datetime,energy_kwh,hour,day_of_week,is_weekend,prev_hour_energy,rolling_3h_avg,rolling_6h_avg,target_next_hour
2023-01-01 05:00:00,238.62,5,6,1,236.91,247.37666666666667,251.015,255.1
2023-01-01 06:00:00,255.1,6,6,1,238.62,243.54333333333332,254.00666666666666,256.51
2023-01-01 07:00:00,256.51,7,6,1,255.1,250.07666666666668,249.90166666666664,237.74
2023-01-01 08:00:00,237.74,8,6,1,256.51,249.78333333333333,248.58,192.64
2023-01-01 09:00:00,192.64,9,6,1,237.74,228.96333333333334,236.25333333333333,236.66
2023-01-01 10:00:00,236.66,10,6,1,192.64,222.34666666666666,236.21166666666667,253.71
2023-01-01 11:00:00,253.71,11,6,1,236.66,227.67,238.7266666666667,240.47
2023-01-01 12:00:00,240.47,12,6,1,253.71,243.61333333333334,236.28833333333333,249.12
2023-01-01 13:00:00,249.12,13,6,1,240.47,247.76666666666668,235.05666666666664,245.41
2023-01-01 14:00:00,245.41,14,6,1,249.12,245.0,236.33499999999995,211.3
2023-01-01 15:00:00,211.3,15,6,1,245.41,235.27666666666664,239.44500000000002,257.66
2023-01-01 16:00:00,257.66,16,6,1,211.3,238.12333333333333,242.94500000000002,228.4
2023-01-01 17:00:00,228.4,17,6,1,257.66,232.45333333333335,238.72666666666666,229.97
2023-01-01 18:00:00,229.97,18,6,1,228.4,238.67666666666665,236.9766666666667,251.82
2023-01-01 19:00:00,251.82,19,6,1,229.97,236.73000000000002,237.42666666666665,225.37
2023-01-01 20:00:00,225.37,20,6,1,251.82,235.72000000000003,234.0866666666667,245.24
2023-01-01 21:00:00,245.24,21,6,1,225.37,240.81000000000003,239.74333333333334,222.88
2023-01-01 22:00:00,222.88,22,6,1,245.24,231.16333333333333,233.9466666666667,236.25
2023-01-01 23:00:00,236.25,23,6,1,222.88,234.79,235.255,152.53
2023-01-02 00:00:00,152.53,0,0,0,236.25,203.88666666666666,222.34833333333333,150.76
2023-01-02 01:00:00,150.76,1,0,0,152.53,179.84666666666666,205.505,143.67
2023-01-02 02:00:00,143.67,2,0,0,150.76,148.98666666666665,191.88833333333332,159.1
2023-01-02 03:00:00,159.1,3,0,0,143.67,151.17666666666665,177.53166666666664,162.43
2023-01-02 04:00:00,162.43,4,0,0,159.1,155.06666666666663,167.45666666666668,178.52
2023-01-02 05:00:00,178.52,5,0,0,162.43,166.68333333333334,157.835,148.52
2023-01-02 06:00:00,148.52,6,0,0,178.52,163.15666666666667,157.16666666666666,481.05
2023-01-02 07:00:00,481.05,7,0,0,148.52,269.36333333333334,212.215,524.15
2023-01-02 08:00:00,524.15,8,0,0,481.05,384.5733333333333,275.62833333333333,807.84
2023-01-02 09:00:00,807.84,9,0,0,524.15,604.3466666666667,383.7516666666667,837.02
2023-01-02 10:00:00,837.02,10,0,0,807.84,723.0033333333332,496.1833333333334,860.09
2023-01-02 11:00:00,860.09,11,0,0,837.02,834.9833333333332,609.7783333333333,835.2
2023-01-02 12:00:00,835.2,12,0,0,860.09,844.1033333333334,724.225,873.91
2023-01-02 13:00:00,873.91,13,0,0,835.2,856.4,789.7016666666667,835.99
2023-01-02 14:00:00,835.99,14,0,0,873.91,848.3666666666667,841.6750000000001,886.51
2023-01-02 15:00:00,886.51,15,0,0,835.99,865.4699999999999,854.7866666666667,885.43
2023-01-02 16:00:00,885.43,16,0,0,886.51,869.3100000000001,862.855,816.79
2023-01-02 17:00:00,816.79,17,0,0,885.43,862.9099999999999,855.6383333333333,835.27
2023-01-02 18:00:00,835.27,18,0,0,816.79,845.8299999999999,855.65,457.57
2023-01-02 19:00:00,457.57,19,0,0,835.27,703.21,786.2599999999999,456.16
2023-01-02 20:00:00,456.16,20,0,0,457.57,583.0,722.955,171.05
2023-01-02 21:00:00,171.05,21,0,0,456.16,361.5933333333333,603.7116666666667,143.68
2023-01-02 22:00:00,143.68,22,0,0,171.05,256.96333333333337,480.08666666666664,150.07
2023-01-02 23:00:00,150.07,23,0,0,143.68,154.93333333333334,368.9666666666667,181.72
2023-01-03 00:00:00,181.72,0,1,0,150.07,158.49,260.0416666666667,140.51
2023-01-03 01:00:00,140.51,1,1,0,181.72,157.4333333333333,207.19833333333335,154.36
2023-01-03 02:00:00,154.36,2,1,0,140.51,158.86333333333334,156.89833333333334,157.66
2023-01-03 03:00:00,157.66,3,1,0,154.36,150.84333333333333,154.66666666666666,167.57
2023-01-03 04:00:00,167.57,4,1,0,157.66,159.86333333333332,158.64833333333334,174.64
2023-01-03 05:00:00,174.64,5,1,0,167.57,166.62333333333333,162.7433333333333,157.93
2023-01-03 06:00:00,157.93,6,1,0,174.64,166.71333333333334,158.77833333333334,456.03
2023-01-03 07:00:00,456.03,7,1,0,157.93,262.8666666666666,211.365,500.2
2023-01-03 08:00:00,500.2,8,1,0,456.03,371.3866666666666,269.00499999999994,857.51
2023-01-03 09:00:00,857.51,9,1,0,500.2,604.5799999999999,385.6466666666667,843.77
2023-01-03 10:00:00,843.77,10,1,0,857.51,733.8266666666667,498.34666666666664,862.64
2023-01-03 11:00:00,862.64,11,1,0,843.77,854.64,613.0133333333333,861.77
2023-01-03 12:00:00,861.77,12,1,0,862.64,856.06,730.32,873.74
2023-01-03 13:00:00,873.74,13,1,0,861.77,866.0499999999998,799.9383333333334,850.99
2023-01-03 14:00:00,850.99,14,1,0,873.74,862.1666666666666,858.4033333333333,881.63
2023-01-03 15:00:00,881.63,15,1,0,850.99,868.7866666666667,862.4233333333333,848.71
2023-01-03 16:00:00,848.71,16,1,0,881.63,860.4433333333333,863.2466666666668,853.12
2023-01-03 17:00:00,853.12,17,1,0,848.71,861.1533333333333,861.66,779.26
2023-01-03 18:00:00,779.26,18,1,0,853.12,827.0300000000001,847.9083333333334,507.29
2023-01-03 19:00:00,507.29,19,1,0,779.26,713.2233333333334,786.8333333333334,473.8
2023-01-03 20:00:00,473.8,20,1,0,507.29,586.7833333333333,723.9683333333334,147.78
2023-01-03 21:00:00,147.78,21,1,0,473.8,376.29,601.66,150.34
2023-01-03 22:00:00,150.34,22,1,0,147.78,257.3066666666667,485.26500000000004,147.82
2023-01-03 23:00:00,147.82,23,1,0,150.34,148.64666666666668,367.715,118.23
2023-01-04 00:00:00,118.23,0,2,0,147.82,138.79666666666665,257.54333333333335,172.79
2023-01-04 01:00:00,172.79,1,2,0,118.23,146.28,201.79333333333332,175.49
2023-01-04 02:00:00,175.49,2,2,0,172.79,155.50333333333333,152.07500000000002,185.57
2023-01-04 03:00:00,185.57,3,2,0,175.49,177.94999999999996,158.37333333333333,174.11
2023-01-04 04:00:00,174.11,4,2,0,185.57,178.39000000000001,162.335,173.12
2023-01-04 05:00:00,173.12,5,2,0,174.11,177.6,166.55166666666668,126.43
2023-01-04 06:00:00,126.43,6,2,0,173.12,157.88666666666668,167.91833333333332,483.66
2023-01-04 07:00:00,483.66,7,2,0,126.43,261.07,219.73000000000002,457.34
2023-01-04 08:00:00,457.34,8,2,0,483.66,355.81,266.705,794.42
2023-01-04 09:00:00,794.42,9,2,0,457.34,578.4733333333332,368.18,855.29
2023-01-04 10:00:00,855.29,10,2,0,794.42,702.3499999999999,481.71000000000004,852.07
2023-01-04 11:00:00,852.07,11,2,0,855.29,833.9266666666666,594.8683333333333,817.01
2023-01-04 12:00:00,817.01,12,2,0,852.07,841.4566666666666,709.965,858.75
2023-01-04 13:00:00,858.75,13,2,0,817.01,842.61,772.48,867.43
2023-01-04 14:00:00,867.43,14,2,0,858.75,847.7299999999999,840.8283333333333,864.77
2023-01-04 15:00:00,864.77,15,2,0,867.43,863.65,852.5533333333333,870.18
2023-01-04 16:00:00,870.18,16,2,0,864.77,867.46,855.035,844.1
2023-01-04 17:00:00,844.1,17,2,0,870.18,859.6833333333334,853.7066666666666,816.24
2023-01-04 18:00:00,816.24,18,2,0,844.1,843.5066666666667,853.5783333333333,484.65
2023-01-04 19:00:00,484.65,19,2,0,816.24,714.9966666666668,791.2283333333334,474.1
2023-01-04 20:00:00,474.1,20,2,0,484.65,591.6633333333333,725.6733333333333,152.77
2023-01-04 21:00:00,152.77,21,2,0,474.1,370.50666666666666,607.0066666666667,168.64
2023-01-04 22:00:00,168.64,22,2,0,152.77,265.17,490.0833333333333,178.68
2023-01-04 23:00:00,178.68,23,2,0,168.64,166.6966666666667,379.18,191.05
2023-01-05 00:00:00,191.05,0,3,0,178.68,179.45666666666668,274.9816666666667,161.87
2023-01-05 01:00:00,161.87,1,3,0,191.05,177.20000000000002,221.18500000000003,165.9
2023-01-05 02:00:00,165.9,2,3,0,161.87,172.93999999999997,169.81833333333336,189.71
2023-01-05 03:00:00,189.71,3,3,0,165.9,172.49333333333334,175.97500000000002,138.26
2023-01-05 04:00:00,138.26,4,3,0,189.71,164.62333333333333,170.91166666666666,176.42
2023-01-05 05:00:00,176.42,5,3,0,138.26,168.13,170.535,144.24
2023-01-05 06:00:00,144.24,6,3,0,176.42,152.97333333333333,162.73333333333335,511.88
2023-01-05 07:00:00,511.88,7,3,0,144.24,277.5133333333333,221.06833333333336,508.12
2023-01-05 08:00:00,508.12,8,3,0,511.88,388.08,278.10499999999996,832.9
2023-01-05 09:00:00,832.9,9,3,0,508.12,617.6333333333333,385.3033333333333,858.19
2023-01-05 10:00:00,858.19,10,3,0,832.9,733.07,505.2916666666667,868.24
2023-01-05 11:00:00,868.24,11,3,0,858.19,853.11,620.595,848.82
2023-01-05 12:00:00,848.82,12,3,0,868.24,858.4166666666666,738.025,888.68
2023-01-05 13:00:00,888.68,13,3,0,848.82,868.5799999999999,800.8250000000002,896.7
2023-01-05 14:00:00,896.7,14,3,0,888.68,878.0666666666667,865.5883333333335,878.83
2023-01-05 15:00:00,878.83,15,3,0,896.7,888.07,873.2433333333333,849.13
2023-01-05 16:00:00,849.13,16,3,0,878.83,874.8866666666668,871.7333333333335,830.5
2023-01-05 17:00:00,830.5,17,3,0,849.13,852.82,865.4433333333333,807.75
2023-01-05 18:00:00,807.75,18,3,0,830.5,829.1266666666667,858.5983333333334,459.48
2023-01-05 19:00:00,459.48,19,3,0,807.75,699.2433333333333,787.0649999999999,493.58
2023-01-05 20:00:00,493.58,20,3,0,459.48,586.9366666666666,719.8783333333332,171.1
2023-01-05 21:00:00,171.1,21,3,0,493.58,374.72,601.9233333333333,157.37
2023-01-05 22:00:00,157.37,22,3,0,171.1,274.01666666666665,486.62999999999994,173.36
2023-01-05 23:00:00,173.36,23,3,0,157.37,167.27666666666667,377.1066666666666,183.27
2023-01-06 00:00:00,183.27,0,4,0,173.36,171.33333333333334,273.0266666666667,139.67
2023-01-06 01:00:00,139.67,1,4,0,183.27,165.4333333333333,219.725,189.41
2023-01-06 02:00:00,189.41,2,4,0,139.67,170.7833333333333,169.03,180.33
2023-01-06 03:00:00,180.33,3,4,0,189.41,169.8033333333333,170.56833333333336,180.12
2023-01-06 04:00:00,180.12,4,4,0,180.33,183.28666666666666,174.36,179.95
2023-01-06 05:00:00,179.95,5,4,0,180.12,180.13333333333333,175.45833333333334,174.29
2023-01-06 06:00:00,174.29,6,4,0,179.95,178.11999999999998,173.96166666666667,480.01
2023-01-06 07:00:00,480.01,7,4,0,174.29,278.0833333333333,230.68499999999997,465.33
2023-01-06 08:00:00,465.33,8,4,0,480.01,373.21000000000004,276.6716666666666,810.25
2023-01-06 09:00:00,810.25,9,4,0,465.33,585.1966666666667,381.6583333333333,830.02
2023-01-06 10:00:00,830.02,10,4,0,810.25,701.8666666666667,489.97499999999997,837.55
2023-01-06 11:00:00,837.55,11,4,0,830.02,825.94,599.5749999999999,904.47
2023-01-06 12:00:00,904.47,12,4,0,837.55,857.3466666666667,721.2716666666666,895.6
2023-01-06 13:00:00,895.6,13,4,0,904.47,879.2066666666666,790.5366666666667,872.57
2023-01-06 14:00:00,872.57,14,4,0,895.6,890.88,858.41,837.79
2023-01-06 15:00:00,837.79,15,4,0,872.57,868.6533333333333,863.0,834.66
2023-01-06 16:00:00,834.66,16,4,0,837.79,848.34,863.7733333333332,837.13
2023-01-06 17:00:00,837.13,17,4,0,834.66,836.5266666666666,863.7033333333334,794.85
2023-01-06 18:00:00,794.85,18,4,0,837.13,822.2133333333333,845.4333333333334,453.65
2023-01-06 19:00:00,453.65,19,4,0,794.85,695.21,771.775,485.34
2023-01-06 20:00:00,485.34,20,4,0,453.65,577.9466666666666,707.2366666666667,156.83
2023-01-06 21:00:00,156.83,21,4,0,485.34,365.2733333333333,593.7433333333333,151.95
2023-01-06 22:00:00,151.95,22,4,0,156.83,264.70666666666665,479.9583333333333,135.1
2023-01-06 23:00:00,135.1,23,4,0,151.95,147.96,362.9533333333334,246.69
2023-01-07 00:00:00,246.69,0,5,1,135.1,177.91333333333333,271.5933333333333,218.55
2023-01-07 01:00:00,218.55,1,5,1,246.69,200.11333333333334,232.40999999999997,235.75
2023-01-07 02:00:00,235.75,2,5,1,218.55,233.66333333333333,190.81166666666664,263.21
2023-01-07 03:00:00,263.21,3,5,1,235.75,239.17,208.54166666666666,264.89
2023-01-07 04:00:00,264.89,4,5,1,263.21,254.61666666666665,227.365,237.44
2023-01-07 05:00:00,237.44,5,5,1,264.89,255.17999999999998,244.42166666666665,178.41
2023-01-07 06:00:00,178.41,6,5,1,237.44,226.91333333333333,233.04166666666666,255.1
2023-01-07 07:00:00,255.1,7,5,1,178.41,223.65,239.13333333333333,221.42
2023-01-07 08:00:00,221.42,8,5,1,255.1,218.30999999999997,236.745,212.13
2023-01-07 09:00:00,212.13,9,5,1,221.42,229.54999999999998,228.23166666666665,254.8
2023-01-07 10:00:00,254.8,10,5,1,212.13,229.45000000000002,226.55000000000004,203.0
2023-01-07 11:00:00,203.0,11,5,1,254.8,223.31000000000003,220.81000000000003,254.25
2023-01-07 12:00:00,254.25,12,5,1,203.0,237.35000000000002,233.45000000000002,258.1
2023-01-07 13:00:00,258.1,13,5,1,254.25,238.45000000000002,233.95000000000002,250.05
2023-01-07 14:00:00,250.05,14,5,1,258.1,254.13333333333335,238.72166666666666,244.19
2023-01-07 15:00:00,244.19,15,5,1,250.05,250.78,244.06500000000003,237.76
2023-01-07 16:00:00,237.76,16,5,1,244.19,244.0,241.225,230.32
2023-01-07 17:00:00,230.32,17,5,1,237.76,237.42333333333332,245.7783333333333,218.36
2023-01-07 18:00:00,218.36,18,5,1,230.32,228.81333333333336,239.79666666666665,287.37
2023-01-07 19:00:00,287.37,19,5,1,218.36,245.35,244.67499999999998,231.11
2023-01-07 20:00:00,231.11,20,5,1,287.37,245.61333333333334,241.51833333333335,221.53
2023-01-07 21:00:00,221.53,21,5,1,231.11,246.67,237.74166666666667,238.14
2023-01-07 22:00:00,238.14,22,5,1,221.53,230.26,237.80499999999998,251.55
2023-01-07 23:00:00,251.55,23,5,1,238.14,237.07333333333335,241.34333333333336,260.42
2023-01-08 00:00:00,260.42,0,6,1,251.55,250.03666666666666,248.35333333333332,235.44
2023-01-08 01:00:00,235.44,1,6,1,260.42,249.13666666666668,239.69833333333335,236.19
2023-01-08 02:00:00,236.19,2,6,1,235.44,244.01666666666665,240.545,223.98
2023-01-08 03:00:00,223.98,3,6,1,236.19,231.87,240.95333333333335,234.88
2023-01-08 04:00:00,234.88,4,6,1,223.98,231.6833333333333,240.41,257.31
2023-01-08 05:00:00,257.31,5,6,1,234.88,238.72333333333336,241.36999999999998,238.76
2023-01-08 06:00:00,238.76,6,6,1,257.31,243.65,237.76,232.66
2023-01-08 07:00:00,232.66,7,6,1,238.76,242.91,237.29666666666665,243.42
2023-01-08 08:00:00,243.42,8,6,1,232.66,238.28,238.50166666666667,224.37
2023-01-08 09:00:00,224.37,9,6,1,243.42,233.48333333333335,238.56666666666663,196.86
2023-01-08 10:00:00,196.86,10,6,1,224.37,221.55000000000004,232.23000000000002,230.27
2023-01-08 11:00:00,230.27,11,6,1,196.86,217.1666666666667,227.72333333333336,180.22
2023-01-08 12:00:00,180.22,12,6,1,230.27,202.45000000000005,217.96666666666667,234.71
2023-01-08 13:00:00,234.71,13,6,1,180.22,215.0666666666667,218.30833333333337,248.23
2023-01-08 14:00:00,248.23,14,6,1,234.71,221.05333333333337,219.10999999999999,259.75
2023-01-08 15:00:00,259.75,15,6,1,248.23,247.56333333333336,225.00666666666666,250.6
2023-01-08 16:00:00,250.6,16,6,1,259.75,252.86,233.96333333333334,240.73
2023-01-08 17:00:00,240.73,17,6,1,250.6,250.36,235.70666666666668,219.49
2023-01-08 18:00:00,219.49,18,6,1,240.73,236.94000000000003,242.25166666666667,218.02
2023-01-08 19:00:00,218.02,19,6,1,219.49,226.08,239.47,235.8
2023-01-08 20:00:00,235.8,20,6,1,218.02,224.4366666666667,237.39833333333334,222.7
2023-01-08 21:00:00,222.7,21,6,1,235.8,225.5066666666667,231.22333333333333,220.76
2023-01-08 22:00:00,220.76,22,6,1,222.7,226.42000000000004,226.25,240.89
2023-01-08 23:00:00,240.89,23,6,1,220.76,228.11666666666667,226.27666666666664,142.97
2023-01-09 00:00:00,142.97,0,0,0,240.89,201.54000000000005,213.5233333333333,123.66
2023-01-09 01:00:00,123.66,1,0,0,142.97,169.17333333333337,197.79666666666665,155.63
2023-01-09 02:00:00,155.63,2,0,0,123.66,140.75333333333336,184.43499999999997,141.01
2023-01-09 03:00:00,141.01,3,0,0,155.63,140.10000000000002,170.81999999999996,170.35
2023-01-09 04:00:00,170.35,4,0,0,141.01,155.66333333333336,162.41833333333332,185.88
2023-01-09 05:00:00,185.88,5,0,0,170.35,165.74666666666667,153.25,175.2
2023-01-09 06:00:00,175.2,6,0,0,185.88,177.14333333333335,158.62166666666664,488.73
2023-01-09 07:00:00,488.73,7,0,0,175.2,283.27000000000004,219.46666666666667,507.31
2023-01-09 08:00:00,507.31,8,0,0,488.73,390.41333333333336,278.08,780.38
2023-01-09 09:00:00,780.38,9,0,0,507.31,592.14,384.6416666666667,815.83
2023-01-09 10:00:00,815.83,10,0,0,780.38,701.1733333333333,492.22166666666675,855.13
2023-01-09 11:00:00,855.13,11,0,0,815.83,817.1133333333333,603.7633333333333,861.37
2023-01-09 12:00:00,861.37,12,0,0,855.13,844.11,718.125,881.69
2023-01-09 13:00:00,881.69,13,0,0,861.37,866.0633333333334,783.6183333333333,871.22
2023-01-09 14:00:00,871.22,14,0,0,881.69,871.4266666666667,844.2700000000001,864.04
2023-01-09 15:00:00,864.04,15,0,0,871.22,872.3166666666667,858.2133333333335,842.88
2023-01-09 16:00:00,842.88,16,0,0,864.04,859.3800000000001,862.7216666666667,842.24
2023-01-09 17:00:00,842.24,17,0,0,842.88,849.7199999999999,860.5733333333334,796.28
2023-01-09 18:00:00,796.28,18,0,0,842.24,827.1333333333333,849.725,453.79
2023-01-09 19:00:00,453.79,19,0,0,796.28,697.4366666666666,778.4083333333333,477.56
2023-01-09 20:00:00,477.56,20,0,0,453.79,575.8766666666667,712.7983333333333,147.82
2023-01-09 21:00:00,147.82,21,0,0,477.56,359.72333333333336,593.4283333333334,188.88
2023-01-09 22:00:00,188.88,22,0,0,147.82,271.4200000000001,484.42833333333334,167.25
2023-01-09 23:00:00,167.25,23,0,0,188.88,167.98333333333338,371.93,185.41
2023-01-10 00:00:00,185.41,0,1,0,167.25,180.51333333333335,270.11833333333334,162.22
2023-01-10 01:00:00,162.22,1,1,0,185.41,171.6266666666667,221.52333333333334,178.42
2023-01-10 02:00:00,178.42,2,1,0,162.22,175.35000000000002,171.66666666666666,175.3
2023-01-10 03:00:00,175.3,3,1,0,178.42,171.98000000000005,176.24666666666667,171.16
2023-01-10 04:00:00,171.16,4,1,0,175.3,174.96000000000004,173.29333333333332,125.21
2023-01-10 05:00:00,125.21,5,1,0,171.16,157.2233333333334,166.28666666666666,163.99
2023-01-10 06:00:00,163.99,6,1,0,125.21,153.45333333333338,162.71666666666667,507.22
2023-01-10 07:00:00,507.22,7,1,0,163.99,265.47333333333336,220.21666666666667,480.27
2023-01-10 08:00:00,480.27,8,1,0,507.22,383.82666666666665,270.52500000000003,823.4
2023-01-10 09:00:00,823.4,9,1,0,480.27,603.63,378.5416666666667,817.76
2023-01-10 10:00:00,817.76,10,1,0,823.4,707.1433333333334,486.30833333333334,845.29
2023-01-10 11:00:00,845.29,11,1,0,817.76,828.8166666666666,606.3216666666666,883.05
2023-01-10 12:00:00,883.05,12,1,0,845.29,848.7000000000002,726.165,850.51
2023-01-10 13:00:00,850.51,13,1,0,883.05,859.6166666666668,783.38,912.23
2023-01-10 14:00:00,912.23,14,1,0,850.51,881.93,855.3733333333334,863.78
2023-01-10 15:00:00,863.78,15,1,0,912.23,875.5066666666668,862.1033333333334,877.69
2023-01-10 16:00:00,877.69,16,1,0,863.78,884.5666666666667,872.0916666666666,815.4
2023-01-10 17:00:00,815.4,17,1,0,877.69,852.2900000000001,867.11,815.04
2023-01-10 18:00:00,815.04,18,1,0,815.4,836.0433333333334,855.7750000000001,471.68
2023-01-10 19:00:00,471.68,19,1,0,815.04,700.7066666666668,792.6366666666667,449.23
2023-01-10 20:00:00,449.23,20,1,0,471.68,578.65,715.4699999999999,151.53
2023-01-10 21:00:00,151.53,21,1,0,449.23,357.4800000000001,596.7616666666667,157.73
2023-01-10 22:00:00,157.73,22,1,0,151.53,252.83000000000007,476.76833333333326,169.6
2023-01-10 23:00:00,169.6,23,1,0,157.73,159.6200000000001,369.135,144.2
2023-01-11 00:00:00,144.2,0,2,0,169.6,157.17666666666673,257.3283333333333,170.39
2023-01-11 01:00:00,170.39,1,2,0,144.2,161.39666666666673,207.11333333333332,154.81
2023-01-11 02:00:00,154.81,2,2,0,170.39,156.46666666666673,158.04333333333332,120.42
2023-01-11 03:00:00,120.42,3,2,0,154.81,148.54000000000008,152.85833333333332,179.69
2023-01-11 04:00:00,179.69,4,2,0,120.42,151.64000000000007,156.51833333333335,181.56
2023-01-11 05:00:00,181.56,5,2,0,179.69,160.55666666666676,158.51166666666666,152.85
2023-01-11 06:00:00,152.85,6,2,0,181.56,171.36666666666676,159.95333333333332,476.25
2023-01-11 07:00:00,476.25,7,2,0,152.85,270.2200000000001,210.92999999999998,469.52
2023-01-11 08:00:00,469.52,8,2,0,476.25,366.20666666666676,263.38166666666666,807.61
2023-01-11 09:00:00,807.61,9,2,0,469.52,584.46,377.91333333333336,815.57
2023-01-11 10:00:00,815.57,10,2,0,807.61,697.5666666666667,483.89333333333326,868.06
2023-01-11 11:00:00,868.06,11,2,0,815.57,830.4133333333334,598.31,866.39
2023-01-11 12:00:00,866.39,12,2,0,868.06,850.0066666666667,717.2333333333332,852.82
2023-01-11 13:00:00,852.82,13,2,0,866.39,862.4233333333335,779.995,892.51
2023-01-11 14:00:00,892.51,14,2,0,852.82,870.5733333333334,850.4933333333335,878.69
2023-01-11 15:00:00,878.69,15,2,0,892.51,874.6733333333335,862.34,814.47
2023-01-11 16:00:00,814.47,16,2,0,878.69,861.89,862.1566666666668,831.08
2023-01-11 17:00:00,831.08,17,2,0,814.47,841.4133333333334,855.9933333333333,811.22
2023-01-11 18:00:00,811.22,18,2,0,831.08,818.9233333333335,846.7983333333335,478.13
2023-01-11 19:00:00,478.13,19,2,0,811.22,706.8100000000001,784.35,470.41
2023-01-11 20:00:00,470.41,20,2,0,478.13,586.5866666666668,714.0,184.57
2023-01-11 21:00:00,184.57,21,2,0,470.41,377.7033333333334,598.3133333333334,146.77
2023-01-11 22:00:00,146.77,22,2,0,184.57,267.25000000000006,487.03,194.86
2023-01-11 23:00:00,194.86,23,2,0,146.77,175.4000000000001,380.99333333333334,145.56
2023-01-12 00:00:00,145.56,0,3,0,194.86,162.39666666666676,270.05,178.8
2023-01-12 01:00:00,178.8,1,3,0,145.56,173.0733333333334,220.16166666666666,196.09
2023-01-12 02:00:00,196.09,2,3,0,178.8,173.48333333333343,174.4416666666667,134.35
2023-01-12 03:00:00,134.35,3,3,0,196.09,169.74666666666675,166.0716666666667,169.56
2023-01-12 04:00:00,169.56,4,3,0,134.35,166.66666666666674,169.87,145.58
2023-01-12 05:00:00,145.58,5,3,0,169.56,149.83000000000007,161.65666666666667,176.03
2023-01-12 06:00:00,176.03,6,3,0,145.58,163.7233333333334,166.73499999999999,508.72
2023-01-12 07:00:00,508.72,7,3,0,176.03,276.77666666666676,221.72166666666666,515.5
2023-01-12 08:00:00,515.5,8,3,0,508.72,400.0833333333334,274.95666666666665,820.53
2023-01-12 09:00:00,820.53,9,3,0,515.5,614.9166666666667,389.32,820.73
2023-01-12 10:00:00,820.73,10,3,0,820.53,718.9200000000001,497.84833333333336,865.87
2023-01-12 11:00:00,865.87,11,3,0,820.73,835.71,617.8966666666666,921.95
2023-01-12 12:00:00,921.95,12,3,0,865.87,869.5166666666668,742.2166666666667,903.99
2023-01-12 13:00:00,903.99,13,3,0,921.95,897.2700000000001,808.0949999999999,923.46
2023-01-12 14:00:00,923.46,14,3,0,903.99,916.4666666666668,876.0883333333335,892.59
2023-01-12 15:00:00,892.59,15,3,0,923.46,906.68,888.0983333333334,827.92
2023-01-12 16:00:00,827.92,16,3,0,892.59,881.3233333333334,889.2966666666666,822.28
2023-01-12 17:00:00,822.28,17,3,0,827.92,847.5966666666668,882.0316666666668,814.63
2023-01-12 18:00:00,814.63,18,3,0,822.28,821.61,864.145,461.71
2023-01-12 19:00:00,461.71,19,3,0,814.63,699.54,790.4316666666665,494.31
2023-01-12 20:00:00,494.31,20,3,0,461.71,590.2166666666668,718.9066666666666,121.97
2023-01-12 21:00:00,121.97,21,3,0,494.31,359.3300000000001,590.4699999999999,159.05
2023-01-12 22:00:00,159.05,22,3,0,121.97,258.4433333333334,478.9916666666666,172.35
2023-01-12 23:00:00,172.35,23,3,0,159.05,151.12333333333342,370.67,123.42
2023-01-13 00:00:00,123.42,0,4,0,172.35,151.60666666666674,255.46833333333333,171.63
2023-01-13 01:00:00,171.63,1,4,0,123.42,155.80000000000007,207.12166666666667,178.75
2023-01-13 02:00:00,178.75,2,4,0,171.63,157.93333333333342,154.52833333333334,179.38
2023-01-13 03:00:00,179.38,3,4,0,178.75,176.58666666666673,164.09666666666666,127.92
2023-01-13 04:00:00,127.92,4,4,0,179.38,162.01666666666674,158.90833333333333,132.28
2023-01-13 05:00:00,132.28,5,4,0,127.92,146.52666666666673,152.23,183.73
2023-01-13 06:00:00,183.73,6,4,0,132.28,147.97666666666672,162.28166666666667,503.76
2023-01-13 07:00:00,503.76,7,4,0,183.73,273.2566666666667,217.63666666666666,459.88
2023-01-13 08:00:00,459.88,8,4,0,503.76,382.4566666666667,264.4916666666666,774.45
2023-01-13 09:00:00,774.45,9,4,0,459.88,579.3633333333333,363.67,847.77
2023-01-13 10:00:00,847.77,10,4,0,774.45,694.0333333333334,483.645,813.39
2023-01-13 11:00:00,813.39,11,4,0,847.77,811.87,597.1633333333334,883.64
2023-01-13 12:00:00,883.64,12,4,0,813.39,848.2666666666668,713.815,846.89
2023-01-13 13:00:00,846.89,13,4,0,883.64,847.9733333333334,771.0033333333334,851.11
2023-01-13 14:00:00,851.11,14,4,0,846.89,860.5466666666667,836.2083333333334,872.11
2023-01-13 15:00:00,872.11,15,4,0,851.11,856.7033333333334,852.485,865.66
2023-01-13 16:00:00,865.66,16,4,0,872.11,862.96,855.4666666666666,842.14
2023-01-13 17:00:00,842.14,17,4,0,865.66,859.9699999999999,860.2583333333333,803.67
2023-01-13 18:00:00,803.67,18,4,0,842.14,837.1566666666668,846.93,463.4
2023-01-13 19:00:00,463.4,19,4,0,803.67,703.07,783.015,464.53
2023-01-13 20:00:00,464.53,20,4,0,463.4,577.1999999999999,718.585,165.34
2023-01-13 21:00:00,165.34,21,4,0,464.53,364.42333333333335,600.7900000000001,174.28
2023-01-13 22:00:00,174.28,22,4,0,165.34,268.05,485.55999999999995,142.59
2023-01-13 23:00:00,142.59,23,4,0,174.28,160.7366666666667,368.9683333333333,226.57
2023-01-14 00:00:00,226.57,0,5,1,142.59,181.14666666666668,272.78499999999997,228.29
2023-01-14 01:00:00,228.29,1,5,1,226.57,199.15,233.6,241.29
2023-01-14 02:00:00,241.29,2,5,1,228.29,232.05000000000004,196.39333333333332,221.33
2023-01-14 03:00:00,221.33,3,5,1,241.29,230.30333333333337,205.725,239.84
2023-01-14 04:00:00,239.84,4,5,1,221.33,234.1533333333334,216.65166666666667,244.29
2023-01-14 05:00:00,244.29,5,5,1,239.84,235.1533333333334,233.6016666666667,250.34
2023-01-14 06:00:00,250.34,6,5,1,244.29,244.82333333333338,237.5633333333333,249.22
2023-01-14 07:00:00,249.22,7,5,1,250.34,247.95000000000005,241.05166666666665,215.05
2023-01-14 08:00:00,215.05,8,5,1,249.22,238.20333333333338,236.6783333333333,241.31
2023-01-14 09:00:00,241.31,9,5,1,215.05,235.19333333333338,240.00833333333335,248.98
2023-01-14 10:00:00,248.98,10,5,1,241.31,235.11333333333337,241.53166666666664,226.33
2023-01-14 11:00:00,226.33,11,5,1,248.98,238.87333333333336,238.53833333333333,232.21
2023-01-14 12:00:00,232.21,12,5,1,226.33,235.84000000000003,235.51666666666668,268.0
2023-01-14 13:00:00,268.0,13,5,1,232.21,242.18000000000004,238.64666666666668,200.67
2023-01-14 14:00:00,200.67,14,5,1,268.0,233.6266666666667,236.25,283.43
2023-01-14 15:00:00,283.43,15,5,1,200.67,250.70000000000002,243.27,264.46
2023-01-14 16:00:00,264.46,16,5,1,283.43,249.51999999999998,245.85000000000002,234.01
2023-01-14 17:00:00,234.01,17,5,1,264.46,260.6333333333334,247.13,272.63
2023-01-14 18:00:00,272.63,18,5,1,234.01,257.0333333333333,253.86666666666665,220.85
2023-01-14 19:00:00,220.85,19,5,1,272.63,242.49666666666667,246.00833333333333,250.61
2023-01-14 20:00:00,250.61,20,5,1,220.85,248.03,254.33166666666668,212.28
2023-01-14 21:00:00,212.28,21,5,1,250.61,227.91333333333333,242.47333333333333,271.62
2023-01-14 22:00:00,271.62,22,5,1,212.28,244.83666666666667,243.66666666666666,227.34
2023-01-14 23:00:00,227.34,23,5,1,271.62,237.08,242.55499999999998,257.49
2023-01-15 00:00:00,257.49,0,6,1,227.34,252.15,240.03166666666667,244.44
2023-01-15 01:00:00,244.44,1,6,1,257.49,243.09,243.96333333333334,232.77
2023-01-15 02:00:00,232.77,2,6,1,244.44,244.9,240.99,229.38
2023-01-15 03:00:00,229.38,3,6,1,232.77,235.53,243.84,290.98
2023-01-15 04:00:00,290.98,4,6,1,229.38,251.04333333333338,247.0666666666667,226.83
2023-01-15 05:00:00,226.83,5,6,1,290.98,249.06333333333336,246.98166666666668,250.92
2023-01-15 06:00:00,250.92,6,6,1,226.83,256.24333333333334,245.88666666666668,253.92
2023-01-15 07:00:00,253.92,7,6,1,250.92,243.89000000000001,247.46666666666667,263.35
2023-01-15 08:00:00,263.35,8,6,1,253.92,256.06333333333333,252.56333333333336,262.48
2023-01-15 09:00:00,262.48,9,6,1,263.35,259.9166666666667,258.08,218.26
2023-01-15 10:00:00,218.26,10,6,1,262.48,248.03000000000006,245.96000000000004,240.18
2023-01-15 11:00:00,240.18,11,6,1,218.26,240.3066666666667,248.18499999999997,253.86
2023-01-15 12:00:00,253.86,12,6,1,240.18,237.4333333333334,248.67500000000004,246.58
2023-01-15 13:00:00,246.58,13,6,1,253.86,246.87333333333336,247.45166666666668,226.6
2023-01-15 14:00:00,226.6,14,6,1,246.58,242.34666666666672,241.32666666666668,231.09
2023-01-15 15:00:00,231.09,15,6,1,226.6,234.7566666666667,236.09500000000003,239.29
2023-01-15 16:00:00,239.29,16,6,1,231.09,232.32666666666668,239.6,217.74
2023-01-15 17:00:00,217.74,17,6,1,239.29,229.37333333333336,235.86,239.64
2023-01-15 18:00:00,239.64,18,6,1,217.74,232.22333333333336,233.49,252.18
2023-01-15 19:00:00,252.18,19,6,1,239.64,236.52000000000007,234.42333333333332,251.25
2023-01-15 20:00:00,251.25,20,6,1,252.18,247.69000000000005,238.53166666666667,250.58
2023-01-15 21:00:00,250.58,21,6,1,251.25,251.3366666666667,241.78,222.47
2023-01-15 22:00:00,222.47,22,6,1,250.58,241.4333333333334,238.9766666666667,207.67
2023-01-15 23:00:00,207.67,23,6,1,222.47,226.90666666666672,237.29833333333332,167.18
2023-01-16 00:00:00,167.18,0,0,0,207.67,199.10666666666668,225.2216666666667,145.94
2023-01-16 01:00:00,145.94,1,0,0,167.18,173.5966666666667,207.51500000000001,168.11
2023-01-16 02:00:00,168.11,2,0,0,145.94,160.41000000000005,193.65833333333333,191.87
2023-01-16 03:00:00,191.87,3,0,0,168.11,168.64000000000001,183.87333333333333,164.17
2023-01-16 04:00:00,164.17,4,0,0,191.87,174.7166666666667,174.15666666666667,155.78
2023-01-16 05:00:00,155.78,5,0,0,164.17,170.6066666666667,165.50833333333335,145.46
2023-01-16 06:00:00,145.46,6,0,0,155.78,155.1366666666667,161.88833333333332,461.32
2023-01-16 07:00:00,461.32,7,0,0,145.46,254.18666666666672,214.45166666666668,505.94
2023-01-16 08:00:00,505.94,8,0,0,461.32,370.90666666666675,270.75666666666666,751.46
2023-01-16 09:00:00,751.46,9,0,0,505.94,572.9066666666668,364.0216666666667,823.78
2023-01-16 10:00:00,823.78,10,0,0,751.46,693.7266666666668,473.95666666666665,875.45
2023-01-16 11:00:00,875.45,11,0,0,823.78,816.8966666666666,593.9016666666668,849.17
2023-01-16 12:00:00,849.17,12,0,0,875.45,849.4666666666667,711.1866666666666,877.62
2023-01-16 13:00:00,877.62,13,0,0,849.17,867.4133333333334,780.57,873.47
2023-01-16 14:00:00,873.47,14,0,0,877.62,866.7533333333334,841.8250000000002,880.88
2023-01-16 15:00:00,880.88,15,0,0,873.47,877.3233333333334,863.395,880.5
2023-01-16 16:00:00,880.5,16,0,0,880.88,878.2833333333334,872.8483333333334,818.78
2023-01-16 17:00:00,818.78,17,0,0,880.5,860.0533333333333,863.4033333333333,779.99
2023-01-16 18:00:00,779.99,18,0,0,818.78,826.4233333333333,851.8733333333333,467.13
2023-01-16 19:00:00,467.13,19,0,0,779.99,688.6333333333333,783.4583333333334,519.25
2023-01-16 20:00:00,519.25,20,0,0,467.13,588.7900000000001,724.4216666666666,199.6
2023-01-16 21:00:00,199.6,21,0,0,519.25,395.32666666666665,610.875,168.57
2023-01-16 22:00:00,168.57,22,0,0,199.6,295.8066666666667,492.22,172.42
2023-01-16 23:00:00,172.42,23,0,0,168.57,180.19666666666672,384.49333333333334,147.51
2023-01-17 00:00:00,147.51,0,1,0,172.42,162.83333333333334,279.08,180.38
2023-01-17 01:00:00,180.38,1,1,0,147.51,166.77,231.28833333333333,155.07
2023-01-17 02:00:00,155.07,2,1,0,180.38,160.9866666666667,170.59166666666667,143.14
2023-01-17 03:00:00,143.14,3,1,0,155.07,159.53000000000003,161.18166666666664,165.1
2023-01-17 04:00:00,165.1,4,1,0,143.14,154.4366666666667,160.60333333333332,154.04
2023-01-17 05:00:00,154.04,5,1,0,165.1,154.09333333333336,157.54,164.38
2023-01-17 06:00:00,164.38,6,1,0,154.04,161.17333333333337,160.35166666666666,479.47
2023-01-17 07:00:00,479.47,7,1,0,164.38,265.96333333333337,210.20000000000002,487.1
2023-01-17 08:00:00,487.1,8,1,0,479.47,376.9833333333334,265.53833333333336,802.62
2023-01-17 09:00:00,802.62,9,1,0,487.1,589.73,375.45166666666665,864.95
2023-01-17 10:00:00,864.95,10,1,0,802.62,718.2233333333334,492.0933333333334,866.48
2023-01-17 11:00:00,866.48,11,1,0,864.95,844.6833333333334,610.8333333333334,862.72
2023-01-17 12:00:00,862.72,12,1,0,866.48,864.7166666666667,727.2233333333334,889.52
2023-01-17 13:00:00,889.52,13,1,0,862.72,872.9066666666668,795.5649999999999,867.23
2023-01-17 14:00:00,867.23,14,1,0,889.52,873.1566666666668,858.9200000000001,869.25
2023-01-17 15:00:00,869.25,15,1,0,867.23,875.3333333333334,870.025,831.4
2023-01-17 16:00:00,831.4,16,1,0,869.25,855.96,864.4333333333333,806.97
2023-01-17 17:00:00,806.97,17,1,0,831.4,835.8733333333333,854.515,802.97
2023-01-17 18:00:00,802.97,18,1,0,806.97,813.7800000000001,844.5566666666667,451.89
2023-01-17 19:00:00,451.89,19,1,0,802.97,687.2766666666666,771.6183333333332,482.88
2023-01-17 20:00:00,482.88,20,1,0,451.89,579.2466666666668,707.56,152.47
2023-01-17 21:00:00,152.47,21,1,0,482.88,362.41333333333336,588.0966666666667,161.04
2023-01-17 22:00:00,161.04,22,1,0,152.47,265.46333333333337,476.36999999999995,174.41
2023-01-17 23:00:00,174.41,23,1,0,161.04,162.64000000000001,370.9433333333334,180.23
2023-01-18 00:00:00,180.23,0,2,0,174.41,171.89333333333335,267.1533333333333,168.29
2023-01-18 01:00:00,168.29,1,2,0,180.23,174.31000000000003,219.88666666666666,142.72
2023-01-18 02:00:00,142.72,2,2,0,168.29,163.7466666666667,163.19333333333333,172.84
2023-01-18 03:00:00,172.84,3,2,0,142.72,161.2833333333334,166.58833333333334,189.42
2023-01-18 04:00:00,189.42,4,2,0,172.84,168.3266666666667,171.3183333333333,166.43
2023-01-18 05:00:00,166.43,5,2,0,189.42,176.23000000000002,169.98833333333334,122.41
2023-01-18 06:00:00,122.41,6,2,0,166.43,159.42000000000004,160.35166666666666,455.02
2023-01-18 07:00:00,455.02,7,2,0,122.41,247.95333333333338,208.14000000000001,486.77
2023-01-18 08:00:00,486.77,8,2,0,455.02,354.73333333333335,265.4816666666666,794.02
2023-01-18 09:00:00,794.02,9,2,0,486.77,578.6033333333334,369.0116666666667,873.17
2023-01-18 10:00:00,873.17,10,2,0,794.02,717.9866666666667,482.96999999999997,841.83
2023-01-18 11:00:00,841.83,11,2,0,873.17,836.34,595.5366666666667,864.73
2023-01-18 12:00:00,864.73,12,2,0,841.83,859.91,719.2566666666667,889.9
2023-01-18 13:00:00,889.9,13,2,0,864.73,865.4866666666667,791.7366666666667,831.05
2023-01-18 14:00:00,831.05,14,2,0,889.9,861.8933333333334,849.1166666666668,887.02
2023-01-18 15:00:00,887.02,15,2,0,831.05,869.3233333333334,864.6166666666667,846.44
2023-01-18 16:00:00,846.44,16,2,0,887.02,854.8366666666667,860.1616666666665,799.14
2023-01-18 17:00:00,799.14,17,2,0,846.44,844.2000000000002,853.0466666666666,791.76
2023-01-18 18:00:00,791.76,18,2,0,799.14,812.4466666666667,840.8850000000001,503.39
2023-01-18 19:00:00,503.39,19,2,0,791.76,698.0966666666667,776.4666666666666,485.74
2023-01-18 20:00:00,485.74,20,2,0,503.39,593.63,718.915,105.27
2023-01-18 21:00:00,105.27,21,2,0,485.74,364.8,588.6233333333333,169.08
2023-01-18 22:00:00,169.08,22,2,0,105.27,253.36333333333337,475.73,153.82
2023-01-18 23:00:00,153.82,23,2,0,169.08,142.7233333333334,368.1766666666667,164.29
2023-01-19 00:00:00,164.29,0,3,0,153.82,162.39666666666673,263.5983333333333,134.46
2023-01-19 01:00:00,134.46,1,3,0,164.29,150.8566666666667,202.11,179.99
2023-01-19 02:00:00,179.99,2,3,0,134.46,159.58000000000004,151.15166666666667,179.71
2023-01-19 03:00:00,179.71,3,3,0,179.99,164.72000000000006,163.55833333333334,162.89
2023-01-19 04:00:00,162.89,4,3,0,179.71,174.19666666666672,162.52666666666667,160.28
2023-01-19 05:00:00,160.28,5,3,0,162.89,167.6266666666667,163.60333333333332,182.7
2023-01-19 06:00:00,182.7,6,3,0,160.28,168.62333333333336,166.67166666666665,489.8
2023-01-19 07:00:00,489.8,7,3,0,182.7,277.5933333333334,225.89499999999998,474.86
2023-01-19 08:00:00,474.86,8,3,0,489.8,382.4533333333334,275.04,796.44
2023-01-19 09:00:00,796.44,9,3,0,474.86,587.0333333333334,377.8283333333334,836.85
2023-01-19 10:00:00,836.85,10,3,0,796.44,702.7166666666667,490.15500000000003,888.34
2023-01-19 11:00:00,888.34,11,3,0,836.85,840.5433333333334,611.4983333333333,860.03
2023-01-19 12:00:00,860.03,12,3,0,888.34,861.7400000000001,724.3866666666667,870.21
2023-01-19 13:00:00,870.21,13,3,0,860.03,872.86,787.7883333333333,894.98
2023-01-19 14:00:00,894.98,14,3,0,870.21,875.0733333333334,857.8083333333334,858.88
2023-01-19 15:00:00,858.88,15,3,0,894.98,874.69,868.215,833.02
2023-01-19 16:00:00,833.02,16,3,0,858.88,862.2933333333334,867.5766666666667,806.41
2023-01-19 17:00:00,806.41,17,3,0,833.02,832.77,853.9216666666667,829.14
2023-01-19 18:00:00,829.14,18,3,0,806.41,822.8566666666666,848.7733333333332,463.01
2023-01-19 19:00:00,463.01,19,3,0,829.14,699.52,780.9066666666668,475.48
2023-01-19 20:00:00,475.48,20,3,0,463.01,589.21,710.9899999999999,130.33
2023-01-19 21:00:00,130.33,21,3,0,475.48,356.2733333333333,589.5649999999999,158.51
2023-01-19 22:00:00,158.51,22,3,0,130.33,254.77333333333334,477.1466666666666,152.03
2023-01-19 23:00:00,152.03,23,3,0,158.51,146.95666666666668,368.0833333333333,156.65
2023-01-20 00:00:00,156.65,0,4,0,152.03,155.73,256.0016666666667,151.6
2023-01-20 01:00:00,151.6,1,4,0,156.65,153.42666666666665,204.1,160.76
2023-01-20 02:00:00,160.76,2,4,0,151.6,156.33666666666667,151.64666666666668,156.42
2023-01-20 03:00:00,156.42,3,4,0,160.76,156.26,155.99499999999998,155.95
2023-01-20 04:00:00,155.95,4,4,0,156.42,157.71,155.56833333333333,146.14
2023-01-20 05:00:00,146.14,5,4,0,155.95,152.83666666666667,154.58666666666667,146.56
2023-01-20 06:00:00,146.56,6,4,0,146.14,149.54999999999998,152.905,497.09
2023-01-20 07:00:00,497.09,7,4,0,146.56,263.2633333333333,210.48666666666668,477.52
2023-01-20 08:00:00,477.52,8,4,0,497.09,373.72333333333336,263.28,823.86
2023-01-20 09:00:00,823.86,9,4,0,477.52,599.49,374.52,818.92
2023-01-20 10:00:00,818.92,10,4,0,823.86,706.7666666666668,485.01500000000004,840.18
2023-01-20 11:00:00,840.18,11,4,0,818.92,827.6533333333333,600.6883333333334,890.56
2023-01-20 12:00:00,890.56,12,4,0,840.18,849.8866666666667,724.6883333333332,875.95
2023-01-20 13:00:00,875.95,13,4,0,890.56,868.8966666666665,787.8316666666666,873.0
2023-01-20 14:00:00,873.0,14,4,0,875.95,879.8366666666667,853.7449999999999,862.35
2023-01-20 15:00:00,862.35,15,4,0,873.0,870.4333333333334,860.16,879.43
2023-01-20 16:00:00,879.43,16,4,0,862.35,871.5933333333332,870.2449999999999,828.5
2023-01-20 17:00:00,828.5,17,4,0,879.43,856.7599999999999,868.2983333333332,813.05
2023-01-20 18:00:00,813.05,18,4,0,828.5,840.3266666666667,855.38,501.99
2023-01-20 19:00:00,501.99,19,4,0,813.05,714.5133333333333,793.0533333333333,488.75
2023-01-20 20:00:00,488.75,20,4,0,501.99,601.2633333333333,729.0116666666667,139.0
2023-01-20 21:00:00,139.0,21,4,0,488.75,376.58,608.4533333333333,167.71
2023-01-20 22:00:00,167.71,22,4,0,139.0,265.15333333333336,489.8333333333333,186.13
2023-01-20 23:00:00,186.13,23,4,0,167.71,164.28,382.7716666666667,257.6
2023-01-21 00:00:00,257.6,0,5,1,186.13,203.81333333333336,290.19666666666666,244.75
2023-01-21 01:00:00,244.75,1,5,1,257.6,229.49333333333334,247.32333333333335,229.93
2023-01-21 02:00:00,229.93,2,5,1,244.75,244.09333333333333,204.1866666666667,258.51
2023-01-21 03:00:00,258.51,3,5,1,229.93,244.39666666666668,224.10500000000002,203.34
2023-01-21 04:00:00,203.34,4,5,1,258.51,230.59333333333333,230.04333333333332,261.86
2023-01-21 05:00:00,261.86,5,5,1,203.34,241.23666666666668,242.66500000000005,265.67
2023-01-21 06:00:00,265.67,6,5,1,261.86,243.62333333333333,244.01,222.81
2023-01-21 07:00:00,222.81,7,5,1,265.67,250.11333333333332,240.35333333333332,242.18
2023-01-21 08:00:00,242.18,8,5,1,222.81,243.5533333333333,242.39499999999998,204.53
2023-01-21 09:00:00,204.53,9,5,1,242.18,223.17333333333332,233.3983333333333,239.04
2023-01-21 10:00:00,239.04,10,5,1,204.53,228.58333333333334,239.34833333333336,228.17
2023-01-21 11:00:00,228.17,11,5,1,239.04,223.9133333333333,233.73333333333332,213.79
2023-01-21 12:00:00,213.79,12,5,1,228.17,227.0,225.08666666666667,245.38
2023-01-21 13:00:00,245.38,13,5,1,213.79,229.11333333333332,228.84833333333336,272.98
2023-01-21 14:00:00,272.98,14,5,1,245.38,244.04999999999998,233.98166666666668,259.19
2023-01-21 15:00:00,259.19,15,5,1,272.98,259.18333333333334,243.0916666666667,231.98
2023-01-21 16:00:00,231.98,16,5,1,259.19,254.71666666666667,241.915,269.41
2023-01-21 17:00:00,269.41,17,5,1,231.98,253.52666666666664,248.78833333333333,258.72
2023-01-21 18:00:00,258.72,18,5,1,269.41,253.37,256.2766666666667,281.04
2023-01-21 19:00:00,281.04,19,5,1,258.72,269.72333333333336,262.21999999999997,234.69
2023-01-21 20:00:00,234.69,20,5,1,281.04,258.15000000000003,255.83833333333334,259.45
2023-01-21 21:00:00,259.45,21,5,1,234.69,258.3933333333334,255.8816666666667,278.49
2023-01-21 22:00:00,278.49,22,5,1,259.45,257.54333333333335,263.6333333333334,202.29
2023-01-21 23:00:00,202.29,23,5,1,278.49,246.74333333333334,252.4466666666667,255.35
2023-01-22 00:00:00,255.35,0,6,1,202.29,245.37666666666667,251.885,218.57
2023-01-22 01:00:00,218.57,1,6,1,255.35,225.40333333333334,241.47333333333336,227.7
2023-01-22 02:00:00,227.7,2,6,1,218.57,233.87333333333333,240.3083333333333,241.71
2023-01-22 03:00:00,241.71,3,6,1,227.7,229.32666666666668,237.35166666666666,246.96
2023-01-22 04:00:00,246.96,4,6,1,241.71,238.79,232.09666666666666,274.79
2023-01-22 05:00:00,274.79,5,6,1,246.96,254.48666666666668,244.17999999999998,244.18
2023-01-22 06:00:00,244.18,6,6,1,274.79,255.31000000000003,242.31833333333336,240.28
2023-01-22 07:00:00,240.28,7,6,1,244.18,253.08333333333334,245.9366666666667,227.32
2023-01-22 08:00:00,227.32,8,6,1,240.28,237.26,245.87333333333333,218.97
2023-01-22 09:00:00,218.97,9,6,1,227.32,228.85666666666665,242.08333333333334,217.09
2023-01-22 10:00:00,217.09,10,6,1,218.97,221.12666666666667,237.10500000000002,257.32
2023-01-22 11:00:00,257.32,11,6,1,217.09,231.12666666666667,234.19333333333336,222.91
2023-01-22 12:00:00,222.91,12,6,1,257.32,232.44000000000003,230.64833333333334,272.72
2023-01-22 13:00:00,272.72,13,6,1,222.91,250.98333333333335,236.05499999999998,253.0
2023-01-22 14:00:00,253.0,14,6,1,272.72,249.54333333333338,240.33500000000004,265.95
2023-01-22 15:00:00,265.95,15,6,1,253.0,263.89000000000004,248.165,236.8
2023-01-22 16:00:00,236.8,16,6,1,265.95,251.9166666666667,251.44999999999996,270.41
2023-01-22 17:00:00,270.41,17,6,1,236.8,257.72,253.63166666666666,233.36
2023-01-22 18:00:00,233.36,18,6,1,270.41,246.8566666666667,255.37333333333333,240.25
2023-01-22 19:00:00,240.25,19,6,1,233.36,248.00666666666675,249.96166666666667,211.16
2023-01-22 20:00:00,211.16,20,6,1,240.25,228.2566666666667,242.98833333333332,212.67
2023-01-22 21:00:00,212.67,21,6,1,211.16,221.36000000000004,234.10833333333335,227.48
2023-01-22 22:00:00,227.48,22,6,1,212.67,217.10333333333335,232.55499999999998,248.76
2023-01-22 23:00:00,248.76,23,6,1,227.48,229.63666666666668,228.9466666666667,167.63
2023-01-23 00:00:00,167.63,0,0,0,248.76,214.62333333333336,217.99166666666665,175.43
2023-01-23 01:00:00,175.43,1,0,0,167.63,197.27333333333334,207.1883333333333,165.45
2023-01-23 02:00:00,165.45,2,0,0,175.43,169.50333333333336,199.57000000000002,127.61
2023-01-23 03:00:00,127.61,3,0,0,165.45,156.16333333333336,185.39333333333332,149.4
2023-01-23 04:00:00,149.4,4,0,0,127.61,147.4866666666667,172.38,151.2
2023-01-23 05:00:00,151.2,5,0,0,149.4,142.7366666666667,156.12,169.44
2023-01-23 06:00:00,169.44,6,0,0,151.2,156.68000000000004,156.42166666666665,496.37
2023-01-23 07:00:00,496.37,7,0,0,169.44,272.3366666666667,209.91166666666666,465.42
2023-01-23 08:00:00,465.42,8,0,0,496.37,377.07666666666677,259.9066666666667,770.34
2023-01-23 09:00:00,770.34,9,0,0,465.42,577.3766666666667,367.02833333333336,836.58
2023-01-23 10:00:00,836.58,10,0,0,770.34,690.7800000000001,481.55833333333334,878.96
2023-01-23 11:00:00,878.96,11,0,0,836.58,828.6266666666667,602.8516666666667,897.08
2023-01-23 12:00:00,897.08,12,0,0,878.96,870.8733333333333,724.125,872.08
2023-01-23 13:00:00,872.08,13,0,0,897.08,882.7066666666668,786.7433333333333,875.01
2023-01-23 14:00:00,875.01,14,0,0,872.08,881.39,855.0083333333333,857.12
2023-01-23 15:00:00,857.12,15,0,0,875.01,868.07,869.4716666666667,876.42
2023-01-23 16:00:00,876.42,16,0,0,857.12,869.5166666666668,876.1116666666667,824.32
2023-01-23 17:00:00,824.32,17,0,0,876.42,852.6199999999999,867.0050000000001,814.13
2023-01-23 18:00:00,814.13,18,0,0,824.32,838.29,853.18,480.74
2023-01-23 19:00:00,480.74,19,0,0,814.13,706.3966666666666,787.9566666666668,498.49
2023-01-23 20:00:00,498.49,20,0,0,480.74,597.7866666666667,725.2033333333334,193.45
2023-01-23 21:00:00,193.45,21,0,0,498.49,390.8933333333334,614.5916666666667,156.85
2023-01-23 22:00:00,156.85,22,0,0,193.45,282.93,494.66333333333336,165.23
2023-01-23 23:00:00,165.23,23,0,0,156.85,171.84333333333333,384.815,159.52
2023-01-24 00:00:00,159.52,0,1,0,165.23,160.53333333333333,275.7133333333333,156.78
2023-01-24 01:00:00,156.78,1,1,0,159.52,160.51,221.72,146.22
2023-01-24 02:00:00,146.22,2,1,0,156.78,154.17333333333332,163.00833333333333,135.09
2023-01-24 03:00:00,135.09,3,1,0,146.22,146.03,153.28166666666667,110.08
2023-01-24 04:00:00,110.08,4,1,0,135.09,130.46333333333334,145.48666666666668,160.08
2023-01-24 05:00:00,160.08,5,1,0,110.08,135.08333333333334,144.62833333333333,157.11
2023-01-24 06:00:00,157.11,6,1,0,160.08,142.42333333333332,144.2266666666667,495.85
2023-01-24 07:00:00,495.85,7,1,0,157.11,271.0133333333333,200.73833333333334,473.96
2023-01-24 08:00:00,473.96,8,1,0,495.85,375.64000000000004,255.36166666666668,764.76
2023-01-24 09:00:00,764.76,9,1,0,473.96,578.1899999999999,360.3066666666667,840.74
2023-01-24 10:00:00,840.74,10,1,0,764.76,693.1533333333333,482.0833333333333,898.5
2023-01-24 11:00:00,898.5,11,1,0,840.74,834.6666666666666,605.1533333333333,860.91
2023-01-24 12:00:00,860.91,12,1,0,898.5,866.7166666666667,722.4533333333334,894.71
2023-01-24 13:00:00,894.71,13,1,0,860.91,884.7066666666666,788.93,900.95
2023-01-24 14:00:00,900.95,14,1,0,894.71,885.5233333333334,860.0949999999999,847.67
2023-01-24 15:00:00,847.67,15,1,0,900.95,881.11,873.9133333333333,832.34
2023-01-24 16:00:00,832.34,16,1,0,847.67,860.32,872.5133333333333,837.98
2023-01-24 17:00:00,837.98,17,1,0,832.34,839.3299999999999,862.4266666666667,785.92
2023-01-24 18:00:00,785.92,18,1,0,837.98,818.7466666666666,849.9283333333333,451.92
2023-01-24 19:00:00,451.92,19,1,0,785.92,691.9399999999999,776.13,485.68
2023-01-24 20:00:00,485.68,20,1,0,451.92,574.5066666666667,706.9183333333334,205.22
2023-01-24 21:00:00,205.22,21,1,0,485.68,380.94,599.8433333333334,128.26
2023-01-24 22:00:00,128.26,22,1,0,205.22,273.05333333333334,482.49666666666667,142.21
2023-01-24 23:00:00,142.21,23,1,0,128.26,158.56333333333333,366.535,169.06
2023-01-25 00:00:00,169.06,0,2,0,142.21,146.51000000000002,263.72499999999997,147.11
2023-01-25 01:00:00,147.11,1,2,0,169.06,152.79333333333332,212.92333333333332,150.68
2023-01-25 02:00:00,150.68,2,2,0,147.11,155.61666666666667,157.09,154.44
2023-01-25 03:00:00,154.44,3,2,0,150.68,150.74333333333334,148.62666666666667,150.96
2023-01-25 04:00:00,150.96,4,2,0,154.44,152.02666666666667,152.41,154.32
2023-01-25 05:00:00,154.32,5,2,0,150.96,153.24,154.4283333333333,147.24
2023-01-25 06:00:00,147.24,6,2,0,154.32,150.84,150.79166666666666,495.46
2023-01-25 07:00:00,495.46,7,2,0,147.24,265.67333333333335,208.85,471.13
2023-01-25 08:00:00,471.13,8,2,0,495.46,371.27666666666664,262.2583333333333,785.81
2023-01-25 09:00:00,785.81,9,2,0,471.13,584.1333333333333,367.4866666666667,830.96
2023-01-25 10:00:00,830.96,10,2,0,785.81,695.9666666666667,480.82,865.07
2023-01-25 11:00:00,865.07,11,2,0,830.96,827.2800000000001,599.2783333333333,875.65
2023-01-25 12:00:00,875.65,12,2,0,865.07,857.2266666666666,720.68,888.33
2023-01-25 13:00:00,888.33,13,2,0,875.65,876.35,786.1583333333333,903.63
2023-01-25 14:00:00,903.63,14,2,0,888.33,889.2033333333334,858.2416666666667,827.98
2023-01-25 15:00:00,827.98,15,2,0,903.63,873.3133333333334,865.27,826.58
2023-01-25 16:00:00,826.58,16,2,0,827.98,852.73,864.54,807.69
2023-01-25 17:00:00,807.69,17,2,0,826.58,820.75,854.9766666666666,774.01
2023-01-25 18:00:00,774.01,18,2,0,807.69,802.7599999999999,838.0366666666667,481.92
2023-01-25 19:00:00,481.92,19,2,0,774.01,687.8733333333333,770.3016666666667,480.58
2023-01-25 20:00:00,480.58,20,2,0,481.92,578.8366666666667,699.7933333333334,183.01
2023-01-25 21:00:00,183.01,21,2,0,480.58,381.83666666666664,592.2983333333333,156.45
2023-01-25 22:00:00,156.45,22,2,0,183.01,273.34666666666664,480.60999999999996,135.69
2023-01-25 23:00:00,135.69,23,2,0,156.45,158.38333333333333,368.60999999999996,189.5
2023-01-26 00:00:00,189.5,0,3,0,135.69,160.54666666666665,271.19166666666666,184.69
2023-01-26 01:00:00,184.69,1,3,0,189.5,169.96,221.65333333333334,165.92
2023-01-26 02:00:00,165.92,2,3,0,184.69,180.03666666666666,169.21,197.39
2023-01-26 03:00:00,197.39,3,3,0,165.92,182.66666666666666,171.60666666666665,218.53
2023-01-26 04:00:00,218.53,4,3,0,197.39,193.94666666666663,181.9533333333333,148.67
2023-01-26 05:00:00,148.67,5,3,0,218.53,188.1966666666667,184.11666666666667,148.1
2023-01-26 06:00:00,148.1,6,3,0,148.67,171.76666666666665,177.21666666666667,497.74
2023-01-26 07:00:00,497.74,7,3,0,148.1,264.83666666666664,229.39166666666665,474.24
2023-01-26 08:00:00,474.24,8,3,0,497.74,373.35999999999996,280.77833333333336,817.54
2023-01-26 09:00:00,817.54,9,3,0,474.24,596.5066666666667,384.1366666666666,844.24
2023-01-26 10:00:00,844.24,10,3,0,817.54,712.0066666666667,488.4216666666667,841.35
2023-01-26 11:00:00,841.35,11,3,0,844.24,834.3766666666667,603.8683333333333,891.71
2023-01-26 12:00:00,891.71,12,3,0,841.35,859.1,727.8033333333333,895.77
2023-01-26 13:00:00,895.77,13,3,0,891.71,876.2766666666666,794.1416666666668,873.97
2023-01-26 14:00:00,873.97,14,3,0,895.77,887.1500000000001,860.7633333333333,893.19
2023-01-26 15:00:00,893.19,15,3,0,873.97,887.6433333333334,873.3716666666668,914.47
2023-01-26 16:00:00,914.47,16,3,0,893.19,893.8766666666667,885.0766666666667,843.85
2023-01-26 17:00:00,843.85,17,3,0,914.47,883.8366666666667,885.4933333333333,772.95
2023-01-26 18:00:00,772.95,18,3,0,843.85,843.7566666666667,865.7000000000002,475.13
2023-01-26 19:00:00,475.13,19,3,0,772.95,697.3100000000001,795.5933333333332,471.93
2023-01-26 20:00:00,471.93,20,3,0,475.13,573.3366666666667,728.5866666666667,145.31
2023-01-26 21:00:00,145.31,21,3,0,471.93,364.1233333333333,603.9399999999999,172.58
2023-01-26 22:00:00,172.58,22,3,0,145.31,263.27333333333337,480.2916666666667,199.72
2023-01-26 23:00:00,199.72,23,3,0,172.58,172.53666666666666,372.93666666666667,165.25
2023-01-27 00:00:00,165.25,0,4,0,199.72,179.1833333333333,271.65333333333336,140.86
2023-01-27 01:00:00,140.86,1,4,0,165.25,168.60999999999999,215.94166666666663,171.4
2023-01-27 02:00:00,171.4,2,4,0,140.86,159.17,165.85333333333335,136.69
2023-01-27 03:00:00,136.69,3,4,0,171.4,149.65,164.41666666666666,178.57
2023-01-27 04:00:00,178.57,4,4,0,136.69,162.22,165.415,165.34
2023-01-27 05:00:00,165.34,5,4,0,178.57,160.20000000000002,159.68499999999997,149.93
2023-01-27 06:00:00,149.93,6,4,0,165.34,164.61333333333332,157.13166666666666,464.95
2023-01-27 07:00:00,464.95,7,4,0,149.93,260.0733333333333,211.14666666666668,489.12
2023-01-27 08:00:00,489.12,8,4,0,464.95,368.0,264.09999999999997,824.2
2023-01-27 09:00:00,824.2,9,4,0,489.12,592.7566666666667,378.68499999999995,855.18
2023-01-27 10:00:00,855.18,10,4,0,824.2,722.8333333333334,491.4533333333334,855.02
2023-01-27 11:00:00,855.02,11,4,0,855.18,844.8000000000001,606.4,875.77
2023-01-27 12:00:00,875.77,12,4,0,855.02,861.9899999999999,727.3733333333333,875.33
2023-01-27 13:00:00,875.33,13,4,0,875.77,868.7066666666666,795.77,860.44
2023-01-27 14:00:00,860.44,14,4,0,875.33,870.5133333333333,857.6566666666668,853.28
2023-01-27 15:00:00,853.28,15,4,0,860.44,863.0166666666668,862.5033333333334,879.17
2023-01-27 16:00:00,879.17,16,4,0,853.28,864.2966666666666,866.5016666666667,813.47
2023-01-27 17:00:00,813.47,17,4,0,879.17,848.64,859.5766666666667,831.13
2023-01-27 18:00:00,831.13,18,4,0,813.47,841.2566666666667,852.1366666666667,468.39
2023-01-27 19:00:00,468.39,19,4,0,831.13,704.3299999999999,784.3133333333334,447.27
2023-01-27 20:00:00,447.27,20,4,0,468.39,582.2633333333333,715.4516666666667,148.46
2023-01-27 21:00:00,148.46,21,4,0,447.27,354.70666666666665,597.9816666666667,166.56
2023-01-27 22:00:00,166.56,22,4,0,148.46,254.09666666666666,479.21333333333337,156.67
2023-01-27 23:00:00,156.67,23,4,0,166.56,157.23,369.74666666666667,250.65
2023-01-28 00:00:00,250.65,0,5,1,156.67,191.29333333333332,273.0,283.73
2023-01-28 01:00:00,283.73,1,5,1,250.65,230.35,242.22333333333336,246.18
2023-01-28 02:00:00,246.18,2,5,1,283.73,260.18666666666667,208.70833333333334,239.8
2023-01-28 03:00:00,239.8,3,5,1,246.18,256.57,223.9316666666667,230.14
2023-01-28 04:00:00,230.14,4,5,1,239.8,238.70666666666668,234.52833333333334,235.54
2023-01-28 05:00:00,235.54,5,5,1,230.14,235.16,247.67333333333332,272.87
2023-01-28 06:00:00,272.87,6,5,1,235.54,246.1833333333333,251.3766666666667,263.35
2023-01-28 07:00:00,263.35,7,5,1,272.87,257.25333333333333,247.98000000000002,273.18
2023-01-28 08:00:00,273.18,8,5,1,263.35,269.8,252.48000000000002,245.09
2023-01-28 09:00:00,245.09,9,5,1,273.18,260.54,253.36166666666665,227.76
2023-01-28 10:00:00,227.76,10,5,1,245.09,248.6766666666667,252.965,241.57
2023-01-28 11:00:00,241.57,11,5,1,227.76,238.14000000000001,253.97,235.49
2023-01-28 12:00:00,235.49,12,5,1,241.57,234.94000000000003,247.73999999999998,268.84
2023-01-28 13:00:00,268.84,13,5,1,235.49,248.63333333333333,248.65499999999997,255.42
2023-01-28 14:00:00,255.42,14,5,1,268.84,253.25,245.69499999999996,203.12
2023-01-28 15:00:00,203.12,15,5,1,255.42,242.46,238.70000000000002,216.84
2023-01-28 16:00:00,216.84,16,5,1,203.12,225.12666666666667,236.88,234.64
2023-01-28 17:00:00,234.64,17,5,1,216.84,218.20000000000002,235.725,274.56
2023-01-28 18:00:00,274.56,18,5,1,234.64,242.01333333333332,242.23666666666668,226.66
2023-01-28 19:00:00,226.66,19,5,1,274.56,245.28666666666666,235.20666666666662,243.59
2023-01-28 20:00:00,243.59,20,5,1,226.66,248.26999999999998,233.235,248.3
2023-01-28 21:00:00,248.3,21,5,1,243.59,239.51666666666665,240.765,250.87
2023-01-28 22:00:00,250.87,22,5,1,248.3,247.58666666666667,246.43666666666664,252.37
2023-01-28 23:00:00,252.37,23,5,1,250.87,250.51333333333332,249.39166666666668,229.01
2023-01-29 00:00:00,229.01,0,6,1,252.37,244.08333333333334,241.79999999999998,259.62
2023-01-29 01:00:00,259.62,1,6,1,229.01,247.0,247.29333333333338,227.37
2023-01-29 02:00:00,227.37,2,6,1,259.62,238.66666666666666,244.59,258.53
2023-01-29 03:00:00,258.53,3,6,1,227.37,248.50666666666666,246.295,233.07
2023-01-29 04:00:00,233.07,4,6,1,258.53,239.65666666666667,243.32833333333335,231.05
2023-01-29 05:00:00,231.05,5,6,1,233.07,240.88333333333333,239.775,238.68
2023-01-29 06:00:00,238.68,6,6,1,231.05,234.26666666666665,241.38666666666666,223.58
2023-01-29 07:00:00,223.58,7,6,1,238.68,231.10333333333335,235.38,248.67
2023-01-29 08:00:00,248.67,8,6,1,223.58,236.9766666666667,238.92999999999998,281.1
2023-01-29 09:00:00,281.1,9,6,1,248.67,251.11666666666667,242.6916666666667,195.82
2023-01-29 10:00:00,195.82,10,6,1,281.1,241.86333333333332,236.48333333333335,247.37
2023-01-29 11:00:00,247.37,11,6,1,195.82,241.42999999999998,239.2033333333333,192.95
2023-01-29 12:00:00,192.95,12,6,1,247.37,212.04666666666665,231.58166666666668,248.29
2023-01-29 13:00:00,248.29,13,6,1,192.95,229.53666666666666,235.69999999999996,198.06
2023-01-29 14:00:00,198.06,14,6,1,248.29,213.1,227.26500000000001,226.31
2023-01-29 15:00:00,226.31,15,6,1,198.06,224.22,218.13333333333333,243.35
2023-01-29 16:00:00,243.35,16,6,1,226.31,222.57333333333335,226.05499999999998,212.8
2023-01-29 17:00:00,212.8,17,6,1,243.35,227.48666666666668,220.29333333333338,242.47
2023-01-29 18:00:00,242.47,18,6,1,212.8,232.87333333333333,228.54666666666665,252.9
2023-01-29 19:00:00,252.9,19,6,1,242.47,236.0566666666667,229.31500000000003,255.75
2023-01-29 20:00:00,255.75,20,6,1,252.9,250.37333333333333,238.92999999999998,213.59
2023-01-29 21:00:00,213.59,21,6,1,255.75,240.74666666666667,236.80999999999997,255.42
2023-01-29 22:00:00,255.42,22,6,1,213.59,241.58666666666667,238.8216666666667,229.41
2023-01-29 23:00:00,229.41,23,6,1,255.42,232.80666666666664,241.59000000000003,170.62
2023-01-30 00:00:00,170.62,0,0,0,229.41,218.48333333333332,229.615,182.14
2023-01-30 01:00:00,182.14,1,0,0,170.62,194.05666666666664,217.8216666666667,149.05
2023-01-30 02:00:00,149.05,2,0,0,182.14,167.27,200.03833333333333,169.15
2023-01-30 03:00:00,169.15,3,0,0,149.05,166.78,192.63166666666666,145.23
2023-01-30 04:00:00,145.23,4,0,0,169.15,154.4766666666667,174.26666666666665,137.17
2023-01-30 05:00:00,137.17,5,0,0,145.23,150.51666666666665,158.89333333333335,183.32
2023-01-30 06:00:00,183.32,6,0,0,137.17,155.23999999999998,161.01,452.24
2023-01-30 07:00:00,452.24,7,0,0,183.32,257.57666666666665,206.02666666666667,503.31
2023-01-30 08:00:00,503.31,8,0,0,452.24,379.6233333333333,265.07,820.08
2023-01-30 09:00:00,820.08,9,0,0,503.31,591.8766666666667,373.55833333333334,802.32
2023-01-30 10:00:00,802.32,10,0,0,820.08,708.57,483.0733333333333,841.52
2023-01-30 11:00:00,841.52,11,0,0,802.32,821.3066666666667,600.465,868.2
2023-01-30 12:00:00,868.2,12,0,0,841.52,837.3466666666667,714.6116666666667,852.99
2023-01-30 13:00:00,852.99,13,0,0,868.2,854.2366666666667,781.4033333333333,878.85
2023-01-30 14:00:00,878.85,14,0,0,852.99,866.68,843.9933333333335,857.75
2023-01-30 15:00:00,857.75,15,0,0,878.85,863.1966666666667,850.2716666666666,845.72
2023-01-30 16:00:00,845.72,16,0,0,857.75,860.7733333333332,857.505,800.91
2023-01-30 17:00:00,800.91,17,0,0,845.72,834.7933333333334,850.7366666666667,778.01
2023-01-30 18:00:00,778.01,18,0,0,800.91,808.2133333333333,835.7049999999999,475.01
2023-01-30 19:00:00,475.01,19,0,0,778.01,684.6433333333333,772.7083333333334,488.17
2023-01-30 20:00:00,488.17,20,0,0,475.01,580.3966666666666,707.5949999999999,175.92
2023-01-30 21:00:00,175.92,21,0,0,488.17,379.7,593.9566666666667,121.35
2023-01-30 22:00:00,121.35,22,0,0,175.92,261.81333333333333,473.2283333333333,152.85
2023-01-30 23:00:00,152.85,23,0,0,121.35,150.04,365.2183333333333,201.24
2023-01-31 00:00:00,201.24,0,1,0,152.85,158.48000000000002,269.09,165.22
2023-01-31 01:00:00,165.22,1,1,0,201.24,173.10333333333332,217.45833333333334,130.9
2023-01-31 02:00:00,130.9,2,1,0,165.22,165.78666666666666,157.91333333333333,145.64
2023-01-31 03:00:00,145.64,3,1,0,130.9,147.25333333333333,152.86666666666665,165.51
2023-01-31 04:00:00,165.51,4,1,0,145.64,147.35,160.22666666666666,177.81
2023-01-31 05:00:00,177.81,5,1,0,165.51,162.98666666666668,164.38666666666668,183.6
2023-01-31 06:00:00,183.6,6,1,0,177.81,175.64000000000001,161.4466666666667,517.06
2023-01-31 07:00:00,517.06,7,1,0,183.6,292.8233333333333,220.08666666666667,488.63
2023-01-31 08:00:00,488.63,8,1,0,517.06,396.43,279.7083333333333,815.39
2023-01-31 09:00:00,815.39,9,1,0,488.63,607.0266666666666,391.3333333333333,862.05
2023-01-31 10:00:00,862.05,10,1,0,815.39,722.0233333333334,507.42333333333335,892.82
2023-01-31 11:00:00,892.82,11,1,0,862.05,856.7533333333334,626.5916666666666,868.98
2023-01-31 12:00:00,868.98,12,1,0,892.82,874.6166666666668,740.8216666666667,883.84
2023-01-31 13:00:00,883.84,13,1,0,868.98,881.8800000000001,801.9516666666667,914.95
2023-01-31 14:00:00,914.95,14,1,0,883.84,889.2566666666667,873.005,875.34
2023-01-31 15:00:00,875.34,15,1,0,914.95,891.3766666666667,882.9966666666666,837.08
2023-01-31 16:00:00,837.08,16,1,0,875.34,875.7900000000001,878.835,838.3
2023-01-31 17:00:00,838.3,17,1,0,837.08,850.2400000000001,869.7483333333333,792.5
2023-01-31 18:00:00,792.5,18,1,0,838.3,822.6266666666667,857.0016666666667,500.12
2023-01-31 19:00:00,500.12,19,1,0,792.5,710.3066666666667,793.0483333333333,470.61
2023-01-31 20:00:00,470.61,20,1,0,500.12,587.7433333333333,718.9916666666668,201.25
2023-01-31 21:00:00,201.25,21,1,0,470.61,390.66,606.6433333333333,159.17
2023-01-31 22:00:00,159.17,22,1,0,201.25,277.01000000000005,493.6583333333333,160.47
2023-01-31 23:00:00,160.47,23,1,0,159.17,173.63000000000002,380.68666666666667,166.17
2023-02-01 00:00:00,166.17,0,2,0,160.47,161.9366666666667,276.29833333333335,131.55
2023-02-01 01:00:00,131.55,1,2,0,166.17,152.73000000000005,214.87,173.0
2023-02-01 02:00:00,173.0,2,2,0,131.55,156.90666666666672,165.26833333333335,182.21
2023-02-01 03:00:00,182.21,3,2,0,173.0,162.2533333333334,162.095,107.28
2023-02-01 04:00:00,107.28,4,2,0,182.21,154.16333333333338,153.4466666666667,156.36
2023-02-01 05:00:00,156.36,5,2,0,107.28,148.6166666666667,152.76166666666668,163.44
2023-02-01 06:00:00,163.44,6,2,0,156.36,142.36000000000004,152.30666666666667,476.47
2023-02-01 07:00:00,476.47,7,2,0,163.44,265.4233333333334,209.79333333333332,494.59
2023-02-01 08:00:00,494.59,8,2,0,476.47,378.16666666666674,263.39166666666665,792.77
2023-02-01 09:00:00,792.77,9,2,0,494.59,587.9433333333334,365.15166666666664,824.32
2023-02-01 10:00:00,824.32,10,2,0,792.77,703.8933333333334,484.65833333333336,851.51
2023-02-01 11:00:00,851.51,11,2,0,824.32,822.8666666666668,600.5166666666667,882.1
2023-02-01 12:00:00,882.1,12,2,0,851.51,852.6433333333334,720.2933333333334,859.83
2023-02-01 13:00:00,859.83,13,2,0,882.1,864.48,784.1866666666666,892.92
2023-02-01 14:00:00,892.92,14,2,0,859.83,878.2833333333334,850.5749999999999,851.79
2023-02-01 15:00:00,851.79,15,2,0,892.92,868.18,860.4116666666667,868.25
2023-02-01 16:00:00,868.25,16,2,0,851.79,870.9866666666667,867.7333333333335,821.28
2023-02-01 17:00:00,821.28,17,2,0,868.25,847.1066666666667,862.695,763.67
2023-02-01 18:00:00,763.67,18,2,0,821.28,817.7333333333335,842.9566666666666,486.81
2023-02-01 19:00:00,486.81,19,2,0,763.67,690.5866666666667,780.7866666666665,472.26
2023-02-01 20:00:00,472.26,20,2,0,486.81,574.2466666666668,710.6766666666666,175.72
2023-02-01 21:00:00,175.72,21,2,0,472.26,378.2633333333334,597.9983333333333,172.44
2023-02-01 22:00:00,172.44,22,2,0,175.72,273.4733333333334,482.03,181.44
2023-02-01 23:00:00,181.44,23,2,0,172.44,176.53333333333342,375.39000000000004,171.41
2023-02-02 00:00:00,171.41,0,3,0,181.44,175.09666666666672,276.68,179.88
2023-02-02 01:00:00,179.88,1,3,0,171.41,177.57666666666674,225.52499999999998,180.86
2023-02-02 02:00:00,180.86,2,3,0,179.88,177.3833333333334,176.95833333333334,182.26
2023-02-02 03:00:00,182.26,3,3,0,180.86,181.00000000000009,178.04833333333332,137.95
2023-02-02 04:00:00,137.95,4,3,0,182.26,167.0233333333334,172.29999999999998,175.17
2023-02-02 05:00:00,175.17,5,3,0,137.95,165.12666666666675,171.255,197.56
2023-02-02 06:00:00,197.56,6,3,0,175.17,170.22666666666672,175.61333333333332,469.81
2023-02-02 07:00:00,469.81,7,3,0,197.56,280.84666666666675,223.93500000000003,492.48
2023-02-02 08:00:00,492.48,8,3,0,469.81,386.6166666666668,275.87166666666667,832.17
2023-02-02 09:00:00,832.17,9,3,0,492.48,598.1533333333333,384.19,843.17
2023-02-02 10:00:00,843.17,10,3,0,832.17,722.6066666666667,501.7266666666667,837.94
2023-02-02 11:00:00,837.94,11,3,0,843.17,837.7600000000001,612.1883333333334,865.75
2023-02-02 12:00:00,865.75,12,3,0,837.94,848.9533333333334,723.5533333333333,906.94
2023-02-02 13:00:00,906.94,13,3,0,865.75,870.21,796.4083333333333,861.6
2023-02-02 14:00:00,861.6,14,3,0,906.94,878.0966666666668,857.9283333333333,887.67
2023-02-02 15:00:00,887.67,15,3,0,861.6,885.4033333333333,867.1783333333333,872.58
2023-02-02 16:00:00,872.58,16,3,0,887.67,873.9500000000002,872.08,839.12
2023-02-02 17:00:00,839.12,17,3,0,872.58,866.4566666666668,872.2766666666666,814.35
2023-02-02 18:00:00,814.35,18,3,0,839.12,842.0166666666668,863.71,485.47
2023-02-02 19:00:00,485.47,19,3,0,814.35,712.9800000000001,793.4650000000001,487.88
2023-02-02 20:00:00,487.88,20,3,0,485.47,595.9000000000001,731.1783333333333,163.72
2023-02-02 21:00:00,163.72,21,3,0,487.88,379.02333333333337,610.52,163.34
2023-02-02 22:00:00,163.34,22,3,0,163.72,271.64666666666676,492.31333333333333,131.06
2023-02-02 23:00:00,131.06,23,3,0,163.34,152.70666666666673,374.30333333333334,163.0
2023-02-03 00:00:00,163.0,0,4,0,131.06,152.46666666666673,265.745,176.85
2023-02-03 01:00:00,176.85,1,4,0,163.0,156.97000000000006,214.3083333333333,159.44
2023-02-03 02:00:00,159.44,2,4,0,176.85,166.43000000000006,159.56833333333333,151.43
2023-02-03 03:00:00,151.43,3,4,0,159.44,162.5733333333334,157.52,172.41
2023-02-03 04:00:00,172.41,4,4,0,151.43,161.0933333333334,159.03166666666667,134.48
2023-02-03 05:00:00,134.48,5,4,0,172.41,152.77333333333343,159.60166666666666,116.29
2023-02-03 06:00:00,116.29,6,4,0,134.48,141.06000000000006,151.81666666666666,483.89
2023-02-03 07:00:00,483.89,7,4,0,116.29,244.88666666666674,202.99,464.76
2023-02-03 08:00:00,464.76,8,4,0,483.89,354.98,253.87666666666664,772.57
2023-02-03 09:00:00,772.57,9,4,0,464.76,573.7400000000001,357.40000000000003,821.08
2023-02-03 10:00:00,821.08,10,4,0,772.57,686.1366666666668,465.5116666666667,846.14
2023-02-03 11:00:00,846.14,11,4,0,821.08,813.2633333333333,584.1216666666667,892.74
2023-02-03 12:00:00,892.74,12,4,0,846.14,853.32,713.5300000000001,881.85
2023-02-03 13:00:00,881.85,13,4,0,892.74,873.5766666666668,779.8566666666667,895.13
2023-02-03 14:00:00,895.13,14,4,0,881.85,889.9066666666668,851.585,886.14
2023-02-03 15:00:00,886.14,15,4,0,895.13,887.7066666666668,870.5133333333333,858.52
2023-02-03 16:00:00,858.52,16,4,0,886.14,879.9300000000002,876.7533333333334,836.81
2023-02-03 17:00:00,836.81,17,4,0,858.52,860.4900000000001,875.1983333333333,792.74
2023-02-03 18:00:00,792.74,18,4,0,836.81,829.3566666666667,858.5316666666668,475.66
2023-02-03 19:00:00,475.66,19,4,0,792.74,701.7366666666668,790.8333333333334,486.51
2023-02-03 20:00:00,486.51,20,4,0,475.66,584.9700000000001,722.73,165.33
2023-02-03 21:00:00,165.33,21,4,0,486.51,375.8333333333334,602.5949999999999,225.46
2023-02-03 22:00:00,225.46,22,4,0,165.33,292.4333333333334,497.085,169.58
2023-02-03 23:00:00,169.58,23,4,0,225.46,186.79000000000008,385.87999999999994,227.46
2023-02-04 00:00:00,227.46,0,5,1,169.58,207.50000000000009,291.6666666666667,218.32
2023-02-04 01:00:00,218.32,1,5,1,227.46,205.1200000000001,248.77666666666667,211.3
2023-02-04 02:00:00,211.3,2,5,1,218.32,219.02666666666673,202.90833333333333,268.97
2023-02-04 03:00:00,268.97,3,5,1,211.3,232.86333333333343,220.18166666666664,221.69
2023-02-04 04:00:00,221.69,4,5,1,268.97,233.98666666666676,219.55333333333337,256.92
2023-02-04 05:00:00,256.92,5,5,1,221.69,249.1933333333334,234.11,256.78
2023-02-04 06:00:00,256.78,6,5,1,256.92,245.13000000000008,238.99666666666667,223.76
2023-02-04 07:00:00,223.76,7,5,1,256.78,245.82000000000008,239.90333333333334,248.68
2023-02-04 08:00:00,248.68,8,5,1,223.76,243.0733333333334,246.13333333333335,260.21
2023-02-04 09:00:00,260.21,9,5,1,248.68,244.21666666666673,244.67333333333332,204.01
2023-02-04 10:00:00,204.01,10,5,1,260.21,237.6333333333334,241.72666666666666,252.61
2023-02-04 11:00:00,252.61,11,5,1,204.01,238.94333333333338,241.00833333333333,264.58
2023-02-04 12:00:00,264.58,12,5,1,252.61,240.4000000000001,242.3083333333333,237.85
2023-02-04 13:00:00,237.85,13,5,1,264.58,251.68000000000006,244.65666666666664,229.55
2023-02-04 14:00:00,229.55,14,5,1,237.85,243.99333333333342,241.46833333333333,230.9
2023-02-04 15:00:00,230.9,15,5,1,229.55,232.76666666666674,236.58333333333334,189.64
2023-02-04 16:00:00,189.64,16,5,1,230.9,216.69666666666672,234.18833333333336,223.84
2023-02-04 17:00:00,223.84,17,5,1,189.64,214.7933333333334,229.39333333333332,248.52
2023-02-04 18:00:00,248.52,18,5,1,223.84,220.66666666666674,226.71666666666667,213.31
2023-02-04 19:00:00,213.31,19,5,1,248.52,228.55666666666676,222.6266666666667,238.77
2023-02-04 20:00:00,238.77,20,5,1,213.31,233.53333333333342,224.16333333333333,258.46
2023-02-04 21:00:00,258.46,21,5,1,238.77,236.84666666666672,228.75666666666666,236.52
2023-02-04 22:00:00,236.52,22,5,1,258.46,244.5833333333334,236.57000000000002,258.01
2023-02-04 23:00:00,258.01,23,5,1,236.52,250.99666666666675,242.26500000000001,216.25
2023-02-05 00:00:00,216.25,0,6,1,258.01,236.92666666666673,236.88666666666668,233.49
2023-02-05 01:00:00,233.49,1,6,1,216.25,235.91666666666674,240.25,268.26
2023-02-05 02:00:00,268.26,2,6,1,233.49,239.3333333333334,245.16499999999996,222.53
2023-02-05 03:00:00,222.53,3,6,1,268.26,241.42666666666673,239.17666666666665,237.56
2023-02-05 04:00:00,237.56,4,6,1,222.53,242.78333333333342,239.35,315.35
2023-02-05 05:00:00,315.35,5,6,1,237.56,258.4800000000001,248.90666666666667,253.16
2023-02-05 06:00:00,253.16,6,6,1,315.35,268.6900000000001,255.05833333333337,242.89
2023-02-05 07:00:00,242.89,7,6,1,253.16,270.46666666666675,256.62500000000006,210.1
2023-02-05 08:00:00,210.1,8,6,1,242.89,235.3833333333334,246.9316666666667,230.16
2023-02-05 09:00:00,230.16,9,6,1,210.1,227.71666666666673,248.20333333333335,231.86
2023-02-05 10:00:00,231.86,10,6,1,230.16,224.04000000000008,247.25333333333333,216.23
2023-02-05 11:00:00,216.23,11,6,1,231.86,226.0833333333334,230.73333333333335,223.51
2023-02-05 12:00:00,223.51,12,6,1,216.23,223.86666666666676,225.79166666666666,249.14
2023-02-05 13:00:00,249.14,13,6,1,223.51,229.62666666666675,226.83333333333334,223.16
2023-02-05 14:00:00,223.16,14,6,1,249.14,231.93666666666672,229.01,245.49
2023-02-05 15:00:00,245.49,15,6,1,223.16,239.2633333333334,231.56499999999997,207.0
2023-02-05 16:00:00,207.0,16,6,1,245.49,225.21666666666673,227.42166666666665,213.05
2023-02-05 17:00:00,213.05,17,6,1,207.0,221.84666666666678,226.89166666666665,272.35
2023-02-05 18:00:00,272.35,18,6,1,213.05,230.8000000000001,235.03166666666667,258.11
2023-02-05 19:00:00,258.11,19,6,1,272.35,247.8366666666668,236.52666666666673,251.73
2023-02-05 20:00:00,251.73,20,6,1,258.11,260.7300000000001,241.28833333333333,252.8
2023-02-05 21:00:00,252.8,21,6,1,251.73,254.2133333333334,242.5066666666667,233.28
2023-02-05 22:00:00,233.28,22,6,1,252.8,245.93666666666672,246.88666666666668,257.96
2023-02-05 23:00:00,257.96,23,6,1,233.28,248.0133333333334,254.37166666666667,146.01
2023-02-06 00:00:00,146.01,0,0,0,257.96,212.41666666666674,233.31499999999997,176.32
2023-02-06 01:00:00,176.32,1,0,0,146.01,193.43000000000006,219.6833333333333,148.15
2023-02-06 02:00:00,148.15,2,0,0,176.32,156.82666666666674,202.42,174.13
2023-02-06 03:00:00,174.13,3,0,0,148.15,166.20000000000007,189.3083333333333,169.84
2023-02-06 04:00:00,169.84,4,0,0,174.13,164.04000000000008,178.735,168.33
2023-02-06 05:00:00,168.33,5,0,0,169.84,170.76666666666677,163.79666666666665,127.91
2023-02-06 06:00:00,127.91,6,0,0,168.33,155.3600000000001,160.78,463.8
2023-02-06 07:00:00,463.8,7,0,0,127.91,253.34666666666672,208.69333333333336,499.85
2023-02-06 08:00:00,499.85,8,0,0,463.8,363.8533333333334,267.31,795.25
2023-02-06 09:00:00,795.25,9,0,0,499.85,586.3000000000001,370.83,823.37
2023-02-06 10:00:00,823.37,10,0,0,795.25,706.1566666666668,479.7516666666667,843.61
2023-02-06 11:00:00,843.61,11,0,0,823.37,820.7433333333333,592.2983333333333,889.9
2023-02-06 12:00:00,889.9,12,0,0,843.61,852.2933333333334,719.2966666666667,882.5
2023-02-06 13:00:00,882.5,13,0,0,889.9,872.0033333333334,789.0799999999999,872.5
2023-02-06 14:00:00,872.5,14,0,0,882.5,881.6333333333333,851.1883333333332,856.2
2023-02-06 15:00:00,856.2,15,0,0,872.5,870.4,861.3466666666667,848.7
2023-02-06 16:00:00,848.7,16,0,0,856.2,859.1333333333333,865.5683333333333,820.94
2023-02-06 17:00:00,820.94,17,0,0,848.7,841.9466666666667,861.79,820.13
2023-02-06 18:00:00,820.13,18,0,0,820.94,829.9233333333335,850.1616666666667,482.9
2023-02-06 19:00:00,482.9,19,0,0,820.13,707.9900000000001,783.5616666666666,476.01
2023-02-06 20:00:00,476.01,20,0,0,482.9,593.0133333333333,717.48,85.64
2023-02-06 21:00:00,85.64,21,0,0,476.01,348.1833333333334,589.0533333333334,158.2
2023-02-06 22:00:00,158.2,22,0,0,85.64,239.95000000000005,473.97,165.22
2023-02-06 23:00:00,165.22,23,0,0,158.2,136.35333333333335,364.68333333333334,133.36
2023-02-07 00:00:00,133.36,0,1,0,165.22,152.26000000000002,250.22166666666666,183.07
2023-02-07 01:00:00,183.07,1,1,0,133.36,160.55000000000004,200.25,143.36
2023-02-07 02:00:00,143.36,2,1,0,183.07,153.26333333333335,144.80833333333334,136.68
2023-02-07 03:00:00,136.68,3,1,0,143.36,154.37000000000003,153.315,139.74
2023-02-07 04:00:00,139.74,4,1,0,136.68,139.92666666666673,150.23833333333334,143.5
2023-02-07 05:00:00,143.5,5,1,0,139.74,139.9733333333334,146.61833333333334,155.24
2023-02-07 06:00:00,155.24,6,1,0,143.5,146.16000000000005,150.26500000000001,470.57
2023-02-07 07:00:00,470.57,7,1,0,155.24,256.43666666666667,198.1816666666667,477.1
2023-02-07 08:00:00,477.1,8,1,0,470.57,367.6366666666667,253.80500000000004,790.28
2023-02-07 09:00:00,790.28,9,1,0,477.1,579.3166666666667,362.7383333333334,816.04
2023-02-07 10:00:00,816.04,10,1,0,790.28,694.4733333333334,475.455,806.39
2023-02-07 11:00:00,806.39,11,1,0,816.04,804.2366666666667,585.9366666666666,875.09
2023-02-07 12:00:00,875.09,12,1,0,806.39,832.5066666666667,705.9116666666665,885.84
2023-02-07 13:00:00,885.84,13,1,0,875.09,855.7733333333334,775.1233333333333,902.66
2023-02-07 14:00:00,902.66,14,1,0,885.84,887.8633333333333,846.0499999999998,849.34
2023-02-07 15:00:00,849.34,15,1,0,902.66,879.2800000000001,855.8933333333333,864.67
2023-02-07 16:00:00,864.67,16,1,0,849.34,872.2233333333334,863.9983333333333,828.78
2023-02-07 17:00:00,828.78,17,1,0,864.67,847.5966666666667,867.7299999999999,825.7
2023-02-07 18:00:00,825.7,18,1,0,828.78,839.7166666666667,859.4983333333333,496.51
2023-02-07 19:00:00,496.51,19,1,0,825.7,716.9966666666666,794.61,504.98
2023-02-07 20:00:00,504.98,20,1,0,496.51,609.0633333333334,728.3299999999999,163.89
2023-02-07 21:00:00,163.89,21,1,0,504.98,388.46000000000004,614.0883333333333,160.62
2023-02-07 22:00:00,160.62,22,1,0,163.89,276.4966666666667,496.7466666666666,172.59
2023-02-07 23:00:00,172.59,23,1,0,160.62,165.70000000000005,387.38166666666666,187.38
2023-02-08 00:00:00,187.38,0,2,0,172.59,173.53000000000006,280.995,160.21
2023-02-08 01:00:00,160.21,1,2,0,187.38,173.39333333333335,224.94500000000002,147.41
2023-02-08 02:00:00,147.41,2,2,0,160.21,165.00000000000003,165.35,167.98
2023-02-08 03:00:00,167.98,3,2,0,147.41,158.53333333333336,166.03166666666667,166.17
2023-02-08 04:00:00,166.17,4,2,0,167.98,160.52,166.95666666666668,138.49
2023-02-08 05:00:00,138.49,5,2,0,166.17,157.5466666666667,161.27333333333334,140.45
2023-02-08 06:00:00,140.45,6,2,0,138.49,148.37000000000003,153.45166666666665,471.68
2023-02-08 07:00:00,471.68,7,2,0,140.45,250.2066666666667,205.36333333333334,472.09
2023-02-08 08:00:00,472.09,8,2,0,471.68,361.4066666666667,259.47666666666663,809.7
2023-02-08 09:00:00,809.7,9,2,0,472.09,584.49,366.43,838.52
2023-02-08 10:00:00,838.52,10,2,0,809.7,706.77,478.4883333333334,835.88
2023-02-08 11:00:00,835.88,11,2,0,838.52,828.0333333333333,594.7199999999999,848.64
2023-02-08 12:00:00,848.64,12,2,0,835.88,841.0133333333333,712.7516666666667,853.64
2023-02-08 13:00:00,853.64,13,2,0,848.64,846.0533333333333,776.4116666666665,860.97
2023-02-08 14:00:00,860.97,14,2,0,853.64,854.4166666666666,841.2249999999999,871.56
2023-02-08 15:00:00,871.56,15,2,0,860.97,862.0566666666667,851.535,866.5
2023-02-08 16:00:00,866.5,16,2,0,871.56,866.3433333333334,856.1983333333334,831.07
2023-02-08 17:00:00,831.07,17,2,0,866.5,856.3766666666667,855.3966666666666,806.27
2023-02-08 18:00:00,806.27,18,2,0,831.07,834.6133333333333,848.335,454.44
2023-02-08 19:00:00,454.44,19,2,0,806.27,697.2599999999999,781.8016666666667,496.94
2023-02-08 20:00:00,496.94,20,2,0,454.44,585.8833333333333,721.13,166.34
2023-02-08 21:00:00,166.34,21,2,0,496.94,372.5733333333333,603.5933333333334,166.04
2023-02-08 22:00:00,166.04,22,2,0,166.34,276.44,486.8500000000001,158.46
2023-02-08 23:00:00,158.46,23,2,0,166.04,163.61333333333334,374.7483333333333,166.82
2023-02-09 00:00:00,166.82,0,3,0,158.46,163.7733333333333,268.17333333333335,160.21
2023-02-09 01:00:00,160.21,1,3,0,166.82,161.83,219.135,156.99
2023-02-09 02:00:00,156.99,2,3,0,160.21,161.34,162.47666666666666,185.61
2023-02-09 03:00:00,185.61,3,3,0,156.99,167.60333333333335,165.68833333333333,150.42
2023-02-09 04:00:00,150.42,4,3,0,185.61,164.34,163.085,164.22
2023-02-09 05:00:00,164.22,5,3,0,150.42,166.75,164.045,144.98
2023-02-09 06:00:00,144.98,6,3,0,164.22,153.20666666666668,160.405,490.4
2023-02-09 07:00:00,490.4,7,3,0,144.98,266.53333333333336,215.43666666666664,470.39
2023-02-09 08:00:00,470.39,8,3,0,490.4,368.59,267.67,807.21
2023-02-09 09:00:00,807.21,9,3,0,470.39,589.3333333333334,371.27,829.63
2023-02-09 10:00:00,829.63,10,3,0,807.21,702.41,484.47166666666664,834.2
2023-02-09 11:00:00,834.2,11,3,0,829.63,823.68,596.135,918.43
2023-02-09 12:00:00,918.43,12,3,0,834.2,860.7533333333334,725.0433333333334,869.75
2023-02-09 13:00:00,869.75,13,3,0,918.43,874.1266666666667,788.2683333333333,889.74
2023-02-09 14:00:00,889.74,14,3,0,869.75,892.64,858.1599999999999,881.71
2023-02-09 15:00:00,881.71,15,3,0,889.74,880.4,870.5766666666668,827.01
2023-02-09 16:00:00,827.01,16,3,0,881.71,866.1533333333333,870.14,833.38
2023-02-09 17:00:00,833.38,17,3,0,827.01,847.3666666666667,870.0033333333332,788.43
2023-02-09 18:00:00,788.43,18,3,0,833.38,816.2733333333332,848.3366666666667,463.85
2023-02-09 19:00:00,463.85,19,3,0,788.43,695.2199999999999,780.6866666666666,470.85
2023-02-09 20:00:00,470.85,20,3,0,463.85,574.3766666666667,710.8716666666666,233.39
2023-02-09 21:00:00,233.39,21,3,0,470.85,389.3633333333334,602.8183333333333,170.66
2023-02-09 22:00:00,170.66,22,3,0,233.39,291.6333333333333,493.4266666666667,146.41
2023-02-09 23:00:00,146.41,23,3,0,170.66,183.48666666666668,378.9316666666667,159.33
2023-02-10 00:00:00,159.33,0,4,0,146.41,158.79999999999998,274.08166666666665,177.11
2023-02-10 01:00:00,177.11,1,4,0,159.33,160.95000000000002,226.29166666666666,186.51
2023-02-10 02:00:00,186.51,2,4,0,177.11,174.3166666666667,178.90166666666667,168.3
2023-02-10 03:00:00,168.3,3,4,0,186.51,177.30666666666664,168.05333333333334,150.78
2023-02-10 04:00:00,150.78,4,4,0,168.3,168.53,164.74,171.83
2023-02-10 05:00:00,171.83,5,4,0,150.78,163.63666666666668,168.97666666666666,141.79
2023-02-10 06:00:00,141.79,6,4,0,171.83,154.79999999999998,166.05333333333334,458.76
2023-02-10 07:00:00,458.76,7,4,0,141.79,257.46,212.995,512.16
2023-02-10 08:00:00,512.16,8,4,0,458.76,370.90333333333336,267.27,779.51
2023-02-10 09:00:00,779.51,9,4,0,512.16,583.4766666666666,369.1383333333333,834.24
2023-02-10 10:00:00,834.24,10,4,0,779.51,708.6366666666667,483.04833333333335,892.54
2023-02-10 11:00:00,892.54,11,4,0,834.24,835.43,603.1666666666666,888.47
2023-02-10 12:00:00,888.47,12,4,0,892.54,871.75,727.6133333333333,842.32
2023-02-10 13:00:00,842.32,13,4,0,888.47,874.4433333333333,791.54,895.81
2023-02-10 14:00:00,895.81,14,4,0,842.32,875.5333333333334,855.4816666666666,846.84
2023-02-10 15:00:00,846.84,15,4,0,895.81,861.6566666666666,866.7033333333333,836.2
2023-02-10 16:00:00,836.2,16,4,0,846.84,859.6166666666667,867.0300000000001,846.77
2023-02-10 17:00:00,846.77,17,4,0,836.2,843.27,859.4016666666666,822.86
2023-02-10 18:00:00,822.86,18,4,0,846.77,835.2766666666666,848.4666666666666,499.41
2023-02-10 19:00:00,499.41,19,4,0,822.86,723.0133333333333,791.315,530.08
2023-02-10 20:00:00,530.08,20,4,0,499.41,617.45,730.36,188.66
2023-02-10 21:00:00,188.66,21,4,0,530.08,406.05,620.6633333333333,176.8
2023-02-10 22:00:00,176.8,22,4,0,188.66,298.5133333333333,510.7633333333333,160.98
2023-02-10 23:00:00,160.98,23,4,0,176.8,175.48000000000002,396.465,256.18
2023-02-11 00:00:00,256.18,0,5,1,160.98,197.98666666666668,302.0183333333334,283.51
2023-02-11 01:00:00,283.51,1,5,1,256.18,233.55666666666664,266.035,250.6
2023-02-11 02:00:00,250.6,2,5,1,283.51,263.43,219.455,237.06
2023-02-11 03:00:00,237.06,3,5,1,250.6,257.0566666666667,227.52166666666665,216.88
2023-02-11 04:00:00,216.88,4,5,1,237.06,234.84666666666666,234.20166666666668,236.2
2023-02-11 05:00:00,236.2,5,5,1,216.88,230.04666666666665,246.73833333333332,266.92
2023-02-11 06:00:00,266.92,6,5,1,236.2,240.0,248.52833333333334,266.06
2023-02-11 07:00:00,266.06,7,5,1,266.92,256.3933333333334,245.61999999999998,258.29
2023-02-11 08:00:00,258.29,8,5,1,266.06,263.75666666666666,246.90166666666664,226.89
2023-02-11 09:00:00,226.89,9,5,1,258.29,250.41333333333333,245.20666666666668,248.63
2023-02-11 10:00:00,248.63,10,5,1,226.89,244.60333333333332,250.4983333333333,230.02
2023-02-11 11:00:00,230.02,11,5,1,248.63,235.17999999999998,249.46833333333336,208.07
2023-02-11 12:00:00,208.07,12,5,1,230.02,228.90666666666667,239.66,250.77
2023-02-11 13:00:00,250.77,13,5,1,208.07,229.62,237.11166666666668,204.41
2023-02-11 14:00:00,204.41,14,5,1,250.77,221.08333333333334,228.1316666666667,235.66
2023-02-11 15:00:00,235.66,15,5,1,204.41,230.27999999999997,229.59333333333333,248.58
2023-02-11 16:00:00,248.58,16,5,1,235.66,229.54999999999998,229.585,234.89
2023-02-11 17:00:00,234.89,17,5,1,248.58,239.71,230.39666666666665,243.15
2023-02-11 18:00:00,243.15,18,5,1,234.89,242.20666666666668,236.24333333333334,262.13
2023-02-11 19:00:00,262.13,19,5,1,243.15,246.72333333333333,238.13666666666666,230.77
2023-02-11 20:00:00,230.77,20,5,1,262.13,245.35,242.52999999999997,223.87
2023-02-11 21:00:00,223.87,21,5,1,230.77,238.92333333333332,240.56500000000003,283.77
2023-02-11 22:00:00,283.77,22,5,1,223.87,246.13666666666666,246.42999999999998,217.2
2023-02-11 23:00:00,217.2,23,5,1,283.77,241.61333333333332,243.48166666666668,268.94
2023-02-12 00:00:00,268.94,0,6,1,217.2,256.63666666666666,247.77999999999997,188.19
2023-02-12 01:00:00,188.19,1,6,1,268.94,224.77666666666664,235.45666666666668,263.98
2023-02-12 02:00:00,263.98,2,6,1,188.19,240.37,240.99166666666667,232.97
2023-02-12 03:00:00,232.97,3,6,1,263.98,228.38,242.50833333333333,245.42
2023-02-12 04:00:00,245.42,4,6,1,232.97,247.45666666666668,236.11666666666667,229.31
2023-02-12 05:00:00,229.31,5,6,1,245.42,235.9,238.135,227.09
2023-02-12 06:00:00,227.09,6,6,1,229.31,233.93999999999997,231.15999999999997,242.37
2023-02-12 07:00:00,242.37,7,6,1,227.09,232.92333333333332,240.19000000000003,246.32
2023-02-12 08:00:00,246.32,8,6,1,242.37,238.59333333333333,237.24666666666667,221.75
2023-02-12 09:00:00,221.75,9,6,1,246.32,236.8133333333333,235.37666666666667,250.93
2023-02-12 10:00:00,250.93,10,6,1,221.75,239.66666666666666,236.295,244.76
2023-02-12 11:00:00,244.76,11,6,1,250.93,239.14666666666668,238.87,261.34
2023-02-12 12:00:00,261.34,12,6,1,244.76,252.34333333333333,244.57833333333335,220.63
2023-02-12 13:00:00,220.63,13,6,1,261.34,242.2433333333333,240.955,214.93
2023-02-12 14:00:00,214.93,14,6,1,220.63,232.29999999999995,235.72333333333333,262.43
2023-02-12 15:00:00,262.43,15,6,1,214.93,232.66333333333333,242.50333333333333,203.47
2023-02-12 16:00:00,203.47,16,6,1,262.43,226.94333333333336,234.59333333333333,266.42
2023-02-12 17:00:00,266.42,17,6,1,203.47,244.10666666666665,238.2033333333333,247.12
2023-02-12 18:00:00,247.12,18,6,1,266.42,239.00333333333333,235.83333333333334,235.27
2023-02-12 19:00:00,235.27,19,6,1,247.12,249.60333333333332,238.2733333333333,249.86
2023-02-12 20:00:00,249.86,20,6,1,235.27,244.08333333333334,244.09500000000003,262.28
2023-02-12 21:00:00,262.28,21,6,1,249.86,249.13666666666666,244.07000000000002,244.61
2023-02-12 22:00:00,244.61,22,6,1,262.28,252.25,250.92666666666665,265.19
2023-02-12 23:00:00,265.19,23,6,1,244.61,257.35999999999996,250.72166666666666,181.77
2023-02-13 00:00:00,181.77,0,0,0,265.19,230.52333333333334,239.83,177.42
2023-02-13 01:00:00,177.42,1,0,0,181.77,208.12666666666667,230.18833333333336,136.88
2023-02-13 02:00:00,136.88,2,0,0,177.42,165.35666666666665,211.35833333333332,127.84
2023-02-13 03:00:00,127.84,3,0,0,136.88,147.38,188.95166666666668,120.14
2023-02-13 04:00:00,120.14,4,0,0,127.84,128.28666666666666,168.20666666666668,137.46
2023-02-13 05:00:00,137.46,5,0,0,120.14,128.48,146.91833333333332,180.24
2023-02-13 06:00:00,180.24,6,0,0,137.46,145.9466666666667,146.66333333333333,504.51
2023-02-13 07:00:00,504.51,7,0,0,180.24,274.07,201.1783333333333,477.87
2023-02-13 08:00:00,477.87,8,0,0,504.51,387.53999999999996,258.01000000000005,806.0
2023-02-13 09:00:00,806.0,9,0,0,477.87,596.1266666666667,371.0366666666667,796.91
2023-02-13 10:00:00,796.91,10,0,0,806.0,693.5933333333332,483.8316666666667,854.02
2023-02-13 11:00:00,854.02,11,0,0,796.91,818.9766666666666,603.2583333333333,850.22
2023-02-13 12:00:00,850.22,12,0,0,854.02,833.7166666666667,714.9216666666666,879.06
2023-02-13 13:00:00,879.06,13,0,0,850.22,861.1,777.3466666666667,891.04
2023-02-13 14:00:00,891.04,14,0,0,879.06,873.44,846.2083333333334,839.49
2023-02-13 15:00:00,839.49,15,0,0,891.04,869.8633333333332,851.79,853.24
2023-02-13 16:00:00,853.24,16,0,0,839.49,861.2566666666667,861.1783333333334,852.1
2023-02-13 17:00:00,852.1,17,0,0,853.24,848.2766666666666,860.8583333333332,793.16
2023-02-13 18:00:00,793.16,18,0,0,852.1,832.8333333333334,851.3483333333332,454.54
2023-02-13 19:00:00,454.54,19,0,0,793.16,699.9333333333333,780.5949999999999,496.44
2023-02-13 20:00:00,496.44,20,0,0,454.54,581.38,714.8283333333334,172.58
2023-02-13 21:00:00,172.58,21,0,0,496.44,374.52,603.6766666666666,151.0
2023-02-13 22:00:00,151.0,22,0,0,172.58,273.34000000000003,486.6366666666667,142.26
2023-02-13 23:00:00,142.26,23,0,0,151.0,155.28,368.33,161.55
2023-02-14 00:00:00,161.55,0,1,0,142.26,151.60333333333332,263.06166666666667,206.21
2023-02-14 01:00:00,206.21,1,1,0,161.55,170.00666666666666,221.67333333333332,151.4
2023-02-14 02:00:00,151.4,2,1,0,206.21,173.0533333333333,164.16666666666666,148.1
2023-02-14 03:00:00,148.1,3,1,0,151.4,168.57000000000002,160.08666666666667,163.77
2023-02-14 04:00:00,163.77,4,1,0,148.1,154.42333333333332,162.215,153.41
2023-02-14 05:00:00,153.41,5,1,0,163.77,155.09333333333333,164.07333333333335,170.79
2023-02-14 06:00:00,170.79,6,1,0,153.41,162.65666666666667,165.61333333333334,447.31
2023-02-14 07:00:00,447.31,7,1,0,170.79,257.17,205.79666666666665,504.14
2023-02-14 08:00:00,504.14,8,1,0,447.31,374.0799999999999,264.58666666666664,806.12
2023-02-14 09:00:00,806.12,9,1,0,504.14,585.8566666666667,374.25666666666666,860.03
2023-02-14 10:00:00,860.03,10,1,0,806.12,723.43,490.3,859.95
2023-02-14 11:00:00,859.95,11,1,0,860.03,842.0333333333334,608.0566666666667,876.69
2023-02-14 12:00:00,876.69,12,1,0,859.95,865.5566666666667,725.7066666666666,867.44
2023-02-14 13:00:00,867.44,13,1,0,876.69,868.0266666666666,795.7283333333334,858.32
2023-02-14 14:00:00,858.32,14,1,0,867.44,867.4833333333335,854.7583333333333,875.8
2023-02-14 15:00:00,875.8,15,1,0,858.32,867.1866666666666,866.3716666666668,850.47
2023-02-14 16:00:00,850.47,16,1,0,875.8,861.5300000000001,864.7783333333333,818.0
2023-02-14 17:00:00,818.0,17,1,0,850.47,848.09,857.7866666666667,812.82
2023-02-14 18:00:00,812.82,18,1,0,818.0,827.0966666666667,847.1416666666668,454.23
2023-02-14 19:00:00,454.23,19,1,0,812.82,695.0166666666668,778.2733333333334,464.91
2023-02-14 20:00:00,464.91,20,1,0,454.23,577.32,712.7049999999999,148.27
2023-02-14 21:00:00,148.27,21,1,0,464.91,355.80333333333334,591.45,133.98
2023-02-14 22:00:00,133.98,22,1,0,148.27,249.05333333333337,472.035,144.96
2023-02-14 23:00:00,144.96,23,1,0,133.98,142.40333333333334,359.8616666666667,126.63
2023-02-15 00:00:00,126.63,0,2,0,144.96,135.19000000000003,245.49666666666667,160.09
2023-02-15 01:00:00,160.09,1,2,0,126.63,143.89333333333335,196.47333333333336,197.73
2023-02-15 02:00:00,197.73,2,2,0,160.09,161.48333333333335,151.94333333333333,166.56
2023-02-15 03:00:00,166.56,3,2,0,197.73,174.79333333333332,154.99166666666665,159.49
2023-02-15 04:00:00,159.49,4,2,0,166.56,174.59333333333333,159.24333333333334,152.95
2023-02-15 05:00:00,152.95,5,2,0,159.49,159.66666666666666,160.57500000000002,183.43
2023-02-15 06:00:00,183.43,6,2,0,152.95,165.29,170.04166666666666,479.82
2023-02-15 07:00:00,479.82,7,2,0,183.43,272.06666666666666,223.33,493.1
2023-02-15 08:00:00,493.1,8,2,0,479.82,385.45,272.55833333333334,786.27
2023-02-15 09:00:00,786.27,9,2,0,493.1,586.3966666666666,375.8433333333333,871.63
2023-02-15 10:00:00,871.63,10,2,0,786.27,717.0,494.5333333333333,851.96
2023-02-15 11:00:00,851.96,11,2,0,871.63,836.62,611.035,848.64
2023-02-15 12:00:00,848.64,12,2,0,851.96,857.41,721.9033333333333,899.11
2023-02-15 13:00:00,899.11,13,2,0,848.64,866.57,791.785,902.66
2023-02-15 14:00:00,902.66,14,2,0,899.11,883.4699999999999,860.045,885.65
2023-02-15 15:00:00,885.65,15,2,0,902.66,895.8066666666667,876.6083333333332,836.89
2023-02-15 16:00:00,836.89,16,2,0,885.65,875.0666666666666,870.8183333333333,806.93
2023-02-15 17:00:00,806.93,17,2,0,836.89,843.1566666666666,863.3133333333334,802.08
2023-02-15 18:00:00,802.08,18,2,0,806.93,815.2999999999998,855.5533333333333,454.47
2023-02-15 19:00:00,454.47,19,2,0,802.08,687.8266666666667,781.4466666666667,484.26
2023-02-15 20:00:00,484.26,20,2,0,454.47,580.2700000000001,711.7133333333333,149.05
2023-02-15 21:00:00,149.05,21,2,0,484.26,362.5933333333333,588.9466666666666,178.9
2023-02-15 22:00:00,178.9,22,2,0,149.05,270.7366666666667,479.2816666666667,147.53
2023-02-15 23:00:00,147.53,23,2,0,178.9,158.49333333333334,369.3816666666667,187.81
2023-02-16 00:00:00,187.81,0,3,0,147.53,171.41333333333333,267.00333333333333,156.46
2023-02-16 01:00:00,156.46,1,3,0,187.81,163.93333333333337,217.33500000000004,101.96
2023-02-16 02:00:00,101.96,2,3,0,156.46,148.74333333333334,153.61833333333334,143.67
2023-02-16 03:00:00,143.67,3,3,0,101.96,134.03,152.72166666666666,142.33
2023-02-16 04:00:00,142.33,4,3,0,143.67,129.32,146.62666666666667,162.16
2023-02-16 05:00:00,162.16,5,3,0,142.33,149.38666666666666,149.065,147.14
2023-02-16 06:00:00,147.14,6,3,0,162.16,150.54333333333332,142.28666666666666,516.99
2023-02-16 07:00:00,516.99,7,3,0,147.14,275.43,202.375,504.82
2023-02-16 08:00:00,504.82,8,3,0,516.99,389.65000000000003,269.5183333333333,775.53
2023-02-16 09:00:00,775.53,9,3,0,504.82,599.1133333333333,374.8283333333334,810.73
2023-02-16 10:00:00,810.73,10,3,0,775.53,697.0266666666666,486.2283333333333,866.73
2023-02-16 11:00:00,866.73,11,3,0,810.73,817.6633333333334,603.6566666666666,820.76
2023-02-16 12:00:00,820.76,12,3,0,866.73,832.7400000000001,715.9266666666666,907.97
2023-02-16 13:00:00,907.97,13,3,0,820.76,865.1533333333333,781.09,876.38
2023-02-16 14:00:00,876.38,14,3,0,907.97,868.37,843.0166666666665,885.51
2023-02-16 15:00:00,885.51,15,3,0,876.38,889.9533333333334,861.3466666666667,867.67
2023-02-16 16:00:00,867.67,16,3,0,885.51,876.52,870.8366666666667,848.61
2023-02-16 17:00:00,848.61,17,3,0,867.67,867.2633333333333,867.8166666666666,788.71
2023-02-16 18:00:00,788.71,18,3,0,848.61,834.9966666666668,862.4749999999999,494.75
2023-02-16 19:00:00,494.75,19,3,0,788.71,710.69,793.605,490.31
2023-02-16 20:00:00,490.31,20,3,0,494.75,591.2566666666667,729.2600000000001,140.44
2023-02-16 21:00:00,140.44,21,3,0,490.31,375.1666666666667,605.0816666666666,172.42
2023-02-16 22:00:00,172.42,22,3,0,140.44,267.72333333333336,489.20666666666665,109.3
2023-02-16 23:00:00,109.3,23,3,0,172.42,140.72000000000003,365.9883333333334,204.81
2023-02-17 00:00:00,204.81,0,4,0,109.3,162.1766666666667,268.6716666666667,166.33
2023-02-17 01:00:00,166.33,1,4,0,204.81,160.14666666666673,213.93500000000003,168.18
2023-02-17 02:00:00,168.18,2,4,0,166.33,179.7733333333334,160.24666666666664,164.18
2023-02-17 03:00:00,164.18,3,4,0,168.18,166.23000000000005,164.20333333333335,175.44
2023-02-17 04:00:00,175.44,4,4,0,164.18,169.26666666666668,164.70666666666668,196.7
2023-02-17 05:00:00,196.7,5,4,0,175.44,178.7733333333334,179.2733333333333,180.27
2023-02-17 06:00:00,180.27,6,4,0,196.7,184.13666666666668,175.1833333333333,503.68
2023-02-17 07:00:00,503.68,7,4,0,180.27,293.55,231.40833333333333,473.81
2023-02-17 08:00:00,473.81,8,4,0,503.68,385.9200000000001,282.34666666666664,842.85
2023-02-17 09:00:00,842.85,9,4,0,473.81,606.7800000000001,395.4583333333333,835.62
2023-02-17 10:00:00,835.62,10,4,0,842.85,717.4266666666667,505.4883333333334,839.65
2023-02-17 11:00:00,839.65,11,4,0,835.62,839.3733333333333,612.6466666666666,865.15
2023-02-17 12:00:00,865.15,12,4,0,839.65,846.8066666666667,726.7933333333334,831.82
2023-02-17 13:00:00,831.82,13,4,0,865.15,845.54,781.4833333333332,897.1
2023-02-17 14:00:00,897.1,14,4,0,831.82,864.69,852.0316666666668,891.31
2023-02-17 15:00:00,891.31,15,4,0,897.1,873.41,860.1083333333332,814.12
2023-02-17 16:00:00,814.12,16,4,0,891.31,867.5099999999999,856.5250000000001,858.59
2023-02-17 17:00:00,858.59,17,4,0,814.12,854.6733333333333,859.6816666666667,802.5
2023-02-17 18:00:00,802.5,18,4,0,858.59,825.07,849.2400000000001,495.73
2023-02-17 19:00:00,495.73,19,4,0,802.5,718.94,793.225,492.29
2023-02-17 20:00:00,492.29,20,4,0,495.73,596.84,725.7566666666667,167.98
2023-02-17 21:00:00,167.98,21,4,0,492.29,385.3333333333334,605.2016666666667,162.59
2023-02-17 22:00:00,162.59,22,4,0,167.98,274.2866666666667,496.6133333333334,129.05
2023-02-17 23:00:00,129.05,23,4,0,162.59,153.2066666666667,375.0233333333333,230.11
2023-02-18 00:00:00,230.11,0,5,1,129.05,173.9166666666667,279.625,268.3
2023-02-18 01:00:00,268.3,1,5,1,230.11,209.1533333333334,241.72000000000003,203.62
2023-02-18 02:00:00,203.62,2,5,1,268.3,234.01000000000008,193.60833333333335,253.33
2023-02-18 03:00:00,253.33,3,5,1,203.62,241.75000000000003,207.83333333333334,259.26
2023-02-18 04:00:00,259.26,4,5,1,253.33,238.73666666666668,223.94500000000002,213.5
2023-02-18 05:00:00,213.5,5,5,1,259.26,242.03000000000006,238.01999999999998,269.85
2023-02-18 06:00:00,269.85,6,5,1,213.5,247.53666666666672,244.64333333333335,260.12
2023-02-18 07:00:00,260.12,7,5,1,269.85,247.82333333333335,243.27999999999997,269.37
2023-02-18 08:00:00,269.37,8,5,1,260.12,266.4466666666667,254.23833333333334,255.19
2023-02-18 09:00:00,255.19,9,5,1,269.37,261.56,254.54833333333337,244.87
2023-02-18 10:00:00,244.87,10,5,1,255.19,256.4766666666667,252.15,231.9
2023-02-18 11:00:00,231.9,11,5,1,244.87,243.98666666666668,255.2166666666667,281.91
2023-02-18 12:00:00,281.91,12,5,1,231.9,252.89333333333335,257.2266666666667,258.15
2023-02-18 13:00:00,258.15,13,5,1,281.91,257.32,256.89833333333337,256.33
2023-02-18 14:00:00,256.33,14,5,1,258.15,265.46333333333337,254.725,248.11
2023-02-18 15:00:00,248.11,15,5,1,256.33,254.1966666666667,253.545,229.35
2023-02-18 16:00:00,229.35,16,5,1,248.11,244.5966666666667,250.95833333333334,219.07
2023-02-18 17:00:00,219.07,17,5,1,229.35,232.1766666666667,248.81999999999996,204.97
2023-02-18 18:00:00,204.97,18,5,1,219.07,217.7966666666667,235.99666666666664,225.64
2023-02-18 19:00:00,225.64,19,5,1,204.97,216.56000000000003,230.57833333333335,241.49
2023-02-18 20:00:00,241.49,20,5,1,225.64,224.0333333333334,228.10500000000002,258.69
2023-02-18 21:00:00,258.69,21,5,1,241.49,241.94000000000003,229.86833333333334,233.97
2023-02-18 22:00:00,233.97,22,5,1,258.69,244.7166666666667,230.63833333333332,232.88
2023-02-18 23:00:00,232.88,23,5,1,233.97,241.8466666666667,232.94000000000003,217.81
2023-02-19 00:00:00,217.81,0,6,1,232.88,228.22000000000003,235.08,253.93
2023-02-19 01:00:00,253.93,1,6,1,217.81,234.87333333333333,239.795,247.77
2023-02-19 02:00:00,247.77,2,6,1,253.93,239.83666666666667,240.84166666666667,216.84
2023-02-19 03:00:00,216.84,3,6,1,247.77,239.51333333333335,233.86666666666667,242.33
2023-02-19 04:00:00,242.33,4,6,1,216.84,235.64666666666668,235.26000000000002,249.98
2023-02-19 05:00:00,249.98,5,6,1,242.33,236.38333333333335,238.11,240.73
2023-02-19 06:00:00,240.73,6,6,1,249.98,244.34666666666666,241.92999999999998,235.98
2023-02-19 07:00:00,235.98,7,6,1,240.73,242.23000000000002,238.9383333333333,225.1
2023-02-19 08:00:00,225.1,8,6,1,235.98,233.93666666666664,235.16,246.82
2023-02-19 09:00:00,246.82,9,6,1,225.1,235.9666666666667,240.15666666666667,224.85
2023-02-19 10:00:00,224.85,10,6,1,246.82,232.25666666666666,237.2433333333333,251.32
2023-02-19 11:00:00,251.32,11,6,1,224.85,240.99666666666667,237.46666666666667,240.35
2023-02-19 12:00:00,240.35,12,6,1,251.32,238.84,237.40333333333334,228.84
2023-02-19 13:00:00,228.84,13,6,1,240.35,240.17,236.21333333333334,177.14
2023-02-19 14:00:00,177.14,14,6,1,228.84,215.44333333333336,228.22,293.75
2023-02-19 15:00:00,293.75,15,6,1,177.14,233.24333333333334,236.04166666666666,234.1
2023-02-19 16:00:00,234.1,16,6,1,293.75,234.99666666666667,237.58333333333334,216.7
2023-02-19 17:00:00,216.7,17,6,1,234.1,248.1833333333333,231.8133333333333,221.23
2023-02-19 18:00:00,221.23,18,6,1,216.7,224.01,228.62666666666667,226.64
2023-02-19 19:00:00,226.64,19,6,1,221.23,221.5233333333333,228.26,249.21
2023-02-19 20:00:00,249.21,20,6,1,226.64,232.36,240.27166666666665,258.96
2023-02-19 21:00:00,258.96,21,6,1,249.21,244.93666666666664,234.47333333333333,240.26
2023-02-19 22:00:00,240.26,22,6,1,258.96,249.47666666666666,235.5,258.23
2023-02-19 23:00:00,258.23,23,6,1,240.26,252.48333333333332,242.42166666666665,179.16
2023-02-20 00:00:00,179.16,0,0,0,258.23,225.88333333333333,235.41,163.4
2023-02-20 01:00:00,163.4,1,0,0,179.16,200.26333333333332,224.87,152.6
2023-02-20 02:00:00,152.6,2,0,0,163.4,165.0533333333333,208.76833333333335,147.38
2023-02-20 03:00:00,147.38,3,0,0,152.6,154.46,190.17166666666665,152.3
2023-02-20 04:00:00,152.3,4,0,0,147.38,150.76,175.51166666666666,166.34
2023-02-20 05:00:00,166.34,5,0,0,152.3,155.34,160.1966666666667,180.94
2023-02-20 06:00:00,180.94,6,0,0,166.34,166.52666666666667,160.49333333333334,511.67
2023-02-20 07:00:00,511.67,7,0,0,180.94,286.31666666666666,218.53833333333333,445.77
2023-02-20 08:00:00,445.77,8,0,0,511.67,379.46000000000004,267.40000000000003,803.71
2023-02-20 09:00:00,803.71,9,0,0,445.77,587.0500000000001,376.78833333333336,812.56
2023-02-20 10:00:00,812.56,10,0,0,803.71,687.3466666666667,486.8316666666667,868.12
2023-02-20 11:00:00,868.12,11,0,0,812.56,828.13,603.795,848.93
2023-02-20 12:00:00,848.93,12,0,0,868.12,843.2033333333333,715.1266666666667,898.88
2023-02-20 13:00:00,898.88,13,0,0,848.93,871.9766666666666,779.6616666666667,906.85
2023-02-20 14:00:00,906.85,14,0,0,898.88,884.8866666666667,856.5083333333333,817.97
2023-02-20 15:00:00,817.97,15,0,0,906.85,874.5666666666666,858.8850000000001,881.91
2023-02-20 16:00:00,881.91,16,0,0,817.97,868.91,870.4433333333333,824.97
2023-02-20 17:00:00,824.97,17,0,0,881.91,841.6166666666667,863.2516666666667,787.57
2023-02-20 18:00:00,787.57,18,0,0,824.97,831.4833333333332,853.025,475.01
2023-02-20 19:00:00,475.01,19,0,0,787.57,695.85,782.38,478.55
2023-02-20 20:00:00,478.55,20,0,0,475.01,580.3766666666667,710.9966666666668,166.29
2023-02-20 21:00:00,166.29,21,0,0,478.55,373.2833333333333,602.3833333333333,175.71
2023-02-20 22:00:00,175.71,22,0,0,166.29,273.51666666666665,484.6833333333334,162.19
2023-02-20 23:00:00,162.19,23,0,0,175.71,168.06333333333333,374.21999999999997,156.32
2023-02-21 00:00:00,156.32,0,1,0,162.19,164.73999999999998,269.01166666666666,146.87
2023-02-21 01:00:00,146.87,1,1,0,156.32,155.12666666666667,214.3216666666667,177.93
2023-02-21 02:00:00,177.93,2,1,0,146.87,160.37333333333333,164.21833333333333,150.79
2023-02-21 03:00:00,150.79,3,1,0,177.93,158.53,161.635,151.52
2023-02-21 04:00:00,151.52,4,1,0,150.79,160.08,157.60333333333332,155.84
2023-02-21 05:00:00,155.84,5,1,0,151.52,152.71666666666667,156.545,122.81
2023-02-21 06:00:00,122.81,6,1,0,155.84,143.39000000000001,150.96,521.39
2023-02-21 07:00:00,521.39,7,1,0,122.81,266.68,213.38000000000002,474.78
2023-02-21 08:00:00,474.78,8,1,0,521.39,372.99333333333334,262.855,797.78
2023-02-21 09:00:00,797.78,9,1,0,474.78,597.9833333333333,370.68666666666667,811.78
2023-02-21 10:00:00,811.78,10,1,0,797.78,694.7800000000001,480.73,843.55
2023-02-21 11:00:00,843.55,11,1,0,811.78,817.7033333333334,595.3483333333332,873.74
2023-02-21 12:00:00,873.74,12,1,0,843.55,843.0233333333332,720.5033333333332,849.82
2023-02-21 13:00:00,849.82,13,1,0,873.74,855.7033333333334,775.2416666666667,869.95
2023-02-21 14:00:00,869.95,14,1,0,849.82,864.5033333333334,841.1033333333335,850.97
2023-02-21 15:00:00,850.97,15,1,0,869.95,856.9133333333334,849.9683333333332,871.2
2023-02-21 16:00:00,871.2,16,1,0,850.97,864.0400000000001,859.8716666666666,854.19
2023-02-21 17:00:00,854.19,17,1,0,871.2,858.7866666666667,861.645,806.46
2023-02-21 18:00:00,806.46,18,1,0,854.19,843.9500000000002,850.4316666666667,474.08
2023-02-21 19:00:00,474.08,19,1,0,806.46,711.5766666666667,787.8083333333334,473.79
2023-02-21 20:00:00,473.79,20,1,0,474.08,584.7766666666668,721.7816666666668,207.27
2023-02-21 21:00:00,207.27,21,1,0,473.79,385.0466666666667,614.4983333333333,183.89
2023-02-21 22:00:00,183.89,22,1,0,207.27,288.3166666666667,499.9466666666667,184.79
2023-02-21 23:00:00,184.79,23,1,0,183.89,191.98333333333335,388.38000000000005,146.41
2023-02-22 00:00:00,146.41,0,2,0,184.79,171.69666666666672,278.37166666666667,159.96
2023-02-22 01:00:00,159.96,1,2,0,146.41,163.72000000000006,226.01833333333335,159.18
2023-02-22 02:00:00,159.18,2,2,0,159.96,155.18333333333337,173.58333333333334,130.24
2023-02-22 03:00:00,130.24,3,2,0,159.18,149.79333333333338,160.745,164.34
2023-02-22 04:00:00,164.34,4,2,0,130.24,151.25333333333336,157.48666666666668,195.46
2023-02-22 05:00:00,195.46,5,2,0,164.34,163.34666666666672,159.26500000000001,173.8
2023-02-22 06:00:00,173.8,6,2,0,195.46,177.8666666666667,163.83,476.46
2023-02-22 07:00:00,476.46,7,2,0,173.8,281.9066666666667,216.58,497.52
2023-02-22 08:00:00,497.52,8,2,0,476.46,382.5933333333333,272.97,836.9
2023-02-22 09:00:00,836.9,9,2,0,497.52,603.6266666666667,390.7466666666666,811.95
2023-02-22 10:00:00,811.95,10,2,0,836.9,715.4566666666666,498.6816666666667,851.07
2023-02-22 11:00:00,851.07,11,2,0,811.95,833.3066666666667,607.95,830.32
2023-02-22 12:00:00,830.32,12,2,0,851.07,831.1133333333333,717.37,865.75
2023-02-22 13:00:00,865.75,13,2,0,830.32,849.0466666666667,782.2516666666667,903.64
2023-02-22 14:00:00,903.64,14,2,0,865.75,866.57,849.9383333333334,891.87
2023-02-22 15:00:00,891.87,15,2,0,903.64,887.0866666666667,859.1,881.39
2023-02-22 16:00:00,881.39,16,2,0,891.87,892.3000000000001,870.6733333333333,853.79
2023-02-22 17:00:00,853.79,17,2,0,881.39,875.6833333333334,871.1266666666667,821.05
2023-02-22 18:00:00,821.05,18,2,0,853.79,852.0766666666667,869.5816666666666,468.58
2023-02-22 19:00:00,468.58,19,2,0,821.05,714.4733333333334,803.3866666666667,444.38
2023-02-22 20:00:00,444.38,20,2,0,468.58,578.0033333333334,726.8433333333332,167.83
2023-02-22 21:00:00,167.83,21,2,0,444.38,360.2633333333334,606.17,156.26
2023-02-22 22:00:00,156.26,22,2,0,167.83,256.15666666666675,485.315,194.4
2023-02-22 23:00:00,194.4,23,2,0,156.26,172.83000000000007,375.4166666666667,119.03
2023-02-23 00:00:00,119.03,0,3,0,194.4,156.5633333333334,258.4133333333333,165.39
2023-02-23 01:00:00,165.39,1,3,0,119.03,159.6066666666667,207.88166666666666,156.63
2023-02-23 02:00:00,156.63,2,3,0,165.39,147.01666666666674,159.92333333333335,149.16
2023-02-23 03:00:00,149.16,3,3,0,156.63,157.0600000000001,156.81166666666667,132.68
2023-02-23 04:00:00,132.68,4,3,0,149.16,146.15666666666672,152.88166666666666,179.38
2023-02-23 05:00:00,179.38,5,3,0,132.68,153.7400000000001,150.37833333333333,150.02
2023-02-23 06:00:00,150.02,6,3,0,179.38,154.02666666666676,155.54333333333332,477.83
2023-02-23 07:00:00,477.83,7,3,0,150.02,269.07666666666677,207.61666666666665,433.95
2023-02-23 08:00:00,433.95,8,3,0,477.83,353.9333333333334,253.83666666666667,823.5
2023-02-23 09:00:00,823.5,9,3,0,433.95,578.4266666666667,366.22666666666663,831.47
2023-02-23 10:00:00,831.47,10,3,0,823.5,696.3066666666667,482.69166666666666,859.95
2023-02-23 11:00:00,859.95,11,3,0,831.47,838.3066666666667,596.12,856.51
2023-02-23 12:00:00,856.51,12,3,0,859.95,849.3100000000001,713.8683333333333,880.37
2023-02-23 13:00:00,880.37,13,3,0,856.51,865.6100000000001,780.9583333333334,875.19
2023-02-23 14:00:00,875.19,14,3,0,880.37,870.69,854.4983333333334,912.29
2023-02-23 15:00:00,912.29,15,3,0,875.19,889.2833333333334,869.2966666666667,885.11
2023-02-23 16:00:00,885.11,16,3,0,912.29,890.8633333333333,878.2366666666667,856.37
2023-02-23 17:00:00,856.37,17,3,0,885.11,884.5900000000001,877.64,798.09
2023-02-23 18:00:00,798.09,18,3,0,856.37,846.5233333333335,867.9033333333333,479.66
2023-02-23 19:00:00,479.66,19,3,0,798.09,711.3733333333334,801.1183333333333,470.5
2023-02-23 20:00:00,470.5,20,3,0,479.66,582.7500000000001,733.6700000000001,156.44
2023-02-23 21:00:00,156.44,21,3,0,470.5,368.8666666666668,607.695,171.08
2023-02-23 22:00:00,171.08,22,3,0,156.44,266.0066666666667,488.69,153.45
2023-02-23 23:00:00,153.45,23,3,0,171.08,160.3233333333334,371.5366666666667,159.52
2023-02-24 00:00:00,159.52,0,4,0,153.45,161.35000000000008,265.10833333333335,191.14
2023-02-24 01:00:00,191.14,1,4,0,159.52,168.03666666666675,217.02166666666665,147.97
2023-02-24 02:00:00,147.97,2,4,0,191.14,166.21000000000006,163.26666666666665,143.76
2023-02-24 03:00:00,143.76,3,4,0,147.97,160.95666666666673,161.15333333333334,118.43
2023-02-24 04:00:00,118.43,4,4,0,143.76,136.72000000000006,152.37833333333333,177.25
2023-02-24 05:00:00,177.25,5,4,0,118.43,146.48000000000005,156.345,191.86
2023-02-24 06:00:00,191.86,6,4,0,177.25,162.5133333333334,161.73499999999999,511.2
2023-02-24 07:00:00,511.2,7,4,0,191.86,293.4366666666668,215.0783333333333,484.92
2023-02-24 08:00:00,484.92,8,4,0,511.2,395.9933333333334,271.2366666666666,788.5
2023-02-24 09:00:00,788.5,9,4,0,484.92,594.8733333333334,378.6933333333333,866.18
2023-02-24 10:00:00,866.18,10,4,0,788.5,713.2000000000002,503.3183333333333,848.25
2023-02-24 11:00:00,848.25,11,4,0,866.18,834.3100000000001,615.1516666666666,872.97
2023-02-24 12:00:00,872.97,12,4,0,848.25,862.4666666666667,728.67,854.71
2023-02-24 13:00:00,854.71,13,4,0,872.97,858.6433333333334,785.9216666666666,865.08
2023-02-24 14:00:00,865.08,14,4,0,854.71,864.2533333333334,849.2816666666668,871.38
2023-02-24 15:00:00,871.38,15,4,0,865.08,863.7233333333334,863.0949999999999,836.0
2023-02-24 16:00:00,836.0,16,4,0,871.38,857.4866666666667,858.0649999999999,794.32
2023-02-24 17:00:00,794.32,17,4,0,836.0,833.9000000000001,849.0766666666667,775.1
2023-02-24 18:00:00,775.1,18,4,0,794.32,801.8066666666667,832.765,461.01
2023-02-24 19:00:00,461.01,19,4,0,775.1,676.8100000000001,767.1483333333334,480.7
2023-02-24 20:00:00,480.7,20,4,0,461.01,572.2700000000001,703.085,175.53
2023-02-24 21:00:00,175.53,21,4,0,480.7,372.41333333333336,587.11,163.97
2023-02-24 22:00:00,163.97,22,4,0,175.53,273.40000000000003,475.105,171.4
2023-02-24 23:00:00,171.4,23,4,0,163.97,170.30000000000004,371.285,248.1
2023-02-25 00:00:00,248.1,0,5,1,171.4,194.49000000000004,283.45166666666665,234.9
2023-02-25 01:00:00,234.9,1,5,1,248.1,218.13333333333335,245.76666666666665,230.63
2023-02-25 02:00:00,230.63,2,5,1,234.9,237.8766666666667,204.08833333333334,246.53
2023-02-25 03:00:00,246.53,3,5,1,230.63,237.35333333333338,215.9216666666667,239.55
2023-02-25 04:00:00,239.55,4,5,1,246.53,238.9033333333334,228.51833333333335,226.52
2023-02-25 05:00:00,226.52,5,5,1,239.55,237.5333333333334,237.705,255.68
2023-02-25 06:00:00,255.68,6,5,1,226.52,240.58333333333337,238.96833333333336,279.66
2023-02-25 07:00:00,279.66,7,5,1,255.68,253.95333333333338,246.42833333333337,223.23
2023-02-25 08:00:00,223.23,8,5,1,279.66,252.8566666666667,245.19500000000002,249.88
2023-02-25 09:00:00,249.88,9,5,1,223.23,250.92333333333337,245.75333333333333,239.06
2023-02-25 10:00:00,239.06,10,5,1,249.88,237.39000000000007,245.67166666666665,225.37
2023-02-25 11:00:00,225.37,11,5,1,239.06,238.10333333333338,245.48000000000002,214.95
2023-02-25 12:00:00,214.95,12,5,1,225.37,226.46000000000004,238.69166666666663,261.69
2023-02-25 13:00:00,261.69,13,5,1,214.95,234.00333333333342,235.69666666666663,241.66
2023-02-25 14:00:00,241.66,14,5,1,261.69,239.4333333333334,238.76833333333335,205.68
2023-02-25 15:00:00,205.68,15,5,1,241.66,236.3433333333334,231.40166666666664,302.09
2023-02-25 16:00:00,302.09,16,5,1,205.68,249.81000000000006,241.90666666666667,216.02
2023-02-25 17:00:00,216.02,17,5,1,302.09,241.2633333333334,240.34833333333333,244.7
2023-02-25 18:00:00,244.7,18,5,1,216.02,254.27000000000007,245.30666666666664,217.49
2023-02-25 19:00:00,217.49,19,5,1,244.7,226.07000000000008,237.93999999999997,253.05
2023-02-25 20:00:00,253.05,20,5,1,217.49,238.4133333333334,239.83833333333334,245.81
2023-02-25 21:00:00,245.81,21,5,1,253.05,238.78333333333342,246.52666666666667,236.6
2023-02-25 22:00:00,236.6,22,5,1,245.81,245.15333333333342,235.61166666666668,253.17
2023-02-25 23:00:00,253.17,23,5,1,236.6,245.1933333333334,241.8033333333333,244.04
2023-02-26 00:00:00,244.04,0,6,1,253.17,244.60333333333338,241.69333333333336,242.59
2023-02-26 01:00:00,242.59,1,6,1,244.04,246.60000000000005,245.87666666666667,238.06
2023-02-26 02:00:00,238.06,2,6,1,242.59,241.56333333333342,243.37833333333333,243.14
2023-02-26 03:00:00,243.14,3,6,1,238.06,241.2633333333334,242.9333333333333,251.64
2023-02-26 04:00:00,251.64,4,6,1,243.14,244.28000000000006,245.44000000000003,296.01
2023-02-26 05:00:00,296.01,5,6,1,251.64,263.59666666666675,252.58,243.07
2023-02-26 06:00:00,243.07,6,6,1,296.01,263.57333333333344,252.41833333333332,237.18
2023-02-26 07:00:00,237.18,7,6,1,243.07,258.7533333333334,251.51666666666665,266.39
2023-02-26 08:00:00,266.39,8,6,1,237.18,248.88000000000008,256.2383333333333,255.58
2023-02-26 09:00:00,255.58,9,6,1,266.39,253.05000000000007,258.31166666666667,244.74
2023-02-26 10:00:00,244.74,10,6,1,255.58,255.57000000000008,257.16166666666663,240.95
2023-02-26 11:00:00,240.95,11,6,1,244.74,247.09000000000006,247.985,249.84
2023-02-26 12:00:00,249.84,12,6,1,240.95,245.17666666666673,249.11333333333332,232.51
2023-02-26 13:00:00,232.51,13,6,1,249.84,241.10000000000005,248.33500000000004,224.31
2023-02-26 14:00:00,224.31,14,6,1,232.51,235.55333333333343,241.3216666666667,232.58
2023-02-26 15:00:00,232.58,15,6,1,224.31,229.80000000000007,237.48833333333334,227.17
2023-02-26 16:00:00,227.17,16,6,1,232.58,228.02000000000007,234.56000000000003,219.61
2023-02-26 17:00:00,219.61,17,6,1,227.17,226.4533333333334,231.00333333333333,248.47
2023-02-26 18:00:00,248.47,18,6,1,219.61,231.75000000000009,230.77499999999998,219.02
2023-02-26 19:00:00,219.02,19,6,1,248.47,229.03333333333342,228.52666666666664,221.02
2023-02-26 20:00:00,221.02,20,6,1,219.02,229.50333333333342,227.97833333333332,227.11
2023-02-26 21:00:00,227.11,21,6,1,221.02,222.3833333333334,227.0666666666667,277.24
2023-02-26 22:00:00,277.24,22,6,1,227.11,241.79000000000008,235.41166666666666,242.14
2023-02-26 23:00:00,242.14,23,6,1,277.24,248.83000000000007,239.16666666666666,140.26
2023-02-27 00:00:00,140.26,0,0,0,242.14,219.88000000000008,221.13166666666666,155.75
2023-02-27 01:00:00,155.75,1,0,0,140.26,179.3833333333334,210.58666666666667,147.01
2023-02-27 02:00:00,147.01,2,0,0,155.75,147.6733333333334,198.2516666666667,164.34
2023-02-27 03:00:00,164.34,3,0,0,147.01,155.70000000000007,187.79,146.16
2023-02-27 04:00:00,146.16,4,0,0,164.34,152.50333333333342,165.94333333333333,160.78
2023-02-27 05:00:00,160.78,5,0,0,146.16,157.0933333333334,152.38333333333333,180.48
2023-02-27 06:00:00,180.48,6,0,0,160.78,162.4733333333334,159.08666666666667,517.32
2023-02-27 07:00:00,517.32,7,0,0,180.48,286.19333333333344,219.34833333333336,483.76
2023-02-27 08:00:00,483.76,8,0,0,517.32,393.85333333333347,275.47333333333336,831.66
2023-02-27 09:00:00,831.66,9,0,0,483.76,610.9133333333334,386.6933333333333,792.09
2023-02-27 10:00:00,792.09,10,0,0,831.66,702.5033333333334,494.34833333333336,870.52
2023-02-27 11:00:00,870.52,11,0,0,792.09,831.4233333333335,612.6383333333333,857.26
2023-02-27 12:00:00,857.26,12,0,0,870.52,839.9566666666668,725.435,889.52
2023-02-27 13:00:00,889.52,13,0,0,857.26,872.4333333333334,787.4683333333332,896.01
2023-02-27 14:00:00,896.01,14,0,0,889.52,880.93,856.1766666666666,853.21
2023-02-27 15:00:00,853.21,15,0,0,896.01,879.58,859.7683333333333,863.2
2023-02-27 16:00:00,863.2,16,0,0,853.21,870.8066666666668,871.6199999999999,824.85
2023-02-27 17:00:00,824.85,17,0,0,863.2,847.0866666666667,864.0083333333333,761.52
2023-02-27 18:00:00,761.52,18,0,0,824.85,816.5233333333334,848.0516666666666,470.96
2023-02-27 19:00:00,470.96,19,0,0,761.52,685.7766666666668,778.2916666666666,464.75
2023-02-27 20:00:00,464.75,20,0,0,470.96,565.7433333333335,706.415,124.75
2023-02-27 21:00:00,124.75,21,0,0,464.75,353.48666666666674,585.005,151.12
2023-02-27 22:00:00,151.12,22,0,0,124.75,246.87333333333336,466.325,152.25
2023-02-27 23:00:00,152.25,23,0,0,151.12,142.70666666666673,354.22499999999997,150.78
2023-02-28 00:00:00,150.78,0,1,0,152.25,151.3833333333334,252.43499999999997,178.3
2023-02-28 01:00:00,178.3,1,1,0,150.78,160.4433333333334,203.65833333333333,182.82
2023-02-28 02:00:00,182.82,2,1,0,178.3,170.6333333333334,156.67,156.31
2023-02-28 03:00:00,156.31,3,1,0,182.82,172.47666666666677,161.92999999999998,168.81
2023-02-28 04:00:00,168.81,4,1,0,156.31,169.3133333333334,164.87833333333336,164.17
2023-02-28 05:00:00,164.17,5,1,0,168.81,163.09666666666675,166.86499999999998,191.23
2023-02-28 06:00:00,191.23,6,1,0,164.17,174.73666666666676,173.60666666666665,480.48
2023-02-28 07:00:00,480.48,7,1,0,191.23,278.6266666666667,223.97000000000003,479.9
2023-02-28 08:00:00,479.9,8,1,0,480.48,383.87000000000006,273.48333333333335,793.85
2023-02-28 09:00:00,793.85,9,1,0,479.9,584.7433333333335,379.74,851.33
2023-02-28 10:00:00,851.33,10,1,0,793.85,708.3600000000001,493.49333333333334,829.48
2023-02-28 11:00:00,829.48,11,1,0,851.33,824.8866666666668,604.3783333333333,856.3
2023-02-28 12:00:00,856.3,12,1,0,829.48,845.7033333333334,715.2233333333334,859.18
2023-02-28 13:00:00,859.18,13,1,0,856.3,848.32,778.34,904.75
2023-02-28 14:00:00,904.75,14,1,0,859.18,873.4100000000002,849.1483333333334,906.91
2023-02-28 15:00:00,906.91,15,1,0,904.75,890.2800000000001,867.9916666666667,862.55
2023-02-28 16:00:00,862.55,16,1,0,906.91,891.4033333333333,869.8616666666667,817.47
2023-02-28 17:00:00,817.47,17,1,0,862.55,862.3100000000001,867.86,809.8
2023-02-28 18:00:00,809.8,18,1,0,817.47,829.94,860.11,454.66
2023-02-28 19:00:00,454.66,19,1,0,809.8,693.9766666666668,792.6899999999999,495.37
2023-02-28 20:00:00,495.37,20,1,0,454.66,586.6100000000001,724.46,205.02
2023-02-28 21:00:00,205.02,21,1,0,495.37,385.0166666666667,607.4783333333334,170.79
2023-02-28 22:00:00,170.79,22,1,0,205.02,290.3933333333334,492.18499999999995,166.68
2023-02-28 23:00:00,166.68,23,1,0,170.79,180.83000000000007,383.72,134.3
2023-03-01 00:00:00,134.3,0,2,0,166.68,157.25666666666675,271.1366666666667,184.98
2023-03-01 01:00:00,184.98,1,2,0,134.3,161.98666666666676,226.18999999999997,171.29
2023-03-01 02:00:00,171.29,2,2,0,184.98,163.5233333333334,172.17666666666665,164.49
2023-03-01 03:00:00,164.49,3,2,0,171.29,173.58666666666673,165.42166666666665,143.29
2023-03-01 04:00:00,143.29,4,2,0,164.49,159.69000000000005,160.83833333333334,165.79
2023-03-01 05:00:00,165.79,5,2,0,143.29,157.85666666666674,160.68999999999997,129.12
2023-03-01 06:00:00,129.12,6,2,0,165.79,146.06666666666675,159.82666666666668,504.44
2023-03-01 07:00:00,504.44,7,2,0,129.12,266.45000000000005,213.07000000000002,483.65
2023-03-01 08:00:00,483.65,8,2,0,504.44,372.4033333333334,265.13,795.86
2023-03-01 09:00:00,795.86,9,2,0,483.65,594.6500000000001,370.35833333333335,822.11
2023-03-01 10:00:00,822.11,10,2,0,795.86,700.54,483.49500000000006,858.4
2023-03-01 11:00:00,858.4,11,2,0,822.11,825.4566666666668,598.93,828.75
2023-03-01 12:00:00,828.75,12,2,0,858.4,836.4200000000001,715.535,887.41
2023-03-01 13:00:00,887.41,13,2,0,828.75,858.1866666666666,779.3633333333333,845.74
2023-03-01 14:00:00,845.74,14,2,0,887.41,853.9666666666667,839.7116666666667,871.74
2023-03-01 15:00:00,871.74,15,2,0,845.74,868.2966666666667,852.3583333333332,855.12
2023-03-01 16:00:00,855.12,16,2,0,871.74,857.5333333333334,857.86,809.49
2023-03-01 17:00:00,809.49,17,2,0,855.12,845.4499999999999,849.7083333333334,797.98
2023-03-01 18:00:00,797.98,18,2,0,809.49,820.8633333333333,844.5799999999999,461.5
2023-03-01 19:00:00,461.5,19,2,0,797.98,689.6566666666668,773.5949999999999,497.38
2023-03-01 20:00:00,497.38,20,2,0,461.5,585.62,715.535,154.34
2023-03-01 21:00:00,154.34,21,2,0,497.38,371.0733333333333,595.9683333333334,134.03
2023-03-01 22:00:00,134.03,22,2,0,154.34,261.9166666666667,475.78666666666663,143.78
2023-03-01 23:00:00,143.78,23,2,0,134.03,144.05000000000004,364.83500000000004,155.4
2023-03-02 00:00:00,155.4,0,3,0,143.78,144.40333333333336,257.73833333333334,160.92
2023-03-02 01:00:00,160.92,1,3,0,155.4,153.3666666666667,207.64166666666665,161.29
2023-03-02 02:00:00,161.29,2,3,0,160.92,159.20333333333338,151.62666666666667,178.6
2023-03-02 03:00:00,178.6,3,3,0,161.29,166.9366666666667,155.67,200.41
2023-03-02 04:00:00,200.41,4,3,0,178.6,180.10000000000005,166.73333333333332,160.81
2023-03-02 05:00:00,160.81,5,3,0,200.41,179.94000000000005,169.5716666666667,145.93
2023-03-02 06:00:00,145.93,6,3,0,160.81,169.05000000000004,167.9933333333333,513.41
2023-03-02 07:00:00,513.41,7,3,0,145.93,273.3833333333334,226.74166666666665,513.92
2023-03-02 08:00:00,513.92,8,3,0,513.41,391.08666666666676,285.5133333333333,783.55
2023-03-02 09:00:00,783.55,9,3,0,513.92,603.6266666666667,386.3383333333333,873.53
2023-03-02 10:00:00,873.53,10,3,0,783.55,723.6666666666666,498.52500000000003,845.93
2023-03-02 11:00:00,845.93,11,3,0,873.53,834.3366666666667,612.7116666666666,886.43
2023-03-02 12:00:00,886.43,12,3,0,845.93,868.63,736.1283333333332,839.47
2023-03-02 13:00:00,839.47,13,3,0,886.43,857.2766666666666,790.4716666666667,872.6
2023-03-02 14:00:00,872.6,14,3,0,839.47,866.1666666666666,850.2516666666667,892.49
2023-03-02 15:00:00,892.49,15,3,0,872.6,868.1866666666668,868.4083333333333,822.3
2023-03-02 16:00:00,822.3,16,3,0,892.49,862.4633333333335,859.87,813.39
2023-03-02 17:00:00,813.39,17,3,0,822.3,842.7266666666668,854.4466666666666,819.07
2023-03-02 18:00:00,819.07,18,3,0,813.39,818.2533333333334,843.2200000000001,483.5
2023-03-02 19:00:00,483.5,19,3,0,819.07,705.32,783.8916666666668,478.85
2023-03-02 20:00:00,478.85,20,3,0,483.5,593.8066666666667,718.2666666666668,151.61
2023-03-02 21:00:00,151.61,21,3,0,478.85,371.32,594.7866666666666,156.74
2023-03-02 22:00:00,156.74,22,3,0,151.61,262.40000000000003,483.86000000000007,193.85
2023-03-02 23:00:00,193.85,23,3,0,156.74,167.40000000000006,380.6033333333334,157.16
2023-03-03 00:00:00,157.16,0,4,0,193.85,169.25000000000003,270.285,167.25
2023-03-03 01:00:00,167.25,1,4,0,157.16,172.75333333333336,217.57666666666668,174.76
2023-03-03 02:00:00,174.76,2,4,0,167.25,166.39000000000001,166.895,183.72
2023-03-03 03:00:00,183.72,3,4,0,174.76,175.24333333333337,172.24666666666667,142.49
2023-03-03 04:00:00,142.49,4,4,0,183.72,166.99000000000004,169.87166666666667,159.59
2023-03-03 05:00:00,159.59,5,4,0,142.49,161.93333333333337,164.16166666666666,130.04
2023-03-03 06:00:00,130.04,6,4,0,159.59,144.04000000000005,159.64166666666668,495.7
2023-03-03 07:00:00,495.7,7,4,0,130.04,261.7766666666667,214.38333333333333,443.4
2023-03-03 08:00:00,443.4,8,4,0,495.7,356.38000000000005,259.1566666666667,759.68
2023-03-03 09:00:00,759.68,9,4,0,443.4,566.2600000000001,355.1499999999999,819.87
2023-03-03 10:00:00,819.87,10,4,0,759.68,674.3166666666667,468.0466666666666,853.86
2023-03-03 11:00:00,853.86,11,4,0,819.87,811.1366666666668,583.7583333333333,860.96
2023-03-03 12:00:00,860.96,12,4,0,853.86,844.8966666666666,705.5783333333333,881.3
2023-03-03 13:00:00,881.3,13,4,0,860.96,865.3733333333334,769.8449999999999,884.22
2023-03-03 14:00:00,884.22,14,4,0,881.3,875.4933333333333,843.315,835.56
2023-03-03 15:00:00,835.56,15,4,0,884.22,867.0266666666666,855.9616666666667,878.01
2023-03-03 16:00:00,878.01,16,4,0,835.56,865.93,865.6516666666666,837.68
2023-03-03 17:00:00,837.68,17,4,0,878.01,850.4166666666666,862.9549999999999,810.84
2023-03-03 18:00:00,810.84,18,4,0,837.68,842.1766666666667,854.6016666666668,499.73
2023-03-03 19:00:00,499.73,19,4,0,810.84,716.0833333333334,791.0066666666667,509.56
2023-03-03 20:00:00,509.56,20,4,0,499.73,606.7100000000002,728.5633333333334,131.81
2023-03-03 21:00:00,131.81,21,4,0,509.56,380.36666666666673,611.2716666666666,157.06
2023-03-03 22:00:00,157.06,22,4,0,131.81,266.1433333333334,491.1133333333333,153.9
2023-03-03 23:00:00,153.9,23,4,0,157.06,147.59000000000003,377.15000000000003,221.69
2023-03-04 00:00:00,221.69,0,5,1,153.9,177.55000000000004,278.9583333333333,268.59
2023-03-04 01:00:00,268.59,1,5,1,221.69,214.7266666666667,240.43500000000003,292.89
2023-03-04 02:00:00,292.89,2,5,1,268.59,261.0566666666667,204.32333333333335,252.74
2023-03-04 03:00:00,252.74,3,5,1,292.89,271.4066666666667,224.47833333333335,234.35
2023-03-04 04:00:00,234.35,4,5,1,252.74,259.9933333333334,237.35999999999999,242.58
2023-03-04 05:00:00,242.58,5,5,1,234.35,243.2233333333334,252.14000000000001,257.49
2023-03-04 06:00:00,257.49,6,5,1,242.58,244.80666666666673,258.1066666666667,243.13
2023-03-04 07:00:00,243.13,7,5,1,257.49,247.73333333333338,253.86333333333334,197.33
2023-03-04 08:00:00,197.33,8,5,1,243.13,232.65000000000006,237.9366666666667,251.55
2023-03-04 09:00:00,251.55,9,5,1,197.33,230.67000000000007,237.73833333333334,237.6
2023-03-04 10:00:00,237.6,10,5,1,251.55,228.82666666666674,238.28,262.65
2023-03-04 11:00:00,262.65,11,5,1,237.6,250.60000000000005,241.625,262.47
2023-03-04 12:00:00,262.47,12,5,1,262.65,254.2400000000001,242.455,226.32
2023-03-04 13:00:00,226.32,13,5,1,262.47,250.48000000000005,239.65333333333334,276.41
2023-03-04 14:00:00,276.41,14,5,1,226.32,255.06666666666675,252.83333333333334,215.96
2023-03-04 15:00:00,215.96,15,5,1,276.41,239.5633333333334,246.90166666666667,233.3
2023-03-04 16:00:00,233.3,16,5,1,215.96,241.89000000000007,246.18500000000003,201.72
2023-03-04 17:00:00,201.72,17,5,1,233.3,216.99333333333342,236.03,189.26
2023-03-04 18:00:00,189.26,18,5,1,201.72,208.0933333333334,223.82833333333335,241.38
2023-03-04 19:00:00,241.38,19,5,1,189.26,210.78666666666672,226.33833333333334,271.32
2023-03-04 20:00:00,271.32,20,5,1,241.38,233.9866666666667,225.49,208.6
2023-03-04 21:00:00,208.6,21,5,1,271.32,240.4333333333334,224.26333333333332,237.22
2023-03-04 22:00:00,237.22,22,5,1,208.6,239.0466666666667,224.91666666666666,257.25
2023-03-04 23:00:00,257.25,23,5,1,237.22,234.3566666666667,234.17166666666665,208.43
2023-03-05 00:00:00,208.43,0,6,1,257.25,234.30000000000004,237.36666666666665,214.52
2023-03-05 01:00:00,214.52,1,6,1,208.43,226.73333333333338,232.89000000000001,260.35
2023-03-05 02:00:00,260.35,2,6,1,214.52,227.76666666666674,231.06166666666664,229.41
2023-03-05 03:00:00,229.41,3,6,1,260.35,234.76000000000008,234.53,229.71
2023-03-05 04:00:00,229.71,4,6,1,229.41,239.8233333333334,233.27833333333334,219.48
2023-03-05 05:00:00,219.48,5,6,1,229.71,226.20000000000005,226.98333333333332,238.88
2023-03-05 06:00:00,238.88,6,6,1,219.48,229.3566666666667,232.0583333333333,241.15
2023-03-05 07:00:00,241.15,7,6,1,238.88,233.17000000000007,236.49666666666667,227.92
2023-03-05 08:00:00,227.92,8,6,1,241.15,235.98333333333338,231.09166666666667,270.38
2023-03-05 09:00:00,270.38,9,6,1,227.92,246.48333333333338,237.92,237.77
2023-03-05 10:00:00,237.77,10,6,1,270.38,245.3566666666667,239.26333333333332,224.33
2023-03-05 11:00:00,224.33,11,6,1,237.77,244.16000000000008,240.0716666666667,260.31
2023-03-05 12:00:00,260.31,12,6,1,224.33,240.80333333333343,243.64333333333332,241.83
2023-03-05 13:00:00,241.83,13,6,1,260.31,242.15666666666675,243.7566666666667,248.7
2023-03-05 14:00:00,248.7,14,6,1,241.83,250.2800000000001,247.22,232.61
2023-03-05 15:00:00,232.61,15,6,1,248.7,241.04666666666674,240.92500000000004,244.66
2023-03-05 16:00:00,244.66,16,6,1,232.61,241.9900000000001,242.07333333333335,255.32
2023-03-05 17:00:00,255.32,17,6,1,244.66,244.19666666666674,247.23833333333334,203.3
2023-03-05 18:00:00,203.3,18,6,1,255.32,234.42666666666673,237.73666666666668,237.57
2023-03-05 19:00:00,237.57,19,6,1,203.3,232.06333333333342,237.02666666666664,226.54
2023-03-05 20:00:00,226.54,20,6,1,237.57,222.47000000000006,233.33333333333334,201.01
2023-03-05 21:00:00,201.01,21,6,1,226.54,221.70666666666673,228.06666666666663,273.76
2023-03-05 22:00:00,273.76,22,6,1,201.01,233.77000000000007,232.91666666666666,236.86
2023-03-05 23:00:00,236.86,23,6,1,273.76,237.21000000000012,229.84,189.09
2023-03-06 00:00:00,189.09,0,0,0,236.86,233.23666666666676,227.47166666666666,149.93
2023-03-06 01:00:00,149.93,1,0,0,189.09,191.96000000000012,212.865,175.27
2023-03-06 02:00:00,175.27,2,0,0,149.93,171.4300000000001,204.32000000000002,154.31
2023-03-06 03:00:00,154.31,3,0,0,175.27,159.83666666666676,196.53666666666672,150.9
2023-03-06 04:00:00,150.9,4,0,0,154.31,160.16000000000008,176.06000000000003,123.4
2023-03-06 05:00:00,123.4,5,0,0,150.9,142.8700000000001,157.15,170.34
2023-03-06 06:00:00,170.34,6,0,0,123.4,148.21333333333345,154.025,488.77
2023-03-06 07:00:00,488.77,7,0,0,170.34,260.83666666666676,210.49833333333333,468.89
2023-03-06 08:00:00,468.89,8,0,0,488.77,376.00000000000017,259.435,799.8
2023-03-06 09:00:00,799.8,9,0,0,468.89,585.82,367.01666666666665,848.56
2023-03-06 10:00:00,848.56,10,0,0,799.8,705.75,483.2933333333333,850.88
2023-03-06 11:00:00,850.88,11,0,0,848.56,833.08,604.54,887.95
2023-03-06 12:00:00,887.95,12,0,0,850.88,862.4633333333335,724.1416666666665,834.54
2023-03-06 13:00:00,834.54,13,0,0,887.95,857.7900000000001,781.77,877.41
2023-03-06 14:00:00,877.41,14,0,0,834.54,866.6333333333336,849.8566666666666,868.69
2023-03-06 15:00:00,868.69,15,0,0,877.41,860.2133333333335,861.3383333333333,844.73
2023-03-06 16:00:00,844.73,16,0,0,868.69,863.6100000000001,860.6999999999999,831.38
2023-03-06 17:00:00,831.38,17,0,0,844.73,848.2666666666669,857.4499999999999,788.08
2023-03-06 18:00:00,788.08,18,0,0,831.38,821.3966666666669,840.805,483.62
2023-03-06 19:00:00,483.62,19,0,0,788.08,701.0266666666668,782.3183333333333,487.23
2023-03-06 20:00:00,487.23,20,0,0,483.62,586.3100000000001,717.2883333333333,175.18
2023-03-06 21:00:00,175.18,21,0,0,487.23,382.01000000000016,601.7033333333333,192.37
2023-03-06 22:00:00,192.37,22,0,0,175.18,284.9266666666668,492.9766666666667,145.95
2023-03-06 23:00:00,145.95,23,0,0,192.37,171.16666666666677,378.7383333333334,189.05
2023-03-07 00:00:00,189.05,0,1,0,145.95,175.7900000000001,278.9,125.72
2023-03-07 01:00:00,125.72,1,1,0,189.05,153.57333333333347,219.25,141.13
2023-03-07 02:00:00,141.13,2,1,0,125.72,151.96666666666678,161.56666666666666,173.0
2023-03-07 03:00:00,173.0,3,1,0,141.13,146.6166666666668,161.20333333333335,204.07
2023-03-07 04:00:00,204.07,4,1,0,173.0,172.73333333333343,163.15333333333334,150.95
2023-03-07 05:00:00,150.95,5,1,0,204.07,176.00666666666677,163.98666666666665,152.86
2023-03-07 06:00:00,152.86,6,1,0,150.95,169.29333333333344,157.95499999999998,488.62
2023-03-07 07:00:00,488.62,7,1,0,152.86,264.1433333333335,218.43833333333336,489.09
2023-03-07 08:00:00,489.09,8,1,0,488.62,376.8566666666668,276.4316666666667,795.12
2023-03-07 09:00:00,795.12,9,1,0,489.09,590.9433333333335,380.11833333333334,821.97
2023-03-07 10:00:00,821.97,10,1,0,795.12,702.0600000000001,483.1016666666667,827.29
2023-03-07 11:00:00,827.29,11,1,0,821.97,814.7933333333334,595.8249999999999,881.64
2023-03-07 12:00:00,881.64,12,1,0,827.29,843.6333333333336,717.2883333333333,884.28
2023-03-07 13:00:00,884.28,13,1,0,881.64,864.4033333333333,783.2316666666666,853.66
2023-03-07 14:00:00,853.66,14,1,0,884.28,873.1933333333335,843.9933333333332,865.72
2023-03-07 15:00:00,865.72,15,1,0,853.66,867.8866666666668,855.7599999999999,873.67
2023-03-07 16:00:00,873.67,16,1,0,865.72,864.35,864.3766666666667,855.77
2023-03-07 17:00:00,855.77,17,1,0,873.67,865.0533333333334,869.1233333333333,830.16
2023-03-07 18:00:00,830.16,18,1,0,855.77,853.2000000000002,860.5433333333334,491.6
2023-03-07 19:00:00,491.6,19,1,0,830.16,725.8433333333334,795.0966666666667,499.35
2023-03-07 20:00:00,499.35,20,1,0,491.6,607.0366666666667,736.0450000000001,160.55
2023-03-07 21:00:00,160.55,21,1,0,499.35,383.8333333333335,618.5166666666667,143.99
2023-03-07 22:00:00,143.99,22,1,0,160.55,267.9633333333334,496.90333333333336,178.97
2023-03-07 23:00:00,178.97,23,1,0,143.99,161.1700000000001,384.1033333333334,129.73
2023-03-08 00:00:00,129.73,0,2,0,178.97,150.8966666666668,267.365,159.37
2023-03-08 01:00:00,159.37,1,2,0,129.73,156.02333333333345,211.99333333333334,162.74
2023-03-08 02:00:00,162.74,2,2,0,159.37,150.61333333333346,155.89166666666668,165.76
2023-03-08 03:00:00,165.76,3,2,0,162.74,162.62333333333345,156.76,148.02
2023-03-08 04:00:00,148.02,4,2,0,165.76,158.84000000000012,157.43166666666664,158.55
2023-03-08 05:00:00,158.55,5,2,0,148.02,157.44333333333347,154.02833333333334,190.65
2023-03-08 06:00:00,190.65,6,2,0,158.55,165.74000000000012,164.18166666666667,507.55
2023-03-08 07:00:00,507.55,7,2,0,190.65,285.5833333333335,222.21166666666667,496.51
2023-03-08 08:00:00,496.51,8,2,0,507.55,398.23666666666674,277.84,792.5
2023-03-08 09:00:00,792.5,9,2,0,496.51,598.8533333333335,382.2966666666666,844.78
2023-03-08 10:00:00,844.78,10,2,0,792.5,711.2633333333334,498.42333333333335,862.57
2023-03-08 11:00:00,862.57,11,2,0,844.78,833.2833333333334,615.76,893.62
2023-03-08 12:00:00,893.62,12,2,0,862.57,866.9900000000001,732.9216666666666,849.29
2023-03-08 13:00:00,849.29,13,2,0,893.62,868.4933333333335,789.8783333333334,859.84
2023-03-08 14:00:00,859.84,14,2,0,849.29,867.5833333333334,850.4333333333333,878.66
2023-03-08 15:00:00,878.66,15,2,0,859.84,862.5966666666668,864.7933333333334,843.72
2023-03-08 16:00:00,843.72,16,2,0,878.66,860.7400000000001,864.6166666666667,801.49
2023-03-08 17:00:00,801.49,17,2,0,843.72,841.2900000000001,854.4366666666668,815.09
2023-03-08 18:00:00,815.09,18,2,0,801.49,820.1,841.3483333333332,487.37
2023-03-08 19:00:00,487.37,19,2,0,815.09,701.3166666666667,781.0283333333333,440.19
2023-03-08 20:00:00,440.19,20,2,0,487.37,580.8833333333334,711.0866666666666,179.58
2023-03-08 21:00:00,179.58,21,2,0,440.19,369.0466666666668,594.5733333333334,172.87
2023-03-08 22:00:00,172.87,22,2,0,179.58,264.2133333333334,482.76500000000004,156.02
2023-03-08 23:00:00,156.02,23,2,0,172.87,169.49000000000012,375.18666666666667,159.43
2023-03-09 00:00:00,159.43,0,3,0,156.02,162.77333333333345,265.91,185.47
2023-03-09 01:00:00,185.47,1,3,0,159.43,166.97333333333347,215.59333333333333,149.58
2023-03-09 02:00:00,149.58,2,3,0,185.47,164.8266666666668,167.15833333333333,160.82
2023-03-09 03:00:00,160.82,3,3,0,149.58,165.2900000000001,164.03166666666667,177.41
2023-03-09 04:00:00,177.41,4,3,0,160.82,162.60333333333344,164.78833333333333,169.68
2023-03-09 05:00:00,169.68,5,3,0,177.41,169.30333333333343,167.06500000000003,178.04
2023-03-09 06:00:00,178.04,6,3,0,169.68,175.04333333333344,170.16666666666666,507.63
2023-03-09 07:00:00,507.63,7,3,0,178.04,285.1166666666668,223.85999999999999,467.54
2023-03-09 08:00:00,467.54,8,3,0,507.63,384.4033333333334,276.85333333333335,814.58
2023-03-09 09:00:00,814.58,9,3,0,467.54,596.5833333333335,385.81333333333333,833.21
2023-03-09 10:00:00,833.21,10,3,0,814.58,705.1100000000001,495.1133333333333,867.19
2023-03-09 11:00:00,867.19,11,3,0,833.21,838.3266666666668,611.365,887.46
2023-03-09 12:00:00,887.46,12,3,0,867.19,862.6200000000002,729.6016666666668,853.57
2023-03-09 13:00:00,853.57,13,3,0,887.46,869.4066666666669,787.2583333333333,855.17
2023-03-09 14:00:00,855.17,14,3,0,853.57,865.4000000000002,851.8633333333333,895.41
2023-03-09 15:00:00,895.41,15,3,0,855.17,868.0500000000002,865.335,854.46
2023-03-09 16:00:00,854.46,16,3,0,895.41,868.3466666666668,868.8766666666667,830.23
2023-03-09 17:00:00,830.23,17,3,0,854.46,860.0333333333334,862.7166666666666,798.91
2023-03-09 18:00:00,798.91,18,3,0,830.23,827.8666666666668,847.9583333333334,495.33
2023-03-09 19:00:00,495.33,19,3,0,798.91,708.1566666666669,788.2516666666667,486.5
2023-03-09 20:00:00,486.5,20,3,0,495.33,593.5800000000002,726.8066666666667,153.35
2023-03-09 21:00:00,153.35,21,3,0,486.5,378.3933333333335,603.13,209.5
2023-03-09 22:00:00,209.5,22,3,0,153.35,283.11666666666684,495.6366666666666,152.45
2023-03-09 23:00:00,152.45,23,3,0,209.5,171.7666666666668,382.67333333333335,182.29
2023-03-10 00:00:00,182.29,0,4,0,152.45,181.4133333333335,279.90333333333336,166.22
2023-03-10 01:00:00,166.22,1,4,0,182.29,166.9866666666668,225.05166666666665,164.84
2023-03-10 02:00:00,164.84,2,4,0,166.22,171.11666666666682,171.4416666666667,187.12
2023-03-10 03:00:00,187.12,3,4,0,164.84,172.72666666666683,177.07000000000002,151.33
2023-03-10 04:00:00,151.33,4,4,0,187.12,167.76333333333346,167.375,176.05
2023-03-10 05:00:00,176.05,5,4,0,151.33,171.50000000000014,171.3083333333333,189.86
2023-03-10 06:00:00,189.86,6,4,0,176.05,172.4133333333335,172.57000000000002,478.2
2023-03-10 07:00:00,478.2,7,4,0,189.86,281.3700000000002,224.5666666666667,457.3
2023-03-10 08:00:00,457.3,8,4,0,478.2,375.1200000000002,273.31,792.39
2023-03-10 09:00:00,792.39,9,4,0,457.3,575.9633333333335,374.18833333333333,833.0
2023-03-10 10:00:00,833.0,10,4,0,792.39,694.2300000000001,487.8,846.21
2023-03-10 11:00:00,846.21,11,4,0,833.0,823.8666666666668,599.4933333333333,882.71
2023-03-10 12:00:00,882.71,12,4,0,846.21,853.9733333333335,714.9683333333334,850.11
2023-03-10 13:00:00,850.11,13,4,0,882.71,859.6766666666668,776.9533333333334,847.94
2023-03-10 14:00:00,847.94,14,4,0,850.11,860.2533333333334,842.06,850.68
2023-03-10 15:00:00,850.68,15,4,0,847.94,849.5766666666668,851.7750000000001,858.85
2023-03-10 16:00:00,858.85,16,4,0,850.68,852.4900000000001,856.0833333333334,830.7
2023-03-10 17:00:00,830.7,17,4,0,858.85,846.7433333333335,853.4983333333334,796.53
2023-03-10 18:00:00,796.53,18,4,0,830.7,828.6933333333335,839.1350000000001,459.6
2023-03-10 19:00:00,459.6,19,4,0,796.53,695.6100000000001,774.0499999999998,466.38
2023-03-10 20:00:00,466.38,20,4,0,459.6,574.1700000000001,710.4566666666666,165.73
2023-03-10 21:00:00,165.73,21,4,0,466.38,363.9033333333334,596.2983333333333,169.74
2023-03-10 22:00:00,169.74,22,4,0,165.73,267.2833333333335,481.44666666666666,160.81
2023-03-10 23:00:00,160.81,23,4,0,169.74,165.42666666666676,369.79833333333335,251.14
2023-03-11 00:00:00,251.14,0,5,1,160.81,193.89666666666676,278.9,211.69
2023-03-11 01:00:00,211.69,1,5,1,251.14,207.8800000000001,237.58166666666668,254.19
2023-03-11 02:00:00,254.19,2,5,1,211.69,239.00666666666677,202.21666666666667,217.26
2023-03-11 03:00:00,217.26,3,5,1,254.19,227.71333333333345,210.80499999999998,243.61
2023-03-11 04:00:00,243.61,4,5,1,217.26,238.35333333333344,223.11666666666667,200.35
2023-03-11 05:00:00,200.35,5,5,1,243.61,220.40666666666678,229.70666666666668,251.92
2023-03-11 06:00:00,251.92,6,5,1,200.35,231.96000000000012,229.83666666666667,216.23
2023-03-11 07:00:00,216.23,7,5,1,251.92,222.83333333333346,230.59333333333333,266.64
2023-03-11 08:00:00,266.64,8,5,1,216.23,244.9300000000001,232.66833333333332,231.62
2023-03-11 09:00:00,231.62,9,5,1,266.64,238.16333333333344,235.06166666666664,262.47
2023-03-11 10:00:00,262.47,10,5,1,231.62,253.5766666666668,238.205,267.2
2023-03-11 11:00:00,267.2,11,5,1,262.47,253.76333333333346,249.34666666666666,201.5
2023-03-11 12:00:00,201.5,12,5,1,267.2,243.72333333333344,240.9433333333333,254.7
2023-03-11 13:00:00,254.7,13,5,1,201.5,241.13333333333344,247.355,217.72
2023-03-11 14:00:00,217.72,14,5,1,254.7,224.6400000000001,239.20166666666668,235.25
2023-03-11 15:00:00,235.25,15,5,1,217.72,235.8900000000001,239.8066666666667,208.7
2023-03-11 16:00:00,208.7,16,5,1,235.25,220.55666666666676,230.845,265.79
2023-03-11 17:00:00,265.79,17,5,1,208.7,236.58000000000013,230.61,280.49
2023-03-11 18:00:00,280.49,18,5,1,265.79,251.6600000000001,243.775,255.0
2023-03-11 19:00:00,255.0,19,5,1,280.49,267.0933333333335,243.82500000000002,236.05
2023-03-11 20:00:00,236.05,20,5,1,255.0,257.1800000000001,246.88,240.57
2023-03-11 21:00:00,240.57,21,5,1,236.05,243.87333333333345,247.76666666666665,233.67
2023-03-11 22:00:00,233.67,22,5,1,240.57,236.76333333333343,251.9283333333333,210.93
2023-03-11 23:00:00,210.93,23,5,1,233.67,228.3900000000001,242.785,227.65
2023-03-12 00:00:00,227.65,0,6,1,210.93,224.08333333333346,233.97833333333332,259.36
2023-03-12 01:00:00,259.36,1,6,1,227.65,232.6466666666668,234.705,233.31
2023-03-12 02:00:00,233.31,2,6,1,259.36,240.1066666666668,234.24833333333333,233.11
2023-03-12 03:00:00,233.11,3,6,1,233.31,241.92666666666682,233.00500000000002,212.36
2023-03-12 04:00:00,212.36,4,6,1,233.11,226.26000000000013,229.45333333333335,246.67
2023-03-12 05:00:00,246.67,5,6,1,212.36,230.71333333333345,235.41,251.73
2023-03-12 06:00:00,251.73,6,6,1,246.67,236.9200000000001,239.42333333333332,185.07
2023-03-12 07:00:00,185.07,7,6,1,251.73,227.8233333333334,227.04166666666666,245.76
2023-03-12 08:00:00,245.76,8,6,1,185.07,227.52000000000012,229.11666666666667,239.61
2023-03-12 09:00:00,239.61,9,6,1,245.76,223.4800000000001,230.19999999999996,241.73
2023-03-12 10:00:00,241.73,10,6,1,239.61,242.3666666666668,235.095,229.49
2023-03-12 11:00:00,229.49,11,6,1,241.73,236.94333333333347,232.23166666666665,231.12
2023-03-12 12:00:00,231.12,12,6,1,229.49,234.11333333333346,228.79666666666665,225.76
2023-03-12 13:00:00,225.76,13,6,1,231.12,228.7900000000001,235.57833333333335,223.27
2023-03-12 14:00:00,223.27,14,6,1,225.76,226.71666666666678,231.83,240.87
2023-03-12 15:00:00,240.87,15,6,1,223.27,229.96666666666678,232.03999999999996,214.45
2023-03-12 16:00:00,214.45,16,6,1,240.87,226.1966666666668,227.49333333333334,224.43
2023-03-12 17:00:00,224.43,17,6,1,214.45,226.58333333333346,226.65,263.64
2023-03-12 18:00:00,263.64,18,6,1,224.43,234.17333333333343,232.07000000000002,240.71
2023-03-12 19:00:00,240.71,19,6,1,263.64,242.92666666666676,234.56166666666664,231.81
2023-03-12 20:00:00,231.81,20,6,1,240.71,245.38666666666677,235.985,275.02
2023-03-12 21:00:00,275.02,21,6,1,231.81,249.1800000000001,241.67666666666665,240.86
2023-03-12 22:00:00,240.86,22,6,1,275.02,249.2300000000001,246.07833333333335,221.76
2023-03-12 23:00:00,221.76,23,6,1,240.86,245.8800000000001,245.63333333333333,156.79
2023-03-13 00:00:00,156.79,0,0,0,221.76,206.4700000000001,227.82499999999996,166.5
2023-03-13 01:00:00,166.5,1,0,0,156.79,181.68333333333342,215.45666666666668,158.67
2023-03-13 02:00:00,158.67,2,0,0,166.5,160.65333333333345,203.26666666666665,163.13
2023-03-13 03:00:00,163.13,3,0,0,158.67,162.76666666666677,184.61833333333334,144.11
2023-03-13 04:00:00,144.11,4,0,0,163.13,155.30333333333343,168.49333333333334,177.91
2023-03-13 05:00:00,177.91,5,0,0,144.11,161.71666666666678,161.185,124.16
2023-03-13 06:00:00,124.16,6,0,0,177.91,148.72666666666677,155.74666666666667,468.82
2023-03-13 07:00:00,468.82,7,0,0,124.16,256.9633333333334,206.13333333333333,462.22
2023-03-13 08:00:00,462.22,8,0,0,468.82,351.7333333333334,256.72499999999997,811.04
2023-03-13 09:00:00,811.04,9,0,0,462.22,580.6933333333335,364.71000000000004,854.1
2023-03-13 10:00:00,854.1,10,0,0,811.04,709.1200000000002,483.0416666666667,873.46
2023-03-13 11:00:00,873.46,11,0,0,854.1,846.2000000000002,598.9666666666667,865.72
2023-03-13 12:00:00,865.72,12,0,0,873.46,864.4266666666668,722.5600000000001,909.69
2023-03-13 13:00:00,909.69,13,0,0,865.72,882.9566666666669,796.0383333333334,876.7
2023-03-13 14:00:00,876.7,14,0,0,909.69,884.0366666666669,865.1183333333333,863.03
2023-03-13 15:00:00,863.03,15,0,0,876.7,883.14,873.7833333333333,856.13
2023-03-13 16:00:00,856.13,16,0,0,863.03,865.2866666666667,874.1216666666668,843.14
2023-03-13 17:00:00,843.14,17,0,0,856.13,854.1,869.0683333333335,786.53
2023-03-13 18:00:00,786.53,18,0,0,843.14,828.6,855.87,493.16
2023-03-13 19:00:00,493.16,19,0,0,786.53,707.6100000000001,786.4483333333333,468.72
2023-03-13 20:00:00,468.72,20,0,0,493.16,582.8033333333335,718.4516666666667,145.9
2023-03-13 21:00:00,145.9,21,0,0,468.72,369.26000000000016,598.93,160.18
2023-03-13 22:00:00,160.18,22,0,0,145.9,258.26666666666677,482.93833333333333,121.93
2023-03-13 23:00:00,121.93,23,0,0,160.18,142.6700000000001,362.7366666666667,130.06
2023-03-14 00:00:00,130.06,0,1,0,121.93,137.39000000000013,253.32500000000002,127.9
2023-03-14 01:00:00,127.9,1,1,0,130.06,126.63000000000011,192.44833333333335,123.03
2023-03-14 02:00:00,123.03,2,1,0,127.9,126.99666666666678,134.83333333333334,185.45
2023-03-14 03:00:00,185.45,3,1,0,123.03,145.46000000000012,141.42499999999998,176.0
2023-03-14 04:00:00,176.0,4,1,0,185.45,161.49333333333345,144.06166666666667,170.86
2023-03-14 05:00:00,170.86,5,1,0,176.0,177.4366666666668,152.21666666666667,159.75
2023-03-14 06:00:00,159.75,6,1,0,170.86,168.87000000000012,157.165,487.28
2023-03-14 07:00:00,487.28,7,1,0,159.75,272.6300000000001,217.06166666666664,490.23
2023-03-14 08:00:00,490.23,8,1,0,487.28,379.08666666666676,278.26166666666666,783.62
2023-03-14 09:00:00,783.62,9,1,0,490.23,587.0433333333334,377.95666666666665,831.77
2023-03-14 10:00:00,831.77,10,1,0,783.62,701.8733333333334,487.2516666666666,806.45
2023-03-14 11:00:00,806.45,11,1,0,831.77,807.2800000000001,593.1833333333333,894.17
2023-03-14 12:00:00,894.17,12,1,0,806.45,844.1300000000001,715.5866666666666,880.35
2023-03-14 13:00:00,880.35,13,1,0,894.17,860.3233333333334,781.0983333333334,871.93
2023-03-14 14:00:00,871.93,14,1,0,880.35,882.1500000000001,844.7150000000001,855.16
2023-03-14 15:00:00,855.16,15,1,0,871.93,869.1466666666669,856.6383333333333,801.42
2023-03-14 16:00:00,801.42,16,1,0,855.16,842.8366666666667,851.5799999999999,817.33
2023-03-14 17:00:00,817.33,17,1,0,801.42,824.6366666666668,853.3933333333334,811.82
2023-03-14 18:00:00,811.82,18,1,0,817.33,810.1900000000002,839.6683333333334,486.01
2023-03-14 19:00:00,486.01,19,1,0,811.82,705.0533333333334,773.945,450.32
2023-03-14 20:00:00,450.32,20,1,0,486.01,582.7166666666668,703.6766666666667,169.02
2023-03-14 21:00:00,169.02,21,1,0,450.32,368.4500000000001,589.32,187.81
2023-03-14 22:00:00,187.81,22,1,0,169.02,269.0500000000001,487.0516666666667,176.66
2023-03-14 23:00:00,176.66,23,1,0,187.81,177.83000000000013,380.27333333333337,186.26
2023-03-15 00:00:00,186.26,0,2,0,176.66,183.5766666666668,276.0133333333333,174.47
2023-03-15 01:00:00,174.47,1,2,0,186.26,179.1300000000001,224.09,179.23
2023-03-15 02:00:00,179.23,2,2,0,174.47,179.98666666666676,178.90833333333333,135.83
2023-03-15 03:00:00,135.83,3,2,0,179.23,163.17666666666676,173.37666666666667,146.12
2023-03-15 04:00:00,146.12,4,2,0,135.83,153.72666666666677,166.42833333333334,121.09
2023-03-15 05:00:00,121.09,5,2,0,146.12,134.34666666666678,157.16666666666666,177.08
2023-03-15 06:00:00,177.08,6,2,0,121.09,148.0966666666668,155.63666666666668,485.75
2023-03-15 07:00:00,485.75,7,2,0,177.08,261.3066666666668,207.51666666666665,485.55
2023-03-15 08:00:00,485.55,8,2,0,485.75,382.79333333333346,258.57,789.11
2023-03-15 09:00:00,789.11,9,2,0,485.55,586.8033333333334,367.45,835.74
2023-03-15 10:00:00,835.74,10,2,0,789.11,703.4666666666668,482.3866666666667,833.01
2023-03-15 11:00:00,833.01,11,2,0,835.74,819.2866666666669,601.04,860.03
2023-03-15 12:00:00,860.03,12,2,0,833.01,842.9266666666667,714.8650000000001,846.21
2023-03-15 13:00:00,846.21,13,2,0,860.03,846.4166666666669,774.9416666666666,875.14
2023-03-15 14:00:00,875.14,14,2,0,846.21,860.46,839.8733333333333,847.68
2023-03-15 15:00:00,847.68,15,2,0,875.14,856.3433333333334,849.6350000000001,858.43
2023-03-15 16:00:00,858.43,16,2,0,847.68,860.4166666666666,853.4166666666665,851.41
2023-03-15 17:00:00,851.41,17,2,0,858.43,852.5066666666668,856.4833333333332,770.71
2023-03-15 18:00:00,770.71,18,2,0,851.41,826.85,841.5966666666667,464.53
2023-03-15 19:00:00,464.53,19,2,0,770.71,695.5500000000002,777.9833333333335,484.01
2023-03-15 20:00:00,484.01,20,2,0,464.53,573.0833333333335,712.7950000000001,148.28
2023-03-15 21:00:00,148.28,21,2,0,484.01,365.6066666666668,596.2283333333334,166.4
2023-03-15 22:00:00,166.4,22,2,0,148.28,266.2300000000001,480.88999999999993,161.62
2023-03-15 23:00:00,161.62,23,2,0,166.4,158.7666666666668,365.925,136.82
2023-03-16 00:00:00,136.82,0,3,0,161.62,154.94666666666677,260.27666666666664,171.71
2023-03-16 01:00:00,171.71,1,3,0,136.82,156.71666666666678,211.47333333333333,133.76
2023-03-16 02:00:00,133.76,2,3,0,171.71,147.4300000000001,153.09833333333333,214.39
2023-03-16 03:00:00,214.39,3,3,0,133.76,173.28666666666678,164.11666666666667,167.56
2023-03-16 04:00:00,167.56,4,3,0,214.39,171.90333333333342,164.30999999999997,160.29
2023-03-16 05:00:00,160.29,5,3,0,167.56,180.74666666666675,164.08833333333334,152.76
2023-03-16 06:00:00,152.76,6,3,0,160.29,160.20333333333343,166.745,486.57
2023-03-16 07:00:00,486.57,7,3,0,152.76,266.54000000000013,219.22166666666666,494.75
2023-03-16 08:00:00,494.75,8,3,0,486.57,378.0266666666668,279.38666666666666,807.84
2023-03-16 09:00:00,807.84,9,3,0,494.75,596.3866666666668,378.295,782.29
2023-03-16 10:00:00,782.29,10,3,0,807.84,694.96,480.75,828.7
2023-03-16 11:00:00,828.7,11,3,0,782.29,806.2766666666668,592.1516666666668,869.71
2023-03-16 12:00:00,869.71,12,3,0,828.7,826.9000000000001,711.6433333333333,875.23
2023-03-16 13:00:00,875.23,13,3,0,869.71,857.8800000000001,776.4200000000001,880.88
2023-03-16 14:00:00,880.88,14,3,0,875.23,875.2733333333334,840.7750000000001,844.65
2023-03-16 15:00:00,844.65,15,3,0,880.88,866.9200000000001,846.91,815.48
2023-03-16 16:00:00,815.48,16,3,0,844.65,847.0033333333334,852.4416666666667,836.96
2023-03-16 17:00:00,836.96,17,3,0,815.48,832.3633333333333,853.8183333333335,817.53
2023-03-16 18:00:00,817.53,18,3,0,836.96,823.3233333333334,845.1216666666668,441.13
2023-03-16 19:00:00,441.13,19,3,0,817.53,698.5400000000001,772.7716666666666,499.32
2023-03-16 20:00:00,499.32,20,3,0,441.13,585.9933333333335,709.1783333333333,174.53
2023-03-16 21:00:00,174.53,21,3,0,499.32,371.6600000000001,597.4916666666667,159.02
2023-03-16 22:00:00,159.02,22,3,0,174.53,277.6233333333334,488.0816666666667,167.44
2023-03-16 23:00:00,167.44,23,3,0,159.02,166.99666666666675,376.49500000000006,142.93
2023-03-17 00:00:00,142.93,0,4,0,167.44,156.46333333333342,264.06166666666667,158.24
2023-03-17 01:00:00,158.24,1,4,0,142.93,156.2033333333334,216.91333333333333,151.99
2023-03-17 02:00:00,151.99,2,4,0,158.24,151.05333333333343,159.025,116.94
2023-03-17 03:00:00,116.94,3,4,0,151.99,142.39000000000007,149.42666666666665,132.97
2023-03-17 04:00:00,132.97,4,4,0,116.94,133.96666666666673,145.085,156.21
2023-03-17 05:00:00,156.21,5,4,0,132.97,135.37333333333342,143.21333333333334,167.2
2023-03-17 06:00:00,167.2,6,4,0,156.21,152.12666666666675,147.25833333333333,494.07
2023-03-17 07:00:00,494.07,7,4,0,167.2,272.4933333333334,203.23000000000002,473.68
2023-03-17 08:00:00,473.68,8,4,0,494.07,378.3166666666668,256.84499999999997,798.55
2023-03-17 09:00:00,798.55,9,4,0,473.68,588.7666666666668,370.44666666666666,791.61
2023-03-17 10:00:00,791.61,10,4,0,798.55,687.9466666666667,480.22,833.7
2023-03-17 11:00:00,833.7,11,4,0,791.61,807.9533333333334,593.135,821.31
2023-03-17 12:00:00,821.31,12,4,0,833.7,815.5400000000001,702.1533333333333,915.29
2023-03-17 13:00:00,915.29,13,4,0,821.31,856.7666666666668,772.3566666666667,838.32
2023-03-17 14:00:00,838.32,14,4,0,915.29,858.3066666666667,833.13,859.62
2023-03-17 15:00:00,859.62,15,4,0,838.32,871.0766666666668,843.3083333333333,864.16
2023-03-17 16:00:00,864.16,16,4,0,859.62,854.0333333333334,855.4,852.11
2023-03-17 17:00:00,852.11,17,4,0,864.16,858.6300000000001,858.4683333333334,771.91
2023-03-17 18:00:00,771.91,18,4,0,852.11,829.3933333333334,850.235,468.95
2023-03-17 19:00:00,468.95,19,4,0,771.91,697.6566666666668,775.8449999999999,475.23
2023-03-17 20:00:00,475.23,20,4,0,468.95,572.0300000000001,715.3299999999999,164.81
2023-03-17 21:00:00,164.81,21,4,0,475.23,369.6633333333334,599.5283333333333,141.82
2023-03-17 22:00:00,141.82,22,4,0,164.81,260.62000000000006,479.1383333333334,152.23
2023-03-17 23:00:00,152.23,23,4,0,141.82,152.9533333333334,362.49166666666673,243.22
2023-03-18 00:00:00,243.22,0,5,1,152.23,179.09000000000006,274.37666666666667,206.37
2023-03-18 01:00:00,206.37,1,5,1,243.22,200.6066666666667,230.61333333333332,275.72
2023-03-18 02:00:00,275.72,2,5,1,206.37,241.77000000000007,197.36166666666668,262.31
2023-03-18 03:00:00,262.31,3,5,1,275.72,248.13333333333344,213.61166666666668,206.0
2023-03-18 04:00:00,206.0,4,5,1,262.31,248.01000000000008,224.30833333333337,232.51
2023-03-18 05:00:00,232.51,5,5,1,206.0,233.6066666666667,237.68833333333336,229.03
2023-03-18 06:00:00,229.03,6,5,1,232.51,222.5133333333334,235.32333333333335,274.02
2023-03-18 07:00:00,274.02,7,5,1,229.03,245.18666666666672,246.59833333333336,252.8
2023-03-18 08:00:00,252.8,8,5,1,274.02,251.95000000000005,242.7783333333333,233.76
2023-03-18 09:00:00,233.76,9,5,1,252.8,253.52666666666673,238.01999999999998,241.34
2023-03-18 10:00:00,241.34,10,5,1,233.76,242.6333333333334,243.91,235.8
2023-03-18 11:00:00,235.8,11,5,1,241.34,236.96666666666673,244.45833333333334,239.91
2023-03-18 12:00:00,239.91,12,5,1,235.8,239.01666666666674,246.27166666666668,259.39
2023-03-18 13:00:00,259.39,13,5,1,239.91,245.0333333333334,243.83333333333334,256.94
2023-03-18 14:00:00,256.94,14,5,1,259.39,252.08000000000007,244.52333333333334,208.21
2023-03-18 15:00:00,208.21,15,5,1,256.94,241.5133333333334,240.26500000000001,255.52
2023-03-18 16:00:00,255.52,16,5,1,208.21,240.22333333333344,242.62833333333333,213.22
2023-03-18 17:00:00,213.22,17,5,1,255.52,225.6500000000001,238.865,246.53
2023-03-18 18:00:00,246.53,18,5,1,213.22,238.4233333333334,239.96833333333336,209.38
2023-03-18 19:00:00,209.38,19,5,1,246.53,223.0433333333334,231.63333333333333,224.74
2023-03-18 20:00:00,224.74,20,5,1,209.38,226.8833333333334,226.26666666666665,264.13
2023-03-18 21:00:00,264.13,21,5,1,224.74,232.75000000000009,235.58666666666667,229.32
2023-03-18 22:00:00,229.32,22,5,1,264.13,239.39666666666676,231.22,253.39
2023-03-18 23:00:00,253.39,23,5,1,229.32,248.94666666666672,237.91499999999996,246.72
2023-03-19 00:00:00,246.72,0,6,1,253.39,243.1433333333334,237.94666666666663,221.28
2023-03-19 01:00:00,221.28,1,6,1,246.72,240.4633333333334,239.92999999999998,197.73
2023-03-19 02:00:00,197.73,2,6,1,221.28,221.91000000000008,235.4283333333333,242.86
2023-03-19 03:00:00,242.86,3,6,1,197.73,220.62333333333342,231.88333333333333,249.33
2023-03-19 04:00:00,249.33,4,6,1,242.86,229.97333333333344,235.21833333333333,237.84
2023-03-19 05:00:00,237.84,5,6,1,249.33,243.3433333333334,232.6266666666667,240.9
2023-03-19 06:00:00,240.9,6,6,1,237.84,242.69000000000005,231.65666666666667,226.84
2023-03-19 07:00:00,226.84,7,6,1,240.9,235.1933333333334,232.58333333333334,246.12
2023-03-19 08:00:00,246.12,8,6,1,226.84,237.9533333333334,240.64833333333334,208.9
2023-03-19 09:00:00,208.9,9,6,1,246.12,227.28666666666675,234.98833333333334,256.14
2023-03-19 10:00:00,256.14,10,6,1,208.9,237.0533333333334,236.12333333333333,256.67
2023-03-19 11:00:00,256.67,11,6,1,256.14,240.57000000000008,239.26166666666666,239.31
2023-03-19 12:00:00,239.31,12,6,1,256.67,250.70666666666673,238.99666666666667,233.36
2023-03-19 13:00:00,233.36,13,6,1,239.31,243.11333333333343,240.08333333333334,221.32
2023-03-19 14:00:00,221.32,14,6,1,233.36,231.33000000000007,235.95000000000002,224.44
2023-03-19 15:00:00,224.44,15,6,1,221.32,226.37333333333342,238.54,228.72
2023-03-19 16:00:00,228.72,16,6,1,224.44,224.82666666666674,233.97000000000003,243.45
2023-03-19 17:00:00,243.45,17,6,1,228.72,232.2033333333334,231.76666666666665,245.18
2023-03-19 18:00:00,245.18,18,6,1,243.45,239.11666666666676,232.745,260.67
2023-03-19 19:00:00,260.67,19,6,1,245.18,249.76666666666674,237.29666666666665,210.11
2023-03-19 20:00:00,210.11,20,6,1,260.67,238.65333333333342,235.42833333333337,223.84
2023-03-19 21:00:00,223.84,21,6,1,210.11,231.54000000000008,235.32833333333335,247.1
2023-03-19 22:00:00,247.1,22,6,1,223.84,227.01666666666674,238.39166666666665,212.74
2023-03-19 23:00:00,212.74,23,6,1,247.1,227.89333333333343,233.27333333333334,171.13
2023-03-20 00:00:00,171.13,0,0,0,212.74,210.3233333333334,220.9316666666667,167.75
2023-03-20 01:00:00,167.75,1,0,0,171.13,183.87333333333342,205.44500000000002,128.49
2023-03-20 02:00:00,128.49,2,0,0,167.75,155.79000000000008,191.84166666666667,179.74
2023-03-20 03:00:00,179.74,3,0,0,128.49,158.66000000000008,184.49166666666667,181.98
2023-03-20 04:00:00,181.98,4,0,0,179.74,163.40333333333342,173.63833333333335,172.15
2023-03-20 05:00:00,172.15,5,0,0,181.98,177.95666666666673,166.87333333333333,95.98
2023-03-20 06:00:00,95.98,6,0,0,172.15,150.03666666666675,154.34833333333333,476.63
2023-03-20 07:00:00,476.63,7,0,0,95.98,248.25333333333342,205.82833333333335,504.5
2023-03-20 08:00:00,504.5,8,0,0,476.63,359.0366666666667,268.49666666666667,811.76
2023-03-20 09:00:00,811.76,9,0,0,504.5,597.6300000000001,373.8333333333333,807.69
2023-03-20 10:00:00,807.69,10,0,0,811.76,707.9833333333335,478.11833333333334,844.55
2023-03-20 11:00:00,844.55,11,0,0,807.69,821.3333333333334,590.185,878.52
2023-03-20 12:00:00,878.52,12,0,0,844.55,843.5866666666667,720.6083333333332,930.12
2023-03-20 13:00:00,930.12,13,0,0,878.52,884.3966666666669,796.19,884.67
2023-03-20 14:00:00,884.67,14,0,0,930.12,897.77,859.5516666666667,857.28
2023-03-20 15:00:00,857.28,15,0,0,884.67,890.69,867.1383333333333,831.09
2023-03-20 16:00:00,831.09,16,0,0,857.28,857.68,871.0383333333333,844.71
2023-03-20 17:00:00,844.71,17,0,0,831.09,844.36,871.065,818.79
2023-03-20 18:00:00,818.79,18,0,0,844.71,831.5300000000001,861.11,466.02
2023-03-20 19:00:00,466.02,19,0,0,818.79,709.8400000000001,783.7599999999999,499.05
2023-03-20 20:00:00,499.05,20,0,0,466.02,594.62,719.4899999999999,168.56
2023-03-20 21:00:00,168.56,21,0,0,499.05,377.8766666666667,604.7033333333334,195.29
2023-03-20 22:00:00,195.29,22,0,0,168.56,287.6333333333334,498.7366666666667,165.5
2023-03-20 23:00:00,165.5,23,0,0,195.29,176.45000000000007,385.535,176.52
2023-03-21 00:00:00,176.52,0,1,0,165.5,179.10333333333338,278.48999999999995,135.13
2023-03-21 01:00:00,135.13,1,1,0,176.52,159.0500000000001,223.3416666666667,159.68
2023-03-21 02:00:00,159.68,2,1,0,135.13,157.11000000000007,166.78,144.42
2023-03-21 03:00:00,144.42,3,1,0,159.68,146.41000000000008,162.75666666666666,157.25
2023-03-21 04:00:00,157.25,4,1,0,144.42,153.78333333333342,156.41666666666666,165.38
2023-03-21 05:00:00,165.38,5,1,0,157.25,155.6833333333334,156.39666666666668,164.03
2023-03-21 06:00:00,164.03,6,1,0,165.38,162.22000000000008,154.31499999999997,506.45
2023-03-21 07:00:00,506.45,7,1,0,164.03,278.62000000000006,216.20166666666668,474.94
2023-03-21 08:00:00,474.94,8,1,0,506.45,381.8066666666667,268.745,802.31
2023-03-21 09:00:00,802.31,9,1,0,474.94,594.5666666666667,378.39333333333326,820.66
2023-03-21 10:00:00,820.66,10,1,0,802.31,699.3033333333333,488.96166666666664,841.97
2023-03-21 11:00:00,841.97,11,1,0,820.66,821.6466666666666,601.7266666666666,899.32
2023-03-21 12:00:00,899.32,12,1,0,841.97,853.9833333333335,724.275,867.33
2023-03-21 13:00:00,867.33,13,1,0,899.32,869.5400000000001,784.4216666666667,838.86
2023-03-21 14:00:00,838.86,14,1,0,867.33,868.5033333333334,845.0749999999999,841.73
2023-03-21 15:00:00,841.73,15,1,0,838.86,849.3066666666667,851.6450000000001,875.59
2023-03-21 16:00:00,875.59,16,1,0,841.73,852.0600000000001,860.8000000000001,864.43
2023-03-21 17:00:00,864.43,17,1,0,875.59,860.5833333333334,864.5433333333334,811.43
2023-03-21 18:00:00,811.43,18,1,0,864.43,850.4833333333332,849.8950000000001,520.47
2023-03-21 19:00:00,520.47,19,1,0,811.43,732.11,792.0849999999999,481.47
2023-03-21 20:00:00,481.47,20,1,0,520.47,604.4566666666668,732.52,146.44
2023-03-21 21:00:00,146.44,21,1,0,481.47,382.79333333333346,616.6383333333333,155.5
2023-03-21 22:00:00,155.5,22,1,0,146.44,261.13666666666677,496.6233333333333,166.24
2023-03-21 23:00:00,166.24,23,1,0,155.5,156.0600000000001,380.2583333333334,196.7
2023-03-22 00:00:00,196.7,0,2,0,166.24,172.81333333333342,277.80333333333334,192.14
2023-03-22 01:00:00,192.14,1,2,0,196.7,185.02666666666673,223.08166666666662,149.27
2023-03-22 02:00:00,149.27,2,2,0,192.14,179.3700000000001,167.715,154.43
2023-03-22 03:00:00,154.43,3,2,0,149.27,165.2800000000001,169.04666666666665,158.16
2023-03-22 04:00:00,158.16,4,2,0,154.43,153.9533333333334,169.48999999999998,158.74
2023-03-22 05:00:00,158.74,5,2,0,158.16,157.1100000000001,168.24,161.76
2023-03-22 06:00:00,161.76,6,2,0,158.74,159.5533333333334,162.41666666666666,464.06
2023-03-22 07:00:00,464.06,7,2,0,161.76,261.52000000000004,207.73666666666668,474.79
2023-03-22 08:00:00,474.79,8,2,0,464.06,366.87000000000006,261.99,819.52
2023-03-22 09:00:00,819.52,9,2,0,474.79,586.1233333333334,372.8383333333333,808.26
2023-03-22 10:00:00,808.26,10,2,0,819.52,700.8566666666667,481.18833333333333,854.35
2023-03-22 11:00:00,854.35,11,2,0,808.26,827.3766666666667,597.1233333333333,853.92
2023-03-22 12:00:00,853.92,12,2,0,854.35,838.8433333333334,712.4833333333332,842.35
2023-03-22 13:00:00,842.35,13,2,0,853.92,850.2066666666666,775.5316666666668,871.77
2023-03-22 14:00:00,871.77,14,2,0,842.35,856.0133333333333,841.695,921.44
2023-03-22 15:00:00,921.44,15,2,0,871.77,878.5200000000001,858.6816666666667,842.87
2023-03-22 16:00:00,842.87,16,2,0,921.44,878.6933333333335,864.4499999999999,828.37
2023-03-22 17:00:00,828.37,17,2,0,842.87,864.2266666666668,860.12,798.33
2023-03-22 18:00:00,798.33,18,2,0,828.37,823.19,850.855,492.04
2023-03-22 19:00:00,492.04,19,2,0,798.33,706.2466666666668,792.4699999999999,450.71
2023-03-22 20:00:00,450.71,20,2,0,492.04,580.3600000000001,722.2933333333334,173.79
2023-03-22 21:00:00,173.79,21,2,0,450.71,372.18000000000006,597.6850000000001,168.35
2023-03-22 22:00:00,168.35,22,2,0,173.79,264.2833333333334,485.26499999999993,157.15
2023-03-22 23:00:00,157.15,23,2,0,168.35,166.43000000000006,373.395,174.71
2023-03-23 00:00:00,174.71,0,3,0,157.15,166.73666666666676,269.4583333333333,153.36
2023-03-23 01:00:00,153.36,1,3,0,174.71,161.7400000000001,213.01166666666668,144.79
2023-03-23 02:00:00,144.79,2,3,0,153.36,157.6200000000001,162.025,144.61
2023-03-23 03:00:00,144.61,3,3,0,144.79,147.58666666666673,157.16166666666666,142.37
2023-03-23 04:00:00,142.37,4,3,0,144.61,143.9233333333334,152.83166666666668,173.89
2023-03-23 05:00:00,173.89,5,3,0,142.37,153.62333333333342,155.62166666666667,187.3
2023-03-23 06:00:00,187.3,6,3,0,173.89,167.85333333333344,157.72,459.46
2023-03-23 07:00:00,459.46,7,3,0,187.3,273.55000000000007,208.73666666666668,468.72
2023-03-23 08:00:00,468.72,8,3,0,459.46,371.82666666666677,262.72499999999997,792.73
2023-03-23 09:00:00,792.73,9,3,0,468.72,573.6366666666668,370.74499999999995,877.75
2023-03-23 10:00:00,877.75,10,3,0,792.73,713.0666666666667,493.30833333333334,861.71
2023-03-23 11:00:00,861.71,11,3,0,877.75,844.0633333333335,607.945,883.65
2023-03-23 12:00:00,883.65,12,3,0,861.71,874.3700000000002,724.0033333333334,862.66
2023-03-23 13:00:00,862.66,13,3,0,883.65,869.3400000000001,791.2033333333334,895.3
2023-03-23 14:00:00,895.3,14,3,0,862.66,880.5366666666667,862.2999999999998,854.55
2023-03-23 15:00:00,854.55,15,3,0,895.3,870.8366666666667,872.6033333333334,836.86
2023-03-23 16:00:00,836.86,16,3,0,854.55,862.2366666666667,865.7883333333333,785.39
2023-03-23 17:00:00,785.39,17,3,0,836.86,825.6,853.0683333333333,826.11
2023-03-23 18:00:00,826.11,18,3,0,785.39,816.1200000000002,843.4783333333335,494.75
2023-03-23 19:00:00,494.75,19,3,0,826.11,702.0833333333334,782.1599999999999,487.45
2023-03-23 20:00:00,487.45,20,3,0,494.75,602.7700000000001,714.185,186.72
2023-03-23 21:00:00,186.72,21,3,0,487.45,389.6400000000001,602.88,140.43
2023-03-23 22:00:00,140.43,22,3,0,186.72,271.5333333333334,486.80833333333334,176.19
2023-03-23 23:00:00,176.19,23,3,0,140.43,167.7800000000001,385.27500000000003,151.05
2023-03-24 00:00:00,151.05,0,4,0,176.19,155.89000000000007,272.765,183.37
2023-03-24 01:00:00,183.37,1,4,0,151.05,170.2033333333334,220.86833333333334,192.69
2023-03-24 02:00:00,192.69,2,4,0,183.37,175.7033333333334,171.74166666666667,151.14
2023-03-24 03:00:00,151.14,3,4,0,192.69,175.73333333333343,165.81166666666667,151.16
2023-03-24 04:00:00,151.16,4,4,0,151.14,164.99666666666675,167.6,161.5
2023-03-24 05:00:00,161.5,5,4,0,151.16,154.60000000000005,165.15166666666667,167.5
2023-03-24 06:00:00,167.5,6,4,0,161.5,160.0533333333334,167.89333333333332,488.42
2023-03-24 07:00:00,488.42,7,4,0,167.5,272.4733333333334,218.73499999999999,479.17
2023-03-24 08:00:00,479.17,8,4,0,488.42,378.3633333333334,266.4816666666666,805.61
2023-03-24 09:00:00,805.61,9,4,0,479.17,591.0666666666667,375.56,878.64
2023-03-24 10:00:00,878.64,10,4,0,805.61,721.14,496.8066666666667,850.49
2023-03-24 11:00:00,850.49,11,4,0,878.64,844.9133333333334,611.6383333333334,861.31
2023-03-24 12:00:00,861.31,12,4,0,850.49,863.48,727.2733333333334,886.09
2023-03-24 13:00:00,886.09,13,4,0,861.31,865.9633333333335,793.5516666666667,883.12
2023-03-24 14:00:00,883.12,14,4,0,886.09,876.84,860.8766666666667,851.52
2023-03-24 15:00:00,851.52,15,4,0,883.12,873.5766666666667,868.5283333333332,848.53
2023-03-24 16:00:00,848.53,16,4,0,851.52,861.0566666666667,863.5100000000001,833.25
2023-03-24 17:00:00,833.25,17,4,0,848.53,844.4333333333334,860.6366666666668,812.59
2023-03-24 18:00:00,812.59,18,4,0,833.25,831.4566666666668,852.5166666666668,482.74
2023-03-24 19:00:00,482.74,19,4,0,812.59,709.5266666666666,785.2916666666666,486.09
2023-03-24 20:00:00,486.09,20,4,0,482.74,593.8066666666667,719.12,156.8
2023-03-24 21:00:00,156.8,21,4,0,486.09,375.21000000000004,603.3333333333334,156.49
2023-03-24 22:00:00,156.49,22,4,0,156.8,266.4600000000001,487.99333333333334,160.13
2023-03-24 23:00:00,160.13,23,4,0,156.49,157.80666666666676,375.8066666666667,220.72
2023-03-25 00:00:00,220.72,0,5,1,160.13,179.11333333333343,277.1616666666667,199.43
2023-03-25 01:00:00,199.43,1,5,1,220.72,193.42666666666673,229.94333333333336,215.93
2023-03-25 02:00:00,215.93,2,5,1,199.43,212.02666666666676,184.91666666666666,217.39
2023-03-25 03:00:00,217.39,3,5,1,215.93,210.91666666666674,195.015,266.87
2023-03-25 04:00:00,266.87,4,5,1,217.39,233.39666666666676,213.41166666666666,232.77
2023-03-25 05:00:00,232.77,5,5,1,266.87,239.01000000000008,225.51833333333335,241.4
2023-03-25 06:00:00,241.4,6,5,1,232.77,247.0133333333334,228.96500000000003,250.39
2023-03-25 07:00:00,250.39,7,5,1,241.4,241.52000000000007,237.45833333333334,269.68
2023-03-25 08:00:00,269.68,8,5,1,250.39,253.8233333333334,246.41666666666666,278.5
2023-03-25 09:00:00,278.5,9,5,1,269.68,266.19000000000005,256.6016666666667,253.87
2023-03-25 10:00:00,253.87,10,5,1,278.5,267.3500000000001,254.43500000000003,233.09
2023-03-25 11:00:00,233.09,11,5,1,253.87,255.15333333333342,254.48833333333334,206.05
2023-03-25 12:00:00,206.05,12,5,1,233.09,231.00333333333342,248.59666666666666,257.01
2023-03-25 13:00:00,257.01,13,5,1,206.05,232.05000000000007,249.70000000000002,243.99
2023-03-25 14:00:00,243.99,14,5,1,257.01,235.6833333333334,245.41833333333332,217.73
2023-03-25 15:00:00,217.73,15,5,1,243.99,239.57666666666674,235.29,227.83
2023-03-25 16:00:00,227.83,16,5,1,217.73,229.85000000000005,230.94999999999996,193.27
2023-03-25 17:00:00,193.27,17,5,1,227.83,212.9433333333334,224.3133333333333,225.44
2023-03-25 18:00:00,225.44,18,5,1,193.27,215.5133333333334,227.545,267.8
2023-03-25 19:00:00,267.8,19,5,1,225.44,228.83666666666673,229.34333333333333,265.14
2023-03-25 20:00:00,265.14,20,5,1,267.8,252.79333333333344,232.86833333333334,245.9
2023-03-25 21:00:00,245.9,21,5,1,265.14,259.6133333333334,237.56333333333336,232.32
2023-03-25 22:00:00,232.32,22,5,1,245.9,247.78666666666675,238.3116666666667,243.66
2023-03-25 23:00:00,243.66,23,5,1,232.32,240.62666666666678,246.71000000000004,247.33
2023-03-26 00:00:00,247.33,0,6,1,243.66,241.10333333333344,250.35833333333335,215.19
2023-03-26 01:00:00,215.19,1,6,1,247.33,235.39333333333343,241.59,229.44
2023-03-26 02:00:00,229.44,2,6,1,215.19,230.65333333333342,235.64,275.93
2023-03-26 03:00:00,275.93,3,6,1,229.44,240.18666666666675,240.64499999999998,219.36
2023-03-26 04:00:00,219.36,4,6,1,275.93,241.5766666666668,238.48499999999999,220.36
2023-03-26 05:00:00,220.36,5,6,1,219.36,238.5500000000001,234.6016666666667,244.41
2023-03-26 06:00:00,244.41,6,6,1,220.36,228.04333333333344,234.115,241.96
2023-03-26 07:00:00,241.96,7,6,1,244.41,235.5766666666668,238.57666666666668,245.76
2023-03-26 08:00:00,245.76,8,6,1,241.96,244.04333333333344,241.2966666666667,280.57
2023-03-26 09:00:00,280.57,9,6,1,245.76,256.0966666666668,242.07000000000002,214.48
2023-03-26 10:00:00,214.48,10,6,1,280.57,246.93666666666675,241.25666666666666,217.51
2023-03-26 11:00:00,217.51,11,6,1,214.48,237.5200000000001,240.78166666666667,210.6
2023-03-26 12:00:00,210.6,12,6,1,217.51,214.1966666666668,235.14666666666665,249.43
2023-03-26 13:00:00,249.43,13,6,1,210.6,225.84666666666678,236.39166666666668,282.83
2023-03-26 14:00:00,282.83,14,6,1,249.43,247.62000000000012,242.57000000000002,235.96
2023-03-26 15:00:00,235.96,15,6,1,282.83,256.07333333333344,235.135,240.1
2023-03-26 16:00:00,240.1,16,6,1,235.96,252.96333333333345,239.40499999999997,219.83
2023-03-26 17:00:00,219.83,17,6,1,240.1,231.96333333333345,239.79166666666666,248.96
2023-03-26 18:00:00,248.96,18,6,1,219.83,236.29666666666677,246.18500000000003,244.09
2023-03-26 19:00:00,244.09,19,6,1,248.96,237.62666666666678,245.295,249.13
2023-03-26 20:00:00,249.13,20,6,1,244.09,247.39333333333343,239.6783333333333,289.33
2023-03-26 21:00:00,289.33,21,6,1,249.13,260.85000000000014,248.57333333333335,211.91
2023-03-26 22:00:00,211.91,22,6,1,289.33,250.12333333333345,243.875,254.37
2023-03-26 23:00:00,254.37,23,6,1,211.91,251.87000000000012,249.63166666666666,172.34
2023-03-27 00:00:00,172.34,0,0,0,254.37,212.87333333333345,236.86166666666665,134.72
2023-03-27 01:00:00,134.72,1,0,0,172.34,187.14333333333346,218.63333333333333,169.42
2023-03-27 02:00:00,169.42,2,0,0,134.72,158.8266666666668,205.34833333333336,151.86
2023-03-27 03:00:00,151.86,3,0,0,169.42,152.00000000000014,182.43666666666664,158.23
2023-03-27 04:00:00,158.23,4,0,0,151.86,159.83666666666682,173.49,163.73
2023-03-27 05:00:00,163.73,5,0,0,158.23,157.94000000000014,158.38333333333333,152.36
2023-03-27 06:00:00,152.36,6,0,0,163.73,158.1066666666668,155.0533333333333,444.67
2023-03-27 07:00:00,444.67,7,0,0,152.36,253.58666666666682,206.71166666666667,482.11
2023-03-27 08:00:00,482.11,8,0,0,444.67,359.7133333333334,258.82666666666665,825.42
2023-03-27 09:00:00,825.42,9,0,0,482.11,584.0666666666668,371.08666666666664,843.74
2023-03-27 10:00:00,843.74,10,0,0,825.42,717.0900000000001,485.3383333333333,852.7
2023-03-27 11:00:00,852.7,11,0,0,843.74,840.6200000000002,600.1666666666666,866.35
2023-03-27 12:00:00,866.35,12,0,0,852.7,854.2633333333334,719.165,881.99
2023-03-27 13:00:00,881.99,13,0,0,866.35,867.0133333333334,792.0516666666666,901.28
2023-03-27 14:00:00,901.28,14,0,0,881.99,883.2066666666668,861.9133333333334,828.88
2023-03-27 15:00:00,828.88,15,0,0,901.28,870.7166666666668,862.4900000000001,881.9
2023-03-27 16:00:00,881.9,16,0,0,828.88,870.6866666666668,868.85,813.06
2023-03-27 17:00:00,813.06,17,0,0,881.9,841.2800000000002,862.2433333333332,772.49
2023-03-27 18:00:00,772.49,18,0,0,813.06,822.4833333333335,846.6,503.68
2023-03-27 19:00:00,503.68,19,0,0,772.49,696.4100000000002,783.5483333333333,509.84
2023-03-27 20:00:00,509.84,20,0,0,503.68,595.3366666666667,718.3083333333334,132.22
2023-03-27 21:00:00,132.22,21,0,0,509.84,381.91333333333347,602.1983333333334,149.08
2023-03-27 22:00:00,149.08,22,0,0,132.22,263.7133333333334,480.06166666666667,160.35
2023-03-27 23:00:00,160.35,23,0,0,149.08,147.2166666666668,371.27666666666664,161.85
2023-03-28 00:00:00,161.85,0,1,0,160.35,157.09333333333348,269.50333333333333,149.84
2023-03-28 01:00:00,149.84,1,1,0,161.85,157.3466666666668,210.53,163.52
2023-03-28 02:00:00,163.52,2,1,0,149.84,158.40333333333348,152.81,162.25
2023-03-28 03:00:00,162.25,3,1,0,163.52,158.53666666666683,157.815,174.99
2023-03-28 04:00:00,174.99,4,1,0,162.25,166.92000000000016,162.13333333333333,182.44
2023-03-28 05:00:00,182.44,5,1,0,174.99,173.22666666666683,165.81500000000003,136.22
2023-03-28 06:00:00,136.22,6,1,0,182.44,164.55000000000015,161.54333333333332,506.64
2023-03-28 07:00:00,506.64,7,1,0,136.22,275.10000000000014,221.01,489.07
2023-03-28 08:00:00,489.07,8,1,0,506.64,377.3100000000001,275.2683333333333,762.68
2023-03-28 09:00:00,762.68,9,1,0,489.07,586.1300000000001,375.34,836.8
2023-03-28 10:00:00,836.8,10,1,0,762.68,696.1833333333335,485.6416666666667,866.55
2023-03-28 11:00:00,866.55,11,1,0,836.8,822.0100000000001,599.66,813.2
2023-03-28 12:00:00,813.2,12,1,0,866.55,838.8500000000003,712.4899999999999,857.37
2023-03-28 13:00:00,857.37,13,1,0,813.2,845.7066666666669,770.945,892.63
2023-03-28 14:00:00,892.63,14,1,0,857.37,854.4000000000002,838.205,868.04
2023-03-28 15:00:00,868.04,15,1,0,892.63,872.6800000000002,855.765,865.62
2023-03-28 16:00:00,865.62,16,1,0,868.04,875.4300000000003,860.5683333333333,825.19
2023-03-28 17:00:00,825.19,17,1,0,865.62,852.9500000000002,853.6750000000001,807.22
2023-03-28 18:00:00,807.22,18,1,0,825.19,832.6766666666668,852.6783333333333,501.04
2023-03-28 19:00:00,501.04,19,1,0,807.22,711.1500000000002,793.29,484.28
2023-03-28 20:00:00,484.28,20,1,0,501.04,597.5133333333335,725.2316666666666,162.44
2023-03-28 21:00:00,162.44,21,1,0,484.28,382.5866666666669,607.6316666666667,189.19
2023-03-28 22:00:00,189.19,22,1,0,162.44,278.6366666666668,494.8933333333334,186.51
2023-03-28 23:00:00,186.51,23,1,0,189.19,179.3800000000002,388.44666666666666,162.62
2023-03-29 00:00:00,162.62,0,2,0,186.51,179.4400000000002,281.0133333333334,193.28
2023-03-29 01:00:00,193.28,1,2,0,162.62,180.8033333333335,229.72,179.92
2023-03-29 02:00:00,179.92,2,2,0,193.28,178.60666666666688,178.99333333333334,131.81
2023-03-29 03:00:00,131.81,3,2,0,179.92,168.33666666666684,173.88833333333332,161.33
2023-03-29 04:00:00,161.33,4,2,0,131.81,157.68666666666687,169.24499999999998,154.14
2023-03-29 05:00:00,154.14,5,2,0,161.33,149.0933333333335,163.85,193.29
2023-03-29 06:00:00,193.29,6,2,0,154.14,169.58666666666684,168.96166666666667,505.04
2023-03-29 07:00:00,505.04,7,2,0,193.29,284.1566666666668,220.92166666666665,461.38
2023-03-29 08:00:00,461.38,8,2,0,505.04,386.57000000000016,267.8316666666667,808.57
2023-03-29 09:00:00,808.57,9,2,0,461.38,591.6633333333335,380.625,837.11
2023-03-29 10:00:00,837.11,10,2,0,808.57,702.3533333333336,493.25500000000005,822.86
2023-03-29 11:00:00,822.86,11,2,0,837.11,822.8466666666669,604.7083333333334,864.86
2023-03-29 12:00:00,864.86,12,2,0,822.86,841.6100000000002,716.6366666666668,864.83
2023-03-29 13:00:00,864.83,13,2,0,864.86,850.8500000000003,776.6016666666668,835.23
2023-03-29 14:00:00,835.23,14,2,0,864.83,854.9733333333337,838.91,844.74
2023-03-29 15:00:00,844.74,15,2,0,835.23,848.2666666666669,844.9383333333332,881.27
2023-03-29 16:00:00,881.27,16,2,0,844.74,853.7466666666669,852.2983333333333,843.45
2023-03-29 17:00:00,843.45,17,2,0,881.27,856.486666666667,855.73,828.37
2023-03-29 18:00:00,828.37,18,2,0,843.45,851.0300000000002,849.6483333333332,470.67
2023-03-29 19:00:00,470.67,19,2,0,828.37,714.1633333333335,783.9549999999999,512.94
2023-03-29 20:00:00,512.94,20,2,0,470.67,603.9933333333336,730.2400000000001,136.94
2023-03-29 21:00:00,136.94,21,2,0,512.94,373.5166666666669,612.2733333333333,187.35
2023-03-29 22:00:00,187.35,22,2,0,136.94,279.0766666666669,496.62000000000006,176.97
2023-03-29 23:00:00,176.97,23,2,0,187.35,167.08666666666684,385.54,160.25
2023-03-30 00:00:00,160.25,0,3,0,176.97,174.85666666666688,274.18666666666667,137.53
2023-03-30 01:00:00,137.53,1,3,0,160.25,158.2500000000002,218.66333333333333,169.77
2023-03-30 02:00:00,169.77,2,3,0,137.53,155.8500000000002,161.46833333333333,155.72
2023-03-30 03:00:00,155.72,3,3,0,169.77,154.34000000000017,164.59833333333333,150.13
2023-03-30 04:00:00,150.13,4,3,0,155.72,158.5400000000002,158.395,138.69
2023-03-30 05:00:00,138.69,5,3,0,150.13,148.18000000000018,152.01500000000001,174.6
2023-03-30 06:00:00,174.6,6,3,0,138.69,154.4733333333335,154.40666666666667,467.25
2023-03-30 07:00:00,467.25,7,3,0,174.6,260.1800000000002,209.36,523.71
2023-03-30 08:00:00,523.71,8,3,0,467.25,388.5200000000002,268.35,800.36
2023-03-30 09:00:00,800.36,9,3,0,523.71,597.1066666666669,375.79,826.08
2023-03-30 10:00:00,826.08,10,3,0,800.36,716.7166666666668,488.4483333333333,848.69
2023-03-30 11:00:00,848.69,11,3,0,826.08,825.0433333333335,606.7816666666666,907.47
2023-03-30 12:00:00,907.47,12,3,0,848.69,860.7466666666669,728.9266666666667,898.96
2023-03-30 13:00:00,898.96,13,3,0,907.47,885.0400000000003,800.8783333333334,858.83
2023-03-30 14:00:00,858.83,14,3,0,898.96,888.4200000000002,856.7316666666667,911.41
2023-03-30 15:00:00,911.41,15,3,0,858.83,889.7333333333336,875.2400000000001,871.33
2023-03-30 16:00:00,871.33,16,3,0,911.41,880.5233333333335,882.7816666666668,806.87
2023-03-30 17:00:00,806.87,17,3,0,871.33,863.2033333333335,875.8116666666666,786.11
2023-03-30 18:00:00,786.11,18,3,0,806.87,821.4366666666668,855.585,489.09
2023-03-30 19:00:00,489.09,19,3,0,786.11,694.0233333333335,787.2733333333332,471.69
2023-03-30 20:00:00,471.69,20,3,0,489.09,582.2966666666669,722.75,200.79
2023-03-30 21:00:00,200.79,21,3,0,471.69,387.1900000000002,604.3133333333334,153.39
2023-03-30 22:00:00,153.39,22,3,0,200.79,275.2900000000002,484.6566666666667,180.84
2023-03-30 23:00:00,180.84,23,3,0,153.39,178.34000000000017,380.3183333333333,135.28
2023-03-31 00:00:00,135.28,0,4,0,180.84,156.50333333333353,271.8466666666667,156.23
2023-03-31 01:00:00,156.23,1,4,0,135.28,157.4500000000002,216.36999999999998,183.62
2023-03-31 02:00:00,183.62,2,4,0,156.23,158.37666666666686,168.35833333333332,142.97
2023-03-31 03:00:00,142.97,3,4,0,183.62,160.9400000000002,158.72166666666666,162.12
2023-03-31 04:00:00,162.12,4,4,0,142.97,162.90333333333353,160.17666666666668,170.56
2023-03-31 05:00:00,170.56,5,4,0,162.12,158.55000000000018,158.46333333333334,154.47
2023-03-31 06:00:00,154.47,6,4,0,170.56,162.38333333333352,161.66166666666666,479.49
2023-03-31 07:00:00,479.49,7,4,0,154.47,268.1733333333335,215.53833333333333,470.49
2023-03-31 08:00:00,470.49,8,4,0,479.49,368.15000000000026,263.35,780.78
2023-03-31 09:00:00,780.78,9,4,0,470.49,576.9200000000002,369.65166666666664,817.21
2023-03-31 10:00:00,817.21,10,4,0,780.78,689.4933333333335,478.8333333333333,850.08
2023-03-31 11:00:00,850.08,11,4,0,817.21,816.0233333333335,592.0866666666667,873.09
2023-03-31 12:00:00,873.09,12,4,0,850.08,846.7933333333335,711.8566666666667,870.67
2023-03-31 13:00:00,870.67,13,4,0,873.09,864.6133333333336,777.0533333333334,893.14
2023-03-31 14:00:00,893.14,14,4,0,870.67,878.9666666666668,847.4949999999999,916.11
2023-03-31 15:00:00,916.11,15,4,0,893.14,893.3066666666668,870.0500000000001,849.61
2023-03-31 16:00:00,849.61,16,4,0,916.11,886.2866666666669,875.4499999999999,795.7
2023-03-31 17:00:00,795.7,17,4,0,849.61,853.8066666666668,866.3866666666667,775.66
2023-03-31 18:00:00,775.66,18,4,0,795.7,806.9900000000001,850.1483333333332,504.32
2023-03-31 19:00:00,504.32,19,4,0,775.66,691.8933333333335,789.09,507.35
2023-03-31 20:00:00,507.35,20,4,0,504.32,595.7766666666669,724.7916666666666,177.68
2023-03-31 21:00:00,177.68,21,4,0,507.35,396.4500000000002,601.72,163.19
2023-03-31 22:00:00,163.19,22,4,0,177.68,282.74000000000024,487.31666666666666,157.19
2023-03-31 23:00:00,157.19,23,4,0,163.19,166.02000000000018,380.8983333333333,237.61
2023-04-01 00:00:00,237.61,0,5,1,157.19,185.99666666666687,291.2233333333333,292.56
2023-04-01 01:00:00,292.56,1,5,1,237.61,229.1200000000002,255.92999999999998,222.61
2023-04-01 02:00:00,222.61,2,5,1,292.56,250.92666666666685,208.47333333333336,228.74
2023-04-01 03:00:00,228.74,3,5,1,222.61,247.97000000000017,216.98333333333335,254.14
2023-04-01 04:00:00,254.14,4,5,1,228.74,235.16333333333353,232.14166666666665,263.04
2023-04-01 05:00:00,263.04,5,5,1,254.14,248.64000000000019,249.7833333333333,238.28
2023-04-01 06:00:00,238.28,6,5,1,263.04,251.8200000000002,249.895,229.53
2023-04-01 07:00:00,229.53,7,5,1,238.28,243.61666666666687,239.39000000000001,238.16
2023-04-01 08:00:00,238.16,8,5,1,229.53,235.32333333333352,241.98166666666665,218.56
2023-04-01 09:00:00,218.56,9,5,1,238.16,228.7500000000002,240.285,258.78
2023-04-01 10:00:00,258.78,10,5,1,218.56,238.50000000000014,241.0583333333333,236.28
2023-04-01 11:00:00,236.28,11,5,1,258.78,237.87333333333353,236.59833333333336,245.77
2023-04-01 12:00:00,245.77,12,5,1,236.28,246.9433333333335,237.84666666666666,233.02
2023-04-01 13:00:00,233.02,13,5,1,245.77,238.35666666666683,238.4283333333333,250.86
2023-04-01 14:00:00,250.86,14,5,1,233.02,243.21666666666684,240.545,230.65
2023-04-01 15:00:00,230.65,15,5,1,250.86,238.17666666666685,242.55999999999997,235.18
2023-04-01 16:00:00,235.18,16,5,1,230.65,238.89666666666685,238.62666666666667,226.15
2023-04-01 17:00:00,226.15,17,5,1,235.18,230.6600000000002,236.9383333333333,249.52
2023-04-01 18:00:00,249.52,18,5,1,226.15,236.9500000000002,237.56333333333336,264.06
2023-04-01 19:00:00,264.06,19,5,1,249.52,246.57666666666682,242.73666666666668,244.73
2023-04-01 20:00:00,244.73,20,5,1,264.06,252.77000000000018,241.71500000000003,239.62
2023-04-01 21:00:00,239.62,21,5,1,244.73,249.47000000000017,243.21,228.17
2023-04-01 22:00:00,228.17,22,5,1,239.62,237.5066666666668,242.04166666666666,213.67
2023-04-01 23:00:00,213.67,23,5,1,228.17,227.1533333333335,239.96166666666667,206.97
2023-04-02 00:00:00,206.97,0,6,1,213.67,216.27000000000012,232.87,236.48
2023-04-02 01:00:00,236.48,1,6,1,206.97,219.04000000000016,228.2733333333333,229.68
2023-04-02 02:00:00,229.68,2,6,1,236.48,224.37666666666686,225.765,212.68
2023-04-02 03:00:00,212.68,3,6,1,229.68,226.28000000000017,221.275,240.43
2023-04-02 04:00:00,240.43,4,6,1,212.68,227.59666666666683,223.3183333333333,218.37
2023-04-02 05:00:00,218.37,5,6,1,240.43,223.82666666666685,224.1016666666667,265.64
2023-04-02 06:00:00,265.64,6,6,1,218.37,241.48000000000016,233.88000000000002,252.37
2023-04-02 07:00:00,252.37,7,6,1,265.64,245.46000000000018,236.52833333333334,246.68
2023-04-02 08:00:00,246.68,8,6,1,252.37,254.89666666666685,239.36166666666668,214.22
2023-04-02 09:00:00,214.22,9,6,1,246.68,237.75666666666686,239.61833333333334,233.25
2023-04-02 10:00:00,233.25,10,6,1,214.22,231.38333333333352,238.4216666666667,225.85
2023-04-02 11:00:00,225.85,11,6,1,233.25,224.4400000000002,239.66833333333332,238.43
2023-04-02 12:00:00,238.43,12,6,1,225.85,232.5100000000002,235.13333333333333,225.6
2023-04-02 13:00:00,225.6,13,6,1,238.43,229.96000000000018,230.67166666666665,214.36
2023-04-02 14:00:00,214.36,14,6,1,225.6,226.1300000000002,225.285,213.32
2023-04-02 15:00:00,213.32,15,6,1,214.36,217.7600000000002,225.135,237.27
2023-04-02 16:00:00,237.27,16,6,1,213.32,221.65000000000018,225.80499999999998,208.9
2023-04-02 17:00:00,208.9,17,6,1,237.27,219.83000000000018,222.98000000000002,260.13
2023-04-02 18:00:00,260.13,18,6,1,208.9,235.43333333333354,226.59666666666666,217.79
2023-04-02 19:00:00,217.79,19,6,1,260.13,228.9400000000002,225.295,240.48
2023-04-02 20:00:00,240.48,20,6,1,217.79,239.46666666666684,229.6483333333333,239.69
2023-04-02 21:00:00,239.69,21,6,1,240.48,232.65333333333353,234.04333333333332,247.66
2023-04-02 22:00:00,247.66,22,6,1,239.69,242.6100000000002,235.77499999999998,253.73
2023-04-02 23:00:00,253.73,23,6,1,247.66,247.02666666666687,243.24666666666664,131.97
2023-04-03 00:00:00,131.97,0,0,0,253.73,211.1200000000002,221.88666666666666,174.59
2023-04-03 01:00:00,174.59,1,0,0,131.97,186.76333333333355,214.68666666666664,130.22
2023-04-03 02:00:00,130.22,2,0,0,174.59,145.59333333333356,196.30999999999997,170.9
2023-04-03 03:00:00,170.9,3,0,0,130.22,158.5700000000002,184.845,176.21
2023-04-03 04:00:00,176.21,4,0,0,170.9,159.1100000000002,172.93666666666664,132.14
2023-04-03 05:00:00,132.14,5,0,0,176.21,159.7500000000002,152.67166666666665,156.54
2023-04-03 06:00:00,156.54,6,0,0,132.14,154.96333333333354,156.76666666666668,497.97
2023-04-03 07:00:00,497.97,7,0,0,156.54,262.21666666666687,210.66333333333333,475.5
2023-04-03 08:00:00,475.5,8,0,0,497.97,376.67000000000024,268.21,805.99
2023-04-03 09:00:00,805.99,9,0,0,475.5,593.1533333333335,374.0583333333334,874.19
2023-04-03 10:00:00,874.19,10,0,0,805.99,718.5600000000003,490.3883333333333,813.11
2023-04-03 11:00:00,813.11,11,0,0,874.19,831.0966666666669,603.8833333333333,856.31
2023-04-03 12:00:00,856.31,12,0,0,813.11,847.8700000000002,720.5116666666668,911.31
2023-04-03 13:00:00,911.31,13,0,0,856.31,860.2433333333335,789.4016666666666,844.87
2023-04-03 14:00:00,844.87,14,0,0,911.31,870.8300000000003,850.9633333333333,879.87
2023-04-03 15:00:00,879.87,15,0,0,844.87,878.6833333333335,863.2766666666666,862.16
2023-04-03 16:00:00,862.16,16,0,0,879.87,862.3000000000002,861.2716666666665,871.79
2023-04-03 17:00:00,871.79,17,0,0,862.16,871.2733333333335,871.0516666666666,798.18
2023-04-03 18:00:00,798.18,18,0,0,871.79,844.0433333333335,861.3633333333332,494.74
2023-04-03 19:00:00,494.74,19,0,0,798.18,721.5700000000002,791.935,507.97
2023-04-03 20:00:00,507.97,20,0,0,494.74,600.296666666667,735.785,120.35
2023-04-03 21:00:00,120.35,21,0,0,507.97,374.3533333333335,609.1983333333333,172.2
2023-04-03 22:00:00,172.2,22,0,0,120.35,266.8400000000002,494.205,183.08
2023-04-03 23:00:00,183.08,23,0,0,172.2,158.54333333333355,379.42,164.99
2023-04-04 00:00:00,164.99,0,1,0,183.08,173.42333333333355,273.8883333333334,143.28
2023-04-04 01:00:00,143.28,1,1,0,164.99,163.78333333333356,215.3116666666667,183.95
2023-04-04 02:00:00,183.95,2,1,0,143.28,164.07333333333358,161.30833333333334,159.72
2023-04-04 03:00:00,159.72,3,1,0,183.95,162.3166666666669,167.87,167.19
2023-04-04 04:00:00,167.19,4,1,0,159.72,170.2866666666669,167.035,142.99
2023-04-04 05:00:00,142.99,5,1,0,167.19,156.63333333333355,160.35333333333332,125.63
2023-04-04 06:00:00,125.63,6,1,0,142.99,145.27000000000024,153.79333333333332,487.6
2023-04-04 07:00:00,487.6,7,1,0,125.63,252.07333333333358,211.17999999999998,505.65
2023-04-04 08:00:00,505.65,8,1,0,487.6,372.9600000000002,264.7966666666667,771.23
2023-04-04 09:00:00,771.23,9,1,0,505.65,588.1600000000002,366.715,812.89
2023-04-04 10:00:00,812.89,10,1,0,771.23,696.5900000000001,474.33166666666665,840.94
2023-04-04 11:00:00,840.94,11,1,0,812.89,808.3533333333336,590.6566666666666,831.55
2023-04-04 12:00:00,831.55,12,1,0,840.94,828.4600000000002,708.31,875.79
2023-04-04 13:00:00,875.79,13,1,0,831.55,849.4266666666668,773.0083333333333,910.43
2023-04-04 14:00:00,910.43,14,1,0,875.79,872.5900000000001,840.4716666666667,869.94
2023-04-04 15:00:00,869.94,15,1,0,910.43,885.3866666666669,856.9233333333333,826.83
2023-04-04 16:00:00,826.83,16,1,0,869.94,869.066666666667,859.2466666666666,837.03
2023-04-04 17:00:00,837.03,17,1,0,826.83,844.6000000000003,858.5949999999999,805.08
2023-04-04 18:00:00,805.08,18,1,0,837.03,822.9800000000001,854.1833333333334,484.16
2023-04-04 19:00:00,484.16,19,1,0,805.08,708.756666666667,788.9116666666667,478.65
2023-04-04 20:00:00,478.65,20,1,0,484.16,589.2966666666669,716.9483333333334,144.13
2023-04-04 21:00:00,144.13,21,1,0,478.65,368.98000000000025,595.98,140.93
2023-04-04 22:00:00,140.93,22,1,0,144.13,254.5700000000002,481.66333333333336,184.38
2023-04-04 23:00:00,184.38,23,1,0,140.93,156.48000000000022,372.8883333333333,174.55
2023-04-05 00:00:00,174.55,0,2,0,184.38,166.62000000000023,267.8,142.26
2023-04-05 01:00:00,142.26,1,2,0,174.55,167.06333333333356,210.81666666666663,153.96
2023-04-05 02:00:00,153.96,2,2,0,142.26,156.92333333333355,156.70166666666668,104.04
2023-04-05 03:00:00,104.04,3,2,0,153.96,133.42000000000021,150.02,158.45
2023-04-05 04:00:00,158.45,4,2,0,104.04,138.8166666666669,152.94,171.34
2023-04-05 05:00:00,171.34,5,2,0,158.45,144.61000000000024,150.76666666666668,154.09
2023-04-05 06:00:00,154.09,6,2,0,171.34,161.29333333333355,147.35666666666665,508.52
2023-04-05 07:00:00,508.52,7,2,0,154.09,277.9833333333336,208.39999999999998,443.71
2023-04-05 08:00:00,443.71,8,2,0,508.52,368.77333333333354,256.69166666666666,800.97
2023-04-05 09:00:00,800.97,9,2,0,443.71,584.4000000000002,372.84666666666664,792.54
2023-04-05 10:00:00,792.54,10,2,0,800.97,679.0733333333336,478.52833333333336,866.0
2023-04-05 11:00:00,866.0,11,2,0,792.54,819.8366666666669,594.305,847.9
2023-04-05 12:00:00,847.9,12,2,0,866.0,835.4800000000001,709.9399999999999,888.31
2023-04-05 13:00:00,888.31,13,2,0,847.9,867.4033333333335,773.2383333333332,859.93
2023-04-05 14:00:00,859.93,14,2,0,888.31,865.3800000000001,842.6083333333332,837.06
2023-04-05 15:00:00,837.06,15,2,0,859.93,861.7666666666668,848.6233333333333,862.5
2023-04-05 16:00:00,862.5,16,2,0,837.06,853.1633333333335,860.2833333333332,824.19
2023-04-05 17:00:00,824.19,17,2,0,862.5,841.2500000000003,853.3149999999999,794.53
2023-04-05 18:00:00,794.53,18,2,0,824.19,827.0733333333336,844.42,501.3
2023-04-05 19:00:00,501.3,19,2,0,794.53,706.6733333333336,779.9183333333334,478.07
2023-04-05 20:00:00,478.07,20,2,0,501.3,591.3000000000002,716.275,172.01
2023-04-05 21:00:00,172.01,21,2,0,478.07,383.7933333333335,605.4333333333333,112.19
2023-04-05 22:00:00,112.19,22,2,0,172.01,254.09000000000023,480.38166666666666,168.58
2023-04-05 23:00:00,168.58,23,2,0,112.19,150.92666666666688,371.1133333333333,157.96
2023-04-06 00:00:00,157.96,0,3,0,168.58,146.24333333333357,265.0183333333334,148.89
2023-04-06 01:00:00,148.89,1,3,0,157.96,158.4766666666669,206.28333333333333,142.59
2023-04-06 02:00:00,142.59,2,3,0,148.89,149.8133333333336,150.37,124.69
2023-04-06 03:00:00,124.69,3,3,0,142.59,138.72333333333356,142.48333333333332,192.21
2023-04-06 04:00:00,192.21,4,3,0,124.69,153.16333333333355,155.82000000000002,170.0
2023-04-06 05:00:00,170.0,5,3,0,192.21,162.3000000000002,156.05666666666667,138.94
2023-04-06 06:00:00,138.94,6,3,0,170.0,167.05000000000024,152.88666666666666,490.56
2023-04-06 07:00:00,490.56,7,3,0,138.94,266.5000000000002,209.83166666666668,450.21
2023-04-06 08:00:00,450.21,8,3,0,490.56,359.9033333333336,261.1016666666667,803.9
2023-04-06 09:00:00,803.9,9,3,0,450.21,581.5566666666668,374.3033333333333,836.48
2023-04-06 10:00:00,836.48,10,3,0,803.9,696.8633333333336,481.6816666666667,847.54
2023-04-06 11:00:00,847.54,11,3,0,836.48,829.3066666666668,594.605,863.98
2023-04-06 12:00:00,863.98,12,3,0,847.54,849.3333333333336,715.445,869.8
2023-04-06 13:00:00,869.8,13,3,0,863.98,860.4400000000002,778.6516666666666,899.51
2023-04-06 14:00:00,899.51,14,3,0,869.8,877.7633333333337,853.535,847.4
2023-04-06 15:00:00,847.4,15,3,0,899.51,872.2366666666668,860.785,861.82
2023-04-06 16:00:00,861.82,16,3,0,847.4,869.5766666666668,865.0083333333332,820.6
2023-04-06 17:00:00,820.6,17,3,0,861.82,843.2733333333335,860.5183333333333,832.42
2023-04-06 18:00:00,832.42,18,3,0,820.6,838.2800000000002,855.2583333333333,460.74
2023-04-06 19:00:00,460.74,19,3,0,832.42,704.5866666666669,787.0816666666666,479.33
2023-04-06 20:00:00,479.33,20,3,0,460.74,590.8300000000003,717.0516666666666,171.12
2023-04-06 21:00:00,171.12,21,3,0,479.33,370.39666666666693,604.3383333333334,163.93
2023-04-06 22:00:00,163.93,22,3,0,171.12,271.4600000000002,488.0233333333333,150.1
2023-04-06 23:00:00,150.1,23,3,0,163.93,161.7166666666669,376.2733333333333,176.72
2023-04-07 00:00:00,176.72,0,4,0,150.1,163.58333333333357,266.99,139.54
2023-04-07 01:00:00,139.54,1,4,0,176.72,155.45333333333357,213.45666666666668,181.53
2023-04-07 02:00:00,181.53,2,4,0,139.54,165.9300000000002,163.82333333333335,185.0
2023-04-07 03:00:00,185.0,3,4,0,181.53,168.69000000000023,166.13666666666666,177.45
2023-04-07 04:00:00,177.45,4,4,0,185.0,181.3266666666669,168.39,134.19
2023-04-07 05:00:00,134.19,5,4,0,177.45,165.54666666666688,165.73833333333332,150.96
2023-04-07 06:00:00,150.96,6,4,0,134.19,154.20000000000024,161.44500000000002,470.75
2023-04-07 07:00:00,470.75,7,4,0,150.96,251.96666666666692,216.64666666666668,486.94
2023-04-07 08:00:00,486.94,8,4,0,470.75,369.5500000000002,267.54833333333335,796.32
2023-04-07 09:00:00,796.32,9,4,0,486.94,584.6700000000002,369.435,820.76
2023-04-07 10:00:00,820.76,10,4,0,796.32,701.3400000000003,476.65333333333336,858.95
2023-04-07 11:00:00,858.95,11,4,0,820.76,825.3433333333336,597.4466666666667,880.66
2023-04-07 12:00:00,880.66,12,4,0,858.95,853.4566666666669,719.0633333333334,900.4
2023-04-07 13:00:00,900.4,13,4,0,880.66,880.0033333333336,790.6716666666666,862.65
2023-04-07 14:00:00,862.65,14,4,0,900.4,881.236666666667,853.2900000000001,863.78
2023-04-07 15:00:00,863.78,15,4,0,862.65,875.6100000000002,864.5333333333333,860.44
2023-04-07 16:00:00,860.44,16,4,0,863.78,862.2900000000003,871.1466666666666,856.78
2023-04-07 17:00:00,856.78,17,4,0,860.44,860.3333333333336,870.785,811.97
2023-04-07 18:00:00,811.97,18,4,0,856.78,843.0633333333336,859.3366666666666,472.31
2023-04-07 19:00:00,472.31,19,4,0,811.97,713.686666666667,787.9883333333333,459.31
2023-04-07 20:00:00,459.31,20,4,0,472.31,581.1966666666668,720.765,184.85
2023-04-07 21:00:00,184.85,21,4,0,459.31,372.1566666666669,607.61,159.88
2023-04-07 22:00:00,159.88,22,4,0,184.85,268.0133333333336,490.84999999999997,166.4
2023-04-07 23:00:00,166.4,23,4,0,159.88,170.37666666666692,375.7866666666667,267.49
2023-04-08 00:00:00,267.49,0,5,1,166.4,197.9233333333336,285.03999999999996,237.79
2023-04-08 01:00:00,237.79,1,5,1,267.49,223.89333333333357,245.95333333333335,232.13
2023-04-08 02:00:00,232.13,2,5,1,237.79,245.8033333333336,208.09,230.77
2023-04-08 03:00:00,230.77,3,5,1,232.13,233.5633333333336,215.74333333333334,253.59
2023-04-08 04:00:00,253.59,4,5,1,230.77,238.83000000000027,231.36166666666668,263.62
2023-04-08 05:00:00,263.62,5,5,1,253.59,249.32666666666694,247.56499999999997,219.66
2023-04-08 06:00:00,219.66,6,5,1,263.62,245.62333333333356,239.59333333333336,241.44
2023-04-08 07:00:00,241.44,7,5,1,219.66,241.5733333333336,240.20166666666663,223.45
2023-04-08 08:00:00,223.45,8,5,1,241.44,228.1833333333336,238.755,217.89
2023-04-08 09:00:00,217.89,9,5,1,223.45,227.5933333333336,236.60833333333335,245.77
2023-04-08 10:00:00,245.77,10,5,1,217.89,229.03666666666695,235.30499999999998,254.94
2023-04-08 11:00:00,254.94,11,5,1,245.77,239.53333333333362,233.85833333333335,272.63
2023-04-08 12:00:00,272.63,12,5,1,254.94,257.78000000000026,242.68666666666664,255.53
2023-04-08 13:00:00,255.53,13,5,1,272.63,261.0333333333336,245.035,253.21
2023-04-08 14:00:00,253.21,14,5,1,255.53,260.45666666666693,249.995,250.21
2023-04-08 15:00:00,250.21,15,5,1,253.21,252.9833333333336,255.38166666666666,237.14
2023-04-08 16:00:00,237.14,16,5,1,250.21,246.8533333333336,253.9433333333333,238.34
2023-04-08 17:00:00,238.34,17,5,1,237.14,241.8966666666669,251.17666666666665,234.3
2023-04-08 18:00:00,234.3,18,5,1,238.34,236.5933333333336,244.78833333333333,254.44
2023-04-08 19:00:00,254.44,19,5,1,234.3,242.36000000000027,244.60666666666668,220.28
2023-04-08 20:00:00,220.28,20,5,1,254.44,236.34000000000026,239.11833333333334,261.18
2023-04-08 21:00:00,261.18,21,5,1,220.28,245.30000000000027,240.94666666666663,245.71
2023-04-08 22:00:00,245.71,22,5,1,261.18,242.3900000000003,242.375,227.23
2023-04-08 23:00:00,227.23,23,5,1,245.71,244.70666666666693,240.5233333333333,235.06
2023-04-09 00:00:00,235.06,0,6,1,227.23,236.00000000000026,240.65,238.38
2023-04-09 01:00:00,238.38,1,6,1,235.06,233.55666666666693,237.97333333333333,255.38
2023-04-09 02:00:00,255.38,2,6,1,238.38,242.94000000000028,243.82333333333335,205.27
2023-04-09 03:00:00,205.27,3,6,1,255.38,233.01000000000025,234.50500000000002,232.6
2023-04-09 04:00:00,232.6,4,6,1,205.27,231.0833333333336,232.32000000000002,245.63
2023-04-09 05:00:00,245.63,5,6,1,232.6,227.8333333333336,235.38666666666668,237.85
2023-04-09 06:00:00,237.85,6,6,1,245.63,238.6933333333336,235.8516666666667,246.32
2023-04-09 07:00:00,246.32,7,6,1,237.85,243.2666666666669,237.17499999999998,243.51
2023-04-09 08:00:00,243.51,8,6,1,246.32,242.56000000000026,235.1966666666667,251.38
2023-04-09 09:00:00,251.38,9,6,1,243.51,247.07000000000025,242.88166666666666,239.4
2023-04-09 10:00:00,239.4,10,6,1,251.38,244.76333333333363,244.015,217.96
2023-04-09 11:00:00,217.96,11,6,1,239.4,236.24666666666693,239.40333333333334,209.21
2023-04-09 12:00:00,209.21,12,6,1,217.96,222.19000000000028,234.63,216.36
2023-04-09 13:00:00,216.36,13,6,1,209.21,214.5100000000003,229.63666666666668,216.83
2023-04-09 14:00:00,216.83,14,6,1,216.36,214.13333333333358,225.19000000000003,229.38
2023-04-09 15:00:00,229.38,15,6,1,216.83,220.85666666666694,221.5233333333333,236.41
2023-04-09 16:00:00,236.41,16,6,1,229.38,227.54000000000028,221.025,230.98
2023-04-09 17:00:00,230.98,17,6,1,236.41,232.25666666666692,223.19500000000002,219.9
2023-04-09 18:00:00,219.9,18,6,1,230.98,229.09666666666692,224.9766666666667,246.87
2023-04-09 19:00:00,246.87,19,6,1,219.9,232.5833333333336,230.06166666666664,256.29
2023-04-09 20:00:00,256.29,20,6,1,246.87,241.0200000000003,236.63833333333332,240.05
2023-04-09 21:00:00,240.05,21,6,1,256.29,247.73666666666693,238.41666666666666,240.93
2023-04-09 22:00:00,240.93,22,6,1,240.05,245.75666666666697,239.17,226.4
2023-04-09 23:00:00,226.4,23,6,1,240.93,235.7933333333336,238.40666666666667,133.01
2023-04-10 00:00:00,133.01,0,0,0,226.4,200.1133333333336,223.92499999999998,185.53
2023-04-10 01:00:00,185.53,1,0,0,133.01,181.6466666666669,213.70166666666668,125.37
2023-04-10 02:00:00,125.37,2,0,0,185.53,147.97000000000028,191.88166666666666,184.16
2023-04-10 03:00:00,184.16,3,0,0,125.37,165.02000000000024,182.5666666666667,162.99
2023-04-10 04:00:00,162.99,4,0,0,184.16,157.50666666666692,169.57666666666665,152.34
2023-04-10 05:00:00,152.34,5,0,0,162.99,166.49666666666693,157.23333333333332,169.81
2023-04-10 06:00:00,169.81,6,0,0,152.34,161.71333333333362,163.36666666666667,450.49
2023-04-10 07:00:00,450.49,7,0,0,169.81,257.5466666666669,207.52666666666667,511.86
2023-04-10 08:00:00,511.86,8,0,0,450.49,377.38666666666694,271.94166666666666,761.39
2023-04-10 09:00:00,761.39,9,0,0,511.86,574.5800000000003,368.1466666666667,795.86
2023-04-10 10:00:00,795.86,10,0,0,761.39,689.7033333333335,473.625,875.67
2023-04-10 11:00:00,875.67,11,0,0,795.86,810.9733333333335,594.18,900.22
2023-04-10 12:00:00,900.22,12,0,0,875.67,857.2500000000003,715.915,886.93
2023-04-10 13:00:00,886.93,13,0,0,900.22,887.6066666666669,788.6550000000001,860.58
2023-04-10 14:00:00,860.58,14,0,0,886.93,882.5766666666669,846.775,892.5
2023-04-10 15:00:00,892.5,15,0,0,860.58,880.0033333333336,868.6266666666667,858.61
2023-04-10 16:00:00,858.61,16,0,0,892.5,870.5633333333336,879.0849999999999,846.27
2023-04-10 17:00:00,846.27,17,0,0,858.61,865.7933333333336,874.1850000000001,783.66
2023-04-10 18:00:00,783.66,18,0,0,846.27,829.5133333333337,854.7583333333333,492.02
2023-04-10 19:00:00,492.02,19,0,0,783.66,707.316666666667,788.9399999999999,459.43
2023-04-10 20:00:00,459.43,20,0,0,492.02,578.3700000000002,722.0816666666666,174.7
2023-04-10 21:00:00,174.7,21,0,0,459.43,375.3833333333336,602.4483333333334,167.04
2023-04-10 22:00:00,167.04,22,0,0,174.7,267.0566666666669,487.18666666666667,157.73
2023-04-10 23:00:00,157.73,23,0,0,167.04,166.49000000000026,372.43,165.93
2023-04-11 00:00:00,165.93,0,1,0,157.73,163.56666666666692,269.47499999999997,189.27
2023-04-11 01:00:00,189.27,1,1,0,165.93,170.97666666666692,219.01666666666665,161.57
2023-04-11 02:00:00,161.57,2,1,0,189.27,172.25666666666692,169.3733333333333,146.74
2023-04-11 03:00:00,146.74,3,1,0,161.57,165.86000000000027,164.71333333333334,122.38
2023-04-11 04:00:00,122.38,4,1,0,146.74,143.56333333333362,157.27,128.74
2023-04-11 05:00:00,128.74,5,1,0,122.38,132.62000000000026,152.43833333333333,140.49
2023-04-11 06:00:00,140.49,6,1,0,128.74,130.53666666666695,148.19833333333335,464.4
2023-04-11 07:00:00,464.4,7,1,0,140.49,244.5433333333336,194.0533333333333,483.75
2023-04-11 08:00:00,483.75,8,1,0,464.4,362.8800000000003,247.75,804.12
2023-04-11 09:00:00,804.12,9,1,0,483.75,584.0900000000003,357.31333333333333,823.72
2023-04-11 10:00:00,823.72,10,1,0,804.12,703.8633333333336,474.2033333333333,878.93
2023-04-11 11:00:00,878.93,11,1,0,823.72,835.5900000000001,599.235,824.85
2023-04-11 12:00:00,824.85,12,1,0,878.93,842.5000000000003,713.295,909.18
2023-04-11 13:00:00,909.18,13,1,0,824.85,870.986666666667,787.4250000000001,902.96
2023-04-11 14:00:00,902.96,14,1,0,909.18,878.9966666666669,857.2933333333334,864.0
2023-04-11 15:00:00,864.0,15,1,0,902.96,892.046666666667,867.2733333333334,836.17
2023-04-11 16:00:00,836.17,16,1,0,864.0,867.7100000000004,869.3483333333334,839.11
2023-04-11 17:00:00,839.11,17,1,0,836.17,846.4266666666668,862.7116666666666,815.27
2023-04-11 18:00:00,815.27,18,1,0,839.11,830.1833333333337,861.1150000000001,491.7
2023-04-11 19:00:00,491.7,19,1,0,815.27,715.3600000000002,791.535,548.58
2023-04-11 20:00:00,548.58,20,1,0,491.7,618.5166666666669,732.4716666666667,161.16
2023-04-11 21:00:00,161.16,21,1,0,548.58,400.48000000000025,615.3316666666666,167.83
2023-04-11 22:00:00,167.83,22,1,0,161.16,292.5233333333336,503.9416666666666,155.89
2023-04-11 23:00:00,155.89,23,1,0,167.83,161.6266666666669,390.0716666666667,155.94
2023-04-12 00:00:00,155.94,0,2,0,155.89,159.8866666666669,280.18333333333334,161.64
2023-04-12 01:00:00,161.64,1,2,0,155.94,157.82333333333355,225.17333333333332,157.63
2023-04-12 02:00:00,157.63,2,2,0,161.64,158.40333333333356,160.015,168.74
2023-04-12 03:00:00,168.74,3,2,0,157.63,162.67000000000021,161.27833333333334,143.96
2023-04-12 04:00:00,143.96,4,2,0,168.74,156.7766666666669,157.29999999999998,186.19
2023-04-12 05:00:00,186.19,5,2,0,143.96,166.29666666666688,162.35,149.11
2023-04-12 06:00:00,149.11,6,2,0,186.19,159.75333333333356,161.21166666666667,461.01
2023-04-12 07:00:00,461.01,7,2,0,149.11,265.4366666666669,211.10666666666668,474.91
2023-04-12 08:00:00,474.91,8,2,0,461.01,361.6766666666669,263.9866666666667,786.24
2023-04-12 09:00:00,786.24,9,2,0,474.91,574.0533333333336,366.90333333333336,845.72
2023-04-12 10:00:00,845.72,10,2,0,786.24,702.2900000000003,483.8633333333334,873.27
2023-04-12 11:00:00,873.27,11,2,0,845.72,835.0766666666668,598.3766666666667,881.04
2023-04-12 12:00:00,881.04,12,2,0,873.27,866.6766666666668,720.3650000000001,856.45
2023-04-12 13:00:00,856.45,13,2,0,881.04,870.2533333333336,786.2716666666666,906.36
2023-04-12 14:00:00,906.36,14,2,0,856.45,881.2833333333334,858.18,850.32
2023-04-12 15:00:00,850.32,15,2,0,906.36,871.0433333333335,868.8600000000001,873.51
2023-04-12 16:00:00,873.51,16,2,0,850.32,876.7300000000001,873.4916666666668,859.48
2023-04-12 17:00:00,859.48,17,2,0,873.51,861.1033333333335,871.1933333333333,786.79
2023-04-12 18:00:00,786.79,18,2,0,859.48,839.9266666666668,855.485,468.68
2023-04-12 19:00:00,468.68,19,2,0,786.79,704.9833333333336,790.8566666666667,520.02
2023-04-12 20:00:00,520.02,20,2,0,468.68,591.8300000000002,726.4666666666667,146.2
2023-04-12 21:00:00,146.2,21,2,0,520.02,378.3000000000002,609.1133333333333,156.32
2023-04-12 22:00:00,156.32,22,2,0,146.2,274.1800000000001,489.58166666666665,161.3
2023-04-12 23:00:00,161.3,23,2,0,156.32,154.60666666666683,373.2183333333333,168.34
2023-04-13 00:00:00,168.34,0,3,0,161.3,161.98666666666682,270.1433333333334,155.67
2023-04-13 01:00:00,155.67,1,3,0,168.34,161.77000000000015,217.975,146.28
2023-04-13 02:00:00,146.28,2,3,0,155.67,156.76333333333346,155.685,227.06
2023-04-13 03:00:00,227.06,3,3,0,146.28,176.33666666666682,169.16166666666666,163.02
2023-04-13 04:00:00,163.02,4,3,0,227.06,178.78666666666683,170.27833333333334,195.95
2023-04-13 05:00:00,195.95,5,3,0,163.02,195.34333333333348,176.05333333333337,158.67
2023-04-13 06:00:00,158.67,6,3,0,195.95,172.54666666666682,174.4416666666667,470.55
2023-04-13 07:00:00,470.55,7,3,0,158.67,275.0566666666668,226.92166666666665,455.91
2023-04-13 08:00:00,455.91,8,3,0,470.55,361.7100000000002,278.5266666666667,821.43
2023-04-13 09:00:00,821.43,9,3,0,455.91,582.6300000000001,377.5883333333333,833.62
2023-04-13 10:00:00,833.62,10,3,0,821.43,703.6533333333335,489.355,814.06
2023-04-13 11:00:00,814.06,11,3,0,833.62,823.0366666666667,592.3733333333333,885.05
2023-04-13 12:00:00,885.05,12,3,0,814.06,844.2433333333335,713.4366666666666,858.87
2023-04-13 13:00:00,858.87,13,3,0,885.05,852.6600000000002,778.1566666666666,869.31
2023-04-13 14:00:00,869.31,14,3,0,858.87,871.0766666666668,847.0566666666667,864.47
2023-04-13 15:00:00,864.47,15,3,0,869.31,864.2166666666668,854.2299999999999,869.84
2023-04-13 16:00:00,869.84,16,3,0,864.47,867.8733333333334,860.2666666666665,844.8
2023-04-13 17:00:00,844.8,17,3,0,869.84,859.7033333333335,865.39,786.45
2023-04-13 18:00:00,786.45,18,3,0,844.8,833.6966666666668,848.9566666666666,482.89
2023-04-13 19:00:00,482.89,19,3,0,786.45,704.7133333333335,786.2933333333334,463.91
2023-04-13 20:00:00,463.91,20,3,0,482.89,577.7500000000002,718.7266666666666,162.96
2023-04-13 21:00:00,162.96,21,3,0,463.91,369.92000000000013,601.8083333333333,153.98
2023-04-13 22:00:00,153.98,22,3,0,162.96,260.2833333333335,482.4983333333333,154.7
2023-04-13 23:00:00,154.7,23,3,0,153.98,157.21333333333348,367.48166666666674,163.4
2023-04-14 00:00:00,163.4,0,4,0,154.7,157.36000000000013,263.64,192.63
2023-04-14 01:00:00,192.63,1,4,0,163.4,170.24333333333348,215.26333333333332,156.78
2023-04-14 02:00:00,156.78,2,4,0,192.63,170.9366666666668,164.075,155.92
2023-04-14 03:00:00,155.92,3,4,0,156.78,168.4433333333335,162.90166666666667,177.76
2023-04-14 04:00:00,177.76,4,4,0,155.92,163.48666666666682,166.86499999999998,171.75
2023-04-14 05:00:00,171.75,5,4,0,177.76,168.4766666666668,169.70666666666668,178.82
2023-04-14 06:00:00,178.82,6,4,0,171.75,176.11000000000016,172.27666666666664,470.07
2023-04-14 07:00:00,470.07,7,4,0,178.82,273.5466666666668,218.51666666666665,500.75
2023-04-14 08:00:00,500.75,8,4,0,470.07,383.2133333333334,275.84499999999997,817.85
2023-04-14 09:00:00,817.85,9,4,0,500.75,596.2233333333335,386.1666666666667,842.67
2023-04-14 10:00:00,842.67,10,4,0,817.85,720.4233333333335,496.98499999999996,861.35
2023-04-14 11:00:00,861.35,11,4,0,842.67,840.6233333333334,611.9183333333334,896.48
2023-04-14 12:00:00,896.48,12,4,0,861.35,866.8333333333335,731.5283333333333,870.23
2023-04-14 13:00:00,870.23,13,4,0,896.48,876.0200000000001,798.2216666666667,870.97
2023-04-14 14:00:00,870.97,14,4,0,870.23,879.2266666666669,859.9250000000001,858.05
2023-04-14 15:00:00,858.05,15,4,0,870.97,866.4166666666669,866.625,845.74
2023-04-14 16:00:00,845.74,16,4,0,858.05,858.2533333333336,867.1366666666667,847.57
2023-04-14 17:00:00,847.57,17,4,0,845.74,850.4533333333335,864.8400000000001,822.43
2023-04-14 18:00:00,822.43,18,4,0,847.57,838.5800000000003,852.4983333333333,458.12
2023-04-14 19:00:00,458.12,19,4,0,822.43,709.3733333333334,783.8133333333334,469.88
2023-04-14 20:00:00,469.88,20,4,0,458.12,583.4766666666668,716.965,138.75
2023-04-14 21:00:00,138.75,21,4,0,469.88,355.5833333333335,597.0816666666666,188.52
2023-04-14 22:00:00,188.52,22,4,0,138.75,265.7166666666668,487.545,156.46
2023-04-14 23:00:00,156.46,23,4,0,188.52,161.24333333333348,372.35999999999996,237.63
2023-04-15 00:00:00,237.63,0,5,1,156.46,194.2033333333335,274.8933333333334,251.95
2023-04-15 01:00:00,251.95,1,5,1,237.63,215.3466666666668,240.53166666666667,229.87
2023-04-15 02:00:00,229.87,2,5,1,251.95,239.81666666666683,200.53,218.72
2023-04-15 03:00:00,218.72,3,5,1,229.87,233.51333333333346,213.85833333333335,237.25
2023-04-15 04:00:00,237.25,4,5,1,218.72,228.6133333333335,221.98000000000002,267.36
2023-04-15 05:00:00,267.36,5,5,1,237.25,241.11000000000016,240.46333333333334,257.55
2023-04-15 06:00:00,257.55,6,5,1,267.36,254.0533333333335,243.78333333333333,237.42
2023-04-15 07:00:00,237.42,7,5,1,257.55,254.11000000000016,241.36166666666668,249.9
2023-04-15 08:00:00,249.9,8,5,1,237.42,248.29000000000016,244.69999999999996,241.17
2023-04-15 09:00:00,241.17,9,5,1,249.9,242.83000000000015,248.44166666666663,253.36
2023-04-15 10:00:00,253.36,10,5,1,241.17,248.14333333333352,251.12666666666667,231.49
2023-04-15 11:00:00,231.49,11,5,1,253.36,242.0066666666668,245.14833333333334,251.38
2023-04-15 12:00:00,251.38,12,5,1,231.49,245.41000000000017,244.12,245.27
2023-04-15 13:00:00,245.27,13,5,1,251.38,242.7133333333335,245.4283333333333,225.49
2023-04-15 14:00:00,225.49,14,5,1,245.27,240.7133333333335,241.36,257.06
2023-04-15 15:00:00,257.06,15,5,1,225.49,242.60666666666683,244.00833333333335,240.01
2023-04-15 16:00:00,240.01,16,5,1,257.06,240.85333333333347,241.7833333333333,236.06
2023-04-15 17:00:00,236.06,17,5,1,240.01,244.3766666666668,242.545,264.8
2023-04-15 18:00:00,264.8,18,5,1,236.06,246.95666666666682,244.78166666666667,239.75
2023-04-15 19:00:00,239.75,19,5,1,264.8,246.87000000000015,243.86166666666668,222.11
2023-04-15 20:00:00,222.11,20,5,1,239.75,242.22000000000017,243.29833333333332,231.21
2023-04-15 21:00:00,231.21,21,5,1,222.11,231.0233333333335,238.99,251.58
2023-04-15 22:00:00,251.58,22,5,1,231.21,234.96666666666684,240.91833333333332,221.41
2023-04-15 23:00:00,221.41,23,5,1,251.58,234.7333333333335,238.47666666666666,233.9
2023-04-16 00:00:00,233.9,0,6,1,221.41,235.63000000000014,233.32666666666668,235.85
2023-04-16 01:00:00,235.85,1,6,1,233.9,230.3866666666668,232.67666666666665,264.77
2023-04-16 02:00:00,264.77,2,6,1,235.85,244.84000000000015,239.78666666666663,219.62
2023-04-16 03:00:00,219.62,3,6,1,264.77,240.08000000000015,237.85500000000002,242.55
2023-04-16 04:00:00,242.55,4,6,1,219.62,242.31333333333347,236.35,247.05
2023-04-16 05:00:00,247.05,5,6,1,242.55,236.40666666666684,240.62333333333336,227.04
2023-04-16 06:00:00,227.04,6,6,1,247.05,238.88000000000014,239.48000000000002,271.77
2023-04-16 07:00:00,271.77,7,6,1,227.04,248.62000000000012,245.4666666666667,238.28
2023-04-16 08:00:00,238.28,8,6,1,271.77,245.6966666666668,241.0516666666667,267.5
2023-04-16 09:00:00,267.5,9,6,1,238.28,259.18333333333345,249.03166666666667,248.85
2023-04-16 10:00:00,248.85,10,6,1,267.5,251.5433333333335,250.08166666666668,223.89
2023-04-16 11:00:00,223.89,11,6,1,248.85,246.7466666666668,246.22166666666666,234.63
2023-04-16 12:00:00,234.63,12,6,1,223.89,235.79000000000016,247.48666666666665,255.53
2023-04-16 13:00:00,255.53,13,6,1,234.63,238.0166666666668,244.78,220.85
2023-04-16 14:00:00,220.85,14,6,1,255.53,237.00333333333347,241.87499999999997,229.83
2023-04-16 15:00:00,229.83,15,6,1,220.85,235.4033333333335,235.5966666666667,237.44
2023-04-16 16:00:00,237.44,16,6,1,229.83,229.37333333333348,233.69500000000002,218.75
2023-04-16 17:00:00,218.75,17,6,1,237.44,228.6733333333335,232.83833333333337,296.45
2023-04-16 18:00:00,296.45,18,6,1,218.75,250.88000000000014,243.14166666666665,275.05
2023-04-16 19:00:00,275.05,19,6,1,296.45,263.4166666666668,246.39499999999998,287.91
2023-04-16 20:00:00,287.91,20,6,1,275.05,286.4700000000002,257.57166666666666,250.82
2023-04-16 21:00:00,250.82,21,6,1,287.91,271.26000000000016,261.07,232.48
2023-04-16 22:00:00,232.48,22,6,1,250.82,257.07000000000016,260.2433333333333,241.94
2023-04-16 23:00:00,241.94,23,6,1,232.48,241.7466666666668,264.10833333333335,168.79
2023-04-17 00:00:00,168.79,0,0,0,241.94,214.4033333333335,242.83166666666668,121.41
2023-04-17 01:00:00,121.41,1,0,0,168.79,177.38000000000014,217.22500000000002,151.61
2023-04-17 02:00:00,151.61,2,0,0,121.41,147.27000000000018,194.50833333333333,198.69
2023-04-17 03:00:00,198.69,3,0,0,151.61,157.23666666666682,185.82000000000002,177.13
2023-04-17 04:00:00,177.13,4,0,0,198.69,175.81000000000017,176.595,151.05
2023-04-17 05:00:00,151.05,5,0,0,177.13,175.62333333333348,161.4466666666667,145.21
2023-04-17 06:00:00,145.21,6,0,0,151.05,157.79666666666682,157.51666666666668,451.8
2023-04-17 07:00:00,451.8,7,0,0,145.21,249.35333333333347,212.58166666666668,465.36
2023-04-17 08:00:00,465.36,8,0,0,451.8,354.1233333333335,264.8733333333334,777.11
2023-04-17 09:00:00,777.11,9,0,0,465.36,564.7566666666668,361.27666666666664,840.38
2023-04-17 10:00:00,840.38,10,0,0,777.11,694.2833333333334,471.8183333333333,848.69
2023-04-17 11:00:00,848.69,11,0,0,840.38,822.0600000000001,588.0916666666667,892.64
2023-04-17 12:00:00,892.64,12,0,0,848.69,860.5700000000002,712.6633333333334,868.67
2023-04-17 13:00:00,868.67,13,0,0,892.64,870.0000000000001,782.1416666666668,855.47
2023-04-17 14:00:00,855.47,14,0,0,868.67,872.2600000000001,847.16,851.32
2023-04-17 15:00:00,851.32,15,0,0,855.47,858.4866666666668,859.5283333333333,873.15
2023-04-17 16:00:00,873.15,16,0,0,851.32,859.9800000000001,864.9899999999999,834.77
2023-04-17 17:00:00,834.77,17,0,0,873.15,853.0800000000003,862.6700000000001,784.72
2023-04-17 18:00:00,784.72,18,0,0,834.77,830.8800000000001,844.6833333333333,486.17
2023-04-17 19:00:00,486.17,19,0,0,784.72,701.8866666666668,780.9333333333333,471.06
2023-04-17 20:00:00,471.06,20,0,0,486.17,580.6500000000001,716.8649999999999,168.46
2023-04-17 21:00:00,168.46,21,0,0,471.06,375.2300000000002,603.0550000000001,156.74
2023-04-17 22:00:00,156.74,22,0,0,168.46,265.42000000000013,483.65333333333336,149.36
2023-04-17 23:00:00,149.36,23,0,0,156.74,158.18666666666684,369.41833333333335,173.21
2023-04-18 00:00:00,173.21,0,1,0,149.36,159.77000000000015,267.5,138.14
2023-04-18 01:00:00,138.14,1,1,0,173.21,153.57000000000016,209.495,182.69
2023-04-18 02:00:00,182.69,2,1,0,138.14,164.68000000000015,161.43333333333334,182.27
2023-04-18 03:00:00,182.27,3,1,0,182.69,167.70000000000016,163.73499999999999,191.59
2023-04-18 04:00:00,191.59,4,1,0,182.27,185.5166666666668,169.54333333333332,160.99
2023-04-18 05:00:00,160.99,5,1,0,191.59,178.2833333333335,171.48166666666665,179.66
2023-04-18 06:00:00,179.66,6,1,0,160.99,177.4133333333335,172.55666666666664,501.91
2023-04-18 07:00:00,501.91,7,1,0,179.66,280.8533333333335,233.18500000000003,503.49
2023-04-18 08:00:00,503.49,8,1,0,501.91,395.02000000000015,286.6516666666667,794.87
2023-04-18 09:00:00,794.87,9,1,0,503.49,600.0900000000001,388.7516666666667,775.28
2023-04-18 10:00:00,775.28,10,1,0,794.87,691.2133333333335,486.0333333333333,848.1
2023-04-18 11:00:00,848.1,11,1,0,775.28,806.0833333333335,600.5516666666667,865.92
2023-04-18 12:00:00,865.92,12,1,0,848.1,829.7666666666669,714.9283333333333,924.87
2023-04-18 13:00:00,924.87,13,1,0,865.92,879.6300000000001,785.4216666666666,851.77
2023-04-18 14:00:00,851.77,14,1,0,924.87,880.8533333333335,843.4683333333334,814.87
2023-04-18 15:00:00,814.87,15,1,0,851.77,863.8366666666667,846.8016666666667,840.37
2023-04-18 16:00:00,840.37,16,1,0,814.87,835.6700000000001,857.65,864.1
2023-04-18 17:00:00,864.1,17,1,0,840.37,839.7800000000002,860.3166666666667,831.26
2023-04-18 18:00:00,831.26,18,1,0,864.1,845.2433333333335,854.54,496.39
2023-04-18 19:00:00,496.39,19,1,0,831.26,730.5833333333335,783.1266666666667,487.29
2023-04-18 20:00:00,487.29,20,1,0,496.39,604.9800000000001,722.38,169.86
2023-04-18 21:00:00,169.86,21,1,0,487.29,384.5133333333335,614.8783333333333,192.36
2023-04-18 22:00:00,192.36,22,1,0,169.86,283.17000000000013,506.8766666666667,166.94
2023-04-18 23:00:00,166.94,23,1,0,192.36,176.38666666666686,390.6833333333334,165.07
2023-04-19 00:00:00,165.07,0,2,0,166.94,174.79000000000016,279.65166666666664,134.0
2023-04-19 01:00:00,134.0,1,2,0,165.07,155.33666666666682,219.25333333333333,147.74
2023-04-19 02:00:00,147.74,2,2,0,134.0,148.9366666666668,162.66166666666666,184.7
2023-04-19 03:00:00,184.7,3,2,0,147.74,155.48000000000016,165.135,166.85
2023-04-19 04:00:00,166.85,4,2,0,184.7,166.43000000000015,160.88333333333335,151.86
2023-04-19 05:00:00,151.86,5,2,0,166.85,167.80333333333348,158.37,161.74
2023-04-19 06:00:00,161.74,6,2,0,151.86,160.15000000000018,157.81500000000003,453.62
2023-04-19 07:00:00,453.62,7,2,0,161.74,255.74000000000015,211.08500000000004,483.57
2023-04-19 08:00:00,483.57,8,2,0,453.62,366.3100000000002,267.0566666666667,772.26
2023-04-19 09:00:00,772.26,9,2,0,483.57,569.8166666666668,364.98333333333335,848.83
2023-04-19 10:00:00,848.83,10,2,0,772.26,701.5533333333334,478.6466666666667,877.22
2023-04-19 11:00:00,877.22,11,2,0,848.83,832.7700000000001,599.5400000000001,893.65
2023-04-19 12:00:00,893.65,12,2,0,877.22,873.2333333333336,721.5250000000001,876.58
2023-04-19 13:00:00,876.58,13,2,0,893.65,882.4833333333336,792.0183333333333,841.57
2023-04-19 14:00:00,841.57,14,2,0,876.58,870.6,851.6850000000001,880.5
2023-04-19 15:00:00,880.5,15,2,0,841.57,866.2166666666668,869.725,892.31
2023-04-19 16:00:00,892.31,16,2,0,880.5,871.4600000000002,876.9716666666667,820.21
2023-04-19 17:00:00,820.21,17,2,0,892.31,864.3400000000001,867.4699999999999,792.55
2023-04-19 18:00:00,792.55,18,2,0,820.21,835.0233333333335,850.62,480.51
2023-04-19 19:00:00,480.51,19,2,0,792.55,697.7566666666668,784.6083333333335,512.07
2023-04-19 20:00:00,512.07,20,2,0,480.51,595.0433333333335,729.6916666666666,137.7
2023-04-19 21:00:00,137.7,21,2,0,512.07,376.76000000000016,605.8916666666667,141.47
2023-04-19 22:00:00,141.47,22,2,0,137.7,263.74666666666684,480.7516666666666,147.01
2023-04-19 23:00:00,147.01,23,2,0,141.47,142.06000000000014,368.55166666666673,187.69
2023-04-20 00:00:00,187.69,0,3,0,147.01,158.72333333333347,267.7416666666667,155.59
2023-04-20 01:00:00,155.59,1,3,0,187.69,163.43000000000015,213.58833333333334,145.94
2023-04-20 02:00:00,145.94,2,3,0,155.59,163.07333333333347,152.56666666666666,160.48
2023-04-20 03:00:00,160.48,3,3,0,145.94,154.00333333333347,156.36333333333334,170.89
2023-04-20 04:00:00,170.89,4,3,0,160.48,159.10333333333347,161.26666666666668,122.84
2023-04-20 05:00:00,122.84,5,3,0,170.89,151.40333333333348,157.23833333333334,136.63
2023-04-20 06:00:00,136.63,6,3,0,122.84,143.4533333333335,148.72833333333332,536.56
2023-04-20 07:00:00,536.56,7,3,0,136.63,265.3433333333335,212.22333333333333,483.84
2023-04-20 08:00:00,483.84,8,3,0,536.56,385.6766666666668,268.53999999999996,839.76
2023-04-20 09:00:00,839.76,9,3,0,483.84,620.0533333333334,381.7533333333333,795.47
2023-04-20 10:00:00,795.47,10,3,0,839.76,706.3566666666669,485.84999999999997,872.18
2023-04-20 11:00:00,872.18,11,3,0,795.47,835.8033333333336,610.7399999999999,881.99
2023-04-20 12:00:00,881.99,12,3,0,872.18,849.8800000000001,734.9666666666666,862.76
2023-04-20 13:00:00,862.76,13,3,0,881.99,872.3100000000001,789.3333333333334,897.86
2023-04-20 14:00:00,897.86,14,3,0,862.76,880.8700000000002,858.3366666666667,855.6
2023-04-20 15:00:00,855.6,15,3,0,897.86,872.0733333333334,860.9766666666666,802.98
2023-04-20 16:00:00,802.98,16,3,0,855.6,852.1466666666669,862.2283333333334,810.79
2023-04-20 17:00:00,810.79,17,3,0,802.98,823.1233333333336,851.9966666666668,799.96
2023-04-20 18:00:00,799.96,18,3,0,810.79,804.5766666666668,838.3250000000002,501.8
2023-04-20 19:00:00,501.8,19,3,0,799.96,704.1833333333335,778.165,460.53
2023-04-20 20:00:00,460.53,20,3,0,501.8,587.4300000000002,705.2766666666666,154.78
2023-04-20 21:00:00,154.78,21,3,0,460.53,372.3700000000002,588.4733333333334,137.72
2023-04-20 22:00:00,137.72,22,3,0,154.78,251.01000000000022,477.59666666666664,174.25
2023-04-20 23:00:00,174.25,23,3,0,137.72,155.5833333333335,371.50666666666666,171.73
2023-04-21 00:00:00,171.73,0,4,0,174.25,161.23333333333355,266.8016666666667,155.54
2023-04-21 01:00:00,155.54,1,4,0,171.73,167.17333333333352,209.09166666666667,163.58
2023-04-21 02:00:00,163.58,2,4,0,155.54,163.61666666666687,159.6,160.73
2023-04-21 03:00:00,160.73,3,4,0,163.58,159.9500000000002,160.59166666666667,197.56
2023-04-21 04:00:00,197.56,4,4,0,160.73,173.95666666666685,170.56499999999997,189.07
2023-04-21 05:00:00,189.07,5,4,0,197.56,182.45333333333352,173.035,200.39
2023-04-21 06:00:00,200.39,6,4,0,189.07,195.67333333333352,177.81166666666664,460.82
2023-04-21 07:00:00,460.82,7,4,0,200.39,283.42666666666685,228.6916666666667,487.24
2023-04-21 08:00:00,487.24,8,4,0,460.82,382.81666666666683,282.635,811.04
2023-04-21 09:00:00,811.04,9,4,0,487.24,586.3666666666669,391.02,853.13
2023-04-21 10:00:00,853.13,10,4,0,811.04,717.1366666666669,500.2816666666667,838.63
2023-04-21 11:00:00,838.63,11,4,0,853.13,834.2666666666668,608.5416666666666,866.86
2023-04-21 12:00:00,866.86,12,4,0,838.63,852.8733333333334,719.62,849.5
2023-04-21 13:00:00,849.5,13,4,0,866.86,851.6633333333335,784.4000000000001,864.68
2023-04-21 14:00:00,864.68,14,4,0,849.5,860.3466666666668,847.3066666666667,888.43
2023-04-21 15:00:00,888.43,15,4,0,864.68,867.5366666666669,860.2049999999999,871.46
2023-04-21 16:00:00,871.46,16,4,0,888.43,874.8566666666669,863.2600000000001,809.97
2023-04-21 17:00:00,809.97,17,4,0,871.46,856.6200000000002,858.4833333333335,776.16
2023-04-21 18:00:00,776.16,18,4,0,809.97,819.1966666666668,843.3666666666667,475.84
2023-04-21 19:00:00,475.84,19,4,0,776.16,687.3233333333336,781.09,467.42
2023-04-21 20:00:00,467.42,20,4,0,475.84,573.1400000000002,714.8800000000001,195.35
2023-04-21 21:00:00,195.35,21,4,0,467.42,379.53666666666686,599.3666666666667,149.22
2023-04-21 22:00:00,149.22,22,4,0,195.35,270.6633333333336,478.99333333333334,176.71
2023-04-21 23:00:00,176.71,23,4,0,149.22,173.7600000000002,373.45000000000005,258.87
2023-04-22 00:00:00,258.87,0,5,1,176.71,194.9333333333335,287.23499999999996,255.86
2023-04-22 01:00:00,255.86,1,5,1,258.87,230.48000000000016,250.5716666666667,225.6
2023-04-22 02:00:00,225.6,2,5,1,255.86,246.77666666666684,210.26833333333332,222.93
2023-04-22 03:00:00,222.93,3,5,1,225.6,234.79666666666685,214.865,231.82
2023-04-22 04:00:00,231.82,4,5,1,222.93,226.7833333333335,228.63166666666666,241.67
2023-04-22 05:00:00,241.67,5,5,1,231.82,232.14000000000019,239.45833333333334,226.19
2023-04-22 06:00:00,226.19,6,5,1,241.67,233.22666666666683,234.01166666666668,254.07
2023-04-22 07:00:00,254.07,7,5,1,226.19,240.64333333333352,233.71333333333334,246.82
2023-04-22 08:00:00,246.82,8,5,1,254.07,242.36000000000016,237.25,264.14
2023-04-22 09:00:00,264.14,9,5,1,246.82,255.01000000000013,244.11833333333334,235.98
2023-04-22 10:00:00,235.98,10,5,1,264.14,248.98000000000016,244.8116666666667,266.43
2023-04-22 11:00:00,266.43,11,5,1,235.98,255.5166666666668,248.93833333333336,246.78
2023-04-22 12:00:00,246.78,12,5,1,266.43,249.73000000000016,252.37,224.09
2023-04-22 13:00:00,224.09,13,5,1,246.78,245.7666666666668,247.37333333333333,272.3
2023-04-22 14:00:00,272.3,14,5,1,224.09,247.7233333333335,251.62,237.42
2023-04-22 15:00:00,237.42,15,5,1,272.3,244.6033333333335,247.16666666666666,245.26
2023-04-22 16:00:00,245.26,16,5,1,237.42,251.66000000000017,248.71333333333334,275.56
2023-04-22 17:00:00,275.56,17,5,1,245.26,252.7466666666668,250.23499999999999,229.32
2023-04-22 18:00:00,229.32,18,5,1,275.56,250.04666666666685,247.32499999999996,249.24
2023-04-22 19:00:00,249.24,19,5,1,229.32,251.37333333333353,251.51666666666665,229.45
2023-04-22 20:00:00,229.45,20,5,1,249.24,236.00333333333347,244.375,266.06
2023-04-22 21:00:00,266.06,21,5,1,229.45,248.25000000000014,249.1483333333333,216.51
2023-04-22 22:00:00,216.51,22,5,1,266.06,237.34000000000015,244.35666666666665,238.16
2023-04-22 23:00:00,238.16,23,5,1,216.51,240.24333333333348,238.12333333333333,261.75
2023-04-23 00:00:00,261.75,0,6,1,238.16,238.80666666666684,243.52833333333334,265.88
2023-04-23 01:00:00,265.88,1,6,1,261.75,255.26333333333346,246.30166666666665,252.2
2023-04-23 02:00:00,252.2,2,6,1,265.88,259.9433333333335,250.09333333333333,194.64
2023-04-23 03:00:00,194.64,3,6,1,252.2,237.5733333333335,238.19000000000003,270.7
2023-04-23 04:00:00,270.7,4,6,1,194.64,239.18000000000015,247.22166666666666,241.04
2023-04-23 05:00:00,241.04,5,6,1,270.7,235.46000000000015,247.70166666666668,235.96
2023-04-23 06:00:00,235.96,6,6,1,241.04,249.2333333333335,243.40333333333334,246.08
2023-04-23 07:00:00,246.08,7,6,1,235.96,241.02666666666684,240.10333333333332,255.48
2023-04-23 08:00:00,255.48,8,6,1,246.08,245.84000000000017,240.65,220.1
2023-04-23 09:00:00,220.1,9,6,1,255.48,240.5533333333335,244.89333333333332,251.19
2023-04-23 10:00:00,251.19,10,6,1,220.1,242.2566666666668,241.64166666666665,229.92
2023-04-23 11:00:00,229.92,11,6,1,251.19,233.73666666666682,239.78833333333333,279.17
2023-04-23 12:00:00,279.17,12,6,1,229.92,253.42666666666682,246.98999999999998,264.47
2023-04-23 13:00:00,264.47,13,6,1,279.17,257.8533333333335,250.05499999999998,243.35
2023-04-23 14:00:00,243.35,14,6,1,264.47,262.33000000000015,248.03333333333333,281.15
2023-04-23 15:00:00,281.15,15,6,1,243.35,262.9900000000002,258.2083333333333,240.66
2023-04-23 16:00:00,240.66,16,6,1,281.15,255.05333333333348,256.4533333333333,209.95
2023-04-23 17:00:00,209.95,17,6,1,240.66,243.92000000000016,253.125,254.5
2023-04-23 18:00:00,254.5,18,6,1,209.95,235.03666666666683,249.01333333333332,255.11
2023-04-23 19:00:00,255.11,19,6,1,254.5,239.8533333333335,247.45333333333335,236.51
2023-04-23 20:00:00,236.51,20,6,1,255.11,248.70666666666682,246.3133333333333,252.31
2023-04-23 21:00:00,252.31,21,6,1,236.51,247.9766666666668,241.50666666666666,258.84
2023-04-23 22:00:00,258.84,22,6,1,252.31,249.22000000000014,244.53666666666663,237.67
2023-04-23 23:00:00,237.67,23,6,1,258.84,249.6066666666668,249.15666666666667,159.35
2023-04-24 00:00:00,159.35,0,0,0,237.67,218.62000000000015,233.29833333333332,160.51
2023-04-24 01:00:00,160.51,1,0,0,159.35,185.84333333333348,217.53166666666667,156.89
2023-04-24 02:00:00,156.89,2,0,0,160.51,158.91666666666683,204.26166666666666,157.52
2023-04-24 03:00:00,157.52,3,0,0,156.89,158.3066666666668,188.46333333333334,186.69
2023-04-24 04:00:00,186.69,4,0,0,157.52,167.0333333333335,176.4383333333333,172.37
2023-04-24 05:00:00,172.37,5,0,0,186.69,172.1933333333335,165.555,169.41
2023-04-24 06:00:00,169.41,6,0,0,172.37,176.15666666666684,167.23166666666665,460.62
2023-04-24 07:00:00,460.62,7,0,0,169.41,267.4666666666668,217.25,480.75
2023-04-24 08:00:00,480.75,8,0,0,460.62,370.26000000000016,271.2266666666667,804.39
2023-04-24 09:00:00,804.39,9,0,0,480.75,581.9200000000002,379.03833333333336,824.74
2023-04-24 10:00:00,824.74,10,0,0,804.39,703.2933333333334,485.37999999999994,871.0
2023-04-24 11:00:00,871.0,11,0,0,824.74,833.3766666666667,601.8183333333333,846.27
2023-04-24 12:00:00,846.27,12,0,0,871.0,847.3366666666667,714.6283333333334,867.82
2023-04-24 13:00:00,867.82,13,0,0,846.27,861.6966666666668,782.495,827.97
2023-04-24 14:00:00,827.97,14,0,0,867.82,847.3533333333335,840.3650000000001,854.35
2023-04-24 15:00:00,854.35,15,0,0,827.97,850.0466666666667,848.6916666666666,883.27
2023-04-24 16:00:00,883.27,16,0,0,854.35,855.1966666666667,858.4466666666667,805.98
2023-04-24 17:00:00,805.98,17,0,0,883.27,847.8666666666668,847.61,790.06
2023-04-24 18:00:00,790.06,18,0,0,805.98,826.4366666666668,838.2416666666667,509.22
2023-04-24 19:00:00,509.22,19,0,0,790.06,701.7533333333334,778.475,457.22
2023-04-24 20:00:00,457.22,20,0,0,509.22,585.5000000000001,716.6833333333333,126.26
2023-04-24 21:00:00,126.26,21,0,0,457.22,364.2333333333335,595.3349999999999,173.67
2023-04-24 22:00:00,173.67,22,0,0,126.26,252.38333333333352,477.0683333333333,184.22
2023-04-24 23:00:00,184.22,23,0,0,173.67,161.38333333333347,373.44166666666666,169.16
2023-04-25 00:00:00,169.16,0,1,0,184.22,175.68333333333348,269.9583333333333,109.82
2023-04-25 01:00:00,109.82,1,1,0,169.16,154.40000000000015,203.39166666666668,164.57
2023-04-25 02:00:00,164.57,2,1,0,109.82,147.85000000000016,154.61666666666667,154.79
2023-04-25 03:00:00,154.79,3,1,0,164.57,143.06000000000014,159.37166666666667,163.01
2023-04-25 04:00:00,163.01,4,1,0,154.79,160.79000000000016,157.595,156.75
2023-04-25 05:00:00,156.75,5,1,0,163.01,158.18333333333348,153.01666666666668,149.64
2023-04-25 06:00:00,149.64,6,1,0,156.75,156.4666666666668,149.76333333333335,489.61
2023-04-25 07:00:00,489.61,7,1,0,149.64,265.3333333333335,213.06166666666664,460.88
2023-04-25 08:00:00,460.88,8,1,0,489.61,366.7100000000002,262.44666666666666,789.85
2023-04-25 09:00:00,789.85,9,1,0,460.88,580.1133333333336,368.29,834.41
2023-04-25 10:00:00,834.41,10,1,0,789.85,695.0466666666667,480.19000000000005,858.19
2023-04-25 11:00:00,858.19,11,1,0,834.41,827.4833333333336,597.0966666666667,863.54
2023-04-25 12:00:00,863.54,12,1,0,858.19,852.0466666666667,716.08,901.76
2023-04-25 13:00:00,901.76,13,1,0,863.54,874.4966666666669,784.7716666666666,930.15
2023-04-25 14:00:00,930.15,14,1,0,901.76,898.4833333333335,862.9833333333332,819.81
2023-04-25 15:00:00,819.81,15,1,0,930.15,883.9066666666668,867.9766666666666,841.97
2023-04-25 16:00:00,841.97,16,1,0,819.81,863.9766666666668,869.2366666666667,832.7
2023-04-25 17:00:00,832.7,17,1,0,841.97,831.4933333333335,864.9883333333333,817.74
2023-04-25 18:00:00,817.74,18,1,0,832.7,830.8033333333334,857.355,468.24
2023-04-25 19:00:00,468.24,19,1,0,817.74,706.2266666666669,785.1016666666666,447.66
2023-04-25 20:00:00,447.66,20,1,0,468.24,577.8800000000001,704.6866666666666,177.14
2023-04-25 21:00:00,177.14,21,1,0,447.66,364.3466666666668,597.5749999999999,159.64
2023-04-25 22:00:00,159.64,22,1,0,177.14,261.4800000000002,483.8533333333334,155.54
2023-04-25 23:00:00,155.54,23,1,0,159.64,164.1066666666668,370.99333333333334,171.84
2023-04-26 00:00:00,171.84,0,2,0,155.54,162.34000000000015,263.34333333333336,132.61
2023-04-26 01:00:00,132.61,1,2,0,171.84,153.33000000000015,207.405,158.03
2023-04-26 02:00:00,158.03,2,2,0,132.61,154.16000000000017,159.13333333333335,150.35
2023-04-26 03:00:00,150.35,3,2,0,158.03,146.9966666666668,154.66833333333332,168.29
2023-04-26 04:00:00,168.29,4,2,0,150.35,158.89000000000013,156.10999999999999,178.45
2023-04-26 05:00:00,178.45,5,2,0,168.29,165.69666666666683,159.9283333333333,160.96
2023-04-26 06:00:00,160.96,6,2,0,178.45,169.2333333333335,158.115,490.3
2023-04-26 07:00:00,490.3,7,2,0,160.96,276.57000000000016,217.73,496.25
2023-04-26 08:00:00,496.25,8,2,0,490.3,382.5033333333335,274.09999999999997,787.61
2023-04-26 09:00:00,787.61,9,2,0,496.25,591.3866666666669,380.31,833.72
2023-04-26 10:00:00,833.72,10,2,0,787.61,705.8600000000002,491.215,840.42
2023-04-26 11:00:00,840.42,11,2,0,833.72,820.5833333333335,601.5433333333333,864.0
2023-04-26 12:00:00,864.0,12,2,0,840.42,846.0466666666667,718.7166666666667,892.08
2023-04-26 13:00:00,892.08,13,2,0,864.0,865.5000000000001,785.68,886.44
2023-04-26 14:00:00,886.44,14,2,0,892.08,880.8400000000001,850.7116666666667,835.21
2023-04-26 15:00:00,835.21,15,2,0,886.44,871.2433333333335,858.645,856.37
2023-04-26 16:00:00,856.37,16,2,0,835.21,859.3400000000001,862.4200000000001,853.69
2023-04-26 17:00:00,853.69,17,2,0,856.37,848.4233333333335,864.6316666666667,813.23
2023-04-26 18:00:00,813.23,18,2,0,853.69,841.0966666666668,856.1700000000001,505.37
2023-04-26 19:00:00,505.37,19,2,0,813.23,724.0966666666669,791.7183333333334,489.15
2023-04-26 20:00:00,489.15,20,2,0,505.37,602.5833333333335,725.5033333333332,153.2
2023-04-26 21:00:00,153.2,21,2,0,489.15,382.5733333333335,611.8349999999999,143.19
2023-04-26 22:00:00,143.19,22,2,0,153.2,261.8466666666668,492.97166666666664,167.67
2023-04-26 23:00:00,167.67,23,2,0,143.19,154.6866666666668,378.635,132.62
2023-04-27 00:00:00,132.62,0,3,0,167.67,147.82666666666682,265.2,183.51
2023-04-27 01:00:00,183.51,1,3,0,132.62,161.2666666666668,211.55666666666664,172.08
2023-04-27 02:00:00,172.08,2,3,0,183.51,162.73666666666682,158.71166666666667,172.56
2023-04-27 03:00:00,172.56,3,3,0,172.08,176.05000000000018,161.9383333333333,165.87
2023-04-27 04:00:00,165.87,4,3,0,172.56,170.17000000000016,165.71833333333333,178.22
2023-04-27 05:00:00,178.22,5,3,0,165.87,172.2166666666668,167.47666666666666,169.89
2023-04-27 06:00:00,169.89,6,3,0,178.22,171.32666666666682,173.68833333333336,491.92
2023-04-27 07:00:00,491.92,7,3,0,169.89,280.01000000000016,225.09,481.08
2023-04-27 08:00:00,481.08,8,3,0,491.92,380.9633333333334,276.59000000000003,756.25
2023-04-27 09:00:00,756.25,9,3,0,481.08,576.4166666666669,373.87166666666667,783.25
2023-04-27 10:00:00,783.25,10,3,0,756.25,673.5266666666668,476.7683333333334,893.72
2023-04-27 11:00:00,893.72,11,3,0,783.25,811.0733333333334,596.0183333333333,854.48
2023-04-27 12:00:00,854.48,12,3,0,893.72,843.8166666666667,710.1166666666667,864.59
2023-04-27 13:00:00,864.59,13,3,0,854.48,870.9300000000002,772.2283333333334,879.82
2023-04-27 14:00:00,879.82,14,3,0,864.59,866.2966666666667,838.6850000000001,886.06
2023-04-27 15:00:00,886.06,15,3,0,879.82,876.8233333333334,860.32,849.71
2023-04-27 16:00:00,849.71,16,3,0,886.06,871.8633333333333,871.3966666666666,818.47
2023-04-27 17:00:00,818.47,17,3,0,849.71,851.4133333333334,858.855,785.45
2023-04-27 18:00:00,785.45,18,3,0,818.47,817.8766666666669,847.35,472.57
2023-04-27 19:00:00,472.57,19,3,0,785.45,692.1633333333334,782.0133333333333,471.31
2023-04-27 20:00:00,471.31,20,3,0,472.57,576.4433333333335,713.9283333333333,172.94
2023-04-27 21:00:00,172.94,21,3,0,471.31,372.2733333333335,595.075,173.94
2023-04-27 22:00:00,173.94,22,3,0,172.94,272.73000000000013,482.4466666666667,134.15
2023-04-27 23:00:00,134.15,23,3,0,173.94,160.34333333333345,368.39333333333326,170.77
2023-04-28 00:00:00,170.77,0,4,0,134.15,159.62000000000012,265.94666666666666,167.29
2023-04-28 01:00:00,167.29,1,4,0,170.77,157.40333333333345,215.0666666666667,162.44
2023-04-28 02:00:00,162.44,2,4,0,167.29,166.83333333333346,163.58833333333334,160.96
2023-04-28 03:00:00,160.96,3,4,0,162.44,163.56333333333345,161.59166666666667,145.35
2023-04-28 04:00:00,145.35,4,4,0,160.96,156.2500000000001,156.82666666666668,180.78
2023-04-28 05:00:00,180.78,5,4,0,145.35,162.36333333333346,164.59833333333333,125.86
2023-04-28 06:00:00,125.86,6,4,0,180.78,150.66333333333344,157.11333333333332,485.35
2023-04-28 07:00:00,485.35,7,4,0,125.86,263.9966666666668,210.12333333333333,471.74
2023-04-28 08:00:00,471.74,8,4,0,485.35,360.9833333333334,261.67333333333335,855.62
2023-04-28 09:00:00,855.62,9,4,0,471.74,604.2366666666668,377.45,825.09
2023-04-28 10:00:00,825.09,10,4,0,855.62,717.4833333333336,490.74,845.41
2023-04-28 11:00:00,845.41,11,4,0,825.09,842.0400000000001,601.5116666666667,841.59
2023-04-28 12:00:00,841.59,12,4,0,845.41,837.3633333333333,720.8000000000001,899.63
2023-04-28 13:00:00,899.63,13,4,0,841.59,862.21,789.8466666666667,893.34
2023-04-28 14:00:00,893.34,14,4,0,899.63,878.1866666666668,860.1133333333333,900.45
2023-04-28 15:00:00,900.45,15,4,0,893.34,897.8066666666667,867.585,854.64
2023-04-28 16:00:00,854.64,16,4,0,900.45,882.8100000000001,872.5100000000001,839.93
2023-04-28 17:00:00,839.93,17,4,0,854.64,865.0066666666668,871.5966666666667,770.12
2023-04-28 18:00:00,770.12,18,4,0,839.93,821.5633333333335,859.685,490.13
2023-04-28 19:00:00,490.13,19,4,0,770.12,700.0600000000001,791.435,488.99
2023-04-28 20:00:00,488.99,20,4,0,490.13,583.0800000000002,724.0433333333334,147.39
2023-04-28 21:00:00,147.39,21,4,0,488.99,375.5033333333334,598.5333333333333,159.49
2023-04-28 22:00:00,159.49,22,4,0,147.39,265.29000000000013,482.675,194.22
2023-04-28 23:00:00,194.22,23,4,0,159.49,167.03333333333345,375.0566666666666,226.47
2023-04-29 00:00:00,226.47,0,5,1,194.22,193.39333333333343,284.4483333333333,230.89
2023-04-29 01:00:00,230.89,1,5,1,226.47,217.19333333333347,241.24166666666667,246.56
2023-04-29 02:00:00,246.56,2,5,1,230.89,234.6400000000001,200.83666666666667,250.85
2023-04-29 03:00:00,250.85,3,5,1,246.56,242.76666666666677,218.08,254.16
2023-04-29 04:00:00,254.16,4,5,1,250.85,250.52333333333345,233.85833333333332,258.03
2023-04-29 05:00:00,258.03,5,5,1,254.16,254.34666666666678,244.49333333333334,258.64
2023-04-29 06:00:00,258.64,6,5,1,258.03,256.94333333333344,249.85500000000002,255.51
2023-04-29 07:00:00,255.51,7,5,1,258.64,257.39333333333343,253.95833333333334,226.58
2023-04-29 08:00:00,226.58,8,5,1,255.51,246.9100000000001,250.62833333333333,226.62
2023-04-29 09:00:00,226.62,9,5,1,226.58,236.2366666666668,246.59,261.12
2023-04-29 10:00:00,261.12,10,5,1,226.62,238.1066666666668,247.75,266.36
2023-04-29 11:00:00,266.36,11,5,1,261.12,251.3666666666668,249.13833333333332,289.29
2023-04-29 12:00:00,289.29,12,5,1,266.36,272.25666666666683,254.2466666666667,280.12
2023-04-29 13:00:00,280.12,13,5,1,289.29,278.59000000000015,258.34833333333336,252.18
2023-04-29 14:00:00,252.18,14,5,1,280.12,273.86333333333346,262.615,255.34
2023-04-29 15:00:00,255.34,15,5,1,252.18,262.5466666666668,267.4016666666667,247.39
2023-04-29 16:00:00,247.39,16,5,1,255.34,251.63666666666677,265.11333333333334,264.38
2023-04-29 17:00:00,264.38,17,5,1,247.39,255.70333333333346,264.78333333333336,211.07
2023-04-29 18:00:00,211.07,18,5,1,264.38,240.94666666666674,251.74666666666667,278.94
2023-04-29 19:00:00,278.94,19,5,1,211.07,251.46333333333345,251.55000000000004,233.7
2023-04-29 20:00:00,233.7,20,5,1,278.94,241.23666666666676,248.47,213.36
2023-04-29 21:00:00,213.36,21,5,1,233.7,242.0000000000001,241.47333333333336,260.38
2023-04-29 22:00:00,260.38,22,5,1,213.36,235.81333333333342,243.63833333333332,250.01
2023-04-29 23:00:00,250.01,23,5,1,260.38,241.25000000000009,241.2433333333333,231.35
2023-04-30 00:00:00,231.35,0,6,1,250.01,247.24666666666675,244.62333333333333,225.16
2023-04-30 01:00:00,225.16,1,6,1,231.35,235.50666666666675,235.66,230.49
2023-04-30 02:00:00,230.49,2,6,1,225.16,229.00000000000009,235.125,237.36
2023-04-30 03:00:00,237.36,3,6,1,230.49,231.00333333333342,239.125,251.72
2023-04-30 04:00:00,251.72,4,6,1,237.36,239.85666666666677,237.6816666666667,238.9
2023-04-30 05:00:00,238.9,5,6,1,251.72,242.66000000000008,235.83,301.85
2023-04-30 06:00:00,301.85,6,6,1,238.9,264.15666666666675,247.58,270.74
2023-04-30 07:00:00,270.74,7,6,1,301.85,270.4966666666667,255.1766666666667,228.67
2023-04-30 08:00:00,228.67,8,6,1,270.74,267.08666666666676,254.87333333333333,234.07
2023-04-30 09:00:00,234.07,9,6,1,228.67,244.49333333333342,254.32500000000002,227.47
2023-04-30 10:00:00,227.47,10,6,1,234.07,230.07000000000008,250.2833333333333,251.67
2023-04-30 11:00:00,251.67,11,6,1,227.47,237.73666666666676,252.41166666666666,227.66
2023-04-30 12:00:00,227.66,12,6,1,251.67,235.60000000000005,240.04666666666665,272.48
2023-04-30 13:00:00,272.48,13,6,1,227.66,250.60333333333344,240.33666666666667,208.63
2023-04-30 14:00:00,208.63,14,6,1,272.48,236.25666666666677,236.99666666666667,243.99
2023-04-30 15:00:00,243.99,15,6,1,208.63,241.70000000000013,238.64999999999998,243.02
2023-04-30 16:00:00,243.02,16,6,1,243.99,231.8800000000001,241.24166666666665,231.04
2023-04-30 17:00:00,231.04,17,6,1,243.02,239.3500000000001,237.80333333333337,228.68
2023-04-30 18:00:00,228.68,18,6,1,231.04,234.24666666666675,237.97333333333333,182.95
2023-04-30 19:00:00,182.95,19,6,1,228.68,214.22333333333344,223.05166666666665,251.02
2023-04-30 20:00:00,251.02,20,6,1,182.95,220.88333333333344,230.11666666666667,226.82
2023-04-30 21:00:00,226.82,21,6,1,251.02,220.26333333333343,227.255,248.88
2023-04-30 22:00:00,248.88,22,6,1,226.82,242.2400000000001,228.23166666666668,258.75
2023-04-30 23:00:00,258.75,23,6,1,248.88,244.81666666666675,232.85,144.07
2023-05-01 00:00:00,144.07,0,0,0,258.75,217.23333333333343,218.74833333333333,164.65
2023-05-01 01:00:00,164.65,1,0,0,144.07,189.15666666666675,215.69833333333335,158.39
2023-05-01 02:00:00,158.39,2,0,0,164.65,155.7033333333334,200.26,186.01
2023-05-01 03:00:00,186.01,3,0,0,158.39,169.6833333333334,193.45833333333334,140.35
2023-05-01 04:00:00,140.35,4,0,0,186.01,161.5833333333334,175.37,101.4
2023-05-01 05:00:00,101.4,5,0,0,140.35,142.58666666666673,149.145,162.38
2023-05-01 06:00:00,162.38,6,0,0,101.4,134.71000000000006,152.19666666666666,504.88
2023-05-01 07:00:00,504.88,7,0,0,162.38,256.2200000000001,208.90166666666664,500.06
2023-05-01 08:00:00,500.06,8,0,0,504.88,389.10666666666674,265.8466666666667,802.91
2023-05-01 09:00:00,802.91,9,0,0,500.06,602.6166666666668,368.66333333333336,861.03
2023-05-01 10:00:00,861.03,10,0,0,802.91,721.3333333333334,488.77666666666664,863.09
2023-05-01 11:00:00,863.09,11,0,0,861.03,842.3433333333334,615.725,865.79
2023-05-01 12:00:00,865.79,12,0,0,863.09,863.3033333333334,732.96,854.68
2023-05-01 13:00:00,854.68,13,0,0,865.79,861.1866666666668,791.2599999999999,859.52
2023-05-01 14:00:00,859.52,14,0,0,854.68,859.9966666666668,851.1700000000001,874.22
2023-05-01 15:00:00,874.22,15,0,0,859.52,862.8066666666667,863.055,873.32
2023-05-01 16:00:00,873.32,16,0,0,874.22,869.0200000000001,865.1033333333334,825.34
2023-05-01 17:00:00,825.34,17,0,0,873.32,857.6266666666669,858.8116666666666,783.01
2023-05-01 18:00:00,783.01,18,0,0,825.34,827.2233333333335,845.015,425.82
2023-05-01 19:00:00,425.82,19,0,0,783.01,678.0566666666667,773.5383333333334,478.71
2023-05-01 20:00:00,478.71,20,0,0,425.82,562.5133333333334,710.07,151.23
2023-05-01 21:00:00,151.23,21,0,0,478.71,351.9200000000001,589.5716666666666,188.66
2023-05-01 22:00:00,188.66,22,0,0,151.23,272.8666666666668,475.46166666666664,152.46
2023-05-01 23:00:00,152.46,23,0,0,188.66,164.1166666666668,363.315,165.8
2023-05-02 00:00:00,165.8,0,1,0,152.46,168.97333333333344,260.44666666666666,175.36
2023-05-02 01:00:00,175.36,1,1,0,165.8,164.5400000000001,218.70333333333335,156.0
2023-05-02 02:00:00,156.0,2,1,0,175.36,165.7200000000001,164.91833333333332,139.13
2023-05-02 03:00:00,139.13,3,1,0,156.0,156.83000000000013,162.90166666666667,202.21
2023-05-02 04:00:00,202.21,4,1,0,139.13,165.78000000000011,165.16,148.92
2023-05-02 05:00:00,148.92,5,1,0,202.21,163.4200000000001,164.57,171.93
2023-05-02 06:00:00,171.93,6,1,0,148.92,174.35333333333347,165.59166666666667,514.73
2023-05-02 07:00:00,514.73,7,1,0,171.93,278.5266666666668,222.15333333333334,497.6
2023-05-02 08:00:00,497.6,8,1,0,514.73,394.7533333333335,279.08666666666664,813.8
2023-05-02 09:00:00,813.8,9,1,0,497.6,608.7100000000002,391.5316666666667,832.48
2023-05-02 10:00:00,832.48,10,1,0,813.8,714.6266666666667,496.57666666666665,878.27
2023-05-02 11:00:00,878.27,11,1,0,832.48,841.5166666666668,618.135,846.15
2023-05-02 12:00:00,846.15,12,1,0,878.27,852.3000000000001,730.505,873.98
2023-05-02 13:00:00,873.98,13,1,0,846.15,866.1333333333333,790.38,888.86
2023-05-02 14:00:00,888.86,14,1,0,873.98,869.6633333333334,855.59,868.44
2023-05-02 15:00:00,868.44,15,1,0,888.86,877.0933333333336,864.6966666666667,883.21
2023-05-02 16:00:00,883.21,16,1,0,868.44,880.1700000000001,873.1516666666666,803.12
2023-05-02 17:00:00,803.12,17,1,0,883.21,851.5900000000001,860.6266666666667,832.63
2023-05-02 18:00:00,832.63,18,1,0,803.12,839.6533333333333,858.3733333333333,507.51
2023-05-02 19:00:00,507.51,19,1,0,832.63,714.4200000000001,797.2950000000001,454.4
2023-05-02 20:00:00,454.4,20,1,0,507.51,598.1800000000002,724.8850000000001,173.92
2023-05-02 21:00:00,173.92,21,1,0,454.4,378.6100000000001,609.1316666666667,145.63
2023-05-02 22:00:00,145.63,22,1,0,173.92,257.9833333333334,486.20166666666665,157.14
2023-05-02 23:00:00,157.14,23,1,0,145.63,158.89666666666676,378.53833333333336,164.35
2023-05-03 00:00:00,164.35,0,2,0,157.14,155.7066666666668,267.15833333333336,133.07
2023-05-03 01:00:00,133.07,1,2,0,164.35,151.52000000000012,204.75166666666667,162.34
2023-05-03 02:00:00,162.34,2,2,0,133.07,153.25333333333344,156.075,155.22
2023-05-03 03:00:00,155.22,3,2,0,162.34,150.21000000000012,152.95833333333334,183.58
2023-05-03 04:00:00,183.58,4,2,0,155.22,167.04666666666677,159.28333333333333,186.46
2023-05-03 05:00:00,186.46,5,2,0,183.58,175.0866666666668,164.17,133.18
2023-05-03 06:00:00,133.18,6,2,0,186.46,167.74000000000012,158.975,496.76
2023-05-03 07:00:00,496.76,7,2,0,133.18,272.13333333333344,219.59,461.69
2023-05-03 08:00:00,461.69,8,2,0,496.76,363.8766666666668,269.4816666666667,798.82
2023-05-03 09:00:00,798.82,9,2,0,461.69,585.7566666666668,376.7483333333333,810.52
2023-05-03 10:00:00,810.52,10,2,0,798.82,690.3433333333334,481.2383333333334,896.23
2023-05-03 11:00:00,896.23,11,2,0,810.52,835.19,599.5333333333333,864.04
2023-05-03 12:00:00,864.04,12,2,0,896.23,856.9300000000002,721.3433333333332,845.46
2023-05-03 13:00:00,845.46,13,2,0,864.04,868.5766666666668,779.46,868.46
2023-05-03 14:00:00,868.46,14,2,0,845.46,859.3200000000002,847.2550000000001,861.06
2023-05-03 15:00:00,861.06,15,2,0,868.46,858.3266666666668,857.6283333333332,824.07
2023-05-03 16:00:00,824.07,16,2,0,861.06,851.1966666666667,859.8866666666668,856.94
2023-05-03 17:00:00,856.94,17,2,0,824.07,847.3566666666669,853.3383333333333,807.56
2023-05-03 18:00:00,807.56,18,2,0,856.94,829.5233333333335,843.9250000000001,477.4
2023-05-03 19:00:00,477.4,19,2,0,807.56,713.9666666666667,782.5816666666666,485.18
2023-05-03 20:00:00,485.18,20,2,0,477.4,590.0466666666667,718.7016666666667,147.93
2023-05-03 21:00:00,147.93,21,2,0,485.18,370.1700000000001,599.8466666666667,166.91
2023-05-03 22:00:00,166.91,22,2,0,147.93,266.67333333333346,490.32,166.06
2023-05-03 23:00:00,166.06,23,2,0,166.91,160.3000000000001,375.17333333333335,124.62
2023-05-04 00:00:00,124.62,0,3,0,166.06,152.53000000000011,261.35,173.61
2023-05-04 01:00:00,173.61,1,3,0,124.62,154.76333333333346,210.71833333333333,144.89
2023-05-04 02:00:00,144.89,2,3,0,173.61,147.7066666666668,154.00333333333333,169.38
2023-05-04 03:00:00,169.38,3,3,0,144.89,162.62666666666678,157.57833333333335,159.21
2023-05-04 04:00:00,159.21,4,3,0,169.38,157.82666666666677,156.295,160.33
2023-05-04 05:00:00,160.33,5,3,0,159.21,162.97333333333347,155.34,172.77
2023-05-04 06:00:00,172.77,6,3,0,160.33,164.10333333333347,163.365,520.44
2023-05-04 07:00:00,520.44,7,3,0,172.77,284.5133333333335,221.17,487.32
2023-05-04 08:00:00,487.32,8,3,0,520.44,393.51000000000016,278.24166666666673,798.26
2023-05-04 09:00:00,798.26,9,3,0,487.32,602.0066666666668,383.055,795.3
2023-05-04 10:00:00,795.3,10,3,0,798.26,693.6266666666667,489.07,849.6
2023-05-04 11:00:00,849.6,11,3,0,795.3,814.3866666666668,603.9483333333334,855.46
2023-05-04 12:00:00,855.46,12,3,0,849.6,833.4533333333335,717.73,909.46
2023-05-04 13:00:00,909.46,13,3,0,855.46,871.5066666666668,782.5666666666667,885.87
2023-05-04 14:00:00,885.87,14,3,0,909.46,883.5966666666669,848.9916666666668,903.33
2023-05-04 15:00:00,903.33,15,3,0,885.87,899.5533333333336,866.5033333333334,843.25
2023-05-04 16:00:00,843.25,16,3,0,903.33,877.4833333333336,874.495,813.8
2023-05-04 17:00:00,813.8,17,3,0,843.25,853.4600000000002,868.5283333333335,829.75
2023-05-04 18:00:00,829.75,18,3,0,813.8,828.9333333333335,864.2433333333335,460.17
2023-05-04 19:00:00,460.17,19,3,0,829.75,701.2400000000002,789.3616666666668,504.47
2023-05-04 20:00:00,504.47,20,3,0,460.17,598.1300000000001,725.7950000000001,167.63
2023-05-04 21:00:00,167.63,21,3,0,504.47,377.42333333333346,603.1783333333334,146.35
2023-05-04 22:00:00,146.35,22,3,0,167.63,272.8166666666668,487.0283333333334,174.9
2023-05-04 23:00:00,174.9,23,3,0,146.35,162.96000000000015,380.545,141.79
2023-05-05 00:00:00,141.79,0,4,0,174.9,154.3466666666668,265.88500000000005,155.14
2023-05-05 01:00:00,155.14,1,4,0,141.79,157.27666666666678,215.0466666666667,147.8
2023-05-05 02:00:00,147.8,2,4,0,155.14,148.24333333333348,155.60166666666672,179.86
2023-05-05 03:00:00,179.86,3,4,0,147.8,160.9333333333335,157.64000000000004,143.5
2023-05-05 04:00:00,143.5,4,4,0,179.86,157.0533333333335,157.16500000000005,186.61
2023-05-05 05:00:00,186.61,5,4,0,143.5,169.99000000000015,159.1166666666667,157.36
2023-05-05 06:00:00,157.36,6,4,0,186.61,162.49000000000015,161.7116666666667,505.18
2023-05-05 07:00:00,505.18,7,4,0,157.36,283.0500000000001,220.05166666666673,486.02
2023-05-05 08:00:00,486.02,8,4,0,505.18,382.85333333333347,276.4216666666667,770.84
2023-05-05 09:00:00,770.84,9,4,0,486.02,587.3466666666668,374.91833333333335,867.04
2023-05-05 10:00:00,867.04,10,4,0,770.84,707.9666666666668,495.5083333333334,864.42
2023-05-05 11:00:00,864.42,11,4,0,867.04,834.1000000000003,608.4766666666667,900.63
2023-05-05 12:00:00,900.63,12,4,0,864.42,877.3633333333333,732.355,850.17
2023-05-05 13:00:00,850.17,13,4,0,900.63,871.7400000000001,789.8533333333334,828.45
2023-05-05 14:00:00,828.45,14,4,0,850.17,859.7500000000001,846.9250000000001,901.68
2023-05-05 15:00:00,901.68,15,4,0,828.45,860.1,868.7316666666667,848.72
2023-05-05 16:00:00,848.72,16,4,0,901.68,859.6166666666668,865.6783333333334,831.39
2023-05-05 17:00:00,831.39,17,4,0,848.72,860.5966666666668,860.1733333333333,785.53
2023-05-05 18:00:00,785.53,18,4,0,831.39,821.8800000000001,840.9900000000001,466.23
2023-05-05 19:00:00,466.23,19,4,0,785.53,694.3833333333336,777.0,476.51
2023-05-05 20:00:00,476.51,20,4,0,466.23,576.0900000000001,718.3433333333334,170.74
2023-05-05 21:00:00,170.74,21,4,0,476.51,371.16000000000014,596.52,145.66
2023-05-05 22:00:00,145.66,22,4,0,170.74,264.30333333333346,479.3433333333334,139.02
2023-05-05 23:00:00,139.02,23,4,0,145.66,151.8066666666668,363.94833333333344,238.5
2023-05-06 00:00:00,238.5,0,5,1,139.02,174.39333333333352,272.7766666666667,260.08
2023-05-06 01:00:00,260.08,1,5,1,238.5,212.5333333333335,238.41833333333338,236.8
2023-05-06 02:00:00,236.8,2,5,1,260.08,245.1266666666668,198.4666666666667,226.11
2023-05-06 03:00:00,226.11,3,5,1,236.8,240.9966666666668,207.69500000000005,255.98
2023-05-06 04:00:00,255.98,4,5,1,226.11,239.63000000000014,226.0816666666667,243.11
2023-05-06 05:00:00,243.11,5,5,1,255.98,241.7333333333335,243.43000000000004,209.22
2023-05-06 06:00:00,209.22,6,5,1,243.11,236.10333333333347,238.55000000000004,213.21
2023-05-06 07:00:00,213.21,7,5,1,209.22,221.8466666666668,230.73833333333337,248.11
2023-05-06 08:00:00,248.11,8,5,1,213.21,223.51333333333346,232.62333333333336,256.11
2023-05-06 09:00:00,256.11,9,5,1,248.11,239.14333333333352,237.62333333333336,247.39
2023-05-06 10:00:00,247.39,10,5,1,256.11,250.53666666666678,236.1916666666667,257.36
2023-05-06 11:00:00,257.36,11,5,1,247.39,253.62000000000012,238.56666666666672,254.44
2023-05-06 12:00:00,254.44,12,5,1,257.36,253.06333333333347,246.10333333333338,220.36
2023-05-06 13:00:00,220.36,13,5,1,254.44,244.05333333333348,247.29500000000004,252.22
2023-05-06 14:00:00,252.22,14,5,1,220.36,242.34000000000015,247.98000000000005,262.13
2023-05-06 15:00:00,262.13,15,5,1,252.22,244.9033333333335,248.98333333333335,248.14
2023-05-06 16:00:00,248.14,16,5,1,262.13,254.1633333333335,249.10833333333338,268.93
2023-05-06 17:00:00,268.93,17,5,1,248.14,259.73333333333346,251.03666666666672,210.55
2023-05-06 18:00:00,210.55,18,5,1,268.93,242.5400000000001,243.7216666666667,269.37
2023-05-06 19:00:00,269.37,19,5,1,210.55,249.6166666666668,251.89000000000001,226.54
2023-05-06 20:00:00,226.54,20,5,1,269.37,235.4866666666668,247.61000000000004,269.45
2023-05-06 21:00:00,269.45,21,5,1,226.54,255.12000000000012,248.83,255.26
2023-05-06 22:00:00,255.26,22,5,1,269.45,250.41666666666683,250.01666666666674,222.02
2023-05-06 23:00:00,222.02,23,5,1,255.26,248.91000000000017,242.19833333333338,255.08
2023-05-07 00:00:00,255.08,0,6,1,222.02,244.12000000000012,249.62000000000003,239.42
2023-05-07 01:00:00,239.42,1,6,1,255.08,238.84000000000015,244.62833333333342,222.52
2023-05-07 02:00:00,222.52,2,6,1,239.42,239.0066666666668,243.95833333333337,226.32
2023-05-07 03:00:00,226.32,3,6,1,222.52,229.42000000000016,236.77,252.44
2023-05-07 04:00:00,252.44,4,6,1,226.32,233.76000000000013,236.30000000000004,258.63
2023-05-07 05:00:00,258.63,5,6,1,252.44,245.79666666666677,242.40166666666667,241.14
2023-05-07 06:00:00,241.14,6,6,1,258.63,250.7366666666668,240.07833333333338,239.05
2023-05-07 07:00:00,239.05,7,6,1,241.14,246.27333333333345,240.01666666666668,223.08
2023-05-07 08:00:00,223.08,8,6,1,239.05,234.4233333333335,240.11,233.81
2023-05-07 09:00:00,233.81,9,6,1,223.08,231.98000000000013,241.35833333333338,215.88
2023-05-07 10:00:00,215.88,10,6,1,233.81,224.2566666666668,235.26500000000001,250.7
2023-05-07 11:00:00,250.7,11,6,1,215.88,233.46333333333345,233.94333333333338,256.25
2023-05-07 12:00:00,256.25,12,6,1,250.7,240.94333333333347,236.4616666666667,268.0
2023-05-07 13:00:00,268.0,13,6,1,256.25,258.3166666666668,241.28666666666672,279.16
2023-05-07 14:00:00,279.16,14,6,1,268.0,267.80333333333346,250.6333333333334,251.3
2023-05-07 15:00:00,251.3,15,6,1,279.16,266.1533333333335,253.54833333333337,216.31
2023-05-07 16:00:00,216.31,16,6,1,251.3,248.9233333333335,253.62000000000003,268.17
2023-05-07 17:00:00,268.17,17,6,1,216.31,245.26000000000013,256.5316666666667,240.03
2023-05-07 18:00:00,240.03,18,6,1,268.17,241.50333333333344,253.82833333333338,243.68
2023-05-07 19:00:00,243.68,19,6,1,240.03,250.62666666666678,249.77500000000006,221.56
2023-05-07 20:00:00,221.56,20,6,1,243.68,235.09000000000012,240.17500000000004,203.25
2023-05-07 21:00:00,203.25,21,6,1,221.56,222.83000000000013,232.1666666666667,244.09
2023-05-07 22:00:00,244.09,22,6,1,203.25,222.96666666666678,236.7966666666667,251.22
2023-05-07 23:00:00,251.22,23,6,1,244.09,232.85333333333347,233.9716666666667,179.9
2023-05-08 00:00:00,179.9,0,0,0,251.22,225.07000000000014,223.95000000000005,171.78
2023-05-08 01:00:00,171.78,1,0,0,179.9,200.96666666666678,211.9666666666667,162.18
2023-05-08 02:00:00,162.18,2,0,0,171.78,171.28666666666678,202.07000000000005,209.6
2023-05-08 03:00:00,209.6,3,0,0,162.18,181.1866666666668,203.12833333333336,170.07
2023-05-08 04:00:00,170.07,4,0,0,209.6,180.6166666666668,190.7916666666667,154.87
2023-05-08 05:00:00,154.87,5,0,0,170.07,178.1800000000001,174.73333333333335,125.8
2023-05-08 06:00:00,125.8,6,0,0,154.87,150.24666666666678,165.7166666666667,497.57
2023-05-08 07:00:00,497.57,7,0,0,125.8,259.41333333333347,220.01500000000001,471.3
2023-05-08 08:00:00,471.3,8,0,0,497.57,364.8900000000001,271.535,793.35
2023-05-08 09:00:00,793.35,9,0,0,471.3,587.4066666666669,368.82666666666665,843.17
2023-05-08 10:00:00,843.17,10,0,0,793.35,702.6066666666669,481.01,892.52
2023-05-08 11:00:00,892.52,11,0,0,843.17,843.0133333333334,603.9516666666667,852.44
2023-05-08 12:00:00,852.44,12,0,0,892.52,862.7100000000002,725.0583333333334,847.97
2023-05-08 13:00:00,847.97,13,0,0,852.44,864.3100000000001,783.4583333333334,895.9
2023-05-08 14:00:00,895.9,14,0,0,847.97,865.4366666666668,854.225,858.94
2023-05-08 15:00:00,858.94,15,0,0,895.9,867.6033333333335,865.1566666666666,838.16
2023-05-08 16:00:00,838.16,16,0,0,858.94,864.3333333333335,864.3216666666667,852.62
2023-05-08 17:00:00,852.62,17,0,0,838.16,849.9066666666668,857.6716666666667,807.49
2023-05-08 18:00:00,807.49,18,0,0,852.62,832.7566666666668,850.1800000000002,460.72
2023-05-08 19:00:00,460.72,19,0,0,807.49,706.9433333333336,785.6383333333333,458.69
2023-05-08 20:00:00,458.69,20,0,0,460.72,575.6333333333336,712.77,149.48
2023-05-08 21:00:00,149.48,21,0,0,458.69,356.29666666666685,594.5266666666668,155.23
2023-05-08 22:00:00,155.23,22,0,0,149.48,254.4666666666668,480.7050000000001,159.11
2023-05-08 23:00:00,159.11,23,0,0,155.23,154.60666666666683,365.12000000000006,148.35
2023-05-09 00:00:00,148.35,0,1,0,159.11,154.23000000000016,255.26333333333335,161.36
2023-05-09 01:00:00,161.36,1,1,0,148.35,156.2733333333335,205.37000000000003,188.13
2023-05-09 02:00:00,188.13,2,1,0,161.36,165.94666666666683,160.2766666666667,166.18
2023-05-09 03:00:00,166.18,3,1,0,188.13,171.89000000000013,163.06000000000003,165.6
2023-05-09 04:00:00,165.6,4,1,0,166.18,173.30333333333348,164.78833333333338,171.5
2023-05-09 05:00:00,171.5,5,1,0,165.6,167.76000000000013,166.85333333333338,114.46
2023-05-09 06:00:00,114.46,6,1,0,171.5,150.52000000000015,161.20500000000004,534.15
2023-05-09 07:00:00,534.15,7,1,0,114.46,273.3700000000001,223.3366666666667,503.72
2023-05-09 08:00:00,503.72,8,1,0,534.15,384.1100000000001,275.93500000000006,802.15
2023-05-09 09:00:00,802.15,9,1,0,503.72,613.3400000000001,381.93000000000006,849.22
2023-05-09 10:00:00,849.22,10,1,0,802.15,718.3633333333333,495.86666666666673,849.47
2023-05-09 11:00:00,849.47,11,1,0,849.22,833.6133333333336,608.8616666666668,851.99
2023-05-09 12:00:00,851.99,12,1,0,849.47,850.2266666666668,731.7833333333334,898.41
2023-05-09 13:00:00,898.41,13,1,0,851.99,866.6233333333334,792.4933333333333,890.01
2023-05-09 14:00:00,890.01,14,1,0,898.41,880.1366666666668,856.875,905.83
2023-05-09 15:00:00,905.83,15,1,0,890.01,898.0833333333335,874.1550000000001,846.95
2023-05-09 16:00:00,846.95,16,1,0,905.83,880.9300000000003,873.7766666666666,821.49
2023-05-09 17:00:00,821.49,17,1,0,846.95,858.0900000000001,869.1133333333333,781.54
2023-05-09 18:00:00,781.54,18,1,0,821.49,816.6600000000002,857.3716666666668,489.85
2023-05-09 19:00:00,489.85,19,1,0,781.54,697.6266666666669,789.2783333333333,501.43
2023-05-09 20:00:00,501.43,20,1,0,489.85,590.9400000000002,724.515,131.78
2023-05-09 21:00:00,131.78,21,1,0,501.43,374.35333333333347,595.5066666666667,173.68
2023-05-09 22:00:00,173.68,22,1,0,131.78,268.9633333333335,483.2950000000001,159.86
2023-05-09 23:00:00,159.86,23,1,0,173.68,155.10666666666683,373.02333333333337,171.27
2023-05-10 00:00:00,171.27,0,2,0,159.86,168.27000000000018,271.31166666666667,184.77
2023-05-10 01:00:00,184.77,1,2,0,171.27,171.9666666666668,220.46500000000003,147.07
2023-05-10 02:00:00,147.07,2,2,0,184.77,167.7033333333335,161.40500000000003,136.35
2023-05-10 03:00:00,136.35,3,2,0,147.07,156.06333333333347,162.1666666666667,170.24
2023-05-10 04:00:00,170.24,4,2,0,136.35,151.22000000000014,161.5933333333334,140.09
2023-05-10 05:00:00,140.09,5,2,0,170.24,148.89333333333352,158.29833333333337,140.06
2023-05-10 06:00:00,140.06,6,2,0,140.09,150.13000000000014,153.0966666666667,453.84
2023-05-10 07:00:00,453.84,7,2,0,140.06,244.6633333333335,197.9416666666667,527.07
2023-05-10 08:00:00,527.07,8,2,0,453.84,373.6566666666668,261.27500000000003,751.24
2023-05-10 09:00:00,751.24,9,2,0,527.07,577.3833333333336,363.75666666666666,847.1
2023-05-10 10:00:00,847.1,10,2,0,751.24,708.4700000000001,476.5666666666668,858.5
2023-05-10 11:00:00,858.5,11,2,0,847.1,818.9466666666668,596.3016666666667,891.07
2023-05-10 12:00:00,891.07,12,2,0,858.5,865.5566666666668,721.4700000000001,893.54
2023-05-10 13:00:00,893.54,13,2,0,891.07,881.0366666666669,794.7533333333334,899.29
2023-05-10 14:00:00,899.29,14,2,0,893.54,894.6333333333336,856.7900000000001,863.67
2023-05-10 15:00:00,863.67,15,2,0,899.29,885.5000000000001,875.5283333333333,849.9
2023-05-10 16:00:00,849.9,16,2,0,863.67,870.9533333333335,875.995,833.17
2023-05-10 17:00:00,833.17,17,2,0,849.9,848.9133333333334,871.7733333333334,837.44
2023-05-10 18:00:00,837.44,18,2,0,833.17,840.1700000000001,862.8349999999999,470.64
2023-05-10 19:00:00,470.64,19,2,0,837.44,713.7500000000001,792.3516666666666,465.01
2023-05-10 20:00:00,465.01,20,2,0,470.64,591.0300000000001,719.9716666666667,142.44
2023-05-10 21:00:00,142.44,21,2,0,465.01,359.36333333333346,599.7666666666667,134.03
2023-05-10 22:00:00,134.03,22,2,0,142.44,247.16000000000017,480.455,151.96
2023-05-10 23:00:00,151.96,23,2,0,134.03,142.81000000000014,366.9200000000001,128.53
2023-05-11 00:00:00,128.53,0,3,0,151.96,138.1733333333335,248.7683333333334,169.0
2023-05-11 01:00:00,169.0,1,3,0,128.53,149.83000000000015,198.49500000000003,136.95
2023-05-11 02:00:00,136.95,2,3,0,169.0,144.82666666666682,143.81833333333336,151.51
2023-05-11 03:00:00,151.51,3,3,0,136.95,152.48666666666682,145.33000000000004,146.68
2023-05-11 04:00:00,146.68,4,3,0,151.51,145.04666666666682,147.43833333333336,189.04
2023-05-11 05:00:00,189.04,5,3,0,146.68,162.41000000000014,153.61833333333337,193.82
2023-05-11 06:00:00,193.82,6,3,0,189.04,176.51333333333346,164.50000000000003,489.83
2023-05-11 07:00:00,489.83,7,3,0,193.82,290.8966666666668,217.9716666666667,479.26
2023-05-11 08:00:00,479.26,8,3,0,489.83,387.63666666666677,275.02333333333337,810.63
2023-05-11 09:00:00,810.63,9,3,0,479.26,593.2400000000001,384.8766666666667,855.1
2023-05-11 10:00:00,855.1,10,3,0,810.63,714.9966666666668,502.9466666666667,816.2
2023-05-11 11:00:00,816.2,11,3,0,855.1,827.3100000000003,607.4733333333334,899.78
2023-05-11 12:00:00,899.78,12,3,0,816.2,857.0266666666668,725.1333333333333,856.24
2023-05-11 13:00:00,856.24,13,3,0,899.78,857.4066666666669,786.2016666666667,900.5
2023-05-11 14:00:00,900.5,14,3,0,856.24,885.5066666666668,856.4083333333333,849.84
2023-05-11 15:00:00,849.84,15,3,0,900.5,868.8600000000002,862.9433333333333,864.52
2023-05-11 16:00:00,864.52,16,3,0,849.84,871.6200000000002,864.5133333333334,842.8
2023-05-11 17:00:00,842.8,17,3,0,864.52,852.3866666666668,868.9466666666667,808.97
2023-05-11 18:00:00,808.97,18,3,0,842.8,838.7633333333334,853.8116666666666,472.09
2023-05-11 19:00:00,472.09,19,3,0,808.97,707.9533333333335,789.7866666666667,470.0
2023-05-11 20:00:00,470.0,20,3,0,472.09,583.6866666666668,718.0366666666667,138.5
2023-05-11 21:00:00,138.5,21,3,0,470.0,360.1966666666668,599.48,177.99
2023-05-11 22:00:00,177.99,22,3,0,138.5,262.16333333333347,485.05833333333334,198.44
2023-05-11 23:00:00,198.44,23,3,0,177.99,171.64333333333352,377.665,173.6
2023-05-12 00:00:00,173.6,0,4,0,198.44,183.34333333333348,271.77000000000004,111.97
2023-05-12 01:00:00,111.97,1,4,0,173.6,161.33666666666682,211.75000000000003,135.78
2023-05-12 02:00:00,135.78,2,4,0,111.97,140.45000000000016,156.0466666666667,166.33
2023-05-12 03:00:00,166.33,3,4,0,135.78,138.02666666666684,160.68500000000003,193.36
2023-05-12 04:00:00,193.36,4,4,0,166.33,165.15666666666684,163.2466666666667,161.7
2023-05-12 05:00:00,161.7,5,4,0,193.36,173.79666666666682,157.12333333333336,146.22
2023-05-12 06:00:00,146.22,6,4,0,161.7,167.09333333333348,152.56000000000003,497.95
2023-05-12 07:00:00,497.95,7,4,0,146.22,268.62333333333345,216.89000000000001,485.03
2023-05-12 08:00:00,485.03,8,4,0,497.95,376.40000000000015,275.09833333333336,809.83
2023-05-12 09:00:00,809.83,9,4,0,485.03,597.6033333333335,382.34833333333336,849.96
2023-05-12 10:00:00,849.96,10,4,0,809.83,714.9400000000002,491.7816666666667,853.87
2023-05-12 11:00:00,853.87,11,4,0,849.96,837.8866666666668,607.1433333333333,887.89
2023-05-12 12:00:00,887.89,12,4,0,853.87,863.9066666666668,730.7550000000001,872.45
2023-05-12 13:00:00,872.45,13,4,0,887.89,871.4033333333335,793.1716666666667,886.21
2023-05-12 14:00:00,886.21,14,4,0,872.45,882.1833333333335,860.0350000000002,857.53
2023-05-12 15:00:00,857.53,15,4,0,886.21,872.0633333333335,867.9850000000001,846.64
2023-05-12 16:00:00,846.64,16,4,0,857.53,863.4600000000002,867.4316666666667,807.05
2023-05-12 17:00:00,807.05,17,4,0,846.64,837.0733333333334,859.6283333333334,792.26
2023-05-12 18:00:00,792.26,18,4,0,807.05,815.3166666666667,843.69,464.55
2023-05-12 19:00:00,464.55,19,4,0,792.26,687.9533333333335,775.7066666666668,534.09
2023-05-12 20:00:00,534.09,20,4,0,464.55,596.9666666666668,717.0200000000001,150.03
2023-05-12 21:00:00,150.03,21,4,0,534.09,382.89000000000016,599.1033333333334,139.38
2023-05-12 22:00:00,139.38,22,4,0,150.03,274.50000000000017,481.2266666666667,176.73
2023-05-12 23:00:00,176.73,23,4,0,139.38,155.3800000000001,376.17333333333335,260.83
2023-05-13 00:00:00,260.83,0,5,1,176.73,192.31333333333342,287.60166666666674,227.32
2023-05-13 01:00:00,227.32,1,5,1,260.83,221.62666666666678,248.06333333333336,254.18
2023-05-13 02:00:00,254.18,2,5,1,227.32,247.44333333333347,201.41166666666672,250.78
2023-05-13 03:00:00,250.78,3,5,1,254.18,244.09333333333345,218.20333333333338,206.27
2023-05-13 04:00:00,206.27,4,5,1,250.78,237.0766666666668,229.3516666666667,213.91
2023-05-13 05:00:00,213.91,5,5,1,206.27,223.65333333333345,235.54833333333337,206.68
2023-05-13 06:00:00,206.68,6,5,1,213.91,208.95333333333346,226.52333333333334,248.09
2023-05-13 07:00:00,248.09,7,5,1,206.68,222.89333333333343,229.98500000000004,257.72
2023-05-13 08:00:00,257.72,8,5,1,248.09,237.4966666666668,230.57500000000005,254.04
2023-05-13 09:00:00,254.04,9,5,1,257.72,253.28333333333345,231.11833333333337,251.63
2023-05-13 10:00:00,251.63,10,5,1,254.04,254.46333333333345,238.67833333333337,250.72
2023-05-13 11:00:00,250.72,11,5,1,251.63,252.1300000000001,244.81333333333336,235.26
2023-05-13 12:00:00,235.26,12,5,1,250.72,245.87000000000012,249.5766666666667,221.46
2023-05-13 13:00:00,221.46,13,5,1,235.26,235.81333333333347,245.13833333333335,263.24
2023-05-13 14:00:00,263.24,14,5,1,221.46,239.9866666666668,246.05833333333337,248.16
2023-05-13 15:00:00,248.16,15,5,1,263.24,244.28666666666678,245.07833333333338,237.54
2023-05-13 16:00:00,237.54,16,5,1,248.16,249.64666666666676,242.73000000000005,216.45
2023-05-13 17:00:00,216.45,17,5,1,237.54,234.0500000000001,237.01833333333335,262.87
2023-05-13 18:00:00,262.87,18,5,1,216.45,238.95333333333346,241.62000000000003,227.64
2023-05-13 19:00:00,227.64,19,5,1,262.87,235.65333333333342,242.65,242.45
2023-05-13 20:00:00,242.45,20,5,1,227.64,244.32000000000008,239.18500000000003,240.31
2023-05-13 21:00:00,240.31,21,5,1,242.45,236.8000000000001,237.8766666666667,250.48
2023-05-13 22:00:00,250.48,22,5,1,240.31,244.41333333333344,240.03333333333333,202.05
2023-05-13 23:00:00,202.05,23,5,1,250.48,230.9466666666668,237.63333333333335,260.07
2023-05-14 00:00:00,260.07,0,6,1,202.05,237.53333333333345,237.1666666666667,289.09
2023-05-14 01:00:00,289.09,1,6,1,260.07,250.40333333333342,247.40833333333333,266.46
2023-05-14 02:00:00,266.46,2,6,1,289.09,271.87333333333345,251.41000000000005,265.25
2023-05-14 03:00:00,265.25,3,6,1,266.46,273.6000000000001,255.5666666666667,274.48
2023-05-14 04:00:00,274.48,4,6,1,265.25,268.7300000000001,259.5666666666667,237.39
2023-05-14 05:00:00,237.39,5,6,1,274.48,259.04000000000013,265.4566666666667,239.84
2023-05-14 06:00:00,239.84,6,6,1,237.39,250.57000000000008,262.08500000000004,250.0
2023-05-14 07:00:00,250.0,7,6,1,239.84,242.41000000000008,255.57000000000005,259.87
2023-05-14 08:00:00,259.87,8,6,1,250.0,249.90333333333342,254.47166666666672,204.82
2023-05-14 09:00:00,204.82,9,6,1,259.87,238.2300000000001,244.40000000000006,258.33
2023-05-14 10:00:00,258.33,10,6,1,204.82,241.00666666666675,241.70833333333337,272.32
2023-05-14 11:00:00,272.32,11,6,1,258.33,245.15666666666675,247.53,214.31
2023-05-14 12:00:00,214.31,12,6,1,272.32,248.32000000000008,243.275,272.95
2023-05-14 13:00:00,272.95,13,6,1,214.31,253.19333333333338,247.10000000000002,224.82
2023-05-14 14:00:00,224.82,14,6,1,272.95,237.36000000000004,241.25833333333335,245.67
2023-05-14 15:00:00,245.67,15,6,1,224.82,247.8133333333334,248.0666666666667,246.56
2023-05-14 16:00:00,246.56,16,6,1,245.67,239.01666666666674,246.10500000000002,221.96
2023-05-14 17:00:00,221.96,17,6,1,246.56,238.06333333333342,237.7116666666667,216.52
2023-05-14 18:00:00,216.52,18,6,1,221.96,228.34666666666678,238.08,279.62
2023-05-14 19:00:00,279.62,19,6,1,216.52,239.36666666666676,239.19166666666672,223.68
2023-05-14 20:00:00,223.68,20,6,1,279.62,239.94000000000008,239.00166666666675,235.39
2023-05-14 21:00:00,235.39,21,6,1,223.68,246.2300000000001,237.28833333333338,286.91
2023-05-14 22:00:00,286.91,22,6,1,235.39,248.66000000000008,244.0133333333334,247.26
2023-05-14 23:00:00,247.26,23,6,1,286.91,256.52000000000004,248.23000000000005,138.76
2023-05-15 00:00:00,138.76,0,0,0,247.26,224.3100000000001,235.27000000000007,132.06
2023-05-15 01:00:00,132.06,1,0,0,138.76,172.6933333333334,210.6766666666667,194.71
2023-05-15 02:00:00,194.71,2,0,0,132.06,155.17666666666676,205.84833333333336,170.44
2023-05-15 03:00:00,170.44,3,0,0,194.71,165.73666666666676,195.0233333333334,119.62
2023-05-15 04:00:00,119.62,4,0,0,170.44,161.59000000000012,167.1416666666667,130.06
2023-05-15 05:00:00,130.06,5,0,0,119.62,140.04000000000008,147.60833333333338,160.32
2023-05-15 06:00:00,160.32,6,0,0,130.06,136.66666666666677,151.2016666666667,480.86
2023-05-15 07:00:00,480.86,7,0,0,160.32,257.0800000000001,209.33500000000004,510.61
2023-05-15 08:00:00,510.61,8,0,0,480.86,383.9300000000001,261.98500000000007,792.0
2023-05-15 09:00:00,792.0,9,0,0,510.61,594.4900000000001,365.5783333333334,809.84
2023-05-15 10:00:00,809.84,10,0,0,792.0,704.1500000000001,480.61500000000007,866.47
2023-05-15 11:00:00,866.47,11,0,0,809.84,822.7700000000001,603.35,863.41
2023-05-15 12:00:00,863.41,12,0,0,866.47,846.5733333333334,720.5316666666668,888.51
2023-05-15 13:00:00,888.51,13,0,0,863.41,872.7966666666667,788.4733333333334,887.76
2023-05-15 14:00:00,887.76,14,0,0,888.51,879.8933333333334,851.3316666666668,894.1
2023-05-15 15:00:00,894.1,15,0,0,887.76,890.1233333333334,868.3483333333334,858.66
2023-05-15 16:00:00,858.66,16,0,0,894.1,880.1733333333335,876.485,829.25
2023-05-15 17:00:00,829.25,17,0,0,858.66,860.6700000000001,870.2816666666668,791.48
2023-05-15 18:00:00,791.48,18,0,0,829.25,826.4633333333335,858.2933333333334,507.7
2023-05-15 19:00:00,507.7,19,0,0,791.48,709.4766666666668,794.8249999999999,513.39
2023-05-15 20:00:00,513.39,20,0,0,507.7,604.1900000000002,732.43,159.59
2023-05-15 21:00:00,159.59,21,0,0,513.39,393.5600000000001,610.0116666666667,169.52
2023-05-15 22:00:00,169.52,22,0,0,159.59,280.8333333333334,495.155,126.26
2023-05-15 23:00:00,126.26,23,0,0,169.52,151.79000000000016,377.99000000000007,185.42
2023-05-16 00:00:00,185.42,0,1,0,126.26,160.40000000000015,276.98,189.36
2023-05-16 01:00:00,189.36,1,1,0,185.42,167.0133333333335,223.92333333333337,142.34
2023-05-16 02:00:00,142.34,2,1,0,189.36,172.37333333333348,162.0816666666667,177.54
2023-05-16 03:00:00,177.54,3,1,0,142.34,169.7466666666668,165.07333333333338,172.83
2023-05-16 04:00:00,172.83,4,1,0,177.54,164.23666666666682,165.62500000000003,163.77
2023-05-16 05:00:00,163.77,5,1,0,172.83,171.38000000000014,171.8766666666667,160.37
2023-05-16 06:00:00,160.37,6,1,0,163.77,165.65666666666684,167.7016666666667,511.03
2023-05-16 07:00:00,511.03,7,1,0,160.37,278.39000000000016,221.3133333333334,456.01
2023-05-16 08:00:00,456.01,8,1,0,511.03,375.80333333333346,273.5916666666667,785.94
2023-05-16 09:00:00,785.94,9,1,0,456.01,584.3266666666668,374.99166666666673,826.34
2023-05-16 10:00:00,826.34,10,1,0,785.94,689.4300000000002,483.9100000000001,823.78
2023-05-16 11:00:00,823.78,11,1,0,826.34,812.0200000000001,593.9116666666667,873.22
2023-05-16 12:00:00,873.22,12,1,0,823.78,841.1133333333336,712.7200000000001,865.66
2023-05-16 13:00:00,865.66,13,1,0,873.22,854.2200000000001,771.8250000000002,871.6
2023-05-16 14:00:00,871.6,14,1,0,865.66,870.1600000000002,841.09,848.19
2023-05-16 15:00:00,848.19,15,1,0,871.6,861.8166666666667,851.4650000000001,839.11
2023-05-16 16:00:00,839.11,16,1,0,848.19,852.9666666666668,853.5933333333334,823.52
2023-05-16 17:00:00,823.52,17,1,0,839.11,836.9400000000002,853.5500000000002,805.4
2023-05-16 18:00:00,805.4,18,1,0,823.52,822.6766666666668,842.2466666666668,478.01
2023-05-16 19:00:00,478.01,19,1,0,805.4,702.3100000000001,777.6383333333334,464.43
2023-05-16 20:00:00,464.43,20,1,0,478.01,582.6133333333335,709.7766666666666,211.49
2023-05-16 21:00:00,211.49,21,1,0,464.43,384.6433333333335,603.66,182.0
2023-05-16 22:00:00,182.0,22,1,0,211.49,285.9733333333335,494.1416666666667,167.34
2023-05-16 23:00:00,167.34,23,1,0,182.0,186.9433333333335,384.77833333333336,183.97
2023-05-17 00:00:00,183.97,0,2,0,167.34,177.77000000000012,281.2066666666667,139.54
2023-05-17 01:00:00,139.54,1,2,0,183.97,163.61666666666682,224.79500000000004,133.56
2023-05-17 02:00:00,133.56,2,2,0,139.54,152.3566666666668,169.65000000000006,133.75
2023-05-17 03:00:00,133.75,3,2,0,133.56,135.61666666666682,156.69333333333338,146.53
2023-05-17 04:00:00,146.53,4,2,0,133.75,137.94666666666683,150.78166666666672,166.23
2023-05-17 05:00:00,166.23,5,2,0,146.53,148.83666666666682,150.59666666666672,175.32
2023-05-17 06:00:00,175.32,6,2,0,166.23,162.69333333333347,149.15500000000003,473.15
2023-05-17 07:00:00,473.15,7,2,0,175.32,271.5666666666668,204.7566666666667,487.2
2023-05-17 08:00:00,487.2,8,2,0,473.15,378.5566666666668,263.6966666666667,802.72
2023-05-17 09:00:00,802.72,9,2,0,487.2,587.6900000000002,375.1916666666668,822.73
2023-05-17 10:00:00,822.73,10,2,0,802.72,704.2166666666668,487.8916666666667,864.58
2023-05-17 11:00:00,864.58,11,2,0,822.73,830.0100000000002,604.2833333333334,893.21
2023-05-17 12:00:00,893.21,12,2,0,864.58,860.1733333333335,723.9316666666667,842.5
2023-05-17 13:00:00,842.5,13,2,0,893.21,866.7633333333334,785.4900000000001,880.76
2023-05-17 14:00:00,880.76,14,2,0,842.5,872.1566666666669,851.0833333333335,835.92
2023-05-17 15:00:00,835.92,15,2,0,880.76,853.0600000000001,856.6166666666668,870.94
2023-05-17 16:00:00,870.94,16,2,0,835.92,862.5400000000003,864.6516666666668,846.68
2023-05-17 17:00:00,846.68,17,2,0,870.94,851.1800000000002,861.6683333333334,773.07
2023-05-17 18:00:00,773.07,18,2,0,846.68,830.2300000000001,841.645,488.33
2023-05-17 19:00:00,488.33,19,2,0,773.07,702.6933333333335,782.6166666666667,458.96
2023-05-17 20:00:00,458.96,20,2,0,488.33,573.4533333333335,712.3166666666666,164.22
2023-05-17 21:00:00,164.22,21,2,0,458.96,370.5033333333335,600.3666666666667,145.94
2023-05-17 22:00:00,145.94,22,2,0,164.22,256.3733333333335,479.53333333333336,183.35
2023-05-17 23:00:00,183.35,23,2,0,145.94,164.50333333333347,368.9783333333333,160.94
2023-05-18 00:00:00,160.94,0,3,0,183.35,163.41000000000014,266.9566666666667,175.93
2023-05-18 01:00:00,175.93,1,3,0,160.94,173.40666666666684,214.89000000000001,164.89
2023-05-18 02:00:00,164.89,2,3,0,175.93,167.25333333333347,165.87833333333336,176.28
2023-05-18 03:00:00,176.28,3,3,0,164.89,172.36666666666682,167.88833333333335,174.1
2023-05-18 04:00:00,174.1,4,3,0,176.28,171.7566666666668,172.5816666666667,165.88
2023-05-18 05:00:00,165.88,5,3,0,174.1,172.08666666666682,169.67000000000004,132.85
2023-05-18 06:00:00,132.85,6,3,0,165.88,157.61000000000016,164.98833333333337,467.92
2023-05-18 07:00:00,467.92,7,3,0,132.85,255.55000000000015,213.65333333333334,468.76
2023-05-18 08:00:00,468.76,8,3,0,467.92,356.51000000000016,264.2983333333334,804.77
2023-05-18 09:00:00,804.77,9,3,0,468.76,580.4833333333335,369.0466666666667,829.55
2023-05-18 10:00:00,829.55,10,3,0,804.77,701.0266666666668,478.28833333333336,811.73
2023-05-18 11:00:00,811.73,11,3,0,829.55,815.3500000000003,585.93,894.35
2023-05-18 12:00:00,894.35,12,3,0,811.73,845.2100000000002,712.8466666666667,883.73
2023-05-18 13:00:00,883.73,13,3,0,894.35,863.2700000000001,782.1483333333334,860.31
2023-05-18 14:00:00,860.31,14,3,0,883.73,879.4633333333335,847.4066666666666,891.01
2023-05-18 15:00:00,891.01,15,3,0,860.31,878.35,861.7800000000001,830.33
2023-05-18 16:00:00,830.33,16,3,0,891.01,860.5500000000002,861.91,839.12
2023-05-18 17:00:00,839.12,17,3,0,830.33,853.4866666666668,866.475,802.24
2023-05-18 18:00:00,802.24,18,3,0,839.12,823.8966666666669,851.1233333333333,484.38
2023-05-18 19:00:00,484.38,19,3,0,802.24,708.5800000000003,784.565,495.73
2023-05-18 20:00:00,495.73,20,3,0,484.38,594.1166666666668,723.8016666666667,182.02
2023-05-18 21:00:00,182.02,21,3,0,495.73,387.37666666666684,605.6366666666667,139.23
2023-05-18 22:00:00,139.23,22,3,0,182.02,272.3266666666668,490.4533333333334,134.56
2023-05-18 23:00:00,134.56,23,3,0,139.23,151.9366666666668,373.0266666666667,182.16
2023-05-19 00:00:00,182.16,0,4,0,134.56,151.98333333333346,269.68,151.42
2023-05-19 01:00:00,151.42,1,4,0,182.16,156.04666666666682,214.18666666666672,155.15
2023-05-19 02:00:00,155.15,2,4,0,151.42,162.91000000000017,157.42333333333337,164.35
2023-05-19 03:00:00,164.35,3,4,0,155.15,156.9733333333335,154.47833333333338,148.15
2023-05-19 04:00:00,148.15,4,4,0,164.35,155.88333333333347,155.96500000000003,144.71
2023-05-19 05:00:00,144.71,5,4,0,148.15,152.4033333333335,157.65666666666672,157.42
2023-05-19 06:00:00,157.42,6,4,0,144.71,150.09333333333348,153.53333333333336,461.23
2023-05-19 07:00:00,461.23,7,4,0,157.42,254.4533333333335,205.16833333333338,457.7
2023-05-19 08:00:00,457.7,8,4,0,461.23,358.7833333333335,255.59333333333336,804.47
2023-05-19 09:00:00,804.47,9,4,0,457.7,574.4666666666668,362.28000000000003,835.51
2023-05-19 10:00:00,835.51,10,4,0,804.47,699.2266666666668,476.84,869.15
2023-05-19 11:00:00,869.15,11,4,0,835.51,836.3766666666667,597.58,889.12
2023-05-19 12:00:00,889.12,12,4,0,869.15,864.5933333333334,719.5300000000001,900.01
2023-05-19 13:00:00,900.01,13,4,0,889.12,886.0933333333334,792.6600000000002,858.66
2023-05-19 14:00:00,858.66,14,4,0,900.01,882.5966666666667,859.4866666666668,857.63
2023-05-19 15:00:00,857.63,15,4,0,858.66,872.1,868.3466666666667,879.39
2023-05-19 16:00:00,879.39,16,4,0,857.63,865.2266666666668,875.66,827.23
2023-05-19 17:00:00,827.23,17,4,0,879.39,854.7500000000001,868.6733333333335,816.69
2023-05-19 18:00:00,816.69,18,4,0,827.23,841.1033333333335,856.6016666666666,461.06
2023-05-19 19:00:00,461.06,19,4,0,816.69,701.6600000000002,783.4433333333335,479.75
2023-05-19 20:00:00,479.75,20,4,0,461.06,585.8333333333335,720.2916666666666,156.78
2023-05-19 21:00:00,156.78,21,4,0,479.75,365.86333333333346,603.4833333333333,156.38
2023-05-19 22:00:00,156.38,22,4,0,156.78,264.30333333333346,482.98166666666674,183.66
2023-05-19 23:00:00,183.66,23,4,0,156.38,165.60666666666677,375.72,217.88
2023-05-20 00:00:00,217.88,0,5,1,183.66,185.97333333333344,275.91833333333335,255.95
2023-05-20 01:00:00,255.95,1,5,1,217.88,219.1633333333334,241.73333333333335,221.44
2023-05-20 02:00:00,221.44,2,5,1,255.95,231.75666666666677,198.6816666666667,238.25
2023-05-20 03:00:00,238.25,3,5,1,221.44,238.54666666666677,212.26000000000002,244.26
2023-05-20 04:00:00,244.26,4,5,1,238.25,234.6500000000001,226.90666666666672,255.87
2023-05-20 05:00:00,255.87,5,5,1,244.26,246.12666666666678,238.9416666666667,260.32
2023-05-20 06:00:00,260.32,6,5,1,255.87,253.48333333333343,246.01500000000001,242.09
2023-05-20 07:00:00,242.09,7,5,1,260.32,252.7600000000001,243.70500000000004,248.53
2023-05-20 08:00:00,248.53,8,5,1,242.09,250.31333333333342,248.22000000000003,262.95
2023-05-20 09:00:00,262.95,9,5,1,248.53,251.19000000000014,252.3366666666667,194.08
2023-05-20 10:00:00,194.08,10,5,1,262.95,235.18666666666675,243.97333333333336,211.99
2023-05-20 11:00:00,211.99,11,5,1,194.08,223.00666666666677,236.66000000000005,222.93
2023-05-20 12:00:00,222.93,12,5,1,211.99,209.66666666666677,230.42833333333337,272.92
2023-05-20 13:00:00,272.92,13,5,1,222.93,235.9466666666668,235.56666666666672,237.39
2023-05-20 14:00:00,237.39,14,5,1,272.92,244.41333333333344,233.71000000000004,214.58
2023-05-20 15:00:00,214.58,15,5,1,237.39,241.63000000000014,225.6483333333334,243.6
2023-05-20 16:00:00,243.6,16,5,1,214.58,231.8566666666668,233.90166666666673,241.12
2023-05-20 17:00:00,241.12,17,5,1,243.6,233.10000000000014,238.75666666666675,252.04
2023-05-20 18:00:00,252.04,18,5,1,241.12,245.5866666666668,243.60833333333338,255.69
2023-05-20 19:00:00,255.69,19,5,1,252.04,249.6166666666668,240.7366666666667,252.69
2023-05-20 20:00:00,252.69,20,5,1,255.69,253.47333333333344,243.28666666666666,229.18
2023-05-20 21:00:00,229.18,21,5,1,252.69,245.85333333333347,245.72000000000003,217.14
2023-05-20 22:00:00,217.14,22,5,1,229.18,233.00333333333344,241.31000000000006,264.54
2023-05-20 23:00:00,264.54,23,5,1,217.14,236.95333333333346,245.21333333333337,252.83
2023-05-21 00:00:00,252.83,0,6,1,264.54,244.8366666666668,245.34500000000003,238.9
2023-05-21 01:00:00,238.9,1,6,1,252.83,252.09000000000012,242.5466666666667,254.43
2023-05-21 02:00:00,254.43,2,6,1,238.9,248.7200000000001,242.83666666666673,217.31
2023-05-21 03:00:00,217.31,3,6,1,254.43,236.8800000000001,240.85833333333338,243.74
2023-05-21 04:00:00,243.74,4,6,1,217.31,238.49333333333345,245.2916666666667,252.63
2023-05-21 05:00:00,252.63,5,6,1,243.74,237.89333333333343,243.3066666666667,234.98
2023-05-21 06:00:00,234.98,6,6,1,252.63,243.78333333333345,240.3316666666667,250.52
2023-05-21 07:00:00,250.52,7,6,1,234.98,246.04333333333344,242.26833333333335,227.48
2023-05-21 08:00:00,227.48,8,6,1,250.52,237.6600000000001,237.77666666666667,252.73
2023-05-21 09:00:00,252.73,9,6,1,227.48,243.57666666666674,243.68000000000004,275.52
2023-05-21 10:00:00,275.52,10,6,1,252.73,251.91000000000008,248.9766666666667,244.09
2023-05-21 11:00:00,244.09,11,6,1,275.52,257.4466666666668,247.55333333333337,188.07
2023-05-21 12:00:00,188.07,12,6,1,244.09,235.89333333333346,239.73500000000004,231.49
2023-05-21 13:00:00,231.49,13,6,1,188.07,221.21666666666678,236.5633333333334,224.6
2023-05-21 14:00:00,224.6,14,6,1,231.49,214.7200000000001,236.08333333333337,249.21
2023-05-21 15:00:00,249.21,15,6,1,224.6,235.10000000000014,235.4966666666667,251.11
2023-05-21 16:00:00,251.11,16,6,1,249.21,241.64000000000013,231.4283333333334,246.25
2023-05-21 17:00:00,246.25,17,6,1,251.11,248.8566666666668,231.78833333333338,218.81
2023-05-21 18:00:00,218.81,18,6,1,246.25,238.72333333333344,236.91166666666672,235.75
2023-05-21 19:00:00,235.75,19,6,1,218.81,233.60333333333344,237.6216666666667,246.47
2023-05-21 20:00:00,246.47,20,6,1,235.75,233.67666666666676,241.26666666666674,245.45
2023-05-21 21:00:00,245.45,21,6,1,246.47,242.55666666666676,240.64000000000001,191.67
2023-05-21 22:00:00,191.67,22,6,1,245.45,227.86333333333346,230.73333333333335,204.77
2023-05-21 23:00:00,204.77,23,6,1,191.67,213.96333333333345,223.82000000000002,193.8
2023-05-22 00:00:00,193.8,0,0,0,204.77,196.74666666666678,219.65166666666673,157.63
2023-05-22 01:00:00,157.63,1,0,0,193.8,185.40000000000012,206.6316666666667,164.42
2023-05-22 02:00:00,164.42,2,0,0,157.63,171.95000000000013,192.9566666666667,164.06
2023-05-22 03:00:00,164.06,3,0,0,164.42,162.03666666666678,179.39166666666668,178.4
2023-05-22 04:00:00,178.4,4,0,0,164.06,168.96000000000012,177.18000000000006,163.63
2023-05-22 05:00:00,163.63,5,0,0,178.4,168.6966666666668,170.32333333333338,134.89
2023-05-22 06:00:00,134.89,6,0,0,163.63,158.97333333333344,160.50500000000002,461.05
2023-05-22 07:00:00,461.05,7,0,0,134.89,253.19000000000014,211.07500000000005,485.48
2023-05-22 08:00:00,485.48,8,0,0,461.05,360.4733333333334,264.58500000000004,780.47
2023-05-22 09:00:00,780.47,9,0,0,485.48,575.6666666666669,367.32,790.45
2023-05-22 10:00:00,790.45,10,0,0,780.47,685.4666666666668,469.3283333333334,909.24
2023-05-22 11:00:00,909.24,11,0,0,790.45,826.7200000000001,593.5966666666667,832.64
2023-05-22 12:00:00,832.64,12,0,0,909.24,844.1100000000001,709.8883333333333,877.87
2023-05-22 13:00:00,877.87,13,0,0,832.64,873.2500000000001,779.3583333333335,877.55
2023-05-22 14:00:00,877.55,14,0,0,877.87,862.6866666666668,844.7033333333334,858.14
2023-05-22 15:00:00,858.14,15,0,0,877.55,871.1866666666668,857.6483333333332,868.48
2023-05-22 16:00:00,868.48,16,0,0,858.14,868.0566666666667,870.6533333333333,840.32
2023-05-22 17:00:00,840.32,17,0,0,868.48,855.6466666666669,859.1666666666666,790.18
2023-05-22 18:00:00,790.18,18,0,0,840.32,832.9933333333335,852.09,494.43
2023-05-22 19:00:00,494.43,19,0,0,790.18,708.3100000000001,788.1833333333334,443.98
2023-05-22 20:00:00,443.98,20,0,0,494.43,576.1966666666668,715.9216666666667,148.88
2023-05-22 21:00:00,148.88,21,0,0,443.98,362.4300000000001,597.7116666666667,149.18
2023-05-22 22:00:00,149.18,22,0,0,148.88,247.34666666666678,477.8283333333334,150.19
2023-05-22 23:00:00,150.19,23,0,0,149.18,149.41666666666677,362.8066666666667,149.52
2023-05-23 00:00:00,149.52,0,1,0,150.19,149.6300000000001,256.03000000000003,186.67
2023-05-23 01:00:00,186.67,1,1,0,149.52,162.12666666666678,204.7366666666667,164.75
2023-05-23 02:00:00,164.75,2,1,0,186.67,166.9800000000001,158.19833333333338,202.1
2023-05-23 03:00:00,202.1,3,1,0,164.75,184.50666666666677,167.06833333333336,139.8
2023-05-23 04:00:00,139.8,4,1,0,202.1,168.88333333333344,165.50500000000002,149.53
2023-05-23 05:00:00,149.53,5,1,0,139.8,163.81000000000012,165.395,138.52
2023-05-23 06:00:00,138.52,6,1,0,149.53,142.6166666666668,163.5616666666667,463.3
2023-05-23 07:00:00,463.3,7,1,0,138.52,250.45000000000013,209.6666666666667,500.16
2023-05-23 08:00:00,500.16,8,1,0,463.3,367.3266666666668,265.5683333333334,814.7
2023-05-23 09:00:00,814.7,9,1,0,500.16,592.7200000000001,367.66833333333335,837.11
2023-05-23 10:00:00,837.11,10,1,0,814.7,717.3233333333336,483.8866666666667,811.61
2023-05-23 11:00:00,811.61,11,1,0,837.11,821.1400000000002,594.2333333333335,872.26
2023-05-23 12:00:00,872.26,12,1,0,811.61,840.3266666666668,716.5233333333334,879.97
2023-05-23 13:00:00,879.97,13,1,0,872.26,854.6133333333333,785.9683333333334,927.49
2023-05-23 14:00:00,927.49,14,1,0,879.97,893.2400000000001,857.19,867.51
2023-05-23 15:00:00,867.51,15,1,0,927.49,891.6566666666668,865.9916666666668,842.37
2023-05-23 16:00:00,842.37,16,1,0,867.51,879.1233333333334,866.8683333333333,836.01
2023-05-23 17:00:00,836.01,17,1,0,842.37,848.6300000000001,870.9350000000001,786.24
2023-05-23 18:00:00,786.24,18,1,0,836.01,821.5400000000001,856.5983333333334,475.36
2023-05-23 19:00:00,475.36,19,1,0,786.24,699.2033333333335,789.1633333333333,451.93
2023-05-23 20:00:00,451.93,20,1,0,475.36,571.1766666666668,709.9033333333333,133.89
2023-05-23 21:00:00,133.89,21,1,0,451.93,353.72666666666686,587.6333333333333,160.86
2023-05-23 22:00:00,160.86,22,1,0,133.89,248.89333333333352,474.04833333333335,191.05
2023-05-23 23:00:00,191.05,23,1,0,160.86,161.93333333333348,366.55500000000006,141.23
2023-05-24 00:00:00,141.23,0,2,0,191.05,164.38000000000014,259.05333333333334,164.05
2023-05-24 01:00:00,164.05,1,2,0,141.23,165.4433333333335,207.16833333333338,165.3
2023-05-24 02:00:00,165.3,2,2,0,164.05,156.86000000000016,159.3966666666667,162.28
2023-05-24 03:00:00,162.28,3,2,0,165.3,163.8766666666668,164.12833333333336,123.67
2023-05-24 04:00:00,123.67,4,2,0,162.28,150.41666666666683,157.93000000000004,149.06
2023-05-24 05:00:00,149.06,5,2,0,123.67,145.0033333333335,150.9316666666667,168.36
2023-05-24 06:00:00,168.36,6,2,0,149.06,147.03000000000017,155.45333333333338,538.34
2023-05-24 07:00:00,538.34,7,2,0,168.36,285.2533333333335,217.83500000000004,453.77
2023-05-24 08:00:00,453.77,8,2,0,538.34,386.82333333333355,265.9133333333334,826.81
2023-05-24 09:00:00,826.81,9,2,0,453.77,606.3066666666668,376.66833333333335,802.94
2023-05-24 10:00:00,802.94,10,2,0,826.81,694.5066666666668,489.88000000000005,863.82
2023-05-24 11:00:00,863.82,11,2,0,802.94,831.1900000000002,609.0066666666667,840.63
2023-05-24 12:00:00,840.63,12,2,0,863.82,835.796666666667,721.0516666666667,899.14
2023-05-24 13:00:00,899.14,13,2,0,840.63,867.8633333333336,781.1850000000001,896.08
2023-05-24 14:00:00,896.08,14,2,0,899.14,878.6166666666668,854.9033333333333,874.86
2023-05-24 15:00:00,874.86,15,2,0,896.08,890.026666666667,862.9116666666667,848.74
2023-05-24 16:00:00,848.74,16,2,0,874.86,873.2266666666669,870.5450000000001,820.38
2023-05-24 17:00:00,820.38,17,2,0,848.74,847.9933333333335,863.305,787.12
2023-05-24 18:00:00,787.12,18,2,0,820.38,818.7466666666669,854.3866666666667,465.57
2023-05-24 19:00:00,465.57,19,2,0,787.12,691.0233333333335,782.1250000000001,476.61
2023-05-24 20:00:00,476.61,20,2,0,465.57,576.4333333333335,712.2133333333335,172.38
2023-05-24 21:00:00,172.38,21,2,0,476.61,371.5200000000002,595.1333333333333,130.97
2023-05-24 22:00:00,130.97,22,2,0,172.38,259.98666666666685,475.5050000000001,139.51
2023-05-24 23:00:00,139.51,23,2,0,130.97,147.6200000000002,362.0266666666667,156.37
2023-05-25 00:00:00,156.37,0,3,0,139.51,142.28333333333353,256.9016666666667,156.57
2023-05-25 01:00:00,156.57,1,3,0,156.37,150.81666666666683,205.40166666666673,169.29
2023-05-25 02:00:00,169.29,2,3,0,156.57,160.7433333333335,154.1816666666667,178.53
2023-05-25 03:00:00,178.53,3,3,0,169.29,168.1300000000002,155.2066666666667,155.37
2023-05-25 04:00:00,155.37,4,3,0,178.53,167.73000000000016,159.27333333333337,179.68
2023-05-25 05:00:00,179.68,5,3,0,155.37,171.19333333333353,165.9683333333334,159.03
2023-05-25 06:00:00,159.03,6,3,0,179.68,164.69333333333353,166.41166666666672,431.15
2023-05-25 07:00:00,431.15,7,3,0,159.03,256.6200000000002,212.17500000000004,469.01
2023-05-25 08:00:00,469.01,8,3,0,431.15,353.0633333333335,262.1283333333334,786.79
2023-05-25 09:00:00,786.79,9,3,0,469.01,562.3166666666668,363.50500000000005,830.46
2023-05-25 10:00:00,830.46,10,3,0,786.79,695.4200000000002,476.02,842.08
2023-05-25 11:00:00,842.08,11,3,0,830.46,819.7766666666668,586.4200000000001,887.43
2023-05-25 12:00:00,887.43,12,3,0,842.08,853.3233333333334,707.82,863.48
2023-05-25 13:00:00,863.48,13,3,0,887.43,864.3300000000003,779.875,879.39
2023-05-25 14:00:00,879.39,14,3,0,863.48,876.7666666666669,848.2716666666666,812.02
2023-05-25 15:00:00,812.02,15,3,0,879.39,851.6300000000002,852.4766666666668,867.34
2023-05-25 16:00:00,867.34,16,3,0,812.02,852.916666666667,858.6233333333333,804.32
2023-05-25 17:00:00,804.32,17,3,0,867.34,827.8933333333335,852.33,797.38
2023-05-25 18:00:00,797.38,18,3,0,804.32,823.0133333333337,837.3216666666667,505.66
2023-05-25 19:00:00,505.66,19,3,0,797.38,702.4533333333335,777.6850000000001,459.59
2023-05-25 20:00:00,459.59,20,3,0,505.66,587.5433333333335,707.7183333333334,180.61
2023-05-25 21:00:00,180.61,21,3,0,459.59,381.95333333333355,602.4833333333333,168.2
2023-05-25 22:00:00,168.2,22,3,0,180.61,269.46666666666687,485.9600000000001,160.81
2023-05-25 23:00:00,160.81,23,3,0,168.2,169.87333333333353,378.7083333333334,147.8
2023-05-26 00:00:00,147.8,0,4,0,160.81,158.93666666666687,270.44500000000005,169.24
2023-05-26 01:00:00,169.24,1,4,0,147.8,159.28333333333353,214.37500000000003,214.08
2023-05-26 02:00:00,214.08,2,4,0,169.24,177.0400000000002,173.4566666666667,161.88
2023-05-26 03:00:00,161.88,3,4,0,214.08,181.73333333333355,170.33500000000004,145.84
2023-05-26 04:00:00,145.84,4,4,0,161.88,173.93333333333354,166.60833333333338,106.39
2023-05-26 05:00:00,106.39,5,4,0,145.84,138.03666666666683,157.53833333333338,143.78
2023-05-26 06:00:00,143.78,6,4,0,106.39,132.00333333333353,156.86833333333337,496.98
2023-05-26 07:00:00,496.98,7,4,0,143.78,249.05000000000018,211.4916666666667,516.41
2023-05-26 08:00:00,516.41,8,4,0,496.98,385.7233333333335,261.88000000000005,800.75
2023-05-26 09:00:00,800.75,9,4,0,516.41,604.7133333333335,368.3583333333334,809.99
2023-05-26 10:00:00,809.99,10,4,0,800.75,709.0500000000002,479.05,859.67
2023-05-26 11:00:00,859.67,11,4,0,809.99,823.4700000000001,604.5966666666667,891.36
2023-05-26 12:00:00,891.36,12,4,0,859.67,853.6733333333335,729.1933333333333,901.08
2023-05-26 13:00:00,901.08,13,4,0,891.36,884.0366666666669,796.5433333333334,927.87
2023-05-26 14:00:00,927.87,14,4,0,901.08,906.7700000000001,865.12,876.27
2023-05-26 15:00:00,876.27,15,4,0,927.87,901.7400000000001,877.7066666666666,827.7
2023-05-26 16:00:00,827.7,16,4,0,876.27,877.2800000000002,880.6583333333334,803.88
2023-05-26 17:00:00,803.88,17,4,0,827.7,835.9500000000002,871.3600000000001,776.42
2023-05-26 18:00:00,776.42,18,4,0,803.88,802.6666666666669,852.2033333333335,470.58
2023-05-26 19:00:00,470.58,19,4,0,776.42,683.6266666666669,780.4533333333334,487.56
2023-05-26 20:00:00,487.56,20,4,0,470.58,578.1866666666668,707.0683333333333,163.28
2023-05-26 21:00:00,163.28,21,4,0,487.56,373.80666666666684,588.2366666666668,169.2
2023-05-26 22:00:00,169.2,22,4,0,163.28,273.34666666666686,478.4866666666667,171.51
2023-05-26 23:00:00,171.51,23,4,0,169.2,167.9966666666668,373.0916666666667,256.16
2023-05-27 00:00:00,256.16,0,5,1,171.51,198.95666666666682,286.3816666666667,243.42
2023-05-27 01:00:00,243.42,1,5,1,256.16,223.6966666666668,248.52166666666673,215.45
2023-05-27 02:00:00,215.45,2,5,1,243.42,238.34333333333348,203.17000000000004,229.02
2023-05-27 03:00:00,229.02,3,5,1,215.45,229.29666666666682,214.1266666666667,200.95
2023-05-27 04:00:00,200.95,4,5,1,229.02,215.14000000000019,219.41833333333338,257.81
2023-05-27 05:00:00,257.81,5,5,1,200.95,229.26000000000013,233.8016666666667,234.57
2023-05-27 06:00:00,234.57,6,5,1,257.81,231.11000000000013,230.20333333333335,264.97
2023-05-27 07:00:00,264.97,7,5,1,234.57,252.45000000000016,233.79500000000004,268.04
2023-05-27 08:00:00,268.04,8,5,1,264.97,255.86000000000016,242.56000000000003,226.09
2023-05-27 09:00:00,226.09,9,5,1,268.04,253.0333333333335,242.07166666666672,254.23
2023-05-27 10:00:00,254.23,10,5,1,226.09,249.4533333333335,250.9516666666667,221.9
2023-05-27 11:00:00,221.9,11,5,1,254.23,234.0733333333335,244.9666666666667,279.07
2023-05-27 12:00:00,279.07,12,5,1,221.9,251.73333333333346,252.38333333333335,260.71
2023-05-27 13:00:00,260.71,13,5,1,279.07,253.89333333333346,251.67333333333337,258.85
2023-05-27 14:00:00,258.85,14,5,1,260.71,266.21000000000015,250.14166666666668,276.57
2023-05-27 15:00:00,276.57,15,5,1,258.85,265.3766666666668,258.555,227.85
2023-05-27 16:00:00,227.85,16,5,1,276.57,254.42333333333343,254.15833333333333,258.34
2023-05-27 17:00:00,258.34,17,5,1,227.85,254.25333333333347,260.23166666666674,243.97
2023-05-27 18:00:00,243.97,18,5,1,258.34,243.3866666666668,254.38166666666666,273.47
2023-05-27 19:00:00,273.47,19,5,1,243.97,258.5933333333335,256.5083333333334,249.34
2023-05-27 20:00:00,249.34,20,5,1,273.47,255.5933333333335,254.92333333333337,222.99
2023-05-27 21:00:00,222.99,21,5,1,249.34,248.60000000000016,245.99333333333337,249.01
2023-05-27 22:00:00,249.01,22,5,1,222.99,240.44666666666683,249.52000000000007,170.38
2023-05-27 23:00:00,170.38,23,5,1,249.01,214.1266666666668,234.86,260.24
2023-05-28 00:00:00,260.24,0,6,1,170.38,226.5433333333335,237.57166666666672,233.74
2023-05-28 01:00:00,233.74,1,6,1,260.24,221.4533333333335,230.95000000000005,226.79
2023-05-28 02:00:00,226.79,2,6,1,233.74,240.2566666666668,227.19166666666672,270.3
2023-05-28 03:00:00,270.3,3,6,1,226.79,243.61000000000016,235.0766666666667,272.67
2023-05-28 04:00:00,272.67,4,6,1,270.3,256.5866666666668,239.02000000000007,226.73
2023-05-28 05:00:00,226.73,5,6,1,272.67,256.56666666666683,248.41166666666675,234.17
2023-05-28 06:00:00,234.17,6,6,1,226.73,244.52333333333345,244.06666666666672,234.55
2023-05-28 07:00:00,234.55,7,6,1,234.17,231.81666666666683,244.20166666666674,208.59
2023-05-28 08:00:00,208.59,8,6,1,234.55,225.77000000000012,241.16833333333338,227.48
2023-05-28 09:00:00,227.48,9,6,1,208.59,223.54000000000016,234.03166666666672,220.52
2023-05-28 10:00:00,220.52,10,6,1,227.48,218.8633333333335,225.34000000000003,227.38
2023-05-28 11:00:00,227.38,11,6,1,220.52,225.1266666666668,225.44833333333335,249.56
2023-05-28 12:00:00,249.56,12,6,1,227.38,232.48666666666682,228.0133333333334,209.4
2023-05-28 13:00:00,209.4,13,6,1,249.56,228.78000000000017,223.8216666666667,218.41
2023-05-28 14:00:00,218.41,14,6,1,209.4,225.79000000000016,225.45833333333337,241.4
2023-05-28 15:00:00,241.4,15,6,1,218.41,223.07000000000016,227.77833333333334,196.16
2023-05-28 16:00:00,196.16,16,6,1,241.4,218.65666666666684,223.71833333333336,230.91
2023-05-28 17:00:00,230.91,17,6,1,196.16,222.8233333333335,224.30666666666673,264.23
2023-05-28 18:00:00,264.23,18,6,1,230.91,230.43333333333348,226.7516666666667,228.64
2023-05-28 19:00:00,228.64,19,6,1,264.23,241.26000000000013,229.95833333333337,216.84
2023-05-28 20:00:00,216.84,20,6,1,228.64,236.57000000000016,229.69666666666672,241.02
2023-05-28 21:00:00,241.02,21,6,1,216.84,228.83333333333348,229.63333333333335,226.47
2023-05-28 22:00:00,226.47,22,6,1,241.02,228.11000000000016,234.68500000000006,209.79
2023-05-28 23:00:00,209.79,23,6,1,226.47,225.76000000000013,231.16500000000005,141.44
2023-05-29 00:00:00,141.44,0,0,0,209.79,192.56666666666683,210.70000000000005,171.14
2023-05-29 01:00:00,171.14,1,0,0,141.44,174.12333333333345,201.1166666666667,181.51
2023-05-29 02:00:00,181.51,2,0,0,171.14,164.6966666666668,195.22833333333338,127.08
2023-05-29 03:00:00,127.08,3,0,0,181.51,159.91000000000014,176.23833333333337,152.5
2023-05-29 04:00:00,152.5,4,0,0,127.08,153.6966666666668,163.91000000000005,157.42
2023-05-29 05:00:00,157.42,5,0,0,152.5,145.66666666666683,155.1816666666667,153.99
2023-05-29 06:00:00,153.99,6,0,0,157.42,154.6366666666668,157.27333333333337,481.27
2023-05-29 07:00:00,481.27,7,0,0,153.99,264.2266666666668,208.9616666666667,481.85
2023-05-29 08:00:00,481.85,8,0,0,481.27,372.3700000000002,259.0183333333334,775.02
2023-05-29 09:00:00,775.02,9,0,0,481.85,579.3800000000001,367.0083333333334,847.3
2023-05-29 10:00:00,847.3,10,0,0,775.02,701.3900000000002,482.8083333333334,833.62
2023-05-29 11:00:00,833.62,11,0,0,847.3,818.6466666666669,595.5083333333333,876.98
2023-05-29 12:00:00,876.98,12,0,0,833.62,852.6333333333336,716.0066666666668,914.75
2023-05-29 13:00:00,914.75,13,0,0,876.98,875.1166666666668,788.2533333333334,891.53
2023-05-29 14:00:00,891.53,14,0,0,914.75,894.4200000000001,856.5333333333334,882.83
2023-05-29 15:00:00,882.83,15,0,0,891.53,896.3700000000002,874.5016666666667,857.89
2023-05-29 16:00:00,857.89,16,0,0,882.83,877.4166666666669,876.2666666666668,829.17
2023-05-29 17:00:00,829.17,17,0,0,857.89,856.6300000000001,875.525,820.4
2023-05-29 18:00:00,820.4,18,0,0,829.17,835.8200000000002,866.0950000000001,463.67
2023-05-29 19:00:00,463.67,19,0,0,820.4,704.4133333333334,790.9150000000001,449.74
2023-05-29 20:00:00,449.74,20,0,0,463.67,577.9366666666668,717.2833333333333,140.14
2023-05-29 21:00:00,140.14,21,0,0,449.74,351.18333333333345,593.5016666666667,146.77
2023-05-29 22:00:00,146.77,22,0,0,140.14,245.55000000000015,474.9816666666666,123.44
2023-05-29 23:00:00,123.44,23,0,0,146.77,136.7833333333335,357.36000000000007,148.72
2023-05-30 00:00:00,148.72,0,1,0,123.44,139.6433333333335,245.41333333333338,178.69
2023-05-30 01:00:00,178.69,1,1,0,148.72,150.28333333333347,197.9166666666667,133.3
2023-05-30 02:00:00,133.3,2,1,0,178.69,153.57000000000014,145.1766666666667,181.79
2023-05-30 03:00:00,181.79,3,1,0,133.3,164.59333333333348,152.11833333333337,161.42
2023-05-30 04:00:00,161.42,4,1,0,181.79,158.83666666666682,154.56000000000003,140.74
2023-05-30 05:00:00,140.74,5,1,0,161.42,161.3166666666668,157.44333333333338,162.63
2023-05-30 06:00:00,162.63,6,1,0,140.74,154.93000000000015,159.76166666666668,478.67
2023-05-30 07:00:00,478.67,7,1,0,162.63,260.6800000000001,209.75833333333335,481.69
2023-05-30 08:00:00,481.69,8,1,0,478.67,374.33000000000015,267.8233333333334,768.71
2023-05-30 09:00:00,768.71,9,1,0,481.69,576.3566666666669,365.64333333333343,831.79
2023-05-30 10:00:00,831.79,10,1,0,768.71,694.0633333333335,477.3716666666667,854.95
2023-05-30 11:00:00,854.95,11,1,0,831.79,818.4833333333335,596.4066666666668,881.94
2023-05-30 12:00:00,881.94,12,1,0,854.95,856.2266666666668,716.2916666666666,853.63
2023-05-30 13:00:00,853.63,13,1,0,881.94,863.5066666666668,778.785,848.65
2023-05-30 14:00:00,848.65,14,1,0,853.63,861.4066666666669,839.9450000000002,844.91
2023-05-30 15:00:00,844.91,15,1,0,848.65,849.0633333333335,852.6450000000001,810.61
2023-05-30 16:00:00,810.61,16,1,0,844.91,834.7233333333335,849.1149999999999,846.43
2023-05-30 17:00:00,846.43,17,1,0,810.61,833.9833333333335,847.695,797.18
2023-05-30 18:00:00,797.18,18,1,0,846.43,818.0733333333334,833.5683333333333,507.84
2023-05-30 19:00:00,507.84,19,1,0,797.18,717.1500000000001,775.9366666666666,492.86
2023-05-30 20:00:00,492.86,20,1,0,507.84,599.2933333333334,716.6383333333333,149.6
2023-05-30 21:00:00,149.6,21,1,0,492.86,383.43333333333345,600.7533333333334,120.84
2023-05-30 22:00:00,120.84,22,1,0,149.6,254.4333333333335,485.7916666666667,172.52
2023-05-30 23:00:00,172.52,23,1,0,120.84,147.6533333333335,373.47333333333336,173.46
2023-05-31 00:00:00,173.46,0,2,0,172.52,155.60666666666683,269.52000000000004,166.05
2023-05-31 01:00:00,166.05,1,2,0,173.46,170.67666666666682,212.55500000000006,172.99
2023-05-31 02:00:00,172.99,2,2,0,166.05,170.83333333333348,159.24333333333337,196.57
2023-05-31 03:00:00,196.57,3,2,0,172.99,178.53666666666683,167.07166666666672,183.01
2023-05-31 04:00:00,183.01,4,2,0,196.57,184.19000000000014,177.4333333333334,144.07
2023-05-31 05:00:00,144.07,5,2,0,183.01,174.55000000000015,172.69166666666672,183.35
2023-05-31 06:00:00,183.35,6,2,0,144.07,170.14333333333346,174.34000000000003,463.46
2023-05-31 07:00:00,463.46,7,2,0,183.35,263.62666666666684,223.9083333333334,467.75
2023-05-31 08:00:00,467.75,8,2,0,463.46,371.52000000000015,273.035,796.56
2023-05-31 09:00:00,796.56,9,2,0,467.75,575.9233333333335,373.03333333333336,854.95
2023-05-31 10:00:00,854.95,10,2,0,796.56,706.4200000000001,485.02333333333337,860.56
2023-05-31 11:00:00,860.56,11,2,0,854.95,837.3566666666669,604.4383333333334,859.96
2023-05-31 12:00:00,859.96,12,2,0,860.56,858.4900000000001,717.2066666666666,920.01
2023-05-31 13:00:00,920.01,13,2,0,859.96,880.1766666666668,793.2983333333333,895.83
2023-05-31 14:00:00,895.83,14,2,0,920.01,891.9333333333335,864.645,863.76
2023-05-31 15:00:00,863.76,15,2,0,895.83,893.2000000000002,875.8450000000001,868.91
2023-05-31 16:00:00,868.91,16,2,0,863.76,876.1666666666669,878.1716666666667,833.86
2023-05-31 17:00:00,833.86,17,2,0,868.91,855.5100000000002,873.7216666666667,801.0
2023-05-31 18:00:00,801.0,18,2,0,833.86,834.5900000000001,863.895,465.12
2023-05-31 19:00:00,465.12,19,2,0,801.0,699.9933333333335,788.0799999999999,490.71
2023-05-31 20:00:00,490.71,20,2,0,465.12,585.6100000000001,720.56,173.61
2023-05-31 21:00:00,173.61,21,2,0,490.71,376.4800000000002,605.5350000000001,199.31
2023-05-31 22:00:00,199.31,22,2,0,173.61,287.87666666666684,493.935,137.39
2023-05-31 23:00:00,137.39,23,2,0,199.31,170.1033333333335,377.85666666666674,163.22
2023-06-01 00:00:00,163.22,0,3,0,137.39,166.64000000000013,271.56000000000006,180.46
2023-06-01 01:00:00,180.46,1,3,0,163.22,160.35666666666683,224.1166666666667,178.65
2023-06-01 02:00:00,178.65,2,3,0,180.46,174.11000000000016,172.10666666666668,135.94
2023-06-01 03:00:00,135.94,3,3,0,178.65,165.0166666666668,165.82833333333338,161.08
2023-06-01 04:00:00,161.08,4,3,0,135.94,158.5566666666668,159.4566666666667,180.08
2023-06-01 05:00:00,180.08,5,3,0,161.08,159.0333333333335,166.57166666666672,162.77
2023-06-01 06:00:00,162.77,6,3,0,180.08,167.97666666666683,166.4966666666667,514.05
2023-06-01 07:00:00,514.05,7,3,0,162.77,285.6333333333335,222.09500000000003,463.69
2023-06-01 08:00:00,463.69,8,3,0,514.05,380.17000000000013,269.60166666666674,781.86
2023-06-01 09:00:00,781.86,9,3,0,463.69,586.5333333333334,377.25500000000005,843.63
2023-06-01 10:00:00,843.63,10,3,0,781.86,696.3933333333334,491.0133333333334,864.55
2023-06-01 11:00:00,864.55,11,3,0,843.63,830.0133333333334,605.0916666666667,870.43
2023-06-01 12:00:00,870.43,12,3,0,864.55,859.5366666666669,723.035,890.66
2023-06-01 13:00:00,890.66,13,3,0,870.43,875.2133333333335,785.8033333333333,872.79
2023-06-01 14:00:00,872.79,14,3,0,890.66,877.9600000000002,853.9866666666667,875.83
2023-06-01 15:00:00,875.83,15,3,0,872.79,879.7600000000002,869.6483333333332,820.47
2023-06-01 16:00:00,820.47,16,3,0,875.83,856.3633333333336,865.7883333333333,858.07
2023-06-01 17:00:00,858.07,17,3,0,820.47,851.4566666666669,864.7083333333335,777.81
2023-06-01 18:00:00,777.81,18,3,0,858.07,818.7833333333334,849.2716666666666,490.29
2023-06-01 19:00:00,490.29,19,3,0,777.81,708.7233333333335,782.5433333333334,472.8
2023-06-01 20:00:00,472.8,20,3,0,490.29,580.3000000000001,715.8783333333334,157.87
2023-06-01 21:00:00,157.87,21,3,0,472.8,373.6533333333335,596.2183333333334,198.91
2023-06-01 22:00:00,198.91,22,3,0,157.87,276.5266666666668,492.62500000000006,204.78
2023-06-01 23:00:00,204.78,23,3,0,198.91,187.1866666666668,383.74333333333334,149.36
2023-06-02 00:00:00,149.36,0,4,0,204.78,184.35000000000014,279.0016666666667,154.97
2023-06-02 01:00:00,154.97,1,4,0,149.36,169.7033333333335,223.11500000000004,184.65
2023-06-02 02:00:00,184.65,2,4,0,154.97,162.99333333333348,175.09000000000003,144.55
2023-06-02 03:00:00,144.55,3,4,0,184.65,161.39000000000016,172.87000000000003,115.83
2023-06-02 04:00:00,115.83,4,4,0,144.55,148.3433333333335,159.0233333333334,145.34
2023-06-02 05:00:00,145.34,5,4,0,115.83,135.24000000000015,149.1166666666667,146.72
2023-06-02 06:00:00,146.72,6,4,0,145.34,135.96333333333348,148.6766666666667,521.75
2023-06-02 07:00:00,521.75,7,4,0,146.72,271.27000000000015,209.8066666666667,456.11
2023-06-02 08:00:00,456.11,8,4,0,521.75,374.8600000000001,255.05000000000004,819.7
2023-06-02 09:00:00,819.7,9,4,0,456.11,599.1866666666668,367.57500000000005,820.03
2023-06-02 10:00:00,820.03,10,4,0,819.7,698.6133333333333,484.9416666666668,892.5
2023-06-02 11:00:00,892.5,11,4,0,820.03,844.0766666666668,609.4683333333334,896.98
2023-06-02 12:00:00,896.98,12,4,0,892.5,869.8366666666667,734.5116666666668,903.95
2023-06-02 13:00:00,903.95,13,4,0,896.98,897.8100000000001,798.2116666666667,887.86
2023-06-02 14:00:00,887.86,14,4,0,903.95,896.2633333333334,870.17,858.72
2023-06-02 15:00:00,858.72,15,4,0,887.86,883.5100000000001,876.6733333333333,811.18
2023-06-02 16:00:00,811.18,16,4,0,858.72,852.5866666666667,875.1983333333334,845.62
2023-06-02 17:00:00,845.62,17,4,0,811.18,838.5066666666668,867.3850000000001,808.32
2023-06-02 18:00:00,808.32,18,4,0,845.62,821.7066666666668,852.6083333333332,496.31
2023-06-02 19:00:00,496.31,19,4,0,808.32,716.7500000000001,784.6683333333334,515.61
2023-06-02 20:00:00,515.61,20,4,0,496.31,606.7466666666668,722.6266666666667,146.45
2023-06-02 21:00:00,146.45,21,4,0,515.61,386.12333333333345,603.9150000000001,167.04
2023-06-02 22:00:00,167.04,22,4,0,146.45,276.36666666666684,496.5583333333334,152.43
2023-06-02 23:00:00,152.43,23,4,0,167.04,155.30666666666676,381.0266666666667,241.46
2023-06-03 00:00:00,241.46,0,5,1,152.43,186.97666666666677,286.55,248.63
2023-06-03 01:00:00,248.63,1,5,1,241.46,214.1733333333335,245.27000000000007,220.32
2023-06-03 02:00:00,220.32,2,5,1,248.63,236.80333333333343,196.05500000000004,236.85
2023-06-03 03:00:00,236.85,3,5,1,220.32,235.26666666666677,211.1216666666667,225.2
2023-06-03 04:00:00,225.2,4,5,1,236.85,227.4566666666668,220.81500000000003,241.82
2023-06-03 05:00:00,241.82,5,5,1,225.2,234.62333333333345,235.71333333333337,270.73
2023-06-03 06:00:00,270.73,6,5,1,241.82,245.91666666666677,240.5916666666667,223.95
2023-06-03 07:00:00,223.95,7,5,1,270.73,245.50000000000014,236.47833333333335,251.0
2023-06-03 08:00:00,251.0,8,5,1,223.95,248.5600000000001,241.5916666666667,268.97
2023-06-03 09:00:00,268.97,9,5,1,251.0,247.97333333333344,246.94500000000002,243.97
2023-06-03 10:00:00,243.97,10,5,1,268.97,254.64666666666676,250.07333333333338,209.08
2023-06-03 11:00:00,209.08,11,5,1,243.97,240.67333333333343,244.6166666666667,246.14
2023-06-03 12:00:00,246.14,12,5,1,209.08,233.06333333333342,240.51833333333335,236.1
2023-06-03 13:00:00,236.1,13,5,1,246.14,230.44000000000008,242.54333333333338,197.52
2023-06-03 14:00:00,197.52,14,5,1,236.1,226.5866666666668,233.63000000000002,239.69
2023-06-03 15:00:00,239.69,15,5,1,197.52,224.4366666666668,228.75000000000003,245.07
2023-06-03 16:00:00,245.07,16,5,1,239.69,227.42666666666676,228.9333333333334,245.13
2023-06-03 17:00:00,245.13,17,5,1,245.07,243.29666666666677,234.94166666666672,240.92
2023-06-03 18:00:00,240.92,18,5,1,245.13,243.7066666666668,234.07166666666672,224.84
2023-06-03 19:00:00,224.84,19,5,1,240.92,236.96333333333345,232.19500000000005,260.07
2023-06-03 20:00:00,260.07,20,5,1,224.84,241.94333333333347,242.62,232.53
2023-06-03 21:00:00,232.53,21,5,1,260.07,239.1466666666668,241.4266666666667,253.02
2023-06-03 22:00:00,253.02,22,5,1,232.53,248.5400000000001,242.7516666666667,244.29
2023-06-03 23:00:00,244.29,23,5,1,253.02,243.28000000000011,242.6116666666667,222.63
2023-06-04 00:00:00,222.63,0,6,1,244.29,239.98000000000013,239.56333333333336,267.05
2023-06-04 01:00:00,267.05,1,6,1,222.63,244.65666666666675,246.59833333333336,267.28
2023-06-04 02:00:00,267.28,2,6,1,267.05,252.32000000000008,247.80000000000004,246.07
2023-06-04 03:00:00,246.07,3,6,1,267.28,260.13333333333344,250.05666666666673,278.07
2023-06-04 04:00:00,278.07,4,6,1,246.07,263.8066666666668,254.23166666666668,279.69
2023-06-04 05:00:00,279.69,5,6,1,278.07,267.94333333333344,260.1316666666667,245.44
2023-06-04 06:00:00,245.44,6,6,1,279.69,267.7333333333334,263.9333333333334,245.79
2023-06-04 07:00:00,245.79,7,6,1,245.44,256.9733333333334,260.39000000000004,245.8
2023-06-04 08:00:00,245.8,8,6,1,245.79,245.67666666666676,256.81000000000006,236.72
2023-06-04 09:00:00,236.72,9,6,1,245.8,242.7700000000001,255.2516666666667,235.99
2023-06-04 10:00:00,235.99,10,6,1,236.72,239.50333333333344,248.23833333333337,278.78
2023-06-04 11:00:00,278.78,11,6,1,235.99,250.49666666666675,248.0866666666667,219.39
2023-06-04 12:00:00,219.39,12,6,1,278.78,244.72000000000006,243.74500000000003,238.71
2023-06-04 13:00:00,238.71,13,6,1,219.39,245.62666666666675,242.56500000000003,236.39
2023-06-04 14:00:00,236.39,14,6,1,238.71,231.49666666666675,240.9966666666667,216.48
2023-06-04 15:00:00,216.48,15,6,1,236.39,230.52666666666676,237.62333333333336,222.59
2023-06-04 16:00:00,222.59,16,6,1,216.48,225.15333333333342,235.39000000000001,259.58
2023-06-04 17:00:00,259.58,17,6,1,222.59,232.8833333333334,232.19000000000003,247.24
2023-06-04 18:00:00,247.24,18,6,1,259.58,243.13666666666677,236.8316666666667,226.09
2023-06-04 19:00:00,226.09,19,6,1,247.24,244.3033333333334,234.72833333333335,236.26
2023-06-04 20:00:00,236.26,20,6,1,226.09,236.5300000000001,234.70666666666668,255.09
2023-06-04 21:00:00,255.09,21,6,1,236.26,239.14666666666676,241.14166666666674,276.09
2023-06-04 22:00:00,276.09,22,6,1,255.09,255.81333333333342,250.05833333333337,221.8
2023-06-04 23:00:00,221.8,23,6,1,276.09,250.99333333333342,243.76166666666668,132.12
2023-06-05 00:00:00,132.12,0,0,0,221.8,210.00333333333342,224.57500000000005,180.09
2023-06-05 01:00:00,180.09,1,0,0,132.12,178.00333333333344,216.9083333333334,147.62
2023-06-05 02:00:00,147.62,2,0,0,180.09,153.27666666666676,202.13500000000008,178.76
2023-06-05 03:00:00,178.76,3,0,0,147.62,168.8233333333334,189.41333333333338,140.42
2023-06-05 04:00:00,140.42,4,0,0,178.76,155.60000000000008,166.8016666666667,135.27
2023-06-05 05:00:00,135.27,5,0,0,140.42,151.48333333333343,152.38000000000005,144.61
2023-06-05 06:00:00,144.61,6,0,0,135.27,140.1000000000001,154.46166666666673,507.23
2023-06-05 07:00:00,507.23,7,0,0,144.61,262.3700000000001,208.98500000000004,516.88
2023-06-05 08:00:00,516.88,8,0,0,507.23,389.57333333333344,270.52833333333336,808.76
2023-06-05 09:00:00,808.76,9,0,0,516.88,610.9566666666667,375.52833333333336,815.37
2023-06-05 10:00:00,815.37,10,0,0,808.76,713.6700000000001,488.02,862.34
2023-06-05 11:00:00,862.34,11,0,0,815.37,828.8233333333334,609.1983333333334,890.42
2023-06-05 12:00:00,890.42,12,0,0,862.34,856.0433333333334,733.5,871.66
2023-06-05 13:00:00,871.66,13,0,0,890.42,874.8066666666667,794.2383333333333,879.16
2023-06-05 14:00:00,879.16,14,0,0,871.66,880.4133333333334,854.6183333333333,884.9
2023-06-05 15:00:00,884.9,15,0,0,879.16,878.5733333333334,867.3083333333334,864.14
2023-06-05 16:00:00,864.14,16,0,0,884.9,876.0666666666667,875.4366666666666,826.83
2023-06-05 17:00:00,826.83,17,0,0,864.14,858.6233333333334,869.5183333333334,824.92
2023-06-05 18:00:00,824.92,18,0,0,826.83,838.6300000000001,858.6016666666668,477.78
2023-06-05 19:00:00,477.78,19,0,0,824.92,709.8433333333334,792.955,478.67
2023-06-05 20:00:00,478.67,20,0,0,477.78,593.7900000000001,726.2066666666666,206.68
2023-06-05 21:00:00,206.68,21,0,0,478.67,387.71000000000004,613.17,164.24
2023-06-05 22:00:00,164.24,22,0,0,206.68,283.1966666666668,496.52000000000004,168.92
2023-06-05 23:00:00,168.92,23,0,0,164.24,179.94666666666674,386.8683333333334,163.12
2023-06-06 00:00:00,163.12,0,1,0,168.92,165.42666666666673,276.5683333333334,201.95
2023-06-06 01:00:00,201.95,1,1,0,163.12,177.99666666666675,230.5966666666667,137.54
2023-06-06 02:00:00,137.54,2,1,0,201.95,167.53666666666675,173.7416666666667,175.91
2023-06-06 03:00:00,175.91,3,1,0,137.54,171.80000000000007,168.61333333333337,170.96
2023-06-06 04:00:00,170.96,4,1,0,175.91,161.47000000000006,169.73333333333338,131.71
2023-06-06 05:00:00,131.71,5,1,0,170.96,159.52666666666676,163.53166666666672,147.14
2023-06-06 06:00:00,147.14,6,1,0,131.71,149.93666666666675,160.86833333333337,477.55
2023-06-06 07:00:00,477.55,7,1,0,147.14,252.1333333333334,206.8016666666667,474.09
2023-06-06 08:00:00,474.09,8,1,0,477.55,366.26000000000005,262.8933333333334,789.54
2023-06-06 09:00:00,789.54,9,1,0,474.09,580.3933333333334,365.16499999999996,819.79
2023-06-06 10:00:00,819.79,10,1,0,789.54,694.4733333333334,473.3033333333333,903.29
2023-06-06 11:00:00,903.29,11,1,0,819.79,837.5400000000001,601.9,868.86
2023-06-06 12:00:00,868.86,12,1,0,903.29,863.9800000000001,722.1866666666666,873.97
2023-06-06 13:00:00,873.97,13,1,0,868.86,882.0400000000001,788.2566666666667,865.96
2023-06-06 14:00:00,865.96,14,1,0,873.97,869.5966666666668,853.5683333333333,835.95
2023-06-06 15:00:00,835.95,15,1,0,865.96,858.6266666666667,861.3033333333334,872.83
2023-06-06 16:00:00,872.83,16,1,0,835.95,858.2466666666669,870.1433333333334,839.35
2023-06-06 17:00:00,839.35,17,1,0,872.83,849.3766666666669,859.4866666666667,782.49
2023-06-06 18:00:00,782.49,18,1,0,839.35,831.5566666666667,845.0916666666667,472.29
2023-06-06 19:00:00,472.29,19,1,0,782.49,698.0433333333335,778.145,452.19
2023-06-06 20:00:00,452.19,20,1,0,472.29,568.9900000000001,709.1833333333334,134.41
2023-06-06 21:00:00,134.41,21,1,0,452.19,352.9633333333334,592.2600000000001,134.28
2023-06-06 22:00:00,134.28,22,1,0,134.41,240.29333333333344,469.16833333333335,178.15
2023-06-06 23:00:00,178.15,23,1,0,134.28,148.9466666666668,358.9683333333334,129.38
2023-06-07 00:00:00,129.38,0,2,0,178.15,147.27000000000012,250.11666666666667,161.84
2023-06-07 01:00:00,161.84,1,2,0,129.38,156.4566666666668,198.37500000000003,138.22
2023-06-07 02:00:00,138.22,2,2,0,161.84,143.1466666666668,146.0466666666667,120.98
2023-06-07 03:00:00,120.98,3,2,0,138.22,140.34666666666678,143.80833333333337,175.09
2023-06-07 04:00:00,175.09,4,2,0,120.98,144.76333333333346,150.61000000000004,179.53
2023-06-07 05:00:00,179.53,5,2,0,175.09,158.53333333333345,150.84000000000003,190.44
2023-06-07 06:00:00,190.44,6,2,0,179.53,181.6866666666668,161.0166666666667,472.66
2023-06-07 07:00:00,472.66,7,2,0,190.44,280.8766666666668,212.82000000000002,465.86
2023-06-07 08:00:00,465.86,8,2,0,472.66,376.32000000000016,267.4266666666667,805.94
2023-06-07 09:00:00,805.94,9,2,0,465.86,581.4866666666668,381.58666666666676,830.49
2023-06-07 10:00:00,830.49,10,2,0,805.94,700.7633333333334,490.82,884.43
2023-06-07 11:00:00,884.43,11,2,0,830.49,840.2866666666669,608.3033333333334,881.87
2023-06-07 12:00:00,881.87,12,2,0,884.43,865.5966666666668,723.5416666666666,850.05
2023-06-07 13:00:00,850.05,13,2,0,881.87,872.1166666666668,786.44,899.51
2023-06-07 14:00:00,899.51,14,2,0,850.05,877.1433333333334,858.7150000000001,888.75
2023-06-07 15:00:00,888.75,15,2,0,899.51,879.4366666666668,872.5166666666668,851.36
2023-06-07 16:00:00,851.36,16,2,0,888.75,879.8733333333334,875.995,832.27
2023-06-07 17:00:00,832.27,17,2,0,851.36,857.46,867.3016666666667,834.4
2023-06-07 18:00:00,834.4,18,2,0,832.27,839.3433333333334,859.39,512.13
2023-06-07 19:00:00,512.13,19,2,0,834.4,726.2666666666668,803.07,454.76
2023-06-07 20:00:00,454.76,20,2,0,512.13,600.4300000000001,728.945,204.43
2023-06-07 21:00:00,204.43,21,2,0,454.76,390.4400000000001,614.8916666666668,161.62
2023-06-07 22:00:00,161.62,22,2,0,204.43,273.60333333333347,499.935,153.77
2023-06-07 23:00:00,153.77,23,2,0,161.62,173.27333333333345,386.8516666666667,177.75
2023-06-08 00:00:00,177.75,0,3,0,153.77,164.3800000000001,277.41,154.79
2023-06-08 01:00:00,154.79,1,3,0,177.75,162.10333333333344,217.85333333333338,149.49
2023-06-08 02:00:00,149.49,2,3,0,154.79,160.67666666666676,166.97500000000005,166.62
2023-06-08 03:00:00,166.62,3,3,0,149.49,156.96666666666678,160.67333333333337,159.94
2023-06-08 04:00:00,159.94,4,3,0,166.62,158.68333333333345,160.3933333333334,192.38
2023-06-08 05:00:00,192.38,5,3,0,159.94,172.9800000000001,166.82833333333338,159.7
2023-06-08 06:00:00,159.7,6,3,0,192.38,170.67333333333343,163.82000000000002,507.87
2023-06-08 07:00:00,507.87,7,3,0,159.7,286.6500000000001,222.6666666666667,490.49
2023-06-08 08:00:00,490.49,8,3,0,507.87,386.02000000000015,279.50000000000006,761.15
2023-06-08 09:00:00,761.15,9,3,0,490.49,586.5033333333334,378.58833333333337,828.45
2023-06-08 10:00:00,828.45,10,3,0,761.15,693.3633333333333,490.00666666666666,804.51
2023-06-08 11:00:00,804.51,11,3,0,828.45,798.0366666666669,592.0283333333334,865.89
2023-06-08 12:00:00,865.89,12,3,0,804.51,832.9500000000002,709.7266666666668,893.41
2023-06-08 13:00:00,893.41,13,3,0,865.89,854.6033333333335,773.9833333333335,889.38
2023-06-08 14:00:00,889.38,14,3,0,893.41,882.8933333333334,840.4650000000001,875.35
2023-06-08 15:00:00,875.35,15,3,0,889.38,886.0466666666667,859.4983333333333,875.88
2023-06-08 16:00:00,875.88,16,3,0,875.35,880.2033333333334,867.4033333333333,826.6
2023-06-08 17:00:00,826.6,17,3,0,875.88,859.2766666666666,871.085,815.29
2023-06-08 18:00:00,815.29,18,3,0,826.6,839.2566666666668,862.6516666666668,467.32
2023-06-08 19:00:00,467.32,19,3,0,815.29,703.07,791.6366666666668,481.62
2023-06-08 20:00:00,481.62,20,3,0,467.32,588.0766666666667,723.6766666666667,160.4
2023-06-08 21:00:00,160.4,21,3,0,481.62,369.78000000000003,604.5183333333333,151.85
2023-06-08 22:00:00,151.85,22,3,0,160.4,264.62333333333345,483.84666666666675,176.86
2023-06-08 23:00:00,176.86,23,3,0,151.85,163.03666666666675,375.5566666666667,149.21
2023-06-09 00:00:00,149.21,0,4,0,176.86,159.30666666666676,264.54333333333335,158.0
2023-06-09 01:00:00,158.0,1,4,0,149.21,161.35666666666677,212.99000000000004,180.9
2023-06-09 02:00:00,180.9,2,4,0,158.0,162.7033333333334,162.87000000000003,136.39
2023-06-09 03:00:00,136.39,3,4,0,180.9,158.43000000000006,158.86833333333337,140.6
2023-06-09 04:00:00,140.6,4,4,0,136.39,152.63000000000008,156.99333333333337,158.2
2023-06-09 05:00:00,158.2,5,4,0,140.6,145.0633333333334,153.88333333333335,204.68
2023-06-09 06:00:00,204.68,6,4,0,158.2,167.82666666666674,163.12833333333336,525.89
2023-06-09 07:00:00,525.89,7,4,0,204.68,296.2566666666667,224.44333333333338,471.08
2023-06-09 08:00:00,471.08,8,4,0,525.89,400.5500000000001,272.8066666666667,788.41
2023-06-09 09:00:00,788.41,9,4,0,471.08,595.1266666666667,381.4766666666667,807.61
2023-06-09 10:00:00,807.61,10,4,0,788.41,689.0333333333334,492.64500000000004,872.1
2023-06-09 11:00:00,872.1,11,4,0,807.61,822.7066666666666,611.6283333333333,870.42
2023-06-09 12:00:00,870.42,12,4,0,872.1,850.0433333333334,722.585,877.12
2023-06-09 13:00:00,877.12,13,4,0,870.42,873.2133333333335,781.1233333333333,840.66
2023-06-09 14:00:00,840.66,14,4,0,877.12,862.7333333333335,842.7200000000001,860.86
2023-06-09 15:00:00,860.86,15,4,0,840.66,859.5466666666667,854.7950000000001,857.39
2023-06-09 16:00:00,857.39,16,4,0,860.86,852.9700000000001,863.0916666666667,863.02
2023-06-09 17:00:00,863.02,17,4,0,857.39,860.4233333333335,861.5783333333334,822.4
2023-06-09 18:00:00,822.4,18,4,0,863.02,847.6033333333335,853.5750000000002,496.7
2023-06-09 19:00:00,496.7,19,4,0,822.4,727.3733333333334,790.1716666666667,472.42
2023-06-09 20:00:00,472.42,20,4,0,496.7,597.1733333333335,728.7983333333333,183.87
2023-06-09 21:00:00,183.87,21,4,0,472.42,384.3300000000001,615.9666666666667,182.23
2023-06-09 22:00:00,182.23,22,4,0,183.87,279.5066666666667,503.44,167.3
2023-06-09 23:00:00,167.3,23,4,0,182.23,177.80000000000007,387.4866666666667,284.4
2023-06-10 00:00:00,284.4,0,5,1,167.3,211.31000000000006,297.82,259.63
2023-06-10 01:00:00,259.63,1,5,1,284.4,237.11000000000004,258.30833333333334,257.51
2023-06-10 02:00:00,257.51,2,5,1,259.63,267.18000000000006,222.49000000000004,227.22
2023-06-10 03:00:00,227.22,3,5,1,257.51,248.1200000000001,229.71500000000003,243.03
2023-06-10 04:00:00,243.03,4,5,1,227.22,242.58666666666673,239.84833333333336,238.18
2023-06-10 05:00:00,238.18,5,5,1,243.03,236.14333333333343,251.66166666666672,220.19
2023-06-10 06:00:00,220.19,6,5,1,238.18,233.80000000000007,240.96000000000004,243.15
2023-06-10 07:00:00,243.15,7,5,1,220.19,233.84000000000006,238.21333333333337,218.27
2023-06-10 08:00:00,218.27,8,5,1,243.15,227.2033333333334,231.67333333333337,256.59
2023-06-10 09:00:00,256.59,9,5,1,218.27,239.33666666666673,236.56833333333338,239.72
2023-06-10 10:00:00,239.72,10,5,1,256.59,238.1933333333334,236.01666666666668,231.11
2023-06-10 11:00:00,231.11,11,5,1,239.72,242.4733333333334,234.83833333333337,190.35
2023-06-10 12:00:00,190.35,12,5,1,231.11,220.39333333333343,229.865,229.28
2023-06-10 13:00:00,229.28,13,5,1,190.35,216.9133333333334,227.55333333333337,247.83
2023-06-10 14:00:00,247.83,14,5,1,229.28,222.48666666666676,232.48000000000005,224.17
2023-06-10 15:00:00,224.17,15,5,1,247.83,233.76000000000008,227.0766666666667,226.0
2023-06-10 16:00:00,226.0,16,5,1,224.17,232.66666666666674,224.79000000000005,256.47
2023-06-10 17:00:00,256.47,17,5,1,226.0,235.54666666666674,229.01666666666674,239.79
2023-06-10 18:00:00,239.79,18,5,1,256.47,240.75333333333342,237.25666666666675,234.15
2023-06-10 19:00:00,234.15,19,5,1,239.79,243.4700000000001,238.06833333333338,207.04
2023-06-10 20:00:00,207.04,20,5,1,234.15,226.99333333333342,231.27,252.82
2023-06-10 21:00:00,252.82,21,5,1,207.04,231.33666666666673,236.04500000000007,264.22
2023-06-10 22:00:00,264.22,22,5,1,252.82,241.36000000000004,242.41500000000005,250.44
2023-06-10 23:00:00,250.44,23,5,1,264.22,255.82666666666674,241.41,177.28
2023-06-11 00:00:00,177.28,0,6,1,250.44,230.64666666666673,230.99166666666667,239.91
2023-06-11 01:00:00,239.91,1,6,1,177.28,222.54333333333338,231.9516666666667,238.95
2023-06-11 02:00:00,238.95,2,6,1,239.91,218.71333333333337,237.27000000000007,254.91
2023-06-11 03:00:00,254.91,3,6,1,238.95,244.59000000000006,237.61833333333334,251.35
2023-06-11 04:00:00,251.35,4,6,1,254.91,248.4033333333334,235.4733333333334,235.09
2023-06-11 05:00:00,235.09,5,6,1,251.35,247.1166666666667,232.91500000000005,248.28
2023-06-11 06:00:00,248.28,6,6,1,235.09,244.90666666666675,244.74833333333336,236.29
2023-06-11 07:00:00,236.29,7,6,1,248.28,239.88666666666674,244.145,234.42
2023-06-11 08:00:00,234.42,8,6,1,236.29,239.66333333333338,243.39000000000001,225.26
2023-06-11 09:00:00,225.26,9,6,1,234.42,231.99000000000004,238.44833333333338,257.9
2023-06-11 10:00:00,257.9,10,6,1,225.26,239.19333333333338,239.54000000000005,222.99
2023-06-11 11:00:00,222.99,11,6,1,257.9,235.38333333333335,237.5233333333334,224.95
2023-06-11 12:00:00,224.95,12,6,1,222.99,235.28000000000006,233.63500000000002,257.23
2023-06-11 13:00:00,257.23,13,6,1,224.95,235.05666666666673,237.12500000000003,254.4
2023-06-11 14:00:00,254.4,14,6,1,257.23,245.52666666666673,240.45500000000004,227.61
2023-06-11 15:00:00,227.61,15,6,1,254.4,246.4133333333334,240.8466666666667,227.69
2023-06-11 16:00:00,227.69,16,6,1,227.61,236.56666666666672,235.81166666666672,255.72
2023-06-11 17:00:00,255.72,17,6,1,227.69,237.00666666666675,241.26666666666668,248.41
2023-06-11 18:00:00,248.41,18,6,1,255.72,243.94000000000005,245.17666666666673,272.62
2023-06-11 19:00:00,272.62,19,6,1,248.41,258.9166666666667,247.7416666666667,268.56
2023-06-11 20:00:00,268.56,20,6,1,272.62,263.1966666666667,250.1016666666667,205.09
2023-06-11 21:00:00,205.09,21,6,1,268.56,248.7566666666667,246.3483333333334,212.2
2023-06-11 22:00:00,212.2,22,6,1,205.09,228.6166666666667,243.76666666666668,213.63
2023-06-11 23:00:00,213.63,23,6,1,212.2,210.3066666666667,236.7516666666667,181.44
2023-06-12 00:00:00,181.44,0,0,0,213.63,202.42333333333337,225.59000000000003,204.76
2023-06-12 01:00:00,204.76,1,0,0,181.44,199.94333333333338,214.28000000000006,104.77
2023-06-12 02:00:00,104.77,2,0,0,204.76,163.65666666666672,186.9816666666667,160.01
2023-06-12 03:00:00,160.01,3,0,0,104.77,156.51333333333335,179.46833333333336,139.9
2023-06-12 04:00:00,139.9,4,0,0,160.01,134.89333333333335,167.41833333333338,178.72
2023-06-12 05:00:00,178.72,5,0,0,139.9,159.54333333333338,161.60000000000002,141.35
2023-06-12 06:00:00,141.35,6,0,0,178.72,153.32333333333338,154.91833333333338,519.25
2023-06-12 07:00:00,519.25,7,0,0,141.35,279.77333333333337,207.33333333333337,471.34
2023-06-12 08:00:00,471.34,8,0,0,519.25,377.31333333333333,268.42833333333334,815.87
2023-06-12 09:00:00,815.87,9,0,0,471.34,602.1533333333333,377.7383333333334,821.9
2023-06-12 10:00:00,821.9,10,0,0,815.87,703.0366666666667,491.40500000000003,813.11
2023-06-12 11:00:00,813.11,11,0,0,821.9,816.96,597.1366666666668,882.1
2023-06-12 12:00:00,882.1,12,0,0,813.11,839.0366666666667,720.5949999999999,861.92
2023-06-12 13:00:00,861.92,13,0,0,882.1,852.3766666666667,777.7066666666666,900.77
2023-06-12 14:00:00,900.77,14,0,0,861.92,881.5966666666667,849.2783333333333,825.5
2023-06-12 15:00:00,825.5,15,0,0,900.77,862.73,850.8833333333333,874.13
2023-06-12 16:00:00,874.13,16,0,0,825.5,866.8000000000001,859.5883333333335,818.68
2023-06-12 17:00:00,818.68,17,0,0,874.13,839.4366666666666,860.5166666666665,788.72
2023-06-12 18:00:00,788.72,18,0,0,818.68,827.1766666666667,844.9533333333334,468.42
2023-06-12 19:00:00,468.42,19,0,0,788.72,691.94,779.37,440.36
2023-06-12 20:00:00,440.36,20,0,0,468.42,565.8333333333334,702.6350000000001,162.82
2023-06-12 21:00:00,162.82,21,0,0,440.36,357.20000000000005,592.1883333333334,190.71
2023-06-12 22:00:00,190.71,22,0,0,162.82,264.63000000000005,478.285,168.92
2023-06-12 23:00:00,168.92,23,0,0,190.71,174.15,369.99166666666673,181.49
2023-06-13 00:00:00,181.49,0,1,0,168.92,180.37333333333336,268.7866666666667,143.13
2023-06-13 01:00:00,143.13,1,1,0,181.49,164.51333333333335,214.57166666666672,162.31
2023-06-13 02:00:00,162.31,2,1,0,143.13,162.31000000000003,168.23000000000005,160.37
2023-06-13 03:00:00,160.37,3,1,0,162.31,155.27000000000004,167.82166666666672,165.36
2023-06-13 04:00:00,165.36,4,1,0,160.37,162.68000000000004,163.5966666666667,194.46
2023-06-13 05:00:00,194.46,5,1,0,165.36,173.39666666666673,167.85333333333338,154.54
2023-06-13 06:00:00,154.54,6,1,0,194.46,171.45333333333338,163.3616666666667,466.11
2023-06-13 07:00:00,466.11,7,1,0,154.54,271.7033333333334,217.19166666666672,509.43
2023-06-13 08:00:00,509.43,8,1,0,466.11,376.6933333333334,275.0450000000001,823.33
2023-06-13 09:00:00,823.33,9,1,0,509.43,599.6233333333333,385.5383333333334,838.4
2023-06-13 10:00:00,838.4,10,1,0,823.33,723.7200000000001,497.71166666666664,851.15
2023-06-13 11:00:00,851.15,11,1,0,838.4,837.6266666666667,607.16,865.42
2023-06-13 12:00:00,865.42,12,1,0,851.15,851.6566666666666,725.64,887.38
2023-06-13 13:00:00,887.38,13,1,0,865.42,867.9833333333332,795.8516666666668,864.23
2023-06-13 14:00:00,864.23,14,1,0,887.38,872.3433333333332,854.985,850.36
2023-06-13 15:00:00,850.36,15,1,0,864.23,867.3233333333333,859.4900000000001,865.1
2023-06-13 16:00:00,865.1,16,1,0,850.36,859.8966666666666,863.94,829.29
2023-06-13 17:00:00,829.29,17,1,0,865.1,848.25,860.2966666666666,817.49
2023-06-13 18:00:00,817.49,18,1,0,829.29,837.2933333333334,852.3083333333334,474.06
2023-06-13 19:00:00,474.06,19,1,0,817.49,706.9466666666667,783.4216666666667,468.0
2023-06-13 20:00:00,468.0,20,1,0,474.06,586.5166666666667,717.3833333333333,120.03
2023-06-13 21:00:00,120.03,21,1,0,468.0,354.03,595.6616666666667,175.3
2023-06-13 22:00:00,175.3,22,1,0,120.03,254.44333333333336,480.695,159.39
2023-06-13 23:00:00,159.39,23,1,0,175.3,151.57333333333335,369.0450000000001,176.9
2023-06-14 00:00:00,176.9,0,2,0,159.39,170.53,262.28000000000003,145.77
2023-06-14 01:00:00,145.77,1,2,0,176.9,160.68666666666664,207.56500000000005,156.93
2023-06-14 02:00:00,156.93,2,2,0,145.77,159.86666666666667,155.72000000000006,131.35
2023-06-14 03:00:00,131.35,3,2,0,156.93,144.68333333333334,157.6066666666667,175.1
2023-06-14 04:00:00,175.1,4,2,0,131.35,154.46,157.57333333333338,166.8
2023-06-14 05:00:00,166.8,5,2,0,175.1,157.75,158.80833333333337,190.65
2023-06-14 06:00:00,190.65,6,2,0,166.8,177.51666666666665,161.10000000000005,471.83
2023-06-14 07:00:00,471.83,7,2,0,190.65,276.4266666666667,215.44333333333338,493.91
2023-06-14 08:00:00,493.91,8,2,0,471.83,385.46333333333337,271.6066666666667,796.68
2023-06-14 09:00:00,796.68,9,2,0,493.91,587.4733333333332,382.49500000000006,836.74
2023-06-14 10:00:00,836.74,10,2,0,796.68,709.11,492.76833333333343,828.06
2023-06-14 11:00:00,828.06,11,2,0,836.74,820.4933333333332,602.9783333333334,908.22
2023-06-14 12:00:00,908.22,12,2,0,828.06,857.6733333333333,722.5733333333334,856.84
2023-06-14 13:00:00,856.84,13,2,0,908.22,864.3733333333333,786.7416666666667,902.58
2023-06-14 14:00:00,902.58,14,2,0,856.84,889.2133333333335,854.8533333333335,865.46
2023-06-14 15:00:00,865.46,15,2,0,902.58,874.96,866.3166666666666,841.06
2023-06-14 16:00:00,841.06,16,2,0,865.46,869.6999999999999,867.0366666666667,850.54
2023-06-14 17:00:00,850.54,17,2,0,841.06,852.3533333333334,870.7833333333333,798.25
2023-06-14 18:00:00,798.25,18,2,0,850.54,829.9499999999999,852.455,464.62
2023-06-14 19:00:00,464.62,19,2,0,798.25,704.4699999999999,787.085,509.76
2023-06-14 20:00:00,509.76,20,2,0,464.62,590.8766666666667,721.6150000000001,197.46
2023-06-14 21:00:00,197.46,21,2,0,509.76,390.6133333333333,610.2816666666668,199.34
2023-06-14 22:00:00,199.34,22,2,0,197.46,302.18666666666667,503.3283333333333,165.04
2023-06-14 23:00:00,165.04,23,2,0,199.34,187.28,389.0783333333334,169.77
2023-06-15 00:00:00,169.77,0,3,0,165.04,178.04999999999998,284.3316666666667,213.39
2023-06-15 01:00:00,213.39,1,3,0,169.77,182.73333333333335,242.46000000000004,118.83
2023-06-15 02:00:00,118.83,2,3,0,213.39,167.33,177.30500000000004,190.88
2023-06-15 03:00:00,190.88,3,3,0,118.83,174.36666666666665,176.20833333333337,191.84
2023-06-15 04:00:00,191.84,4,3,0,190.88,167.1833333333333,174.95833333333337,172.49
2023-06-15 05:00:00,172.49,5,3,0,191.84,185.07000000000002,176.20000000000005,145.13
2023-06-15 06:00:00,145.13,6,3,0,172.49,169.82000000000002,172.09333333333336,494.98
2023-06-15 07:00:00,494.98,7,3,0,145.13,270.8666666666667,219.025,499.72
2023-06-15 08:00:00,499.72,8,3,0,494.98,379.9433333333333,282.5066666666667,805.76
2023-06-15 09:00:00,805.76,9,3,0,499.72,600.1533333333333,384.9866666666667,847.79
2023-06-15 10:00:00,847.79,10,3,0,805.76,717.7566666666667,494.31166666666667,852.87
2023-06-15 11:00:00,852.87,11,3,0,847.79,835.4733333333334,607.7083333333334,872.48
2023-06-15 12:00:00,872.48,12,3,0,852.87,857.7133333333333,728.9333333333334,853.86
2023-06-15 13:00:00,853.86,13,3,0,872.48,859.7366666666667,788.7466666666668,881.25
2023-06-15 14:00:00,881.25,14,3,0,853.86,869.1966666666667,852.335,839.28
2023-06-15 15:00:00,839.28,15,3,0,881.25,858.1300000000001,857.9216666666667,861.55
2023-06-15 16:00:00,861.55,16,3,0,839.28,860.6933333333333,860.2150000000001,831.0
2023-06-15 17:00:00,831.0,17,3,0,861.55,843.9433333333333,856.57,803.43
2023-06-15 18:00:00,803.43,18,3,0,831.0,831.9933333333333,845.0616666666666,460.48
2023-06-15 19:00:00,460.48,19,3,0,803.43,698.3033333333333,779.4983333333334,493.05
2023-06-15 20:00:00,493.05,20,3,0,460.48,585.6533333333333,714.7983333333333,183.79
2023-06-15 21:00:00,183.79,21,3,0,493.05,379.1066666666666,605.5500000000001,136.14
2023-06-15 22:00:00,136.14,22,3,0,183.79,270.99333333333334,484.6483333333333,152.39
2023-06-15 23:00:00,152.39,23,3,0,136.14,157.43999999999997,371.5466666666667,153.94
2023-06-16 00:00:00,153.94,0,4,0,152.39,147.49,263.29833333333335,165.32
2023-06-16 01:00:00,165.32,1,4,0,153.94,157.21666666666667,214.10500000000002,145.93
2023-06-16 02:00:00,145.93,2,4,0,165.32,155.06333333333336,156.2516666666667,149.59
2023-06-16 03:00:00,149.59,3,4,0,145.93,153.61333333333332,150.5516666666667,168.97
2023-06-16 04:00:00,168.97,4,4,0,149.59,154.83,156.02333333333337,149.4
2023-06-16 05:00:00,149.4,5,4,0,168.97,155.98666666666668,155.52500000000003,178.16
2023-06-16 06:00:00,178.16,6,4,0,149.4,165.51,159.5616666666667,489.3
2023-06-16 07:00:00,489.3,7,4,0,178.16,272.2866666666667,213.5583333333334,474.85
2023-06-16 08:00:00,474.85,8,4,0,489.3,380.77,268.3783333333334,809.41
2023-06-16 09:00:00,809.41,9,4,0,474.85,591.1866666666666,378.34833333333336,825.43
2023-06-16 10:00:00,825.43,10,4,0,809.41,703.2299999999999,487.7583333333334,861.63
2023-06-16 11:00:00,861.63,11,4,0,825.43,832.1566666666666,606.4633333333334,856.51
2023-06-16 12:00:00,856.51,12,4,0,861.63,847.8566666666667,719.5216666666666,861.27
2023-06-16 13:00:00,861.27,13,4,0,856.51,859.8033333333333,781.5166666666668,880.63
2023-06-16 14:00:00,880.63,14,4,0,861.27,866.1366666666667,849.1466666666666,834.95
2023-06-16 15:00:00,834.95,15,4,0,880.63,858.9500000000002,853.4033333333333,891.48
2023-06-16 16:00:00,891.48,16,4,0,834.95,869.0200000000001,864.4116666666665,849.17
2023-06-16 17:00:00,849.17,17,4,0,891.48,858.5333333333333,862.335,852.86
2023-06-16 18:00:00,852.86,18,4,0,849.17,864.5033333333334,861.7266666666668,463.17
2023-06-16 19:00:00,463.17,19,4,0,852.86,721.7333333333332,795.3766666666667,513.6
2023-06-16 20:00:00,513.6,20,4,0,463.17,609.8766666666667,734.205,164.4
2023-06-16 21:00:00,164.4,21,4,0,513.6,380.39000000000004,622.4466666666667,139.88
2023-06-16 22:00:00,139.88,22,4,0,164.4,272.6266666666666,497.18,145.13
2023-06-16 23:00:00,145.13,23,4,0,139.88,149.8033333333333,379.8400000000001,233.17
2023-06-17 00:00:00,233.17,0,5,1,145.13,172.7266666666667,276.55833333333334,245.96
2023-06-17 01:00:00,245.96,1,5,1,233.17,208.08666666666667,240.35666666666668,190.42
2023-06-17 02:00:00,190.42,2,5,1,245.96,223.1833333333333,186.49333333333337,263.07
2023-06-17 03:00:00,263.07,3,5,1,190.42,233.15,202.93833333333336,257.45
2023-06-17 04:00:00,257.45,4,5,1,263.07,236.98,222.53333333333333,247.1
2023-06-17 05:00:00,247.1,5,5,1,257.45,255.87333333333333,239.5283333333334,242.73
2023-06-17 06:00:00,242.73,6,5,1,247.1,249.09333333333333,241.12166666666667,254.87
2023-06-17 07:00:00,254.87,7,5,1,242.73,248.23333333333335,242.60666666666668,280.43
2023-06-17 08:00:00,280.43,8,5,1,254.87,259.3433333333333,257.6083333333334,230.16
2023-06-17 09:00:00,230.16,9,5,1,280.43,255.1533333333333,252.12333333333336,230.28
2023-06-17 10:00:00,230.28,10,5,1,230.16,246.95666666666668,247.59500000000003,249.39
2023-06-17 11:00:00,249.39,11,5,1,230.28,236.60999999999999,247.9766666666667,238.94
2023-06-17 12:00:00,238.94,12,5,1,249.39,239.53666666666666,247.34500000000003,247.31
2023-06-17 13:00:00,247.31,13,5,1,238.94,245.21333333333334,246.08500000000004,277.9
2023-06-17 14:00:00,277.9,14,5,1,247.31,254.71666666666667,245.66333333333333,239.43
2023-06-17 15:00:00,239.43,15,5,1,277.9,254.88000000000002,247.20833333333337,217.57
2023-06-17 16:00:00,217.57,16,5,1,239.43,244.96666666666667,245.09000000000006,217.07
2023-06-17 17:00:00,217.07,17,5,1,217.57,224.68999999999997,239.70333333333338,251.95
2023-06-17 18:00:00,251.95,18,5,1,217.07,228.86333333333332,241.87166666666667,228.87
2023-06-17 19:00:00,228.87,19,5,1,251.95,232.63,238.79833333333337,261.26
2023-06-17 20:00:00,261.26,20,5,1,228.87,247.35999999999999,236.02500000000006,267.42
2023-06-17 21:00:00,267.42,21,5,1,261.26,252.51666666666665,240.69000000000005,242.82
2023-06-17 22:00:00,242.82,22,5,1,267.42,257.1666666666667,244.89833333333334,217.99
2023-06-17 23:00:00,217.99,23,5,1,242.82,242.74333333333334,245.0516666666667,234.61
2023-06-18 00:00:00,234.61,0,6,1,217.99,231.8066666666667,242.16166666666672,281.03
2023-06-18 01:00:00,281.03,1,6,1,234.61,244.54333333333332,250.85500000000002,241.08
2023-06-18 02:00:00,241.08,2,6,1,281.03,252.24,247.4916666666667,235.33
2023-06-18 03:00:00,235.33,3,6,1,241.08,252.48000000000002,242.14333333333335,265.81
2023-06-18 04:00:00,265.81,4,6,1,235.33,247.40666666666667,245.97500000000005,222.7
2023-06-18 05:00:00,222.7,5,6,1,265.81,241.27999999999997,246.76000000000002,241.16
2023-06-18 06:00:00,241.16,6,6,1,222.7,243.22333333333333,247.85166666666672,223.98
2023-06-18 07:00:00,223.98,7,6,1,241.16,229.27999999999997,238.3433333333334,251.33
2023-06-18 08:00:00,251.33,8,6,1,223.98,238.82333333333335,240.0516666666667,242.51
2023-06-18 09:00:00,242.51,9,6,1,251.33,239.27333333333334,241.24833333333336,233.71
2023-06-18 10:00:00,233.71,10,6,1,242.51,242.51666666666665,235.8983333333334,237.56
2023-06-18 11:00:00,237.56,11,6,1,233.71,237.92666666666665,238.37500000000003,221.24
2023-06-18 12:00:00,221.24,12,6,1,237.56,230.83666666666667,235.05500000000004,269.93
2023-06-18 13:00:00,269.93,13,6,1,221.24,242.91,242.71333333333337,261.64
2023-06-18 14:00:00,261.64,14,6,1,269.93,250.93666666666664,244.4316666666667,235.06
2023-06-18 15:00:00,235.06,15,6,1,261.64,255.54333333333332,243.19000000000005,235.18
2023-06-18 16:00:00,235.18,16,6,1,235.06,243.96,243.43500000000003,205.42
2023-06-18 17:00:00,205.42,17,6,1,235.18,225.22,238.07833333333338,260.1
2023-06-18 18:00:00,260.1,18,6,1,205.42,233.5666666666667,244.55500000000006,259.98
2023-06-18 19:00:00,259.98,19,6,1,260.1,241.83333333333334,242.89666666666668,237.51
2023-06-18 20:00:00,237.51,20,6,1,259.98,252.53,238.87500000000009,231.25
2023-06-18 21:00:00,231.25,21,6,1,237.51,242.91333333333333,238.24,213.41
2023-06-18 22:00:00,213.41,22,6,1,231.25,227.39,234.6116666666667,242.05
2023-06-18 23:00:00,242.05,23,6,1,213.41,228.90333333333334,240.7166666666667,178.61
2023-06-19 00:00:00,178.61,0,0,0,242.05,211.35666666666668,227.13500000000008,177.35
2023-06-19 01:00:00,177.35,1,0,0,178.61,199.33666666666667,213.36333333333337,134.92
2023-06-19 02:00:00,134.92,2,0,0,177.35,163.62666666666667,196.26500000000001,122.64
2023-06-19 03:00:00,122.64,3,0,0,134.92,144.97,178.16333333333338,188.19
2023-06-19 04:00:00,188.19,4,0,0,122.64,148.58333333333334,173.96000000000004,149.35
2023-06-19 05:00:00,149.35,5,0,0,188.19,153.39333333333335,158.51000000000002,175.96
2023-06-19 06:00:00,175.96,6,0,0,149.35,171.16666666666666,158.06833333333336,502.91
2023-06-19 07:00:00,502.91,7,0,0,175.96,276.0733333333333,212.32833333333338,487.85
2023-06-19 08:00:00,487.85,8,0,0,502.91,388.9066666666667,271.15000000000003,797.49
2023-06-19 09:00:00,797.49,9,0,0,487.85,596.0833333333334,383.625,839.43
2023-06-19 10:00:00,839.43,10,0,0,797.49,708.2566666666667,492.165,843.73
2023-06-19 11:00:00,843.73,11,0,0,839.43,826.8833333333333,607.8950000000001,860.78
2023-06-19 12:00:00,860.78,12,0,0,843.73,847.98,722.0316666666668,901.04
2023-06-19 13:00:00,901.04,13,0,0,860.78,868.5166666666668,788.3866666666668,883.59
2023-06-19 14:00:00,883.59,14,0,0,901.04,881.8033333333333,854.3433333333332,881.81
2023-06-19 15:00:00,881.81,15,0,0,883.59,888.8133333333332,868.3966666666666,825.02
2023-06-19 16:00:00,825.02,16,0,0,881.81,863.4733333333334,865.9949999999999,845.95
2023-06-19 17:00:00,845.95,17,0,0,825.02,850.9266666666666,866.3650000000001,820.73
2023-06-19 18:00:00,820.73,18,0,0,845.95,830.5666666666666,859.69,473.71
2023-06-19 19:00:00,473.71,19,0,0,820.73,713.4633333333333,788.4683333333334,503.19
2023-06-19 20:00:00,503.19,20,0,0,473.71,599.21,725.0683333333335,168.0
2023-06-19 21:00:00,168.0,21,0,0,503.19,381.6333333333334,606.1,127.96
2023-06-19 22:00:00,127.96,22,0,0,168.0,266.3833333333333,489.92333333333335,154.4
2023-06-19 23:00:00,154.4,23,0,0,127.96,150.12,374.665,170.21
2023-06-20 00:00:00,170.21,0,1,0,154.4,150.85666666666668,266.24500000000006,187.95
2023-06-20 01:00:00,187.95,1,1,0,170.21,170.85333333333335,218.61833333333337,140.48
2023-06-20 02:00:00,140.48,2,1,0,187.95,166.21333333333334,158.1666666666667,196.85
2023-06-20 03:00:00,196.85,3,1,0,140.48,175.09333333333333,162.97500000000005,143.96
2023-06-20 04:00:00,143.96,4,1,0,196.85,160.43,165.64166666666668,186.0
2023-06-20 05:00:00,186.0,5,1,0,143.96,175.60333333333332,170.9083333333334,171.44
2023-06-20 06:00:00,171.44,6,1,0,186.0,167.13333333333333,171.11333333333337,465.67
2023-06-20 07:00:00,465.67,7,1,0,171.44,274.37,217.40000000000006,469.57
2023-06-20 08:00:00,469.57,8,1,0,465.67,368.8933333333334,272.2483333333334,804.34
2023-06-20 09:00:00,804.34,9,1,0,469.57,579.86,373.4966666666667,805.21
2023-06-20 10:00:00,805.21,10,1,0,804.34,693.04,483.7050000000001,867.75
2023-06-20 11:00:00,867.75,11,1,0,805.21,825.7666666666668,597.33,832.2
2023-06-20 12:00:00,832.2,12,1,0,867.75,835.0533333333333,707.4566666666668,917.17
2023-06-20 13:00:00,917.17,13,1,0,832.2,872.3733333333333,782.7066666666666,859.88
2023-06-20 14:00:00,859.88,14,1,0,917.17,869.75,847.7583333333333,916.01
2023-06-20 15:00:00,916.01,15,1,0,859.88,897.6866666666666,866.37,842.02
2023-06-20 16:00:00,842.02,16,1,0,916.01,872.6366666666667,872.5050000000001,816.05
2023-06-20 17:00:00,816.05,17,1,0,842.02,858.0266666666666,863.8883333333333,824.89
2023-06-20 18:00:00,824.89,18,1,0,816.05,827.6533333333333,862.6700000000001,484.65
2023-06-20 19:00:00,484.65,19,1,0,824.89,708.5300000000001,790.5833333333334,481.52
2023-06-20 20:00:00,481.52,20,1,0,484.65,597.02,727.5233333333334,142.78
2023-06-20 21:00:00,142.78,21,1,0,481.52,369.65000000000003,598.6516666666666,157.96
2023-06-20 22:00:00,157.96,22,1,0,142.78,260.75333333333333,484.64166666666665,190.43
2023-06-20 23:00:00,190.43,23,1,0,157.96,163.72333333333333,380.3716666666667,157.99
2023-06-21 00:00:00,157.99,0,2,0,190.43,168.79333333333332,269.2216666666667,189.07
2023-06-21 01:00:00,189.07,1,2,0,157.99,179.16333333333333,219.9583333333334,173.84
2023-06-21 02:00:00,173.84,2,2,0,189.07,173.63333333333333,168.67833333333337,161.83
2023-06-21 03:00:00,161.83,3,2,0,173.84,174.91333333333333,171.85333333333338,133.94
2023-06-21 04:00:00,133.94,4,2,0,161.83,156.53666666666666,167.85000000000005,154.21
2023-06-21 05:00:00,154.21,5,2,0,133.94,149.99333333333334,161.8133333333334,160.41
2023-06-21 06:00:00,160.41,6,2,0,154.21,149.52,162.21666666666673,467.11
2023-06-21 07:00:00,467.11,7,2,0,160.41,260.57666666666665,208.5566666666667,480.36
2023-06-21 08:00:00,480.36,8,2,0,467.11,369.29333333333335,259.6433333333334,805.07
2023-06-21 09:00:00,805.07,9,2,0,480.36,584.18,366.8500000000001,828.4
2023-06-21 10:00:00,828.4,10,2,0,805.07,704.61,482.5933333333334,850.79
2023-06-21 11:00:00,850.79,11,2,0,828.4,828.0866666666667,598.69,845.32
2023-06-21 12:00:00,845.32,12,2,0,850.79,841.5033333333332,712.8416666666667,920.76
2023-06-21 13:00:00,920.76,13,2,0,845.32,872.29,788.4499999999999,880.85
2023-06-21 14:00:00,880.85,14,2,0,920.76,882.3100000000001,855.1983333333334,875.9
2023-06-21 15:00:00,875.9,15,2,0,880.85,892.5033333333332,867.0033333333332,870.88
2023-06-21 16:00:00,870.88,16,2,0,875.9,875.8766666666667,874.0833333333334,835.7
2023-06-21 17:00:00,835.7,17,2,0,870.88,860.8266666666667,871.5683333333333,800.96
2023-06-21 18:00:00,800.96,18,2,0,835.7,835.8466666666667,864.1750000000002,488.24
2023-06-21 19:00:00,488.24,19,2,0,800.96,708.3000000000001,792.0883333333335,458.67
2023-06-21 20:00:00,458.67,20,2,0,488.24,582.6233333333333,721.725,191.49
2023-06-21 21:00:00,191.49,21,2,0,458.67,379.4666666666667,607.6566666666668,159.78
2023-06-21 22:00:00,159.78,22,2,0,191.49,269.98,489.14000000000004,144.09
2023-06-21 23:00:00,144.09,23,2,0,159.78,165.12,373.8716666666667,160.46
2023-06-22 00:00:00,160.46,0,3,0,144.09,154.77666666666667,267.1216666666667,165.82
2023-06-22 01:00:00,165.82,1,3,0,160.46,156.79,213.38500000000002,171.21
2023-06-22 02:00:00,171.21,2,3,0,165.82,165.83,165.47500000000002,182.52
2023-06-22 03:00:00,182.52,3,3,0,171.21,173.1833333333333,163.98000000000005,151.67
2023-06-22 04:00:00,151.67,4,3,0,182.52,168.46666666666667,162.62833333333336,144.05
2023-06-22 05:00:00,144.05,5,3,0,151.67,159.41333333333333,162.6216666666667,158.55
2023-06-22 06:00:00,158.55,6,3,0,144.05,151.42333333333335,162.30333333333337,457.99
2023-06-22 07:00:00,457.99,7,3,0,158.55,253.53,210.99833333333336,481.43
2023-06-22 08:00:00,481.43,8,3,0,457.99,365.99,262.7016666666667,828.05
2023-06-22 09:00:00,828.05,9,3,0,481.43,589.1566666666666,370.29,846.4
2023-06-22 10:00:00,846.4,10,3,0,828.05,718.6266666666667,486.0783333333334,837.54
2023-06-22 11:00:00,837.54,11,3,0,846.4,837.3299999999999,601.6600000000001,879.4
2023-06-22 12:00:00,879.4,12,3,0,837.54,854.4466666666667,721.8016666666667,870.1
2023-06-22 13:00:00,870.1,13,3,0,879.4,862.3466666666667,790.4866666666667,888.78
2023-06-22 14:00:00,888.78,14,3,0,870.1,879.4266666666666,858.3783333333334,858.35
2023-06-22 15:00:00,858.35,15,3,0,888.78,872.41,863.4283333333333,854.53
2023-06-22 16:00:00,854.53,16,3,0,858.35,867.2199999999999,864.7833333333334,832.62
2023-06-22 17:00:00,832.62,17,3,0,854.53,848.5,863.9633333333335,793.95
2023-06-22 18:00:00,793.95,18,3,0,832.62,827.0333333333333,849.7216666666668,463.63
2023-06-22 19:00:00,463.63,19,3,0,793.95,696.7333333333332,781.9766666666668,505.65
2023-06-22 20:00:00,505.65,20,3,0,463.63,587.7433333333333,718.1216666666668,152.5
2023-06-22 21:00:00,152.5,21,3,0,505.65,373.9266666666667,600.48,145.62
2023-06-22 22:00:00,145.62,22,3,0,152.5,267.92333333333335,482.3283333333334,144.1
2023-06-22 23:00:00,144.1,23,3,0,145.62,147.40666666666667,367.57500000000005,145.13
2023-06-23 00:00:00,145.13,0,4,0,144.1,144.95000000000002,259.4383333333334,156.12
2023-06-23 01:00:00,156.12,1,4,0,145.13,148.45000000000002,208.1866666666667,156.09
2023-06-23 02:00:00,156.09,2,4,0,156.12,152.44666666666666,149.9266666666667,155.8
2023-06-23 03:00:00,155.8,3,4,0,156.09,156.00333333333336,150.47666666666672,188.48
2023-06-23 04:00:00,188.48,4,4,0,155.8,166.79,157.62000000000003,166.82
2023-06-23 05:00:00,166.82,5,4,0,188.48,170.36666666666667,161.4066666666667,138.16
2023-06-23 06:00:00,138.16,6,4,0,166.82,164.48666666666665,160.24500000000003,497.26
2023-06-23 07:00:00,497.26,7,4,0,138.16,267.41333333333336,217.1016666666667,478.14
2023-06-23 08:00:00,478.14,8,4,0,497.26,371.18666666666667,270.7766666666667,772.77
2023-06-23 09:00:00,772.77,9,4,0,478.14,582.7233333333334,373.605,851.0
2023-06-23 10:00:00,851.0,10,4,0,772.77,700.6366666666667,484.02500000000003,877.61
2023-06-23 11:00:00,877.61,11,4,0,851.0,833.7933333333334,602.4900000000001,866.77
2023-06-23 12:00:00,866.77,12,4,0,877.61,865.1266666666667,723.9250000000001,873.58
2023-06-23 13:00:00,873.58,13,4,0,866.77,872.6533333333333,786.6450000000001,902.23
2023-06-23 14:00:00,902.23,14,4,0,873.58,880.86,857.3266666666667,907.94
2023-06-23 15:00:00,907.94,15,4,0,902.23,894.5833333333334,879.8550000000001,837.52
2023-06-23 16:00:00,837.52,16,4,0,907.94,882.5633333333334,877.6083333333335,788.34
2023-06-23 17:00:00,788.34,17,4,0,837.52,844.6,862.73,842.29
2023-06-23 18:00:00,842.29,18,4,0,788.34,822.7166666666667,858.6500000000001,491.55
2023-06-23 19:00:00,491.55,19,4,0,842.29,707.3933333333334,794.9783333333335,515.42
2023-06-23 20:00:00,515.42,20,4,0,491.55,616.42,730.5099999999999,143.5
2023-06-23 21:00:00,143.5,21,4,0,515.42,383.49,603.1033333333334,160.06
2023-06-23 22:00:00,160.06,22,4,0,143.5,272.99333333333334,490.1933333333334,154.46
2023-06-23 23:00:00,154.46,23,4,0,160.06,152.67333333333332,384.5466666666667,213.56
2023-06-24 00:00:00,213.56,0,5,1,154.46,176.02666666666667,279.7583333333334,202.75
2023-06-24 01:00:00,202.75,1,5,1,213.56,190.25666666666666,231.625,207.16
2023-06-24 02:00:00,207.16,2,5,1,202.75,207.82333333333335,180.24833333333336,223.94
2023-06-24 03:00:00,223.94,3,5,1,207.16,211.28333333333333,193.65500000000006,242.45
2023-06-24 04:00:00,242.45,4,5,1,223.94,224.51666666666665,207.38666666666668,251.14
2023-06-24 05:00:00,251.14,5,5,1,242.45,239.17666666666665,223.50000000000003,223.66
2023-06-24 06:00:00,223.66,6,5,1,251.14,239.08333333333334,225.1833333333334,233.4
2023-06-24 07:00:00,233.4,7,5,1,223.66,236.0666666666667,230.2916666666667,269.89
2023-06-24 08:00:00,269.89,8,5,1,233.4,242.3166666666667,240.7466666666667,231.5
2023-06-24 09:00:00,231.5,9,5,1,269.89,244.92999999999998,242.0066666666667,270.0
2023-06-24 10:00:00,270.0,10,5,1,231.5,257.13,246.59833333333336,225.18
2023-06-24 11:00:00,225.18,11,5,1,270.0,242.2266666666667,242.27166666666668,217.31
2023-06-24 12:00:00,217.31,12,5,1,225.18,237.49666666666667,241.21333333333337,232.86
2023-06-24 13:00:00,232.86,13,5,1,217.31,225.11666666666667,241.12333333333336,227.35
2023-06-24 14:00:00,227.35,14,5,1,232.86,225.84,234.0333333333334,213.74
2023-06-24 15:00:00,213.74,15,5,1,227.35,224.65,231.07333333333338,245.06
2023-06-24 16:00:00,245.06,16,5,1,213.74,228.71666666666667,226.9166666666667,269.11
2023-06-24 17:00:00,269.11,17,5,1,245.06,242.63666666666666,234.23833333333337,226.57
2023-06-24 18:00:00,226.57,18,5,1,269.11,246.91333333333333,235.78166666666672,233.58
2023-06-24 19:00:00,233.58,19,5,1,226.57,243.08666666666667,235.90166666666673,199.57
2023-06-24 20:00:00,199.57,20,5,1,233.58,219.90666666666667,231.27166666666668,226.01
2023-06-24 21:00:00,226.01,21,5,1,199.57,219.72,233.3166666666667,261.59
2023-06-24 22:00:00,261.59,22,5,1,226.01,229.05666666666664,236.07166666666672,233.2
2023-06-24 23:00:00,233.2,23,5,1,261.59,240.26666666666665,230.08666666666667,265.2
2023-06-25 00:00:00,265.2,0,6,1,233.2,253.33,236.525,259.91
2023-06-25 01:00:00,259.91,1,6,1,265.2,252.76999999999998,240.91333333333338,235.85
2023-06-25 02:00:00,235.85,2,6,1,259.91,253.6533333333333,246.96000000000004,222.68
2023-06-25 03:00:00,222.68,3,6,1,235.85,239.48000000000002,246.40500000000006,230.48
2023-06-25 04:00:00,230.48,4,6,1,222.68,229.67,241.22000000000003,248.03
2023-06-25 05:00:00,248.03,5,6,1,230.48,233.73,243.69166666666672,250.84
2023-06-25 06:00:00,250.84,6,6,1,248.03,243.11666666666667,241.29833333333337,240.88
2023-06-25 07:00:00,240.88,7,6,1,250.84,246.58333333333334,238.1266666666667,285.7
2023-06-25 08:00:00,285.7,8,6,1,240.88,259.14000000000004,246.43500000000003,197.82
2023-06-25 09:00:00,197.82,9,6,1,285.7,241.46666666666667,242.2916666666667,232.24
2023-06-25 10:00:00,232.24,10,6,1,197.82,238.58666666666667,242.58500000000004,279.17
2023-06-25 11:00:00,279.17,11,6,1,232.24,236.41,247.775,230.02
2023-06-25 12:00:00,230.02,12,6,1,279.17,247.14333333333335,244.30500000000006,182.86
2023-06-25 13:00:00,182.86,13,6,1,230.02,230.68333333333337,234.63500000000002,217.24
2023-06-25 14:00:00,217.24,14,6,1,182.86,210.04,223.22500000000002,246.38
2023-06-25 15:00:00,246.38,15,6,1,217.24,215.49333333333334,231.31833333333338,208.52
2023-06-25 16:00:00,208.52,16,6,1,246.38,224.0466666666667,227.36500000000004,263.61
2023-06-25 17:00:00,263.61,17,6,1,208.52,239.50333333333333,224.77166666666673,220.23
2023-06-25 18:00:00,220.23,18,6,1,263.61,230.78666666666666,223.14000000000001,225.25
2023-06-25 19:00:00,225.25,19,6,1,220.23,236.36333333333334,230.20500000000004,197.4
2023-06-25 20:00:00,197.4,20,6,1,225.25,214.29333333333332,226.8983333333334,227.68
2023-06-25 21:00:00,227.68,21,6,1,197.4,216.77666666666664,223.78166666666667,219.5
2023-06-25 22:00:00,219.5,22,6,1,227.68,214.85999999999999,225.61166666666668,236.8
2023-06-25 23:00:00,236.8,23,6,1,219.5,227.99333333333334,221.1433333333334,154.59
2023-06-26 00:00:00,154.59,0,0,0,236.8,203.63,210.20333333333338,144.74
2023-06-26 01:00:00,144.74,1,0,0,154.59,178.71,196.78500000000005,160.85
2023-06-26 02:00:00,160.85,2,0,0,144.74,153.39333333333335,190.69333333333338,156.62
2023-06-26 03:00:00,156.62,3,0,0,160.85,154.07000000000002,178.85000000000005,171.47
2023-06-26 04:00:00,171.47,4,0,0,156.62,162.98000000000002,170.84500000000003,174.61
2023-06-26 05:00:00,174.61,5,0,0,171.47,167.5666666666667,160.48000000000005,173.88
2023-06-26 06:00:00,173.88,6,0,0,174.61,173.32000000000002,163.69500000000005,436.91
2023-06-26 07:00:00,436.91,7,0,0,173.88,261.8,212.39000000000001,463.25
2023-06-26 08:00:00,463.25,8,0,0,436.91,358.0133333333333,262.79,791.4
2023-06-26 09:00:00,791.4,9,0,0,463.25,563.8533333333334,368.58666666666676,842.0
2023-06-26 10:00:00,842.0,10,0,0,791.4,698.8833333333333,480.3416666666667,850.12
2023-06-26 11:00:00,850.12,11,0,0,842.0,827.84,592.9266666666666,862.17
2023-06-26 12:00:00,862.17,12,0,0,850.12,851.43,707.6416666666668,854.09
2023-06-26 13:00:00,854.09,13,0,0,862.17,855.46,777.1716666666666,891.38
2023-06-26 14:00:00,891.38,14,0,0,854.09,869.2133333333335,848.5266666666666,927.51
2023-06-26 15:00:00,927.51,15,0,0,891.38,890.9933333333333,871.2116666666667,889.43
2023-06-26 16:00:00,889.43,16,0,0,927.51,902.7733333333332,879.1166666666668,840.36
2023-06-26 17:00:00,840.36,17,0,0,889.43,885.7666666666668,877.4900000000001,795.77
2023-06-26 18:00:00,795.77,18,0,0,840.36,841.8533333333334,866.4233333333335,464.14
2023-06-26 19:00:00,464.14,19,0,0,795.77,700.09,801.4316666666667,472.04
2023-06-26 20:00:00,472.04,20,0,0,464.14,577.3166666666667,731.5416666666666,142.1
2023-06-26 21:00:00,142.1,21,0,0,472.04,359.4266666666667,600.64,158.46
2023-06-26 22:00:00,158.46,22,0,0,142.1,257.53333333333336,478.81166666666667,157.13
2023-06-26 23:00:00,157.13,23,0,0,158.46,152.56333333333333,364.94000000000005,175.57
2023-06-27 00:00:00,175.57,0,1,0,157.13,163.72,261.5733333333334,159.18
2023-06-27 01:00:00,159.18,1,1,0,175.57,163.96,210.74666666666667,170.55
2023-06-27 02:00:00,170.55,2,1,0,159.18,168.43333333333334,160.49833333333336,164.32
2023-06-27 03:00:00,164.32,3,1,0,170.55,164.68333333333334,164.2016666666667,156.73
2023-06-27 04:00:00,156.73,4,1,0,164.32,163.86666666666667,163.91333333333338,187.27
2023-06-27 05:00:00,187.27,5,1,0,156.73,169.44,168.9366666666667,155.54
2023-06-27 06:00:00,155.54,6,1,0,187.27,166.51333333333332,165.59833333333336,483.13
2023-06-27 07:00:00,483.13,7,1,0,155.54,275.31333333333333,219.59000000000003,476.58
2023-06-27 08:00:00,476.58,8,1,0,483.13,371.75,270.595,794.23
2023-06-27 09:00:00,794.23,9,1,0,476.58,584.6466666666666,375.58,799.9
2023-06-27 10:00:00,799.9,10,1,0,794.23,690.2366666666667,482.77500000000003,861.3
2023-06-27 11:00:00,861.3,11,1,0,799.9,818.4766666666666,595.1133333333333,878.73
2023-06-27 12:00:00,878.73,12,1,0,861.3,846.6433333333333,715.645,900.81
2023-06-27 13:00:00,900.81,13,1,0,878.73,880.2799999999999,785.2583333333333,855.95
2023-06-27 14:00:00,855.95,14,1,0,900.81,878.4966666666668,848.4866666666667,899.78
2023-06-27 15:00:00,899.78,15,1,0,855.95,885.5133333333333,866.0783333333334,858.01
2023-06-27 16:00:00,858.01,16,1,0,899.78,871.2466666666668,875.7633333333333,801.92
2023-06-27 17:00:00,801.92,17,1,0,858.01,853.2366666666667,865.8666666666668,779.39
2023-06-27 18:00:00,779.39,18,1,0,801.92,813.1066666666667,849.31,492.31
2023-06-27 19:00:00,492.31,19,1,0,779.39,691.2066666666666,781.2266666666668,474.9
2023-06-27 20:00:00,474.9,20,1,0,492.31,582.1999999999999,717.7183333333334,157.06
2023-06-27 21:00:00,157.06,21,1,0,474.9,374.75666666666666,593.9316666666667,149.87
2023-06-27 22:00:00,149.87,22,1,0,157.06,260.61,475.90833333333336,155.19
2023-06-27 23:00:00,155.19,23,1,0,149.87,154.04,368.12000000000006,172.31
2023-06-28 00:00:00,172.31,0,2,0,155.19,159.12333333333333,266.94000000000005,177.04
2023-06-28 01:00:00,177.04,1,2,0,172.31,168.17999999999998,214.395,169.35
2023-06-28 02:00:00,169.35,2,2,0,177.04,172.9,163.47000000000006,132.81
2023-06-28 03:00:00,132.81,3,2,0,169.35,159.73333333333332,159.42833333333337,164.71
2023-06-28 04:00:00,164.71,4,2,0,132.81,155.62333333333333,161.9016666666667,190.25
2023-06-28 05:00:00,190.25,5,2,0,164.71,162.59,167.74500000000003,142.44
2023-06-28 06:00:00,142.44,6,2,0,190.25,165.79999999999998,162.7666666666667,478.45
2023-06-28 07:00:00,478.45,7,2,0,142.44,270.38,213.0016666666667,484.53
2023-06-28 08:00:00,484.53,8,2,0,478.45,368.47333333333336,265.5316666666667,799.83
2023-06-28 09:00:00,799.83,9,2,0,484.53,587.6033333333334,376.70166666666665,822.17
2023-06-28 10:00:00,822.17,10,2,0,799.83,702.1766666666666,486.27833333333336,871.73
2023-06-28 11:00:00,871.73,11,2,0,822.17,831.2433333333333,599.8583333333333,856.99
2023-06-28 12:00:00,856.99,12,2,0,871.73,850.2966666666667,718.9499999999999,909.51
2023-06-28 13:00:00,909.51,13,2,0,856.99,879.41,790.7933333333334,914.36
2023-06-28 14:00:00,914.36,14,2,0,909.51,893.62,862.4316666666667,849.78
2023-06-28 15:00:00,849.78,15,2,0,914.36,891.2166666666667,870.7566666666668,858.23
2023-06-28 16:00:00,858.23,16,2,0,849.78,874.1233333333333,876.7666666666668,818.56
2023-06-28 17:00:00,818.56,17,2,0,858.23,842.1899999999999,867.9050000000001,820.27
2023-06-28 18:00:00,820.27,18,2,0,818.56,832.3533333333334,861.785,462.38
2023-06-28 19:00:00,462.38,19,2,0,820.27,700.4033333333333,787.2633333333333,486.87
2023-06-28 20:00:00,486.87,20,2,0,462.38,589.84,716.015,150.88
2023-06-28 21:00:00,150.88,21,2,0,486.87,366.71000000000004,599.5316666666666,187.46
2023-06-28 22:00:00,187.46,22,2,0,150.88,275.07,487.7366666666667,161.62
2023-06-28 23:00:00,161.62,23,2,0,187.46,166.65333333333334,378.24666666666667,158.16
2023-06-29 00:00:00,158.16,0,3,0,161.62,169.08,267.89500000000004,172.91
2023-06-29 01:00:00,172.91,1,3,0,158.16,164.23,219.65000000000006,149.85
2023-06-29 02:00:00,149.85,2,3,0,172.91,160.30666666666664,163.48000000000005,164.31
2023-06-29 03:00:00,164.31,3,3,0,149.85,162.35666666666665,165.71833333333336,208.97
2023-06-29 04:00:00,208.97,4,3,0,164.31,174.37666666666667,169.30333333333337,160.09
2023-06-29 05:00:00,160.09,5,3,0,208.97,177.79,169.04833333333337,131.59
2023-06-29 06:00:00,131.59,6,3,0,160.09,166.88333333333333,164.62000000000003,478.16
2023-06-29 07:00:00,478.16,7,3,0,131.59,256.61333333333334,215.49500000000003,490.11
2023-06-29 08:00:00,490.11,8,3,0,478.16,366.62000000000006,272.2050000000001,804.28
2023-06-29 09:00:00,804.28,9,3,0,490.11,590.85,378.86666666666673,842.18
2023-06-29 10:00:00,842.18,10,3,0,804.28,712.1899999999999,484.4016666666667,865.9
2023-06-29 11:00:00,865.9,11,3,0,842.18,837.4533333333333,602.0366666666667,866.72
2023-06-29 12:00:00,866.72,12,3,0,865.9,858.2666666666668,724.5583333333334,904.9
2023-06-29 13:00:00,904.9,13,3,0,866.72,879.1733333333333,795.6816666666667,904.92
2023-06-29 14:00:00,904.92,14,3,0,904.9,892.18,864.8166666666667,893.62
2023-06-29 15:00:00,893.62,15,3,0,904.92,901.1466666666666,879.7066666666666,858.27
2023-06-29 16:00:00,858.27,16,3,0,893.62,885.6033333333334,882.3883333333333,832.26
2023-06-29 17:00:00,832.26,17,3,0,858.27,861.3833333333332,876.7816666666666,803.9
2023-06-29 18:00:00,803.9,18,3,0,832.26,831.4766666666666,866.3116666666668,485.44
2023-06-29 19:00:00,485.44,19,3,0,803.9,707.1999999999999,796.4016666666666,476.27
2023-06-29 20:00:00,476.27,20,3,0,485.44,588.5366666666666,724.96,111.99
2023-06-29 21:00:00,111.99,21,3,0,476.27,357.90000000000003,594.6883333333334,165.7
2023-06-29 22:00:00,165.7,22,3,0,111.99,251.31999999999996,479.26000000000005,186.89
2023-06-29 23:00:00,186.89,23,3,0,165.7,154.85999999999999,371.6983333333333,108.55
2023-06-30 00:00:00,108.55,0,4,0,186.89,153.71333333333334,255.8066666666667,185.82
2023-06-30 01:00:00,185.82,1,4,0,108.55,160.42,205.87000000000003,148.26
2023-06-30 02:00:00,148.26,2,4,0,185.82,147.54333333333332,151.2016666666667,161.26
2023-06-30 03:00:00,161.26,3,4,0,148.26,165.11333333333332,159.41333333333338,193.82
2023-06-30 04:00:00,193.82,4,4,0,161.26,167.78,164.10000000000002,157.67
2023-06-30 05:00:00,157.67,5,4,0,193.82,170.91666666666666,159.23000000000005,136.33
2023-06-30 06:00:00,136.33,6,4,0,157.67,162.60666666666665,163.86000000000004,439.44
2023-06-30 07:00:00,439.44,7,4,0,136.33,244.48000000000002,206.13000000000002,493.75
2023-06-30 08:00:00,493.75,8,4,0,439.44,356.50666666666666,263.7116666666667,794.14
2023-06-30 09:00:00,794.14,9,4,0,493.75,575.7766666666666,369.19166666666666,846.45
2023-06-30 10:00:00,846.45,10,4,0,794.14,711.4466666666667,477.96333333333337,836.56
2023-06-30 11:00:00,836.56,11,4,0,846.45,825.7166666666667,591.1116666666667,890.83
2023-06-30 12:00:00,890.83,12,4,0,836.56,857.9466666666667,716.8616666666667,901.97
2023-06-30 13:00:00,901.97,13,4,0,890.83,876.4533333333334,793.9500000000002,883.28
2023-06-30 14:00:00,883.28,14,4,0,901.97,892.0266666666666,858.8716666666668,857.57
2023-06-30 15:00:00,857.57,15,4,0,883.28,880.94,869.4433333333333,852.7
2023-06-30 16:00:00,852.7,16,4,0,857.57,864.5166666666668,870.485,802.4
2023-06-30 17:00:00,802.4,17,4,0,852.7,837.5566666666667,864.7916666666669,830.0
2023-06-30 18:00:00,830.0,18,4,0,802.4,828.3666666666668,854.6533333333333,482.77
2023-06-30 19:00:00,482.77,19,4,0,830.0,705.0566666666667,784.7866666666667,509.01
2023-06-30 20:00:00,509.01,20,4,0,482.77,607.26,722.4083333333334,154.0
2023-06-30 21:00:00,154.0,21,4,0,509.01,381.92666666666673,605.1466666666666,134.14
2023-06-30 22:00:00,134.14,22,4,0,154.0,265.7166666666667,485.3866666666667,164.26
2023-06-30 23:00:00,164.26,23,4,0,134.14,150.80000000000004,379.03000000000003,271.13
2023-07-01 00:00:00,271.13,0,5,1,164.26,189.84333333333336,285.88500000000005,293.53
2023-07-01 01:00:00,293.53,1,5,1,271.13,242.97333333333336,254.34500000000003,209.19
2023-07-01 02:00:00,209.19,2,5,1,293.53,257.95000000000005,204.37500000000003,206.76
2023-07-01 03:00:00,206.76,3,5,1,209.19,236.49333333333334,213.16833333333338,214.21
2023-07-01 04:00:00,214.21,4,5,1,206.76,210.05333333333337,226.5133333333334,244.82
2023-07-01 05:00:00,244.82,5,5,1,214.21,221.93000000000004,239.94000000000003,207.8
2023-07-01 06:00:00,207.8,6,5,1,244.82,222.27666666666673,229.38500000000002,231.92
2023-07-01 07:00:00,231.92,7,5,1,207.8,228.18000000000004,219.1166666666667,257.03
2023-07-01 08:00:00,257.03,8,5,1,231.92,232.25000000000003,227.09000000000003,233.6
2023-07-01 09:00:00,233.6,9,5,1,257.03,240.85000000000002,231.56333333333336,255.56
2023-07-01 10:00:00,255.56,10,5,1,233.6,248.73000000000002,238.455,206.52
2023-07-01 11:00:00,206.52,11,5,1,255.56,231.89333333333335,232.07166666666672,207.08
2023-07-01 12:00:00,207.08,12,5,1,206.52,223.05333333333337,231.9516666666667,242.44
2023-07-01 13:00:00,242.44,13,5,1,207.08,218.68000000000006,233.70500000000004,213.57
2023-07-01 14:00:00,213.57,14,5,1,242.44,221.03000000000006,226.4616666666667,262.71
2023-07-01 15:00:00,262.71,15,5,1,213.57,239.57333333333335,231.31333333333336,234.96
2023-07-01 16:00:00,234.96,16,5,1,262.71,237.08000000000004,227.88000000000002,241.15
2023-07-01 17:00:00,241.15,17,5,1,234.96,246.27333333333334,233.65166666666673,245.58
2023-07-01 18:00:00,245.58,18,5,1,241.15,240.5633333333334,240.06833333333336,201.75
2023-07-01 19:00:00,201.75,19,5,1,245.58,229.49333333333337,233.28666666666666,222.43
2023-07-01 20:00:00,222.43,20,5,1,201.75,223.25333333333336,234.76333333333335,223.12
2023-07-01 21:00:00,223.12,21,5,1,222.43,215.76666666666668,228.16500000000008,263.29
2023-07-01 22:00:00,263.29,22,5,1,223.12,236.28000000000006,232.88666666666674,213.98
2023-07-01 23:00:00,213.98,23,5,1,263.29,233.4633333333334,228.35833333333338,232.41
2023-07-02 00:00:00,232.41,0,6,1,213.98,236.56000000000006,226.1633333333334,244.52
2023-07-02 01:00:00,244.52,1,6,1,232.41,230.30333333333337,233.29166666666674,227.33
2023-07-02 02:00:00,227.33,2,6,1,244.52,234.75333333333336,234.10833333333338,195.9
2023-07-02 03:00:00,195.9,3,6,1,227.33,222.58333333333337,229.57166666666672,229.36
2023-07-02 04:00:00,229.36,4,6,1,195.9,217.53000000000006,223.9166666666667,266.24
2023-07-02 05:00:00,266.24,5,6,1,229.36,230.50000000000003,232.6266666666667,213.88
2023-07-02 06:00:00,213.88,6,6,1,266.24,236.49333333333337,229.5383333333334,278.75
2023-07-02 07:00:00,278.75,7,6,1,213.88,252.9566666666667,235.24333333333334,221.94
2023-07-02 08:00:00,221.94,8,6,1,278.75,238.19000000000005,234.34500000000003,271.01
2023-07-02 09:00:00,271.01,9,6,1,221.94,257.23333333333335,246.86333333333334,255.56
2023-07-02 10:00:00,255.56,10,6,1,271.01,249.50333333333336,251.23000000000002,211.0
2023-07-02 11:00:00,211.0,11,6,1,255.56,245.8566666666667,242.0233333333334,252.42
2023-07-02 12:00:00,252.42,12,6,1,211.0,239.66000000000005,248.4466666666667,238.06
2023-07-02 13:00:00,238.06,13,6,1,252.42,233.8266666666667,241.66500000000005,239.98
2023-07-02 14:00:00,239.98,14,6,1,238.06,243.48666666666668,244.6716666666667,272.7
2023-07-02 15:00:00,272.7,15,6,1,239.98,250.2466666666667,244.95333333333338,216.11
2023-07-02 16:00:00,216.11,16,6,1,272.7,242.93000000000004,238.37833333333342,235.4
2023-07-02 17:00:00,235.4,17,6,1,216.11,241.4033333333334,242.44500000000005,264.93
2023-07-02 18:00:00,264.93,18,6,1,235.4,238.81333333333336,244.53000000000006,266.31
2023-07-02 19:00:00,266.31,19,6,1,264.93,255.5466666666667,249.23833333333337,246.39
2023-07-02 20:00:00,246.39,20,6,1,266.31,259.21000000000004,250.30666666666673,223.96
2023-07-02 21:00:00,223.96,21,6,1,246.39,245.55333333333337,242.1833333333334,247.32
2023-07-02 22:00:00,247.32,22,6,1,223.96,239.22333333333336,247.38500000000002,240.68
2023-07-02 23:00:00,240.68,23,6,1,247.32,237.32000000000002,248.26500000000007,191.65
2023-07-03 00:00:00,191.65,0,0,0,240.68,226.55000000000004,236.0516666666667,130.11
2023-07-03 01:00:00,130.11,1,0,0,191.65,187.48000000000002,213.35166666666672,162.43
2023-07-03 02:00:00,162.43,2,0,0,130.11,161.39666666666668,199.35833333333335,173.09
2023-07-03 03:00:00,173.09,3,0,0,162.43,155.21000000000004,190.88000000000002,140.2
2023-07-03 04:00:00,140.2,4,0,0,173.09,158.57333333333335,173.02666666666673,147.86
2023-07-03 05:00:00,147.86,5,0,0,140.2,153.7166666666667,157.5566666666667,170.48
2023-07-03 06:00:00,170.48,6,0,0,147.86,152.84666666666666,154.0283333333334,492.9
2023-07-03 07:00:00,492.9,7,0,0,170.48,270.41333333333336,214.49333333333334,493.04
2023-07-03 08:00:00,493.04,8,0,0,492.9,385.47333333333336,269.5950000000001,761.16
2023-07-03 09:00:00,761.16,9,0,0,493.04,582.3666666666667,367.60666666666674,816.42
2023-07-03 10:00:00,816.42,10,0,0,761.16,690.2066666666666,480.31,900.32
2023-07-03 11:00:00,900.32,11,0,0,816.42,825.9666666666667,605.72,859.1
2023-07-03 12:00:00,859.1,12,0,0,900.32,858.6133333333333,720.4900000000001,888.89
2023-07-03 13:00:00,888.89,13,0,0,859.1,882.77,786.4883333333333,857.67
2023-07-03 14:00:00,857.67,14,0,0,888.89,868.5533333333333,847.2600000000001,879.33
2023-07-03 15:00:00,879.33,15,0,0,857.67,875.2966666666667,866.955,872.46
2023-07-03 16:00:00,872.46,16,0,0,879.33,869.82,876.2950000000001,811.98
2023-07-03 17:00:00,811.98,17,0,0,872.46,854.59,861.5716666666667,806.8
2023-07-03 18:00:00,806.8,18,0,0,811.98,830.4133333333333,852.855,500.61
2023-07-03 19:00:00,500.61,19,0,0,806.8,706.4633333333333,788.1416666666665,459.07
2023-07-03 20:00:00,459.07,20,0,0,500.61,588.8266666666667,721.7083333333334,133.53
2023-07-03 21:00:00,133.53,21,0,0,459.07,364.40333333333336,597.4083333333334,157.9
2023-07-03 22:00:00,157.9,22,0,0,133.53,250.16666666666666,478.31500000000005,142.45
2023-07-03 23:00:00,142.45,23,0,0,157.9,144.62666666666667,366.7266666666667,155.3
2023-07-04 00:00:00,155.3,0,1,0,142.45,151.88333333333335,258.1433333333334,164.32
2023-07-04 01:00:00,164.32,1,1,0,155.3,154.02333333333334,202.09500000000003,184.46
2023-07-04 02:00:00,184.46,2,1,0,164.32,168.02666666666667,156.32666666666668,178.13
2023-07-04 03:00:00,178.13,3,1,0,184.46,175.63666666666666,163.76000000000002,130.68
2023-07-04 04:00:00,130.68,4,1,0,178.13,164.42333333333332,159.2233333333334,183.26
2023-07-04 05:00:00,183.26,5,1,0,130.68,164.0233333333333,166.02500000000006,165.68
2023-07-04 06:00:00,165.68,6,1,0,183.26,159.87333333333333,167.75500000000002,431.41
2023-07-04 07:00:00,431.41,7,1,0,165.68,260.1166666666667,212.27000000000007,457.61
2023-07-04 08:00:00,457.61,8,1,0,431.41,351.56666666666666,257.7950000000001,766.05
2023-07-04 09:00:00,766.05,9,1,0,457.61,551.6899999999999,355.7816666666667,813.06
2023-07-04 10:00:00,813.06,10,1,0,766.05,678.9066666666666,469.5116666666667,826.21
2023-07-04 11:00:00,826.21,11,1,0,813.06,801.7733333333332,576.67,877.02
2023-07-04 12:00:00,877.02,12,1,0,826.21,838.7633333333333,695.2266666666668,869.02
2023-07-04 13:00:00,869.02,13,1,0,877.02,857.4166666666666,768.1616666666667,856.69
2023-07-04 14:00:00,856.69,14,1,0,869.02,867.5766666666667,834.6750000000001,863.91
2023-07-04 15:00:00,863.91,15,1,0,856.69,863.2066666666666,850.9850000000001,883.67
2023-07-04 16:00:00,883.67,16,1,0,863.91,868.09,862.7533333333334,855.05
2023-07-04 17:00:00,855.05,17,1,0,883.67,867.5433333333334,867.56,791.5
2023-07-04 18:00:00,791.5,18,1,0,855.05,843.4066666666668,853.3066666666667,472.69
2023-07-04 19:00:00,472.69,19,1,0,791.5,706.4133333333333,787.2516666666667,452.36
2023-07-04 20:00:00,452.36,20,1,0,472.69,572.1833333333333,719.8633333333333,180.73
2023-07-04 21:00:00,180.73,21,1,0,452.36,368.5933333333333,606.0,168.52
2023-07-04 22:00:00,168.52,22,1,0,180.73,267.2033333333333,486.80833333333334,135.57
2023-07-04 23:00:00,135.57,23,1,0,168.52,161.60666666666665,366.89500000000004,151.17
2023-07-05 00:00:00,151.17,0,2,0,135.57,151.75333333333333,260.1733333333334,197.42
2023-07-05 01:00:00,197.42,1,2,0,151.17,161.38666666666666,214.29500000000004,153.99
2023-07-05 02:00:00,153.99,2,2,0,197.42,167.52666666666667,164.5666666666667,198.82
2023-07-05 03:00:00,198.82,3,2,0,153.99,183.41,167.5816666666667,150.72
2023-07-05 04:00:00,150.72,4,2,0,198.82,167.84333333333333,164.61500000000004,133.75
2023-07-05 05:00:00,133.75,5,2,0,150.72,161.09666666666666,164.3116666666667,152.57
2023-07-05 06:00:00,152.57,6,2,0,133.75,145.67999999999998,164.54500000000004,468.59
2023-07-05 07:00:00,468.59,7,2,0,152.57,251.63666666666666,209.74,488.95
2023-07-05 08:00:00,488.95,8,2,0,468.59,370.03666666666663,265.56666666666666,779.15
2023-07-05 09:00:00,779.15,9,2,0,488.95,578.8966666666666,362.2883333333334,835.05
2023-07-05 10:00:00,835.05,10,2,0,779.15,701.0499999999998,476.3433333333334,846.1
2023-07-05 11:00:00,846.1,11,2,0,835.05,820.1,595.0683333333334,868.59
2023-07-05 12:00:00,868.59,12,2,0,846.1,849.9133333333333,714.4050000000001,884.78
2023-07-05 13:00:00,884.78,13,2,0,868.59,866.4900000000001,783.7700000000001,883.49
2023-07-05 14:00:00,883.49,14,2,0,884.78,878.9533333333334,849.5266666666668,897.09
2023-07-05 15:00:00,897.09,15,2,0,883.49,888.4533333333334,869.1833333333334,859.35
2023-07-05 16:00:00,859.35,16,2,0,897.09,879.9766666666668,873.2333333333335,833.41
2023-07-05 17:00:00,833.41,17,2,0,859.35,863.2833333333333,871.1183333333333,842.51
2023-07-05 18:00:00,842.51,18,2,0,833.41,845.09,866.7716666666666,504.82
2023-07-05 19:00:00,504.82,19,2,0,842.51,726.9133333333333,803.445,459.27
2023-07-05 20:00:00,459.27,20,2,0,504.82,602.2,732.7416666666667,153.46
2023-07-05 21:00:00,153.46,21,2,0,459.27,372.51666666666665,608.8033333333334,186.84
2023-07-05 22:00:00,186.84,22,2,0,153.46,266.52333333333337,496.7183333333334,163.73
2023-07-05 23:00:00,163.73,23,2,0,186.84,168.01,385.105,151.66
2023-07-06 00:00:00,151.66,0,3,0,163.73,167.41,269.96333333333337,142.78
2023-07-06 01:00:00,142.78,1,3,0,151.66,152.72333333333333,209.62333333333336,124.37
2023-07-06 02:00:00,124.37,2,3,0,142.78,139.60333333333332,153.8066666666667,189.7
2023-07-06 03:00:00,189.7,3,3,0,124.37,152.28333333333333,159.84666666666672,151.29
2023-07-06 04:00:00,151.29,4,3,0,189.7,155.12,153.9216666666667,175.0
2023-07-06 05:00:00,175.0,5,3,0,151.29,171.99666666666667,155.80000000000004,162.85
2023-07-06 06:00:00,162.85,6,3,0,175.0,163.04666666666665,157.66500000000005,458.81
2023-07-06 07:00:00,458.81,7,3,0,162.85,265.55333333333334,210.3366666666667,496.48
2023-07-06 08:00:00,496.48,8,3,0,458.81,372.7133333333333,272.355,808.74
2023-07-06 09:00:00,808.74,9,3,0,496.48,588.01,375.52833333333336,869.41
2023-07-06 10:00:00,869.41,10,3,0,808.74,724.8766666666667,495.2150000000001,869.48
2023-07-06 11:00:00,869.48,11,3,0,869.41,849.21,610.9616666666667,858.89
2023-07-06 12:00:00,858.89,12,3,0,869.48,865.9266666666666,726.9683333333334,896.15
2023-07-06 13:00:00,896.15,13,3,0,858.89,874.84,799.8583333333332,861.02
2023-07-06 14:00:00,861.02,14,3,0,896.15,872.02,860.6150000000001,890.42
2023-07-06 15:00:00,890.42,15,3,0,861.02,882.5300000000001,874.2283333333335,864.29
2023-07-06 16:00:00,864.29,16,3,0,890.42,871.9099999999999,873.375,836.27
2023-07-06 17:00:00,836.27,17,3,0,864.29,863.6599999999999,867.84,800.96
2023-07-06 18:00:00,800.96,18,3,0,836.27,833.84,858.185,489.15
2023-07-06 19:00:00,489.15,19,3,0,800.96,708.7933333333334,790.3516666666668,485.98
2023-07-06 20:00:00,485.98,20,3,0,489.15,592.0300000000001,727.8450000000001,156.89
2023-07-06 21:00:00,156.89,21,3,0,485.98,377.34,605.59,193.89
2023-07-06 22:00:00,193.89,22,3,0,156.89,278.92,493.85666666666674,147.62
2023-07-06 23:00:00,147.62,23,3,0,193.89,166.13333333333333,379.0816666666667,131.83
2023-07-07 00:00:00,131.83,0,4,0,147.62,157.78,267.56,145.09
2023-07-07 01:00:00,145.09,1,4,0,131.83,141.51333333333335,210.2166666666667,197.1
2023-07-07 02:00:00,197.1,2,4,0,145.09,158.00666666666666,162.07000000000002,164.37
2023-07-07 03:00:00,164.37,3,4,0,197.1,168.85333333333332,163.3166666666667,112.23
2023-07-07 04:00:00,112.23,4,4,0,164.37,157.9,149.7066666666667,163.24
2023-07-07 05:00:00,163.24,5,4,0,112.23,146.61333333333334,152.31000000000003,160.89
2023-07-07 06:00:00,160.89,6,4,0,163.24,145.45333333333335,157.15333333333336,459.73
2023-07-07 07:00:00,459.73,7,4,0,160.89,261.2866666666667,209.59333333333336,451.59
2023-07-07 08:00:00,451.59,8,4,0,459.73,357.40333333333336,252.00833333333335,782.06
2023-07-07 09:00:00,782.06,9,4,0,451.59,564.46,354.95666666666665,829.2
2023-07-07 10:00:00,829.2,10,4,0,782.06,687.6166666666667,474.45166666666665,819.78
2023-07-07 11:00:00,819.78,11,4,0,829.2,810.3466666666667,583.875,842.36
2023-07-07 12:00:00,842.36,12,4,0,819.78,830.4466666666667,697.4533333333334,864.11
2023-07-07 13:00:00,864.11,13,4,0,842.36,842.0833333333334,764.85,898.17
2023-07-07 14:00:00,898.17,14,4,0,864.11,868.2133333333335,839.2800000000001,846.54
2023-07-07 15:00:00,846.54,15,4,0,898.17,869.6066666666666,850.0266666666668,856.13
2023-07-07 16:00:00,856.13,16,4,0,846.54,866.9466666666667,854.515,805.5
2023-07-07 17:00:00,805.5,17,4,0,856.13,836.0566666666667,852.1350000000001,762.46
2023-07-07 18:00:00,762.46,18,4,0,805.5,808.0300000000001,838.8183333333335,429.81
2023-07-07 19:00:00,429.81,19,4,0,762.46,665.9233333333334,766.435,477.19
2023-07-07 20:00:00,477.19,20,4,0,429.81,556.4866666666667,696.2716666666666,148.19
2023-07-07 21:00:00,148.19,21,4,0,477.19,351.73,579.88,159.67
2023-07-07 22:00:00,159.67,22,4,0,148.19,261.6833333333334,463.80333333333334,161.25
2023-07-07 23:00:00,161.25,23,4,0,159.67,156.37000000000003,356.42833333333334,266.71
2023-07-08 00:00:00,266.71,0,5,1,161.25,195.8766666666667,273.80333333333334,270.4
2023-07-08 01:00:00,270.4,1,5,1,266.71,232.78666666666672,247.23500000000004,273.98
2023-07-08 02:00:00,273.98,2,5,1,270.4,270.3633333333334,213.3666666666667,233.01
2023-07-08 03:00:00,233.01,3,5,1,273.98,259.13000000000005,227.50333333333333,253.75
2023-07-08 04:00:00,253.75,4,5,1,233.01,253.58,243.1833333333334,215.38
2023-07-08 05:00:00,215.38,5,5,1,253.75,234.0466666666667,252.20500000000004,226.38
2023-07-08 06:00:00,226.38,6,5,1,215.38,231.83666666666667,245.48333333333335,244.63
2023-07-08 07:00:00,244.63,7,5,1,226.38,228.7966666666667,241.18833333333336,215.31
2023-07-08 08:00:00,215.31,8,5,1,244.63,228.77333333333334,231.41,243.84
2023-07-08 09:00:00,243.84,9,5,1,215.31,234.59333333333336,233.21500000000006,205.76
2023-07-08 10:00:00,205.76,10,5,1,243.84,221.63666666666668,225.21666666666673,226.12
2023-07-08 11:00:00,226.12,11,5,1,205.76,225.24,227.0066666666667,234.79
2023-07-08 12:00:00,234.79,12,5,1,226.12,222.22333333333336,228.4083333333334,226.44
2023-07-08 13:00:00,226.44,13,5,1,234.79,229.11666666666667,225.3766666666667,237.69
2023-07-08 14:00:00,237.69,14,5,1,226.44,232.97333333333336,229.1066666666667,249.41
2023-07-08 15:00:00,249.41,15,5,1,237.69,237.8466666666667,230.035,232.45
2023-07-08 16:00:00,232.45,16,5,1,249.41,239.85000000000002,234.48333333333335,226.72
2023-07-08 17:00:00,226.72,17,5,1,232.45,236.19333333333336,234.58333333333337,243.82
2023-07-08 18:00:00,243.82,18,5,1,226.72,234.33,236.08833333333337,235.53
2023-07-08 19:00:00,235.53,19,5,1,243.82,235.35666666666668,237.60333333333335,237.93
2023-07-08 20:00:00,237.93,20,5,1,235.53,239.09333333333336,237.64333333333335,244.33
2023-07-08 21:00:00,244.33,21,5,1,237.93,239.26333333333335,236.7966666666667,247.08
2023-07-08 22:00:00,247.08,22,5,1,244.33,243.11333333333337,239.23500000000004,249.45
2023-07-08 23:00:00,249.45,23,5,1,247.08,246.95333333333335,243.0233333333334,237.21
2023-07-09 00:00:00,237.21,0,6,1,249.45,244.58,241.9216666666667,221.5
2023-07-09 01:00:00,221.5,1,6,1,237.21,236.05333333333337,239.5833333333334,252.53
2023-07-09 02:00:00,252.53,2,6,1,221.5,237.08000000000004,242.01666666666674,236.66
2023-07-09 03:00:00,236.66,3,6,1,252.53,236.89666666666668,240.73833333333337,234.66
2023-07-09 04:00:00,234.66,4,6,1,236.66,241.28333333333333,238.66833333333338,259.04
2023-07-09 05:00:00,259.04,5,6,1,234.66,243.45333333333338,240.26666666666668,242.07
2023-07-09 06:00:00,242.07,6,6,1,259.04,245.2566666666667,241.0766666666667,217.39
2023-07-09 07:00:00,217.39,7,6,1,242.07,239.50000000000003,240.39166666666668,247.95
2023-07-09 08:00:00,247.95,8,6,1,217.39,235.80333333333337,239.62833333333333,258.34
2023-07-09 09:00:00,258.34,9,6,1,247.95,241.2266666666667,243.2416666666667,262.99
2023-07-09 10:00:00,262.99,10,6,1,258.34,256.4266666666667,247.96333333333337,247.14
2023-07-09 11:00:00,247.14,11,6,1,262.99,256.1566666666667,245.98000000000002,247.08
2023-07-09 12:00:00,247.08,12,6,1,247.14,252.40333333333334,246.81500000000005,283.64
2023-07-09 13:00:00,283.64,13,6,1,247.08,259.2866666666667,257.8566666666667,227.78
2023-07-09 14:00:00,227.78,14,6,1,283.64,252.83333333333334,254.495,263.78
2023-07-09 15:00:00,263.78,15,6,1,227.78,258.4,255.40166666666667,243.67
2023-07-09 16:00:00,243.67,16,6,1,263.78,245.07666666666663,252.1816666666667,249.13
2023-07-09 17:00:00,249.13,17,6,1,243.67,252.1933333333333,252.51333333333335,203.49
2023-07-09 18:00:00,203.49,18,6,1,249.13,232.09666666666666,245.24833333333333,238.12
2023-07-09 19:00:00,238.12,19,6,1,203.49,230.24666666666667,237.66166666666672,214.05
2023-07-09 20:00:00,214.05,20,6,1,238.12,218.55333333333337,235.37333333333336,219.36
2023-07-09 21:00:00,219.36,21,6,1,214.05,223.84333333333336,227.97000000000003,306.52
2023-07-09 22:00:00,306.52,22,6,1,219.36,246.64333333333335,238.44500000000002,216.84
2023-07-09 23:00:00,216.84,23,6,1,306.52,247.57333333333335,233.0633333333334,188.12
2023-07-10 00:00:00,188.12,0,0,0,216.84,237.16,230.5016666666667,174.58
2023-07-10 01:00:00,174.58,1,0,0,188.12,193.17999999999998,219.91166666666672,147.15
2023-07-10 02:00:00,147.15,2,0,0,174.58,169.95000000000002,208.76166666666668,138.76
2023-07-10 03:00:00,138.76,3,0,0,147.15,153.49666666666667,195.32833333333338,152.4
2023-07-10 04:00:00,152.4,4,0,0,138.76,146.10333333333332,169.6416666666667,164.22
2023-07-10 05:00:00,164.22,5,0,0,152.4,151.79333333333332,160.8716666666667,149.14
2023-07-10 06:00:00,149.14,6,0,0,164.22,155.25333333333333,154.37500000000003,482.68
2023-07-10 07:00:00,482.68,7,0,0,149.14,265.34666666666664,205.72500000000005,494.37
2023-07-10 08:00:00,494.37,8,0,0,482.68,375.3966666666667,263.595,804.05
2023-07-10 09:00:00,804.05,9,0,0,494.37,593.6999999999999,374.4766666666667,812.03
2023-07-10 10:00:00,812.03,10,0,0,804.05,703.4833333333332,484.41499999999996,845.05
2023-07-10 11:00:00,845.05,11,0,0,812.03,820.3766666666667,597.8866666666667,862.93
2023-07-10 12:00:00,862.93,12,0,0,845.05,840.0033333333332,716.8516666666668,878.36
2023-07-10 13:00:00,878.36,13,0,0,862.93,862.1133333333333,782.7983333333333,901.35
2023-07-10 14:00:00,901.35,14,0,0,878.36,880.88,850.6283333333334,883.25
2023-07-10 15:00:00,883.25,15,0,0,901.35,887.6533333333333,863.8283333333334,844.97
2023-07-10 16:00:00,844.97,16,0,0,883.25,876.5233333333334,869.3183333333333,837.44
2023-07-10 17:00:00,837.44,17,0,0,844.97,855.2200000000001,868.0500000000001,788.26
2023-07-10 18:00:00,788.26,18,0,0,837.44,823.5566666666667,855.6050000000001,505.44
2023-07-10 19:00:00,505.44,19,0,0,788.26,710.38,793.4516666666667,462.96
2023-07-10 20:00:00,462.96,20,0,0,505.44,585.5533333333333,720.3866666666667,133.85
2023-07-10 21:00:00,133.85,21,0,0,462.96,367.4166666666667,595.4866666666667,186.11
2023-07-10 22:00:00,186.11,22,0,0,133.85,260.9733333333333,485.67666666666673,162.36
2023-07-10 23:00:00,162.36,23,0,0,186.11,160.77333333333334,373.1633333333334,151.3
2023-07-11 00:00:00,151.3,0,1,0,162.36,166.59,267.0033333333334,154.77
2023-07-11 01:00:00,154.77,1,1,0,151.3,156.14333333333335,208.5583333333334,154.43
2023-07-11 02:00:00,154.43,2,1,0,154.77,153.50000000000003,157.1366666666667,174.34
2023-07-11 03:00:00,174.34,3,1,0,154.43,161.18000000000004,163.88500000000005,143.7
2023-07-11 04:00:00,143.7,4,1,0,174.34,157.49,156.8166666666667,150.04
2023-07-11 05:00:00,150.04,5,1,0,143.7,156.02666666666667,154.76333333333335,140.7
2023-07-11 06:00:00,140.7,6,1,0,150.04,144.81333333333333,152.9966666666667,521.09
2023-07-11 07:00:00,521.09,7,1,0,140.7,270.61,214.05000000000004,478.09
2023-07-11 08:00:00,478.09,8,1,0,521.09,379.96,267.9933333333334,807.29
2023-07-11 09:00:00,807.29,9,1,0,478.09,602.1566666666666,373.48500000000007,834.18
2023-07-11 10:00:00,834.18,10,1,0,807.29,706.5199999999999,488.565,877.72
2023-07-11 11:00:00,877.72,11,1,0,834.18,839.7299999999999,609.845,876.87
2023-07-11 12:00:00,876.87,12,1,0,877.72,862.9233333333333,732.54,859.86
2023-07-11 13:00:00,859.86,13,1,0,876.87,871.4833333333332,789.0016666666667,855.56
2023-07-11 14:00:00,855.56,14,1,0,859.86,864.0966666666667,851.9133333333333,866.55
2023-07-11 15:00:00,866.55,15,1,0,855.56,860.6566666666666,861.79,832.88
2023-07-11 16:00:00,832.88,16,1,0,866.55,851.6633333333333,861.5733333333334,879.23
2023-07-11 17:00:00,879.23,17,1,0,832.88,859.5533333333333,861.8250000000002,814.63
2023-07-11 18:00:00,814.63,18,1,0,879.23,842.2466666666666,851.4516666666667,484.32
2023-07-11 19:00:00,484.32,19,1,0,814.63,726.06,788.8616666666667,473.82
2023-07-11 20:00:00,473.82,20,1,0,484.32,590.9233333333333,725.2383333333333,147.83
2023-07-11 21:00:00,147.83,21,1,0,473.82,368.6566666666666,605.4516666666667,156.5
2023-07-11 22:00:00,156.5,22,1,0,147.83,259.3833333333333,492.72166666666664,152.79
2023-07-11 23:00:00,152.79,23,1,0,156.5,152.3733333333333,371.64833333333337,174.67
2023-07-12 00:00:00,174.67,0,2,0,152.79,161.31999999999994,264.9883333333334,173.33
2023-07-12 01:00:00,173.33,1,2,0,174.67,166.92999999999995,213.15666666666667,122.05
2023-07-12 02:00:00,122.05,2,2,0,173.33,156.6833333333333,154.52833333333336,149.08
2023-07-12 03:00:00,149.08,3,2,0,122.05,148.15333333333328,154.7366666666667,129.77
2023-07-12 04:00:00,129.77,4,2,0,149.08,133.6333333333333,150.2816666666667,114.39
2023-07-12 05:00:00,114.39,5,2,0,129.77,131.07999999999996,143.8816666666667,121.48
2023-07-12 06:00:00,121.48,6,2,0,114.39,121.87999999999995,135.0166666666667,475.42
2023-07-12 07:00:00,475.42,7,2,0,121.48,237.09666666666666,185.36500000000004,485.72
2023-07-12 08:00:00,485.72,8,2,0,475.42,360.8733333333333,245.97666666666672,803.73
2023-07-12 09:00:00,803.73,9,2,0,485.72,588.29,355.08500000000004,844.12
2023-07-12 10:00:00,844.12,10,2,0,803.73,711.1899999999999,474.1433333333334,849.54
2023-07-12 11:00:00,849.54,11,2,0,844.12,832.4633333333333,596.6683333333334,847.22
2023-07-12 12:00:00,847.22,12,2,0,849.54,846.96,717.625,846.64
2023-07-12 13:00:00,846.64,13,2,0,847.22,847.8000000000001,779.495,875.35
2023-07-12 14:00:00,875.35,14,2,0,846.64,856.4033333333333,844.4333333333334,851.0
2023-07-12 15:00:00,851.0,15,2,0,875.35,857.6633333333333,852.3116666666668,853.31
2023-07-12 16:00:00,853.31,16,2,0,851.0,859.8866666666667,853.8433333333334,853.53
2023-07-12 17:00:00,853.53,17,2,0,853.31,852.6133333333333,854.5083333333333,816.96
2023-07-12 18:00:00,816.96,18,2,0,853.53,841.2666666666668,849.465,497.91
2023-07-12 19:00:00,497.91,19,2,0,816.96,722.8000000000001,791.3433333333334,469.26
2023-07-12 20:00:00,469.26,20,2,0,497.91,594.7099999999999,723.6616666666667,151.51
2023-07-12 21:00:00,151.51,21,2,0,469.26,372.89333333333326,607.08,134.03
2023-07-12 22:00:00,134.03,22,2,0,151.51,251.59999999999994,487.20000000000005,155.97
2023-07-12 23:00:00,155.97,23,2,0,134.03,147.16999999999996,370.94000000000005,183.39
2023-07-13 00:00:00,183.39,0,3,0,155.97,157.79666666666662,265.3450000000001,155.41
2023-07-13 01:00:00,155.41,1,3,0,183.39,164.9233333333333,208.26166666666668,139.29
2023-07-13 02:00:00,139.29,2,3,0,155.41,159.3633333333333,153.2666666666667,180.38
2023-07-13 03:00:00,180.38,3,3,0,139.29,158.35999999999996,158.07833333333335,186.53
2023-07-13 04:00:00,186.53,4,3,0,180.38,168.73333333333326,166.82833333333335,157.89
2023-07-13 05:00:00,157.89,5,3,0,186.53,174.93333333333328,167.14833333333337,153.28
2023-07-13 06:00:00,153.28,6,3,0,157.89,165.89999999999995,162.13000000000002,497.78
2023-07-13 07:00:00,497.78,7,3,0,153.28,269.6499999999999,219.1916666666667,487.87
2023-07-13 08:00:00,487.87,8,3,0,497.78,379.64333333333326,277.28833333333336,769.93
2023-07-13 09:00:00,769.93,9,3,0,487.87,585.1933333333333,375.5466666666667,810.8
2023-07-13 10:00:00,810.8,10,3,0,769.93,689.5333333333333,479.5916666666667,843.38
2023-07-13 11:00:00,843.38,11,3,0,810.8,808.0366666666665,593.84,843.87
2023-07-13 12:00:00,843.87,12,3,0,843.38,832.6833333333333,708.9383333333334,900.05
2023-07-13 13:00:00,900.05,13,3,0,843.87,862.4333333333333,775.9833333333332,886.36
2023-07-13 14:00:00,886.36,14,3,0,900.05,876.7599999999999,842.3983333333334,882.76
2023-07-13 15:00:00,882.76,15,3,0,886.36,889.7233333333334,861.2033333333334,845.98
2023-07-13 16:00:00,845.98,16,3,0,882.76,871.6999999999999,867.0666666666666,839.08
2023-07-13 17:00:00,839.08,17,3,0,845.98,855.9399999999999,866.35,786.8
2023-07-13 18:00:00,786.8,18,3,0,839.08,823.9533333333334,856.8383333333333,464.66
2023-07-13 19:00:00,464.66,19,3,0,786.8,696.8466666666667,784.2733333333334,485.0
2023-07-13 20:00:00,485.0,20,3,0,464.66,578.8199999999999,717.3800000000001,123.89
2023-07-13 21:00:00,123.89,21,3,0,485.0,357.84999999999997,590.9016666666668,183.27
2023-07-13 22:00:00,183.27,22,3,0,123.89,264.0533333333333,480.45000000000005,170.65
2023-07-13 23:00:00,170.65,23,3,0,183.27,159.26999999999998,369.0450000000001,160.84
2023-07-14 00:00:00,160.84,0,4,0,170.65,171.58666666666667,264.7183333333334,132.4
2023-07-14 01:00:00,132.4,1,4,0,160.84,154.62999999999997,209.3416666666667,181.27
2023-07-14 02:00:00,181.27,2,4,0,132.4,158.17,158.72000000000003,191.28
2023-07-14 03:00:00,191.28,3,4,0,181.27,168.31666666666663,169.9516666666667,168.57
2023-07-14 04:00:00,168.57,4,4,0,191.28,180.3733333333333,167.5016666666667,176.36
2023-07-14 05:00:00,176.36,5,4,0,168.57,178.73666666666665,168.45333333333338,163.42
2023-07-14 06:00:00,163.42,6,4,0,176.36,169.44999999999996,168.88333333333335,477.98
2023-07-14 07:00:00,477.98,7,4,0,163.42,272.58666666666664,226.48000000000005,460.92
2023-07-14 08:00:00,460.92,8,4,0,477.98,367.44,273.08833333333337,790.37
2023-07-14 09:00:00,790.37,9,4,0,460.92,576.4233333333333,372.9366666666667,787.86
2023-07-14 10:00:00,787.86,10,4,0,790.37,679.7166666666666,476.1516666666667,820.42
2023-07-14 11:00:00,820.42,11,4,0,787.86,799.5499999999998,583.495,856.91
2023-07-14 12:00:00,856.91,12,4,0,820.42,821.7299999999999,699.0766666666667,863.89
2023-07-14 13:00:00,863.89,13,4,0,856.91,847.0733333333333,763.3950000000001,831.7
2023-07-14 14:00:00,831.7,14,4,0,863.89,850.8333333333334,825.1916666666667,870.09
2023-07-14 15:00:00,870.09,15,4,0,831.7,855.2266666666668,838.4783333333335,837.31
2023-07-14 16:00:00,837.31,16,4,0,870.09,846.3666666666667,846.7199999999999,839.04
2023-07-14 17:00:00,839.04,17,4,0,837.31,848.8133333333332,849.8233333333333,804.54
2023-07-14 18:00:00,804.54,18,4,0,839.04,826.9633333333331,841.0949999999999,501.3
2023-07-14 19:00:00,501.3,19,4,0,804.54,714.9599999999999,780.6633333333334,473.82
2023-07-14 20:00:00,473.82,20,4,0,501.3,593.2199999999999,721.0166666666668,175.32
2023-07-14 21:00:00,175.32,21,4,0,473.82,383.47999999999996,605.2216666666667,160.09
2023-07-14 22:00:00,160.09,22,4,0,175.32,269.7433333333333,492.3516666666667,157.85
2023-07-14 23:00:00,157.85,23,4,0,160.09,164.41999999999996,378.82,262.18
2023-07-15 00:00:00,262.18,0,5,1,157.85,193.3733333333333,288.4266666666667,276.48
2023-07-15 01:00:00,276.48,1,5,1,262.18,232.16999999999996,250.9566666666667,236.1
2023-07-15 02:00:00,236.1,2,5,1,276.48,258.2533333333333,211.3366666666667,230.73
2023-07-15 03:00:00,230.73,3,5,1,236.1,247.76999999999998,220.57166666666672,243.61
2023-07-15 04:00:00,243.61,4,5,1,230.73,236.81333333333328,234.4916666666667,236.05
2023-07-15 05:00:00,236.05,5,5,1,243.61,236.79666666666662,247.52500000000006,256.33
2023-07-15 06:00:00,256.33,6,5,1,236.05,245.32999999999996,246.55000000000004,238.17
2023-07-15 07:00:00,238.17,7,5,1,256.33,243.51666666666662,240.16500000000005,274.77
2023-07-15 08:00:00,274.77,8,5,1,238.17,256.42333333333323,246.61000000000004,263.46
2023-07-15 09:00:00,263.46,9,5,1,274.77,258.79999999999995,252.06500000000003,247.39
2023-07-15 10:00:00,247.39,10,5,1,263.46,261.8733333333333,252.69500000000005,221.38
2023-07-15 11:00:00,221.38,11,5,1,247.39,244.0766666666666,250.25,251.31
2023-07-15 12:00:00,251.31,12,5,1,221.38,240.0266666666666,249.41333333333333,229.84
2023-07-15 13:00:00,229.84,13,5,1,251.31,234.17666666666662,248.025,257.97
2023-07-15 14:00:00,257.97,14,5,1,229.84,246.3733333333333,245.22500000000002,237.69
2023-07-15 15:00:00,237.69,15,5,1,257.97,241.8333333333333,240.93000000000006,257.44
2023-07-15 16:00:00,257.44,16,5,1,237.69,251.0333333333333,242.60500000000002,241.5
2023-07-15 17:00:00,241.5,17,5,1,257.44,245.5433333333333,245.9583333333334,217.52
2023-07-15 18:00:00,217.52,18,5,1,241.5,238.81999999999994,240.32666666666674,246.49
2023-07-15 19:00:00,246.49,19,5,1,217.52,235.16999999999996,243.10166666666672,293.65
2023-07-15 20:00:00,293.65,20,5,1,246.49,252.55333333333328,249.04833333333337,234.94
2023-07-15 21:00:00,234.94,21,5,1,293.65,258.35999999999996,248.59000000000003,180.88
2023-07-15 22:00:00,180.88,22,5,1,234.94,236.48999999999992,235.83000000000004,236.76
2023-07-15 23:00:00,236.76,23,5,1,180.88,217.52666666666664,235.04,236.71
2023-07-16 00:00:00,236.71,0,6,1,236.76,218.11666666666665,238.23833333333334,235.41
2023-07-16 01:00:00,235.41,1,6,1,236.71,236.2933333333333,236.39166666666668,213.63
2023-07-16 02:00:00,213.63,2,6,1,235.41,228.5833333333333,223.05500000000004,228.35
2023-07-16 03:00:00,228.35,3,6,1,213.63,225.79666666666662,221.9566666666667,241.93
2023-07-16 04:00:00,241.93,4,6,1,228.35,227.96999999999994,232.1316666666667,248.42
2023-07-16 05:00:00,248.42,5,6,1,241.93,239.5666666666666,234.07500000000005,252.26
2023-07-16 06:00:00,252.26,6,6,1,248.42,247.53666666666663,236.6666666666667,221.07
2023-07-16 07:00:00,221.07,7,6,1,252.26,240.5833333333333,234.27666666666667,237.36
2023-07-16 08:00:00,237.36,8,6,1,221.07,236.89666666666662,238.2316666666667,221.44
2023-07-16 09:00:00,221.44,9,6,1,237.36,226.6233333333333,237.08,242.57
2023-07-16 10:00:00,242.57,10,6,1,221.44,233.78999999999996,237.18666666666672,207.53
2023-07-16 11:00:00,207.53,11,6,1,242.57,223.8466666666666,230.3716666666667,213.3
2023-07-16 12:00:00,213.3,12,6,1,207.53,221.1333333333333,223.87833333333336,231.97
2023-07-16 13:00:00,231.97,13,6,1,213.3,217.6,225.69500000000005,236.61
2023-07-16 14:00:00,236.61,14,6,1,231.97,227.2933333333333,225.57000000000002,254.89
2023-07-16 15:00:00,254.89,15,6,1,236.61,241.1566666666666,231.145,242.43
2023-07-16 16:00:00,242.43,16,6,1,254.89,244.6433333333333,231.1216666666667,225.14
2023-07-16 17:00:00,225.14,17,6,1,242.43,240.81999999999994,234.0566666666667,241.52
2023-07-16 18:00:00,241.52,18,6,1,225.14,236.36333333333332,238.76000000000002,207.4
2023-07-16 19:00:00,207.4,19,6,1,241.52,224.68666666666664,234.66500000000005,269.59
2023-07-16 20:00:00,269.59,20,6,1,207.4,239.5033333333333,240.16166666666666,258.04
2023-07-16 21:00:00,258.04,21,6,1,269.59,245.01,240.68666666666672,219.78
2023-07-16 22:00:00,219.78,22,6,1,258.04,249.13666666666663,236.91166666666672,261.9
2023-07-16 23:00:00,261.9,23,6,1,219.78,246.5733333333333,243.03833333333338,145.38
2023-07-17 00:00:00,145.38,0,0,0,261.9,209.01999999999998,227.01500000000001,181.95
2023-07-17 01:00:00,181.95,1,0,0,145.38,196.40999999999997,222.77333333333334,172.84
2023-07-17 02:00:00,172.84,2,0,0,181.95,166.72333333333333,206.6483333333334,158.85
2023-07-17 03:00:00,158.85,3,0,0,172.84,171.21333333333328,190.1166666666667,154.34
2023-07-17 04:00:00,154.34,4,0,0,158.85,162.01,179.21000000000004,146.08
2023-07-17 05:00:00,146.08,5,0,0,154.34,153.08999999999997,159.90666666666672,159.95
2023-07-17 06:00:00,159.95,6,0,0,146.08,153.45666666666665,162.33500000000004,469.92
2023-07-17 07:00:00,469.92,7,0,0,159.95,258.65000000000003,210.33000000000004,494.91
2023-07-17 08:00:00,494.91,8,0,0,469.92,374.9266666666667,264.0083333333334,806.77
2023-07-17 09:00:00,806.77,9,0,0,494.91,590.5333333333333,371.99500000000006,833.0
2023-07-17 10:00:00,833.0,10,0,0,806.77,711.56,485.105,802.08
2023-07-17 11:00:00,802.08,11,0,0,833.0,813.9499999999999,594.4383333333334,868.23
2023-07-17 12:00:00,868.23,12,0,0,802.08,834.4366666666666,712.4850000000001,887.47
2023-07-17 13:00:00,887.47,13,0,0,868.23,852.5933333333334,782.0766666666668,894.5
2023-07-17 14:00:00,894.5,14,0,0,887.47,883.4000000000001,848.6750000000002,899.29
2023-07-17 15:00:00,899.29,15,0,0,894.5,893.7533333333334,864.0949999999999,857.54
2023-07-17 16:00:00,857.54,16,0,0,899.29,883.7766666666666,868.1850000000001,804.82
2023-07-17 17:00:00,804.82,17,0,0,857.54,853.8833333333332,868.6416666666668,806.18
2023-07-17 18:00:00,806.18,18,0,0,804.82,822.8466666666667,858.3000000000002,459.89
2023-07-17 19:00:00,459.89,19,0,0,806.18,690.2966666666666,787.0366666666667,466.53
2023-07-17 20:00:00,466.53,20,0,0,459.89,577.5333333333333,715.7083333333334,163.09
2023-07-17 21:00:00,163.09,21,0,0,466.53,363.17,593.0083333333333,151.17
2023-07-17 22:00:00,151.17,22,0,0,163.09,260.2633333333333,475.28000000000003,140.23
2023-07-17 23:00:00,140.23,23,0,0,151.17,151.49666666666667,364.51500000000004,179.59
2023-07-18 00:00:00,179.59,0,1,0,140.23,156.99666666666664,260.08333333333337,202.0
2023-07-18 01:00:00,202.0,1,1,0,179.59,173.93999999999997,217.1016666666667,173.53
2023-07-18 02:00:00,173.53,2,1,0,202.0,185.04,168.26833333333337,148.08
2023-07-18 03:00:00,148.08,3,1,0,173.53,174.53666666666666,165.76666666666668,177.03
2023-07-18 04:00:00,177.03,4,1,0,148.08,166.21333333333334,170.0766666666667,143.24
2023-07-18 05:00:00,143.24,5,1,0,177.03,156.11666666666667,170.57833333333338,142.88
2023-07-18 06:00:00,142.88,6,1,0,143.24,154.38333333333333,164.46000000000006,461.13
2023-07-18 07:00:00,461.13,7,1,0,142.88,249.08333333333334,207.6483333333334,479.94
2023-07-18 08:00:00,479.94,8,1,0,461.13,361.31666666666666,258.7166666666667,790.36
2023-07-18 09:00:00,790.36,9,1,0,479.94,577.1433333333333,365.7633333333334,816.13
2023-07-18 10:00:00,816.13,10,1,0,790.36,695.4766666666666,472.28000000000003,845.22
2023-07-18 11:00:00,845.22,11,1,0,816.13,817.2366666666667,589.2766666666668,858.28
2023-07-18 12:00:00,858.28,12,1,0,845.22,839.8766666666667,708.5100000000001,832.55
2023-07-18 13:00:00,832.55,13,1,0,858.28,845.3499999999999,770.4133333333334,895.26
2023-07-18 14:00:00,895.26,14,1,0,832.55,862.0300000000001,839.6333333333333,867.83
2023-07-18 15:00:00,867.83,15,1,0,895.26,865.2133333333333,852.5450000000001,837.68
2023-07-18 16:00:00,837.68,16,1,0,867.83,866.9233333333333,856.1366666666667,829.19
2023-07-18 17:00:00,829.19,17,1,0,837.68,844.9,853.465,783.67
2023-07-18 18:00:00,783.67,18,1,0,829.19,816.8466666666667,841.0300000000001,498.95
2023-07-18 19:00:00,498.95,19,1,0,783.67,703.9366666666666,785.43,507.07
2023-07-18 20:00:00,507.07,20,1,0,498.95,596.5633333333334,720.7316666666667,159.04
2023-07-18 21:00:00,159.04,21,1,0,507.07,388.3533333333333,602.6,128.95
2023-07-18 22:00:00,128.95,22,1,0,159.04,265.0199999999999,484.4783333333334,154.37
2023-07-18 23:00:00,154.37,23,1,0,128.95,147.4533333333333,372.0083333333334,149.33
2023-07-19 00:00:00,149.33,0,2,0,154.37,144.21666666666664,266.285,183.39
2023-07-19 01:00:00,183.39,1,2,0,149.33,162.36333333333332,213.6916666666667,162.97
2023-07-19 02:00:00,162.97,2,2,0,183.39,165.23,156.3416666666667,167.71
2023-07-19 03:00:00,167.71,3,2,0,162.97,171.35666666666665,157.78666666666672,140.77
2023-07-19 04:00:00,140.77,4,2,0,167.71,157.14999999999998,159.7566666666667,114.4
2023-07-19 05:00:00,114.4,5,2,0,140.77,140.95999999999995,153.09500000000003,180.95
2023-07-19 06:00:00,180.95,6,2,0,114.4,145.3733333333333,158.36500000000004,488.95
2023-07-19 07:00:00,488.95,7,2,0,180.95,261.43333333333334,209.2916666666667,492.34
2023-07-19 08:00:00,492.34,8,2,0,488.95,387.41333333333324,264.18666666666667,809.66
2023-07-19 09:00:00,809.66,9,2,0,492.34,596.9833333333332,371.17833333333334,790.0
2023-07-19 10:00:00,790.0,10,2,0,809.66,697.3333333333334,479.3833333333334,857.16
2023-07-19 11:00:00,857.16,11,2,0,790.0,818.9399999999999,603.1766666666667,856.02
2023-07-19 12:00:00,856.02,12,2,0,857.16,834.3933333333333,715.6883333333334,903.81
2023-07-19 13:00:00,903.81,13,2,0,856.02,872.3299999999999,784.8316666666666,909.58
2023-07-19 14:00:00,909.58,14,2,0,903.81,889.8033333333333,854.3716666666666,831.78
2023-07-19 15:00:00,831.78,15,2,0,909.58,881.7233333333334,858.0583333333334,876.53
2023-07-19 16:00:00,876.53,16,2,0,831.78,872.63,872.48,812.76
2023-07-19 17:00:00,812.76,17,2,0,876.53,840.3566666666666,865.08,806.31
2023-07-19 18:00:00,806.31,18,2,0,812.76,831.8666666666664,856.7950000000001,498.13
2023-07-19 19:00:00,498.13,19,2,0,806.31,705.7333333333332,789.1816666666667,492.69
2023-07-19 20:00:00,492.69,20,2,0,498.13,599.0433333333332,719.6999999999999,149.96
2023-07-19 21:00:00,149.96,21,2,0,492.69,380.26,606.0633333333334,149.94
2023-07-19 22:00:00,149.94,22,2,0,149.96,264.19666666666666,484.9650000000001,140.82
2023-07-19 23:00:00,140.82,23,2,0,149.94,146.90666666666664,372.97499999999997,144.33
2023-07-20 00:00:00,144.33,0,3,0,140.82,145.02999999999994,262.64500000000004,170.92
2023-07-20 01:00:00,170.92,1,3,0,144.33,152.02333333333328,208.11000000000004,181.81
2023-07-20 02:00:00,181.81,2,3,0,170.92,165.68666666666664,156.2966666666667,123.62
2023-07-20 03:00:00,123.62,3,3,0,181.81,158.7833333333333,151.90666666666672,185.87
2023-07-20 04:00:00,185.87,4,3,0,123.62,163.76666666666665,157.89500000000004,145.21
2023-07-20 05:00:00,145.21,5,3,0,185.87,151.56666666666663,158.6266666666667,140.08
2023-07-20 06:00:00,140.08,6,3,0,145.21,157.0533333333333,157.91833333333338,508.96
2023-07-20 07:00:00,508.96,7,3,0,140.08,264.74999999999994,214.25833333333335,459.99
2023-07-20 08:00:00,459.99,8,3,0,508.96,369.67666666666656,260.6216666666667,793.44
2023-07-20 09:00:00,793.44,9,3,0,459.99,587.4633333333333,372.2583333333334,834.49
2023-07-20 10:00:00,834.49,10,3,0,793.44,695.9733333333334,480.36166666666674,844.54
2023-07-20 11:00:00,844.54,11,3,0,834.49,824.1566666666668,596.9166666666667,894.75
2023-07-20 12:00:00,894.75,12,3,0,844.54,857.9266666666666,722.695,894.85
2023-07-20 13:00:00,894.85,13,3,0,894.75,878.0466666666666,787.0100000000001,876.27
2023-07-20 14:00:00,876.27,14,3,0,894.85,888.6233333333333,856.39,896.77
2023-07-20 15:00:00,896.77,15,3,0,876.27,889.2966666666666,873.6116666666667,892.6
2023-07-20 16:00:00,892.6,16,3,0,896.77,888.5466666666666,883.2966666666667,826.75
2023-07-20 17:00:00,826.75,17,3,0,892.6,872.04,880.3316666666668,812.82
2023-07-20 18:00:00,812.82,18,3,0,826.75,844.0566666666667,866.6766666666667,491.23
2023-07-20 19:00:00,491.23,19,3,0,812.82,710.2666666666668,799.4066666666668,480.31
2023-07-20 20:00:00,480.31,20,3,0,491.23,594.7866666666667,733.4133333333334,146.9
2023-07-20 21:00:00,146.9,21,3,0,480.31,372.8133333333333,608.4350000000001,150.64
2023-07-20 22:00:00,150.64,22,3,0,146.9,259.2833333333333,484.77500000000003,161.35
2023-07-20 23:00:00,161.35,23,3,0,150.64,152.96333333333328,373.875,169.91
2023-07-21 00:00:00,169.91,0,4,0,161.35,160.6333333333333,266.72333333333336,166.3
2023-07-21 01:00:00,166.3,1,4,0,169.91,165.85333333333332,212.56833333333338,168.69
2023-07-21 02:00:00,168.69,2,4,0,166.3,168.29999999999995,160.63166666666672,126.97
2023-07-21 03:00:00,126.97,3,4,0,168.69,153.98666666666665,157.31000000000003,159.24
2023-07-21 04:00:00,159.24,4,4,0,126.97,151.6333333333333,158.74333333333337,157.66
2023-07-21 05:00:00,157.66,5,4,0,159.24,147.95666666666662,158.1283333333334,181.06
2023-07-21 06:00:00,181.06,6,4,0,157.66,165.98666666666665,159.9866666666667,510.85
2023-07-21 07:00:00,510.85,7,4,0,181.06,283.19,217.41166666666672,440.78
2023-07-21 08:00:00,440.78,8,4,0,510.85,377.56333333333333,262.76000000000005,793.98
2023-07-21 09:00:00,793.98,9,4,0,440.78,581.87,373.92833333333334,822.13
2023-07-21 10:00:00,822.13,10,4,0,793.98,685.63,484.4100000000001,851.38
2023-07-21 11:00:00,851.38,11,4,0,822.13,822.4966666666666,600.0300000000001,860.74
2023-07-21 12:00:00,860.74,12,4,0,851.38,844.75,713.3100000000001,919.8
2023-07-21 13:00:00,919.8,13,4,0,860.74,877.3066666666667,781.4683333333334,872.68
2023-07-21 14:00:00,872.68,14,4,0,919.8,884.4066666666666,853.4516666666667,858.73
2023-07-21 15:00:00,858.73,15,4,0,872.68,883.7366666666667,864.2433333333333,870.41
2023-07-21 16:00:00,870.41,16,4,0,858.73,867.2733333333332,872.29,774.5
2023-07-21 17:00:00,774.5,17,4,0,870.41,834.5466666666666,859.4766666666668,798.87
2023-07-21 18:00:00,798.87,18,4,0,774.5,814.5933333333332,849.165,473.79
2023-07-21 19:00:00,473.79,19,4,0,798.87,682.3866666666667,774.83,473.87
2023-07-21 20:00:00,473.87,20,4,0,473.79,582.1766666666666,708.3616666666667,121.08
2023-07-21 21:00:00,121.08,21,4,0,473.87,356.24666666666667,585.4200000000001,173.87
2023-07-21 22:00:00,173.87,22,4,0,121.08,256.2733333333333,469.3300000000001,186.4
2023-07-21 23:00:00,186.4,23,4,0,173.87,160.44999999999996,371.31333333333333,225.33
2023-07-22 00:00:00,225.33,0,5,1,186.4,195.19999999999996,275.7233333333334,266.34
2023-07-22 01:00:00,266.34,1,5,1,225.33,226.0233333333333,241.14833333333334,231.67
2023-07-22 02:00:00,231.67,2,5,1,266.34,241.11333333333332,200.78166666666672,246.76
2023-07-22 03:00:00,246.76,3,5,1,231.67,248.25666666666663,221.72833333333335,254.34
2023-07-22 04:00:00,254.34,4,5,1,246.76,244.25666666666663,235.14000000000001,194.45
2023-07-22 05:00:00,194.45,5,5,1,254.34,231.85,236.48166666666668,249.11
2023-07-22 06:00:00,249.11,6,5,1,194.45,232.6333333333333,240.44500000000002,253.01
2023-07-22 07:00:00,253.01,7,5,1,249.11,232.18999999999997,238.22333333333336,245.43
2023-07-22 08:00:00,245.43,8,5,1,253.01,249.1833333333333,240.51666666666668,270.23
2023-07-22 09:00:00,270.23,9,5,1,245.43,256.2233333333333,244.42833333333337,225.61
2023-07-22 10:00:00,225.61,10,5,1,270.23,247.09,239.64000000000007,240.38
2023-07-22 11:00:00,240.38,11,5,1,225.61,245.40666666666664,247.29500000000004,265.39
2023-07-22 12:00:00,265.39,12,5,1,240.38,243.7933333333333,250.0083333333334,250.43
2023-07-22 13:00:00,250.43,13,5,1,265.39,252.0666666666666,249.57833333333338,208.76
2023-07-22 14:00:00,208.76,14,5,1,250.43,241.52666666666664,243.4666666666667,275.22
2023-07-22 15:00:00,275.22,15,5,1,208.76,244.80333333333328,244.2983333333334,203.57
2023-07-22 16:00:00,203.57,16,5,1,275.22,229.1833333333333,240.62500000000003,227.2
2023-07-22 17:00:00,227.2,17,5,1,203.57,235.32999999999996,238.42833333333337,248.3
2023-07-22 18:00:00,248.3,18,5,1,227.2,226.35666666666665,235.58000000000004,199.0
2023-07-22 19:00:00,199.0,19,5,1,248.3,224.8333333333333,227.00833333333335,228.21
2023-07-22 20:00:00,228.21,20,5,1,199.0,225.16999999999996,230.25000000000009,222.67
2023-07-22 21:00:00,222.67,21,5,1,228.21,216.62666666666664,221.49166666666667,252.35
2023-07-22 22:00:00,252.35,22,5,1,222.67,234.40999999999997,229.6216666666667,211.73
2023-07-22 23:00:00,211.73,23,5,1,252.35,228.9166666666666,227.04333333333338,221.07
2023-07-23 00:00:00,221.07,0,6,1,211.73,228.3833333333333,222.50500000000002,225.15
2023-07-23 01:00:00,225.15,1,6,1,221.07,219.3166666666666,226.86333333333334,245.2
2023-07-23 02:00:00,245.2,2,6,1,225.15,230.47333333333327,229.69500000000002,237.37
2023-07-23 03:00:00,237.37,3,6,1,245.2,235.90666666666664,232.14500000000007,237.36
2023-07-23 04:00:00,237.36,4,6,1,237.37,239.97666666666666,229.64666666666668,250.28
2023-07-23 05:00:00,250.28,5,6,1,237.36,241.66999999999996,236.0716666666667,202.72
2023-07-23 06:00:00,202.72,6,6,1,250.28,230.11999999999998,233.01333333333335,208.37
2023-07-23 07:00:00,208.37,7,6,1,202.72,220.45666666666662,230.21666666666673,240.66
2023-07-23 08:00:00,240.66,8,6,1,208.37,217.24999999999997,229.46000000000004,244.46
2023-07-23 09:00:00,244.46,9,6,1,240.66,231.1633333333333,230.64166666666668,239.15
2023-07-23 10:00:00,239.15,10,6,1,244.46,241.4233333333333,230.94000000000005,221.53
2023-07-23 11:00:00,221.53,11,6,1,239.15,235.04666666666662,226.1483333333334,253.55
2023-07-23 12:00:00,253.55,12,6,1,221.53,238.07666666666663,234.62000000000003,245.46
2023-07-23 13:00:00,245.46,13,6,1,253.55,240.17999999999998,240.8016666666667,258.88
2023-07-23 14:00:00,258.88,14,6,1,245.46,252.62999999999997,243.83833333333337,245.39
2023-07-23 15:00:00,245.39,15,6,1,258.88,249.90999999999994,243.99333333333337,204.34
2023-07-23 16:00:00,204.34,16,6,1,245.39,236.2033333333333,238.1916666666667,278.53
2023-07-23 17:00:00,278.53,17,6,1,204.34,242.7533333333333,247.6916666666667,233.43
2023-07-23 18:00:00,233.43,18,6,1,278.53,238.76666666666665,244.33833333333337,199.88
2023-07-23 19:00:00,199.88,19,6,1,233.43,237.27999999999997,236.7416666666667,243.66
2023-07-23 20:00:00,243.66,20,6,1,199.88,225.65666666666664,234.205,256.29
2023-07-23 21:00:00,256.29,21,6,1,243.66,233.27666666666664,236.02166666666668,227.02
2023-07-23 22:00:00,227.02,22,6,1,256.29,242.3233333333333,239.80166666666673,257.03
2023-07-23 23:00:00,257.03,23,6,1,227.02,246.77999999999997,236.21833333333333,149.25
2023-07-24 00:00:00,149.25,0,0,0,257.03,211.09999999999994,222.18833333333336,152.39
2023-07-24 01:00:00,152.39,1,0,0,149.25,186.22333333333327,214.27333333333334,111.32
2023-07-24 02:00:00,111.32,2,0,0,152.39,137.65333333333328,192.2166666666667,193.05
2023-07-24 03:00:00,193.05,3,0,0,111.32,152.2533333333333,181.6766666666667,169.9
2023-07-24 04:00:00,169.9,4,0,0,193.05,158.08999999999995,172.15666666666672,132.19
2023-07-24 05:00:00,132.19,5,0,0,169.9,165.04666666666662,151.35000000000005,190.48
2023-07-24 06:00:00,190.48,6,0,0,132.19,164.18999999999997,158.2216666666667,481.84
2023-07-24 07:00:00,481.84,7,0,0,190.48,268.1699999999999,213.13000000000002,494.93
2023-07-24 08:00:00,494.93,8,0,0,481.84,389.0833333333333,277.06500000000005,824.87
2023-07-24 09:00:00,824.87,9,0,0,494.93,600.5466666666666,382.36833333333334,839.12
2023-07-24 10:00:00,839.12,10,0,0,824.87,719.64,493.905,829.56
2023-07-24 11:00:00,829.56,11,0,0,839.12,831.1833333333333,610.1333333333333,875.3
2023-07-24 12:00:00,875.3,12,0,0,829.56,847.9933333333333,724.27,892.26
2023-07-24 13:00:00,892.26,13,0,0,875.3,865.7066666666666,792.6733333333333,883.94
2023-07-24 14:00:00,883.94,14,0,0,892.26,883.8333333333334,857.5083333333333,906.27
2023-07-24 15:00:00,906.27,15,0,0,883.94,894.1566666666666,871.0749999999999,840.57
2023-07-24 16:00:00,840.57,16,0,0,906.27,876.9266666666666,871.3166666666666,833.77
2023-07-24 17:00:00,833.77,17,0,0,840.57,860.2033333333333,872.0183333333334,787.13
2023-07-24 18:00:00,787.13,18,0,0,833.77,820.4899999999999,857.3233333333334,484.94
2023-07-24 19:00:00,484.94,19,0,0,787.13,701.9466666666666,789.4366666666666,510.4
2023-07-24 20:00:00,510.4,20,0,0,484.94,594.1566666666666,727.18,141.6
2023-07-24 21:00:00,141.6,21,0,0,510.4,378.97999999999996,599.735,130.33
2023-07-24 22:00:00,130.33,22,0,0,141.6,260.7766666666666,481.3616666666667,135.93
2023-07-24 23:00:00,135.93,23,0,0,130.33,135.9533333333333,365.05500000000006,155.76
2023-07-25 00:00:00,155.76,0,1,0,135.93,140.6733333333333,259.8266666666667,153.26
2023-07-25 01:00:00,153.26,1,1,0,155.76,148.31666666666663,204.5466666666667,164.01
2023-07-25 02:00:00,164.01,2,1,0,153.26,157.67666666666662,146.81500000000003,153.87
2023-07-25 03:00:00,153.87,3,1,0,164.01,157.04666666666662,148.86000000000004,174.36
2023-07-25 04:00:00,174.36,4,1,0,153.87,164.07999999999996,156.19833333333338,137.86
2023-07-25 05:00:00,137.86,5,1,0,174.36,155.36333333333332,156.52,195.4
2023-07-25 06:00:00,195.4,6,1,0,137.86,169.20666666666662,163.1266666666667,483.21
2023-07-25 07:00:00,483.21,7,1,0,195.4,272.15666666666664,218.11833333333334,493.6
2023-07-25 08:00:00,493.6,8,1,0,483.21,390.7366666666667,273.05,849.0
2023-07-25 09:00:00,849.0,9,1,0,493.6,608.6033333333334,388.90500000000003,836.24
2023-07-25 10:00:00,836.24,10,1,0,849.0,726.2800000000001,499.2183333333334,832.59
2023-07-25 11:00:00,832.59,11,1,0,836.24,839.2766666666666,615.0066666666667,890.31
2023-07-25 12:00:00,890.31,12,1,0,832.59,853.0466666666666,730.8250000000002,857.05
2023-07-25 13:00:00,857.05,13,1,0,890.31,859.9833333333332,793.1316666666667,866.35
2023-07-25 14:00:00,866.35,14,1,0,857.05,871.2366666666667,855.2566666666667,883.55
2023-07-25 15:00:00,883.55,15,1,0,866.35,868.9833333333332,861.015,864.42
2023-07-25 16:00:00,864.42,16,1,0,883.55,871.4399999999999,865.7116666666667,837.55
2023-07-25 17:00:00,837.55,17,1,0,864.42,861.84,866.5383333333333,763.34
2023-07-25 18:00:00,763.34,18,1,0,837.55,821.7699999999999,845.3766666666667,489.07
2023-07-25 19:00:00,489.07,19,1,0,763.34,696.6533333333333,784.0466666666667,487.5
2023-07-25 20:00:00,487.5,20,1,0,489.07,579.9699999999999,720.9050000000001,172.29
2023-07-25 21:00:00,172.29,21,1,0,487.5,382.9533333333333,602.3616666666667,111.85
2023-07-25 22:00:00,111.85,22,1,0,172.29,257.2133333333333,476.93333333333334,163.09
2023-07-25 23:00:00,163.09,23,1,0,111.85,149.07666666666663,364.52333333333337,163.18
2023-07-26 00:00:00,163.18,0,2,0,163.09,146.03999999999996,264.4966666666667,162.48
2023-07-26 01:00:00,162.48,1,2,0,163.18,162.91666666666663,210.06500000000005,156.35
2023-07-26 02:00:00,156.35,2,2,0,162.48,160.66999999999996,154.87333333333336,154.43
2023-07-26 03:00:00,154.43,3,2,0,156.35,157.7533333333333,151.8966666666667,168.68
2023-07-26 04:00:00,168.68,4,2,0,154.43,159.81999999999996,161.36833333333337,191.8
2023-07-26 05:00:00,191.8,5,2,0,168.68,171.63666666666663,166.1533333333334,137.84
2023-07-26 06:00:00,137.84,6,2,0,191.8,166.10666666666665,161.93000000000004,478.38
2023-07-26 07:00:00,478.38,7,2,0,137.84,269.34,214.58000000000004,463.66
2023-07-26 08:00:00,463.66,8,2,0,478.38,359.96,265.7983333333334,797.66
2023-07-26 09:00:00,797.66,9,2,0,463.66,579.9,373.0033333333334,813.89
2023-07-26 10:00:00,813.89,10,2,0,797.66,691.7366666666667,480.5383333333334,823.66
2023-07-26 11:00:00,823.66,11,2,0,813.89,811.7366666666667,585.8483333333334,852.83
2023-07-26 12:00:00,852.83,12,2,0,823.66,830.1266666666667,705.0133333333333,895.64
2023-07-26 13:00:00,895.64,13,2,0,852.83,857.3766666666667,774.5566666666667,866.8
2023-07-26 14:00:00,866.8,14,2,0,895.64,871.7566666666667,841.7466666666668,889.88
2023-07-26 15:00:00,889.88,15,2,0,866.8,884.1066666666666,857.1166666666667,856.84
2023-07-26 16:00:00,856.84,16,2,0,889.88,871.1733333333333,864.2750000000001,840.56
2023-07-26 17:00:00,840.56,17,2,0,856.84,862.4266666666666,867.0916666666667,783.99
2023-07-26 18:00:00,783.99,18,2,0,840.56,827.13,855.6183333333335,471.27
2023-07-26 19:00:00,471.27,19,2,0,783.99,698.6066666666666,784.89,505.18
2023-07-26 20:00:00,505.18,20,2,0,471.27,586.8133333333333,724.62,151.7
2023-07-26 21:00:00,151.7,21,2,0,505.18,376.04999999999995,601.59,156.8
2023-07-26 22:00:00,156.8,22,2,0,151.7,271.22666666666663,484.9166666666667,155.55
2023-07-26 23:00:00,155.55,23,2,0,156.8,154.6833333333333,370.7483333333334,137.43
2023-07-27 00:00:00,137.43,0,3,0,155.55,149.92666666666665,262.9883333333334,168.42
2023-07-27 01:00:00,168.42,1,3,0,137.43,153.79999999999995,212.51333333333335,187.63
2023-07-27 02:00:00,187.63,2,3,0,168.42,164.4933333333333,159.58833333333337,147.91
2023-07-27 03:00:00,147.91,3,3,0,187.63,167.98666666666662,158.9566666666667,152.64
2023-07-27 04:00:00,152.64,4,3,0,147.91,162.7266666666666,158.26333333333338,157.03
2023-07-27 05:00:00,157.03,5,3,0,152.64,152.5266666666666,158.51000000000002,174.88
2023-07-27 06:00:00,174.88,6,3,0,157.03,161.51666666666662,164.7516666666667,487.57
2023-07-27 07:00:00,487.57,7,3,0,174.88,273.15999999999997,217.94333333333338,467.16
2023-07-27 08:00:00,467.16,8,3,0,487.57,376.53666666666663,264.5316666666667,827.93
2023-07-27 09:00:00,827.93,9,3,0,467.16,594.2199999999999,377.86833333333334,843.05
2023-07-27 10:00:00,843.05,10,3,0,827.93,712.7133333333333,492.9366666666667,826.24
2023-07-27 11:00:00,826.24,11,3,0,843.05,832.4066666666666,604.4716666666667,885.27
2023-07-27 12:00:00,885.27,12,3,0,826.24,851.52,722.87,856.06
2023-07-27 13:00:00,856.06,13,3,0,885.27,855.8566666666666,784.285,884.31
2023-07-27 14:00:00,884.31,14,3,0,856.06,875.2133333333333,853.8100000000001,856.23
2023-07-27 15:00:00,856.23,15,3,0,884.31,865.5333333333333,858.5266666666666,907.56
2023-07-27 16:00:00,907.56,16,3,0,856.23,882.6999999999999,869.2783333333333,853.3
2023-07-27 17:00:00,853.3,17,3,0,907.56,872.3633333333332,873.7883333333333,794.66
2023-07-27 18:00:00,794.66,18,3,0,853.3,851.8399999999998,858.6866666666666,497.23
2023-07-27 19:00:00,497.23,19,3,0,794.66,715.0633333333332,798.8816666666667,505.09
2023-07-27 20:00:00,505.09,20,3,0,497.23,598.9933333333332,735.6783333333333,139.28
2023-07-27 21:00:00,139.28,21,3,0,505.09,380.5333333333333,616.1866666666666,186.74
2023-07-27 22:00:00,186.74,22,3,0,139.28,277.03666666666663,496.05,167.64
2023-07-27 23:00:00,167.64,23,3,0,186.74,164.55333333333328,381.7733333333333,141.35
2023-07-28 00:00:00,141.35,0,4,0,167.64,165.2433333333333,272.8883333333334,158.53
2023-07-28 01:00:00,158.53,1,4,0,141.35,155.83999999999995,216.4383333333334,197.17
2023-07-28 02:00:00,197.17,2,4,0,158.53,165.6833333333333,165.11833333333337,155.6
2023-07-28 03:00:00,155.6,3,4,0,197.17,170.43333333333328,167.83833333333337,165.53
2023-07-28 04:00:00,165.53,4,4,0,155.6,172.76666666666665,164.30333333333337,180.45
2023-07-28 05:00:00,180.45,5,4,0,165.53,167.1933333333333,166.43833333333336,145.84
2023-07-28 06:00:00,145.84,6,4,0,180.45,163.93999999999997,167.1866666666667,472.19
2023-07-28 07:00:00,472.19,7,4,0,145.84,266.1599999999999,219.46333333333337,524.09
2023-07-28 08:00:00,524.09,8,4,0,472.19,380.70666666666665,273.95000000000005,784.97
2023-07-28 09:00:00,784.97,9,4,0,524.09,593.75,378.845,830.89
2023-07-28 10:00:00,830.89,10,4,0,784.97,713.3166666666666,489.7383333333334,881.61
2023-07-28 11:00:00,881.61,11,4,0,830.89,832.4899999999999,606.5983333333334,868.39
2023-07-28 12:00:00,868.39,12,4,0,881.61,860.2966666666666,727.0233333333334,881.24
2023-07-28 13:00:00,881.24,13,4,0,868.39,877.0799999999999,795.1983333333334,877.14
2023-07-28 14:00:00,877.14,14,4,0,881.24,875.5899999999998,854.0400000000001,862.77
2023-07-28 15:00:00,862.77,15,4,0,877.14,873.7166666666666,867.0066666666667,863.92
2023-07-28 16:00:00,863.92,16,4,0,862.77,867.9433333333333,872.5116666666667,813.74
2023-07-28 17:00:00,813.74,17,4,0,863.92,846.81,861.1999999999999,813.22
2023-07-28 18:00:00,813.22,18,4,0,813.74,830.2933333333334,852.005,483.26
2023-07-28 19:00:00,483.26,19,4,0,813.22,703.4066666666666,785.6750000000001,473.6
2023-07-28 20:00:00,473.6,20,4,0,483.26,590.0266666666666,718.4183333333334,158.1
2023-07-28 21:00:00,158.1,21,4,0,473.6,371.65333333333325,600.9733333333334,187.93
2023-07-28 22:00:00,187.93,22,4,0,158.1,273.21,488.30833333333334,191.91
2023-07-28 23:00:00,191.91,23,4,0,187.93,179.31333333333328,384.6700000000001,275.61
2023-07-29 00:00:00,275.61,0,5,1,191.91,218.48333333333326,295.0683333333334,244.72
2023-07-29 01:00:00,244.72,1,5,1,275.61,237.4133333333333,255.31166666666672,193.81
2023-07-29 02:00:00,193.81,2,5,1,244.72,238.04666666666665,208.68000000000006,236.68
2023-07-29 03:00:00,236.68,3,5,1,193.81,225.06999999999996,221.77666666666673,258.45
2023-07-29 04:00:00,258.45,4,5,1,236.68,229.64666666666662,233.53000000000006,237.19
2023-07-29 05:00:00,237.19,5,5,1,258.45,244.10666666666665,241.0766666666667,229.11
2023-07-29 06:00:00,229.11,6,5,1,237.19,241.58333333333326,233.3266666666667,227.59
2023-07-29 07:00:00,227.59,7,5,1,229.11,231.29666666666662,230.4716666666667,264.0
2023-07-29 08:00:00,264.0,8,5,1,227.59,240.23333333333326,242.17000000000004,232.2
2023-07-29 09:00:00,232.2,9,5,1,264.0,241.2633333333333,241.42333333333337,224.02
2023-07-29 10:00:00,224.02,10,5,1,232.2,240.07333333333327,235.68500000000003,269.53
2023-07-29 11:00:00,269.53,11,5,1,224.02,241.9166666666666,241.07500000000005,294.39
2023-07-29 12:00:00,294.39,12,5,1,269.53,262.6466666666666,251.955,225.16
2023-07-29 13:00:00,225.16,13,5,1,294.39,263.0266666666666,251.55000000000004,227.01
2023-07-29 14:00:00,227.01,14,5,1,225.16,248.85333333333327,245.38500000000002,261.39
2023-07-29 15:00:00,261.39,15,5,1,227.01,237.85333333333327,250.25,212.3
2023-07-29 16:00:00,212.3,16,5,1,261.39,233.5666666666666,248.2966666666667,205.9
2023-07-29 17:00:00,205.9,17,5,1,212.3,226.52999999999997,237.6916666666667,221.24
2023-07-29 18:00:00,221.24,18,5,1,205.9,213.14666666666665,225.50000000000003,250.69
2023-07-29 19:00:00,250.69,19,5,1,221.24,225.9433333333333,229.75500000000002,254.34
2023-07-29 20:00:00,254.34,20,5,1,250.69,242.09,234.31000000000003,227.37
2023-07-29 21:00:00,227.37,21,5,1,254.34,244.1333333333333,228.64000000000007,201.6
2023-07-29 22:00:00,201.6,22,5,1,227.37,227.76999999999995,226.85666666666668,249.68
2023-07-29 23:00:00,249.68,23,5,1,201.6,226.2166666666666,234.1533333333334,232.35
2023-07-30 00:00:00,232.35,0,6,1,249.68,227.87666666666664,236.00500000000002,250.88
2023-07-30 01:00:00,250.88,1,6,1,232.35,244.30333333333328,236.03666666666672,252.79
2023-07-30 02:00:00,252.79,2,6,1,250.88,245.33999999999995,235.77833333333334,192.53
2023-07-30 03:00:00,192.53,3,6,1,252.79,232.0666666666666,229.9716666666667,255.9
2023-07-30 04:00:00,255.9,4,6,1,192.53,233.73999999999998,239.02166666666673,258.51
2023-07-30 05:00:00,258.51,5,6,1,255.9,235.64666666666665,240.49333333333337,258.09
2023-07-30 06:00:00,258.09,6,6,1,258.51,257.49999999999994,244.78333333333333,247.98
2023-07-30 07:00:00,247.98,7,6,1,258.09,254.85999999999993,244.30000000000004,215.91
2023-07-30 08:00:00,215.91,8,6,1,247.98,240.65999999999994,238.1533333333334,243.56
2023-07-30 09:00:00,243.56,9,6,1,215.91,235.8166666666666,246.6583333333334,243.97
2023-07-30 10:00:00,243.97,10,6,1,243.56,234.47999999999993,244.67000000000004,202.41
2023-07-30 11:00:00,202.41,11,6,1,243.97,229.97999999999993,235.32000000000002,224.27
2023-07-30 12:00:00,224.27,12,6,1,202.41,223.54999999999995,229.6833333333334,235.44
2023-07-30 13:00:00,235.44,13,6,1,224.27,220.70666666666662,227.59333333333336,244.92
2023-07-30 14:00:00,244.92,14,6,1,235.44,234.87666666666664,232.42833333333337,212.91
2023-07-30 15:00:00,212.91,15,6,1,244.92,231.08999999999995,227.32000000000005,259.13
2023-07-30 16:00:00,259.13,16,6,1,212.91,238.9866666666666,229.8466666666667,208.03
2023-07-30 17:00:00,208.03,17,6,1,259.13,226.68999999999994,230.78333333333333,258.43
2023-07-30 18:00:00,258.43,18,6,1,208.03,241.86333333333332,236.4766666666667,234.47
2023-07-30 19:00:00,234.47,19,6,1,258.43,233.64333333333332,236.31500000000005,273.2
2023-07-30 20:00:00,273.2,20,6,1,234.47,255.36666666666665,241.02833333333334,245.04
2023-07-30 21:00:00,245.04,21,6,1,273.2,250.90333333333328,246.38333333333335,228.83
2023-07-30 22:00:00,228.83,22,6,1,245.04,249.02333333333328,241.33333333333337,245.99
2023-07-30 23:00:00,245.99,23,6,1,228.83,239.9533333333333,247.66000000000005,165.18
2023-07-31 00:00:00,165.18,0,0,0,245.99,213.33333333333334,232.11833333333337,132.58
2023-07-31 01:00:00,132.58,1,0,0,165.18,181.24999999999997,215.13666666666668,179.69
2023-07-31 02:00:00,179.69,2,0,0,132.58,159.14999999999998,199.5516666666667,143.66
2023-07-31 03:00:00,143.66,3,0,0,179.69,151.97666666666663,182.65500000000006,161.27
2023-07-31 04:00:00,161.27,4,0,0,143.66,161.53999999999996,171.39500000000007,170.18
2023-07-31 05:00:00,170.18,5,0,0,161.27,158.36999999999998,158.76000000000005,179.56
2023-07-31 06:00:00,179.56,6,0,0,170.18,170.33666666666662,161.15666666666672,471.53
2023-07-31 07:00:00,471.53,7,0,0,179.56,273.7566666666666,217.6483333333334,447.76
2023-07-31 08:00:00,447.76,8,0,0,471.53,366.2833333333333,262.32666666666665,799.7
2023-07-31 09:00:00,799.7,9,0,0,447.76,572.9966666666666,371.66666666666674,838.14
2023-07-31 10:00:00,838.14,10,0,0,799.7,695.1999999999999,484.4783333333334,843.47
2023-07-31 11:00:00,843.47,11,0,0,838.14,827.1033333333334,596.6933333333333,866.4
2023-07-31 12:00:00,866.4,12,0,0,843.47,849.3366666666666,711.1666666666666,889.61
2023-07-31 13:00:00,889.61,13,0,0,866.4,866.4933333333333,780.8466666666667,903.77
2023-07-31 14:00:00,903.77,14,0,0,889.61,886.5933333333332,856.8483333333334,858.79
2023-07-31 15:00:00,858.79,15,0,0,903.77,884.0566666666667,866.6966666666667,853.5
2023-07-31 16:00:00,853.5,16,0,0,858.79,872.0199999999999,869.2566666666667,872.51
2023-07-31 17:00:00,872.51,17,0,0,853.5,861.5999999999999,874.0966666666667,822.53
2023-07-31 18:00:00,822.53,18,0,0,872.51,849.5133333333333,866.785,443.12
2023-07-31 19:00:00,443.12,19,0,0,822.53,712.7199999999999,792.37,471.55
2023-07-31 20:00:00,471.55,20,0,0,443.12,579.0666666666667,720.3333333333334,133.93
2023-07-31 21:00:00,133.93,21,0,0,471.55,349.5333333333333,599.5233333333333,184.98
2023-07-31 22:00:00,184.98,22,0,0,133.93,263.4866666666666,488.1033333333334,166.37
2023-07-31 23:00:00,166.37,23,0,0,184.98,161.75999999999996,370.41333333333336,153.28
2023-08-01 00:00:00,153.28,0,1,0,166.37,168.20999999999995,258.8716666666667,167.17
2023-08-01 01:00:00,167.17,1,1,0,153.28,162.27333333333328,212.88000000000002,149.6
2023-08-01 02:00:00,149.6,2,1,0,167.17,156.68333333333328,159.2216666666667,163.16
2023-08-01 03:00:00,163.16,3,1,0,149.6,159.9766666666666,164.09333333333336,170.51
2023-08-01 04:00:00,170.51,4,1,0,163.16,161.08999999999995,161.6816666666667,151.14
2023-08-01 05:00:00,151.14,5,1,0,170.51,161.60333333333327,159.14333333333335,134.08
2023-08-01 06:00:00,134.08,6,1,0,151.14,151.90999999999997,155.94333333333336,481.25
2023-08-01 07:00:00,481.25,7,1,0,134.08,255.48999999999998,208.29000000000005,483.26
2023-08-01 08:00:00,483.26,8,1,0,481.25,366.19666666666666,263.90000000000003,830.3
2023-08-01 09:00:00,830.3,9,1,0,483.26,598.27,375.09,821.56
2023-08-01 10:00:00,821.56,10,1,0,830.3,711.7066666666666,483.59833333333336,840.49
2023-08-01 11:00:00,840.49,11,1,0,821.56,830.7833333333333,598.49,910.69
2023-08-01 12:00:00,910.69,12,1,0,840.49,857.5799999999999,727.9250000000001,868.15
2023-08-01 13:00:00,868.15,13,1,0,910.69,873.11,792.4083333333333,902.27
2023-08-01 14:00:00,902.27,14,1,0,868.15,893.7033333333333,862.2433333333333,863.45
2023-08-01 15:00:00,863.45,15,1,0,902.27,877.9566666666666,867.7683333333333,835.22
2023-08-01 16:00:00,835.22,16,1,0,863.45,866.9799999999999,870.0450000000001,842.97
2023-08-01 17:00:00,842.97,17,1,0,835.22,847.2133333333333,870.4583333333335,807.01
2023-08-01 18:00:00,807.01,18,1,0,842.97,828.4,853.1783333333333,474.46
2023-08-01 19:00:00,474.46,19,1,0,807.01,708.1466666666665,787.5633333333334,486.27
2023-08-01 20:00:00,486.27,20,1,0,474.46,589.2466666666667,718.23,197.14
2023-08-01 21:00:00,197.14,21,1,0,486.27,385.95666666666665,607.1783333333334,189.49
2023-08-01 22:00:00,189.49,22,1,0,197.14,290.96666666666664,499.5566666666667,167.05
2023-08-01 23:00:00,167.05,23,1,0,189.49,184.55999999999995,386.90333333333336,148.78
2023-08-02 00:00:00,148.78,0,2,0,167.05,168.43999999999997,277.1983333333334,155.16
2023-08-02 01:00:00,155.16,1,2,0,148.78,156.99666666666664,223.9816666666667,158.37
2023-08-02 02:00:00,158.37,2,2,0,155.16,154.1033333333333,169.3316666666667,164.54
2023-08-02 03:00:00,164.54,3,2,0,158.37,159.3566666666666,163.89833333333337,180.92
2023-08-02 04:00:00,180.92,4,2,0,164.54,167.9433333333333,162.47000000000006,186.5
2023-08-02 05:00:00,186.5,5,2,0,180.92,177.31999999999994,165.7116666666667,174.91
2023-08-02 06:00:00,174.91,6,2,0,186.5,180.77666666666664,170.0666666666667,470.71
2023-08-02 07:00:00,470.71,7,2,0,174.91,277.3733333333333,222.6583333333334,469.63
2023-08-02 08:00:00,469.63,8,2,0,470.71,371.74999999999994,274.535,746.13
2023-08-02 09:00:00,746.13,9,2,0,469.63,562.1566666666666,371.4666666666667,812.61
2023-08-02 10:00:00,812.61,10,2,0,746.13,676.1233333333333,476.7483333333334,881.41
2023-08-02 11:00:00,881.41,11,2,0,812.61,813.3833333333332,592.5666666666667,906.03
2023-08-02 12:00:00,906.03,12,2,0,881.41,866.6833333333333,714.4200000000001,910.29
2023-08-02 13:00:00,910.29,13,2,0,906.03,899.2433333333332,787.6833333333334,890.37
2023-08-02 14:00:00,890.37,14,2,0,910.29,902.2299999999999,857.8066666666667,869.47
2023-08-02 15:00:00,869.47,15,2,0,890.37,890.0433333333334,878.3633333333333,843.42
2023-08-02 16:00:00,843.42,16,2,0,869.47,867.7533333333332,883.4983333333333,845.45
2023-08-02 17:00:00,845.45,17,2,0,843.42,852.7800000000001,877.5050000000001,797.28
2023-08-02 18:00:00,797.28,18,2,0,845.45,828.7166666666666,859.38,489.01
2023-08-02 19:00:00,489.01,19,2,0,797.28,710.5799999999999,789.1666666666666,478.61
2023-08-02 20:00:00,478.61,20,2,0,489.01,588.3,720.5400000000001,149.5
2023-08-02 21:00:00,149.5,21,2,0,478.61,372.3733333333333,600.545,130.07
2023-08-02 22:00:00,130.07,22,2,0,149.5,252.7266666666666,481.6533333333334,176.84
2023-08-02 23:00:00,176.84,23,2,0,130.07,152.13666666666663,370.2183333333334,177.05
2023-08-03 00:00:00,177.05,0,3,0,176.84,161.31999999999996,266.8466666666667,181.55
2023-08-03 01:00:00,181.55,1,3,0,177.05,178.48,215.60333333333338,173.25
2023-08-03 02:00:00,173.25,2,3,0,181.55,177.2833333333333,164.71000000000004,132.64
2023-08-03 03:00:00,132.64,3,3,0,173.25,162.48,161.90000000000003,162.6
2023-08-03 04:00:00,162.6,4,3,0,132.64,156.16333333333327,167.3216666666667,151.5
2023-08-03 05:00:00,151.5,5,3,0,162.6,148.9133333333333,163.0983333333334,186.4
2023-08-03 06:00:00,186.4,6,3,0,151.5,166.8333333333333,164.6566666666667,505.66
2023-08-03 07:00:00,505.66,7,3,0,186.4,281.18666666666667,218.67500000000004,490.96
2023-08-03 08:00:00,490.96,8,3,0,505.66,394.34,271.6266666666667,782.2
2023-08-03 09:00:00,782.2,9,3,0,490.96,592.94,379.8866666666667,825.98
2023-08-03 10:00:00,825.98,10,3,0,782.2,699.7133333333333,490.45000000000005,877.77
2023-08-03 11:00:00,877.77,11,3,0,825.98,828.65,611.495,874.49
2023-08-03 12:00:00,874.49,12,3,0,877.77,859.4133333333333,726.1766666666667,857.59
2023-08-03 13:00:00,857.59,13,3,0,874.49,869.9499999999999,784.8316666666668,865.34
2023-08-03 14:00:00,865.34,14,3,0,857.59,865.8066666666667,847.2283333333335,919.05
2023-08-03 15:00:00,919.05,15,3,0,865.34,880.66,870.0366666666667,856.88
2023-08-03 16:00:00,856.88,16,3,0,919.05,880.4233333333332,875.1866666666666,841.53
2023-08-03 17:00:00,841.53,17,3,0,856.88,872.4866666666667,869.1466666666666,853.37
2023-08-03 18:00:00,853.37,18,3,0,841.53,850.5933333333332,865.6266666666667,493.32
2023-08-03 19:00:00,493.32,19,3,0,853.37,729.4066666666666,804.9150000000001,474.84
2023-08-03 20:00:00,474.84,20,3,0,493.32,607.1766666666666,739.8316666666668,173.83
2023-08-03 21:00:00,173.83,21,3,0,474.84,380.66333333333324,615.6283333333333,162.66
2023-08-03 22:00:00,162.66,22,3,0,173.83,270.4433333333333,499.925,178.5
2023-08-03 23:00:00,178.5,23,3,0,162.66,171.6633333333333,389.4200000000001,132.72
2023-08-04 00:00:00,132.72,0,4,0,178.5,157.95999999999995,269.31166666666667,158.77
2023-08-04 01:00:00,158.77,1,4,0,132.72,156.6633333333333,213.55333333333337,133.0
2023-08-04 02:00:00,133.0,2,4,0,158.77,141.49666666666664,156.58000000000004,123.02
2023-08-04 03:00:00,123.02,3,4,0,133.0,138.2633333333333,148.1116666666667,144.66
2023-08-04 04:00:00,144.66,4,4,0,123.02,133.55999999999997,145.1116666666667,132.15
2023-08-04 05:00:00,132.15,5,4,0,144.66,133.27666666666664,137.3866666666667,171.79
2023-08-04 06:00:00,171.79,6,4,0,132.15,149.5333333333333,143.89833333333337,484.35
2023-08-04 07:00:00,484.35,7,4,0,171.79,262.7633333333333,198.16166666666672,498.78
2023-08-04 08:00:00,498.78,8,4,0,484.35,384.9733333333333,259.12500000000006,782.67
2023-08-04 09:00:00,782.67,9,4,0,498.78,588.6,369.06666666666666,827.72
2023-08-04 10:00:00,827.72,10,4,0,782.67,703.0566666666667,482.9100000000001,854.93
2023-08-04 11:00:00,854.93,11,4,0,827.72,821.7733333333332,603.3733333333333,886.34
2023-08-04 12:00:00,886.34,12,4,0,854.93,856.3299999999999,722.465,894.5
2023-08-04 13:00:00,894.5,13,4,0,886.34,878.59,790.8233333333333,922.51
2023-08-04 14:00:00,922.51,14,4,0,894.5,901.1166666666668,861.445,866.81
2023-08-04 15:00:00,866.81,15,4,0,922.51,894.6066666666666,875.4683333333334,830.71
2023-08-04 16:00:00,830.71,16,4,0,866.81,873.3433333333332,875.9666666666667,793.15
2023-08-04 17:00:00,793.15,17,4,0,830.71,830.2233333333334,865.6700000000001,811.8
2023-08-04 18:00:00,811.8,18,4,0,793.15,811.8866666666667,853.2466666666668,433.37
2023-08-04 19:00:00,433.37,19,4,0,811.8,679.4399999999999,776.3916666666668,455.01
2023-08-04 20:00:00,455.01,20,4,0,433.37,566.7266666666667,698.475,184.0
2023-08-04 21:00:00,184.0,21,4,0,455.01,357.46000000000004,584.6733333333333,167.25
2023-08-04 22:00:00,167.25,22,4,0,184.0,268.75333333333333,474.09666666666664,142.54
2023-08-04 23:00:00,142.54,23,4,0,167.25,164.59666666666666,365.6616666666667,239.77
2023-08-05 00:00:00,239.77,0,5,1,142.54,183.18666666666664,270.3233333333334,238.5
2023-08-05 01:00:00,238.5,1,5,1,239.77,206.93666666666664,237.84500000000003,245.01
2023-08-05 02:00:00,245.01,2,5,1,238.5,241.09333333333333,202.84500000000003,226.02
2023-08-05 03:00:00,226.02,3,5,1,245.01,236.51,209.84833333333336,236.09
2023-08-05 04:00:00,236.09,4,5,1,226.02,235.70666666666668,221.32166666666672,248.22
2023-08-05 05:00:00,248.22,5,5,1,236.09,236.77666666666667,238.93500000000006,231.42
2023-08-05 06:00:00,231.42,6,5,1,248.22,238.57666666666668,237.54333333333338,258.13
2023-08-05 07:00:00,258.13,7,5,1,231.42,245.92333333333332,240.81500000000005,236.05
2023-08-05 08:00:00,236.05,8,5,1,258.13,241.86666666666665,239.32166666666672,285.48
2023-08-05 09:00:00,285.48,9,5,1,236.05,259.8866666666667,249.2316666666667,219.36
2023-08-05 10:00:00,219.36,10,5,1,285.48,246.96333333333337,246.44333333333338,254.42
2023-08-05 11:00:00,254.42,11,5,1,219.36,253.08666666666667,247.4766666666667,249.77
2023-08-05 12:00:00,249.77,12,5,1,254.42,241.1833333333333,250.53500000000005,242.3
2023-08-05 13:00:00,242.3,13,5,1,249.77,248.83,247.89666666666668,272.2
2023-08-05 14:00:00,272.2,14,5,1,242.3,254.75666666666666,253.9216666666667,225.04
2023-08-05 15:00:00,225.04,15,5,1,272.2,246.51333333333335,243.84833333333336,205.21
2023-08-05 16:00:00,205.21,16,5,1,225.04,234.15,241.49,191.9
2023-08-05 17:00:00,191.9,17,5,1,205.21,207.38333333333333,231.07000000000005,264.63
2023-08-05 18:00:00,264.63,18,5,1,191.9,220.58,233.5466666666667,236.32
2023-08-05 19:00:00,236.32,19,5,1,264.63,230.94999999999996,232.55000000000004,261.99
2023-08-05 20:00:00,261.99,20,5,1,236.32,254.31333333333336,230.8483333333334,244.5
2023-08-05 21:00:00,244.5,21,5,1,261.99,247.60333333333332,234.09166666666673,238.51
2023-08-05 22:00:00,238.51,22,5,1,244.5,248.33333333333334,239.64166666666674,267.67
2023-08-05 23:00:00,267.67,23,5,1,238.51,250.2266666666667,252.27000000000007,232.98
2023-08-06 00:00:00,232.98,0,6,1,267.67,246.38666666666666,246.995,214.63
2023-08-06 01:00:00,214.63,1,6,1,232.98,238.42666666666665,243.38000000000002,241.68
2023-08-06 02:00:00,241.68,2,6,1,214.63,229.76333333333332,239.99500000000003,231.04
2023-08-06 03:00:00,231.04,3,6,1,241.68,229.11666666666665,237.7516666666667,261.57
2023-08-06 04:00:00,261.57,4,6,1,231.04,244.76333333333332,241.59500000000003,236.15
2023-08-06 05:00:00,236.15,5,6,1,261.57,242.92,236.3416666666667,220.44
2023-08-06 06:00:00,220.44,6,6,1,236.15,239.38666666666666,234.2516666666667,208.92
2023-08-06 07:00:00,208.92,7,6,1,220.44,221.83666666666667,233.30000000000004,261.85
2023-08-06 08:00:00,261.85,8,6,1,208.92,230.40333333333334,236.66166666666672,233.06
2023-08-06 09:00:00,233.06,9,6,1,261.85,234.60999999999999,236.99833333333336,244.89
2023-08-06 10:00:00,244.89,10,6,1,233.06,246.6,234.21833333333336,198.98
2023-08-06 11:00:00,198.98,11,6,1,244.89,225.64333333333332,228.02333333333334,247.31
2023-08-06 12:00:00,247.31,12,6,1,198.98,230.39333333333332,232.5016666666667,227.7
2023-08-06 13:00:00,227.7,13,6,1,247.31,224.66333333333333,235.6316666666667,243.77
2023-08-06 14:00:00,243.77,14,6,1,227.7,239.59333333333333,232.61833333333334,208.23
2023-08-06 15:00:00,208.23,15,6,1,243.77,226.5666666666667,228.48000000000002,202.99
2023-08-06 16:00:00,202.99,16,6,1,208.23,218.33,221.4966666666667,263.06
2023-08-06 17:00:00,263.06,17,6,1,202.99,224.76,232.17666666666673,222.64
2023-08-06 18:00:00,222.64,18,6,1,263.06,229.5633333333333,228.06500000000005,256.3
2023-08-06 19:00:00,256.3,19,6,1,222.64,247.33333333333334,232.8316666666667,233.78
2023-08-06 20:00:00,233.78,20,6,1,256.3,237.57333333333335,231.1666666666667,222.84
2023-08-06 21:00:00,222.84,21,6,1,233.78,237.64000000000001,233.60166666666672,185.78
2023-08-06 22:00:00,185.78,22,6,1,222.84,214.13333333333333,230.73333333333338,229.66
2023-08-06 23:00:00,229.66,23,6,1,185.78,212.76,225.16666666666666,153.68
2023-08-07 00:00:00,153.68,0,0,0,229.66,189.70666666666668,213.67333333333337,151.63
2023-08-07 01:00:00,151.63,1,0,0,153.68,178.32333333333335,196.22833333333338,140.32
2023-08-07 02:00:00,140.32,2,0,0,151.63,148.54333333333332,180.65166666666673,161.06
2023-08-07 03:00:00,161.06,3,0,0,140.32,151.00333333333333,170.35500000000005,181.06
2023-08-07 04:00:00,181.06,4,0,0,161.06,160.81333333333333,169.56833333333336,151.16
2023-08-07 05:00:00,151.16,5,0,0,181.06,164.42666666666665,156.48500000000004,160.15
2023-08-07 06:00:00,160.15,6,0,0,151.16,164.12333333333333,157.5633333333334,471.9
2023-08-07 07:00:00,471.9,7,0,0,160.15,261.07,210.9416666666667,492.81
2023-08-07 08:00:00,492.81,8,0,0,471.9,374.9533333333334,269.69000000000005,783.96
2023-08-07 09:00:00,783.96,9,0,0,492.81,582.89,373.5066666666667,804.2
2023-08-07 10:00:00,804.2,10,0,0,783.96,693.6566666666668,477.3633333333334,860.58
2023-08-07 11:00:00,860.58,11,0,0,804.2,816.2466666666668,595.6,868.29
2023-08-07 12:00:00,868.29,12,0,0,860.58,844.3566666666667,713.6233333333334,887.55
2023-08-07 13:00:00,887.55,13,0,0,868.29,872.14,782.8983333333334,872.83
2023-08-07 14:00:00,872.83,14,0,0,887.55,876.2233333333334,846.235,870.74
2023-08-07 15:00:00,870.74,15,0,0,872.83,877.04,860.6983333333333,871.03
2023-08-07 16:00:00,871.03,16,0,0,870.74,871.5333333333333,871.8366666666667,831.13
2023-08-07 17:00:00,831.13,17,0,0,871.03,857.6333333333333,866.9283333333333,776.84
2023-08-07 18:00:00,776.84,18,0,0,831.13,826.3333333333334,851.6866666666666,493.53
2023-08-07 19:00:00,493.53,19,0,0,776.84,700.5,786.0166666666668,456.64
2023-08-07 20:00:00,456.64,20,0,0,493.53,575.67,716.6516666666666,120.16
2023-08-07 21:00:00,120.16,21,0,0,456.64,356.77666666666664,591.5550000000001,143.24
2023-08-07 22:00:00,143.24,22,0,0,120.16,240.01333333333332,470.25666666666666,196.82
2023-08-07 23:00:00,196.82,23,0,0,143.24,153.40666666666667,364.53833333333336,172.0
2023-08-08 00:00:00,172.0,0,1,0,196.82,170.6866666666667,263.7316666666667,164.18
2023-08-08 01:00:00,164.18,1,1,0,172.0,177.66666666666666,208.84000000000003,172.36
2023-08-08 02:00:00,172.36,2,1,0,164.18,169.51333333333332,161.46000000000004,189.15
2023-08-08 03:00:00,189.15,3,1,0,172.36,175.23000000000002,172.95833333333337,163.32
2023-08-08 04:00:00,163.32,4,1,0,189.15,174.94333333333336,176.30500000000006,153.78
2023-08-08 05:00:00,153.78,5,1,0,163.32,168.75,169.1316666666667,165.77
2023-08-08 06:00:00,165.77,6,1,0,153.78,160.95666666666668,168.09333333333336,475.54
2023-08-08 07:00:00,475.54,7,1,0,165.77,265.03000000000003,219.9866666666667,475.73
2023-08-08 08:00:00,475.73,8,1,0,475.54,372.34666666666664,270.54833333333335,837.05
2023-08-08 09:00:00,837.05,9,1,0,475.73,596.1066666666667,378.53166666666675,831.55
2023-08-08 10:00:00,831.55,10,1,0,837.05,714.7766666666666,489.90333333333336,851.27
2023-08-08 11:00:00,851.27,11,1,0,831.55,839.9566666666666,606.1516666666668,880.01
2023-08-08 12:00:00,880.01,12,1,0,851.27,854.2766666666666,725.1916666666667,827.21
2023-08-08 13:00:00,827.21,13,1,0,880.01,852.83,783.8033333333334,855.98
2023-08-08 14:00:00,855.98,14,1,0,827.21,854.4000000000001,847.1783333333333,848.61
2023-08-08 15:00:00,848.61,15,1,0,855.98,843.9333333333334,849.1050000000001,857.47
2023-08-08 16:00:00,857.47,16,1,0,848.61,854.02,853.4250000000001,875.18
2023-08-08 17:00:00,875.18,17,1,0,857.47,860.42,857.41,790.15
2023-08-08 18:00:00,790.15,18,1,0,875.18,840.9333333333334,842.4333333333334,488.56
2023-08-08 19:00:00,488.56,19,1,0,790.15,717.9633333333333,785.9916666666667,478.03
2023-08-08 20:00:00,478.03,20,1,0,488.56,585.58,723.0,160.97
2023-08-08 21:00:00,160.97,21,1,0,478.03,375.8533333333333,608.3933333333333,147.34
2023-08-08 22:00:00,147.34,22,1,0,160.97,262.11333333333334,490.0383333333334,149.09
2023-08-08 23:00:00,149.09,23,1,0,147.34,152.46666666666667,369.0233333333333,146.86
2023-08-09 00:00:00,146.86,0,2,0,149.09,147.76333333333332,261.8083333333334,155.53
2023-08-09 01:00:00,155.53,1,2,0,146.86,150.49333333333334,206.30333333333337,179.64
2023-08-09 02:00:00,179.64,2,2,0,155.53,160.67666666666665,156.5716666666667,171.37
2023-08-09 03:00:00,171.37,3,2,0,179.64,168.84666666666666,158.30500000000004,148.67
2023-08-09 04:00:00,148.67,4,2,0,171.37,166.55999999999997,158.5266666666667,171.15
2023-08-09 05:00:00,171.15,5,2,0,148.67,163.73,162.20333333333338,173.46
2023-08-09 06:00:00,173.46,6,2,0,171.15,164.42666666666665,166.63666666666668,494.88
2023-08-09 07:00:00,494.88,7,2,0,173.46,279.83,223.19500000000002,476.54
2023-08-09 08:00:00,476.54,8,2,0,494.88,381.6266666666666,272.6783333333334,818.51
2023-08-09 09:00:00,818.51,9,2,0,476.54,596.6433333333333,380.535,833.82
2023-08-09 10:00:00,833.82,10,2,0,818.51,709.6233333333333,494.7266666666667,867.4
2023-08-09 11:00:00,867.4,11,2,0,833.82,839.91,610.7683333333333,869.33
2023-08-09 12:00:00,869.33,12,2,0,867.4,856.85,726.7466666666668,869.96
2023-08-09 13:00:00,869.96,13,2,0,869.33,868.8966666666665,789.2600000000001,873.11
2023-08-09 14:00:00,873.11,14,2,0,869.96,870.8000000000001,855.3550000000001,836.83
2023-08-09 15:00:00,836.83,15,2,0,873.11,859.9666666666667,858.4083333333334,869.9
2023-08-09 16:00:00,869.9,16,2,0,836.83,859.9466666666667,864.4216666666667,826.65
2023-08-09 17:00:00,826.65,17,2,0,869.9,844.46,857.63,802.42
2023-08-09 18:00:00,802.42,18,2,0,826.65,832.9899999999999,846.4783333333334,473.13
2023-08-09 19:00:00,473.13,19,2,0,802.42,700.7333333333332,780.34,482.75
2023-08-09 20:00:00,482.75,20,2,0,473.13,586.0999999999999,715.2800000000001,193.29
2023-08-09 21:00:00,193.29,21,2,0,482.75,383.0566666666666,608.0233333333333,172.42
2023-08-09 22:00:00,172.42,22,2,0,193.29,282.81999999999994,491.77666666666664,128.14
2023-08-09 23:00:00,128.14,23,2,0,172.42,164.61666666666662,375.35833333333335,156.55
2023-08-10 00:00:00,156.55,0,3,0,128.14,152.36999999999995,267.71333333333337,186.91
2023-08-10 01:00:00,186.91,1,3,0,156.55,157.19999999999996,220.01000000000002,146.85
2023-08-10 02:00:00,146.85,2,3,0,186.91,163.43666666666664,164.0266666666667,177.45
2023-08-10 03:00:00,177.45,3,3,0,146.85,170.40333333333328,161.38666666666668,173.22
2023-08-10 04:00:00,173.22,4,3,0,177.45,165.83999999999995,161.52,177.94
2023-08-10 05:00:00,177.94,5,3,0,173.22,176.2033333333333,169.82000000000005,163.59
2023-08-10 06:00:00,163.59,6,3,0,177.94,171.5833333333333,170.99333333333337,509.1
2023-08-10 07:00:00,509.1,7,3,0,163.59,283.5433333333333,224.69166666666672,500.5
2023-08-10 08:00:00,500.5,8,3,0,509.1,391.06333333333333,283.6333333333334,796.64
2023-08-10 09:00:00,796.64,9,3,0,500.5,602.0799999999999,386.8316666666667,814.7
2023-08-10 10:00:00,814.7,10,3,0,796.64,703.9466666666667,493.74500000000006,873.41
2023-08-10 11:00:00,873.41,11,3,0,814.7,828.25,609.6566666666668,854.9
2023-08-10 12:00:00,854.9,12,3,0,873.41,847.67,724.875,926.81
2023-08-10 13:00:00,926.81,13,3,0,854.9,885.04,794.4933333333333,891.61
2023-08-10 14:00:00,891.61,14,3,0,926.81,891.1066666666666,859.6783333333334,870.33
2023-08-10 15:00:00,870.33,15,3,0,891.61,896.25,871.96,863.28
2023-08-10 16:00:00,863.28,16,3,0,870.33,875.0733333333333,880.0566666666667,819.5
2023-08-10 17:00:00,819.5,17,3,0,863.28,851.0366666666665,871.0716666666667,791.52
2023-08-10 18:00:00,791.52,18,3,0,819.5,824.7666666666665,860.5083333333336,474.93
2023-08-10 19:00:00,474.93,19,3,0,791.52,695.3166666666666,785.195,449.29
2023-08-10 20:00:00,449.29,20,3,0,474.93,571.9133333333333,711.475,146.13
2023-08-10 21:00:00,146.13,21,3,0,449.29,356.7833333333333,590.775,142.78
2023-08-10 22:00:00,142.78,22,3,0,146.13,246.0666666666666,470.69166666666666,175.48
2023-08-10 23:00:00,175.48,23,3,0,142.78,154.79666666666662,363.355,126.99
2023-08-11 00:00:00,126.99,0,4,0,175.48,148.41666666666663,252.60000000000002,134.66
2023-08-11 01:00:00,134.66,1,4,0,126.99,145.70999999999995,195.88833333333335,125.59
2023-08-11 02:00:00,125.59,2,4,0,134.66,129.07999999999996,141.93833333333336,137.24
2023-08-11 03:00:00,137.24,3,4,0,125.59,132.49666666666664,140.4566666666667,160.64
2023-08-11 04:00:00,160.64,4,4,0,137.24,141.15666666666664,143.43333333333337,194.4
2023-08-11 05:00:00,194.4,5,4,0,160.64,164.09333333333328,146.5866666666667,113.48
2023-08-11 06:00:00,113.48,6,4,0,194.4,156.1733333333333,144.33500000000004,477.85
2023-08-11 07:00:00,477.85,7,4,0,113.48,261.90999999999997,201.5333333333334,483.79
2023-08-11 08:00:00,483.79,8,4,0,477.85,358.3733333333333,261.2333333333334,810.13
2023-08-11 09:00:00,810.13,9,4,0,483.79,590.59,373.3816666666667,822.93
2023-08-11 10:00:00,822.93,10,4,0,810.13,705.6166666666667,483.7633333333334,845.73
2023-08-11 11:00:00,845.73,11,4,0,822.93,826.2633333333333,592.3183333333334,906.38
2023-08-11 12:00:00,906.38,12,4,0,845.73,858.3466666666667,724.4683333333334,885.04
2023-08-11 13:00:00,885.04,13,4,0,906.38,879.0500000000001,792.3333333333334,897.5
2023-08-11 14:00:00,897.5,14,4,0,885.04,896.3066666666667,861.285,898.73
2023-08-11 15:00:00,898.73,15,4,0,897.5,893.7566666666667,876.0516666666666,860.96
2023-08-11 16:00:00,860.96,16,4,0,898.73,885.73,882.39,820.43
2023-08-11 17:00:00,820.43,17,4,0,860.96,860.04,878.1733333333333,757.19
2023-08-11 18:00:00,757.19,18,4,0,820.43,812.86,853.3083333333334,477.54
2023-08-11 19:00:00,477.54,19,4,0,757.19,685.0533333333333,785.3916666666668,475.86
2023-08-11 20:00:00,475.86,20,4,0,477.54,570.1966666666667,715.1183333333333,165.03
2023-08-11 21:00:00,165.03,21,4,0,475.86,372.81,592.8350000000002,166.98
2023-08-11 22:00:00,166.98,22,4,0,165.03,269.29,477.1716666666667,145.1
2023-08-11 23:00:00,145.1,23,4,0,166.98,159.03666666666666,364.61666666666673,263.54
2023-08-12 00:00:00,263.54,0,5,1,145.1,191.87333333333333,282.3416666666667,259.91
2023-08-12 01:00:00,259.91,1,5,1,263.54,222.85,246.07000000000005,245.82
2023-08-12 02:00:00,245.82,2,5,1,259.91,256.42333333333335,207.73000000000005,211.38
2023-08-12 03:00:00,211.38,3,5,1,245.82,239.03666666666666,215.45500000000007,210.46
2023-08-12 04:00:00,210.46,4,5,1,211.38,222.5533333333333,222.7016666666667,225.61
2023-08-12 05:00:00,225.61,5,5,1,210.46,215.8166666666667,236.12000000000003,261.88
2023-08-12 06:00:00,261.88,6,5,1,225.61,232.65,235.8433333333334,217.29
2023-08-12 07:00:00,217.29,7,5,1,261.88,234.92666666666665,228.74000000000004,218.3
2023-08-12 08:00:00,218.3,8,5,1,217.29,232.49,224.1533333333334,196.03
2023-08-12 09:00:00,196.03,9,5,1,218.3,210.54,221.59500000000006,233.41
2023-08-12 10:00:00,233.41,10,5,1,196.03,215.91333333333333,225.42000000000007,249.62
2023-08-12 11:00:00,249.62,11,5,1,233.41,226.35333333333332,229.4216666666667,237.45
2023-08-12 12:00:00,237.45,12,5,1,249.62,240.16,225.35000000000002,243.8
2023-08-12 13:00:00,243.8,13,5,1,237.45,243.62333333333333,229.76833333333335,235.89
2023-08-12 14:00:00,235.89,14,5,1,243.8,239.04666666666665,232.70000000000005,254.85
2023-08-12 15:00:00,254.85,15,5,1,235.89,244.84666666666666,242.50333333333336,245.79
2023-08-12 16:00:00,245.79,16,5,1,254.85,245.51,244.5666666666667,172.85
2023-08-12 17:00:00,172.85,17,5,1,245.79,224.49666666666667,231.77166666666668,255.24
2023-08-12 18:00:00,255.24,18,5,1,172.85,224.62666666666667,234.73666666666668,215.55
2023-08-12 19:00:00,215.55,19,5,1,255.24,214.5466666666667,230.0283333333334,185.93
2023-08-12 20:00:00,185.93,20,5,1,215.55,218.90666666666667,221.70166666666668,235.79
2023-08-12 21:00:00,235.79,21,5,1,185.93,212.42333333333332,218.52500000000006,215.5
2023-08-12 22:00:00,215.5,22,5,1,235.79,212.40666666666667,213.47666666666672,233.02
2023-08-12 23:00:00,233.02,23,5,1,215.5,228.10333333333332,223.50500000000002,233.99
2023-08-13 00:00:00,233.99,0,6,1,233.02,227.50333333333333,219.9633333333334,213.71
2023-08-13 01:00:00,213.71,1,6,1,233.99,226.90666666666667,219.65666666666672,230.23
2023-08-13 02:00:00,230.23,2,6,1,213.71,225.9766666666667,227.04000000000005,191.57
2023-08-13 03:00:00,191.57,3,6,1,230.23,211.83666666666667,219.67000000000004,256.08
2023-08-13 04:00:00,256.08,4,6,1,191.57,225.95999999999995,226.43333333333337,288.22
2023-08-13 05:00:00,288.22,5,6,1,256.08,245.29,235.63333333333335,217.81
2023-08-13 06:00:00,217.81,6,6,1,288.22,254.03666666666663,232.9366666666667,238.88
2023-08-13 07:00:00,238.88,7,6,1,217.81,248.30333333333337,237.1316666666667,212.76
2023-08-13 08:00:00,212.76,8,6,1,238.88,223.15,234.22000000000006,263.55
2023-08-13 09:00:00,263.55,9,6,1,212.76,238.39666666666668,246.2166666666667,201.02
2023-08-13 10:00:00,201.02,10,6,1,263.55,225.77666666666667,237.04000000000005,256.68
2023-08-13 11:00:00,256.68,11,6,1,201.02,240.41666666666666,231.7833333333334,237.8
2023-08-13 12:00:00,237.8,12,6,1,256.68,231.83333333333334,235.11500000000004,303.09
2023-08-13 13:00:00,303.09,13,6,1,237.8,265.8566666666666,245.8166666666667,216.73
2023-08-13 14:00:00,216.73,14,6,1,303.09,252.53999999999996,246.47833333333335,236.18
2023-08-13 15:00:00,236.18,15,6,1,216.73,252.0,241.9166666666667,242.9
2023-08-13 16:00:00,242.9,16,6,1,236.18,231.93666666666664,248.89666666666673,222.25
2023-08-13 17:00:00,222.25,17,6,1,242.9,233.77666666666664,243.1583333333334,258.13
2023-08-13 18:00:00,258.13,18,6,1,222.25,241.09333333333333,246.5466666666667,272.66
2023-08-13 19:00:00,272.66,19,6,1,258.13,251.01333333333332,241.47500000000002,278.01
2023-08-13 20:00:00,278.01,20,6,1,272.66,269.59999999999997,251.6883333333334,218.08
2023-08-13 21:00:00,218.08,21,6,1,278.01,256.25,248.6716666666667,238.96
2023-08-13 22:00:00,238.96,22,6,1,218.08,245.01666666666665,248.01500000000001,244.39
2023-08-13 23:00:00,244.39,23,6,1,238.96,233.80999999999997,251.70500000000004,144.34
2023-08-14 00:00:00,144.34,0,0,0,244.39,209.23,232.74000000000004,163.76
2023-08-14 01:00:00,163.76,1,0,0,144.34,184.1633333333333,214.59000000000003,174.57
2023-08-14 02:00:00,174.57,2,0,0,163.76,160.89,197.35000000000002,92.44
2023-08-14 03:00:00,92.44,3,0,0,174.57,143.58999999999995,176.41000000000005,162.48
2023-08-14 04:00:00,162.48,4,0,0,92.44,143.1633333333333,163.66333333333336,161.08
2023-08-14 05:00:00,161.08,5,0,0,162.48,138.66666666666666,149.77833333333336,155.08
2023-08-14 06:00:00,155.08,6,0,0,161.08,159.54666666666665,151.56833333333338,477.48
2023-08-14 07:00:00,477.48,7,0,0,155.08,264.5466666666667,203.85500000000005,483.64
2023-08-14 08:00:00,483.64,8,0,0,477.48,372.0666666666666,255.3666666666667,784.07
2023-08-14 09:00:00,784.07,9,0,0,483.64,581.73,370.6383333333334,802.76
2023-08-14 10:00:00,802.76,10,0,0,784.07,690.1566666666668,477.35166666666674,870.97
2023-08-14 11:00:00,870.97,11,0,0,802.76,819.2666666666668,595.6666666666667,865.1
2023-08-14 12:00:00,865.1,12,0,0,870.97,846.2766666666666,714.0033333333334,854.91
2023-08-14 13:00:00,854.91,13,0,0,865.1,863.66,776.9083333333334,888.05
2023-08-14 14:00:00,888.05,14,0,0,854.91,869.3533333333334,844.3100000000001,857.37
2023-08-14 15:00:00,857.37,15,0,0,888.05,866.7766666666666,856.5266666666668,836.05
2023-08-14 16:00:00,836.05,16,0,0,857.37,860.4899999999999,862.0749999999999,835.07
2023-08-14 17:00:00,835.07,17,0,0,836.05,842.8299999999999,856.0916666666667,780.52
2023-08-14 18:00:00,780.52,18,0,0,835.07,817.2133333333335,841.995,484.14
2023-08-14 19:00:00,484.14,19,0,0,780.52,699.91,780.1999999999999,462.78
2023-08-14 20:00:00,462.78,20,0,0,484.14,575.8133333333334,709.3216666666667,159.99
2023-08-14 21:00:00,159.99,21,0,0,462.78,368.96999999999997,593.0916666666667,153.99
2023-08-14 22:00:00,153.99,22,0,0,159.99,258.92,479.415,175.66
2023-08-14 23:00:00,175.66,23,0,0,153.99,163.21333333333334,369.5133333333334,208.18
2023-08-15 00:00:00,208.18,0,1,0,175.66,179.27666666666667,274.1233333333334,178.0
2023-08-15 01:00:00,178.0,1,1,0,208.18,187.28,223.10000000000005,171.59
2023-08-15 02:00:00,171.59,2,1,0,178.0,185.92333333333332,174.56833333333338,135.04
2023-08-15 03:00:00,135.04,3,1,0,171.59,161.54333333333332,170.41000000000005,155.35
2023-08-15 04:00:00,155.35,4,1,0,135.04,153.9933333333333,170.63666666666668,170.66
2023-08-15 05:00:00,170.66,5,1,0,155.35,153.6833333333333,169.80333333333337,171.64
2023-08-15 06:00:00,171.64,6,1,0,170.66,165.88333333333333,163.71333333333337,473.4
2023-08-15 07:00:00,473.4,7,1,0,171.64,271.9,212.94666666666672,472.89
2023-08-15 08:00:00,472.89,8,1,0,473.4,372.64333333333326,263.16333333333336,837.68
2023-08-15 09:00:00,837.68,9,1,0,472.89,594.6566666666666,380.27000000000004,813.63
2023-08-15 10:00:00,813.63,10,1,0,837.68,708.0666666666666,489.9833333333334,833.93
2023-08-15 11:00:00,833.93,11,1,0,813.63,828.4133333333333,600.5283333333333,851.29
2023-08-15 12:00:00,851.29,12,1,0,833.93,832.9499999999999,713.8033333333333,874.59
2023-08-15 13:00:00,874.59,13,1,0,851.29,853.27,780.6683333333334,873.06
2023-08-15 14:00:00,873.06,14,1,0,874.59,866.3133333333334,847.3633333333333,876.43
2023-08-15 15:00:00,876.43,15,1,0,873.06,874.6933333333333,853.8216666666667,834.6
2023-08-15 16:00:00,834.6,16,1,0,876.43,861.3633333333333,857.3166666666666,810.94
2023-08-15 17:00:00,810.94,17,1,0,834.6,840.6566666666668,853.485,766.4
2023-08-15 18:00:00,766.4,18,1,0,810.94,803.98,839.3366666666666,469.4
2023-08-15 19:00:00,469.4,19,1,0,766.4,682.2466666666667,771.8050000000002,478.0
2023-08-15 20:00:00,478.0,20,1,0,469.4,571.2666666666667,705.9616666666667,136.49
2023-08-15 21:00:00,136.49,21,1,0,478.0,361.2966666666666,582.6383333333334,170.82
2023-08-15 22:00:00,170.82,22,1,0,136.49,261.77,472.00833333333344,150.93
2023-08-15 23:00:00,150.93,23,1,0,170.82,152.74666666666667,362.00666666666666,152.34
2023-08-16 00:00:00,152.34,0,2,0,150.93,158.03,259.66333333333336,193.37
2023-08-16 01:00:00,193.37,1,2,0,152.34,165.54666666666665,213.6583333333334,176.45
2023-08-16 02:00:00,176.45,2,2,0,193.37,174.0533333333333,163.40000000000003,158.54
2023-08-16 03:00:00,158.54,3,2,0,176.45,176.11999999999998,167.07500000000005,129.09
2023-08-16 04:00:00,129.09,4,2,0,158.54,154.6933333333333,160.12000000000003,130.67
2023-08-16 05:00:00,130.67,5,2,0,129.09,139.43333333333334,156.74333333333337,173.44
2023-08-16 06:00:00,173.44,6,2,0,130.67,144.4,160.26000000000002,466.06
2023-08-16 07:00:00,466.06,7,2,0,173.44,256.72333333333336,205.70833333333337,478.39
2023-08-16 08:00:00,478.39,8,2,0,466.06,372.62999999999994,256.0316666666667,796.87
2023-08-16 09:00:00,796.87,9,2,0,478.39,580.44,362.4200000000001,844.59
2023-08-16 10:00:00,844.59,10,2,0,796.87,706.6166666666668,481.6700000000001,811.5
2023-08-16 11:00:00,811.5,11,2,0,844.59,817.6533333333333,595.1416666666668,832.46
2023-08-16 12:00:00,832.46,12,2,0,811.5,829.5166666666668,704.9783333333334,884.64
2023-08-16 13:00:00,884.64,13,2,0,832.46,842.8666666666667,774.7416666666668,884.7
2023-08-16 14:00:00,884.7,14,2,0,884.64,867.2666666666668,842.46,848.2
2023-08-16 15:00:00,848.2,15,2,0,884.7,872.5133333333333,851.015,846.53
2023-08-16 16:00:00,846.53,16,2,0,848.2,859.8100000000001,851.3383333333333,820.11
2023-08-16 17:00:00,820.11,17,2,0,846.53,838.2800000000001,852.7733333333334,785.7
2023-08-16 18:00:00,785.7,18,2,0,820.11,817.4466666666667,844.98,479.77
2023-08-16 19:00:00,479.77,19,2,0,785.7,695.1933333333333,777.5016666666667,493.04
2023-08-16 20:00:00,493.04,20,2,0,479.77,586.17,712.225,203.12
2023-08-16 21:00:00,203.12,21,2,0,493.04,391.9766666666667,604.7116666666667,149.24
2023-08-16 22:00:00,149.24,22,2,0,203.12,281.8,488.4966666666667,174.99
2023-08-16 23:00:00,174.99,23,2,0,149.24,175.7833333333334,380.9766666666667,164.93
2023-08-17 00:00:00,164.93,0,3,0,174.99,163.05333333333337,277.51500000000004,151.51
2023-08-17 01:00:00,151.51,1,3,0,164.93,163.81000000000003,222.80500000000004,149.45
2023-08-17 02:00:00,149.45,2,3,0,151.51,155.2966666666667,165.54000000000005,162.32
2023-08-17 03:00:00,162.32,3,3,0,149.45,154.4266666666667,158.74000000000004,172.15
2023-08-17 04:00:00,172.15,4,3,0,162.32,161.3066666666667,162.55833333333337,160.33
2023-08-17 05:00:00,160.33,5,3,0,172.15,164.93333333333337,160.11500000000004,167.63
2023-08-17 06:00:00,167.63,6,3,0,160.33,166.70333333333338,160.56500000000003,451.06
2023-08-17 07:00:00,451.06,7,3,0,167.63,259.6733333333334,210.49000000000004,419.72
2023-08-17 08:00:00,419.72,8,3,0,451.06,346.1366666666667,255.53500000000005,820.11
2023-08-17 09:00:00,820.11,9,3,0,419.72,563.6300000000001,365.1666666666667,821.8
2023-08-17 10:00:00,821.8,10,3,0,820.11,687.21,473.44166666666666,827.8
2023-08-17 11:00:00,827.8,11,3,0,821.8,823.2366666666667,584.6866666666666,862.96
2023-08-17 12:00:00,862.96,12,3,0,827.8,837.52,700.5749999999999,863.42
2023-08-17 13:00:00,863.42,13,3,0,862.96,851.3933333333334,769.3016666666667,871.48
2023-08-17 14:00:00,871.48,14,3,0,863.42,865.9533333333334,844.5949999999999,861.96
2023-08-17 15:00:00,861.96,15,3,0,871.48,865.62,851.57,800.27
2023-08-17 16:00:00,800.27,16,3,0,861.96,844.57,847.9816666666667,832.61
2023-08-17 17:00:00,832.61,17,3,0,800.27,831.6133333333333,848.7833333333333,805.61
2023-08-17 18:00:00,805.61,18,3,0,832.61,812.8299999999999,839.2249999999999,444.77
2023-08-17 19:00:00,444.77,19,3,0,805.61,694.3299999999999,769.4500000000002,465.75
2023-08-17 20:00:00,465.75,20,3,0,444.77,572.0433333333334,701.8283333333334,194.98
2023-08-17 21:00:00,194.98,21,3,0,465.75,368.5,590.6650000000001,168.29
2023-08-17 22:00:00,168.29,22,3,0,194.98,276.34000000000003,485.33500000000004,165.49
2023-08-17 23:00:00,165.49,23,3,0,168.29,176.25333333333336,374.14833333333337,175.07
2023-08-18 00:00:00,175.07,0,4,0,165.49,169.6166666666667,269.0583333333334,166.64
2023-08-18 01:00:00,166.64,1,4,0,175.07,169.0666666666667,222.70333333333338,153.3
2023-08-18 02:00:00,153.3,2,4,0,166.64,165.00333333333336,170.62833333333336,150.39
2023-08-18 03:00:00,150.39,3,4,0,153.3,156.7766666666667,163.1966666666667,163.93
2023-08-18 04:00:00,163.93,4,4,0,150.39,155.87333333333336,162.47000000000003,157.15
2023-08-18 05:00:00,157.15,5,4,0,163.93,157.15666666666672,161.08000000000004,168.52
2023-08-18 06:00:00,168.52,6,4,0,157.15,163.20000000000005,159.98833333333337,488.97
2023-08-18 07:00:00,488.97,7,4,0,168.52,271.5466666666667,213.71000000000004,479.5
2023-08-18 08:00:00,479.5,8,4,0,488.97,378.9966666666667,268.0766666666667,819.23
2023-08-18 09:00:00,819.23,9,4,0,479.5,595.9000000000001,379.55,827.41
2023-08-18 10:00:00,827.41,10,4,0,819.23,708.7133333333335,490.13000000000005,867.22
2023-08-18 11:00:00,867.22,11,4,0,827.41,837.9533333333334,608.475,856.75
2023-08-18 12:00:00,856.75,12,4,0,867.22,850.46,723.18,871.4
2023-08-18 13:00:00,871.4,13,4,0,856.75,865.1233333333334,786.9183333333334,868.92
2023-08-18 14:00:00,868.92,14,4,0,871.4,865.69,851.8216666666667,859.83
2023-08-18 15:00:00,859.83,15,4,0,868.92,866.7166666666667,858.5883333333335,877.34
2023-08-18 16:00:00,877.34,16,4,0,859.83,868.6966666666667,866.9100000000002,835.94
2023-08-18 17:00:00,835.94,17,4,0,877.34,857.7033333333334,861.6966666666667,816.46
2023-08-18 18:00:00,816.46,18,4,0,835.94,843.2466666666668,854.9816666666667,486.26
2023-08-18 19:00:00,486.26,19,4,0,816.46,712.8866666666668,790.7916666666666,472.16
2023-08-18 20:00:00,472.16,20,4,0,486.26,591.6266666666667,724.6650000000001,176.68
2023-08-18 21:00:00,176.68,21,4,0,472.16,378.3666666666668,610.8066666666667,149.73
2023-08-18 22:00:00,149.73,22,4,0,176.68,266.1900000000001,489.53833333333336,160.45
2023-08-18 23:00:00,160.45,23,4,0,149.73,162.28666666666675,376.9566666666667,236.77
2023-08-19 00:00:00,236.77,0,5,1,160.45,182.31666666666675,280.3416666666667,257.82
2023-08-19 01:00:00,257.82,1,5,1,236.77,218.34666666666672,242.2683333333334,228.92
2023-08-19 02:00:00,228.92,2,5,1,257.82,241.17000000000007,201.72833333333338,246.95
2023-08-19 03:00:00,246.95,3,5,1,228.92,244.5633333333334,213.44000000000003,237.34
2023-08-19 04:00:00,237.34,4,5,1,246.95,237.73666666666676,228.0416666666667,268.47
2023-08-19 05:00:00,268.47,5,5,1,237.34,250.92000000000007,246.04500000000004,237.6
2023-08-19 06:00:00,237.6,6,5,1,268.47,247.8033333333334,246.18333333333337,273.39
2023-08-19 07:00:00,273.39,7,5,1,237.6,259.8200000000001,248.77833333333334,245.6
2023-08-19 08:00:00,245.6,8,5,1,273.39,252.19666666666672,251.55833333333337,291.05
2023-08-19 09:00:00,291.05,9,5,1,245.6,270.0133333333334,258.90833333333336,223.71
2023-08-19 10:00:00,223.71,10,5,1,291.05,253.4533333333334,256.6366666666667,269.05
2023-08-19 11:00:00,269.05,11,5,1,223.71,261.27000000000004,256.73333333333335,223.0
2023-08-19 12:00:00,223.0,12,5,1,269.05,238.58666666666673,254.30000000000004,242.48
2023-08-19 13:00:00,242.48,13,5,1,223.0,244.8433333333334,249.1483333333334,270.5
2023-08-19 14:00:00,270.5,14,5,1,242.48,245.32666666666674,253.29833333333337,270.6
2023-08-19 15:00:00,270.6,15,5,1,270.5,261.19333333333344,249.89000000000001,227.79
2023-08-19 16:00:00,227.79,16,5,1,270.6,256.29666666666674,250.57000000000005,241.02
2023-08-19 17:00:00,241.02,17,5,1,227.79,246.4700000000001,245.8983333333334,247.7
2023-08-19 18:00:00,247.7,18,5,1,241.02,238.83666666666673,250.01500000000001,263.37
2023-08-19 19:00:00,263.37,19,5,1,247.7,250.69666666666674,253.4966666666667,218.48
2023-08-19 20:00:00,218.48,20,5,1,263.37,243.1833333333334,244.8266666666667,262.34
2023-08-19 21:00:00,262.34,21,5,1,218.48,248.06333333333342,243.45000000000002,221.63
2023-08-19 22:00:00,221.63,22,5,1,262.34,234.1500000000001,242.42333333333332,261.14
2023-08-19 23:00:00,261.14,23,5,1,221.63,248.37000000000003,245.77666666666667,219.22
2023-08-20 00:00:00,219.22,0,6,1,261.14,233.99666666666675,241.03,246.98
2023-08-20 01:00:00,246.98,1,6,1,219.22,242.44666666666674,238.29833333333337,213.08
2023-08-20 02:00:00,213.08,2,6,1,246.98,226.42666666666676,237.39833333333334,270.6
2023-08-20 03:00:00,270.6,3,6,1,213.08,243.55333333333343,238.775,237.23
2023-08-20 04:00:00,237.23,4,6,1,270.6,240.30333333333343,241.375,283.4
2023-08-20 05:00:00,283.4,5,6,1,237.23,263.7433333333334,245.08500000000004,241.25
2023-08-20 06:00:00,241.25,6,6,1,283.4,253.96000000000006,248.7566666666667,240.55
2023-08-20 07:00:00,240.55,7,6,1,241.25,255.06666666666675,247.68500000000003,263.82
2023-08-20 08:00:00,263.82,8,6,1,240.55,248.54000000000008,256.1416666666667,233.69
2023-08-20 09:00:00,233.69,9,6,1,263.82,246.02000000000007,249.99000000000004,216.93
2023-08-20 10:00:00,216.93,10,6,1,233.69,238.14666666666676,246.6066666666667,228.99
2023-08-20 11:00:00,228.99,11,6,1,216.93,226.53666666666675,237.53833333333338,227.6
2023-08-20 12:00:00,227.6,12,6,1,228.99,224.50666666666675,235.26333333333335,254.28
2023-08-20 13:00:00,254.28,13,6,1,227.6,236.95666666666673,237.55166666666673,283.68
2023-08-20 14:00:00,283.68,14,6,1,254.28,255.18666666666672,240.86166666666668,253.43
2023-08-20 15:00:00,253.43,15,6,1,283.68,263.79666666666674,244.15166666666673,234.41
2023-08-20 16:00:00,234.41,16,6,1,253.43,257.1733333333334,247.06500000000005,220.16
2023-08-20 17:00:00,220.16,17,6,1,234.41,236.00000000000009,245.59333333333336,224.48
2023-08-20 18:00:00,224.48,18,6,1,220.16,226.35000000000005,245.07333333333338,237.45
2023-08-20 19:00:00,237.45,19,6,1,224.48,227.36333333333343,242.2683333333334,252.79
2023-08-20 20:00:00,252.79,20,6,1,237.45,238.2400000000001,237.12000000000003,268.22
2023-08-20 21:00:00,268.22,21,6,1,252.79,252.82000000000008,239.58500000000004,218.09
2023-08-20 22:00:00,218.09,22,6,1,268.22,246.36666666666676,236.865,192.3
2023-08-20 23:00:00,192.3,23,6,1,218.09,226.2033333333334,232.22166666666672,159.55
2023-08-21 00:00:00,159.55,0,0,0,192.3,189.9800000000001,221.40000000000006,158.17
2023-08-21 01:00:00,158.17,1,0,0,159.55,170.00666666666675,208.18666666666672,187.0
2023-08-21 02:00:00,187.0,2,0,0,158.17,168.2400000000001,197.22166666666672,141.63
2023-08-21 03:00:00,141.63,3,0,0,187.0,162.26666666666674,176.12333333333336,177.62
2023-08-21 04:00:00,177.62,4,0,0,141.63,168.75000000000009,169.37833333333336,190.83
2023-08-21 05:00:00,190.83,5,0,0,177.62,170.02666666666676,169.13333333333338,155.51
2023-08-21 06:00:00,155.51,6,0,0,190.83,174.65333333333342,168.46000000000004,513.86
2023-08-21 07:00:00,513.86,7,0,0,155.51,286.7333333333334,227.7416666666667,451.03
2023-08-21 08:00:00,451.03,8,0,0,513.86,373.4666666666667,271.7466666666667,805.06
2023-08-21 09:00:00,805.06,9,0,0,451.03,589.9833333333335,382.3183333333334,821.37
2023-08-21 10:00:00,821.37,10,0,0,805.06,692.4866666666667,489.60999999999996,865.74
2023-08-21 11:00:00,865.74,11,0,0,821.37,830.7233333333334,602.095,879.38
2023-08-21 12:00:00,879.38,12,0,0,865.74,855.4966666666668,722.7400000000001,853.69
2023-08-21 13:00:00,853.69,13,0,0,879.38,866.2700000000001,779.3783333333334,878.89
2023-08-21 14:00:00,878.89,14,0,0,853.69,870.6533333333333,850.6883333333334,881.11
2023-08-21 15:00:00,881.11,15,0,0,878.89,871.23,863.3633333333333,839.52
2023-08-21 16:00:00,839.52,16,0,0,881.11,866.5066666666667,866.3883333333333,835.71
2023-08-21 17:00:00,835.71,17,0,0,839.52,852.1133333333333,861.3833333333333,828.59
2023-08-21 18:00:00,828.59,18,0,0,835.71,834.6066666666667,852.9183333333334,456.08
2023-08-21 19:00:00,456.08,19,0,0,828.59,706.7933333333334,786.65,537.51
2023-08-21 20:00:00,537.51,20,0,0,456.08,607.3933333333333,729.7533333333334,132.51
2023-08-21 21:00:00,132.51,21,0,0,537.51,375.36666666666673,604.9866666666667,166.17
2023-08-21 22:00:00,166.17,22,0,0,132.51,278.7300000000001,492.7616666666667,121.66
2023-08-21 23:00:00,121.66,23,0,0,166.17,140.1133333333334,373.7533333333334,150.73
2023-08-22 00:00:00,150.73,0,1,0,121.66,146.18666666666672,260.7766666666667,173.73
2023-08-22 01:00:00,173.73,1,1,0,150.73,148.70666666666673,213.71833333333336,179.91
2023-08-22 02:00:00,179.91,2,1,0,173.73,168.12333333333342,154.11833333333337,163.16
2023-08-22 03:00:00,163.16,3,1,0,179.91,172.26666666666674,159.2266666666667,164.36
2023-08-22 04:00:00,164.36,4,1,0,163.16,169.1433333333334,158.92500000000004,182.96
2023-08-22 05:00:00,182.96,5,1,0,164.36,170.16000000000008,169.14166666666668,146.94
2023-08-22 06:00:00,146.94,6,1,0,182.96,164.75333333333342,168.51000000000005,499.7
2023-08-22 07:00:00,499.7,7,1,0,146.94,276.5333333333334,222.83833333333337,495.98
2023-08-22 08:00:00,495.98,8,1,0,499.7,380.87333333333345,275.5166666666667,801.77
2023-08-22 09:00:00,801.77,9,1,0,495.98,599.1500000000001,381.95166666666665,862.44
2023-08-22 10:00:00,862.44,10,1,0,801.77,720.0633333333335,498.29833333333335,861.5
2023-08-22 11:00:00,861.5,11,1,0,862.44,841.9033333333333,611.3883333333333,870.95
2023-08-22 12:00:00,870.95,12,1,0,861.5,864.9633333333335,732.0566666666667,886.69
2023-08-22 13:00:00,886.69,13,1,0,870.95,873.0466666666667,796.555,896.83
2023-08-22 14:00:00,896.83,14,1,0,886.69,884.8233333333334,863.3633333333336,840.17
2023-08-22 15:00:00,840.17,15,1,0,896.83,874.5633333333335,869.7633333333333,843.02
2023-08-22 16:00:00,843.02,16,1,0,840.17,860.0066666666668,866.5266666666666,840.24
2023-08-22 17:00:00,840.24,17,1,0,843.02,841.1433333333334,862.9833333333332,809.27
2023-08-22 18:00:00,809.27,18,1,0,840.24,830.8433333333334,852.7033333333334,466.62
2023-08-22 19:00:00,466.62,19,1,0,809.27,705.3766666666667,782.6916666666667,478.87
2023-08-22 20:00:00,478.87,20,1,0,466.62,584.9200000000001,713.0316666666668,173.94
2023-08-22 21:00:00,173.94,21,1,0,478.87,373.14333333333343,601.9933333333333,158.66
2023-08-22 22:00:00,158.66,22,1,0,173.94,270.49000000000007,487.9333333333334,184.49
2023-08-22 23:00:00,184.49,23,1,0,158.66,172.36333333333343,378.6416666666667,163.57
2023-08-23 00:00:00,163.57,0,2,0,184.49,168.90666666666675,271.02500000000003,166.86
2023-08-23 01:00:00,166.86,1,2,0,163.57,171.6400000000001,221.06500000000003,145.06
2023-08-23 02:00:00,145.06,2,2,0,166.86,158.49666666666675,165.43000000000004,161.27
2023-08-23 03:00:00,161.27,3,2,0,145.06,157.73000000000008,163.31833333333338,167.34
2023-08-23 04:00:00,167.34,4,2,0,161.27,157.8900000000001,164.76500000000004,122.71
2023-08-23 05:00:00,122.71,5,2,0,167.34,150.44000000000008,154.46833333333336,182.17
2023-08-23 06:00:00,182.17,6,2,0,122.71,157.40666666666672,157.56833333333338,470.15
2023-08-23 07:00:00,470.15,7,2,0,182.17,258.3433333333334,208.1166666666667,460.0
2023-08-23 08:00:00,460.0,8,2,0,470.15,370.77333333333337,260.60666666666674,811.58
2023-08-23 09:00:00,811.58,9,2,0,460.0,580.5766666666667,368.99166666666673,802.67
2023-08-23 10:00:00,802.67,10,2,0,811.58,691.4166666666669,474.88000000000005,822.12
2023-08-23 11:00:00,822.12,11,2,0,802.67,812.1233333333334,591.4483333333334,862.82
2023-08-23 12:00:00,862.82,12,2,0,822.12,829.2033333333334,704.89,887.08
2023-08-23 13:00:00,887.08,13,2,0,862.82,857.3400000000001,774.3783333333334,917.58
2023-08-23 14:00:00,917.58,14,2,0,887.08,889.1600000000002,850.6416666666668,866.46
2023-08-23 15:00:00,866.46,15,2,0,917.58,890.3733333333334,859.7883333333334,852.01
2023-08-23 16:00:00,852.01,16,2,0,866.46,878.6833333333334,868.0116666666668,817.33
2023-08-23 17:00:00,817.33,17,2,0,852.01,845.2666666666668,867.2133333333335,793.69
2023-08-23 18:00:00,793.69,18,2,0,817.33,821.0100000000002,855.6916666666666,490.04
2023-08-23 19:00:00,490.04,19,2,0,793.69,700.3533333333335,789.5183333333334,498.3
2023-08-23 20:00:00,498.3,20,2,0,490.04,594.0100000000001,719.6383333333333,145.77
2023-08-23 21:00:00,145.77,21,2,0,498.3,378.0366666666668,599.5233333333334,169.54
2023-08-23 22:00:00,169.54,22,2,0,145.77,271.20333333333343,485.7783333333334,134.5
2023-08-23 23:00:00,134.5,23,2,0,169.54,149.93666666666675,371.97333333333336,138.82
2023-08-24 00:00:00,138.82,0,3,0,134.5,147.62000000000006,262.8283333333334,160.23
2023-08-24 01:00:00,160.23,1,3,0,138.82,144.51666666666674,207.86000000000004,135.48
2023-08-24 02:00:00,135.48,2,3,0,160.23,144.8433333333334,147.39000000000001,186.14
2023-08-24 03:00:00,186.14,3,3,0,135.48,160.61666666666673,154.11833333333337,142.76
2023-08-24 04:00:00,142.76,4,3,0,186.14,154.7933333333334,149.65500000000006,134.56
2023-08-24 05:00:00,134.56,5,3,0,142.76,154.48666666666674,149.66500000000005,144.45
2023-08-24 06:00:00,144.45,6,3,0,134.56,140.59000000000006,150.60333333333335,490.71
2023-08-24 07:00:00,490.71,7,3,0,144.45,256.57333333333344,205.68333333333337,494.62
2023-08-24 08:00:00,494.62,8,3,0,490.71,376.5933333333334,265.54,824.61
2023-08-24 09:00:00,824.61,9,3,0,494.62,603.3133333333334,371.95166666666665,865.34
2023-08-24 10:00:00,865.34,10,3,0,824.61,728.19,492.38166666666666,850.98
2023-08-24 11:00:00,850.98,11,3,0,865.34,846.9766666666668,611.785,852.3
2023-08-24 12:00:00,852.3,12,3,0,850.98,856.2066666666668,729.7600000000001,860.86
2023-08-24 13:00:00,860.86,13,3,0,852.3,854.7133333333335,791.4516666666667,893.03
2023-08-24 14:00:00,893.03,14,3,0,860.86,868.73,857.8533333333335,914.87
2023-08-24 15:00:00,914.87,15,3,0,893.03,889.5866666666667,872.8966666666666,823.53
2023-08-24 16:00:00,823.53,16,3,0,914.87,877.1433333333334,865.9283333333334,860.75
2023-08-24 17:00:00,860.75,17,3,0,823.53,866.3833333333333,867.5566666666667,803.87
2023-08-24 18:00:00,803.87,18,3,0,860.75,829.3833333333336,859.485,500.16
2023-08-24 19:00:00,500.16,19,3,0,803.87,721.5933333333334,799.3683333333333,466.31
2023-08-24 20:00:00,466.31,20,3,0,500.16,590.1133333333333,728.2483333333334,189.09
2023-08-24 21:00:00,189.09,21,3,0,466.31,385.1866666666667,607.285,200.77
2023-08-24 22:00:00,200.77,22,3,0,189.09,285.39000000000004,503.49166666666673,196.55
2023-08-24 23:00:00,196.55,23,3,0,200.77,195.4700000000001,392.79166666666674,149.97
2023-08-25 00:00:00,149.97,0,4,0,196.55,182.43000000000006,283.8083333333334,163.47
2023-08-25 01:00:00,163.47,1,4,0,149.97,169.99666666666675,227.69333333333338,119.79
2023-08-25 02:00:00,119.79,2,4,0,163.47,144.41000000000008,169.94000000000003,159.9
2023-08-25 03:00:00,159.9,3,4,0,119.79,147.72000000000006,165.07500000000005,163.18
2023-08-25 04:00:00,163.18,4,4,0,159.9,147.62333333333342,158.81000000000003,184.64
2023-08-25 05:00:00,184.64,5,4,0,163.18,169.24000000000007,156.82500000000002,152.29
2023-08-25 06:00:00,152.29,6,4,0,184.64,166.7033333333334,157.2116666666667,493.26
2023-08-25 07:00:00,493.26,7,4,0,152.29,276.7300000000001,212.1766666666667,445.24
2023-08-25 08:00:00,445.24,8,4,0,493.26,363.59666666666675,266.41833333333335,772.92
2023-08-25 09:00:00,772.92,9,4,0,445.24,570.4733333333335,368.58833333333337,815.71
2023-08-25 10:00:00,815.71,10,4,0,772.92,677.9566666666668,477.3433333333334,867.42
2023-08-25 11:00:00,867.42,11,4,0,815.71,818.6833333333334,591.14,842.03
2023-08-25 12:00:00,842.03,12,4,0,867.42,841.7200000000001,706.0966666666667,856.58
2023-08-25 13:00:00,856.58,13,4,0,842.03,855.3433333333334,766.6500000000001,857.83
2023-08-25 14:00:00,857.83,14,4,0,856.58,852.1466666666669,835.4150000000001,831.62
2023-08-25 15:00:00,831.62,15,4,0,857.83,848.6766666666668,845.1983333333334,872.49
2023-08-25 16:00:00,872.49,16,4,0,831.62,853.9800000000001,854.6616666666667,809.28
2023-08-25 17:00:00,809.28,17,4,0,872.49,837.7966666666667,844.9716666666667,775.42
2023-08-25 18:00:00,775.42,18,4,0,809.28,819.0633333333335,833.87,487.68
2023-08-25 19:00:00,487.68,19,4,0,775.42,690.7933333333334,772.3866666666668,471.5
2023-08-25 20:00:00,471.5,20,4,0,487.68,578.2000000000002,707.9983333333333,158.74
2023-08-25 21:00:00,158.74,21,4,0,471.5,372.6400000000001,595.8516666666667,176.7
2023-08-25 22:00:00,176.7,22,4,0,158.74,268.9800000000001,479.8866666666667,169.28
2023-08-25 23:00:00,169.28,23,4,0,176.7,168.24000000000012,373.22,269.98
2023-08-26 00:00:00,269.98,0,5,1,169.28,205.32000000000014,288.98,213.5
2023-08-26 01:00:00,213.5,1,5,1,269.98,217.58666666666682,243.2833333333334,270.08
2023-08-26 02:00:00,270.08,2,5,1,213.5,251.1866666666668,209.71333333333337,238.05
2023-08-26 03:00:00,238.05,3,5,1,270.08,240.54333333333344,222.9316666666667,205.27
2023-08-26 04:00:00,205.27,4,5,1,238.05,237.80000000000015,227.69333333333338,265.94
2023-08-26 05:00:00,265.94,5,5,1,205.27,236.42000000000016,243.80333333333337,281.29
2023-08-26 06:00:00,281.29,6,5,1,265.94,250.83333333333348,245.68833333333336,243.31
2023-08-26 07:00:00,243.31,7,5,1,281.29,263.5133333333335,250.65666666666667,236.44
2023-08-26 08:00:00,236.44,8,5,1,243.31,253.68000000000015,245.05000000000004,263.61
2023-08-26 09:00:00,263.61,9,5,1,236.44,247.78666666666678,249.31000000000006,241.1
2023-08-26 10:00:00,241.1,10,5,1,263.61,247.0500000000001,255.28166666666672,212.22
2023-08-26 11:00:00,212.22,11,5,1,241.1,238.97666666666677,246.32833333333338,233.68
2023-08-26 12:00:00,233.68,12,5,1,212.22,229.0000000000001,238.3933333333334,262.0
2023-08-26 13:00:00,262.0,13,5,1,233.68,235.96666666666678,241.50833333333335,237.15
2023-08-26 14:00:00,237.15,14,5,1,262.0,244.27666666666678,241.6266666666667,263.44
2023-08-26 15:00:00,263.44,15,5,1,237.15,254.1966666666668,241.59833333333336,246.12
2023-08-26 16:00:00,246.12,16,5,1,263.44,248.90333333333342,242.43500000000003,210.89
2023-08-26 17:00:00,210.89,17,5,1,246.12,240.1500000000001,242.21333333333337,254.26
2023-08-26 18:00:00,254.26,18,5,1,210.89,237.09000000000006,245.64333333333335,231.74
2023-08-26 19:00:00,231.74,19,5,1,254.26,232.29666666666677,240.60000000000002,195.26
2023-08-26 20:00:00,195.26,20,5,1,231.74,227.08666666666673,233.61833333333337,230.11
2023-08-26 21:00:00,230.11,21,5,1,195.26,219.03666666666678,228.06333333333336,281.89
2023-08-26 22:00:00,281.89,22,5,1,230.11,235.75333333333342,234.02500000000006,221.53
2023-08-26 23:00:00,221.53,23,5,1,281.89,244.5100000000001,235.79833333333337,277.28
2023-08-27 00:00:00,277.28,0,6,1,221.53,260.2333333333334,239.63500000000002,235.1
2023-08-27 01:00:00,235.1,1,6,1,277.28,244.63666666666677,240.19500000000002,239.57
2023-08-27 02:00:00,239.57,2,6,1,235.1,250.6500000000001,247.58000000000004,229.37
2023-08-27 03:00:00,229.37,3,6,1,239.57,234.6800000000001,247.4566666666667,237.53
2023-08-27 04:00:00,237.53,4,6,1,229.37,235.4900000000001,240.06333333333336,234.18
2023-08-27 05:00:00,234.18,5,6,1,237.53,233.69333333333347,242.1716666666667,238.85
2023-08-27 06:00:00,238.85,6,6,1,234.18,236.85333333333347,235.76666666666668,177.99
2023-08-27 07:00:00,177.99,7,6,1,238.85,217.00666666666677,226.24833333333336,260.73
2023-08-27 08:00:00,260.73,8,6,1,177.99,225.8566666666668,229.775,210.66
2023-08-27 09:00:00,210.66,9,6,1,260.73,216.46000000000012,226.65666666666672,181.08
2023-08-27 10:00:00,181.08,10,6,1,210.66,217.4900000000001,217.24833333333336,244.12
2023-08-27 11:00:00,244.12,11,6,1,181.08,211.95333333333346,218.90500000000006,241.47
2023-08-27 12:00:00,241.47,12,6,1,244.12,222.22333333333344,219.34166666666673,260.49
2023-08-27 13:00:00,260.49,13,6,1,241.47,248.6933333333334,233.09166666666673,225.74
2023-08-27 14:00:00,225.74,14,6,1,260.49,242.56666666666675,227.26000000000002,249.88
2023-08-27 15:00:00,249.88,15,6,1,225.74,245.3700000000001,233.7966666666667,239.92
2023-08-27 16:00:00,239.92,16,6,1,249.88,238.5133333333334,243.60333333333338,261.74
2023-08-27 17:00:00,261.74,17,6,1,239.92,250.5133333333334,246.54000000000005,244.54
2023-08-27 18:00:00,244.54,18,6,1,261.74,248.73333333333338,247.0516666666667,249.34
2023-08-27 19:00:00,249.34,19,6,1,244.54,251.87333333333342,245.19333333333338,221.06
2023-08-27 20:00:00,221.06,20,6,1,249.34,238.31333333333342,244.41333333333338,249.74
2023-08-27 21:00:00,249.74,21,6,1,221.06,240.04666666666677,244.39000000000007,275.78
2023-08-27 22:00:00,275.78,22,6,1,249.74,248.86000000000004,250.3666666666667,250.4
2023-08-27 23:00:00,250.4,23,6,1,275.78,258.6400000000001,248.4766666666667,170.28
2023-08-28 00:00:00,170.28,0,0,0,250.4,232.15333333333342,236.10000000000005,154.11
2023-08-28 01:00:00,154.11,1,0,0,170.28,191.59666666666672,220.22833333333335,142.29
2023-08-28 02:00:00,142.29,2,0,0,154.11,155.5600000000001,207.10000000000002,156.06
2023-08-28 03:00:00,156.06,3,0,0,142.29,150.82000000000008,191.48666666666668,171.92
2023-08-28 04:00:00,171.92,4,0,0,156.06,156.75666666666675,174.1766666666667,153.26
2023-08-28 05:00:00,153.26,5,0,0,171.92,160.4133333333334,157.9866666666667,156.57
2023-08-28 06:00:00,156.57,6,0,0,153.26,160.5833333333334,155.7016666666667,496.1
2023-08-28 07:00:00,496.1,7,0,0,156.57,268.64333333333343,212.70000000000005,488.57
2023-08-28 08:00:00,488.57,8,0,0,496.1,380.4133333333334,270.41333333333336,799.76
2023-08-28 09:00:00,799.76,9,0,0,488.57,594.8100000000001,377.6966666666667,813.71
2023-08-28 10:00:00,813.71,10,0,0,799.76,700.68,484.6616666666667,855.24
2023-08-28 11:00:00,855.24,11,0,0,813.71,822.9033333333333,601.6583333333333,867.36
2023-08-28 12:00:00,867.36,12,0,0,855.24,845.4366666666668,720.1233333333334,892.23
2023-08-28 13:00:00,892.23,13,0,0,867.36,871.6100000000001,786.1450000000001,916.82
2023-08-28 14:00:00,916.82,14,0,0,892.23,892.1366666666668,857.5200000000001,854.92
2023-08-28 15:00:00,854.92,15,0,0,916.82,887.9900000000001,866.7133333333335,844.19
2023-08-28 16:00:00,844.19,16,0,0,854.92,871.9766666666668,871.7933333333334,815.05
2023-08-28 17:00:00,815.05,17,0,0,844.19,838.0533333333334,865.0950000000001,808.42
2023-08-28 18:00:00,808.42,18,0,0,815.05,822.5533333333333,855.2716666666666,473.5
2023-08-28 19:00:00,473.5,19,0,0,808.42,698.9900000000001,785.4833333333335,515.95
2023-08-28 20:00:00,515.95,20,0,0,473.5,599.2900000000001,718.6716666666666,130.83
2023-08-28 21:00:00,130.83,21,0,0,515.95,373.42666666666673,597.9900000000001,170.41
2023-08-28 22:00:00,170.41,22,0,0,130.83,272.39666666666676,485.6933333333334,165.76
2023-08-28 23:00:00,165.76,23,0,0,170.41,155.66666666666674,377.4783333333333,174.69
2023-08-29 00:00:00,174.69,0,1,0,165.76,170.28666666666672,271.85666666666674,172.18
2023-08-29 01:00:00,172.18,1,1,0,174.69,170.87666666666675,221.63666666666668,164.99
2023-08-29 02:00:00,164.99,2,1,0,172.18,170.6200000000001,163.14333333333337,151.39
2023-08-29 03:00:00,151.39,3,1,0,164.99,162.8533333333334,166.57000000000002,137.7
2023-08-29 04:00:00,137.7,4,1,0,151.39,151.36000000000007,161.11833333333337,171.66
2023-08-29 05:00:00,171.66,5,1,0,137.7,153.5833333333334,162.10166666666672,157.41
2023-08-29 06:00:00,157.41,6,1,0,171.66,155.59000000000006,159.22166666666672,429.94
2023-08-29 07:00:00,429.94,7,1,0,157.41,253.00333333333342,202.1816666666667,476.74
2023-08-29 08:00:00,476.74,8,1,0,429.94,354.6966666666667,254.14000000000001,776.55
2023-08-29 09:00:00,776.55,9,1,0,476.74,561.0766666666667,358.3333333333333,853.28
2023-08-29 10:00:00,853.28,10,1,0,776.55,702.19,477.59666666666664,861.81
2023-08-29 11:00:00,861.81,11,1,0,853.28,830.5466666666667,592.6216666666668,916.25
2023-08-29 12:00:00,916.25,12,1,0,861.81,877.1133333333333,719.0949999999999,882.63
2023-08-29 13:00:00,882.63,13,1,0,916.25,886.8966666666669,794.5433333333334,834.23
2023-08-29 14:00:00,834.23,14,1,0,882.63,877.7033333333335,854.125,872.99
2023-08-29 15:00:00,872.99,15,1,0,834.23,863.2833333333334,870.1983333333333,832.44
2023-08-29 16:00:00,832.44,16,1,0,872.99,846.5533333333334,866.725,819.17
2023-08-29 17:00:00,819.17,17,1,0,832.44,841.5333333333334,859.6183333333335,829.18
2023-08-29 18:00:00,829.18,18,1,0,819.17,826.93,845.1066666666667,479.54
2023-08-29 19:00:00,479.54,19,1,0,829.18,709.2966666666667,777.9250000000001,497.96
2023-08-29 20:00:00,497.96,20,1,0,479.54,602.2266666666667,721.88,160.11
2023-08-29 21:00:00,160.11,21,1,0,497.96,379.2033333333334,603.0666666666667,133.38
2023-08-29 22:00:00,133.38,22,1,0,160.11,263.8166666666668,486.5566666666667,170.14
2023-08-29 23:00:00,170.14,23,1,0,133.38,154.5433333333334,378.38500000000005,158.49
2023-08-30 00:00:00,158.49,0,2,0,170.14,154.00333333333342,266.6033333333334,176.92
2023-08-30 01:00:00,176.92,1,2,0,158.49,168.51666666666674,216.1666666666667,192.24
2023-08-30 02:00:00,192.24,2,2,0,176.92,175.8833333333334,165.21333333333337,122.26
2023-08-30 03:00:00,122.26,3,2,0,192.24,163.80666666666676,158.90500000000003,118.32
2023-08-30 04:00:00,118.32,4,2,0,122.26,144.2733333333334,156.39500000000004,147.03
2023-08-30 05:00:00,147.03,5,2,0,118.32,129.2033333333334,152.54333333333338,147.42
2023-08-30 06:00:00,147.42,6,2,0,147.03,137.59000000000006,150.69833333333335,463.09
2023-08-30 07:00:00,463.09,7,2,0,147.42,252.5133333333334,198.39333333333335,473.0
2023-08-30 08:00:00,473.0,8,2,0,463.09,361.1700000000001,245.18666666666672,752.58
2023-08-30 09:00:00,752.58,9,2,0,473.0,562.89,350.24000000000007,836.7
2023-08-30 10:00:00,836.7,10,2,0,752.58,687.4266666666667,469.9700000000001,855.67
2023-08-30 11:00:00,855.67,11,2,0,836.7,814.9833333333335,588.0766666666667,878.29
2023-08-30 12:00:00,878.29,12,2,0,855.67,856.8866666666668,709.8883333333333,871.35
2023-08-30 13:00:00,871.35,13,2,0,878.29,868.4366666666666,777.9316666666667,893.1
2023-08-30 14:00:00,893.1,14,2,0,871.35,880.9133333333334,847.9483333333334,909.4
2023-08-30 15:00:00,909.4,15,2,0,893.1,891.2833333333334,874.085,862.45
2023-08-30 16:00:00,862.45,16,2,0,909.4,888.3166666666667,878.3766666666667,818.43
2023-08-30 17:00:00,818.43,17,2,0,862.45,863.4266666666667,872.1700000000001,776.47
2023-08-30 18:00:00,776.47,18,2,0,818.43,819.1166666666668,855.2000000000002,445.62
2023-08-30 19:00:00,445.62,19,2,0,776.47,680.1733333333335,784.245,483.65
2023-08-30 20:00:00,483.65,20,2,0,445.62,568.58,716.0033333333334,170.11
2023-08-30 21:00:00,170.11,21,2,0,483.65,366.46000000000004,592.7883333333334,175.94
2023-08-30 22:00:00,175.94,22,2,0,170.11,276.5666666666668,478.37000000000006,165.61
2023-08-30 23:00:00,165.61,23,2,0,175.94,170.55333333333343,369.56666666666666,135.59
2023-08-31 00:00:00,135.59,0,3,0,165.61,159.04666666666674,262.7533333333334,144.94
2023-08-31 01:00:00,144.94,1,3,0,135.59,148.7133333333334,212.64000000000001,149.01
2023-08-31 02:00:00,149.01,2,3,0,144.94,143.18000000000006,156.8666666666667,171.99
2023-08-31 03:00:00,171.99,3,3,0,149.01,155.3133333333334,157.18000000000004,143.98
2023-08-31 04:00:00,143.98,4,3,0,171.99,154.99333333333342,151.85333333333338,146.43
2023-08-31 05:00:00,146.43,5,3,0,143.98,154.1333333333334,148.6566666666667,157.47
2023-08-31 06:00:00,157.47,6,3,0,146.43,149.2933333333334,152.30333333333337,460.86
2023-08-31 07:00:00,460.86,7,3,0,157.47,254.92000000000007,204.9566666666667,497.25
2023-08-31 08:00:00,497.25,8,3,0,460.86,371.86000000000007,262.9966666666667,816.89
2023-08-31 09:00:00,816.89,9,3,0,497.25,591.6666666666669,370.48,833.58
2023-08-31 10:00:00,833.58,10,3,0,816.89,715.9066666666668,485.4133333333334,849.17
2023-08-31 11:00:00,849.17,11,3,0,833.58,833.2133333333335,602.5366666666667,858.6
2023-08-31 12:00:00,858.6,12,3,0,849.17,847.1166666666668,719.3916666666668,871.5
2023-08-31 13:00:00,871.5,13,3,0,858.6,859.7566666666668,787.8316666666668,864.83
2023-08-31 14:00:00,864.83,14,3,0,871.5,864.9766666666668,849.0950000000001,830.1
2023-08-31 15:00:00,830.1,15,3,0,864.83,855.4766666666668,851.2966666666667,844.35
2023-08-31 16:00:00,844.35,16,3,0,830.1,846.4266666666668,853.0916666666667,856.41
2023-08-31 17:00:00,856.41,17,3,0,844.35,843.6200000000002,854.2983333333333,815.55
2023-08-31 18:00:00,815.55,18,3,0,856.41,838.7700000000001,847.1233333333334,452.13
2023-08-31 19:00:00,452.13,19,3,0,815.55,708.0300000000001,777.2283333333334,469.79
2023-08-31 20:00:00,469.79,20,3,0,452.13,579.1566666666669,711.3883333333333,197.43
2023-08-31 21:00:00,197.43,21,3,0,469.79,373.1166666666668,605.9433333333333,211.8
2023-08-31 22:00:00,211.8,22,3,0,197.43,293.00666666666683,500.5183333333334,165.11
2023-08-31 23:00:00,165.11,23,3,0,211.8,191.4466666666668,385.30166666666673,167.12
2023-09-01 00:00:00,167.12,0,4,0,165.11,181.34333333333348,277.2300000000001,169.12
2023-09-01 01:00:00,169.12,1,4,0,167.12,167.1166666666668,230.06166666666672,171.01
2023-09-01 02:00:00,171.01,2,4,0,169.12,169.08333333333346,180.26500000000001,145.26
2023-09-01 03:00:00,145.26,3,4,0,171.01,161.79666666666677,171.57000000000005,164.88
2023-09-01 04:00:00,164.88,4,4,0,145.26,160.38333333333344,163.75000000000003,183.84
2023-09-01 05:00:00,183.84,5,4,0,164.88,164.6600000000001,166.8716666666667,175.48
2023-09-01 06:00:00,175.48,6,4,0,183.84,174.73333333333343,168.26500000000001,480.44
2023-09-01 07:00:00,480.44,7,4,0,175.48,279.92000000000013,220.15166666666673,456.32
2023-09-01 08:00:00,456.32,8,4,0,480.44,370.7466666666667,267.7033333333334,801.88
2023-09-01 09:00:00,801.88,9,4,0,456.32,579.5466666666667,377.14000000000004,852.63
2023-09-01 10:00:00,852.63,10,4,0,801.88,703.6100000000001,491.76500000000004,850.58
2023-09-01 11:00:00,850.58,11,4,0,852.63,835.0300000000001,602.8883333333333,854.82
2023-09-01 12:00:00,854.82,12,4,0,850.58,852.6766666666668,716.1116666666667,830.27
2023-09-01 13:00:00,830.27,13,4,0,854.82,845.2233333333335,774.4166666666666,884.19
2023-09-01 14:00:00,884.19,14,4,0,830.27,856.4266666666668,845.7283333333335,889.89
2023-09-01 15:00:00,889.89,15,4,0,884.19,868.1166666666668,860.3966666666669,846.36
2023-09-01 16:00:00,846.36,16,4,0,889.89,873.4800000000001,859.3516666666668,851.8
2023-09-01 17:00:00,851.8,17,4,0,846.36,862.6833333333334,859.5550000000002,786.63
2023-09-01 18:00:00,786.63,18,4,0,851.8,828.2633333333334,848.19,473.05
2023-09-01 19:00:00,473.05,19,4,0,786.63,703.8266666666668,788.6533333333333,503.19
2023-09-01 20:00:00,503.19,20,4,0,473.05,587.6233333333336,725.1533333333333,173.07
2023-09-01 21:00:00,173.07,21,4,0,503.19,383.10333333333347,605.6833333333333,179.87
2023-09-01 22:00:00,179.87,22,4,0,173.07,285.37666666666684,494.6016666666667,157.07
2023-09-01 23:00:00,157.07,23,4,0,179.87,170.00333333333347,378.81333333333333,183.78
2023-09-02 00:00:00,183.78,0,5,1,157.07,173.5733333333335,278.33833333333337,249.41
2023-09-02 01:00:00,249.41,1,5,1,183.78,196.75333333333347,241.06500000000003,249.49
2023-09-02 02:00:00,249.49,2,5,1,249.41,227.56000000000017,198.78166666666672,244.6
2023-09-02 03:00:00,244.6,3,5,1,249.49,247.83333333333348,210.70333333333338,280.97
2023-09-02 04:00:00,280.97,4,5,1,244.6,258.35333333333347,227.55333333333337,209.49
2023-09-02 05:00:00,209.49,5,5,1,280.97,245.02000000000012,236.29000000000005,240.34
2023-09-02 06:00:00,240.34,6,5,1,209.49,243.60000000000014,245.7166666666667,230.48
2023-09-02 07:00:00,230.48,7,5,1,240.34,226.77000000000012,242.5616666666667,254.1
2023-09-02 08:00:00,254.1,8,5,1,230.48,241.64000000000013,243.33000000000004,270.58
2023-09-02 09:00:00,270.58,9,5,1,254.1,251.7200000000001,247.66000000000005,236.7
2023-09-02 10:00:00,236.7,10,5,1,270.58,253.79333333333344,240.28166666666672,236.07
2023-09-02 11:00:00,236.07,11,5,1,236.7,247.78333333333345,244.7116666666667,238.29
2023-09-02 12:00:00,238.29,12,5,1,236.07,237.0200000000001,244.37000000000003,202.25
2023-09-02 13:00:00,202.25,13,5,1,238.29,225.53666666666678,239.66500000000005,250.65
2023-09-02 14:00:00,250.65,14,5,1,202.25,230.39666666666676,239.09000000000003,216.47
2023-09-02 15:00:00,216.47,15,5,1,250.65,223.12333333333345,230.07166666666672,247.35
2023-09-02 16:00:00,247.35,16,5,1,216.47,238.15666666666678,231.8466666666667,200.62
2023-09-02 17:00:00,200.62,17,5,1,247.35,221.4800000000001,225.93833333333336,230.9
2023-09-02 18:00:00,230.9,18,5,1,200.62,226.2900000000001,224.7066666666667,245.35
2023-09-02 19:00:00,245.35,19,5,1,230.9,225.62333333333345,231.89000000000001,197.82
2023-09-02 20:00:00,197.82,20,5,1,245.35,224.69000000000014,223.08500000000004,246.68
2023-09-02 21:00:00,246.68,21,5,1,197.82,229.95000000000013,228.12000000000003,237.35
2023-09-02 22:00:00,237.35,22,5,1,246.68,227.28333333333345,226.45333333333338,239.23
2023-09-02 23:00:00,239.23,23,5,1,237.35,241.0866666666668,232.8883333333334,243.73
2023-09-03 00:00:00,243.73,0,6,1,239.23,240.10333333333344,235.02666666666673,261.54
2023-09-03 01:00:00,261.54,1,6,1,243.73,248.16666666666677,237.72500000000005,240.4
2023-09-03 02:00:00,240.4,2,6,1,261.54,248.5566666666668,244.82166666666672,224.61
2023-09-03 03:00:00,224.61,3,6,1,240.4,242.18333333333348,241.1433333333334,193.28
2023-09-03 04:00:00,193.28,4,6,1,224.61,219.43000000000015,233.79833333333337,246.59
2023-09-03 05:00:00,246.59,5,6,1,193.28,221.49333333333348,235.02500000000006,254.4
2023-09-03 06:00:00,254.4,6,6,1,246.59,231.4233333333335,236.80333333333337,265.2
2023-09-03 07:00:00,265.2,7,6,1,254.4,255.3966666666668,237.41333333333338,210.04
2023-09-03 08:00:00,210.04,8,6,1,265.2,243.21333333333345,232.35333333333335,224.17
2023-09-03 09:00:00,224.17,9,6,1,210.04,233.13666666666677,232.28000000000006,225.66
2023-09-03 10:00:00,225.66,10,6,1,224.17,219.9566666666668,237.6766666666667,242.14
2023-09-03 11:00:00,242.14,11,6,1,225.66,230.65666666666678,236.93500000000003,271.18
2023-09-03 12:00:00,271.18,12,6,1,242.14,246.32666666666682,239.7316666666667,237.09
2023-09-03 13:00:00,237.09,13,6,1,271.18,250.1366666666668,235.0466666666667,235.86
2023-09-03 14:00:00,235.86,14,6,1,237.09,248.0433333333335,239.35000000000002,234.37
2023-09-03 15:00:00,234.37,15,6,1,235.86,235.77333333333345,241.05000000000004,282.74
2023-09-03 16:00:00,282.74,16,6,1,234.37,250.99000000000012,250.5633333333334,253.72
2023-09-03 17:00:00,253.72,17,6,1,282.74,256.94333333333344,252.49333333333337,249.35
2023-09-03 18:00:00,249.35,18,6,1,253.72,261.9366666666668,248.85500000000002,269.29
2023-09-03 19:00:00,269.29,19,6,1,249.35,257.45333333333343,254.22166666666672,231.12
2023-09-03 20:00:00,231.12,20,6,1,269.29,249.9200000000001,253.43166666666673,264.95
2023-09-03 21:00:00,264.95,21,6,1,231.12,255.12000000000012,258.52833333333336,243.53
2023-09-03 22:00:00,243.53,22,6,1,264.95,246.53333333333345,251.99333333333337,272.38
2023-09-03 23:00:00,272.38,23,6,1,243.53,260.2866666666668,255.10333333333338,174.35
2023-09-04 00:00:00,174.35,0,0,0,272.38,230.0866666666668,242.60333333333338,179.84
2023-09-04 01:00:00,179.84,1,0,0,174.35,208.8566666666668,227.69500000000005,169.27
2023-09-04 02:00:00,169.27,2,0,0,179.84,174.4866666666668,217.38666666666668,127.83
2023-09-04 03:00:00,127.83,3,0,0,169.27,158.9800000000001,194.5333333333334,184.49
2023-09-04 04:00:00,184.49,4,0,0,127.83,160.53000000000011,184.69333333333338,160.9
2023-09-04 05:00:00,160.9,5,0,0,184.49,157.74000000000012,166.11333333333337,135.89
2023-09-04 06:00:00,135.89,6,0,0,160.9,160.42666666666676,159.70333333333338,521.01
2023-09-04 07:00:00,521.01,7,0,0,135.89,272.6000000000001,216.56500000000005,480.49
2023-09-04 08:00:00,480.49,8,0,0,521.01,379.1300000000001,268.43500000000006,798.48
2023-09-04 09:00:00,798.48,9,0,0,480.49,599.9933333333335,380.21000000000004,817.16
2023-09-04 10:00:00,817.16,10,0,0,798.48,698.71,485.65500000000003,847.71
2023-09-04 11:00:00,847.71,11,0,0,817.16,821.1166666666668,600.1233333333333,834.31
2023-09-04 12:00:00,834.31,12,0,0,847.71,833.0600000000001,716.5266666666668,894.46
2023-09-04 13:00:00,894.46,13,0,0,834.31,858.8266666666668,778.7683333333334,864.47
2023-09-04 14:00:00,864.47,14,0,0,894.46,864.4133333333335,842.765,875.35
2023-09-04 15:00:00,875.35,15,0,0,864.47,878.0933333333336,855.5766666666667,843.72
2023-09-04 16:00:00,843.72,16,0,0,875.35,861.1800000000002,860.0033333333334,844.5
2023-09-04 17:00:00,844.5,17,0,0,843.72,854.5233333333334,859.4683333333334,806.11
2023-09-04 18:00:00,806.11,18,0,0,844.5,831.4433333333335,854.7683333333334,482.45
2023-09-04 19:00:00,482.45,19,0,0,806.11,711.0200000000001,786.1,504.32
2023-09-04 20:00:00,504.32,20,0,0,482.45,597.6266666666668,726.0750000000002,153.35
2023-09-04 21:00:00,153.35,21,0,0,504.32,380.04000000000013,605.7416666666667,176.64
2023-09-04 22:00:00,176.64,22,0,0,153.35,278.1033333333334,494.5616666666667,138.32
2023-09-04 23:00:00,138.32,23,0,0,176.64,156.10333333333344,376.865,145.35
2023-09-05 00:00:00,145.35,0,1,0,138.32,153.43666666666675,266.73833333333334,164.37
2023-09-05 01:00:00,164.37,1,1,0,145.35,149.34666666666678,213.72500000000005,180.75
2023-09-05 02:00:00,180.75,2,1,0,164.37,163.49000000000012,159.7966666666667,169.31
2023-09-05 03:00:00,169.31,3,1,0,180.75,171.47666666666677,162.4566666666667,133.92
2023-09-05 04:00:00,133.92,4,1,0,169.31,161.3266666666668,155.3366666666667,165.69
2023-09-05 05:00:00,165.69,5,1,0,133.92,156.30666666666676,159.89833333333337,149.16
2023-09-05 06:00:00,149.16,6,1,0,165.69,149.59000000000012,160.5333333333334,496.3
2023-09-05 07:00:00,496.3,7,1,0,149.16,270.38333333333344,215.85500000000002,508.16
2023-09-05 08:00:00,508.16,8,1,0,496.3,384.54000000000013,270.42333333333335,803.98
2023-09-05 09:00:00,803.98,9,1,0,508.16,602.8133333333335,376.20166666666665,814.92
2023-09-05 10:00:00,814.92,10,1,0,803.98,709.0200000000001,489.70166666666665,848.42
2023-09-05 11:00:00,848.42,11,1,0,814.92,822.44,603.49,880.51
2023-09-05 12:00:00,880.51,12,1,0,848.42,847.9500000000002,725.3816666666667,863.44
2023-09-05 13:00:00,863.44,13,1,0,880.51,864.1233333333334,786.5716666666667,885.64
2023-09-05 14:00:00,885.64,14,1,0,863.44,876.5300000000001,849.485,869.49
2023-09-05 15:00:00,869.49,15,1,0,885.64,872.8566666666669,860.4033333333335,836.9
2023-09-05 16:00:00,836.9,16,1,0,869.49,864.0100000000001,864.0666666666667,856.52
2023-09-05 17:00:00,856.52,17,1,0,836.9,854.3033333333334,865.4166666666666,806.82
2023-09-05 18:00:00,806.82,18,1,0,856.52,833.4133333333334,853.1350000000001,506.28
2023-09-05 19:00:00,506.28,19,1,0,806.82,723.2066666666668,793.6083333333335,471.91
2023-09-05 20:00:00,471.91,20,1,0,506.28,595.0033333333334,724.6533333333333,183.86
2023-09-05 21:00:00,183.86,21,1,0,471.91,387.35000000000014,610.3816666666667,159.26
2023-09-05 22:00:00,159.26,22,1,0,183.86,271.6766666666668,497.4416666666668,138.59
2023-09-05 23:00:00,138.59,23,1,0,159.26,160.57000000000014,377.7866666666667,144.75
2023-09-06 00:00:00,144.75,0,2,0,138.59,147.53333333333345,267.4416666666667,201.44
2023-09-06 01:00:00,201.44,1,2,0,144.75,161.59333333333345,216.63500000000008,129.96
2023-09-06 02:00:00,129.96,2,2,0,201.44,158.71666666666678,159.6433333333334,168.69
2023-09-06 03:00:00,168.69,3,2,0,129.96,166.69666666666677,157.11500000000004,187.1
2023-09-06 04:00:00,187.1,4,2,0,168.69,161.91666666666677,161.75500000000005,175.86
2023-09-06 05:00:00,175.86,5,2,0,187.1,177.21666666666678,167.96666666666673,169.88
2023-09-06 06:00:00,169.88,6,2,0,175.86,177.61333333333346,172.15500000000006,463.06
2023-09-06 07:00:00,463.06,7,2,0,169.88,269.6000000000001,215.75833333333335,460.53
2023-09-06 08:00:00,460.53,8,2,0,463.06,364.49000000000007,270.85333333333335,789.87
2023-09-06 09:00:00,789.87,9,2,0,460.53,571.1533333333334,374.3833333333334,841.33
2023-09-06 10:00:00,841.33,10,2,0,789.87,697.2433333333335,483.4216666666668,848.74
2023-09-06 11:00:00,848.74,11,2,0,841.33,826.6466666666669,595.5683333333334,875.92
2023-09-06 12:00:00,875.92,12,2,0,848.74,855.3300000000003,713.2416666666667,880.74
2023-09-06 13:00:00,880.74,13,2,0,875.92,868.4666666666668,782.855,844.71
2023-09-06 14:00:00,844.71,14,2,0,880.74,867.1233333333334,846.8850000000001,868.86
2023-09-06 15:00:00,868.86,15,2,0,844.71,864.7700000000001,860.0500000000002,833.94
2023-09-06 16:00:00,833.94,16,2,0,868.86,849.1700000000002,858.8183333333335,830.61
2023-09-06 17:00:00,830.61,17,2,0,833.94,844.4700000000003,855.7966666666666,764.27
2023-09-06 18:00:00,764.27,18,2,0,830.61,809.6066666666669,837.1883333333334,481.1
2023-09-06 19:00:00,481.1,19,2,0,764.27,691.9933333333335,770.5816666666666,483.3
2023-09-06 20:00:00,483.3,20,2,0,481.1,576.2233333333335,710.3466666666667,151.78
2023-09-06 21:00:00,151.78,21,2,0,483.3,372.0600000000001,590.8333333333334,150.87
2023-09-06 22:00:00,150.87,22,2,0,151.78,261.98333333333346,476.9883333333334,140.79
2023-09-06 23:00:00,140.79,23,2,0,150.87,147.81333333333345,362.01833333333343,157.17
2023-09-07 00:00:00,157.17,0,3,0,140.79,149.6100000000001,260.8350000000001,140.34
2023-09-07 01:00:00,140.34,1,3,0,157.17,146.1000000000001,204.0416666666667,156.96
2023-09-07 02:00:00,156.96,2,3,0,140.34,151.49000000000012,149.65166666666673,168.77
2023-09-07 03:00:00,168.77,3,3,0,156.96,155.3566666666668,152.48333333333338,152.44
2023-09-07 04:00:00,152.44,4,3,0,168.77,159.39000000000013,152.74500000000003,184.9
2023-09-07 05:00:00,184.9,5,3,0,152.44,168.70333333333346,160.09666666666672,133.37
2023-09-07 06:00:00,133.37,6,3,0,184.9,156.90333333333345,156.13000000000005,462.04
2023-09-07 07:00:00,462.04,7,3,0,133.37,260.10333333333347,209.7466666666667,507.51
2023-09-07 08:00:00,507.51,8,3,0,462.04,367.6400000000001,268.1716666666667,828.68
2023-09-07 09:00:00,828.68,9,3,0,507.51,599.4100000000002,378.1566666666667,809.48
2023-09-07 10:00:00,809.48,10,3,0,828.68,715.2233333333335,487.66333333333336,869.01
2023-09-07 11:00:00,869.01,11,3,0,809.48,835.7233333333334,601.6816666666667,879.46
2023-09-07 12:00:00,879.46,12,3,0,869.01,852.6500000000001,726.0300000000001,872.52
2023-09-07 13:00:00,872.52,13,3,0,879.46,873.6633333333334,794.4433333333333,866.85
2023-09-07 14:00:00,866.85,14,3,0,872.52,872.9433333333335,854.3333333333334,903.14
2023-09-07 15:00:00,903.14,15,3,0,866.85,880.8366666666667,866.7433333333335,839.89
2023-09-07 16:00:00,839.89,16,3,0,903.14,869.96,871.8116666666666,797.76
2023-09-07 17:00:00,797.76,17,3,0,839.89,846.9300000000002,859.9366666666666,798.95
2023-09-07 18:00:00,798.95,18,3,0,797.76,812.2000000000002,846.5183333333333,484.16
2023-09-07 19:00:00,484.16,19,3,0,798.95,693.6233333333334,781.7916666666666,455.84
2023-09-07 20:00:00,455.84,20,3,0,484.16,579.6500000000001,713.29,160.61
2023-09-07 21:00:00,160.61,21,3,0,455.84,366.8700000000001,589.535,166.38
2023-09-07 22:00:00,166.38,22,3,0,160.61,260.94333333333344,477.28333333333336,176.94
2023-09-07 23:00:00,176.94,23,3,0,166.38,167.97666666666677,373.81333333333345,163.92
2023-09-08 00:00:00,163.92,0,4,0,176.94,169.08000000000013,267.975,181.08
2023-09-08 01:00:00,181.08,1,4,0,163.92,173.9800000000001,217.4616666666667,162.4
2023-09-08 02:00:00,162.4,2,4,0,181.08,169.13333333333344,168.55500000000004,195.57
2023-09-08 03:00:00,195.57,3,4,0,162.4,179.68333333333348,174.3816666666667,161.88
2023-09-08 04:00:00,161.88,4,4,0,195.57,173.28333333333345,173.6316666666667,155.15
2023-09-08 05:00:00,155.15,5,4,0,161.88,170.8666666666668,170.00000000000003,167.54
2023-09-08 06:00:00,167.54,6,4,0,155.15,161.52333333333343,170.60333333333338,509.56
2023-09-08 07:00:00,509.56,7,4,0,167.54,277.4166666666668,225.35000000000002,483.74
2023-09-08 08:00:00,483.74,8,4,0,509.56,386.9466666666668,278.9066666666667,815.58
2023-09-08 09:00:00,815.58,9,4,0,483.74,602.9600000000002,382.24166666666673,817.14
2023-09-08 10:00:00,817.14,10,4,0,815.58,705.4866666666668,491.45166666666665,872.97
2023-09-08 11:00:00,872.97,11,4,0,817.14,835.2300000000001,611.0883333333335,905.13
2023-09-08 12:00:00,905.13,12,4,0,872.97,865.08,734.0200000000001,873.11
2023-09-08 13:00:00,873.11,13,4,0,905.13,883.7366666666668,794.6116666666667,853.36
2023-09-08 14:00:00,853.36,14,4,0,873.11,877.2000000000002,856.215,876.82
2023-09-08 15:00:00,876.82,15,4,0,853.36,867.7633333333334,866.4216666666667,843.59
2023-09-08 16:00:00,843.59,16,4,0,876.82,857.9233333333335,870.83,830.29
2023-09-08 17:00:00,830.29,17,4,0,843.59,850.2333333333335,863.7166666666667,844.25
2023-09-08 18:00:00,844.25,18,4,0,830.29,839.3766666666667,853.5700000000002,470.36
2023-09-08 19:00:00,470.36,19,4,0,844.25,714.9666666666668,786.445,489.36
2023-09-08 20:00:00,489.36,20,4,0,470.36,601.3233333333334,725.7783333333333,163.92
2023-09-08 21:00:00,163.92,21,4,0,489.36,374.5466666666668,606.9616666666667,171.11
2023-09-08 22:00:00,171.11,22,4,0,163.92,274.7966666666668,494.88166666666666,150.93
2023-09-08 23:00:00,150.93,23,4,0,171.11,161.9866666666668,381.65500000000003,245.0
2023-09-09 00:00:00,245.0,0,5,1,150.93,189.01333333333346,281.78000000000003,233.33
2023-09-09 01:00:00,233.33,1,5,1,245.0,209.75333333333347,242.27500000000006,258.41
2023-09-09 02:00:00,258.41,2,5,1,233.33,245.58000000000013,203.7833333333334,259.87
2023-09-09 03:00:00,259.87,3,5,1,258.41,250.53666666666678,219.775,235.17
2023-09-09 04:00:00,235.17,4,5,1,259.87,251.15000000000012,230.4516666666667,245.75
2023-09-09 05:00:00,245.75,5,5,1,235.17,246.9300000000001,246.25500000000002,248.3
2023-09-09 06:00:00,248.3,6,5,1,245.75,243.07333333333347,246.80500000000004,238.75
2023-09-09 07:00:00,238.75,7,5,1,248.3,244.2666666666668,247.70833333333337,238.52
2023-09-09 08:00:00,238.52,8,5,1,238.75,241.8566666666668,244.39333333333335,267.53
2023-09-09 09:00:00,267.53,9,5,1,238.52,248.26666666666677,245.67000000000007,246.84
2023-09-09 10:00:00,246.84,10,5,1,267.53,250.96333333333345,247.61500000000004,238.04
2023-09-09 11:00:00,238.04,11,5,1,246.84,250.80333333333343,246.33000000000004,225.65
2023-09-09 12:00:00,225.65,12,5,1,238.04,236.84333333333345,242.55500000000006,228.02
2023-09-09 13:00:00,228.02,13,5,1,225.65,230.57000000000008,240.76666666666674,210.34
2023-09-09 14:00:00,210.34,14,5,1,228.02,221.3366666666668,236.07000000000005,240.73
2023-09-09 15:00:00,240.73,15,5,1,210.34,226.36333333333346,231.60333333333338,231.49
2023-09-09 16:00:00,231.49,16,5,1,240.73,227.52000000000012,229.04500000000004,260.33
2023-09-09 17:00:00,260.33,17,5,1,231.49,244.18333333333342,232.76000000000002,236.04
2023-09-09 18:00:00,236.04,18,5,1,260.33,242.62000000000012,234.49166666666667,214.41
2023-09-09 19:00:00,214.41,19,5,1,236.04,236.92666666666676,232.22333333333336,238.13
2023-09-09 20:00:00,238.13,20,5,1,214.41,229.52666666666678,236.85500000000002,257.76
2023-09-09 21:00:00,257.76,21,5,1,238.13,236.7666666666668,239.69333333333338,244.7
2023-09-09 22:00:00,244.7,22,5,1,257.76,246.86333333333346,241.895,254.89
2023-09-09 23:00:00,254.89,23,5,1,244.7,252.45000000000013,240.98833333333337,249.36
2023-09-10 00:00:00,249.36,0,6,1,254.89,249.6500000000001,243.20833333333337,239.46
2023-09-10 01:00:00,239.46,1,6,1,249.36,247.90333333333345,247.38333333333335,221.31
2023-09-10 02:00:00,221.31,2,6,1,239.46,236.71000000000012,244.58,247.12
2023-09-10 03:00:00,247.12,3,6,1,221.31,235.96333333333345,242.80666666666673,261.35
2023-09-10 04:00:00,261.35,4,6,1,247.12,243.2600000000001,245.5816666666667,244.62
2023-09-10 05:00:00,244.62,5,6,1,261.35,251.03000000000011,243.87000000000003,220.01
2023-09-10 06:00:00,220.01,6,6,1,244.62,241.99333333333345,238.97833333333338,258.91
2023-09-10 07:00:00,258.91,7,6,1,220.01,241.18000000000015,242.22000000000006,241.9
2023-09-10 08:00:00,241.9,8,6,1,258.91,240.27333333333345,245.65166666666673,243.46
2023-09-10 09:00:00,243.46,9,6,1,241.9,248.09000000000015,245.0416666666667,230.14
2023-09-10 10:00:00,230.14,10,6,1,243.46,238.5000000000001,239.84000000000003,239.62
2023-09-10 11:00:00,239.62,11,6,1,230.14,237.74000000000012,239.0066666666667,230.62
2023-09-10 12:00:00,230.62,12,6,1,239.62,233.46000000000012,240.77500000000006,230.06
2023-09-10 13:00:00,230.06,13,6,1,230.62,233.43333333333348,235.9666666666667,251.57
2023-09-10 14:00:00,251.57,14,6,1,230.06,237.41666666666677,237.57833333333338,201.33
2023-09-10 15:00:00,201.33,15,6,1,251.57,227.65333333333345,230.55666666666673,272.45
2023-09-10 16:00:00,272.45,16,6,1,201.33,241.78333333333345,237.60833333333335,210.68
2023-09-10 17:00:00,210.68,17,6,1,272.45,228.15333333333342,232.78500000000005,263.16
2023-09-10 18:00:00,263.16,18,6,1,210.68,248.76333333333343,238.20833333333337,238.53
2023-09-10 19:00:00,238.53,19,6,1,263.16,237.4566666666668,239.62000000000003,219.81
2023-09-10 20:00:00,219.81,20,6,1,238.53,240.5000000000001,234.3266666666667,246.79
2023-09-10 21:00:00,246.79,21,6,1,219.81,235.04333333333344,241.90333333333334,254.84
2023-09-10 22:00:00,254.84,22,6,1,246.79,240.48000000000013,238.9683333333334,218.03
2023-09-10 23:00:00,218.03,23,6,1,254.84,239.88666666666677,240.19333333333338,159.58
2023-09-11 00:00:00,159.58,0,0,0,218.03,210.8166666666668,222.93000000000004,175.89
2023-09-11 01:00:00,175.89,1,0,0,159.58,184.5000000000001,212.49000000000004,197.98
2023-09-11 02:00:00,197.98,2,0,0,175.89,177.81666666666675,208.85166666666672,131.29
2023-09-11 03:00:00,131.29,3,0,0,197.98,168.38666666666677,189.6016666666667,163.85
2023-09-11 04:00:00,163.85,4,0,0,131.29,164.37333333333342,174.4366666666667,202.79
2023-09-11 05:00:00,202.79,5,0,0,163.85,165.97666666666677,171.89666666666668,147.49
2023-09-11 06:00:00,147.49,6,0,0,202.79,171.37666666666678,169.8816666666667,460.63
2023-09-11 07:00:00,460.63,7,0,0,147.49,270.30333333333346,217.33833333333337,481.68
2023-09-11 08:00:00,481.68,8,0,0,460.63,363.2666666666668,264.6216666666667,798.36
2023-09-11 09:00:00,798.36,9,0,0,481.68,580.2233333333335,375.8,810.2
2023-09-11 10:00:00,810.2,10,0,0,798.36,696.7466666666669,483.5250000000001,859.4
2023-09-11 11:00:00,859.4,11,0,0,810.2,822.6533333333335,592.96,897.0
2023-09-11 12:00:00,897.0,12,0,0,859.4,855.5333333333334,717.8783333333334,892.46
2023-09-11 13:00:00,892.46,13,0,0,897.0,882.9533333333334,789.85,878.03
2023-09-11 14:00:00,878.03,14,0,0,892.46,889.1633333333334,855.9083333333334,864.59
2023-09-11 15:00:00,864.59,15,0,0,878.03,878.36,866.9466666666667,862.27
2023-09-11 16:00:00,862.27,16,0,0,864.59,868.2966666666667,875.625,805.27
2023-09-11 17:00:00,805.27,17,0,0,862.27,844.0433333333334,866.6033333333335,804.53
2023-09-11 18:00:00,804.53,18,0,0,805.27,824.0233333333334,851.1916666666667,455.34
2023-09-11 19:00:00,455.34,19,0,0,804.53,688.3800000000001,778.3383333333335,479.92
2023-09-11 20:00:00,479.92,20,0,0,455.34,579.9300000000001,711.9866666666667,163.09
2023-09-11 21:00:00,163.09,21,0,0,479.92,366.11666666666673,595.07,128.87
2023-09-11 22:00:00,128.87,22,0,0,163.09,257.29333333333346,472.83666666666664,181.33
2023-09-11 23:00:00,181.33,23,0,0,128.87,157.7633333333334,368.84666666666675,178.27
2023-09-12 00:00:00,178.27,0,1,0,181.33,162.8233333333334,264.47,157.26
2023-09-12 01:00:00,157.26,1,1,0,178.27,172.28666666666675,214.79000000000005,184.79
2023-09-12 02:00:00,184.79,2,1,0,157.26,173.44000000000005,165.60166666666672,172.05
2023-09-12 03:00:00,172.05,3,1,0,184.79,171.36666666666676,167.09500000000003,142.02
2023-09-12 04:00:00,142.02,4,1,0,172.05,166.28666666666675,169.28666666666672,200.44
2023-09-12 05:00:00,200.44,5,1,0,142.02,171.50333333333342,172.47166666666672,154.78
2023-09-12 06:00:00,154.78,6,1,0,200.44,165.74666666666675,168.5566666666667,474.0
2023-09-12 07:00:00,474.0,7,1,0,154.78,276.40666666666675,221.3466666666667,481.0
2023-09-12 08:00:00,481.0,8,1,0,474.0,369.92666666666673,270.71500000000003,786.43
2023-09-12 09:00:00,786.43,9,1,0,481.0,580.4766666666668,373.1116666666667,814.07
2023-09-12 10:00:00,814.07,10,1,0,786.43,693.8333333333334,485.12000000000006,858.37
2023-09-12 11:00:00,858.37,11,1,0,814.07,819.6233333333334,594.7750000000001,867.75
2023-09-12 12:00:00,867.75,12,1,0,858.37,846.7300000000001,713.6033333333334,918.99
2023-09-12 13:00:00,918.99,13,1,0,867.75,881.7033333333334,787.7683333333334,881.76
2023-09-12 14:00:00,881.76,14,1,0,918.99,889.5000000000001,854.5616666666666,867.88
2023-09-12 15:00:00,867.88,15,1,0,881.76,889.5433333333334,868.1366666666668,885.94
2023-09-12 16:00:00,885.94,16,1,0,867.88,878.5266666666666,880.1150000000001,814.16
2023-09-12 17:00:00,814.16,17,1,0,885.94,855.9933333333335,872.7466666666668,816.28
2023-09-12 18:00:00,816.28,18,1,0,814.16,838.7933333333334,864.1683333333334,503.38
2023-09-12 19:00:00,503.38,19,1,0,816.28,711.2733333333334,794.9000000000001,466.11
2023-09-12 20:00:00,466.11,20,1,0,503.38,595.2566666666668,725.625,162.83
2023-09-12 21:00:00,162.83,21,1,0,466.11,377.44000000000005,608.1166666666667,144.8
2023-09-12 22:00:00,144.8,22,1,0,162.83,257.9133333333334,484.5933333333333,174.56
2023-09-12 23:00:00,174.56,23,1,0,144.8,160.7300000000001,377.99333333333334,177.64
2023-09-13 00:00:00,177.64,0,2,0,174.56,165.66666666666674,271.55333333333334,150.89
2023-09-13 01:00:00,150.89,1,2,0,177.64,167.69666666666674,212.80500000000004,140.52
2023-09-13 02:00:00,140.52,2,2,0,150.89,156.35000000000005,158.54000000000005,140.15
2023-09-13 03:00:00,140.15,3,2,0,140.52,143.85333333333338,154.76000000000002,155.04
2023-09-13 04:00:00,155.04,4,2,0,140.15,145.23666666666674,156.4666666666667,206.33
2023-09-13 05:00:00,206.33,5,2,0,155.04,167.1733333333334,161.76166666666668,153.73
2023-09-13 06:00:00,153.73,6,2,0,206.33,171.70000000000007,157.7766666666667,473.53
2023-09-13 07:00:00,473.53,7,2,0,153.73,277.8633333333334,211.55000000000004,476.52
2023-09-13 08:00:00,476.52,8,2,0,473.53,367.92666666666673,267.55,798.85
2023-09-13 09:00:00,798.85,9,2,0,476.52,582.9666666666667,377.3333333333333,809.84
2023-09-13 10:00:00,809.84,10,2,0,798.85,695.07,486.4666666666667,847.44
2023-09-13 11:00:00,847.44,11,2,0,809.84,818.71,593.3183333333334,900.73
2023-09-13 12:00:00,900.73,12,2,0,847.44,852.6700000000001,717.8183333333333,879.75
2023-09-13 13:00:00,879.75,13,2,0,900.73,875.9733333333334,785.5216666666669,871.7
2023-09-13 14:00:00,871.7,14,2,0,879.75,884.0600000000001,851.3850000000001,850.11
2023-09-13 15:00:00,850.11,15,2,0,871.7,867.1866666666668,859.9283333333334,827.62
2023-09-13 16:00:00,827.62,16,2,0,850.11,849.8100000000001,862.8916666666668,820.77
2023-09-13 17:00:00,820.77,17,2,0,827.62,832.8333333333335,858.4466666666667,818.43
2023-09-13 18:00:00,818.43,18,2,0,820.77,822.2733333333334,844.73,489.9
2023-09-13 19:00:00,489.9,19,2,0,818.43,709.7000000000002,779.7550000000001,477.38
2023-09-13 20:00:00,477.38,20,2,0,489.9,595.2366666666668,714.035,158.35
2023-09-13 21:00:00,158.35,21,2,0,477.38,375.21000000000004,598.7416666666667,193.31
2023-09-13 22:00:00,193.31,22,2,0,158.35,276.34666666666675,493.02333333333337,141.45
2023-09-13 23:00:00,141.45,23,2,0,193.31,164.3700000000001,379.80333333333334,128.3
2023-09-14 00:00:00,128.3,0,3,0,141.45,154.35333333333338,264.7816666666667,136.41
2023-09-14 01:00:00,136.41,1,3,0,128.3,135.38666666666674,205.8666666666667,133.65
2023-09-14 02:00:00,133.65,2,3,0,136.41,132.78666666666675,148.57833333333338,172.29
2023-09-14 03:00:00,172.29,3,3,0,133.65,147.45000000000007,150.9016666666667,193.06
2023-09-14 04:00:00,193.06,4,3,0,172.29,166.3333333333334,150.86000000000004,161.32
2023-09-14 05:00:00,161.32,5,3,0,193.06,175.55666666666676,154.1716666666667,167.25
2023-09-14 06:00:00,167.25,6,3,0,161.32,173.87666666666675,160.66333333333338,493.67
2023-09-14 07:00:00,493.67,7,3,0,167.25,274.0800000000001,220.2066666666667,459.6
2023-09-14 08:00:00,459.6,8,3,0,493.67,373.50666666666683,274.5316666666667,790.27
2023-09-14 09:00:00,790.27,9,3,0,459.6,581.1800000000002,377.52833333333336,852.13
2023-09-14 10:00:00,852.13,10,3,0,790.27,700.6666666666666,487.3733333333334,870.21
2023-09-14 11:00:00,870.21,11,3,0,852.13,837.5366666666669,605.5216666666666,869.23
2023-09-14 12:00:00,869.23,12,3,0,870.21,863.8566666666669,722.5183333333333,856.97
2023-09-14 13:00:00,856.97,13,3,0,869.23,865.4700000000001,783.0683333333335,884.28
2023-09-14 14:00:00,884.28,14,3,0,856.97,870.1600000000002,853.8483333333334,842.19
2023-09-14 15:00:00,842.19,15,3,0,884.28,861.1466666666669,862.5016666666667,878.18
2023-09-14 16:00:00,878.18,16,3,0,842.19,868.2166666666667,866.8433333333334,823.74
2023-09-14 17:00:00,823.74,17,3,0,878.18,848.0366666666667,859.0983333333334,776.76
2023-09-14 18:00:00,776.76,18,3,0,823.74,826.2266666666668,843.6866666666666,486.96
2023-09-14 19:00:00,486.96,19,3,0,776.76,695.8200000000002,782.0183333333334,491.99
2023-09-14 20:00:00,491.99,20,3,0,486.96,585.2366666666667,716.6366666666668,174.65
2023-09-14 21:00:00,174.65,21,3,0,491.99,384.53333333333336,605.38,157.37
2023-09-14 22:00:00,157.37,22,3,0,174.65,274.6700000000001,485.24500000000006,139.97
2023-09-14 23:00:00,139.97,23,3,0,157.37,157.33000000000007,371.28333333333336,139.25
2023-09-15 00:00:00,139.25,0,4,0,139.97,145.5300000000001,265.0316666666667,167.63
2023-09-15 01:00:00,167.63,1,4,0,139.25,148.95000000000007,211.81000000000003,163.66
2023-09-15 02:00:00,163.66,2,4,0,167.63,156.84666666666672,157.08833333333337,143.99
2023-09-15 03:00:00,143.99,3,4,0,163.66,158.42666666666673,151.97833333333338,157.27
2023-09-15 04:00:00,157.27,4,4,0,143.99,154.97333333333341,151.9616666666667,168.68
2023-09-15 05:00:00,168.68,5,4,0,157.27,156.64666666666673,156.7466666666667,138.3
2023-09-15 06:00:00,138.3,6,4,0,168.68,154.75000000000009,156.58833333333337,441.51
2023-09-15 07:00:00,441.51,7,4,0,138.3,249.49666666666675,202.23500000000004,487.77
2023-09-15 08:00:00,487.77,8,4,0,441.51,355.86000000000007,256.2533333333334,806.01
2023-09-15 09:00:00,806.01,9,4,0,487.77,578.4300000000001,366.59,799.7
2023-09-15 10:00:00,799.7,10,4,0,806.01,697.8266666666668,473.6616666666667,814.4
2023-09-15 11:00:00,814.4,11,4,0,799.7,806.7033333333334,581.2816666666668,916.54
2023-09-15 12:00:00,916.54,12,4,0,814.4,843.5466666666667,710.9883333333333,870.55
2023-09-15 13:00:00,870.55,13,4,0,916.54,867.1633333333334,782.495,852.36
2023-09-15 14:00:00,852.36,14,4,0,870.55,879.8166666666666,843.2600000000001,816.43
2023-09-15 15:00:00,816.43,15,4,0,852.36,846.4466666666667,844.9966666666668,860.3
2023-09-15 16:00:00,860.3,16,4,0,816.43,843.0300000000001,855.0966666666667,881.56
2023-09-15 17:00:00,881.56,17,4,0,860.3,852.7633333333333,866.29,817.69
2023-09-15 18:00:00,817.69,18,4,0,881.56,853.1833333333334,849.8149999999999,506.68
2023-09-15 19:00:00,506.68,19,4,0,817.69,735.3100000000001,789.1700000000001,450.13
2023-09-15 20:00:00,450.13,20,4,0,506.68,591.5000000000001,722.1316666666667,180.28
2023-09-15 21:00:00,180.28,21,4,0,450.13,379.03000000000003,616.1066666666667,161.34
2023-09-15 22:00:00,161.34,22,4,0,180.28,263.91666666666674,499.6133333333334,149.84
2023-09-15 23:00:00,149.84,23,4,0,161.34,163.82000000000008,377.6600000000001,243.16
2023-09-16 00:00:00,243.16,0,5,1,149.84,184.7800000000001,281.90500000000003,233.16
2023-09-16 01:00:00,233.16,1,5,1,243.16,208.72000000000006,236.31833333333338,242.35
2023-09-16 02:00:00,242.35,2,5,1,233.16,239.55666666666673,201.68833333333336,229.1
2023-09-16 03:00:00,229.1,3,5,1,242.35,234.8700000000001,209.82500000000005,238.03
2023-09-16 04:00:00,238.03,4,5,1,229.1,236.49333333333342,222.6066666666667,285.61
2023-09-16 05:00:00,285.61,5,5,1,238.03,250.9133333333334,245.235,231.86
2023-09-16 06:00:00,231.86,6,5,1,285.61,251.8333333333334,243.35166666666672,266.64
2023-09-16 07:00:00,266.64,7,5,1,231.86,261.37000000000006,248.9316666666667,253.9
2023-09-16 08:00:00,253.9,8,5,1,266.64,250.80000000000007,250.8566666666667,246.09
2023-09-16 09:00:00,246.09,9,5,1,253.9,255.5433333333334,253.68833333333336,270.28
2023-09-16 10:00:00,270.28,10,5,1,246.09,256.7566666666667,259.06333333333333,264.07
2023-09-16 11:00:00,264.07,11,5,1,270.28,260.14666666666676,255.47333333333336,208.6
2023-09-16 12:00:00,208.6,12,5,1,264.07,247.65000000000006,251.5966666666667,268.56
2023-09-16 13:00:00,268.56,13,5,1,208.6,247.07666666666674,251.9166666666667,209.54
2023-09-16 14:00:00,209.54,14,5,1,268.56,228.9000000000001,244.52333333333334,256.68
2023-09-16 15:00:00,256.68,15,5,1,209.54,244.92666666666673,246.28833333333338,256.82
2023-09-16 16:00:00,256.82,16,5,1,256.68,241.0133333333334,244.04500000000004,245.79
2023-09-16 17:00:00,245.79,17,5,1,256.82,253.09666666666678,240.99833333333336,229.14
2023-09-16 18:00:00,229.14,18,5,1,245.79,243.91666666666674,244.4216666666667,245.97
2023-09-16 19:00:00,245.97,19,5,1,229.14,240.30000000000007,240.65666666666672,221.49
2023-09-16 20:00:00,221.49,20,5,1,245.97,232.20000000000007,242.6483333333334,235.03
2023-09-16 21:00:00,235.03,21,5,1,221.49,234.1633333333334,239.04000000000005,262.1
2023-09-16 22:00:00,262.1,22,5,1,235.03,239.54000000000008,239.92000000000007,273.9
2023-09-16 23:00:00,273.9,23,5,1,262.1,257.01000000000005,244.60500000000005,246.53
2023-09-17 00:00:00,246.53,0,6,1,273.9,260.8433333333334,247.50333333333336,216.36
2023-09-17 01:00:00,216.36,1,6,1,246.53,245.59666666666672,242.56833333333338,259.8
2023-09-17 02:00:00,259.8,2,6,1,216.36,240.89666666666676,248.95333333333338,290.34
2023-09-17 03:00:00,290.34,3,6,1,259.8,255.50000000000009,258.1716666666667,251.26
2023-09-17 04:00:00,251.26,4,6,1,290.34,267.13333333333344,256.36500000000007,229.29
2023-09-17 05:00:00,229.29,5,6,1,251.26,256.9633333333334,248.93000000000004,253.69
2023-09-17 06:00:00,253.69,6,6,1,229.29,244.74666666666675,250.12333333333336,223.18
2023-09-17 07:00:00,223.18,7,6,1,253.69,235.38666666666674,251.26000000000002,261.92
2023-09-17 08:00:00,261.92,8,6,1,223.18,246.26333333333343,251.61333333333337,249.62
2023-09-17 09:00:00,249.62,9,6,1,261.92,244.90666666666675,244.8266666666667,237.06
2023-09-17 10:00:00,237.06,10,6,1,249.62,249.53333333333345,242.46000000000004,241.3
2023-09-17 11:00:00,241.3,11,6,1,237.06,242.66000000000008,244.46166666666673,266.79
2023-09-17 12:00:00,266.79,12,6,1,241.3,248.38333333333344,246.64500000000007,220.54
2023-09-17 13:00:00,220.54,13,6,1,266.79,242.87666666666675,246.20500000000004,237.52
2023-09-17 14:00:00,237.52,14,6,1,220.54,241.61666666666676,242.1383333333334,276.25
2023-09-17 15:00:00,276.25,15,6,1,237.52,244.77000000000007,246.5766666666667,263.13
2023-09-17 16:00:00,263.13,16,6,1,276.25,258.96666666666675,250.9216666666667,272.77
2023-09-17 17:00:00,272.77,17,6,1,263.13,270.71666666666675,256.1666666666667,214.34
2023-09-17 18:00:00,214.34,18,6,1,272.77,250.08000000000007,247.42500000000004,234.35
2023-09-17 19:00:00,234.35,19,6,1,214.34,240.48666666666676,249.7266666666667,229.01
2023-09-17 20:00:00,229.01,20,6,1,234.35,225.9000000000001,248.30833333333337,287.95
2023-09-17 21:00:00,287.95,21,6,1,229.01,250.43666666666672,250.25833333333335,247.86
2023-09-17 22:00:00,247.86,22,6,1,287.95,254.94000000000008,247.71333333333337,212.92
2023-09-17 23:00:00,212.92,23,6,1,247.86,249.5766666666667,237.73833333333334,175.54
2023-09-18 00:00:00,175.54,0,0,0,212.92,212.1066666666667,231.27166666666668,158.87
2023-09-18 01:00:00,158.87,1,0,0,175.54,182.44333333333338,218.69166666666672,129.64
2023-09-18 02:00:00,129.64,2,0,0,158.87,154.68333333333342,202.13000000000002,194.09
2023-09-18 03:00:00,194.09,3,0,0,129.64,160.86666666666676,186.4866666666667,180.27
2023-09-18 04:00:00,180.27,4,0,0,194.09,168.00000000000009,175.2216666666667,194.62
2023-09-18 05:00:00,194.62,5,0,0,180.27,189.66000000000008,172.1716666666667,149.55
2023-09-18 06:00:00,149.55,6,0,0,194.62,174.81333333333342,167.84000000000006,494.22
2023-09-18 07:00:00,494.22,7,0,0,149.55,279.4633333333334,223.7316666666667,474.41
2023-09-18 08:00:00,474.41,8,0,0,494.22,372.72666666666674,281.1933333333334,778.85
2023-09-18 09:00:00,778.85,9,0,0,474.41,582.4933333333335,378.65333333333336,825.71
2023-09-18 10:00:00,825.71,10,0,0,778.85,692.9900000000001,486.22666666666674,830.98
2023-09-18 11:00:00,830.98,11,0,0,825.71,811.8466666666668,592.2866666666667,866.75
2023-09-18 12:00:00,866.75,12,0,0,830.98,841.1466666666669,711.82,889.68
2023-09-18 13:00:00,889.68,13,0,0,866.75,862.4700000000001,777.73,898.81
2023-09-18 14:00:00,898.81,14,0,0,889.68,885.08,848.4633333333333,875.09
2023-09-18 15:00:00,875.09,15,0,0,898.81,887.8600000000001,864.5033333333334,864.7
2023-09-18 16:00:00,864.7,16,0,0,875.09,879.5333333333334,871.0016666666667,799.95
2023-09-18 17:00:00,799.95,17,0,0,864.7,846.58,865.83,812.7
2023-09-18 18:00:00,812.7,18,0,0,799.95,825.7833333333334,856.8216666666667,476.84
2023-09-18 19:00:00,476.84,19,0,0,812.7,696.4966666666668,788.015,469.91
2023-09-18 20:00:00,469.91,20,0,0,476.84,586.4833333333335,716.5316666666668,176.25
2023-09-18 21:00:00,176.25,21,0,0,469.91,374.3333333333334,600.0583333333334,151.71
2023-09-18 22:00:00,151.71,22,0,0,176.25,265.95666666666676,481.22666666666674,183.04
2023-09-18 23:00:00,183.04,23,0,0,151.71,170.3333333333334,378.40833333333336,136.4
2023-09-19 00:00:00,136.4,0,1,0,183.04,157.05000000000007,265.6916666666667,171.18
2023-09-19 01:00:00,171.18,1,1,0,136.4,163.54000000000008,214.74833333333336,146.23
2023-09-19 02:00:00,146.23,2,1,0,171.18,151.27000000000007,160.8016666666667,171.25
2023-09-19 03:00:00,171.25,3,1,0,146.23,162.88666666666674,159.96833333333336,162.71
2023-09-19 04:00:00,162.71,4,1,0,171.25,160.06333333333342,161.8016666666667,166.32
2023-09-19 05:00:00,166.32,5,1,0,162.71,166.76000000000008,159.01500000000004,139.06
2023-09-19 06:00:00,139.06,6,1,0,166.32,156.0300000000001,159.45833333333337,472.17
2023-09-19 07:00:00,472.17,7,1,0,139.06,259.1833333333334,209.62333333333336,479.93
2023-09-19 08:00:00,479.93,8,1,0,472.17,363.7200000000001,265.24000000000007,799.95
2023-09-19 09:00:00,799.95,9,1,0,479.93,584.0166666666668,370.02333333333337,857.2
2023-09-19 10:00:00,857.2,10,1,0,799.95,712.3600000000001,485.7716666666667,885.38
2023-09-19 11:00:00,885.38,11,1,0,857.2,847.5100000000002,605.6150000000001,871.0
2023-09-19 12:00:00,871.0,12,1,0,885.38,871.1933333333335,727.605,874.83
2023-09-19 13:00:00,874.83,13,1,0,871.0,877.0700000000002,794.715,882.96
2023-09-19 14:00:00,882.96,14,1,0,874.83,876.2633333333334,861.8866666666668,888.04
2023-09-19 15:00:00,888.04,15,1,0,882.96,881.9433333333335,876.5683333333333,857.08
2023-09-19 16:00:00,857.08,16,1,0,888.04,876.0266666666668,876.5483333333333,827.82
2023-09-19 17:00:00,827.82,17,1,0,857.08,857.6466666666669,866.955,829.06
2023-09-19 18:00:00,829.06,18,1,0,827.82,837.9866666666668,859.965,461.62
2023-09-19 19:00:00,461.62,19,1,0,829.06,706.1666666666669,791.0966666666667,472.8
2023-09-19 20:00:00,472.8,20,1,0,461.62,587.8266666666667,722.7366666666667,160.86
2023-09-19 21:00:00,160.86,21,1,0,472.8,365.0933333333335,601.5400000000001,169.76
2023-09-19 22:00:00,169.76,22,1,0,160.86,267.8066666666668,486.98666666666674,117.48
2023-09-19 23:00:00,117.48,23,1,0,169.76,149.3666666666668,368.59666666666675,180.08
2023-09-20 00:00:00,180.08,0,2,0,117.48,155.77333333333345,260.4333333333334,139.32
2023-09-20 01:00:00,139.32,1,2,0,180.08,145.62666666666678,206.71666666666673,155.48
2023-09-20 02:00:00,155.48,2,2,0,139.32,158.29333333333344,153.83,165.95
2023-09-20 03:00:00,165.95,3,2,0,155.48,153.58333333333346,154.67833333333337,158.43
2023-09-20 04:00:00,158.43,4,2,0,165.95,159.95333333333346,152.79000000000002,178.99
2023-09-20 05:00:00,178.99,5,2,0,158.43,167.7900000000001,163.0416666666667,151.9
2023-09-20 06:00:00,151.9,6,2,0,178.99,163.1066666666668,158.34500000000003,503.02
2023-09-20 07:00:00,503.02,7,2,0,151.9,277.9700000000001,218.9616666666667,454.1
2023-09-20 08:00:00,454.1,8,2,0,503.02,369.67333333333346,268.73166666666674,821.94
2023-09-20 09:00:00,821.94,9,2,0,454.1,593.0200000000001,378.06333333333333,867.56
2023-09-20 10:00:00,867.56,10,2,0,821.94,714.5333333333334,496.2516666666667,825.28
2023-09-20 11:00:00,825.28,11,2,0,867.56,838.2600000000002,603.9666666666667,878.97
2023-09-20 12:00:00,878.97,12,2,0,825.28,857.2700000000001,725.145,888.64
2023-09-20 13:00:00,888.64,13,2,0,878.97,864.2966666666667,789.415,841.23
2023-09-20 14:00:00,841.23,14,2,0,888.64,869.6133333333333,853.9366666666668,868.29
2023-09-20 15:00:00,868.29,15,2,0,841.23,866.0533333333334,861.6616666666667,842.75
2023-09-20 16:00:00,842.75,16,2,0,868.29,850.7566666666668,857.5266666666666,818.18
2023-09-20 17:00:00,818.18,17,2,0,842.75,843.0733333333334,856.3433333333332,812.74
2023-09-20 18:00:00,812.74,18,2,0,818.18,824.5566666666667,845.3050000000002,457.93
2023-09-20 19:00:00,457.93,19,2,0,812.74,696.2833333333334,773.52,459.25
2023-09-20 20:00:00,459.25,20,2,0,457.93,576.6400000000002,709.8566666666667,144.01
2023-09-20 21:00:00,144.01,21,2,0,459.25,353.7300000000001,589.1433333333333,155.52
2023-09-20 22:00:00,155.52,22,2,0,144.01,252.92666666666676,474.605,194.78
2023-09-20 23:00:00,194.78,23,2,0,155.52,164.77000000000012,370.7050000000001,184.45
2023-09-21 00:00:00,184.45,0,3,0,194.78,178.2500000000001,265.99000000000007,165.99
2023-09-21 01:00:00,165.99,1,3,0,184.45,181.74000000000012,217.33333333333337,150.15
2023-09-21 02:00:00,150.15,2,3,0,165.99,166.86333333333346,165.8166666666667,143.8
2023-09-21 03:00:00,143.8,3,3,0,150.15,153.31333333333347,165.78166666666672,184.32
2023-09-21 04:00:00,184.32,4,3,0,143.8,159.42333333333343,170.5816666666667,182.58
2023-09-21 05:00:00,182.58,5,3,0,184.32,170.23333333333346,168.54833333333337,177.79
2023-09-21 06:00:00,177.79,6,3,0,182.58,181.56333333333342,167.43833333333336,490.05
2023-09-21 07:00:00,490.05,7,3,0,177.79,283.47333333333347,221.44833333333338,481.25
2023-09-21 08:00:00,481.25,8,3,0,490.05,383.03000000000014,276.6316666666667,791.16
2023-09-21 09:00:00,791.16,9,3,0,481.25,587.4866666666668,384.52500000000003,839.22
2023-09-21 10:00:00,839.22,10,3,0,791.16,703.8766666666667,493.675,880.22
2023-09-21 11:00:00,880.22,11,3,0,839.22,836.8666666666668,609.9483333333334,904.69
2023-09-21 12:00:00,904.69,12,3,0,880.22,874.7100000000002,731.0983333333334,857.8
2023-09-21 13:00:00,857.8,13,3,0,904.69,880.9033333333335,792.39,845.0
2023-09-21 14:00:00,845.0,14,3,0,857.8,869.1633333333334,853.015,823.56
2023-09-21 15:00:00,823.56,15,3,0,845.0,842.12,858.415,856.65
2023-09-21 16:00:00,856.65,16,3,0,823.56,841.7366666666667,861.32,851.35
2023-09-21 17:00:00,851.35,17,3,0,856.65,843.8533333333335,856.5083333333333,820.46
2023-09-21 18:00:00,820.46,18,3,0,851.35,842.8200000000002,842.4699999999999,484.24
2023-09-21 19:00:00,484.24,19,3,0,820.46,718.6833333333334,780.21,471.08
2023-09-21 20:00:00,471.08,20,3,0,484.24,591.9266666666668,717.89,136.74
2023-09-21 21:00:00,136.74,21,3,0,471.08,364.02000000000015,603.4200000000001,154.54
2023-09-21 22:00:00,154.54,22,3,0,136.74,254.12000000000012,486.4016666666667,172.59
2023-09-21 23:00:00,172.59,23,3,0,154.54,154.62333333333345,373.2750000000001,165.75
2023-09-22 00:00:00,165.75,0,4,0,172.59,164.29333333333344,264.1566666666667,175.82
2023-09-22 01:00:00,175.82,1,4,0,165.75,171.38666666666677,212.75333333333342,155.85
2023-09-22 02:00:00,155.85,2,4,0,175.82,165.80666666666676,160.21500000000003,212.09
2023-09-22 03:00:00,212.09,3,4,0,155.85,181.25333333333344,172.77333333333334,150.97
2023-09-22 04:00:00,150.97,4,4,0,212.09,172.9700000000001,172.17833333333337,188.35
2023-09-22 05:00:00,188.35,5,4,0,150.97,183.80333333333343,174.80500000000006,154.71
2023-09-22 06:00:00,154.71,6,4,0,188.35,164.67666666666676,172.96500000000003,444.14
2023-09-22 07:00:00,444.14,7,4,0,154.71,262.4000000000001,217.68500000000003,492.1
2023-09-22 08:00:00,492.1,8,4,0,444.14,363.6500000000001,273.72666666666674,813.25
2023-09-22 09:00:00,813.25,9,4,0,492.1,583.1633333333334,373.9200000000001,820.14
2023-09-22 10:00:00,820.14,10,4,0,813.25,708.4966666666669,485.44833333333344,855.25
2023-09-22 11:00:00,855.25,11,4,0,820.14,829.5466666666667,596.5983333333334,824.98
2023-09-22 12:00:00,824.98,12,4,0,855.25,833.4566666666668,708.3100000000001,877.37
2023-09-22 13:00:00,877.37,13,4,0,824.98,852.5333333333334,780.515,891.17
2023-09-22 14:00:00,891.17,14,4,0,877.37,864.5066666666668,847.0266666666666,907.5
2023-09-22 15:00:00,907.5,15,4,0,891.17,892.0133333333334,862.735,878.39
2023-09-22 16:00:00,878.39,16,4,0,907.5,892.3533333333335,872.4433333333333,824.56
2023-09-22 17:00:00,824.56,17,4,0,878.39,870.1500000000001,867.3283333333334,800.81
2023-09-22 18:00:00,800.81,18,4,0,824.56,834.5866666666667,863.2999999999998,493.3
2023-09-22 19:00:00,493.3,19,4,0,800.81,706.2233333333334,799.2883333333333,485.71
2023-09-22 20:00:00,485.71,20,4,0,493.3,593.2733333333334,731.7116666666667,179.5
2023-09-22 21:00:00,179.5,21,4,0,485.71,386.1700000000001,610.3783333333334,158.65
2023-09-22 22:00:00,158.65,22,4,0,179.5,274.6200000000001,490.4216666666666,143.39
2023-09-22 23:00:00,143.39,23,4,0,158.65,160.51333333333343,376.89333333333343,273.18
2023-09-23 00:00:00,273.18,0,5,1,143.39,191.74000000000012,288.95500000000004,246.03
2023-09-23 01:00:00,246.03,1,5,1,273.18,220.8666666666668,247.74333333333337,266.34
2023-09-23 02:00:00,266.34,2,5,1,246.03,261.85000000000014,211.1816666666667,218.84
2023-09-23 03:00:00,218.84,3,5,1,266.34,243.7366666666668,217.73833333333337,212.6
2023-09-23 04:00:00,212.6,4,5,1,218.84,232.59333333333348,226.73000000000002,267.37
2023-09-23 05:00:00,267.37,5,5,1,212.6,232.9366666666668,247.3933333333334,263.27
2023-09-23 06:00:00,263.27,6,5,1,267.37,247.74666666666675,245.7416666666667,245.27
2023-09-23 07:00:00,245.27,7,5,1,263.27,258.6366666666668,245.61500000000004,260.52
2023-09-23 08:00:00,260.52,8,5,1,245.27,256.35333333333347,244.64500000000007,266.39
2023-09-23 09:00:00,266.39,9,5,1,260.52,257.39333333333343,252.57000000000002,235.09
2023-09-23 10:00:00,235.09,10,5,1,266.39,254.0000000000001,256.3183333333334,220.38
2023-09-23 11:00:00,220.38,11,5,1,235.09,240.62000000000012,248.48666666666668,226.7
2023-09-23 12:00:00,226.7,12,5,1,220.38,227.39000000000013,242.39166666666668,248.47
2023-09-23 13:00:00,248.47,13,5,1,226.7,231.85000000000014,242.92500000000004,219.3
2023-09-23 14:00:00,219.3,14,5,1,248.47,231.49000000000012,236.05500000000004,231.21
2023-09-23 15:00:00,231.21,15,5,1,219.3,232.99333333333348,230.1916666666667,282.4
2023-09-23 16:00:00,282.4,16,5,1,231.21,244.30333333333348,238.07666666666668,254.06
2023-09-23 17:00:00,254.06,17,5,1,282.4,255.8900000000001,243.69000000000005,257.37
2023-09-23 18:00:00,257.37,18,5,1,254.06,264.6100000000001,248.8016666666667,239.71
2023-09-23 19:00:00,239.71,19,5,1,257.37,250.38000000000014,247.3416666666667,218.94
2023-09-23 20:00:00,218.94,20,5,1,239.71,238.6733333333335,247.28166666666672,220.68
2023-09-23 21:00:00,220.68,21,5,1,218.94,226.4433333333335,245.52666666666673,267.53
2023-09-23 22:00:00,267.53,22,5,1,220.68,235.7166666666668,243.04833333333332,247.72
2023-09-23 23:00:00,247.72,23,5,1,267.53,245.31000000000017,241.99166666666667,247.69
2023-09-24 00:00:00,247.69,0,6,1,247.72,254.31333333333347,240.37833333333336,212.76
2023-09-24 01:00:00,212.76,1,6,1,247.69,236.0566666666668,235.88666666666668,277.76
2023-09-24 02:00:00,277.76,2,6,1,212.76,246.07000000000014,245.69000000000003,212.95
2023-09-24 03:00:00,212.95,3,6,1,277.76,234.49000000000015,244.40166666666667,237.93
2023-09-24 04:00:00,237.93,4,6,1,212.95,242.88000000000014,239.46833333333333,259.87
2023-09-24 05:00:00,259.87,5,6,1,237.93,236.91666666666683,241.49333333333337,247.14
2023-09-24 06:00:00,247.14,6,6,1,259.87,248.3133333333335,241.40166666666673,233.68
2023-09-24 07:00:00,233.68,7,6,1,247.14,246.89666666666685,244.88833333333335,243.1
2023-09-24 08:00:00,243.1,8,6,1,233.68,241.3066666666668,239.1116666666667,230.36
2023-09-24 09:00:00,230.36,9,6,1,243.1,235.71333333333348,242.01333333333335,246.42
2023-09-24 10:00:00,246.42,10,6,1,230.36,239.96000000000015,243.42833333333337,249.31
2023-09-24 11:00:00,249.31,11,6,1,246.42,242.03000000000011,241.66833333333338,224.23
2023-09-24 12:00:00,224.23,12,6,1,249.31,239.9866666666668,237.85000000000005,255.84
2023-09-24 13:00:00,255.84,13,6,1,224.23,243.1266666666668,241.54333333333338,231.26
2023-09-24 14:00:00,231.26,14,6,1,255.84,237.11000000000013,239.57000000000002,206.1
2023-09-24 15:00:00,206.1,15,6,1,231.26,231.0666666666668,235.52666666666673,230.85
2023-09-24 16:00:00,230.85,16,6,1,206.1,222.73666666666682,232.9316666666667,222.33
2023-09-24 17:00:00,222.33,17,6,1,230.85,219.76000000000013,228.43500000000003,247.46
2023-09-24 18:00:00,247.46,18,6,1,222.33,233.54666666666682,232.3066666666667,206.78
2023-09-24 19:00:00,206.78,19,6,1,247.46,225.5233333333335,224.13000000000002,230.61
2023-09-24 20:00:00,230.61,20,6,1,206.78,228.2833333333335,224.02166666666673,240.29
2023-09-24 21:00:00,240.29,21,6,1,230.61,225.89333333333352,229.72000000000003,216.97
2023-09-24 22:00:00,216.97,22,6,1,240.29,229.29000000000016,227.40666666666672,250.08
2023-09-24 23:00:00,250.08,23,6,1,216.97,235.78000000000017,232.03166666666672,157.54
2023-09-25 00:00:00,157.54,0,0,0,250.08,208.19666666666683,217.04500000000004,167.86
2023-09-25 01:00:00,167.86,1,0,0,157.54,191.82666666666682,210.5583333333334,134.6
2023-09-25 02:00:00,134.6,2,0,0,167.86,153.33333333333348,194.5566666666667,145.32
2023-09-25 03:00:00,145.32,3,0,0,134.6,149.26000000000016,178.72833333333338,165.11
2023-09-25 04:00:00,165.11,4,0,0,145.32,148.34333333333348,170.08500000000004,124.35
2023-09-25 05:00:00,124.35,5,0,0,165.11,144.92666666666682,149.13000000000005,183.15
2023-09-25 06:00:00,183.15,6,0,0,124.35,157.53666666666683,153.39833333333337,456.28
2023-09-25 07:00:00,456.28,7,0,0,183.15,254.59333333333348,201.46833333333336,481.01
2023-09-25 08:00:00,481.01,8,0,0,456.28,373.4800000000002,259.2033333333334,796.15
2023-09-25 09:00:00,796.15,9,0,0,481.01,577.8133333333335,367.675,850.89
2023-09-25 10:00:00,850.89,10,0,0,796.15,709.35,481.97166666666664,865.17
2023-09-25 11:00:00,865.17,11,0,0,850.89,837.4033333333335,605.4416666666667,876.9
2023-09-25 12:00:00,876.9,12,0,0,865.17,864.32,721.0666666666666,875.69
2023-09-25 13:00:00,875.69,13,0,0,876.9,872.5866666666667,790.9683333333334,909.1
2023-09-25 14:00:00,909.1,14,0,0,875.69,887.2300000000001,862.3166666666667,858.79
2023-09-25 15:00:00,858.79,15,0,0,909.1,881.1933333333335,872.7566666666668,873.57
2023-09-25 16:00:00,873.57,16,0,0,858.79,880.4866666666668,876.5366666666667,834.72
2023-09-25 17:00:00,834.72,17,0,0,873.57,855.6933333333336,871.4616666666667,788.21
2023-09-25 18:00:00,788.21,18,0,0,834.72,832.166666666667,856.6800000000002,501.45
2023-09-25 19:00:00,501.45,19,0,0,788.21,708.1266666666669,794.3066666666667,509.51
2023-09-25 20:00:00,509.51,20,0,0,501.45,599.7233333333335,727.7083333333334,174.94
2023-09-25 21:00:00,174.94,21,0,0,509.51,395.3000000000002,613.7333333333333,157.92
2023-09-25 22:00:00,157.92,22,0,0,174.94,280.79000000000013,494.4583333333333,159.42
2023-09-25 23:00:00,159.42,23,0,0,157.92,164.09333333333348,381.90833333333336,178.91
2023-09-26 00:00:00,178.91,0,1,0,159.42,165.41666666666683,280.35833333333335,165.43
2023-09-26 01:00:00,165.43,1,1,0,178.91,167.92000000000016,224.35500000000002,160.94
2023-09-26 02:00:00,160.94,2,1,0,165.43,168.42666666666682,166.26000000000002,152.26
2023-09-26 03:00:00,152.26,3,1,0,160.94,159.5433333333335,162.48000000000005,111.58
2023-09-26 04:00:00,111.58,4,1,0,152.26,141.59333333333348,154.7566666666667,138.88
2023-09-26 05:00:00,138.88,5,1,0,111.58,134.24000000000015,151.33333333333337,176.73
2023-09-26 06:00:00,176.73,6,1,0,138.88,142.39666666666682,150.97000000000003,466.92
2023-09-26 07:00:00,466.92,7,1,0,176.73,260.8433333333335,201.2183333333334,489.37
2023-09-26 08:00:00,489.37,8,1,0,466.92,377.67333333333346,255.9566666666667,787.29
2023-09-26 09:00:00,787.29,9,1,0,489.37,581.1933333333335,361.7950000000001,840.07
2023-09-26 10:00:00,840.07,10,1,0,787.29,705.5766666666668,483.21000000000004,816.29
2023-09-26 11:00:00,816.29,11,1,0,840.07,814.5500000000002,596.1116666666667,863.34
2023-09-26 12:00:00,863.34,12,1,0,816.29,839.9000000000002,710.5466666666667,863.0
2023-09-26 13:00:00,863.0,13,1,0,863.34,847.5433333333334,776.5600000000001,881.28
2023-09-26 14:00:00,881.28,14,1,0,863.0,869.2066666666668,841.8783333333334,890.55
2023-09-26 15:00:00,890.55,15,1,0,881.28,878.2766666666668,859.0883333333335,873.95
2023-09-26 16:00:00,873.95,16,1,0,890.55,881.9266666666668,864.7350000000001,858.93
2023-09-26 17:00:00,858.93,17,1,0,873.95,874.4766666666668,871.8416666666667,812.68
2023-09-26 18:00:00,812.68,18,1,0,858.93,848.5200000000001,863.3983333333334,454.09
2023-09-26 19:00:00,454.09,19,1,0,812.68,708.5666666666667,795.2466666666668,471.74
2023-09-26 20:00:00,471.74,20,1,0,454.09,579.5033333333334,726.9900000000001,200.04
2023-09-26 21:00:00,200.04,21,1,0,471.74,375.29000000000013,611.905,177.09
2023-09-26 22:00:00,177.09,22,1,0,200.04,282.9566666666669,495.7616666666667,149.61
2023-09-26 23:00:00,149.61,23,1,0,177.09,175.58000000000015,377.54166666666674,173.94
2023-09-27 00:00:00,173.94,0,2,0,149.61,166.88000000000017,271.08500000000004,156.59
2023-09-27 01:00:00,156.59,1,2,0,173.94,160.04666666666682,221.5016666666667,135.17
2023-09-27 02:00:00,135.17,2,2,0,156.59,155.2333333333335,165.40666666666672,160.19
2023-09-27 03:00:00,160.19,3,2,0,135.17,150.65000000000015,158.76500000000001,159.64
2023-09-27 04:00:00,159.64,4,2,0,160.19,151.66666666666683,155.8566666666667,99.12
2023-09-27 05:00:00,99.12,5,2,0,159.64,139.65000000000015,147.4416666666667,151.9
2023-09-27 06:00:00,151.9,6,2,0,99.12,136.8866666666668,143.76833333333337,455.19
2023-09-27 07:00:00,455.19,7,2,0,151.9,235.4033333333335,193.535,515.75
2023-09-27 08:00:00,515.75,8,2,0,455.19,374.2800000000002,256.965,792.66
2023-09-27 09:00:00,792.66,9,2,0,515.75,587.8666666666668,362.3766666666667,867.06
2023-09-27 10:00:00,867.06,10,2,0,792.66,725.1566666666668,480.28000000000003,822.08
2023-09-27 11:00:00,822.08,11,2,0,867.06,827.2666666666668,600.7733333333334,834.76
2023-09-27 12:00:00,834.76,12,2,0,822.08,841.3000000000002,714.5833333333334,900.66
2023-09-27 13:00:00,900.66,13,2,0,834.76,852.5000000000001,788.8283333333334,840.68
2023-09-27 14:00:00,840.68,14,2,0,900.66,858.7000000000002,842.9833333333332,887.21
2023-09-27 15:00:00,887.21,15,2,0,840.68,876.1833333333334,858.7416666666667,864.49
2023-09-27 16:00:00,864.49,16,2,0,887.21,864.1266666666669,858.3133333333334,807.98
2023-09-27 17:00:00,807.98,17,2,0,864.49,853.2266666666668,855.9633333333333,779.15
2023-09-27 18:00:00,779.15,18,2,0,807.98,817.2066666666668,846.695,486.78
2023-09-27 19:00:00,486.78,19,2,0,779.15,691.3033333333334,777.7150000000001,463.13
2023-09-27 20:00:00,463.13,20,2,0,486.78,576.3533333333335,714.7900000000001,180.3
2023-09-27 21:00:00,180.3,21,2,0,463.13,376.73666666666685,596.9716666666667,169.06
2023-09-27 22:00:00,169.06,22,2,0,180.3,270.83000000000015,481.06666666666666,160.92
2023-09-27 23:00:00,160.92,23,2,0,169.06,170.09333333333348,373.22333333333336,127.03
2023-09-28 00:00:00,127.03,0,3,0,160.92,152.33666666666682,264.5366666666667,171.24
2023-09-28 01:00:00,171.24,1,3,0,127.03,153.06333333333347,211.94666666666672,177.99
2023-09-28 02:00:00,177.99,2,3,0,171.24,158.75333333333347,164.42333333333337,193.09
2023-09-28 03:00:00,193.09,3,3,0,177.99,180.7733333333335,166.55500000000004,118.1
2023-09-28 04:00:00,118.1,4,3,0,193.09,163.06000000000014,158.0616666666667,142.76
2023-09-28 05:00:00,142.76,5,3,0,118.1,151.3166666666668,155.03500000000005,179.14
2023-09-28 06:00:00,179.14,6,3,0,142.76,146.66666666666683,163.72000000000006,500.36
2023-09-28 07:00:00,500.36,7,3,0,179.14,274.0866666666668,218.57333333333335,482.41
2023-09-28 08:00:00,482.41,8,3,0,500.36,387.3033333333335,269.31,804.02
2023-09-28 09:00:00,804.02,9,3,0,482.41,595.5966666666668,371.13166666666666,867.39
2023-09-28 10:00:00,867.39,10,3,0,804.02,717.9400000000002,496.0133333333334,864.92
2023-09-28 11:00:00,864.92,11,3,0,867.39,845.4433333333335,616.3733333333333,828.32
2023-09-28 12:00:00,828.32,12,3,0,864.92,853.5433333333335,724.57,859.3
2023-09-28 13:00:00,859.3,13,3,0,828.32,850.8466666666669,784.3933333333333,895.6
2023-09-28 14:00:00,895.6,14,3,0,859.3,861.0733333333336,853.2583333333333,877.42
2023-09-28 15:00:00,877.42,15,3,0,895.6,877.4400000000002,865.4916666666668,863.36
2023-09-28 16:00:00,863.36,16,3,0,877.42,878.7933333333335,864.82,831.36
2023-09-28 17:00:00,831.36,17,3,0,863.36,857.3800000000001,859.2266666666668,828.64
2023-09-28 18:00:00,828.64,18,3,0,831.36,841.1200000000002,859.2800000000001,452.25
2023-09-28 19:00:00,452.25,19,3,0,828.64,704.0833333333335,791.4383333333334,485.09
2023-09-28 20:00:00,485.09,20,3,0,452.25,588.6600000000002,723.02,159.18
2023-09-28 21:00:00,159.18,21,3,0,485.09,365.50666666666683,603.3133333333334,146.94
2023-09-28 22:00:00,146.94,22,3,0,159.18,263.73666666666685,483.91,130.7
2023-09-28 23:00:00,130.7,23,3,0,146.94,145.60666666666685,367.1333333333334,177.36
2023-09-29 00:00:00,177.36,0,4,0,130.7,151.66666666666686,258.5866666666667,163.05
2023-09-29 01:00:00,163.05,1,4,0,177.36,157.03666666666686,210.38666666666668,145.72
2023-09-29 02:00:00,145.72,2,4,0,163.05,162.04333333333352,153.82500000000005,159.02
2023-09-29 03:00:00,159.02,3,4,0,145.72,155.9300000000002,153.79833333333337,164.04
2023-09-29 04:00:00,164.04,4,4,0,159.02,156.2600000000002,156.64833333333337,147.1
2023-09-29 05:00:00,147.1,5,4,0,164.04,156.72000000000017,159.3816666666667,159.65
2023-09-29 06:00:00,159.65,6,4,0,147.1,156.93000000000018,156.43000000000004,500.3
2023-09-29 07:00:00,500.3,7,4,0,159.65,269.0166666666669,212.63833333333335,471.14
2023-09-29 08:00:00,471.14,8,4,0,500.3,377.0300000000002,266.875,796.54
2023-09-29 09:00:00,796.54,9,4,0,471.14,589.3266666666668,373.12833333333333,798.94
2023-09-29 10:00:00,798.94,10,4,0,796.54,688.8733333333334,478.945,831.06
2023-09-29 11:00:00,831.06,11,4,0,798.94,808.8466666666668,592.9383333333334,851.57
2023-09-29 12:00:00,851.57,12,4,0,831.06,827.1900000000002,708.2583333333333,878.31
2023-09-29 13:00:00,878.31,13,4,0,851.57,853.6466666666669,771.2599999999999,882.37
2023-09-29 14:00:00,882.37,14,4,0,878.31,870.7500000000001,839.7983333333335,897.67
2023-09-29 15:00:00,897.67,15,4,0,882.37,886.1166666666668,856.6533333333333,840.73
2023-09-29 16:00:00,840.73,16,4,0,897.67,873.5900000000001,863.6183333333333,809.5
2023-09-29 17:00:00,809.5,17,4,0,840.73,849.3000000000002,860.0250000000001,806.73
2023-09-29 18:00:00,806.73,18,4,0,809.5,818.9866666666668,852.5516666666666,499.88
2023-09-29 19:00:00,499.88,19,4,0,806.73,705.3700000000002,789.48,472.08
2023-09-29 20:00:00,472.08,20,4,0,499.88,592.8966666666669,721.0983333333334,149.68
2023-09-29 21:00:00,149.68,21,4,0,472.08,373.88000000000017,596.4333333333333,203.66
2023-09-29 22:00:00,203.66,22,4,0,149.68,275.14000000000016,490.25500000000005,183.55
2023-09-29 23:00:00,183.55,23,4,0,203.66,178.9633333333335,385.93000000000006,275.75
2023-09-30 00:00:00,275.75,0,5,1,183.55,220.98666666666682,297.4333333333334,248.21
2023-09-30 01:00:00,248.21,1,5,1,275.75,235.83666666666684,255.48833333333334,272.96
2023-09-30 02:00:00,272.96,2,5,1,248.21,265.64000000000016,222.3016666666667,249.0
2023-09-30 03:00:00,249.0,3,5,1,272.96,256.7233333333335,238.85500000000002,197.41
2023-09-30 04:00:00,197.41,4,5,1,249.0,239.79000000000016,237.8133333333334,190.87
2023-09-30 05:00:00,190.87,5,5,1,197.41,212.42666666666685,239.0333333333334,205.16
2023-09-30 06:00:00,205.16,6,5,1,190.87,197.8133333333335,227.2683333333334,260.8
2023-09-30 07:00:00,260.8,7,5,1,205.16,218.94333333333353,229.3666666666667,196.94
2023-09-30 08:00:00,196.94,8,5,1,260.8,220.96666666666684,216.69666666666672,223.94
2023-09-30 09:00:00,223.94,9,5,1,196.94,227.22666666666683,212.52000000000007,267.51
2023-09-30 10:00:00,267.51,10,5,1,223.94,229.4633333333335,224.20333333333338,252.75
2023-09-30 11:00:00,252.75,11,5,1,267.51,248.06666666666683,234.51666666666674,238.93
2023-09-30 12:00:00,238.93,12,5,1,252.75,253.0633333333335,240.145,220.02
2023-09-30 13:00:00,220.02,13,5,1,238.93,237.23333333333355,233.34833333333336,264.4
2023-09-30 14:00:00,264.4,14,5,1,220.02,241.11666666666687,244.5916666666667,278.19
2023-09-30 15:00:00,278.19,15,5,1,264.4,254.20333333333352,253.63333333333335,213.66
2023-09-30 16:00:00,213.66,16,5,1,278.19,252.0833333333335,244.6583333333334,246.52
2023-09-30 17:00:00,246.52,17,5,1,213.66,246.12333333333353,243.62000000000003,227.5
2023-09-30 18:00:00,227.5,18,5,1,246.52,229.2266666666669,241.71500000000006,206.85
2023-09-30 19:00:00,206.85,19,5,1,227.5,226.9566666666669,239.52000000000007,258.3
2023-09-30 20:00:00,258.3,20,5,1,206.85,230.88333333333352,238.50333333333336,243.58
2023-09-30 21:00:00,243.58,21,5,1,258.3,236.24333333333354,232.735,208.93
2023-09-30 22:00:00,208.93,22,5,1,243.58,236.93666666666687,231.94666666666672,264.65
2023-09-30 23:00:00,264.65,23,5,1,208.93,239.05333333333354,234.9683333333334,244.32
2023-10-01 00:00:00,244.32,0,6,1,264.65,239.30000000000018,237.77166666666673,267.56
2023-10-01 01:00:00,267.56,1,6,1,244.32,258.84333333333353,247.89000000000001,251.63
2023-10-01 02:00:00,251.63,2,6,1,267.56,254.50333333333356,246.77833333333334,237.66
2023-10-01 03:00:00,237.66,3,6,1,251.63,252.28333333333356,245.7916666666667,259.52
2023-10-01 04:00:00,259.52,4,6,1,237.66,249.60333333333355,254.22333333333336,234.26
2023-10-01 05:00:00,234.26,5,6,1,259.52,243.81333333333353,249.15833333333333,213.78
2023-10-01 06:00:00,213.78,6,6,1,234.26,235.85333333333355,244.06833333333336,230.81
2023-10-01 07:00:00,230.81,7,6,1,213.78,226.28333333333356,237.94333333333336,228.65
2023-10-01 08:00:00,228.65,8,6,1,230.81,224.41333333333355,234.11333333333337,231.61
2023-10-01 09:00:00,231.61,9,6,1,228.65,230.3566666666669,233.10500000000002,239.84
2023-10-01 10:00:00,239.84,10,6,1,231.61,233.3666666666669,229.82500000000005,258.02
2023-10-01 11:00:00,258.02,11,6,1,239.84,243.1566666666669,233.78500000000005,234.67
2023-10-01 12:00:00,234.67,12,6,1,258.02,244.17666666666688,237.26666666666674,239.47
2023-10-01 13:00:00,239.47,13,6,1,234.67,244.05333333333354,238.71000000000004,247.46
2023-10-01 14:00:00,247.46,14,6,1,239.47,240.53333333333356,241.84500000000003,188.45
2023-10-01 15:00:00,188.45,15,6,1,247.46,225.1266666666669,234.65166666666667,206.93
2023-10-01 16:00:00,206.93,16,6,1,188.45,214.28000000000023,229.1666666666667,225.92
2023-10-01 17:00:00,225.92,17,6,1,206.93,207.10000000000022,223.8166666666667,223.35
2023-10-01 18:00:00,223.35,18,6,1,225.92,218.73333333333358,221.93000000000004,238.53
2023-10-01 19:00:00,238.53,19,6,1,223.35,229.26666666666688,221.77333333333334,227.37
2023-10-01 20:00:00,227.37,20,6,1,238.53,229.75000000000023,218.42500000000004,234.86
2023-10-01 21:00:00,234.86,21,6,1,227.37,233.5866666666669,226.16000000000005,236.58
2023-10-01 22:00:00,236.58,22,6,1,234.86,232.93666666666692,231.1016666666667,260.3
2023-10-01 23:00:00,260.3,23,6,1,236.58,243.91333333333355,236.8316666666667,160.93
2023-10-02 00:00:00,160.93,0,0,0,260.3,219.2700000000002,226.42833333333337,141.14
2023-10-02 01:00:00,141.14,1,0,0,160.93,187.45666666666685,210.19666666666672,163.24
2023-10-02 02:00:00,163.24,2,0,0,141.14,155.10333333333355,199.5083333333334,173.66
2023-10-02 03:00:00,173.66,3,0,0,163.24,159.3466666666669,189.30833333333337,155.84
2023-10-02 04:00:00,155.84,4,0,0,173.66,164.2466666666669,175.8516666666667,175.22
2023-10-02 05:00:00,175.22,5,0,0,155.84,168.24000000000024,161.6716666666667,129.76
2023-10-02 06:00:00,129.76,6,0,0,175.22,153.6066666666669,156.4766666666667,448.02
2023-10-02 07:00:00,448.02,7,0,0,129.76,251.00000000000023,207.62333333333336,475.75
2023-10-02 08:00:00,475.75,8,0,0,448.02,351.1766666666669,259.70833333333337,823.34
2023-10-02 09:00:00,823.34,9,0,0,475.75,582.3700000000002,367.9883333333334,822.14
2023-10-02 10:00:00,822.14,10,0,0,823.34,707.0766666666668,479.03833333333336,879.23
2023-10-02 11:00:00,879.23,11,0,0,822.14,841.5700000000003,596.3733333333333,860.46
2023-10-02 12:00:00,860.46,12,0,0,879.23,853.9433333333336,718.1566666666668,870.03
2023-10-02 13:00:00,870.03,13,0,0,860.46,869.9066666666669,788.4916666666668,885.0
2023-10-02 14:00:00,885.0,14,0,0,870.03,871.8300000000003,856.7000000000002,852.88
2023-10-02 15:00:00,852.88,15,0,0,885.0,869.3033333333336,861.6233333333334,840.21
2023-10-02 16:00:00,840.21,16,0,0,852.88,859.3633333333336,864.6350000000001,870.11
2023-10-02 17:00:00,870.11,17,0,0,840.21,854.4000000000002,863.1150000000001,800.06
2023-10-02 18:00:00,800.06,18,0,0,870.11,836.7933333333335,853.0483333333335,487.25
2023-10-02 19:00:00,487.25,19,0,0,800.06,719.1400000000002,789.2516666666667,512.78
2023-10-02 20:00:00,512.78,20,0,0,487.25,600.0300000000002,727.215,183.21
2023-10-02 21:00:00,183.21,21,0,0,512.78,394.4133333333336,615.6033333333334,140.6
2023-10-02 22:00:00,140.6,22,0,0,183.21,278.8633333333335,499.0016666666667,199.96
2023-10-02 23:00:00,199.96,23,0,0,140.6,174.59000000000023,387.3100000000001,148.06
2023-10-03 00:00:00,148.06,0,1,0,199.96,162.87333333333356,278.6433333333334,122.61
2023-10-03 01:00:00,122.61,1,1,0,148.06,156.8766666666669,217.87000000000003,153.2
2023-10-03 02:00:00,153.2,2,1,0,122.61,141.29000000000022,157.94000000000003,139.25
2023-10-03 03:00:00,139.25,3,1,0,153.2,138.35333333333355,150.61333333333337,175.62
2023-10-03 04:00:00,175.62,4,1,0,139.25,156.02333333333357,156.45000000000002,225.31
2023-10-03 05:00:00,225.31,5,1,0,175.62,180.06000000000026,160.67500000000004,130.08
2023-10-03 06:00:00,130.08,6,1,0,225.31,177.00333333333356,157.67833333333337,486.86
2023-10-03 07:00:00,486.86,7,1,0,130.08,280.7500000000002,218.38666666666668,459.01
2023-10-03 08:00:00,459.01,8,1,0,486.86,358.65000000000026,269.3550000000001,783.75
2023-10-03 09:00:00,783.75,9,1,0,459.01,576.5400000000003,376.7716666666667,841.76
2023-10-03 10:00:00,841.76,10,1,0,783.75,694.8400000000001,487.7950000000001,827.97
2023-10-03 11:00:00,827.97,11,1,0,841.76,817.8266666666669,588.2383333333333,870.13
2023-10-03 12:00:00,870.13,12,1,0,827.97,846.6200000000002,711.58,899.21
2023-10-03 13:00:00,899.21,13,1,0,870.13,865.7700000000001,780.305,843.2
2023-10-03 14:00:00,843.2,14,1,0,899.21,870.8466666666669,844.3366666666667,840.23
2023-10-03 15:00:00,840.23,15,1,0,843.2,860.8800000000002,853.75,849.48
2023-10-03 16:00:00,849.48,16,1,0,840.23,844.3033333333336,855.0366666666667,827.71
2023-10-03 17:00:00,827.71,17,1,0,849.48,839.1400000000003,854.9933333333335,785.65
2023-10-03 18:00:00,785.65,18,1,0,827.71,820.9466666666668,840.9133333333334,482.47
2023-10-03 19:00:00,482.47,19,1,0,785.65,698.6100000000002,771.4566666666668,473.34
2023-10-03 20:00:00,473.34,20,1,0,482.47,580.4866666666669,709.8133333333334,150.43
2023-10-03 21:00:00,150.43,21,1,0,473.34,368.7466666666669,594.8466666666667,203.4
2023-10-03 22:00:00,203.4,22,1,0,150.43,275.7233333333335,487.1666666666667,143.18
2023-10-03 23:00:00,143.18,23,1,0,203.4,165.67000000000021,373.0783333333334,182.39
2023-10-04 00:00:00,182.39,0,2,0,143.18,176.32333333333358,272.535,139.75
2023-10-04 01:00:00,139.75,1,2,0,182.39,155.1066666666669,215.41500000000005,131.94
2023-10-04 02:00:00,131.94,2,2,0,139.75,151.3600000000002,158.51500000000004,147.0
2023-10-04 03:00:00,147.0,3,2,0,131.94,139.56333333333353,157.94333333333336,167.2
2023-10-04 04:00:00,167.2,4,2,0,147.0,148.71333333333357,151.91000000000005,187.12
2023-10-04 05:00:00,187.12,5,2,0,167.2,167.1066666666669,159.23333333333338,110.11
2023-10-04 06:00:00,110.11,6,2,0,187.12,154.81000000000023,147.1866666666667,483.52
2023-10-04 07:00:00,483.52,7,2,0,110.11,260.2500000000002,204.48166666666668,491.18
2023-10-04 08:00:00,491.18,8,2,0,483.52,361.6033333333335,264.355,798.51
2023-10-04 09:00:00,798.51,9,2,0,491.18,591.0700000000002,372.94000000000005,860.46
2023-10-04 10:00:00,860.46,10,2,0,798.51,716.7166666666668,488.4833333333334,814.86
2023-10-04 11:00:00,814.86,11,2,0,860.46,824.6100000000002,593.1066666666667,863.01
2023-10-04 12:00:00,863.01,12,2,0,814.86,846.1100000000002,718.59,823.6
2023-10-04 13:00:00,823.6,13,2,0,863.01,833.8233333333336,775.2700000000001,877.37
2023-10-04 14:00:00,877.37,14,2,0,823.6,854.6600000000002,839.6350000000001,847.57
2023-10-04 15:00:00,847.57,15,2,0,877.37,849.5133333333337,847.8116666666668,890.57
2023-10-04 16:00:00,890.57,16,2,0,847.57,871.8366666666669,852.8299999999999,832.95
2023-10-04 17:00:00,832.95,17,2,0,890.57,857.0300000000003,855.8450000000001,768.29
2023-10-04 18:00:00,768.29,18,2,0,832.95,830.6033333333335,840.0583333333334,529.11
2023-10-04 19:00:00,529.11,19,2,0,768.29,710.1166666666668,790.9766666666668,509.62
2023-10-04 20:00:00,509.62,20,2,0,529.11,602.3400000000003,729.6850000000001,212.1
2023-10-04 21:00:00,212.1,21,2,0,509.62,416.94333333333344,623.7733333333334,177.05
2023-10-04 22:00:00,177.05,22,2,0,212.1,299.5900000000002,504.8533333333334,130.23
2023-10-04 23:00:00,130.23,23,2,0,177.05,173.12666666666686,387.73333333333335,142.86
2023-10-05 00:00:00,142.86,0,3,0,130.23,150.04666666666685,283.49500000000006,143.57
2023-10-05 01:00:00,143.57,1,3,0,142.86,138.88666666666686,219.23833333333337,149.06
2023-10-05 02:00:00,149.06,2,3,0,143.57,145.16333333333353,159.14500000000004,134.13
2023-10-05 03:00:00,134.13,3,3,0,149.06,142.25333333333353,146.15000000000003,186.54
2023-10-05 04:00:00,186.54,4,3,0,134.13,156.57666666666685,147.7316666666667,177.98
2023-10-05 05:00:00,177.98,5,3,0,186.54,166.21666666666684,155.69000000000003,169.88
2023-10-05 06:00:00,169.88,6,3,0,177.98,178.13333333333352,160.19333333333336,481.47
2023-10-05 07:00:00,481.47,7,3,0,169.88,276.44333333333356,216.51000000000002,488.87
2023-10-05 08:00:00,488.87,8,3,0,481.47,380.07333333333355,273.14500000000004,754.59
2023-10-05 09:00:00,754.59,9,3,0,488.87,574.9766666666669,376.555,826.47
2023-10-05 10:00:00,826.47,10,3,0,754.59,689.9766666666669,483.21000000000004,852.02
2023-10-05 11:00:00,852.02,11,3,0,826.47,811.026666666667,595.5500000000001,860.39
2023-10-05 12:00:00,860.39,12,3,0,852.02,846.2933333333335,710.6350000000001,882.02
2023-10-05 13:00:00,882.02,13,3,0,860.39,864.8100000000001,777.3933333333334,882.06
2023-10-05 14:00:00,882.06,14,3,0,882.02,874.8233333333334,842.9250000000001,856.94
2023-10-05 15:00:00,856.94,15,3,0,882.06,873.6733333333335,859.9833333333335,865.48
2023-10-05 16:00:00,865.48,16,3,0,856.94,868.1600000000002,866.485,811.27
2023-10-05 17:00:00,811.27,17,3,0,865.48,844.5633333333335,859.6933333333335,825.14
2023-10-05 18:00:00,825.14,18,3,0,811.27,833.9633333333336,853.8183333333333,512.14
2023-10-05 19:00:00,512.14,19,3,0,825.14,716.1833333333335,792.1716666666667,495.02
2023-10-05 20:00:00,495.02,20,3,0,512.14,610.7666666666669,727.665,150.43
2023-10-05 21:00:00,150.43,21,3,0,495.02,385.8633333333335,609.9133333333333,135.73
2023-10-05 22:00:00,135.73,22,3,0,150.43,260.3933333333335,488.28833333333336,165.21
2023-10-05 23:00:00,165.21,23,3,0,135.73,150.45666666666685,380.6116666666667,179.01
2023-10-06 00:00:00,179.01,0,4,0,165.21,159.98333333333352,272.92333333333335,185.93
2023-10-06 01:00:00,185.93,1,4,0,179.01,176.71666666666684,218.55500000000004,153.72
2023-10-06 02:00:00,153.72,2,4,0,185.93,172.88666666666686,161.6716666666667,169.83
2023-10-06 03:00:00,169.83,3,4,0,153.72,169.82666666666685,164.90500000000003,188.16
2023-10-06 04:00:00,188.16,4,4,0,169.83,170.5700000000002,173.6433333333334,151.79
2023-10-06 05:00:00,151.79,5,4,0,188.16,169.92666666666685,171.40666666666672,141.95
2023-10-06 06:00:00,141.95,6,4,0,151.79,160.63333333333352,165.23000000000005,495.83
2023-10-06 07:00:00,495.83,7,4,0,141.95,263.1900000000002,216.88000000000002,482.65
2023-10-06 08:00:00,482.65,8,4,0,495.83,373.47666666666686,271.7016666666667,806.19
2023-10-06 09:00:00,806.19,9,4,0,482.65,594.8900000000002,377.7616666666667,816.03
2023-10-06 10:00:00,816.03,10,4,0,806.19,701.6233333333336,482.40666666666675,851.81
2023-10-06 11:00:00,851.81,11,4,0,816.03,824.6766666666668,599.0766666666667,863.15
2023-10-06 12:00:00,863.15,12,4,0,851.81,843.6633333333334,719.2766666666668,882.93
2023-10-06 13:00:00,882.93,13,4,0,863.15,865.9633333333335,783.7933333333334,907.69
2023-10-06 14:00:00,907.69,14,4,0,882.93,884.5900000000001,854.6333333333333,893.54
2023-10-06 15:00:00,893.54,15,4,0,907.69,894.7200000000001,869.1916666666666,895.65
2023-10-06 16:00:00,895.65,16,4,0,893.54,898.9600000000002,882.4616666666667,841.84
2023-10-06 17:00:00,841.84,17,4,0,895.65,877.0100000000002,880.8000000000002,802.08
2023-10-06 18:00:00,802.08,18,4,0,841.84,846.5233333333335,870.6216666666668,467.85
2023-10-06 19:00:00,467.85,19,4,0,802.08,703.9233333333335,801.4416666666667,445.22
2023-10-06 20:00:00,445.22,20,4,0,467.85,571.7166666666668,724.3633333333333,174.54
2023-10-06 21:00:00,174.54,21,4,0,445.22,362.53666666666686,604.5300000000001,191.69
2023-10-06 22:00:00,191.69,22,4,0,174.54,270.4833333333335,487.2033333333334,192.18
2023-10-06 23:00:00,192.18,23,4,0,191.69,186.1366666666668,378.9266666666667,246.85
2023-10-07 00:00:00,246.85,0,5,1,192.18,210.24000000000015,286.3883333333334,231.8
2023-10-07 01:00:00,231.8,1,5,1,246.85,223.61000000000013,247.0466666666667,227.49
2023-10-07 02:00:00,227.49,2,5,1,231.8,235.3800000000002,210.75833333333335,234.69
2023-10-07 03:00:00,234.69,3,5,1,227.49,231.32666666666682,220.7833333333334,264.05
2023-10-07 04:00:00,264.05,4,5,1,234.69,242.07666666666682,232.84333333333336,223.68
2023-10-07 05:00:00,223.68,5,5,1,264.05,240.80666666666684,238.09333333333336,201.79
2023-10-07 06:00:00,201.79,6,5,1,223.68,229.84000000000015,230.58333333333337,218.18
2023-10-07 07:00:00,218.18,7,5,1,201.79,214.55000000000015,228.3133333333334,229.3
2023-10-07 08:00:00,229.3,8,5,1,218.18,216.4233333333335,228.61500000000004,224.49
2023-10-07 09:00:00,224.49,9,5,1,229.3,223.99000000000015,226.91500000000005,245.46
2023-10-07 10:00:00,245.46,10,5,1,224.49,233.08333333333348,223.81666666666672,256.24
2023-10-07 11:00:00,256.24,11,5,1,245.46,242.0633333333335,229.24333333333337,253.62
2023-10-07 12:00:00,253.62,12,5,1,256.24,251.7733333333335,237.88166666666675,235.56
2023-10-07 13:00:00,235.56,13,5,1,253.62,248.4733333333335,240.7783333333334,255.25
2023-10-07 14:00:00,255.25,14,5,1,235.56,248.14333333333352,245.10333333333338,235.92
2023-10-07 15:00:00,235.92,15,5,1,255.25,242.24333333333348,247.00833333333335,233.54
2023-10-07 16:00:00,233.54,16,5,1,235.92,241.57000000000016,245.02166666666668,209.27
2023-10-07 17:00:00,209.27,17,5,1,233.54,226.24333333333348,237.19333333333338,236.13
2023-10-07 18:00:00,236.13,18,5,1,209.27,226.3133333333335,234.2783333333334,256.2
2023-10-07 19:00:00,256.2,19,5,1,236.13,233.8666666666668,237.71833333333336,237.72
2023-10-07 20:00:00,237.72,20,5,1,256.2,243.35000000000014,234.7966666666667,263.59
2023-10-07 21:00:00,263.59,21,5,1,237.72,252.50333333333347,239.4083333333334,259.82
2023-10-07 22:00:00,259.82,22,5,1,263.59,253.71000000000012,243.78833333333338,251.9
2023-10-07 23:00:00,251.9,23,5,1,259.82,258.4366666666668,250.89333333333335,206.31
2023-10-08 00:00:00,206.31,0,6,1,251.9,239.34333333333348,245.92333333333337,222.31
2023-10-08 01:00:00,222.31,1,6,1,206.31,226.84000000000015,240.275,245.39
2023-10-08 02:00:00,245.39,2,6,1,222.31,224.67000000000016,241.55333333333337,236.2
2023-10-08 03:00:00,236.2,3,6,1,245.39,234.63333333333347,236.98833333333337,250.04
2023-10-08 04:00:00,250.04,4,6,1,236.2,243.8766666666668,235.35833333333338,256.41
2023-10-08 05:00:00,256.41,5,6,1,250.04,247.55000000000018,236.11000000000004,267.94
2023-10-08 06:00:00,267.94,6,6,1,256.41,258.13000000000017,246.3816666666667,258.14
2023-10-08 07:00:00,258.14,7,6,1,267.94,260.83000000000015,252.35333333333338,255.79
2023-10-08 08:00:00,255.79,8,6,1,258.14,260.62333333333345,254.0866666666667,257.56
2023-10-08 09:00:00,257.56,9,6,1,255.79,257.16333333333347,257.6466666666667,233.99
2023-10-08 10:00:00,233.99,10,6,1,257.56,249.1133333333335,254.9716666666667,221.74
2023-10-08 11:00:00,221.74,11,6,1,233.99,237.76333333333352,249.19333333333336,276.52
2023-10-08 12:00:00,276.52,12,6,1,221.74,244.08333333333348,250.62333333333336,233.3
2023-10-08 13:00:00,233.3,13,6,1,276.52,243.85333333333347,246.48333333333335,231.96
2023-10-08 14:00:00,231.96,14,6,1,233.3,247.26000000000013,242.51166666666668,155.54
2023-10-08 15:00:00,155.54,15,6,1,231.96,206.93333333333348,225.50833333333335,250.53
2023-10-08 16:00:00,250.53,16,6,1,155.54,212.67666666666682,228.26500000000001,249.65
2023-10-08 17:00:00,249.65,17,6,1,250.53,218.5733333333335,232.9166666666667,258.42
2023-10-08 18:00:00,258.42,18,6,1,249.65,252.86666666666682,229.90000000000006,259.54
2023-10-08 19:00:00,259.54,19,6,1,258.42,255.8700000000002,234.2733333333334,235.09
2023-10-08 20:00:00,235.09,20,6,1,259.54,251.0166666666668,234.79500000000004,227.19
2023-10-08 21:00:00,227.19,21,6,1,235.09,240.60666666666683,246.7366666666667,218.34
2023-10-08 22:00:00,218.34,22,6,1,227.19,226.87333333333348,241.37166666666675,255.91
2023-10-08 23:00:00,255.91,23,6,1,218.34,233.81333333333347,242.41500000000005,163.62
2023-10-09 00:00:00,163.62,0,0,0,255.91,212.62333333333348,226.61500000000004,132.26
2023-10-09 01:00:00,132.26,1,0,0,163.62,183.93000000000015,205.40166666666673,169.69
2023-10-09 02:00:00,169.69,2,0,0,132.26,155.19000000000017,194.5016666666667,202.21
2023-10-09 03:00:00,202.21,3,0,0,169.69,168.05333333333348,190.33833333333337,154.69
2023-10-09 04:00:00,154.69,4,0,0,202.21,175.53000000000011,179.73000000000002,180.09
2023-10-09 05:00:00,180.09,5,0,0,154.69,178.9966666666668,167.0933333333334,173.35
2023-10-09 06:00:00,173.35,6,0,0,180.09,169.3766666666668,168.71500000000003,469.8
2023-10-09 07:00:00,469.8,7,0,0,173.35,274.41333333333347,224.97166666666672,458.44
2023-10-09 08:00:00,458.44,8,0,0,469.8,367.1966666666668,273.0966666666667,777.85
2023-10-09 09:00:00,777.85,9,0,0,458.44,568.6966666666668,369.0366666666667,828.52
2023-10-09 10:00:00,828.52,10,0,0,777.85,688.2700000000001,481.3416666666667,878.11
2023-10-09 11:00:00,878.11,11,0,0,828.52,828.1600000000002,597.6783333333334,840.4
2023-10-09 12:00:00,840.4,12,0,0,878.11,849.0100000000002,708.8533333333334,856.69
2023-10-09 13:00:00,856.69,13,0,0,840.4,858.4000000000002,773.335,878.48
2023-10-09 14:00:00,878.48,14,0,0,856.69,858.5233333333335,843.3416666666667,873.73
2023-10-09 15:00:00,873.73,15,0,0,878.48,869.6333333333336,859.3216666666667,829.45
2023-10-09 16:00:00,829.45,16,0,0,873.73,860.5533333333336,859.4766666666668,841.48
2023-10-09 17:00:00,841.48,17,0,0,829.45,848.2200000000003,853.3716666666668,760.52
2023-10-09 18:00:00,760.52,18,0,0,841.48,810.4833333333336,840.0583333333334,493.98
2023-10-09 19:00:00,493.98,19,0,0,760.52,698.6600000000002,779.6066666666667,486.18
2023-10-09 20:00:00,486.18,20,0,0,493.98,580.2266666666668,714.2233333333334,139.4
2023-10-09 21:00:00,139.4,21,0,0,486.18,373.1866666666668,591.835,168.53
2023-10-09 22:00:00,168.53,22,0,0,139.4,264.7033333333335,481.6816666666668,162.95
2023-10-09 23:00:00,162.95,23,0,0,168.53,156.96000000000015,368.5933333333334,168.45
2023-10-10 00:00:00,168.45,0,1,0,162.95,166.6433333333335,269.915,156.47
2023-10-10 01:00:00,156.47,1,1,0,168.45,162.62333333333348,213.66333333333338,178.02
2023-10-10 02:00:00,178.02,2,1,0,156.47,167.64666666666682,162.30333333333337,138.7
2023-10-10 03:00:00,138.7,3,1,0,178.02,157.73000000000016,162.1866666666667,164.04
2023-10-10 04:00:00,164.04,4,1,0,138.7,160.25333333333347,161.43833333333336,155.16
2023-10-10 05:00:00,155.16,5,1,0,164.04,152.63333333333347,160.14000000000004,138.39
2023-10-10 06:00:00,138.39,6,1,0,155.16,152.53000000000014,155.13000000000002,491.49
2023-10-10 07:00:00,491.49,7,1,0,138.39,261.6800000000001,210.9666666666667,510.94
2023-10-10 08:00:00,510.94,8,1,0,491.49,380.2733333333335,266.4533333333334,807.77
2023-10-10 09:00:00,807.77,9,1,0,510.94,603.4000000000001,377.965,823.24
2023-10-10 10:00:00,823.24,10,1,0,807.77,713.9833333333335,487.8316666666667,846.67
2023-10-10 11:00:00,846.67,11,1,0,823.24,825.8933333333334,603.0833333333334,870.29
2023-10-10 12:00:00,870.29,12,1,0,846.67,846.7333333333335,725.0666666666667,875.76
2023-10-10 13:00:00,875.76,13,1,0,870.29,864.2400000000001,789.1116666666667,885.81
2023-10-10 14:00:00,885.81,14,1,0,875.76,877.2866666666667,851.5900000000001,874.93
2023-10-10 15:00:00,874.93,15,1,0,885.81,878.8333333333334,862.7833333333333,858.53
2023-10-10 16:00:00,858.53,16,1,0,874.93,873.0900000000001,868.665,844.54
2023-10-10 17:00:00,844.54,17,1,0,858.53,859.3333333333335,868.3100000000001,774.57
2023-10-10 18:00:00,774.57,18,1,0,844.54,825.8800000000001,852.3566666666667,484.11
2023-10-10 19:00:00,484.11,19,1,0,774.57,701.0733333333334,787.0816666666666,473.07
2023-10-10 20:00:00,473.07,20,1,0,484.11,577.2500000000001,718.2916666666666,172.01
2023-10-10 21:00:00,172.01,21,1,0,473.07,376.39666666666676,601.1383333333334,184.8
2023-10-10 22:00:00,184.8,22,1,0,172.01,276.6266666666668,488.84999999999997,122.32
2023-10-10 23:00:00,122.32,23,1,0,184.8,159.71000000000012,368.4800000000001,143.63
2023-10-11 00:00:00,143.63,0,2,0,122.32,150.2500000000001,263.3233333333334,159.24
2023-10-11 01:00:00,159.24,1,2,0,143.63,141.7300000000001,209.17833333333337,167.85
2023-10-11 02:00:00,167.85,2,2,0,159.24,156.90666666666678,158.30833333333337,165.02
2023-10-11 03:00:00,165.02,3,2,0,167.85,164.03666666666678,157.14333333333335,174.38
2023-10-11 04:00:00,174.38,4,2,0,165.02,169.08333333333346,155.40666666666672,178.75
2023-10-11 05:00:00,178.75,5,2,0,174.38,172.71666666666678,164.81166666666672,161.76
2023-10-11 06:00:00,161.76,6,2,0,178.75,171.6300000000001,167.83333333333337,487.66
2023-10-11 07:00:00,487.66,7,2,0,161.76,276.0566666666668,222.57000000000002,462.1
2023-10-11 08:00:00,462.1,8,2,0,487.66,370.50666666666683,271.61166666666674,795.55
2023-10-11 09:00:00,795.55,9,2,0,462.1,581.7700000000001,376.70000000000005,844.27
2023-10-11 10:00:00,844.27,10,2,0,795.55,700.64,488.34833333333336,855.99
2023-10-11 11:00:00,855.99,11,2,0,844.27,831.9366666666668,601.2216666666667,847.79
2023-10-11 12:00:00,847.79,12,2,0,855.99,849.35,715.5600000000001,896.65
2023-10-11 13:00:00,896.65,13,2,0,847.79,866.8100000000001,783.725,840.45
2023-10-11 14:00:00,840.45,14,2,0,896.65,861.6300000000001,846.7833333333333,864.48
2023-10-11 15:00:00,864.48,15,2,0,840.45,867.1933333333335,858.2716666666666,864.31
2023-10-11 16:00:00,864.31,16,2,0,864.48,856.4133333333334,861.6116666666667,840.99
2023-10-11 17:00:00,840.99,17,2,0,864.31,856.5933333333336,859.1116666666667,839.37
2023-10-11 18:00:00,839.37,18,2,0,840.99,848.2233333333335,857.7083333333334,508.52
2023-10-11 19:00:00,508.52,19,2,0,839.37,729.6266666666669,793.0200000000001,465.33
2023-10-11 20:00:00,465.33,20,2,0,508.52,604.4066666666668,730.5,166.87
2023-10-11 21:00:00,166.87,21,2,0,465.33,380.2400000000002,614.2316666666667,170.89
2023-10-11 22:00:00,170.89,22,2,0,166.87,267.6966666666668,498.6616666666667,137.07
2023-10-11 23:00:00,137.07,23,2,0,170.89,158.2766666666668,381.3416666666667,158.7
2023-10-12 00:00:00,158.7,0,3,0,137.07,155.55333333333348,267.8966666666667,151.89
2023-10-12 01:00:00,151.89,1,3,0,158.7,149.22000000000014,208.45833333333337,150.08
2023-10-12 02:00:00,150.08,2,3,0,151.89,153.5566666666668,155.9166666666667,163.66
2023-10-12 03:00:00,163.66,3,3,0,150.08,155.21000000000015,155.3816666666667,151.31
2023-10-12 04:00:00,151.31,4,3,0,163.66,155.01666666666682,152.11833333333337,162.64
2023-10-12 05:00:00,162.64,5,3,0,151.31,159.2033333333335,156.38000000000002,172.13
2023-10-12 06:00:00,172.13,6,3,0,162.64,162.0266666666668,158.61833333333337,515.82
2023-10-12 07:00:00,515.82,7,3,0,172.13,283.53000000000014,219.2733333333334,518.27
2023-10-12 08:00:00,518.27,8,3,0,515.82,402.0733333333335,280.6383333333334,763.92
2023-10-12 09:00:00,763.92,9,3,0,518.27,599.3366666666669,380.6816666666667,808.36
2023-10-12 10:00:00,808.36,10,3,0,763.92,696.85,490.19000000000005,814.5
2023-10-12 11:00:00,814.5,11,3,0,808.36,795.5933333333336,598.8333333333334,878.61
2023-10-12 12:00:00,878.61,12,3,0,814.5,833.8233333333334,716.58,866.34
2023-10-12 13:00:00,866.34,13,3,0,878.61,853.1500000000002,775.0,893.39
2023-10-12 14:00:00,893.39,14,3,0,866.34,879.4466666666668,837.5200000000001,876.56
2023-10-12 15:00:00,876.56,15,3,0,893.39,878.7633333333334,856.2933333333334,848.84
2023-10-12 16:00:00,848.84,16,3,0,876.56,872.9300000000002,863.04,825.3
2023-10-12 17:00:00,825.3,17,3,0,848.84,850.2333333333336,864.84,814.99
2023-10-12 18:00:00,814.99,18,3,0,825.3,829.7100000000002,854.2366666666667,473.18
2023-10-12 19:00:00,473.18,19,3,0,814.99,704.4900000000001,788.71,482.72
2023-10-12 20:00:00,482.72,20,3,0,473.18,590.2966666666669,720.265,178.51
2023-10-12 21:00:00,178.51,21,3,0,482.72,378.1366666666668,603.9233333333334,159.19
2023-10-12 22:00:00,159.19,22,3,0,178.51,273.47333333333347,488.98166666666674,141.4
2023-10-12 23:00:00,141.4,23,3,0,159.19,159.70000000000016,374.9983333333334,138.69
2023-10-13 00:00:00,138.69,0,4,0,141.4,146.42666666666682,262.2816666666667,178.98
2023-10-13 01:00:00,178.98,1,4,0,138.69,153.02333333333348,213.24833333333336,168.44
2023-10-13 02:00:00,168.44,2,4,0,178.98,162.0366666666668,160.86833333333337,140.91
2023-10-13 03:00:00,140.91,3,4,0,168.44,162.77666666666678,154.60166666666672,181.92
2023-10-13 04:00:00,181.92,4,4,0,140.91,163.7566666666668,158.39000000000001,198.56
2023-10-13 05:00:00,198.56,5,4,0,181.92,173.79666666666682,167.9166666666667,145.96
2023-10-13 06:00:00,145.96,6,4,0,198.56,175.48000000000016,169.12833333333336,527.04
2023-10-13 07:00:00,527.04,7,4,0,145.96,290.52000000000015,227.13833333333335,472.6
2023-10-13 08:00:00,472.6,8,4,0,527.04,381.8666666666668,277.8316666666667,806.7
2023-10-13 09:00:00,806.7,9,4,0,472.6,602.1133333333336,388.7966666666667,819.45
2023-10-13 10:00:00,819.45,10,4,0,806.7,699.5833333333335,495.05166666666673,845.56
2023-10-13 11:00:00,845.56,11,4,0,819.45,823.9033333333335,602.8850000000001,865.13
2023-10-13 12:00:00,865.13,12,4,0,845.56,843.3800000000001,722.7466666666668,884.61
2023-10-13 13:00:00,884.61,13,4,0,865.13,865.1000000000003,782.3416666666667,906.48
2023-10-13 14:00:00,906.48,14,4,0,884.61,885.4066666666669,854.6550000000001,867.54
2023-10-13 15:00:00,867.54,15,4,0,906.48,886.2100000000002,864.7950000000001,841.49
2023-10-13 16:00:00,841.49,16,4,0,867.54,871.8366666666667,868.4683333333334,863.2
2023-10-13 17:00:00,863.2,17,4,0,841.49,857.4100000000002,871.4083333333333,782.34
2023-10-13 18:00:00,782.34,18,4,0,863.2,829.0100000000002,857.61,469.64
2023-10-13 19:00:00,469.64,19,4,0,782.34,705.0600000000003,788.4483333333334,492.89
2023-10-13 20:00:00,492.89,20,4,0,469.64,581.6233333333334,719.5166666666668,148.28
2023-10-13 21:00:00,148.28,21,4,0,492.89,370.27000000000015,599.64,150.03
2023-10-13 22:00:00,150.03,22,4,0,148.28,263.7333333333335,484.39666666666676,155.54
2023-10-13 23:00:00,155.54,23,4,0,150.03,151.2833333333335,366.4533333333334,257.37
2023-10-14 00:00:00,257.37,0,5,1,155.54,187.64666666666685,278.95833333333337,257.11
2023-10-14 01:00:00,257.11,1,5,1,257.37,223.34000000000015,243.53666666666672,235.36
2023-10-14 02:00:00,235.36,2,5,1,257.11,249.94666666666686,200.61500000000004,247.23
2023-10-14 03:00:00,247.23,3,5,1,235.36,246.56666666666683,217.1066666666667,235.94
2023-10-14 04:00:00,235.94,4,5,1,247.23,239.5100000000002,231.42500000000007,258.72
2023-10-14 05:00:00,258.72,5,5,1,235.94,247.29666666666685,248.62166666666675,226.45
2023-10-14 06:00:00,226.45,6,5,1,258.72,240.3700000000002,243.46833333333336,208.44
2023-10-14 07:00:00,208.44,7,5,1,226.45,231.20333333333352,235.3566666666667,214.4
2023-10-14 08:00:00,214.4,8,5,1,208.44,216.43000000000018,231.86333333333337,234.01
2023-10-14 09:00:00,234.01,9,5,1,214.4,218.9500000000002,229.66000000000005,223.65
2023-10-14 10:00:00,223.65,10,5,1,234.01,224.0200000000002,227.61166666666668,215.03
2023-10-14 11:00:00,215.03,11,5,1,223.65,224.23000000000022,220.33000000000004,220.17
2023-10-14 12:00:00,220.17,12,5,1,215.03,219.61666666666687,219.2833333333334,216.76
2023-10-14 13:00:00,216.76,13,5,1,220.17,217.32000000000016,220.67000000000004,255.32
2023-10-14 14:00:00,255.32,14,5,1,216.76,230.7500000000002,227.49,218.35
2023-10-14 15:00:00,218.35,15,5,1,255.32,230.14333333333352,224.88000000000002,251.52
2023-10-14 16:00:00,251.52,16,5,1,218.35,241.73000000000016,229.52500000000006,207.54
2023-10-14 17:00:00,207.54,17,5,1,251.52,225.8033333333335,228.27666666666673,248.91
2023-10-14 18:00:00,248.91,18,5,1,207.54,235.99000000000015,233.0666666666667,256.63
2023-10-14 19:00:00,256.63,19,5,1,248.91,237.69333333333353,239.7116666666667,255.4
2023-10-14 20:00:00,255.4,20,5,1,256.63,253.64666666666687,239.72500000000005,257.19
2023-10-14 21:00:00,257.19,21,5,1,255.4,256.40666666666687,246.19833333333335,235.03
2023-10-14 22:00:00,235.03,22,5,1,257.19,249.20666666666685,243.45000000000005,226.47
2023-10-14 23:00:00,226.47,23,5,1,235.03,239.5633333333335,246.60500000000002,230.5
2023-10-15 00:00:00,230.5,0,6,1,226.47,230.66666666666686,243.53666666666672,241.58
2023-10-15 01:00:00,241.58,1,6,1,230.5,232.85000000000022,241.0283333333334,235.48
2023-10-15 02:00:00,235.48,2,6,1,241.58,235.85333333333355,237.70833333333337,254.17
2023-10-15 03:00:00,254.17,3,6,1,235.48,243.74333333333354,237.20500000000004,242.4
2023-10-15 04:00:00,242.4,4,6,1,254.17,244.01666666666685,238.43333333333337,258.32
2023-10-15 05:00:00,258.32,5,6,1,242.4,251.6300000000002,243.74166666666667,236.7
2023-10-15 06:00:00,236.7,6,6,1,258.32,245.80666666666684,244.77500000000006,233.27
2023-10-15 07:00:00,233.27,7,6,1,236.7,242.76333333333352,243.39000000000001,269.42
2023-10-15 08:00:00,269.42,8,6,1,233.27,246.4633333333335,249.0466666666667,262.43
2023-10-15 09:00:00,262.43,9,6,1,269.42,255.0400000000002,250.4233333333334,242.39
2023-10-15 10:00:00,242.39,10,6,1,262.43,258.0800000000002,250.4216666666667,237.68
2023-10-15 11:00:00,237.68,11,6,1,242.39,247.5000000000002,246.9816666666667,254.22
2023-10-15 12:00:00,254.22,12,6,1,237.68,244.76333333333352,249.90166666666673,229.81
2023-10-15 13:00:00,229.81,13,6,1,254.22,240.5700000000002,249.32500000000005,235.44
2023-10-15 14:00:00,235.44,14,6,1,229.81,239.82333333333352,243.66166666666672,242.82
2023-10-15 15:00:00,242.82,15,6,1,235.44,236.0233333333335,240.39333333333335,210.88
2023-10-15 16:00:00,210.88,16,6,1,242.82,229.7133333333335,235.14166666666674,269.09
2023-10-15 17:00:00,269.09,17,6,1,210.88,240.93000000000018,240.3766666666667,233.15
2023-10-15 18:00:00,233.15,18,6,1,269.09,237.70666666666685,236.86500000000004,226.63
2023-10-15 19:00:00,226.63,19,6,1,233.15,242.95666666666685,236.33500000000004,225.85
2023-10-15 20:00:00,225.85,20,6,1,226.63,228.54333333333352,234.73666666666668,247.24
2023-10-15 21:00:00,247.24,21,6,1,225.85,233.2400000000002,235.47333333333336,246.23
2023-10-15 22:00:00,246.23,22,6,1,247.24,239.77333333333354,241.365,242.99
2023-10-15 23:00:00,242.99,23,6,1,246.23,245.48666666666688,237.01500000000001,172.53
2023-10-16 00:00:00,172.53,0,0,0,242.99,220.5833333333335,226.91166666666672,188.02
2023-10-16 01:00:00,188.02,1,0,0,172.53,201.18000000000018,220.47666666666672,146.28
2023-10-16 02:00:00,146.28,2,0,0,188.02,168.94333333333353,207.21500000000003,139.07
2023-10-16 03:00:00,139.07,3,0,0,146.28,157.7900000000002,189.18666666666672,137.22
2023-10-16 04:00:00,137.22,4,0,0,139.07,140.85666666666688,171.01833333333335,133.23
2023-10-16 05:00:00,133.23,5,0,0,137.22,136.50666666666686,152.72500000000002,165.43
2023-10-16 06:00:00,165.43,6,0,0,133.23,145.29333333333352,151.5416666666667,486.93
2023-10-16 07:00:00,486.93,7,0,0,165.43,261.8633333333335,201.36000000000004,488.73
2023-10-16 08:00:00,488.73,8,0,0,486.93,380.3633333333335,258.43500000000006,808.24
2023-10-16 09:00:00,808.24,9,0,0,488.73,594.6333333333336,369.9633333333334,848.8
2023-10-16 10:00:00,848.8,10,0,0,808.24,715.2566666666668,488.56,848.02
2023-10-16 11:00:00,848.02,11,0,0,848.8,835.0200000000001,607.6916666666667,872.07
2023-10-16 12:00:00,872.07,12,0,0,848.02,856.2966666666667,725.465,930.22
2023-10-16 13:00:00,930.22,13,0,0,872.07,883.4366666666668,799.3466666666668,857.6
2023-10-16 14:00:00,857.6,14,0,0,930.22,886.6300000000002,860.8249999999999,864.63
2023-10-16 15:00:00,864.63,15,0,0,857.6,884.1500000000002,870.2233333333334,886.41
2023-10-16 16:00:00,886.41,16,0,0,864.63,869.546666666667,876.4916666666667,821.41
2023-10-16 17:00:00,821.41,17,0,0,886.41,857.4833333333336,872.0566666666667,816.77
2023-10-16 18:00:00,816.77,18,0,0,821.41,841.5300000000001,862.84,516.98
2023-10-16 19:00:00,516.98,19,0,0,816.77,718.3866666666669,793.9666666666667,457.69
2023-10-16 20:00:00,457.69,20,0,0,516.98,597.1466666666669,727.315,139.86
2023-10-16 21:00:00,139.86,21,0,0,457.69,371.5100000000002,606.52,153.69
2023-10-16 22:00:00,153.69,22,0,0,139.86,250.41333333333353,484.40000000000003,179.27
2023-10-16 23:00:00,179.27,23,0,0,153.69,157.60666666666688,377.3766666666667,175.3
2023-10-17 00:00:00,175.3,0,1,0,179.27,169.4200000000002,270.4650000000001,156.96
2023-10-17 01:00:00,156.96,1,1,0,175.3,170.5100000000002,210.46166666666673,158.63
2023-10-17 02:00:00,158.63,2,1,0,156.96,163.6300000000002,160.61833333333337,154.13
2023-10-17 03:00:00,154.13,3,1,0,158.63,156.57333333333352,162.9966666666667,160.41
2023-10-17 04:00:00,160.41,4,1,0,154.13,157.7233333333335,164.1166666666667,155.91
2023-10-17 05:00:00,155.91,5,1,0,160.41,156.81666666666686,160.2233333333334,164.05
2023-10-17 06:00:00,164.05,6,1,0,155.91,160.12333333333353,158.34833333333336,466.29
2023-10-17 07:00:00,466.29,7,1,0,164.05,262.08333333333354,209.90333333333334,506.8
2023-10-17 08:00:00,506.8,8,1,0,466.29,379.04666666666685,267.93166666666673,786.04
2023-10-17 09:00:00,786.04,9,1,0,506.8,586.3766666666669,373.25,795.83
2023-10-17 10:00:00,795.83,10,1,0,786.04,696.2233333333335,479.1533333333334,816.73
2023-10-17 11:00:00,816.73,11,1,0,795.83,799.5333333333334,589.2900000000001,832.13
2023-10-17 12:00:00,832.13,12,1,0,816.73,814.8966666666669,700.6366666666668,909.17
2023-10-17 13:00:00,909.17,13,1,0,832.13,852.6766666666668,774.4500000000002,857.73
2023-10-17 14:00:00,857.73,14,1,0,909.17,866.3433333333336,832.9383333333334,842.91
2023-10-17 15:00:00,842.91,15,1,0,857.73,869.9366666666668,842.4166666666666,868.63
2023-10-17 16:00:00,868.63,16,1,0,842.91,856.4233333333335,854.5500000000001,829.48
2023-10-17 17:00:00,829.48,17,1,0,868.63,847.0066666666668,856.6750000000001,784.22
2023-10-17 18:00:00,784.22,18,1,0,829.48,827.4433333333336,848.6899999999999,510.32
2023-10-17 19:00:00,510.32,19,1,0,784.22,708.0066666666668,782.2150000000001,515.18
2023-10-17 20:00:00,515.18,20,1,0,510.32,603.2400000000001,725.1233333333333,169.58
2023-10-17 21:00:00,169.58,21,1,0,515.18,398.3600000000001,612.9016666666668,141.86
2023-10-17 22:00:00,141.86,22,1,0,169.58,275.5400000000002,491.7733333333333,177.3
2023-10-17 23:00:00,177.3,23,1,0,141.86,162.9133333333335,383.07666666666665,147.37
2023-10-18 00:00:00,147.37,0,2,0,177.3,155.51000000000013,276.93500000000006,154.93
2023-10-18 01:00:00,154.93,1,2,0,147.37,159.86666666666682,217.70333333333335,175.06
2023-10-18 02:00:00,175.06,2,2,0,154.93,159.12000000000015,161.0166666666667,156.42
2023-10-18 03:00:00,156.42,3,2,0,175.06,162.13666666666683,158.82333333333338,157.96
2023-10-18 04:00:00,157.96,4,2,0,156.42,163.14666666666685,161.5066666666667,152.08
2023-10-18 05:00:00,152.08,5,2,0,157.96,155.48666666666682,157.30333333333337,148.9
2023-10-18 06:00:00,148.9,6,2,0,152.08,152.98000000000016,157.55833333333337,476.84
2023-10-18 07:00:00,476.84,7,2,0,148.9,259.2733333333335,211.21000000000004,499.76
2023-10-18 08:00:00,499.76,8,2,0,476.84,375.1666666666668,265.3266666666667,813.85
2023-10-18 09:00:00,813.85,9,2,0,499.76,596.8166666666667,374.89833333333337,824.26
2023-10-18 10:00:00,824.26,10,2,0,813.85,712.6233333333334,485.9483333333333,826.33
2023-10-18 11:00:00,826.33,11,2,0,824.26,821.4800000000001,598.3233333333334,897.72
2023-10-18 12:00:00,897.72,12,2,0,826.33,849.4366666666668,723.1266666666667,873.83
2023-10-18 13:00:00,873.83,13,2,0,897.72,865.9600000000002,789.2916666666666,855.76
2023-10-18 14:00:00,855.76,14,2,0,873.83,875.7700000000001,848.625,857.81
2023-10-18 15:00:00,857.81,15,2,0,855.76,862.4666666666668,855.9516666666667,829.49
2023-10-18 16:00:00,829.49,16,2,0,857.81,847.6866666666668,856.8233333333334,821.67
2023-10-18 17:00:00,821.67,17,2,0,829.49,836.3233333333334,856.0466666666667,798.06
2023-10-18 18:00:00,798.06,18,2,0,821.67,816.4066666666668,839.4366666666666,479.45
2023-10-18 19:00:00,479.45,19,2,0,798.06,699.7266666666668,773.7066666666666,501.11
2023-10-18 20:00:00,501.11,20,2,0,479.45,592.8733333333334,714.5983333333334,161.36
2023-10-18 21:00:00,161.36,21,2,0,501.11,380.64000000000016,598.5233333333334,151.42
2023-10-18 22:00:00,151.42,22,2,0,161.36,271.2966666666668,485.5116666666667,165.01
2023-10-18 23:00:00,165.01,23,2,0,151.42,159.26333333333346,376.0683333333334,142.68
2023-10-19 00:00:00,142.68,0,3,0,165.01,153.03666666666683,266.83833333333337,173.65
2023-10-19 01:00:00,173.65,1,3,0,142.68,160.44666666666683,215.8716666666667,176.64
2023-10-19 02:00:00,176.64,2,3,0,173.65,164.3233333333335,161.79333333333338,159.4
2023-10-19 03:00:00,159.4,3,3,0,176.64,169.8966666666668,161.4666666666667,196.85
2023-10-19 04:00:00,196.85,4,3,0,159.4,177.63000000000014,169.03833333333338,153.91
2023-10-19 05:00:00,153.91,5,3,0,196.85,170.05333333333348,167.18833333333336,137.75
2023-10-19 06:00:00,137.75,6,3,0,153.91,162.83666666666682,166.3666666666667,490.9
2023-10-19 07:00:00,490.9,7,3,0,137.75,260.85333333333347,219.2416666666667,476.4
2023-10-19 08:00:00,476.4,8,3,0,490.9,368.35000000000014,269.2016666666667,773.7
2023-10-19 09:00:00,773.7,9,3,0,476.4,580.3333333333335,371.58500000000004,831.02
2023-10-19 10:00:00,831.02,10,3,0,773.7,693.7066666666668,477.28000000000003,834.16
2023-10-19 11:00:00,834.16,11,3,0,831.02,812.9600000000002,590.6550000000001,838.14
2023-10-19 12:00:00,838.14,12,3,0,834.16,834.4400000000002,707.3866666666668,883.66
2023-10-19 13:00:00,883.66,13,3,0,838.14,851.9866666666668,772.8466666666667,875.23
2023-10-19 14:00:00,875.23,14,3,0,883.66,865.6766666666668,839.3183333333335,863.58
2023-10-19 15:00:00,863.58,15,3,0,875.23,874.1566666666668,854.2983333333333,842.39
2023-10-19 16:00:00,842.39,16,3,0,863.58,860.4000000000002,856.1933333333335,813.61
2023-10-19 17:00:00,813.61,17,3,0,842.39,839.8600000000002,852.7683333333334,768.54
2023-10-19 18:00:00,768.54,18,3,0,813.61,808.1800000000002,841.1683333333334,459.25
2023-10-19 19:00:00,459.25,19,3,0,768.54,680.4666666666668,770.4333333333334,476.72
2023-10-19 20:00:00,476.72,20,3,0,459.25,568.1700000000002,704.015,186.06
2023-10-19 21:00:00,186.06,21,3,0,476.72,374.01000000000016,591.0950000000001,150.09
2023-10-19 22:00:00,150.09,22,3,0,186.06,270.9566666666668,475.71166666666664,145.15
2023-10-19 23:00:00,145.15,23,3,0,150.09,160.43333333333348,364.30166666666673,132.26
2023-10-20 00:00:00,132.26,0,4,0,145.15,142.50000000000014,258.25500000000005,162.92
2023-10-20 01:00:00,162.92,1,4,0,132.26,146.77666666666678,208.8666666666667,132.72
2023-10-20 02:00:00,132.72,2,4,0,162.92,142.63333333333347,151.5333333333334,177.03
2023-10-20 03:00:00,177.03,3,4,0,132.72,157.5566666666668,150.0283333333334,173.24
2023-10-20 04:00:00,173.24,4,4,0,177.03,160.9966666666668,153.8866666666667,177.3
2023-10-20 05:00:00,177.3,5,4,0,173.24,175.85666666666683,159.24500000000003,143.77
2023-10-20 06:00:00,143.77,6,4,0,177.3,164.77000000000018,161.16333333333338,508.71
2023-10-20 07:00:00,508.71,7,4,0,143.77,276.5933333333335,218.79500000000004,492.91
2023-10-20 08:00:00,492.91,8,4,0,508.71,381.7966666666668,278.8266666666667,785.73
2023-10-20 09:00:00,785.73,9,4,0,492.91,595.7833333333334,380.2766666666667,789.12
2023-10-20 10:00:00,789.12,10,4,0,785.73,689.2533333333334,482.9233333333334,835.97
2023-10-20 11:00:00,835.97,11,4,0,789.12,803.6066666666669,592.7016666666667,877.12
2023-10-20 12:00:00,877.12,12,4,0,835.97,834.0700000000002,714.9266666666667,850.75
2023-10-20 13:00:00,850.75,13,4,0,877.12,854.6133333333336,771.9333333333334,844.09
2023-10-20 14:00:00,844.09,14,4,0,850.75,857.3200000000002,830.4633333333335,836.59
2023-10-20 15:00:00,836.59,15,4,0,844.09,843.8100000000003,838.94,844.86
2023-10-20 16:00:00,844.86,16,4,0,836.59,841.8466666666669,848.23,862.92
2023-10-20 17:00:00,862.92,17,4,0,844.86,848.1233333333334,852.7216666666667,844.64
2023-10-20 18:00:00,844.64,18,4,0,862.92,850.8066666666667,847.3083333333334,488.43
2023-10-20 19:00:00,488.43,19,4,0,844.64,731.9966666666668,786.9216666666666,482.06
2023-10-20 20:00:00,482.06,20,4,0,488.43,605.0433333333334,726.5833333333334,198.07
2023-10-20 21:00:00,198.07,21,4,0,482.06,389.52000000000015,620.1633333333333,180.89
2023-10-20 22:00:00,180.89,22,4,0,198.07,287.00666666666683,509.5016666666667,170.7
2023-10-20 23:00:00,170.7,23,4,0,180.89,183.22000000000014,394.13166666666666,237.84
2023-10-21 00:00:00,237.84,0,5,1,170.7,196.4766666666668,292.99833333333333,231.25
2023-10-21 01:00:00,231.25,1,5,1,237.84,213.26333333333346,250.13500000000002,217.77
2023-10-21 02:00:00,217.77,2,5,1,231.25,228.9533333333335,206.0866666666667,262.93
2023-10-21 03:00:00,262.93,3,5,1,217.77,237.31666666666683,216.89666666666673,242.72
2023-10-21 04:00:00,242.72,4,5,1,262.93,241.14000000000013,227.2016666666667,241.18
2023-10-21 05:00:00,241.18,5,5,1,242.72,248.9433333333335,238.94833333333335,237.15
2023-10-21 06:00:00,237.15,6,5,1,241.18,240.35000000000014,238.83333333333337,255.74
2023-10-21 07:00:00,255.74,7,5,1,237.15,244.69000000000014,242.91500000000005,268.58
2023-10-21 08:00:00,268.58,8,5,1,255.74,253.8233333333335,251.38333333333335,233.7
2023-10-21 09:00:00,233.7,9,5,1,268.58,252.6733333333335,246.51166666666668,227.22
2023-10-21 10:00:00,227.22,10,5,1,233.7,243.16666666666683,243.92833333333337,241.3
2023-10-21 11:00:00,241.3,11,5,1,227.22,234.0733333333335,243.94833333333338,237.19
2023-10-21 12:00:00,237.19,12,5,1,241.3,235.23666666666682,243.95500000000004,237.02
2023-10-21 13:00:00,237.02,13,5,1,237.19,238.50333333333347,240.83500000000004,229.56
2023-10-21 14:00:00,229.56,14,5,1,237.02,234.59000000000015,234.3316666666667,250.88
2023-10-21 15:00:00,250.88,15,5,1,229.56,239.1533333333335,237.19500000000005,228.2
2023-10-21 16:00:00,228.2,16,5,1,250.88,236.21333333333348,237.35833333333335,241.82
2023-10-21 17:00:00,241.82,17,5,1,228.2,240.30000000000015,237.44500000000005,240.79
2023-10-21 18:00:00,240.79,18,5,1,241.82,236.9366666666668,238.04500000000004,266.7
2023-10-21 19:00:00,266.7,19,5,1,240.79,249.77000000000012,242.9916666666667,201.35
2023-10-21 20:00:00,201.35,20,5,1,266.7,236.28000000000017,238.29000000000005,202.79
2023-10-21 21:00:00,202.79,21,5,1,201.35,223.6133333333335,230.275,236.36
2023-10-21 22:00:00,236.36,22,5,1,202.79,213.50000000000014,231.63500000000008,251.41
2023-10-21 23:00:00,251.41,23,5,1,236.36,230.1866666666668,233.23333333333335,239.71
2023-10-22 00:00:00,239.71,0,6,1,251.41,242.49333333333348,233.05333333333337,238.83
2023-10-22 01:00:00,238.83,1,6,1,239.71,243.31666666666683,228.4083333333334,235.29
2023-10-22 02:00:00,235.29,2,6,1,238.83,237.9433333333335,234.06500000000005,248.44
2023-10-22 03:00:00,248.44,3,6,1,235.29,240.85333333333347,241.67333333333337,230.19
2023-10-22 04:00:00,230.19,4,6,1,248.44,237.97333333333347,240.64500000000007,219.96
2023-10-22 05:00:00,219.96,5,6,1,230.19,232.8633333333335,235.4033333333334,227.33
2023-10-22 06:00:00,227.33,6,6,1,219.96,225.82666666666682,233.34000000000003,215.65
2023-10-22 07:00:00,215.65,7,6,1,227.33,220.98000000000016,229.47666666666672,256.55
2023-10-22 08:00:00,256.55,8,6,1,215.65,233.17666666666682,233.02,253.56
2023-10-22 09:00:00,253.56,9,6,1,256.55,241.92000000000016,233.87333333333336,212.28
2023-10-22 10:00:00,212.28,10,6,1,253.56,240.79666666666682,230.88833333333335,240.51
2023-10-22 11:00:00,240.51,11,6,1,212.28,235.45000000000013,234.31333333333336,244.6
2023-10-22 12:00:00,244.6,12,6,1,240.51,232.46333333333345,237.19166666666672,252.23
2023-10-22 13:00:00,252.23,13,6,1,244.6,245.78000000000011,243.28833333333338,231.26
2023-10-22 14:00:00,231.26,14,6,1,252.23,242.6966666666668,239.07333333333338,221.93
2023-10-22 15:00:00,221.93,15,6,1,231.26,235.14000000000013,233.8016666666667,240.24
2023-10-22 16:00:00,240.24,16,6,1,221.93,231.14333333333346,238.4616666666667,250.99
2023-10-22 17:00:00,250.99,17,6,1,240.24,237.72000000000014,240.20833333333337,235.15
2023-10-22 18:00:00,235.15,18,6,1,250.99,242.1266666666668,238.63333333333335,235.49
2023-10-22 19:00:00,235.49,19,6,1,235.15,240.5433333333335,235.84333333333336,239.45
2023-10-22 20:00:00,239.45,20,6,1,235.49,236.6966666666668,237.20833333333337,228.15
2023-10-22 21:00:00,228.15,21,6,1,239.45,234.36333333333346,238.24500000000003,232.69
2023-10-22 22:00:00,232.69,22,6,1,228.15,233.43000000000015,236.9866666666667,246.5
2023-10-22 23:00:00,246.5,23,6,1,232.69,235.78000000000011,236.23833333333337,182.97
2023-10-23 00:00:00,182.97,0,0,0,246.5,220.72000000000014,227.5416666666667,166.7
2023-10-23 01:00:00,166.7,1,0,0,182.97,198.72333333333344,216.0766666666667,163.16
2023-10-23 02:00:00,163.16,2,0,0,166.7,170.94333333333347,203.36166666666668,153.96
2023-10-23 03:00:00,153.96,3,0,0,163.16,161.27333333333345,190.9966666666667,152.88
2023-10-23 04:00:00,152.88,4,0,0,153.96,156.6666666666668,177.69500000000005,155.26
2023-10-23 05:00:00,155.26,5,0,0,152.88,154.03333333333345,162.48833333333337,171.25
2023-10-23 06:00:00,171.25,6,0,0,155.26,159.7966666666668,160.53500000000005,476.24
2023-10-23 07:00:00,476.24,7,0,0,171.25,267.5833333333335,212.12500000000003,503.6
2023-10-23 08:00:00,503.6,8,0,0,476.24,383.6966666666668,268.86500000000007,809.66
2023-10-23 09:00:00,809.66,9,0,0,503.6,596.5000000000001,378.14833333333337,842.38
2023-10-23 10:00:00,842.38,10,0,0,809.66,718.5466666666667,493.06500000000005,792.7
2023-10-23 11:00:00,792.7,11,0,0,842.38,814.9133333333335,599.3050000000001,847.22
2023-10-23 12:00:00,847.22,12,0,0,792.7,827.4333333333335,711.9666666666667,877.01
2023-10-23 13:00:00,877.01,13,0,0,847.22,838.9766666666668,778.7616666666668,870.97
2023-10-23 14:00:00,870.97,14,0,0,877.01,865.066666666667,839.9899999999999,813.96
2023-10-23 15:00:00,813.96,15,0,0,870.97,853.9800000000001,840.7066666666666,860.78
2023-10-23 16:00:00,860.78,16,0,0,813.96,848.5700000000002,843.7733333333334,824.29
2023-10-23 17:00:00,824.29,17,0,0,860.78,833.0100000000001,849.0383333333334,812.84
2023-10-23 18:00:00,812.84,18,0,0,824.29,832.6366666666668,843.3083333333334,491.01
2023-10-23 19:00:00,491.01,19,0,0,812.84,709.3800000000001,778.975,498.9
2023-10-23 20:00:00,498.9,20,0,0,491.01,600.9166666666669,716.9633333333335,125.4
2023-10-23 21:00:00,125.4,21,0,0,498.9,371.77000000000015,602.2033333333334,199.42
2023-10-23 22:00:00,199.42,22,0,0,125.4,274.5733333333335,491.9766666666667,159.44
2023-10-23 23:00:00,159.44,23,0,0,199.42,161.42000000000016,381.16833333333335,161.16
2023-10-24 00:00:00,161.16,0,1,0,159.44,173.34000000000015,272.555,184.47
2023-10-24 01:00:00,184.47,1,1,0,161.16,168.35666666666683,221.46500000000003,155.65
2023-10-24 02:00:00,155.65,2,1,0,184.47,167.09333333333348,164.2566666666667,140.99
2023-10-24 03:00:00,140.99,3,1,0,155.65,160.37000000000015,166.85500000000005,174.61
2023-10-24 04:00:00,174.61,4,1,0,140.99,157.08333333333348,162.72000000000006,149.98
2023-10-24 05:00:00,149.98,5,1,0,174.61,155.1933333333335,161.14333333333337,147.9
2023-10-24 06:00:00,147.9,6,1,0,149.98,157.4966666666668,158.93333333333337,468.81
2023-10-24 07:00:00,468.81,7,1,0,147.9,255.5633333333335,206.32333333333338,462.05
2023-10-24 08:00:00,462.05,8,1,0,468.81,359.5866666666668,257.39000000000004,802.7
2023-10-24 09:00:00,802.7,9,1,0,462.05,577.8533333333335,367.675,825.8
2023-10-24 10:00:00,825.8,10,1,0,802.7,696.8500000000003,476.2066666666667,847.12
2023-10-24 11:00:00,847.12,11,1,0,825.8,825.2066666666668,592.3966666666666,877.52
2023-10-24 12:00:00,877.52,12,1,0,847.12,850.1466666666669,714.0,898.74
2023-10-24 13:00:00,898.74,13,1,0,877.52,874.46,785.6550000000001,860.34
2023-10-24 14:00:00,860.34,14,1,0,898.74,878.8666666666668,852.0366666666667,863.37
2023-10-24 15:00:00,863.37,15,1,0,860.34,874.1500000000002,862.1483333333334,855.19
2023-10-24 16:00:00,855.19,16,1,0,863.37,859.6333333333336,867.0466666666666,834.8
2023-10-24 17:00:00,834.8,17,1,0,855.19,851.1200000000002,864.9933333333333,818.85
2023-10-24 18:00:00,818.85,18,1,0,834.8,836.2800000000002,855.2150000000001,511.16
2023-10-24 19:00:00,511.16,19,1,0,818.85,721.6033333333335,790.6183333333333,505.58
2023-10-24 20:00:00,505.58,20,1,0,511.16,611.8633333333333,731.4916666666668,145.84
2023-10-24 21:00:00,145.84,21,1,0,505.58,387.5266666666668,611.9033333333334,122.69
2023-10-24 22:00:00,122.69,22,1,0,145.84,258.03666666666675,489.8200000000001,153.01
2023-10-24 23:00:00,153.01,23,1,0,122.69,140.51333333333343,376.18833333333333,181.42
2023-10-25 00:00:00,181.42,0,2,0,153.01,152.37333333333342,269.95000000000005,163.49
2023-10-25 01:00:00,163.49,1,2,0,181.42,165.97333333333344,212.00500000000002,186.8
2023-10-25 02:00:00,186.8,2,2,0,163.49,177.23666666666676,158.87500000000003,162.06
2023-10-25 03:00:00,162.06,3,2,0,186.8,170.78333333333345,161.57833333333338,193.59
2023-10-25 04:00:00,193.59,4,2,0,162.06,180.8166666666668,173.39500000000007,181.31
2023-10-25 05:00:00,181.31,5,2,0,193.59,178.9866666666668,178.1116666666667,161.83
2023-10-25 06:00:00,161.83,6,2,0,181.31,178.9100000000001,174.8466666666667,493.63
2023-10-25 07:00:00,493.63,7,2,0,161.83,278.92333333333346,229.87000000000003,480.39
2023-10-25 08:00:00,480.39,8,2,0,493.63,378.6166666666668,278.8016666666667,751.8
2023-10-25 09:00:00,751.8,9,2,0,480.39,575.2733333333334,377.0916666666667,850.94
2023-10-25 10:00:00,850.94,10,2,0,751.8,694.3766666666667,486.65000000000003,829.7
2023-10-25 11:00:00,829.7,11,2,0,850.94,810.8133333333335,594.715,861.68
2023-10-25 12:00:00,861.68,12,2,0,829.7,847.4400000000002,711.3566666666667,854.14
2023-10-25 13:00:00,854.14,13,2,0,861.68,848.5066666666668,771.4416666666666,855.81
2023-10-25 14:00:00,855.81,14,2,0,854.14,857.21,834.0116666666667,877.2
2023-10-25 15:00:00,877.2,15,2,0,855.81,862.3833333333336,854.9116666666667,828.66
2023-10-25 16:00:00,828.66,16,2,0,877.2,853.89,851.1983333333333,809.56
2023-10-25 17:00:00,809.56,17,2,0,828.66,838.4733333333334,847.8416666666667,800.39
2023-10-25 18:00:00,800.39,18,2,0,809.56,812.87,837.6266666666667,493.07
2023-10-25 19:00:00,493.07,19,2,0,800.39,701.0066666666668,777.4483333333334,480.45
2023-10-25 20:00:00,480.45,20,2,0,493.07,591.3033333333334,714.8883333333333,190.84
2023-10-25 21:00:00,190.84,21,2,0,480.45,388.1200000000001,600.495,180.03
2023-10-25 22:00:00,180.03,22,2,0,190.84,283.7733333333335,492.39000000000004,147.67
2023-10-25 23:00:00,147.67,23,2,0,180.03,172.84666666666678,382.07500000000005,128.62
2023-10-26 00:00:00,128.62,0,3,0,147.67,152.10666666666677,270.1133333333334,147.85
2023-10-26 01:00:00,147.85,1,3,0,128.62,141.3800000000001,212.5766666666667,150.84
2023-10-26 02:00:00,150.84,2,3,0,147.85,142.4366666666668,157.6416666666667,133.91
2023-10-26 03:00:00,133.91,3,3,0,150.84,144.20000000000013,148.15333333333336,122.55
2023-10-26 04:00:00,122.55,4,3,0,133.91,135.7666666666668,138.57333333333335,181.66
2023-10-26 05:00:00,181.66,5,3,0,122.55,146.0400000000001,144.23833333333337,160.46
2023-10-26 06:00:00,160.46,6,3,0,181.66,154.8900000000001,149.54500000000004,488.58
2023-10-26 07:00:00,488.58,7,3,0,160.46,276.9000000000001,206.33333333333337,469.63
2023-10-26 08:00:00,469.63,8,3,0,488.58,372.8900000000001,259.4650000000001,803.81
2023-10-26 09:00:00,803.81,9,3,0,469.63,587.34,371.115,863.55
2023-10-26 10:00:00,863.55,10,3,0,803.81,712.33,494.615,856.62
2023-10-26 11:00:00,856.62,11,3,0,863.55,841.3266666666667,607.1083333333333,861.04
2023-10-26 12:00:00,861.04,12,3,0,856.62,860.4033333333333,723.8716666666666,904.87
2023-10-26 13:00:00,904.87,13,3,0,861.04,874.1766666666668,793.2533333333334,851.86
2023-10-26 14:00:00,851.86,14,3,0,904.87,872.5900000000001,856.9583333333334,880.44
2023-10-26 15:00:00,880.44,15,3,0,851.86,879.0566666666668,869.7300000000001,847.46
2023-10-26 16:00:00,847.46,16,3,0,880.44,859.9200000000002,867.0483333333335,858.57
2023-10-26 17:00:00,858.57,17,3,0,847.46,862.1566666666668,867.3733333333334,815.12
2023-10-26 18:00:00,815.12,18,3,0,858.57,840.3833333333336,859.7200000000001,477.8
2023-10-26 19:00:00,477.8,19,3,0,815.12,717.1633333333334,788.5416666666669,448.27
2023-10-26 20:00:00,448.27,20,3,0,477.8,580.3966666666668,721.2766666666666,167.71
2023-10-26 21:00:00,167.71,21,3,0,448.27,364.5933333333335,602.4883333333335,141.58
2023-10-26 22:00:00,141.58,22,3,0,167.71,252.52000000000012,484.8416666666667,150.33
2023-10-26 23:00:00,150.33,23,3,0,141.58,153.2066666666668,366.80166666666673,173.87
2023-10-27 00:00:00,173.87,0,4,0,150.33,155.2600000000001,259.9266666666667,142.84
2023-10-27 01:00:00,142.84,1,4,0,173.87,155.68000000000012,204.10000000000005,187.45
2023-10-27 02:00:00,187.45,2,4,0,142.84,168.05333333333346,160.63000000000005,154.11
2023-10-27 03:00:00,154.11,3,4,0,187.45,161.46666666666678,158.36333333333337,157.84
2023-10-27 04:00:00,157.84,4,4,0,154.11,166.46666666666678,161.07333333333338,181.68
2023-10-27 05:00:00,181.68,5,4,0,157.84,164.54333333333344,166.29833333333337,157.63
2023-10-27 06:00:00,157.63,6,4,0,181.68,165.71666666666678,163.5916666666667,471.62
2023-10-27 07:00:00,471.62,7,4,0,157.63,270.3100000000001,218.3883333333334,437.89
2023-10-27 08:00:00,437.89,8,4,0,471.62,355.7133333333334,260.1283333333334,788.04
2023-10-27 09:00:00,788.04,9,4,0,437.89,565.85,365.78333333333336,820.42
2023-10-27 10:00:00,820.42,10,4,0,788.04,682.1166666666668,476.21333333333337,828.35
2023-10-27 11:00:00,828.35,11,4,0,820.42,812.2700000000001,583.9916666666667,874.38
2023-10-27 12:00:00,874.38,12,4,0,828.35,841.0500000000002,703.4499999999999,875.55
2023-10-27 13:00:00,875.55,13,4,0,874.38,859.4266666666667,770.7716666666666,883.57
2023-10-27 14:00:00,883.57,14,4,0,875.55,877.8333333333335,845.0516666666666,862.22
2023-10-27 15:00:00,862.22,15,4,0,883.57,873.7800000000001,857.415,868.74
2023-10-27 16:00:00,868.74,16,4,0,862.22,871.5100000000002,865.4683333333332,834.98
2023-10-27 17:00:00,834.98,17,4,0,868.74,855.3133333333335,866.5733333333334,806.37
2023-10-27 18:00:00,806.37,18,4,0,834.98,836.6966666666667,855.2383333333333,460.34
2023-10-27 19:00:00,460.34,19,4,0,806.37,700.5633333333335,786.0366666666667,471.87
2023-10-27 20:00:00,471.87,20,4,0,460.34,579.5266666666668,717.4200000000001,189.99
2023-10-27 21:00:00,189.99,21,4,0,471.87,374.0666666666668,605.3816666666668,167.03
2023-10-27 22:00:00,167.03,22,4,0,189.99,276.2966666666668,488.43,176.0
2023-10-27 23:00:00,176.0,23,4,0,167.03,177.67333333333343,378.6000000000001,228.87
2023-10-28 00:00:00,228.87,0,5,1,176.0,190.63333333333344,282.35,242.37
2023-10-28 01:00:00,242.37,1,5,1,228.87,215.74666666666678,246.02166666666668,225.59
2023-10-28 02:00:00,225.59,2,5,1,242.37,232.27666666666678,204.97500000000005,252.29
2023-10-28 03:00:00,252.29,3,5,1,225.59,240.08333333333346,215.35833333333338,248.71
2023-10-28 04:00:00,248.71,4,5,1,252.29,242.1966666666668,228.97166666666672,233.27
2023-10-28 05:00:00,233.27,5,5,1,248.71,244.75666666666677,238.51666666666674,223.54
2023-10-28 06:00:00,223.54,6,5,1,233.27,235.1733333333335,237.62833333333336,255.07
2023-10-28 07:00:00,255.07,7,5,1,223.54,237.29333333333344,239.74500000000003,234.44
2023-10-28 08:00:00,234.44,8,5,1,255.07,237.68333333333348,241.22000000000003,248.18
2023-10-28 09:00:00,248.18,9,5,1,234.44,245.89666666666676,240.53500000000005,243.32
2023-10-28 10:00:00,243.32,10,5,1,248.18,241.9800000000001,239.63666666666668,211.69
2023-10-28 11:00:00,211.69,11,5,1,243.32,234.39666666666676,236.04000000000005,236.35
2023-10-28 12:00:00,236.35,12,5,1,211.69,230.45333333333346,238.17500000000004,239.67
2023-10-28 13:00:00,239.67,13,5,1,236.35,229.23666666666676,235.60833333333338,257.91
2023-10-28 14:00:00,257.91,14,5,1,239.67,244.64333333333343,239.52000000000007,215.55
2023-10-28 15:00:00,215.55,15,5,1,257.91,237.71000000000012,234.0816666666667,238.06
2023-10-28 16:00:00,238.06,16,5,1,215.55,237.1733333333335,233.20500000000004,256.39
2023-10-28 17:00:00,256.39,17,5,1,238.06,236.66666666666677,240.65500000000006,250.3
2023-10-28 18:00:00,250.3,18,5,1,256.39,248.2500000000001,242.98000000000005,204.86
2023-10-28 19:00:00,204.86,19,5,1,250.3,237.18333333333348,237.17833333333337,217.98
2023-10-28 20:00:00,217.98,20,5,1,204.86,224.3800000000001,230.5233333333334,270.18
2023-10-28 21:00:00,270.18,21,5,1,217.98,231.0066666666668,239.62833333333336,238.61
2023-10-28 22:00:00,238.61,22,5,1,270.18,242.2566666666668,239.72000000000003,236.29
2023-10-28 23:00:00,236.29,23,5,1,238.61,248.36000000000013,236.3700000000001,219.87
2023-10-29 00:00:00,219.87,0,6,1,236.29,231.59000000000015,231.29833333333337,250.66
2023-10-29 01:00:00,250.66,1,6,1,219.87,235.6066666666668,238.93166666666673,276.25
2023-10-29 02:00:00,276.25,2,6,1,250.66,248.92666666666682,248.6433333333334,250.77
2023-10-29 03:00:00,250.77,3,6,1,276.25,259.2266666666668,245.4083333333334,203.23
2023-10-29 04:00:00,203.23,4,6,1,250.77,243.41666666666683,239.51166666666668,233.85
2023-10-29 05:00:00,233.85,5,6,1,203.23,229.28333333333345,239.10500000000002,242.66
2023-10-29 06:00:00,242.66,6,6,1,233.85,226.58000000000015,242.9033333333334,213.32
2023-10-29 07:00:00,213.32,7,6,1,242.66,229.94333333333347,236.68000000000004,262.13
2023-10-29 08:00:00,262.13,8,6,1,213.32,239.37000000000012,234.32666666666668,212.37
2023-10-29 09:00:00,212.37,9,6,1,262.13,229.27333333333345,227.9266666666667,239.27
2023-10-29 10:00:00,239.27,10,6,1,212.37,237.9233333333335,233.93333333333337,253.93
2023-10-29 11:00:00,253.93,11,6,1,239.27,235.19000000000014,237.28000000000006,258.41
2023-10-29 12:00:00,258.41,12,6,1,253.93,250.53666666666683,239.90500000000006,226.35
2023-10-29 13:00:00,226.35,13,6,1,258.41,246.23000000000016,242.0766666666667,253.86
2023-10-29 14:00:00,253.86,14,6,1,226.35,246.20666666666682,240.69833333333338,264.0
2023-10-29 15:00:00,264.0,15,6,1,253.86,248.07000000000016,249.30333333333337,232.7
2023-10-29 16:00:00,232.7,16,6,1,264.0,250.1866666666668,248.20833333333337,226.68
2023-10-29 17:00:00,226.68,17,6,1,232.7,241.1266666666668,243.6666666666667,274.21
2023-10-29 18:00:00,274.21,18,6,1,226.68,244.53000000000011,246.30000000000004,247.06
2023-10-29 19:00:00,247.06,19,6,1,274.21,249.31666666666683,249.7516666666667,270.72
2023-10-29 20:00:00,270.72,20,6,1,247.06,263.99666666666684,252.56166666666672,222.74
2023-10-29 21:00:00,222.74,21,6,1,270.72,246.84000000000015,245.68500000000006,223.45
2023-10-29 22:00:00,223.45,22,6,1,222.74,238.97000000000017,244.1433333333334,244.18
2023-10-29 23:00:00,244.18,23,6,1,223.45,230.12333333333348,247.06000000000003,156.55
2023-10-30 00:00:00,156.55,0,0,0,244.18,208.06000000000017,227.45000000000005,125.55
2023-10-30 01:00:00,125.55,1,0,0,156.55,175.42666666666682,207.19833333333338,162.32
2023-10-30 02:00:00,162.32,2,0,0,125.55,148.14000000000016,189.1316666666667,183.51
2023-10-30 03:00:00,183.51,3,0,0,162.32,157.1266666666668,182.59333333333336,148.64
2023-10-30 04:00:00,148.64,4,0,0,183.51,164.82333333333347,170.12500000000003,182.77
2023-10-30 05:00:00,182.77,5,0,0,148.64,171.64000000000013,159.89000000000004,145.51
2023-10-30 06:00:00,145.51,6,0,0,182.77,158.97333333333347,158.05000000000004,466.07
2023-10-30 07:00:00,466.07,7,0,0,145.51,264.7833333333335,214.80333333333337,458.44
2023-10-30 08:00:00,458.44,8,0,0,466.07,356.67333333333346,264.1566666666667,810.93
2023-10-30 09:00:00,810.93,9,0,0,458.44,578.4800000000001,368.7266666666667,850.39
2023-10-30 10:00:00,850.39,10,0,0,810.93,706.5866666666667,485.685,858.9
2023-10-30 11:00:00,858.9,11,0,0,850.39,840.0733333333334,598.3733333333333,874.89
2023-10-30 12:00:00,874.89,12,0,0,858.9,861.3933333333334,719.9366666666666,908.23
2023-10-30 13:00:00,908.23,13,0,0,874.89,880.6733333333335,793.6300000000001,874.76
2023-10-30 14:00:00,874.76,14,0,0,908.23,885.9600000000002,863.0166666666665,900.14
2023-10-30 15:00:00,900.14,15,0,0,874.76,894.3766666666669,877.8850000000001,869.91
2023-10-30 16:00:00,869.91,16,0,0,900.14,881.6033333333335,881.1383333333333,793.51
2023-10-30 17:00:00,793.51,17,0,0,869.91,854.5200000000001,870.2400000000001,826.81
2023-10-30 18:00:00,826.81,18,0,0,793.51,830.0766666666668,862.2266666666666,478.53
2023-10-30 19:00:00,478.53,19,0,0,826.81,699.6166666666668,790.6100000000001,425.33
2023-10-30 20:00:00,425.33,20,0,0,478.53,576.8900000000001,715.705,171.77
2023-10-30 21:00:00,171.77,21,0,0,425.33,358.54333333333346,594.31,160.68
2023-10-30 22:00:00,160.68,22,0,0,171.77,252.59333333333348,476.105,185.55
2023-10-30 23:00:00,185.55,23,0,0,160.68,172.66666666666683,374.77833333333336,153.94
2023-10-31 00:00:00,153.94,0,1,0,185.55,166.7233333333335,262.6333333333334,104.87
2023-10-31 01:00:00,104.87,1,1,0,153.94,148.12000000000015,200.3566666666667,139.58
2023-10-31 02:00:00,139.58,2,1,0,104.87,132.79666666666682,152.7316666666667,181.04
2023-10-31 03:00:00,181.04,3,1,0,139.58,141.83000000000015,154.2766666666667,181.05
2023-10-31 04:00:00,181.05,4,1,0,181.04,167.2233333333335,157.6716666666667,173.96
2023-10-31 05:00:00,173.96,5,1,0,181.05,178.6833333333335,155.74000000000004,177.93
2023-10-31 06:00:00,177.93,6,1,0,173.96,177.64666666666685,159.73833333333337,487.46
2023-10-31 07:00:00,487.46,7,1,0,177.93,279.7833333333335,223.50333333333336,457.59
2023-10-31 08:00:00,457.59,8,1,0,487.46,374.3266666666668,276.50500000000005,768.24
2023-10-31 09:00:00,768.24,9,1,0,457.59,571.0966666666668,374.37166666666667,811.45
2023-10-31 10:00:00,811.45,10,1,0,768.24,679.0933333333335,479.43833333333345,858.31
2023-10-31 11:00:00,858.31,11,1,0,811.45,812.6666666666669,593.4966666666668,846.62
2023-10-31 12:00:00,846.62,12,1,0,858.31,838.7933333333335,704.945,899.07
2023-10-31 13:00:00,899.07,13,1,0,846.62,868.0000000000001,773.5466666666666,907.86
2023-10-31 14:00:00,907.86,14,1,0,899.07,884.5166666666669,848.5916666666667,872.84
2023-10-31 15:00:00,872.84,15,1,0,907.86,893.2566666666668,866.0250000000001,867.15
2023-10-31 16:00:00,867.15,16,1,0,872.84,882.6166666666668,875.3083333333334,861.68
2023-10-31 17:00:00,861.68,17,1,0,867.15,867.2233333333334,875.87,827.46
2023-10-31 18:00:00,827.46,18,1,0,861.68,852.0966666666668,872.6766666666667,491.54
2023-10-31 19:00:00,491.54,19,1,0,827.46,726.8933333333334,804.7550000000001,499.69
2023-10-31 20:00:00,499.69,20,1,0,491.54,606.2300000000001,736.7266666666668,153.1
2023-10-31 21:00:00,153.1,21,1,0,499.69,381.44333333333344,616.77,152.63
2023-10-31 22:00:00,152.63,22,1,0,153.1,268.4733333333335,497.6833333333334,155.17
2023-10-31 23:00:00,155.17,23,1,0,152.63,153.63333333333347,379.9316666666667,145.69
2023-11-01 00:00:00,145.69,0,2,0,155.17,151.16333333333347,266.30333333333334,157.22
2023-11-01 01:00:00,157.22,1,2,0,145.69,152.6933333333335,210.58333333333337,175.76
2023-11-01 02:00:00,175.76,2,2,0,157.22,159.5566666666668,156.59500000000003,159.94
2023-11-01 03:00:00,159.94,3,2,0,175.76,164.3066666666668,157.73500000000004,143.42
2023-11-01 04:00:00,143.42,4,2,0,159.94,159.7066666666668,156.20000000000002,175.63
2023-11-01 05:00:00,175.63,5,2,0,143.42,159.6633333333335,159.61000000000004,178.05
2023-11-01 06:00:00,178.05,6,2,0,175.63,165.70000000000013,165.00333333333336,444.57
2023-11-01 07:00:00,444.57,7,2,0,178.05,266.0833333333335,212.89500000000007,488.99
2023-11-01 08:00:00,488.99,8,2,0,444.57,370.53666666666686,265.1000000000001,820.44
2023-11-01 09:00:00,820.44,9,2,0,488.99,584.6666666666669,375.1833333333334,792.9
2023-11-01 10:00:00,792.9,10,2,0,820.44,700.7766666666668,483.43,865.18
2023-11-01 11:00:00,865.18,11,2,0,792.9,826.1733333333335,598.355,879.02
2023-11-01 12:00:00,879.02,12,2,0,865.18,845.7000000000002,715.1833333333334,882.81
2023-11-01 13:00:00,882.81,13,2,0,879.02,875.6700000000001,788.2233333333334,873.47
2023-11-01 14:00:00,873.47,14,2,0,882.81,878.4333333333335,852.3033333333334,830.22
2023-11-01 15:00:00,830.22,15,2,0,873.47,862.1666666666669,853.9333333333333,880.95
2023-11-01 16:00:00,880.95,16,2,0,830.22,861.546666666667,868.6083333333335,858.36
2023-11-01 17:00:00,858.36,17,2,0,880.95,856.5100000000002,867.4716666666667,786.45
2023-11-01 18:00:00,786.45,18,2,0,858.36,841.9200000000002,852.0433333333334,446.37
2023-11-01 19:00:00,446.37,19,2,0,786.45,697.0600000000001,779.3033333333333,503.65
2023-11-01 20:00:00,503.65,20,2,0,446.37,578.8233333333335,717.6666666666666,157.39
2023-11-01 21:00:00,157.39,21,2,0,503.65,369.13666666666677,605.5283333333334,150.83
2023-11-01 22:00:00,150.83,22,2,0,157.39,270.6233333333335,483.8416666666667,177.34
2023-11-01 23:00:00,177.34,23,2,0,150.83,161.8533333333335,370.33833333333337,147.47
2023-11-02 00:00:00,147.47,0,3,0,177.34,158.54666666666682,263.8416666666667,128.18
2023-11-02 01:00:00,128.18,1,3,0,147.47,150.9966666666668,210.81000000000006,147.8
2023-11-02 02:00:00,147.8,2,3,0,128.18,141.15000000000018,151.5016666666667,127.48
2023-11-02 03:00:00,127.48,3,3,0,147.8,134.48666666666682,146.5166666666667,172.18
2023-11-02 04:00:00,172.18,4,3,0,127.48,149.15333333333348,150.07500000000005,151.76
2023-11-02 05:00:00,151.76,5,3,0,172.18,150.47333333333347,145.81166666666672,176.45
2023-11-02 06:00:00,176.45,6,3,0,151.76,166.79666666666682,150.6416666666667,483.98
2023-11-02 07:00:00,483.98,7,3,0,176.45,270.7300000000002,209.9416666666667,485.93
2023-11-02 08:00:00,485.93,8,3,0,483.98,382.1200000000002,266.2966666666667,842.05
2023-11-02 09:00:00,842.05,9,3,0,485.93,603.9866666666668,385.3916666666667,836.57
2023-11-02 10:00:00,836.57,10,3,0,842.05,721.5166666666668,496.1233333333334,866.43
2023-11-02 11:00:00,866.43,11,3,0,836.57,848.3500000000003,615.235,858.95
2023-11-02 12:00:00,858.95,12,3,0,866.43,853.9833333333335,728.985,863.45
2023-11-02 13:00:00,863.45,13,3,0,858.95,862.9433333333335,792.23,857.13
2023-11-02 14:00:00,857.13,14,3,0,863.45,859.8433333333336,854.0966666666667,881.71
2023-11-02 15:00:00,881.71,15,3,0,857.13,867.4300000000002,860.7066666666668,828.01
2023-11-02 16:00:00,828.01,16,3,0,881.71,855.6166666666668,859.2800000000001,816.31
2023-11-02 17:00:00,816.31,17,3,0,828.01,842.0100000000002,850.9266666666666,807.04
2023-11-02 18:00:00,807.04,18,3,0,816.31,817.1200000000002,842.275,470.62
2023-11-02 19:00:00,470.62,19,3,0,807.04,697.9900000000001,776.8033333333333,472.92
2023-11-02 20:00:00,472.92,20,3,0,470.62,583.5266666666668,712.7683333333333,208.69
2023-11-02 21:00:00,208.69,21,3,0,472.92,384.0766666666668,600.5983333333334,142.18
2023-11-02 22:00:00,142.18,22,3,0,208.69,274.5966666666668,486.29333333333335,144.91
2023-11-02 23:00:00,144.91,23,3,0,142.18,165.26000000000013,374.3933333333334,159.5
2023-11-03 00:00:00,159.5,0,4,0,144.91,148.8633333333335,266.4700000000001,171.48
2023-11-03 01:00:00,171.48,1,4,0,159.5,158.63000000000014,216.61333333333337,131.46
2023-11-03 02:00:00,131.46,2,4,0,171.48,154.14666666666685,159.70333333333335,158.77
2023-11-03 03:00:00,158.77,3,4,0,131.46,153.9033333333335,151.38333333333335,146.94
2023-11-03 04:00:00,146.94,4,4,0,158.77,145.7233333333335,152.1766666666667,167.44
2023-11-03 05:00:00,167.44,5,4,0,146.94,157.71666666666684,155.9316666666667,155.48
2023-11-03 06:00:00,155.48,6,4,0,167.44,156.62000000000015,155.26166666666668,479.11
2023-11-03 07:00:00,479.11,7,4,0,155.48,267.3433333333335,206.5333333333334,478.25
2023-11-03 08:00:00,478.25,8,4,0,479.11,370.9466666666668,264.3316666666667,828.37
2023-11-03 09:00:00,828.37,9,4,0,478.25,595.2433333333335,375.9316666666667,853.89
2023-11-03 10:00:00,853.89,10,4,0,828.37,720.1700000000001,493.75666666666666,854.79
2023-11-03 11:00:00,854.79,11,4,0,853.89,845.6833333333334,608.3149999999999,878.53
2023-11-03 12:00:00,878.53,12,4,0,854.79,862.4033333333335,728.8233333333333,871.66
2023-11-03 13:00:00,871.66,13,4,0,878.53,868.3266666666668,794.2483333333333,900.26
2023-11-03 14:00:00,900.26,14,4,0,871.66,883.4833333333336,864.5833333333334,862.26
2023-11-03 15:00:00,862.26,15,4,0,900.26,878.0600000000001,870.2316666666667,841.47
2023-11-03 16:00:00,841.47,16,4,0,862.26,867.9966666666669,868.1616666666667,823.98
2023-11-03 17:00:00,823.98,17,4,0,841.47,842.5700000000002,863.0266666666666,824.55
2023-11-03 18:00:00,824.55,18,4,0,823.98,830.0000000000001,854.0300000000001,488.82
2023-11-03 19:00:00,488.82,19,4,0,824.55,712.4500000000002,790.2233333333334,474.46
2023-11-03 20:00:00,474.46,20,4,0,488.82,595.9433333333335,719.2566666666667,154.72
2023-11-03 21:00:00,154.72,21,4,0,474.46,372.6666666666668,601.3333333333334,153.21
2023-11-03 22:00:00,153.21,22,4,0,154.72,260.79666666666685,486.6233333333334,149.35
2023-11-03 23:00:00,149.35,23,4,0,153.21,152.42666666666685,374.185,240.1
2023-11-04 00:00:00,240.1,0,5,1,149.35,180.88666666666686,276.7766666666667,258.77
2023-11-04 01:00:00,258.77,1,5,1,240.1,216.0733333333335,238.43500000000003,228.27
2023-11-04 02:00:00,228.27,2,5,1,258.77,242.3800000000002,197.4033333333334,234.72
2023-11-04 03:00:00,234.72,3,5,1,228.27,240.58666666666684,210.73666666666668,249.01
2023-11-04 04:00:00,249.01,4,5,1,234.72,237.3333333333335,226.70333333333338,219.55
2023-11-04 05:00:00,219.55,5,5,1,249.01,234.42666666666688,238.4033333333334,204.49
2023-11-04 06:00:00,204.49,6,5,1,219.55,224.35000000000022,232.46833333333336,242.36
2023-11-04 07:00:00,242.36,7,5,1,204.49,222.13333333333352,229.73333333333338,232.16
2023-11-04 08:00:00,232.16,8,5,1,242.36,226.33666666666684,230.3816666666667,260.9
2023-11-04 09:00:00,260.9,9,5,1,232.16,245.14000000000019,234.74500000000003,244.6
2023-11-04 10:00:00,244.6,10,5,1,260.9,245.88666666666686,234.01000000000008,261.9
2023-11-04 11:00:00,261.9,11,5,1,244.6,255.80000000000018,241.06833333333338,238.19
2023-11-04 12:00:00,238.19,12,5,1,261.9,248.23000000000016,246.68500000000003,253.69
2023-11-04 13:00:00,253.69,13,5,1,238.19,251.2600000000002,248.57333333333338,216.69
2023-11-04 14:00:00,216.69,14,5,1,253.69,236.1900000000002,245.99500000000003,261.69
2023-11-04 15:00:00,261.69,15,5,1,216.69,244.02333333333354,246.1266666666667,266.08
2023-11-04 16:00:00,266.08,16,5,1,261.69,248.1533333333335,249.7066666666667,232.84
2023-11-04 17:00:00,232.84,17,5,1,266.08,253.53666666666683,244.86333333333334,215.17
2023-11-04 18:00:00,215.17,18,5,1,232.84,238.0300000000002,241.02666666666673,233.47
2023-11-04 19:00:00,233.47,19,5,1,215.17,227.1600000000002,237.65666666666672,266.57
2023-11-04 20:00:00,266.57,20,5,1,233.47,238.4033333333335,245.97000000000003,210.32
2023-11-04 21:00:00,210.32,21,5,1,266.57,236.78666666666686,237.40833333333333,245.02
2023-11-04 22:00:00,245.02,22,5,1,210.32,240.63666666666686,233.89833333333334,229.27
2023-11-04 23:00:00,229.27,23,5,1,245.02,228.20333333333352,233.30333333333337,253.99
2023-11-05 00:00:00,253.99,0,6,1,229.27,242.76000000000022,239.7733333333334,255.65
2023-11-05 01:00:00,255.65,1,6,1,253.99,246.30333333333354,243.47000000000003,233.74
2023-11-05 02:00:00,233.74,2,6,1,255.65,247.79333333333352,237.99833333333336,267.15
2023-11-05 03:00:00,267.15,3,6,1,233.74,252.18000000000018,247.47000000000003,254.7
2023-11-05 04:00:00,254.7,4,6,1,267.15,251.86333333333354,249.08333333333337,243.56
2023-11-05 05:00:00,243.56,5,6,1,254.7,255.13666666666686,251.465,245.42
2023-11-05 06:00:00,245.42,6,6,1,243.56,247.89333333333352,250.03666666666672,206.8
2023-11-05 07:00:00,206.8,7,6,1,245.42,231.92666666666685,241.895,252.99
2023-11-05 08:00:00,252.99,8,6,1,206.8,235.0700000000002,245.10333333333335,309.12
2023-11-05 09:00:00,309.12,9,6,1,252.99,256.30333333333357,252.0983333333334,260.47
2023-11-05 10:00:00,260.47,10,6,1,309.12,274.19333333333356,253.06000000000006,224.93
2023-11-05 11:00:00,224.93,11,6,1,260.47,264.8400000000002,249.95500000000004,227.55
2023-11-05 12:00:00,227.55,12,6,1,224.93,237.6500000000002,246.97666666666672,279.96
2023-11-05 13:00:00,279.96,13,6,1,227.55,244.14666666666685,259.1700000000001,252.97
2023-11-05 14:00:00,252.97,14,6,1,279.96,253.49333333333354,259.16666666666674,251.91
2023-11-05 15:00:00,251.91,15,6,1,252.97,261.6133333333335,249.6316666666667,225.8
2023-11-05 16:00:00,225.8,16,6,1,251.91,243.56000000000017,243.85333333333338,252.58
2023-11-05 17:00:00,252.58,17,6,1,225.8,243.43000000000018,248.4616666666667,256.98
2023-11-05 18:00:00,256.98,18,6,1,252.58,245.1200000000002,253.3666666666667,206.53
2023-11-05 19:00:00,206.53,19,6,1,256.98,238.69666666666686,241.12833333333336,215.22
2023-11-05 20:00:00,215.22,20,6,1,206.53,226.24333333333348,234.8366666666667,253.71
2023-11-05 21:00:00,253.71,21,6,1,215.22,225.1533333333335,235.13666666666674,241.72
2023-11-05 22:00:00,241.72,22,6,1,253.71,236.88333333333352,237.79000000000008,228.96
2023-11-05 23:00:00,228.96,23,6,1,241.72,241.4633333333335,233.85333333333338,160.98
2023-11-06 00:00:00,160.98,0,0,0,228.96,210.5533333333335,217.85333333333338,157.03
2023-11-06 01:00:00,157.03,1,0,0,160.98,182.3233333333335,209.60333333333338,156.24
2023-11-06 02:00:00,156.24,2,0,0,157.03,158.08333333333348,199.7733333333334,170.91
2023-11-06 03:00:00,170.91,3,0,0,156.24,161.39333333333352,185.97333333333336,169.1
2023-11-06 04:00:00,169.1,4,0,0,170.91,165.41666666666686,173.87000000000003,131.17
2023-11-06 05:00:00,131.17,5,0,0,169.1,157.06000000000017,157.57166666666672,133.97
2023-11-06 06:00:00,133.97,6,0,0,131.17,144.7466666666668,153.07000000000002,468.24
2023-11-06 07:00:00,468.24,7,0,0,133.97,244.46000000000015,204.93833333333336,453.14
2023-11-06 08:00:00,453.14,8,0,0,468.24,351.7833333333335,254.4216666666667,788.53
2023-11-06 09:00:00,788.53,9,0,0,453.14,569.9700000000001,357.35833333333335,856.37
2023-11-06 10:00:00,856.37,10,0,0,788.53,699.3466666666668,471.90333333333336,849.74
2023-11-06 11:00:00,849.74,11,0,0,856.37,831.5466666666667,591.6650000000001,870.91
2023-11-06 12:00:00,870.91,12,0,0,849.74,859.0066666666668,714.4883333333333,915.71
2023-11-06 13:00:00,915.71,13,0,0,870.91,878.7866666666669,789.0666666666666,897.97
2023-11-06 14:00:00,897.97,14,0,0,915.71,894.8633333333336,863.205,849.95
2023-11-06 15:00:00,849.95,15,0,0,897.97,887.8766666666669,873.4416666666666,839.38
2023-11-06 16:00:00,839.38,16,0,0,849.95,862.4333333333335,870.61,808.23
2023-11-06 17:00:00,808.23,17,0,0,839.38,832.5200000000001,863.6916666666667,776.19
2023-11-06 18:00:00,776.19,18,0,0,808.23,807.9333333333335,847.9050000000001,505.03
2023-11-06 19:00:00,505.03,19,0,0,776.19,696.4833333333336,779.4583333333335,447.5
2023-11-06 20:00:00,447.5,20,0,0,505.03,576.2400000000001,704.3800000000001,157.64
2023-11-06 21:00:00,157.64,21,0,0,447.5,370.05666666666684,588.995,164.42
2023-11-06 22:00:00,164.42,22,0,0,157.64,256.52000000000015,476.5016666666667,178.85
2023-11-06 23:00:00,178.85,23,0,0,164.42,166.97000000000014,371.605,146.66
2023-11-07 00:00:00,146.66,0,1,0,178.85,163.31000000000014,266.6833333333334,169.73
2023-11-07 01:00:00,169.73,1,1,0,146.66,165.08000000000015,210.80000000000004,150.07
2023-11-07 02:00:00,150.07,2,1,0,169.73,155.48666666666682,161.22833333333335,183.05
2023-11-07 03:00:00,183.05,3,1,0,150.07,167.61666666666682,165.46333333333337,193.47
2023-11-07 04:00:00,193.47,4,1,0,183.05,175.53000000000017,170.30500000000004,131.82
2023-11-07 05:00:00,131.82,5,1,0,193.47,169.44666666666683,162.4666666666667,129.95
2023-11-07 06:00:00,129.95,6,1,0,131.82,151.7466666666668,159.6816666666667,490.49
2023-11-07 07:00:00,490.49,7,1,0,129.95,250.75333333333347,213.14166666666674,461.67
2023-11-07 08:00:00,461.67,8,1,0,490.49,360.70333333333355,265.07500000000005,833.51
2023-11-07 09:00:00,833.51,9,1,0,461.67,595.2233333333335,373.48499999999996,843.47
2023-11-07 10:00:00,843.47,10,1,0,833.51,712.8833333333336,481.8183333333334,851.62
2023-11-07 11:00:00,851.62,11,1,0,843.47,842.8666666666668,601.785,847.22
2023-11-07 12:00:00,847.22,12,1,0,851.62,847.4366666666668,721.33,846.78
2023-11-07 13:00:00,846.78,13,1,0,847.22,848.5400000000001,780.7116666666667,913.13
2023-11-07 14:00:00,913.13,14,1,0,846.78,869.0433333333335,855.9549999999999,877.76
2023-11-07 15:00:00,877.76,15,1,0,913.13,879.2233333333334,863.3299999999999,882.24
2023-11-07 16:00:00,882.24,16,1,0,877.76,891.0433333333335,869.7916666666666,785.58
2023-11-07 17:00:00,785.58,17,1,0,882.24,848.5266666666668,858.7850000000002,789.21
2023-11-07 18:00:00,789.21,18,1,0,785.58,819.0100000000002,849.1166666666668,479.13
2023-11-07 19:00:00,479.13,19,1,0,789.21,684.6400000000002,787.8416666666668,485.84
2023-11-07 20:00:00,485.84,20,1,0,479.13,584.7266666666668,716.6266666666667,165.11
2023-11-07 21:00:00,165.11,21,1,0,485.84,376.69333333333344,597.8516666666667,146.35
2023-11-07 22:00:00,146.35,22,1,0,165.11,265.7666666666668,475.2033333333334,143.18
2023-11-07 23:00:00,143.18,23,1,0,146.35,151.54666666666682,368.1366666666667,158.31
2023-11-08 00:00:00,158.31,0,2,0,143.18,149.28000000000017,262.9866666666667,196.5
2023-11-08 01:00:00,196.5,1,2,0,158.31,165.9966666666668,215.8816666666667,165.58
2023-11-08 02:00:00,165.58,2,2,0,196.5,173.4633333333335,162.50500000000005,174.62
2023-11-08 03:00:00,174.62,3,2,0,165.58,178.90000000000018,164.09000000000006,167.22
2023-11-08 04:00:00,167.22,4,2,0,174.62,169.14000000000013,167.56833333333338,136.72
2023-11-08 05:00:00,136.72,5,2,0,167.22,159.52000000000015,166.4916666666667,151.65
2023-11-08 06:00:00,151.65,6,2,0,136.72,151.8633333333335,165.38166666666672,496.43
2023-11-08 07:00:00,496.43,7,2,0,151.65,261.60000000000014,215.37000000000003,499.63
2023-11-08 08:00:00,499.63,8,2,0,496.43,382.57000000000016,271.0450000000001,798.84
2023-11-08 09:00:00,798.84,9,2,0,499.63,598.3000000000002,375.0816666666667,835.02
2023-11-08 10:00:00,835.02,10,2,0,798.84,711.1633333333335,486.3816666666667,840.58
2023-11-08 11:00:00,840.58,11,2,0,835.02,824.8133333333335,603.6916666666667,869.76
2023-11-08 12:00:00,869.76,12,2,0,840.58,848.4533333333335,723.3766666666667,889.0
2023-11-08 13:00:00,889.0,13,2,0,869.76,866.4466666666667,788.805,858.05
2023-11-08 14:00:00,858.05,14,2,0,889.0,872.2700000000001,848.5416666666666,875.54
2023-11-08 15:00:00,875.54,15,2,0,858.05,874.1966666666667,861.3249999999999,823.03
2023-11-08 16:00:00,823.03,16,2,0,875.54,852.2066666666668,859.3266666666667,839.29
2023-11-08 17:00:00,839.29,17,2,0,823.03,845.9533333333335,859.1116666666667,789.42
2023-11-08 18:00:00,789.42,18,2,0,839.29,817.2466666666668,845.7216666666667,467.61
2023-11-08 19:00:00,467.61,19,2,0,789.42,698.7733333333335,775.4900000000001,469.07
2023-11-08 20:00:00,469.07,20,2,0,467.61,575.3666666666668,710.66,159.62
2023-11-08 21:00:00,159.62,21,2,0,469.07,365.43333333333345,591.34,153.73
2023-11-08 22:00:00,153.73,22,2,0,159.62,260.8066666666668,479.79,154.47
2023-11-08 23:00:00,154.47,23,2,0,153.73,155.94000000000014,365.65333333333336,169.12
2023-11-09 00:00:00,169.12,0,3,0,154.47,159.10666666666683,262.27000000000004,194.91
2023-11-09 01:00:00,194.91,1,3,0,169.12,172.83333333333348,216.82000000000002,155.85
2023-11-09 02:00:00,155.85,2,3,0,194.91,173.2933333333335,164.6166666666667,168.41
2023-11-09 03:00:00,168.41,3,3,0,155.85,173.0566666666668,166.08166666666668,135.69
2023-11-09 04:00:00,135.69,4,3,0,168.41,153.31666666666683,163.07500000000005,182.59
2023-11-09 05:00:00,182.59,5,3,0,135.69,162.23000000000016,167.76166666666668,180.93
2023-11-09 06:00:00,180.93,6,3,0,182.59,166.40333333333348,169.73000000000005,476.24
2023-11-09 07:00:00,476.24,7,3,0,180.93,279.92000000000013,216.61833333333337,476.74
2023-11-09 08:00:00,476.74,8,3,0,476.24,377.9700000000002,270.1,806.32
2023-11-09 09:00:00,806.32,9,3,0,476.74,586.4333333333335,376.41833333333335,819.67
2023-11-09 10:00:00,819.67,10,3,0,806.32,700.9100000000002,490.415,839.89
2023-11-09 11:00:00,839.89,11,3,0,819.67,821.9600000000002,599.965,856.98
2023-11-09 12:00:00,856.98,12,3,0,839.89,838.8466666666668,712.64,881.41
2023-11-09 13:00:00,881.41,13,3,0,856.98,859.4266666666668,780.1683333333334,891.9
2023-11-09 14:00:00,891.9,14,3,0,881.41,876.7633333333334,849.3616666666668,850.81
2023-11-09 15:00:00,850.81,15,3,0,891.9,874.7066666666668,856.7766666666666,868.07
2023-11-09 16:00:00,868.07,16,3,0,850.81,870.2600000000002,864.8433333333332,843.82
2023-11-09 17:00:00,843.82,17,3,0,868.07,854.2333333333335,865.4983333333334,784.96
2023-11-09 18:00:00,784.96,18,3,0,843.82,832.2833333333334,853.495,481.79
2023-11-09 19:00:00,481.79,19,3,0,784.96,703.5233333333335,786.8916666666668,495.43
2023-11-09 20:00:00,495.43,20,3,0,481.79,587.3933333333334,720.8133333333334,170.57
2023-11-09 21:00:00,170.57,21,3,0,495.43,382.5966666666668,607.44,133.96
2023-11-09 22:00:00,133.96,22,3,0,170.57,266.6533333333335,485.0883333333334,166.55
2023-11-09 23:00:00,166.55,23,3,0,133.96,157.02666666666684,372.21000000000004,151.44
2023-11-10 00:00:00,151.44,0,4,0,166.55,150.65000000000018,266.6233333333334,181.35
2023-11-10 01:00:00,181.35,1,4,0,151.44,166.4466666666668,216.55000000000004,167.99
2023-11-10 02:00:00,167.99,2,4,0,181.35,166.92666666666682,161.97666666666672,164.89
2023-11-10 03:00:00,164.89,3,4,0,167.99,171.41000000000017,161.03000000000003,138.82
2023-11-10 04:00:00,138.82,4,4,0,164.89,157.2333333333335,161.84000000000003,168.3
2023-11-10 05:00:00,168.3,5,4,0,138.82,157.33666666666682,162.1316666666667,143.09
2023-11-10 06:00:00,143.09,6,4,0,168.3,150.07000000000016,160.74000000000004,469.69
2023-11-10 07:00:00,469.69,7,4,0,143.09,260.3600000000001,208.7966666666667,456.23
2023-11-10 08:00:00,456.23,8,4,0,469.69,356.3366666666668,256.8366666666667,817.22
2023-11-10 09:00:00,817.22,9,4,0,456.23,581.0466666666667,365.5583333333334,805.21
2023-11-10 10:00:00,805.21,10,4,0,817.22,692.8866666666668,476.62333333333345,869.16
2023-11-10 11:00:00,869.16,11,4,0,805.21,830.5300000000001,593.4333333333334,878.82
2023-11-10 12:00:00,878.82,12,4,0,869.16,851.0633333333335,716.055,885.1
2023-11-10 13:00:00,885.1,13,4,0,878.82,877.6933333333335,785.2900000000001,857.4
2023-11-10 14:00:00,857.4,14,4,0,885.1,873.7733333333335,852.1516666666666,879.32
2023-11-10 15:00:00,879.32,15,4,0,857.4,873.9400000000002,862.5016666666669,854.85
2023-11-10 16:00:00,854.85,16,4,0,879.32,863.8566666666669,870.7750000000001,816.74
2023-11-10 17:00:00,816.74,17,4,0,854.85,850.3033333333334,862.0383333333333,817.42
2023-11-10 18:00:00,817.42,18,4,0,816.74,829.6700000000001,851.805,478.8
2023-11-10 19:00:00,478.8,19,4,0,817.42,704.3200000000002,784.0883333333333,479.69
2023-11-10 20:00:00,479.69,20,4,0,478.8,591.9700000000001,721.1366666666668,169.93
2023-11-10 21:00:00,169.93,21,4,0,479.69,376.1400000000001,602.9050000000001,151.47
2023-11-10 22:00:00,151.47,22,4,0,169.93,267.03000000000014,485.675,167.63
2023-11-10 23:00:00,167.63,23,4,0,151.47,163.0100000000001,377.49000000000007,272.67
2023-11-11 00:00:00,272.67,0,5,1,167.63,197.2566666666668,286.69833333333344,264.01
2023-11-11 01:00:00,264.01,1,5,1,272.67,234.77000000000012,250.9,227.09
2023-11-11 02:00:00,227.09,2,5,1,264.01,254.59000000000012,208.80000000000004,222.92
2023-11-11 03:00:00,222.92,3,5,1,227.09,238.0066666666668,217.63166666666675,237.78
2023-11-11 04:00:00,237.78,4,5,1,222.92,229.26333333333346,232.01666666666674,279.77
2023-11-11 05:00:00,279.77,5,5,1,237.78,246.82333333333347,250.7066666666667,284.28
2023-11-11 06:00:00,284.28,6,5,1,279.77,267.2766666666668,252.64166666666665,262.85
2023-11-11 07:00:00,262.85,7,5,1,284.28,275.6333333333335,252.44833333333338,288.26
2023-11-11 08:00:00,288.26,8,5,1,262.85,278.4633333333335,262.6433333333334,227.48
2023-11-11 09:00:00,227.48,9,5,1,288.26,259.53000000000014,263.40333333333336,261.98
2023-11-11 10:00:00,261.98,10,5,1,227.48,259.2400000000002,267.43666666666667,246.8
2023-11-11 11:00:00,246.8,11,5,1,261.98,245.42000000000016,261.9416666666667,260.55
2023-11-11 12:00:00,260.55,12,5,1,246.8,256.4433333333335,257.98666666666674,236.29
2023-11-11 13:00:00,236.29,13,5,1,260.55,247.88000000000014,253.56000000000006,248.49
2023-11-11 14:00:00,248.49,14,5,1,236.29,248.4433333333335,246.93166666666673,242.37
2023-11-11 15:00:00,242.37,15,5,1,248.49,242.38333333333347,249.41333333333338,227.02
2023-11-11 16:00:00,227.02,16,5,1,242.37,239.29333333333352,243.5866666666667,241.8
2023-11-11 17:00:00,241.8,17,5,1,227.02,237.0633333333335,242.75333333333342,242.06
2023-11-11 18:00:00,242.06,18,5,1,241.8,236.96000000000018,239.6716666666667,222.54
2023-11-11 19:00:00,222.54,19,5,1,242.06,235.4666666666668,237.38000000000002,252.78
2023-11-11 20:00:00,252.78,20,5,1,222.54,239.1266666666668,238.09500000000003,230.06
2023-11-11 21:00:00,230.06,21,5,1,252.78,235.1266666666668,236.04333333333338,257.25
2023-11-11 22:00:00,257.25,22,5,1,230.06,246.69666666666683,241.0816666666667,234.74
2023-11-11 23:00:00,234.74,23,5,1,257.25,240.68333333333348,239.905,221.53
2023-11-12 00:00:00,221.53,0,6,1,234.74,237.84000000000015,236.48333333333335,271.32
2023-11-12 01:00:00,271.32,1,6,1,221.53,242.53000000000017,244.61333333333337,214.08
2023-11-12 02:00:00,214.08,2,6,1,271.32,235.64333333333352,238.16333333333338,244.92
2023-11-12 03:00:00,244.92,3,6,1,214.08,243.44000000000017,240.64000000000001,239.3
2023-11-12 04:00:00,239.3,4,6,1,244.92,232.7666666666668,237.6483333333334,237.01
2023-11-12 05:00:00,237.01,5,6,1,239.3,240.41000000000017,238.02666666666673,233.2
2023-11-12 06:00:00,233.2,6,6,1,237.01,236.50333333333347,239.97166666666672,275.56
2023-11-12 07:00:00,275.56,7,6,1,233.2,248.59000000000015,240.67833333333337,244.2
2023-11-12 08:00:00,244.2,8,6,1,275.56,250.98666666666682,245.69833333333335,223.79
2023-11-12 09:00:00,223.79,9,6,1,244.2,247.85000000000014,242.1766666666667,252.07
2023-11-12 10:00:00,252.07,10,6,1,223.79,240.02000000000012,244.30500000000004,222.69
2023-11-12 11:00:00,222.69,11,6,1,252.07,232.85000000000014,241.91833333333338,249.51
2023-11-12 12:00:00,249.51,12,6,1,222.69,241.4233333333335,244.63666666666674,236.11
2023-11-12 13:00:00,236.11,13,6,1,249.51,236.10333333333347,238.0616666666667,236.71
2023-11-12 14:00:00,236.71,14,6,1,236.11,240.77666666666684,236.81333333333336,256.1
2023-11-12 15:00:00,256.1,15,6,1,236.71,242.9733333333335,242.19833333333335,240.21
2023-11-12 16:00:00,240.21,16,6,1,256.1,244.34000000000017,240.2216666666667,257.8
2023-11-12 17:00:00,257.8,17,6,1,240.21,251.37000000000015,246.07333333333335,242.03
2023-11-12 18:00:00,242.03,18,6,1,257.8,246.68000000000015,244.8266666666667,228.16
2023-11-12 19:00:00,228.16,19,6,1,242.03,242.6633333333335,243.5016666666667,225.54
2023-11-12 20:00:00,225.54,20,6,1,228.16,231.91000000000017,241.64000000000001,226.88
2023-11-12 21:00:00,226.88,21,6,1,225.54,226.86000000000016,236.77000000000007,198.88
2023-11-12 22:00:00,198.88,22,6,1,226.88,217.10000000000014,229.8816666666667,207.06
2023-11-12 23:00:00,207.06,23,6,1,198.88,210.94000000000017,221.42500000000007,125.36
2023-11-13 00:00:00,125.36,0,0,0,207.06,177.10000000000016,201.98000000000002,176.5
2023-11-13 01:00:00,176.5,1,0,0,125.36,169.64000000000016,193.37000000000003,147.06
2023-11-13 02:00:00,147.06,2,0,0,176.5,149.64000000000016,180.29000000000005,156.11
2023-11-13 03:00:00,156.11,3,0,0,147.06,159.89000000000016,168.49500000000003,176.2
2023-11-13 04:00:00,176.2,4,0,0,156.11,159.79000000000016,164.71500000000003,155.5
2023-11-13 05:00:00,155.5,5,0,0,176.2,162.6033333333335,156.1216666666667,169.38
2023-11-13 06:00:00,169.38,6,0,0,155.5,167.0266666666668,163.45833333333337,512.01
2023-11-13 07:00:00,512.01,7,0,0,169.38,278.9633333333335,219.3766666666667,480.08
2023-11-13 08:00:00,480.08,8,0,0,512.01,387.1566666666668,274.88000000000005,792.04
2023-11-13 09:00:00,792.04,9,0,0,480.08,594.7100000000002,380.86833333333334,826.44
2023-11-13 10:00:00,826.44,10,0,0,792.04,699.5200000000001,489.24166666666673,872.21
2023-11-13 11:00:00,872.21,11,0,0,826.44,830.2300000000001,608.6933333333334,859.03
2023-11-13 12:00:00,859.03,12,0,0,872.21,852.5600000000003,723.6350000000001,859.25
2023-11-13 13:00:00,859.25,13,0,0,859.03,863.4966666666669,781.5083333333333,889.34
2023-11-13 14:00:00,889.34,14,0,0,859.25,869.2066666666669,849.7183333333334,854.34
2023-11-13 15:00:00,854.34,15,0,0,889.34,867.6433333333335,860.1016666666668,851.94
2023-11-13 16:00:00,851.94,16,0,0,854.34,865.2066666666669,864.3516666666668,868.16
2023-11-13 17:00:00,868.16,17,0,0,851.94,858.1466666666669,863.6766666666667,811.1
2023-11-13 18:00:00,811.1,18,0,0,868.16,843.7333333333336,855.6883333333335,447.87
2023-11-13 19:00:00,447.87,19,0,0,811.1,709.0433333333335,787.1250000000001,489.97
2023-11-13 20:00:00,489.97,20,0,0,447.87,582.9800000000002,720.5633333333334,153.22
2023-11-13 21:00:00,153.22,21,0,0,489.97,363.6866666666669,603.71,156.24
2023-11-13 22:00:00,156.24,22,0,0,153.22,266.47666666666686,487.76000000000005,182.67
2023-11-13 23:00:00,182.67,23,0,0,156.24,164.04333333333352,373.5116666666667,177.7
2023-11-14 00:00:00,177.7,0,1,0,182.67,172.20333333333352,267.94500000000005,172.55
2023-11-14 01:00:00,172.55,1,1,0,177.7,177.64000000000019,222.05833333333337,141.6
2023-11-14 02:00:00,141.6,2,1,0,172.55,163.9500000000002,163.9966666666667,170.91
2023-11-14 03:00:00,170.91,3,1,0,141.6,161.68666666666687,166.94500000000002,142.26
2023-11-14 04:00:00,142.26,4,1,0,170.91,151.59000000000017,164.61500000000004,158.79
2023-11-14 05:00:00,158.79,5,1,0,142.26,157.32000000000016,160.63500000000002,158.91
2023-11-14 06:00:00,158.91,6,1,0,158.79,153.3200000000002,157.50333333333336,508.02
2023-11-14 07:00:00,508.02,7,1,0,158.91,275.2400000000002,213.41500000000005,497.04
2023-11-14 08:00:00,497.04,8,1,0,508.02,387.99000000000024,272.65500000000003,782.09
2023-11-14 09:00:00,782.09,9,1,0,497.04,595.7166666666668,374.5183333333334,796.57
2023-11-14 10:00:00,796.57,10,1,0,782.09,691.9000000000002,483.5700000000001,841.67
2023-11-14 11:00:00,841.67,11,1,0,796.57,806.776666666667,597.3833333333333,876.93
2023-11-14 12:00:00,876.93,12,1,0,841.67,838.3900000000002,717.0533333333333,905.43
2023-11-14 13:00:00,905.43,13,1,0,876.93,874.6766666666668,783.2883333333334,887.27
2023-11-14 14:00:00,887.27,14,1,0,905.43,889.8766666666667,848.3266666666667,862.09
2023-11-14 15:00:00,862.09,15,1,0,887.27,884.9300000000002,861.66,846.61
2023-11-14 16:00:00,846.61,16,1,0,862.09,865.3233333333336,870.0,813.07
2023-11-14 17:00:00,813.07,17,1,0,846.61,840.5900000000003,865.2333333333335,839.81
2023-11-14 18:00:00,839.81,18,1,0,813.07,833.1633333333335,859.0466666666666,492.73
2023-11-14 19:00:00,492.73,19,1,0,839.81,715.2033333333335,790.2633333333334,496.86
2023-11-14 20:00:00,496.86,20,1,0,492.73,609.8000000000002,725.195,162.0
2023-11-14 21:00:00,162.0,21,1,0,496.86,383.8633333333335,608.5133333333333,169.46
2023-11-14 22:00:00,169.46,22,1,0,162.0,276.10666666666685,495.65500000000003,161.43
2023-11-14 23:00:00,161.43,23,1,0,169.46,164.29666666666685,387.0483333333334,184.5
2023-11-15 00:00:00,184.5,0,2,0,161.43,171.79666666666685,277.83000000000004,128.76
2023-11-15 01:00:00,128.76,1,2,0,184.5,158.23000000000016,217.16833333333338,142.64
2023-11-15 02:00:00,142.64,2,2,0,128.76,151.96666666666684,158.1316666666667,183.41
2023-11-15 03:00:00,183.41,3,2,0,142.64,151.60333333333352,161.70000000000005,162.52
2023-11-15 04:00:00,162.52,4,2,0,183.41,162.85666666666683,160.54333333333338,186.68
2023-11-15 05:00:00,186.68,5,2,0,162.52,177.53666666666686,164.7516666666667,123.41
2023-11-15 06:00:00,123.41,6,2,0,186.68,157.53666666666686,154.57000000000005,459.32
2023-11-15 07:00:00,459.32,7,2,0,123.41,256.4700000000002,209.66333333333338,460.74
2023-11-15 08:00:00,460.74,8,2,0,459.32,347.8233333333335,262.68,804.34
2023-11-15 09:00:00,804.34,9,2,0,460.74,574.8000000000002,366.16833333333335,836.37
2023-11-15 10:00:00,836.37,10,2,0,804.34,700.4833333333336,478.47666666666674,855.13
2023-11-15 11:00:00,855.13,11,2,0,836.37,831.9466666666668,589.885,860.78
2023-11-15 12:00:00,860.78,12,2,0,855.13,850.7600000000002,712.7800000000001,904.99
2023-11-15 13:00:00,904.99,13,2,0,860.78,873.6333333333336,787.0583333333334,895.72
2023-11-15 14:00:00,895.72,14,2,0,904.99,887.1633333333335,859.5550000000002,865.96
2023-11-15 15:00:00,865.96,15,2,0,895.72,888.8900000000002,869.8250000000002,800.45
2023-11-15 16:00:00,800.45,16,2,0,865.96,854.0433333333335,863.8383333333333,828.88
2023-11-15 17:00:00,828.88,17,2,0,800.45,831.7633333333337,859.4633333333335,794.38
2023-11-15 18:00:00,794.38,18,2,0,828.88,807.9033333333335,848.3966666666666,453.16
2023-11-15 19:00:00,453.16,19,2,0,794.38,692.1400000000002,773.0916666666667,476.65
2023-11-15 20:00:00,476.65,20,2,0,453.16,574.7300000000001,703.2466666666668,144.95
2023-11-15 21:00:00,144.95,21,2,0,476.65,358.25333333333356,583.0783333333334,192.82
2023-11-15 22:00:00,192.82,22,2,0,144.95,271.4733333333335,481.8066666666667,145.57
2023-11-15 23:00:00,145.57,23,2,0,192.82,161.11333333333351,367.9216666666666,184.6
2023-11-16 00:00:00,184.6,0,3,0,145.57,174.33000000000018,266.2916666666667,174.25
2023-11-16 01:00:00,174.25,1,3,0,184.6,168.14000000000019,219.8066666666667,163.1
2023-11-16 02:00:00,163.1,2,3,0,174.25,173.9833333333335,167.54833333333337,165.53
2023-11-16 03:00:00,165.53,3,3,0,163.1,167.62666666666686,170.97833333333335,189.65
2023-11-16 04:00:00,189.65,4,3,0,165.53,172.7600000000002,170.45000000000005,175.7
2023-11-16 05:00:00,175.7,5,3,0,189.65,176.96000000000018,175.4716666666667,172.07
2023-11-16 06:00:00,172.07,6,3,0,175.7,179.14000000000019,173.38333333333335,537.74
2023-11-16 07:00:00,537.74,7,3,0,172.07,295.17000000000013,233.96500000000003,493.3
2023-11-16 08:00:00,493.3,8,3,0,537.74,401.0366666666668,288.9983333333334,817.5
2023-11-16 09:00:00,817.5,9,3,0,493.3,616.1800000000002,397.66,809.38
2023-11-16 10:00:00,809.38,10,3,0,817.5,706.7266666666668,500.9483333333333,824.92
2023-11-16 11:00:00,824.92,11,3,0,809.38,817.2666666666668,609.1516666666668,870.51
2023-11-16 12:00:00,870.51,12,3,0,824.92,834.9366666666668,725.5583333333334,863.15
2023-11-16 13:00:00,863.15,13,3,0,870.51,852.8600000000001,779.7933333333334,878.56
2023-11-16 14:00:00,878.56,14,3,0,863.15,870.7400000000001,844.0033333333334,848.02
2023-11-16 15:00:00,848.02,15,3,0,878.56,863.2433333333335,849.09,845.11
2023-11-16 16:00:00,845.11,16,3,0,848.02,857.2300000000001,855.0450000000001,793.7
2023-11-16 17:00:00,793.7,17,3,0,845.11,828.9433333333335,849.8416666666667,796.6
2023-11-16 18:00:00,796.6,18,3,0,793.7,811.8033333333334,837.5233333333334,477.54
2023-11-16 19:00:00,477.54,19,3,0,796.6,689.2800000000002,773.255,511.09
2023-11-16 20:00:00,511.09,20,3,0,477.54,595.0766666666668,712.0100000000001,171.12
2023-11-16 21:00:00,171.12,21,3,0,511.09,386.5833333333335,599.1933333333334,185.72
2023-11-16 22:00:00,185.72,22,3,0,171.12,289.3100000000002,489.295,151.79
2023-11-16 23:00:00,151.79,23,3,0,185.72,169.5433333333335,382.31,186.01
2023-11-17 00:00:00,186.01,0,4,0,151.79,174.5066666666668,280.5450000000001,178.33
2023-11-17 01:00:00,178.33,1,4,0,186.01,172.0433333333335,230.6766666666667,133.26
2023-11-17 02:00:00,133.26,2,4,0,178.33,165.86666666666682,167.70500000000004,137.94
2023-11-17 03:00:00,137.94,3,4,0,133.26,149.84333333333348,162.17500000000004,154.05
2023-11-17 04:00:00,154.05,4,4,0,137.94,141.75000000000014,156.8966666666667,154.79
2023-11-17 05:00:00,154.79,5,4,0,154.05,148.92666666666682,157.3966666666667,187.85
2023-11-17 06:00:00,187.85,6,4,0,154.79,165.5633333333335,157.70333333333338,481.96
2023-11-17 07:00:00,481.96,7,4,0,187.85,274.8666666666668,208.30833333333337,477.5
2023-11-17 08:00:00,477.5,8,4,0,481.96,382.4366666666668,265.6816666666667,837.17
2023-11-17 09:00:00,837.17,9,4,0,477.5,598.8766666666668,382.22,827.7
2023-11-17 10:00:00,827.7,10,4,0,837.17,714.1233333333336,494.49500000000006,875.93
2023-11-17 11:00:00,875.93,11,4,0,827.7,846.9333333333335,614.6850000000001,895.48
2023-11-17 12:00:00,895.48,12,4,0,875.93,866.3700000000002,732.6233333333333,865.27
2023-11-17 13:00:00,865.27,13,4,0,895.48,878.8933333333334,796.5083333333333,876.64
2023-11-17 14:00:00,876.64,14,4,0,865.27,879.1300000000001,863.0316666666666,879.1
2023-11-17 15:00:00,879.1,15,4,0,876.64,873.6700000000002,870.02,819.89
2023-11-17 16:00:00,819.89,16,4,0,879.1,858.5433333333335,868.7183333333334,837.02
2023-11-17 17:00:00,837.02,17,4,0,819.89,845.3366666666667,862.2333333333335,823.59
2023-11-17 18:00:00,823.59,18,4,0,837.02,826.8333333333335,850.2516666666667,485.58
2023-11-17 19:00:00,485.58,19,4,0,823.59,715.3966666666669,786.9699999999999,488.14
2023-11-17 20:00:00,488.14,20,4,0,485.58,599.1033333333335,722.2200000000001,151.95
2023-11-17 21:00:00,151.95,21,4,0,488.14,375.2233333333335,601.0283333333333,174.98
2023-11-17 22:00:00,174.98,22,4,0,151.95,271.69000000000017,493.54333333333335,169.71
2023-11-17 23:00:00,169.71,23,4,0,174.98,165.54666666666682,382.32500000000005,258.94
2023-11-18 00:00:00,258.94,0,5,1,169.71,201.21000000000015,288.2166666666667,233.58
2023-11-18 01:00:00,233.58,1,5,1,258.94,220.74333333333348,246.2166666666667,241.67
2023-11-18 02:00:00,241.67,2,5,1,233.58,244.73000000000016,205.13833333333335,215.1
2023-11-18 03:00:00,215.1,3,5,1,241.67,230.11666666666682,215.66333333333333,272.77
2023-11-18 04:00:00,272.77,4,5,1,215.1,243.18000000000015,231.96166666666673,198.23
2023-11-18 05:00:00,198.23,5,5,1,272.77,228.70000000000016,236.71500000000003,252.47
2023-11-18 06:00:00,252.47,6,5,1,198.23,241.15666666666684,235.63666666666668,239.44
2023-11-18 07:00:00,239.44,7,5,1,252.47,230.04666666666682,236.61333333333337,245.08
2023-11-18 08:00:00,245.08,8,5,1,239.44,245.6633333333335,237.1816666666667,229.34
2023-11-18 09:00:00,229.34,9,5,1,245.08,237.9533333333335,239.55500000000006,226.71
2023-11-18 10:00:00,226.71,10,5,1,229.34,233.71000000000015,231.87833333333342,208.75
2023-11-18 11:00:00,208.75,11,5,1,226.71,221.60000000000014,233.63166666666675,232.36
2023-11-18 12:00:00,232.36,12,5,1,208.75,222.60666666666683,230.28000000000006,224.48
2023-11-18 13:00:00,224.48,13,5,1,232.36,221.86333333333346,227.78666666666672,248.17
2023-11-18 14:00:00,248.17,14,5,1,224.48,235.00333333333347,228.30166666666673,226.86
2023-11-18 15:00:00,226.86,15,5,1,248.17,233.17000000000016,227.88833333333335,250.91
2023-11-18 16:00:00,250.91,16,5,1,226.86,241.98000000000016,231.9216666666667,206.21
2023-11-18 17:00:00,206.21,17,5,1,250.91,227.99333333333348,231.49833333333336,232.08
2023-11-18 18:00:00,232.08,18,5,1,206.21,229.7333333333335,231.4516666666667,252.85
2023-11-18 19:00:00,252.85,19,5,1,232.08,230.38000000000014,236.18000000000004,243.26
2023-11-18 20:00:00,243.26,20,5,1,252.85,242.73000000000013,235.36166666666668,211.44
2023-11-18 21:00:00,211.44,21,5,1,243.26,235.85000000000014,232.7916666666667,230.39
2023-11-18 22:00:00,230.39,22,5,1,211.44,228.36333333333346,229.3716666666667,236.86
2023-11-18 23:00:00,236.86,23,5,1,230.39,226.23000000000013,234.48000000000002,268.18
2023-11-19 00:00:00,268.18,0,6,1,236.86,245.14333333333352,240.4966666666667,249.59
2023-11-19 01:00:00,249.59,1,6,1,268.18,251.54333333333352,239.95333333333338,242.73
2023-11-19 02:00:00,242.73,2,6,1,249.59,253.50000000000014,239.86500000000004,209.52
2023-11-19 03:00:00,209.52,3,6,1,242.73,233.94666666666683,239.54500000000004,238.83
2023-11-19 04:00:00,238.83,4,6,1,209.52,230.36000000000013,240.9516666666667,233.14
2023-11-19 05:00:00,233.14,5,6,1,238.83,227.1633333333335,240.3316666666667,259.0
2023-11-19 06:00:00,259.0,6,6,1,233.14,243.65666666666684,238.8016666666667,229.27
2023-11-19 07:00:00,229.27,7,6,1,259.0,240.47000000000014,235.41500000000005,249.01
2023-11-19 08:00:00,249.01,8,6,1,229.27,245.76000000000013,236.4616666666667,235.5
2023-11-19 09:00:00,235.5,9,6,1,249.01,237.92666666666682,240.7916666666667,267.88
2023-11-19 10:00:00,267.88,10,6,1,235.5,250.79666666666682,245.63333333333335,222.87
2023-11-19 11:00:00,222.87,11,6,1,267.88,242.08333333333348,243.9216666666667,240.57
2023-11-19 12:00:00,240.57,12,6,1,222.87,243.77333333333345,240.85000000000005,237.95
2023-11-19 13:00:00,237.95,13,6,1,240.57,233.79666666666682,242.2966666666667,276.5
2023-11-19 14:00:00,276.5,14,6,1,237.95,251.6733333333335,246.87833333333342,236.24
2023-11-19 15:00:00,236.24,15,6,1,276.5,250.23000000000016,247.0016666666667,216.18
2023-11-19 16:00:00,216.18,16,6,1,236.24,242.9733333333335,238.38500000000002,222.99
2023-11-19 17:00:00,222.99,17,6,1,216.18,225.13666666666686,238.405,239.5
2023-11-19 18:00:00,239.5,18,6,1,222.99,226.2233333333335,238.2266666666667,241.32
2023-11-19 19:00:00,241.32,19,6,1,239.5,234.60333333333347,238.7883333333334,254.02
2023-11-19 20:00:00,254.02,20,6,1,241.32,244.94666666666683,235.04166666666674,212.33
2023-11-19 21:00:00,212.33,21,6,1,254.02,235.89000000000019,231.0566666666667,222.79
2023-11-19 22:00:00,222.79,22,6,1,212.33,229.71333333333348,232.1583333333334,233.82
2023-11-19 23:00:00,233.82,23,6,1,222.79,222.98000000000016,233.96333333333337,179.83
2023-11-20 00:00:00,179.83,0,0,0,233.82,212.14666666666685,224.0183333333334,138.49
2023-11-20 01:00:00,138.49,1,0,0,179.83,184.04666666666685,206.88000000000008,153.01
2023-11-20 02:00:00,153.01,2,0,0,138.49,157.11000000000016,190.04500000000004,175.13
2023-11-20 03:00:00,175.13,3,0,0,153.01,155.5433333333335,183.84500000000003,163.05
2023-11-20 04:00:00,163.05,4,0,0,175.13,163.73000000000016,173.8883333333334,173.25
2023-11-20 05:00:00,173.25,5,0,0,163.05,170.47666666666683,163.79333333333338,188.84
2023-11-20 06:00:00,188.84,6,0,0,173.25,175.04666666666682,165.29500000000004,489.19
2023-11-20 07:00:00,489.19,7,0,0,188.84,283.76000000000016,223.74500000000003,422.91
2023-11-20 08:00:00,422.91,8,0,0,489.19,366.9800000000002,268.72833333333335,780.77
2023-11-20 09:00:00,780.77,9,0,0,422.91,564.2900000000001,369.66833333333335,829.13
2023-11-20 10:00:00,829.13,10,0,0,780.77,677.6033333333335,480.6816666666667,820.66
2023-11-20 11:00:00,820.66,11,0,0,829.13,810.1866666666668,588.5833333333334,849.37
2023-11-20 12:00:00,849.37,12,0,0,820.66,833.0533333333336,698.6716666666667,877.04
2023-11-20 13:00:00,877.04,13,0,0,849.37,849.0233333333335,763.3133333333334,895.62
2023-11-20 14:00:00,895.62,14,0,0,877.04,874.0100000000002,842.0983333333334,856.27
2023-11-20 15:00:00,856.27,15,0,0,895.62,876.3100000000003,854.6816666666667,876.63
2023-11-20 16:00:00,876.63,16,0,0,856.27,876.1733333333335,862.5983333333334,842.12
2023-11-20 17:00:00,842.12,17,0,0,876.63,858.3400000000001,866.1750000000001,801.08
2023-11-20 18:00:00,801.08,18,0,0,842.12,839.9433333333336,858.1266666666667,491.95
2023-11-20 19:00:00,491.95,19,0,0,801.08,711.7166666666668,793.945,473.17
2023-11-20 20:00:00,473.17,20,0,0,491.95,588.7333333333336,723.5366666666667,154.95
2023-11-20 21:00:00,154.95,21,0,0,473.17,373.35666666666685,606.65,170.61
2023-11-20 22:00:00,170.61,22,0,0,154.95,266.2433333333335,488.98,168.21
2023-11-20 23:00:00,168.21,23,0,0,170.61,164.59000000000017,376.6616666666667,165.77
2023-11-21 00:00:00,165.77,0,1,0,168.21,168.19666666666686,270.7766666666667,196.22
2023-11-21 01:00:00,196.22,1,1,0,165.77,176.73333333333355,221.48833333333337,161.4
2023-11-21 02:00:00,161.4,2,1,0,196.22,174.4633333333335,169.52666666666673,159.95
2023-11-21 03:00:00,159.95,3,1,0,161.4,172.52333333333354,170.36000000000004,158.06
2023-11-21 04:00:00,158.06,4,1,0,159.95,159.8033333333335,168.26833333333335,142.35
2023-11-21 05:00:00,142.35,5,1,0,158.06,153.45333333333352,163.95833333333337,146.37
2023-11-21 06:00:00,146.37,6,1,0,142.35,148.92666666666685,160.72500000000005,498.64
2023-11-21 07:00:00,498.64,7,1,0,146.37,262.45333333333355,211.12833333333336,502.49
2023-11-21 08:00:00,502.49,8,1,0,498.64,382.50000000000017,267.9766666666667,796.18
2023-11-21 09:00:00,796.18,9,1,0,502.49,599.1033333333335,374.01500000000004,795.02
2023-11-21 10:00:00,795.02,10,1,0,796.18,697.8966666666669,480.175,845.07
2023-11-21 11:00:00,845.07,11,1,0,795.02,812.0900000000001,597.295,864.82
2023-11-21 12:00:00,864.82,12,1,0,845.07,834.9700000000003,717.0366666666667,885.98
2023-11-21 13:00:00,885.98,13,1,0,864.82,865.2900000000003,781.5933333333334,914.89
2023-11-21 14:00:00,914.89,14,1,0,885.98,888.5633333333335,850.3266666666668,914.05
2023-11-21 15:00:00,914.05,15,1,0,914.89,904.9733333333335,869.9716666666667,865.16
2023-11-21 16:00:00,865.16,16,1,0,914.05,898.0333333333334,881.6616666666667,820.16
2023-11-21 17:00:00,820.16,17,1,0,865.16,866.4566666666669,877.5099999999999,767.83
2023-11-21 18:00:00,767.83,18,1,0,820.16,817.7166666666668,861.3450000000001,479.97
2023-11-21 19:00:00,479.97,19,1,0,767.83,689.3200000000002,793.6766666666666,468.41
2023-11-21 20:00:00,468.41,20,1,0,479.97,572.0700000000003,719.2633333333334,183.74
2023-11-21 21:00:00,183.74,21,1,0,468.41,377.3733333333335,597.5450000000001,153.77
2023-11-21 22:00:00,153.77,22,1,0,183.74,268.6400000000002,478.9800000000001,148.31
2023-11-21 23:00:00,148.31,23,1,0,153.77,161.9400000000002,367.00500000000005,154.6
2023-11-22 00:00:00,154.6,0,2,0,148.31,152.22666666666686,264.8,120.68
2023-11-22 01:00:00,120.68,1,2,0,154.6,141.19666666666686,204.9183333333334,172.33
2023-11-22 02:00:00,172.33,2,2,0,120.68,149.20333333333352,155.57166666666672,146.92
2023-11-22 03:00:00,146.92,3,2,0,172.33,146.64333333333352,149.43500000000006,153.33
2023-11-22 04:00:00,153.33,4,2,0,146.92,157.52666666666687,149.3616666666667,168.81
2023-11-22 05:00:00,168.81,5,2,0,153.33,156.3533333333335,152.7783333333334,149.58
2023-11-22 06:00:00,149.58,6,2,0,168.81,157.2400000000002,151.94166666666672,453.28
2023-11-22 07:00:00,453.28,7,2,0,149.58,257.2233333333335,207.37500000000003,472.49
2023-11-22 08:00:00,472.49,8,2,0,453.28,358.4500000000002,257.4016666666667,800.33
2023-11-22 09:00:00,800.33,9,2,0,472.49,575.3666666666669,366.30333333333334,827.13
2023-11-22 10:00:00,827.13,10,2,0,800.33,699.9833333333336,478.6033333333334,858.47
2023-11-22 11:00:00,858.47,11,2,0,827.13,828.6433333333335,593.5466666666667,840.26
2023-11-22 12:00:00,840.26,12,2,0,858.47,841.9533333333335,708.66,893.09
2023-11-22 13:00:00,893.09,13,2,0,840.26,863.9400000000002,781.9616666666667,884.14
2023-11-22 14:00:00,884.14,14,2,0,893.09,872.4966666666669,850.57,863.56
2023-11-22 15:00:00,863.56,15,2,0,884.14,880.2633333333334,861.1083333333335,824.76
2023-11-22 16:00:00,824.76,16,2,0,863.56,857.4866666666668,860.7133333333335,867.58
2023-11-22 17:00:00,867.58,17,2,0,824.76,851.9666666666668,862.2316666666667,804.84
2023-11-22 18:00:00,804.84,18,2,0,867.58,832.3933333333335,856.3283333333334,481.97
2023-11-22 19:00:00,481.97,19,2,0,804.84,718.1300000000002,787.8083333333334,476.23
2023-11-22 20:00:00,476.23,20,2,0,481.97,587.6800000000003,719.8233333333334,160.64
2023-11-22 21:00:00,160.64,21,2,0,476.23,372.9466666666669,602.6700000000001,158.34
2023-11-22 22:00:00,158.34,22,2,0,160.64,265.0700000000002,491.6000000000001,179.25
2023-11-22 23:00:00,179.25,23,2,0,158.34,166.07666666666685,376.8783333333334,146.95
2023-11-23 00:00:00,146.95,0,3,0,179.25,161.51333333333352,267.23,155.98
2023-11-23 01:00:00,155.98,1,3,0,146.95,160.72666666666683,212.8983333333334,206.3
2023-11-23 02:00:00,206.3,2,3,0,155.98,169.7433333333335,167.91000000000005,119.51
2023-11-23 03:00:00,119.51,3,3,0,206.3,160.59666666666683,161.05500000000004,171.9
2023-11-23 04:00:00,171.9,4,3,0,119.51,165.90333333333353,163.31500000000003,160.42
2023-11-23 05:00:00,160.42,5,3,0,171.9,150.6100000000002,160.1766666666667,149.65
2023-11-23 06:00:00,149.65,6,3,0,160.42,160.65666666666687,160.6266666666667,492.05
2023-11-23 07:00:00,492.05,7,3,0,149.65,267.3733333333335,216.6383333333334,514.77
2023-11-23 08:00:00,514.77,8,3,0,492.05,385.49000000000024,268.05,827.39
2023-11-23 09:00:00,827.39,9,3,0,514.77,611.4033333333335,386.03000000000003,816.0
2023-11-23 10:00:00,816.0,10,3,0,827.39,719.3866666666669,493.38000000000005,843.7
2023-11-23 11:00:00,843.7,11,3,0,816.0,829.0300000000002,607.2600000000001,878.39
2023-11-23 12:00:00,878.39,12,3,0,843.7,846.0300000000002,728.7166666666667,910.28
2023-11-23 13:00:00,910.28,13,3,0,878.39,877.4566666666669,798.4216666666667,884.46
2023-11-23 14:00:00,884.46,14,3,0,910.28,891.0433333333335,860.0366666666667,885.42
2023-11-23 15:00:00,885.42,15,3,0,884.46,893.3866666666669,869.7083333333334,839.37
2023-11-23 16:00:00,839.37,16,3,0,885.42,869.7500000000001,873.6033333333335,825.53
2023-11-23 17:00:00,825.53,17,3,0,839.37,850.1066666666669,870.5749999999999,811.81
2023-11-23 18:00:00,811.81,18,3,0,825.53,825.5700000000002,859.4783333333334,472.09
2023-11-23 19:00:00,472.09,19,3,0,811.81,703.1433333333334,786.4466666666667,464.83
2023-11-23 20:00:00,464.83,20,3,0,472.09,582.9100000000002,716.5083333333333,154.65
2023-11-23 21:00:00,154.65,21,3,0,464.83,363.85666666666685,594.7133333333333,152.44
2023-11-23 22:00:00,152.44,22,3,0,154.65,257.3066666666669,480.22499999999997,142.38
2023-11-23 23:00:00,142.38,23,3,0,152.44,149.82333333333352,366.36666666666673,151.56
2023-11-24 00:00:00,151.56,0,4,0,142.38,148.79333333333352,256.32500000000005,146.18
2023-11-24 01:00:00,146.18,1,4,0,151.56,146.70666666666685,202.0066666666667,179.27
2023-11-24 02:00:00,179.27,2,4,0,146.18,159.00333333333353,154.41333333333338,160.6
2023-11-24 03:00:00,160.6,3,4,0,179.27,162.01666666666688,155.40500000000006,185.78
2023-11-24 04:00:00,185.78,4,4,0,160.6,175.21666666666684,160.9616666666667,136.86
2023-11-24 05:00:00,136.86,5,4,0,185.78,161.08000000000018,160.0416666666667,198.61
2023-11-24 06:00:00,198.61,6,4,0,136.86,173.7500000000002,167.88333333333338,488.69
2023-11-24 07:00:00,488.69,7,4,0,198.61,274.7200000000002,224.96833333333336,455.62
2023-11-24 08:00:00,455.62,8,4,0,488.69,380.9733333333335,271.0266666666667,804.76
2023-11-24 09:00:00,804.76,9,4,0,455.62,583.0233333333335,378.38666666666677,813.73
2023-11-24 10:00:00,813.73,10,4,0,804.76,691.3700000000002,483.0450000000001,852.15
2023-11-24 11:00:00,852.15,11,4,0,813.73,823.5466666666667,602.2600000000001,848.04
2023-11-24 12:00:00,848.04,12,4,0,852.15,837.9733333333335,710.4983333333334,923.58
2023-11-24 13:00:00,923.58,13,4,0,848.04,874.5900000000001,782.98,866.46
2023-11-24 14:00:00,866.46,14,4,0,923.58,879.3600000000001,851.4533333333334,893.45
2023-11-24 15:00:00,893.45,15,4,0,866.46,894.4966666666669,866.235,865.94
2023-11-24 16:00:00,865.94,16,4,0,893.45,875.2833333333336,874.9366666666668,809.82
2023-11-24 17:00:00,809.82,17,4,0,865.94,856.4033333333336,867.8816666666667,799.94
2023-11-24 18:00:00,799.94,18,4,0,809.82,825.2333333333336,859.8650000000001,490.58
2023-11-24 19:00:00,490.58,19,4,0,799.94,700.1133333333336,787.6983333333334,508.47
2023-11-24 20:00:00,508.47,20,4,0,490.58,599.6633333333335,728.0333333333334,176.37
2023-11-24 21:00:00,176.37,21,4,0,508.47,391.80666666666684,608.5200000000001,123.72
2023-11-24 22:00:00,123.72,22,4,0,176.37,269.5200000000002,484.81666666666666,159.7
2023-11-24 23:00:00,159.7,23,4,0,123.72,153.26333333333352,376.46333333333337,225.6
2023-11-25 00:00:00,225.6,0,5,1,159.7,169.67333333333352,280.74000000000007,244.4
2023-11-25 01:00:00,244.4,1,5,1,225.6,209.90000000000018,239.71000000000004,200.34
2023-11-25 02:00:00,200.34,2,5,1,244.4,223.44666666666686,188.35500000000002,257.29
2023-11-25 03:00:00,257.29,3,5,1,200.34,234.01000000000022,201.8416666666667,261.54
2023-11-25 04:00:00,261.54,4,5,1,257.29,239.72333333333356,224.81166666666672,218.55
2023-11-25 05:00:00,218.55,5,5,1,261.54,245.79333333333352,234.62000000000003,216.76
2023-11-25 06:00:00,216.76,6,5,1,218.55,232.28333333333353,233.14666666666673,201.83
2023-11-25 07:00:00,201.83,7,5,1,216.76,212.3800000000002,226.0516666666667,237.46
2023-11-25 08:00:00,237.46,8,5,1,201.83,218.68333333333354,232.23833333333337,191.69
2023-11-25 09:00:00,191.69,9,5,1,237.46,210.32666666666685,221.30500000000006,257.28
2023-11-25 10:00:00,257.28,10,5,1,191.69,228.81000000000017,220.59500000000003,204.51
2023-11-25 11:00:00,204.51,11,5,1,257.28,217.82666666666682,218.25500000000002,235.16
2023-11-25 12:00:00,235.16,12,5,1,204.51,232.31666666666683,221.32166666666672,214.11
2023-11-25 13:00:00,214.11,13,5,1,235.16,217.92666666666685,223.36833333333337,211.99
2023-11-25 14:00:00,211.99,14,5,1,214.11,220.4200000000002,219.12333333333336,217.39
2023-11-25 15:00:00,217.39,15,5,1,211.99,214.49666666666687,223.40666666666672,256.5
2023-11-25 16:00:00,256.5,16,5,1,217.39,228.62666666666686,223.27666666666673,204.76
2023-11-25 17:00:00,204.76,17,5,1,256.5,226.21666666666684,223.31833333333338,254.97
2023-11-25 18:00:00,254.97,18,5,1,204.76,238.74333333333354,226.62,258.64
2023-11-25 19:00:00,258.64,19,5,1,254.97,239.45666666666685,234.0416666666667,230.45
2023-11-25 20:00:00,230.45,20,5,1,258.64,248.0200000000002,237.11833333333337,243.02
2023-11-25 21:00:00,243.02,21,5,1,230.45,244.03666666666686,241.39000000000001,240.27
2023-11-25 22:00:00,240.27,22,5,1,243.02,237.91333333333353,238.68500000000003,250.99
2023-11-25 23:00:00,250.99,23,5,1,240.27,244.76000000000022,246.39000000000007,238.23
2023-11-26 00:00:00,238.23,0,6,1,250.99,243.16333333333353,243.60000000000005,253.65
2023-11-26 01:00:00,253.65,1,6,1,238.23,247.62333333333353,242.76833333333335,237.04
2023-11-26 02:00:00,237.04,2,6,1,253.65,242.9733333333335,243.8666666666667,272.26
2023-11-26 03:00:00,272.26,3,6,1,237.04,254.31666666666683,248.74,260.87
2023-11-26 04:00:00,260.87,4,6,1,272.26,256.7233333333335,252.17333333333337,195.33
2023-11-26 05:00:00,195.33,5,6,1,260.87,242.8200000000002,242.89666666666668,257.83
2023-11-26 06:00:00,257.83,6,6,1,195.33,238.0100000000002,246.16333333333333,244.1
2023-11-26 07:00:00,244.1,7,6,1,257.83,232.4200000000002,244.5716666666667,228.43
2023-11-26 08:00:00,228.43,8,6,1,244.1,243.4533333333335,243.13666666666668,221.87
2023-11-26 09:00:00,221.87,9,6,1,228.43,231.46666666666684,234.73833333333337,206.14
2023-11-26 10:00:00,206.14,10,6,1,221.87,218.8133333333335,225.6166666666667,253.27
2023-11-26 11:00:00,253.27,11,6,1,206.14,227.09333333333356,235.2733333333334,240.73
2023-11-26 12:00:00,240.73,12,6,1,253.27,233.3800000000002,232.4233333333334,286.15
2023-11-26 13:00:00,286.15,13,6,1,240.73,260.0500000000002,239.4316666666667,249.13
2023-11-26 14:00:00,249.13,14,6,1,286.15,258.6700000000002,242.88166666666666,221.13
2023-11-26 15:00:00,221.13,15,6,1,249.13,252.13666666666686,242.75833333333335,248.35
2023-11-26 16:00:00,248.35,16,6,1,221.13,239.53666666666686,249.79333333333332,268.6
2023-11-26 17:00:00,268.6,17,6,1,248.35,246.02666666666687,252.34833333333336,228.42
2023-11-26 18:00:00,228.42,18,6,1,268.6,248.45666666666685,250.2966666666667,239.3
2023-11-26 19:00:00,239.3,19,6,1,228.42,245.4400000000002,242.48833333333337,243.08
2023-11-26 20:00:00,243.08,20,6,1,239.3,236.93333333333354,241.48000000000002,261.3
2023-11-26 21:00:00,261.3,21,6,1,243.08,247.89333333333354,248.17500000000004,268.03
2023-11-26 22:00:00,268.03,22,6,1,261.3,257.4700000000002,251.45500000000007,249.85
2023-11-26 23:00:00,249.85,23,6,1,268.03,259.72666666666686,248.33000000000004,197.51
2023-11-27 00:00:00,197.51,0,0,0,249.85,238.4633333333335,243.17833333333337,168.33
2023-11-27 01:00:00,168.33,1,0,0,197.51,205.23000000000016,231.35000000000002,144.26
2023-11-27 02:00:00,144.26,2,0,0,168.33,170.0333333333335,214.88000000000002,162.41
2023-11-27 03:00:00,162.41,3,0,0,144.26,158.3333333333335,198.39833333333334,171.35
2023-11-27 04:00:00,171.35,4,0,0,162.41,159.34000000000017,182.28500000000005,120.02
2023-11-27 05:00:00,120.02,5,0,0,171.35,151.2600000000002,160.6466666666667,178.67
2023-11-27 06:00:00,178.67,6,0,0,120.02,156.6800000000002,157.5066666666667,475.85
2023-11-27 07:00:00,475.85,7,0,0,178.67,258.18000000000023,208.76000000000008,472.72
2023-11-27 08:00:00,472.72,8,0,0,475.85,375.7466666666669,263.5033333333334,808.98
2023-11-27 09:00:00,808.98,9,0,0,472.72,585.8500000000003,371.26500000000004,854.03
2023-11-27 10:00:00,854.03,10,0,0,808.98,711.9100000000002,485.0450000000001,822.78
2023-11-27 11:00:00,822.78,11,0,0,854.03,828.5966666666669,602.1716666666667,878.35
2023-11-27 12:00:00,878.35,12,0,0,822.78,851.7200000000003,718.785,886.82
2023-11-27 13:00:00,886.82,13,0,0,878.35,862.6500000000002,787.2800000000001,862.41
2023-11-27 14:00:00,862.41,14,0,0,886.82,875.8600000000002,852.2283333333334,859.4
2023-11-27 15:00:00,859.4,15,0,0,862.41,869.5433333333336,860.6316666666668,834.14
2023-11-27 16:00:00,834.14,16,0,0,859.4,851.9833333333336,857.3166666666666,806.31
2023-11-27 17:00:00,806.31,17,0,0,834.14,833.2833333333336,854.5716666666667,806.08
2023-11-27 18:00:00,806.08,18,0,0,806.31,815.5100000000002,842.5266666666666,460.34
2023-11-27 19:00:00,460.34,19,0,0,806.08,690.9100000000003,771.4466666666667,491.67
2023-11-27 20:00:00,491.67,20,0,0,460.34,586.0300000000003,709.6566666666668,163.86
2023-11-27 21:00:00,163.86,21,0,0,491.67,371.95666666666693,593.7333333333333,185.75
2023-11-27 22:00:00,185.75,22,0,0,163.86,280.4266666666669,485.66833333333335,121.89
2023-11-27 23:00:00,121.89,23,0,0,185.75,157.16666666666688,371.59833333333336,172.23
2023-11-28 00:00:00,172.23,0,1,0,121.89,159.9566666666669,265.9566666666667,115.48
2023-11-28 01:00:00,115.48,1,1,0,172.23,136.53333333333356,208.48000000000002,181.08
2023-11-28 02:00:00,181.08,2,1,0,115.48,156.26333333333358,156.71500000000003,185.34
2023-11-28 03:00:00,185.34,3,1,0,181.08,160.63333333333355,160.29500000000004,188.47
2023-11-28 04:00:00,188.47,4,1,0,185.34,184.96333333333357,160.74833333333336,165.26
2023-11-28 05:00:00,165.26,5,1,0,188.47,179.6900000000002,167.97666666666672,146.96
2023-11-28 06:00:00,146.96,6,1,0,165.26,166.89666666666687,163.76500000000004,467.74
2023-11-28 07:00:00,467.74,7,1,0,146.96,259.9866666666669,222.47500000000005,482.68
2023-11-28 08:00:00,482.68,8,1,0,467.74,365.7933333333335,272.74166666666673,799.66
2023-11-28 09:00:00,799.66,9,1,0,482.68,583.3600000000002,375.1283333333334,815.29
2023-11-28 10:00:00,815.29,10,1,0,799.66,699.2100000000002,479.59833333333336,847.53
2023-11-28 11:00:00,847.53,11,1,0,815.29,820.8266666666668,593.3100000000001,885.39
2023-11-28 12:00:00,885.39,12,1,0,847.53,849.4033333333335,716.3816666666667,890.8
2023-11-28 13:00:00,890.8,13,1,0,885.39,874.5733333333336,786.8916666666668,866.08
2023-11-28 14:00:00,866.08,14,1,0,890.8,880.7566666666668,850.7916666666666,876.51
2023-11-28 15:00:00,876.51,15,1,0,866.08,877.796666666667,863.6,841.41
2023-11-28 16:00:00,841.41,16,1,0,876.51,861.3333333333335,867.9533333333334,796.51
2023-11-28 17:00:00,796.51,17,1,0,841.41,838.1433333333335,859.4500000000002,765.09
2023-11-28 18:00:00,765.09,18,1,0,796.51,801.0033333333336,839.4,466.02
2023-11-28 19:00:00,466.02,19,1,0,765.09,675.8733333333336,768.6033333333334,503.41
2023-11-28 20:00:00,503.41,20,1,0,466.02,578.1733333333335,708.1583333333333,166.07
2023-11-28 21:00:00,166.07,21,1,0,503.41,378.5000000000002,589.7516666666667,149.55
2023-11-28 22:00:00,149.55,22,1,0,166.07,273.0100000000002,474.4416666666668,134.13
2023-11-28 23:00:00,134.13,23,1,0,149.55,149.91666666666688,364.045,140.64
2023-11-29 00:00:00,140.64,0,2,0,134.13,141.44000000000023,259.97,201.86
2023-11-29 01:00:00,201.86,1,2,0,140.64,158.8766666666669,215.94333333333338,158.04
2023-11-29 02:00:00,158.04,2,2,0,201.86,166.8466666666669,158.3816666666667,140.71
2023-11-29 03:00:00,140.71,3,2,0,158.04,166.87000000000023,154.15500000000006,166.01
2023-11-29 04:00:00,166.01,4,2,0,140.71,154.92000000000021,156.8983333333334,170.25
2023-11-29 05:00:00,170.25,5,2,0,166.01,158.99000000000024,162.91833333333338,127.99
2023-11-29 06:00:00,127.99,6,2,0,170.25,154.75000000000023,160.81000000000003,456.22
2023-11-29 07:00:00,456.22,7,2,0,127.99,251.4866666666669,203.20333333333338,482.22
2023-11-29 08:00:00,482.22,8,2,0,456.22,355.4766666666669,257.2333333333334,798.19
2023-11-29 09:00:00,798.19,9,2,0,482.22,578.8766666666669,366.81333333333333,803.51
2023-11-29 10:00:00,803.51,10,2,0,798.19,694.6400000000003,473.06333333333333,867.36
2023-11-29 11:00:00,867.36,11,2,0,803.51,823.0200000000003,589.2483333333333,833.98
2023-11-29 12:00:00,833.98,12,2,0,867.36,834.9500000000003,706.9133333333334,888.15
2023-11-29 13:00:00,888.15,13,2,0,833.98,863.1633333333335,778.9016666666666,891.52
2023-11-29 14:00:00,891.52,14,2,0,888.15,871.2166666666668,847.1183333333333,857.42
2023-11-29 15:00:00,857.42,15,2,0,891.52,879.0300000000002,856.9900000000001,860.84
2023-11-29 16:00:00,860.84,16,2,0,857.42,869.9266666666668,866.5450000000001,818.9
2023-11-29 17:00:00,818.9,17,2,0,860.84,845.7200000000003,858.4683333333334,816.6
2023-11-29 18:00:00,816.6,18,2,0,818.9,832.1133333333336,855.5716666666667,487.21
2023-11-29 19:00:00,487.21,19,2,0,816.6,707.5700000000002,788.7483333333334,516.91
2023-11-29 20:00:00,516.91,20,2,0,487.21,606.9066666666669,726.3133333333334,125.78
2023-11-29 21:00:00,125.78,21,2,0,516.91,376.6333333333335,604.3733333333333,152.19
2023-11-29 22:00:00,152.19,22,2,0,125.78,264.9600000000002,486.26500000000004,159.55
2023-11-29 23:00:00,159.55,23,2,0,152.19,145.84000000000023,376.3733333333334,178.64
2023-11-30 00:00:00,178.64,0,3,0,159.55,163.46000000000024,270.0466666666667,130.79
2023-11-30 01:00:00,130.79,1,3,0,178.64,156.32666666666688,210.64333333333335,154.58
2023-11-30 02:00:00,154.58,2,3,0,130.79,154.67000000000021,150.25500000000002,111.56
2023-11-30 03:00:00,111.56,3,3,0,154.58,132.3100000000002,147.88500000000005,131.16
2023-11-30 04:00:00,131.16,4,3,0,111.56,132.43333333333356,144.38000000000002,182.9
2023-11-30 05:00:00,182.9,5,3,0,131.16,141.87333333333356,148.2716666666667,136.66
2023-11-30 06:00:00,136.66,6,3,0,182.9,150.24000000000024,141.27500000000006,471.38
2023-11-30 07:00:00,471.38,7,3,0,136.66,263.64666666666693,198.04000000000005,488.35
2023-11-30 08:00:00,488.35,8,3,0,471.38,365.4633333333336,253.66833333333338,772.79
2023-11-30 09:00:00,772.79,9,3,0,488.35,577.5066666666669,363.8733333333334,839.5
2023-11-30 10:00:00,839.5,10,3,0,772.79,700.2133333333336,481.93000000000006,877.55
2023-11-30 11:00:00,877.55,11,3,0,839.5,829.9466666666668,597.705,872.58
2023-11-30 12:00:00,872.58,12,3,0,877.55,863.2100000000002,720.3583333333335,899.47
2023-11-30 13:00:00,899.47,13,3,0,872.58,883.2000000000003,791.7066666666668,891.51
2023-11-30 14:00:00,891.51,14,3,0,899.47,887.8533333333336,858.9,892.5
2023-11-30 15:00:00,892.5,15,3,0,891.51,894.4933333333337,878.8516666666666,882.26
2023-11-30 16:00:00,882.26,16,3,0,892.5,888.7566666666668,885.9783333333334,849.79
2023-11-30 17:00:00,849.79,17,3,0,882.26,874.8500000000003,881.3516666666666,798.35
2023-11-30 18:00:00,798.35,18,3,0,849.79,843.4666666666668,868.98,459.98
2023-11-30 19:00:00,459.98,19,3,0,798.35,702.7066666666669,795.7316666666667,432.6
2023-11-30 20:00:00,432.6,20,3,0,459.98,563.6433333333335,719.2466666666668,143.91
2023-11-30 21:00:00,143.91,21,3,0,432.6,345.4966666666669,594.4816666666667,162.92
2023-11-30 22:00:00,162.92,22,3,0,143.91,246.47666666666692,474.5916666666667,143.75
2023-11-30 23:00:00,143.75,23,3,0,162.92,150.19333333333356,356.91833333333335,122.96
2023-12-01 00:00:00,122.96,0,4,0,143.75,143.2100000000002,244.35333333333338,163.21
2023-12-01 01:00:00,163.21,1,4,0,122.96,143.3066666666669,194.89166666666674,143.89
2023-12-01 02:00:00,143.89,2,4,0,163.21,143.35333333333355,146.77333333333337,171.23
2023-12-01 03:00:00,171.23,3,4,0,143.89,159.44333333333358,151.3266666666667,171.92
2023-12-01 04:00:00,171.92,4,4,0,171.23,162.3466666666669,152.82666666666668,176.35
2023-12-01 05:00:00,176.35,5,4,0,171.92,173.16666666666688,158.26000000000005,139.69
2023-12-01 06:00:00,139.69,6,4,0,176.35,162.65333333333353,161.04833333333337,461.99
2023-12-01 07:00:00,461.99,7,4,0,139.69,259.34333333333353,210.84500000000003,480.23
2023-12-01 08:00:00,480.23,8,4,0,461.99,360.63666666666694,266.9016666666667,760.58
2023-12-01 09:00:00,760.58,9,4,0,480.23,567.6000000000003,365.1266666666667,827.17
2023-12-01 10:00:00,827.17,10,4,0,760.58,689.3266666666668,474.33500000000004,881.68
2023-12-01 11:00:00,881.68,11,4,0,827.17,823.1433333333335,591.89,882.76
2023-12-01 12:00:00,882.76,12,4,0,881.68,863.8700000000002,715.735,883.24
2023-12-01 13:00:00,883.24,13,4,0,882.76,882.5600000000003,785.9433333333335,877.18
2023-12-01 14:00:00,877.18,14,4,0,883.24,881.0600000000003,852.1016666666666,854.59
2023-12-01 15:00:00,854.59,15,4,0,877.18,871.6700000000002,867.77,915.53
2023-12-01 16:00:00,915.53,16,4,0,854.59,882.4333333333335,882.4966666666666,831.54
2023-12-01 17:00:00,831.54,17,4,0,915.53,867.2200000000003,874.14,800.29
2023-12-01 18:00:00,800.29,18,4,0,831.54,849.1200000000002,860.395,484.3
2023-12-01 19:00:00,484.3,19,4,0,800.29,705.3766666666669,793.9050000000001,482.07
2023-12-01 20:00:00,482.07,20,4,0,484.3,588.8866666666669,728.0533333333333,164.35
2023-12-01 21:00:00,164.35,21,4,0,482.07,376.9066666666669,613.0133333333333,151.68
2023-12-01 22:00:00,151.68,22,4,0,164.35,266.0333333333336,485.7050000000001,150.71
2023-12-01 23:00:00,150.71,23,4,0,151.68,155.58000000000024,372.2333333333334,251.37
2023-12-02 00:00:00,251.37,0,5,1,150.71,184.5866666666669,280.7466666666667,253.01
2023-12-02 01:00:00,253.01,1,5,1,251.37,218.36333333333357,242.19833333333335,235.02
2023-12-02 02:00:00,235.02,2,5,1,253.01,246.4666666666669,201.0233333333334,254.26
2023-12-02 03:00:00,254.26,3,5,1,235.02,247.4300000000002,216.0083333333334,242.31
2023-12-02 04:00:00,242.31,4,5,1,254.26,243.86333333333357,231.11333333333337,243.09
2023-12-02 05:00:00,243.09,5,5,1,242.31,246.5533333333336,246.51000000000002,240.7
2023-12-02 06:00:00,240.7,6,5,1,243.09,242.03333333333356,244.73166666666668,221.35
2023-12-02 07:00:00,221.35,7,5,1,240.7,235.04666666666688,239.455,217.77
2023-12-02 08:00:00,217.77,8,5,1,221.35,226.60666666666688,236.58,222.11
2023-12-02 09:00:00,222.11,9,5,1,217.77,220.41000000000022,231.2216666666667,216.44
2023-12-02 10:00:00,216.44,10,5,1,222.11,218.77333333333354,226.91000000000005,192.17
2023-12-02 11:00:00,192.17,11,5,1,216.44,210.24000000000024,218.42333333333337,238.53
2023-12-02 12:00:00,238.53,12,5,1,192.17,215.71333333333357,218.06166666666672,235.84
2023-12-02 13:00:00,235.84,13,5,1,238.53,222.1800000000002,220.47666666666672,217.81
2023-12-02 14:00:00,217.81,14,5,1,235.84,230.72666666666692,220.48333333333335,245.56
2023-12-02 15:00:00,245.56,15,5,1,217.81,233.07000000000025,224.39166666666668,224.74
2023-12-02 16:00:00,224.74,16,5,1,245.56,229.37000000000023,225.775,232.85
2023-12-02 17:00:00,232.85,17,5,1,224.74,234.38333333333358,232.55500000000006,270.35
2023-12-02 18:00:00,270.35,18,5,1,232.85,242.6466666666669,237.85833333333335,258.67
2023-12-02 19:00:00,258.67,19,5,1,270.35,253.9566666666669,241.66333333333338,245.64
2023-12-02 20:00:00,245.64,20,5,1,258.67,258.2200000000002,246.30166666666673,248.55
2023-12-02 21:00:00,248.55,21,5,1,245.64,250.95333333333357,246.80000000000007,252.44
2023-12-02 22:00:00,252.44,22,5,1,248.55,248.8766666666669,251.41666666666674,250.2
2023-12-02 23:00:00,250.2,23,5,1,252.44,250.3966666666669,254.30833333333337,220.53
2023-12-03 00:00:00,220.53,0,6,1,250.2,241.05666666666687,246.00500000000002,233.41
2023-12-03 01:00:00,233.41,1,6,1,220.53,234.71333333333357,241.79500000000004,180.21
2023-12-03 02:00:00,180.21,2,6,1,233.41,211.38333333333355,230.89000000000001,241.68
2023-12-03 03:00:00,241.68,3,6,1,180.21,218.4333333333336,229.74500000000003,258.28
2023-12-03 04:00:00,258.28,4,6,1,241.68,226.72333333333358,230.71833333333333,258.25
2023-12-03 05:00:00,258.25,5,6,1,258.28,252.7366666666669,232.06000000000003,218.98
2023-12-03 06:00:00,218.98,6,6,1,258.25,245.17000000000021,231.8016666666667,230.28
2023-12-03 07:00:00,230.28,7,6,1,218.98,235.8366666666669,231.28000000000006,233.85
2023-12-03 08:00:00,233.85,8,6,1,230.28,227.70333333333357,240.22000000000003,211.47
2023-12-03 09:00:00,211.47,9,6,1,233.85,225.20000000000024,235.18500000000003,244.1
2023-12-03 10:00:00,244.1,10,6,1,211.47,229.80666666666693,232.82166666666672,209.8
2023-12-03 11:00:00,209.8,11,6,1,244.1,221.79000000000022,224.7466666666667,273.23
2023-12-03 12:00:00,273.23,12,6,1,209.8,242.37666666666692,233.7883333333334,254.36
2023-12-03 13:00:00,254.36,13,6,1,273.23,245.79666666666694,237.8016666666667,286.86
2023-12-03 14:00:00,286.86,14,6,1,254.36,271.4833333333336,246.63666666666668,253.41
2023-12-03 15:00:00,253.41,15,6,1,286.86,264.87666666666695,253.6266666666667,201.99
2023-12-03 16:00:00,201.99,16,6,1,253.41,247.42000000000027,246.60833333333338,259.72
2023-12-03 17:00:00,259.72,17,6,1,201.99,238.3733333333336,254.9283333333334,221.8
2023-12-03 18:00:00,221.8,18,6,1,259.72,227.83666666666696,246.35666666666668,256.93
2023-12-03 19:00:00,256.93,19,6,1,221.8,246.1500000000003,246.78500000000005,226.84
2023-12-03 20:00:00,226.84,20,6,1,256.93,235.19000000000028,236.78166666666672,241.73
2023-12-03 21:00:00,241.73,21,6,1,226.84,241.8333333333336,234.83500000000004,237.72
2023-12-03 22:00:00,237.72,22,6,1,241.73,235.43000000000026,240.79000000000005,236.59
2023-12-03 23:00:00,236.59,23,6,1,237.72,238.68000000000026,236.93500000000003,166.24
2023-12-04 00:00:00,166.24,0,0,0,236.59,213.51666666666696,227.67500000000004,166.94
2023-12-04 01:00:00,166.94,1,0,0,166.24,189.9233333333336,212.6766666666667,169.23
2023-12-04 02:00:00,169.23,2,0,0,166.94,167.47000000000025,203.07500000000005,159.11
2023-12-04 03:00:00,159.11,3,0,0,169.23,165.0933333333336,189.30500000000006,159.74
2023-12-04 04:00:00,159.74,4,0,0,159.11,162.6933333333336,176.3083333333334,172.2
2023-12-04 05:00:00,172.2,5,0,0,159.74,163.6833333333336,165.5766666666667,179.94
2023-12-04 06:00:00,179.94,6,0,0,172.2,170.62666666666692,167.86000000000004,473.76
2023-12-04 07:00:00,473.76,7,0,0,179.94,275.30000000000024,218.9966666666667,473.33
2023-12-04 08:00:00,473.33,8,0,0,473.76,375.67666666666696,269.68,787.33
2023-12-04 09:00:00,787.33,9,0,0,473.33,578.1400000000002,374.3833333333334,842.67
2023-12-04 10:00:00,842.67,10,0,0,787.33,701.1100000000002,488.2050000000001,847.28
2023-12-04 11:00:00,847.28,11,0,0,842.67,825.7600000000002,600.7183333333334,872.48
2023-12-04 12:00:00,872.48,12,0,0,847.28,854.1433333333335,716.1416666666668,885.57
2023-12-04 13:00:00,885.57,13,0,0,872.48,868.4433333333336,784.7766666666666,885.5
2023-12-04 14:00:00,885.5,14,0,0,885.57,881.1833333333337,853.4716666666667,908.88
2023-12-04 15:00:00,908.88,15,0,0,885.5,893.316666666667,873.73,850.81
2023-12-04 16:00:00,850.81,16,0,0,908.88,881.7300000000001,875.0866666666667,859.39
2023-12-04 17:00:00,859.39,17,0,0,850.81,873.026666666667,877.1050000000001,746.65
2023-12-04 18:00:00,746.65,18,0,0,859.39,818.9500000000002,856.1333333333333,489.25
2023-12-04 19:00:00,489.25,19,0,0,746.65,698.4300000000002,790.08,493.21
2023-12-04 20:00:00,493.21,20,0,0,489.25,576.3700000000002,724.6983333333334,181.37
2023-12-04 21:00:00,181.37,21,0,0,493.21,387.94333333333356,603.4466666666667,139.88
2023-12-04 22:00:00,139.88,22,0,0,181.37,271.4866666666669,484.9583333333334,194.78
2023-12-04 23:00:00,194.78,23,0,0,139.88,172.01000000000022,374.19000000000005,174.06
2023-12-05 00:00:00,174.06,0,1,0,194.78,169.57333333333358,278.7583333333334,143.69
2023-12-05 01:00:00,143.69,1,1,0,174.06,170.84333333333356,221.165,119.85
2023-12-05 02:00:00,119.85,2,1,0,143.69,145.8666666666669,158.9383333333334,131.28
2023-12-05 03:00:00,131.28,3,1,0,119.85,131.60666666666688,150.59000000000003,184.76
2023-12-05 04:00:00,184.76,4,1,0,131.28,145.29666666666688,158.07000000000005,164.32
2023-12-05 05:00:00,164.32,5,1,0,184.76,160.1200000000002,152.99333333333337,180.07
2023-12-05 06:00:00,180.07,6,1,0,164.32,176.38333333333355,153.99500000000003,454.21
2023-12-05 07:00:00,454.21,7,1,0,180.07,266.2000000000002,205.74833333333336,507.64
2023-12-05 08:00:00,507.64,8,1,0,454.21,380.64000000000027,270.38000000000005,819.1
2023-12-05 09:00:00,819.1,9,1,0,507.64,593.6500000000002,385.0166666666667,842.7
2023-12-05 10:00:00,842.7,10,1,0,819.1,723.1466666666669,494.67333333333335,859.27
2023-12-05 11:00:00,859.27,11,1,0,842.7,840.3566666666669,610.4983333333333,876.52
2023-12-05 12:00:00,876.52,12,1,0,859.27,859.4966666666669,726.5733333333334,888.73
2023-12-05 13:00:00,888.73,13,1,0,876.52,874.8400000000001,798.9933333333333,910.42
2023-12-05 14:00:00,910.42,14,1,0,888.73,891.8900000000002,866.1233333333333,854.03
2023-12-05 15:00:00,854.03,15,1,0,910.42,884.3933333333334,871.945,851.79
2023-12-05 16:00:00,851.79,16,1,0,854.03,872.0800000000003,873.46,875.02
2023-12-05 17:00:00,875.02,17,1,0,851.79,860.2800000000001,876.085,826.17
2023-12-05 18:00:00,826.17,18,1,0,875.02,850.9933333333335,867.6933333333335,463.65
2023-12-05 19:00:00,463.65,19,1,0,826.17,721.6133333333336,796.8466666666667,471.66
2023-12-05 20:00:00,471.66,20,1,0,463.65,587.1600000000002,723.7199999999999,189.97
2023-12-05 21:00:00,189.97,21,1,0,471.66,375.09333333333353,613.0433333333334,147.56
2023-12-05 22:00:00,147.56,22,1,0,189.97,269.7300000000002,495.6716666666667,143.28
2023-12-05 23:00:00,143.28,23,1,0,147.56,160.27000000000018,373.715,156.74
2023-12-06 00:00:00,156.74,0,2,0,143.28,149.19333333333353,262.1433333333334,165.4
2023-12-06 01:00:00,165.4,1,2,0,156.74,155.14000000000019,212.43500000000006,150.93
2023-12-06 02:00:00,150.93,2,2,0,165.4,157.6900000000002,158.98000000000005,154.71
2023-12-06 03:00:00,154.71,3,2,0,150.93,157.01333333333352,153.10333333333338,161.93
2023-12-06 04:00:00,161.93,4,2,0,154.71,155.85666666666685,155.49833333333336,154.9
2023-12-06 05:00:00,154.9,5,2,0,161.93,157.18000000000018,157.43500000000003,187.95
2023-12-06 06:00:00,187.95,6,2,0,154.9,168.2600000000002,162.6366666666667,474.04
2023-12-06 07:00:00,474.04,7,2,0,187.95,272.29666666666685,214.0766666666667,498.33
2023-12-06 08:00:00,498.33,8,2,0,474.04,386.77333333333354,271.9766666666667,820.3
2023-12-06 09:00:00,820.3,9,2,0,498.33,597.5566666666668,382.9083333333333,804.88
2023-12-06 10:00:00,804.88,10,2,0,820.3,707.8366666666669,490.06666666666666,845.18
2023-12-06 11:00:00,845.18,11,2,0,804.88,823.4533333333335,605.1133333333333,882.77
2023-12-06 12:00:00,882.77,12,2,0,845.18,844.276666666667,720.9166666666666,900.02
2023-12-06 13:00:00,900.02,13,2,0,882.77,875.9900000000001,791.9133333333334,921.81
2023-12-06 14:00:00,921.81,14,2,0,900.02,901.5333333333334,862.4933333333333,888.65
2023-12-06 15:00:00,888.65,15,2,0,921.81,903.4933333333335,873.8850000000001,869.98
2023-12-06 16:00:00,869.98,16,2,0,888.65,893.4800000000001,884.735,798.2
2023-12-06 17:00:00,798.2,17,2,0,869.98,852.276666666667,876.9049999999999,821.03
2023-12-06 18:00:00,821.03,18,2,0,798.2,829.7366666666668,866.6150000000001,477.19
2023-12-06 19:00:00,477.19,19,2,0,821.03,698.8066666666668,796.1433333333333,459.59
2023-12-06 20:00:00,459.59,20,2,0,477.19,585.936666666667,719.1066666666667,159.29
2023-12-06 21:00:00,159.29,21,2,0,459.59,365.35666666666685,597.5466666666667,143.21
2023-12-06 22:00:00,143.21,22,2,0,159.29,254.0300000000002,476.41833333333335,186.58
2023-12-06 23:00:00,186.58,23,2,0,143.21,163.0266666666669,374.48166666666674,149.27
2023-12-07 00:00:00,149.27,0,3,0,186.58,159.68666666666692,262.5216666666667,137.29
2023-12-07 01:00:00,137.29,1,3,0,149.27,157.71333333333357,205.8716666666667,159.23
2023-12-07 02:00:00,159.23,2,3,0,137.29,148.5966666666669,155.8116666666667,155.98
2023-12-07 03:00:00,155.98,3,3,0,159.23,150.83333333333357,155.26000000000005,172.07
2023-12-07 04:00:00,172.07,4,3,0,155.98,162.42666666666688,160.07000000000002,141.15
2023-12-07 05:00:00,141.15,5,3,0,172.07,156.40000000000023,152.49833333333336,179.4
2023-12-07 06:00:00,179.4,6,3,0,141.15,164.2066666666669,157.52000000000004,493.4
2023-12-07 07:00:00,493.4,7,3,0,179.4,271.3166666666669,216.8716666666667,479.38
2023-12-07 08:00:00,479.38,8,3,0,493.4,384.06000000000023,270.23,814.87
2023-12-07 09:00:00,814.87,9,3,0,479.38,595.8833333333336,380.0450000000001,839.33
2023-12-07 10:00:00,839.33,10,3,0,814.87,711.1933333333336,491.25500000000005,875.34
2023-12-07 11:00:00,875.34,11,3,0,839.33,843.1800000000003,613.62,891.56
2023-12-07 12:00:00,891.56,12,3,0,875.34,868.7433333333337,732.3133333333334,914.05
2023-12-07 13:00:00,914.05,13,3,0,891.56,893.6500000000002,802.4216666666667,880.93
2023-12-07 14:00:00,880.93,14,3,0,914.05,895.5133333333334,869.3466666666667,872.63
2023-12-07 15:00:00,872.63,15,3,0,880.93,889.2033333333335,878.9733333333334,855.02
2023-12-07 16:00:00,855.02,16,3,0,872.63,869.526666666667,881.5883333333335,813.82
2023-12-07 17:00:00,813.82,17,3,0,855.02,847.1566666666669,871.335,799.51
2023-12-07 18:00:00,799.51,18,3,0,813.82,822.7833333333334,855.9933333333335,425.64
2023-12-07 19:00:00,425.64,19,3,0,799.51,679.6566666666669,774.5916666666667,464.8
2023-12-07 20:00:00,464.8,20,3,0,425.64,563.316666666667,705.2366666666667,132.32
2023-12-07 21:00:00,132.32,21,3,0,464.8,340.92000000000024,581.8516666666667,140.65
2023-12-07 22:00:00,140.65,22,3,0,132.32,245.92333333333355,462.79,161.57
2023-12-07 23:00:00,161.57,23,3,0,140.65,144.8466666666669,354.0816666666667,160.84
2023-12-08 00:00:00,160.84,0,4,0,161.57,154.35333333333355,247.63666666666668,142.72
2023-12-08 01:00:00,142.72,1,4,0,160.84,155.04333333333355,200.48333333333338,177.03
2023-12-08 02:00:00,177.03,2,4,0,142.72,160.1966666666669,152.52166666666673,138.14
2023-12-08 03:00:00,138.14,3,4,0,177.03,152.63000000000022,153.4916666666667,219.51
2023-12-08 04:00:00,219.51,4,4,0,138.14,178.2266666666669,166.63500000000002,146.81
2023-12-08 05:00:00,146.81,5,4,0,219.51,168.15333333333356,164.17500000000004,172.89
2023-12-08 06:00:00,172.89,6,4,0,146.81,179.7366666666669,166.18333333333337,522.45
2023-12-08 07:00:00,522.45,7,4,0,172.89,280.7166666666669,229.47166666666672,467.5
2023-12-08 08:00:00,467.5,8,4,0,522.45,387.6133333333336,277.8833333333334,786.13
2023-12-08 09:00:00,786.13,9,4,0,467.5,592.026666666667,385.88166666666666,783.9
2023-12-08 10:00:00,783.9,10,4,0,786.13,679.1766666666668,479.9466666666667,873.09
2023-12-08 11:00:00,873.09,11,4,0,783.9,814.3733333333336,600.9933333333333,924.16
2023-12-08 12:00:00,924.16,12,4,0,873.09,860.3833333333336,726.205,880.56
2023-12-08 13:00:00,880.56,13,4,0,924.16,892.6033333333335,785.89,885.24
2023-12-08 14:00:00,885.24,14,4,0,880.56,896.6533333333335,855.5133333333333,861.41
2023-12-08 15:00:00,861.41,15,4,0,885.24,875.7366666666668,868.0600000000001,833.97
2023-12-08 16:00:00,833.97,16,4,0,861.41,860.2066666666669,876.4050000000001,826.96
2023-12-08 17:00:00,826.96,17,4,0,833.97,840.7800000000002,868.7166666666667,778.54
2023-12-08 18:00:00,778.54,18,4,0,826.96,813.1566666666669,844.4466666666667,492.54
2023-12-08 19:00:00,492.54,19,4,0,778.54,699.3466666666668,779.7766666666666,475.48
2023-12-08 20:00:00,475.48,20,4,0,492.54,582.1866666666668,711.4833333333335,188.94
2023-12-08 21:00:00,188.94,21,4,0,475.48,385.6533333333336,599.4050000000001,163.31
2023-12-08 22:00:00,163.31,22,4,0,188.94,275.91000000000025,487.6283333333334,169.06
2023-12-08 23:00:00,169.06,23,4,0,163.31,173.7700000000002,377.9783333333334,211.72
2023-12-09 00:00:00,211.72,0,5,1,169.06,181.36333333333357,283.5083333333334,260.11
2023-12-09 01:00:00,260.11,1,5,1,211.72,213.63000000000025,244.77000000000007,211.99
2023-12-09 02:00:00,211.99,2,5,1,260.11,227.94000000000025,200.85500000000005,257.37
2023-12-09 03:00:00,257.37,3,5,1,211.99,243.1566666666669,212.26000000000008,253.94
2023-12-09 04:00:00,253.94,4,5,1,257.37,241.10000000000022,227.36500000000004,229.65
2023-12-09 05:00:00,229.65,5,5,1,253.94,246.9866666666669,237.46333333333337,243.43
2023-12-09 06:00:00,243.43,6,5,1,229.65,242.34000000000023,242.74833333333342,225.14
2023-12-09 07:00:00,225.14,7,5,1,243.43,232.74000000000024,236.92000000000004,266.44
2023-12-09 08:00:00,266.44,8,5,1,225.14,245.00333333333356,245.99500000000003,265.91
2023-12-09 09:00:00,265.91,9,5,1,266.44,252.4966666666669,247.4183333333334,268.81
2023-12-09 10:00:00,268.81,10,5,1,265.91,267.05333333333357,249.89666666666673,252.9
2023-12-09 11:00:00,252.9,11,5,1,268.81,262.54000000000025,253.77166666666673,229.62
2023-12-09 12:00:00,229.62,12,5,1,252.9,250.44333333333358,251.47000000000003,192.07
2023-12-09 13:00:00,192.07,13,5,1,229.62,224.86333333333357,245.95833333333337,234.89
2023-12-09 14:00:00,234.89,14,5,1,192.07,218.86000000000024,240.70000000000005,224.24
2023-12-09 15:00:00,224.24,15,5,1,234.89,217.06666666666692,233.75500000000002,200.88
2023-12-09 16:00:00,200.88,16,5,1,224.24,220.00333333333356,222.43333333333337,255.73
2023-12-09 17:00:00,255.73,17,5,1,200.88,226.9500000000002,222.905,244.32
2023-12-09 18:00:00,244.32,18,5,1,255.73,233.64333333333354,225.35500000000002,226.09
2023-12-09 19:00:00,226.09,19,5,1,244.32,242.04666666666688,231.02500000000006,225.23
2023-12-09 20:00:00,225.23,20,5,1,226.09,231.88000000000022,229.41500000000005,244.51
2023-12-09 21:00:00,244.51,21,5,1,225.23,231.94333333333353,232.79333333333338,240.07
2023-12-09 22:00:00,240.07,22,5,1,244.51,236.60333333333355,239.32500000000005,252.02
2023-12-09 23:00:00,252.02,23,5,1,240.07,245.53333333333356,238.7066666666667,243.74
2023-12-10 00:00:00,243.74,0,6,1,252.02,245.2766666666669,238.61,207.62
2023-12-10 01:00:00,207.62,1,6,1,243.74,234.46000000000024,235.53166666666672,248.93
2023-12-10 02:00:00,248.93,2,6,1,207.62,233.43000000000026,239.48166666666668,228.28
2023-12-10 03:00:00,228.28,3,6,1,248.93,228.2766666666669,236.77666666666673,229.01
2023-12-10 04:00:00,229.01,4,6,1,228.28,235.4066666666669,234.9333333333334,251.89
2023-12-10 05:00:00,251.89,5,6,1,229.01,236.39333333333354,234.91166666666672,235.58
2023-12-10 06:00:00,235.58,6,6,1,251.89,238.8266666666669,233.5516666666667,241.63
2023-12-10 07:00:00,241.63,7,6,1,235.58,243.03333333333356,239.22000000000003,240.64
2023-12-10 08:00:00,240.64,8,6,1,241.63,239.28333333333356,237.83833333333337,258.84
2023-12-10 09:00:00,258.84,9,6,1,240.64,247.03666666666686,242.9316666666667,251.08
2023-12-10 10:00:00,251.08,10,6,1,258.84,250.18666666666687,246.61000000000004,252.66
2023-12-10 11:00:00,252.66,11,6,1,251.08,254.19333333333353,246.73833333333337,226.14
2023-12-10 12:00:00,226.14,12,6,1,252.66,243.29333333333355,245.16500000000005,259.39
2023-12-10 13:00:00,259.39,13,6,1,226.14,246.06333333333353,248.125,256.23
2023-12-10 14:00:00,256.23,14,6,1,259.39,247.25333333333356,250.72333333333336,247.88
2023-12-10 15:00:00,247.88,15,6,1,256.23,254.50000000000023,248.89666666666668,216.82
2023-12-10 16:00:00,216.82,16,6,1,247.88,240.31000000000026,243.1866666666667,222.84
2023-12-10 17:00:00,222.84,17,6,1,216.82,229.1800000000002,238.2166666666667,217.68
2023-12-10 18:00:00,217.68,18,6,1,222.84,219.11333333333357,236.8066666666667,261.24
2023-12-10 19:00:00,261.24,19,6,1,217.68,233.92000000000021,237.1150000000001,252.02
2023-12-10 20:00:00,252.02,20,6,1,261.24,243.6466666666669,236.4133333333334,245.97
2023-12-10 21:00:00,245.97,21,6,1,252.02,253.0766666666669,236.09500000000003,219.84
2023-12-10 22:00:00,219.84,22,6,1,245.97,239.2766666666669,236.5983333333334,283.25
2023-12-10 23:00:00,283.25,23,6,1,219.84,249.68666666666692,246.6666666666667,167.69
2023-12-11 00:00:00,167.69,0,0,0,283.25,223.59333333333356,238.33500000000006,143.16
2023-12-11 01:00:00,143.16,1,0,0,167.69,198.03333333333356,218.65500000000006,158.47
2023-12-11 02:00:00,158.47,2,0,0,143.16,156.44000000000023,203.06333333333336,168.39
2023-12-11 03:00:00,168.39,3,0,0,158.47,156.67333333333355,190.13333333333335,140.28
2023-12-11 04:00:00,140.28,4,0,0,168.39,155.71333333333357,176.87333333333336,124.2
2023-12-11 05:00:00,124.2,5,0,0,140.28,144.29000000000022,150.36500000000004,146.93
2023-12-11 06:00:00,146.93,6,0,0,124.2,137.1366666666669,146.90500000000006,465.23
2023-12-11 07:00:00,465.23,7,0,0,146.93,245.45333333333357,200.58333333333337,487.19
2023-12-11 08:00:00,487.19,8,0,0,465.23,366.4500000000003,255.37000000000003,788.64
2023-12-11 09:00:00,788.64,9,0,0,487.19,580.3533333333336,358.74500000000006,841.67
2023-12-11 10:00:00,841.67,10,0,0,788.64,705.8333333333335,475.6433333333334,857.62
2023-12-11 11:00:00,857.62,11,0,0,841.67,829.3100000000001,597.88,888.81
2023-12-11 12:00:00,888.81,12,0,0,857.62,862.7000000000002,721.5266666666666,880.93
2023-12-11 13:00:00,880.93,13,0,0,888.81,875.7866666666669,790.81,890.73
2023-12-11 14:00:00,890.73,14,0,0,880.93,886.8233333333336,858.0666666666667,886.31
2023-12-11 15:00:00,886.31,15,0,0,890.73,885.9900000000002,874.3449999999999,876.4
2023-12-11 16:00:00,876.4,16,0,0,886.31,884.4800000000001,880.1333333333333,838.92
2023-12-11 17:00:00,838.92,17,0,0,876.4,867.2100000000002,877.0166666666668,813.28
2023-12-11 18:00:00,813.28,18,0,0,838.92,842.8666666666669,864.4283333333334,482.3
2023-12-11 19:00:00,482.3,19,0,0,813.28,711.5000000000001,797.9900000000001,519.98
2023-12-11 20:00:00,519.98,20,0,0,482.3,605.1866666666668,736.1983333333334,195.35
2023-12-11 21:00:00,195.35,21,0,0,519.98,399.21000000000026,621.0383333333334,152.73
2023-12-11 22:00:00,152.73,22,0,0,195.35,289.35333333333364,500.42666666666673,161.5
2023-12-11 23:00:00,161.5,23,0,0,152.73,169.86000000000027,387.52333333333337,147.39
2023-12-12 00:00:00,147.39,0,1,0,161.5,153.8733333333336,276.54166666666674,159.95
2023-12-12 01:00:00,159.95,1,1,0,147.39,156.28000000000026,222.8166666666667,162.56
2023-12-12 02:00:00,162.56,2,1,0,159.95,156.63333333333358,163.2466666666667,147.87
2023-12-12 03:00:00,147.87,3,1,0,162.56,156.7933333333336,155.33333333333337,155.66
2023-12-12 04:00:00,155.66,4,1,0,147.87,155.3633333333336,155.8216666666667,177.41
2023-12-12 05:00:00,177.41,5,1,0,155.66,160.3133333333336,158.4733333333334,151.85
2023-12-12 06:00:00,151.85,6,1,0,177.41,161.64000000000024,159.21666666666673,538.9
2023-12-12 07:00:00,538.9,7,1,0,151.85,289.38666666666694,222.37500000000003,474.07
2023-12-12 08:00:00,474.07,8,1,0,538.9,388.27333333333354,274.29333333333335,797.62
2023-12-12 09:00:00,797.62,9,1,0,474.07,603.5300000000003,382.58500000000004,824.11
2023-12-12 10:00:00,824.11,10,1,0,797.62,698.6000000000004,493.9933333333334,862.06
2023-12-12 11:00:00,862.06,11,1,0,824.11,827.9300000000003,608.1016666666667,898.05
2023-12-12 12:00:00,898.05,12,1,0,862.06,861.4066666666669,732.4683333333334,868.88
2023-12-12 13:00:00,868.88,13,1,0,898.05,876.3300000000003,787.4650000000001,884.12
2023-12-12 14:00:00,884.12,14,1,0,868.88,883.6833333333335,855.8066666666667,870.38
2023-12-12 15:00:00,870.38,15,1,0,884.12,874.4600000000004,867.9333333333334,839.59
2023-12-12 16:00:00,839.59,16,1,0,870.38,864.696666666667,870.5133333333333,829.69
2023-12-12 17:00:00,829.69,17,1,0,839.59,846.5533333333337,865.1183333333333,787.0
2023-12-12 18:00:00,787.0,18,1,0,829.69,818.7600000000003,846.6100000000001,463.67
2023-12-12 19:00:00,463.67,19,1,0,787.0,693.4533333333337,779.0750000000002,504.66
2023-12-12 20:00:00,504.66,20,1,0,463.67,585.1100000000002,715.8316666666666,116.82
2023-12-12 21:00:00,116.82,21,1,0,504.66,361.716666666667,590.2383333333333,147.74
2023-12-12 22:00:00,147.74,22,1,0,116.82,256.406666666667,474.93000000000006,131.78
2023-12-12 23:00:00,131.78,23,1,0,147.74,132.11333333333366,358.61166666666674,147.61
2023-12-13 00:00:00,147.61,0,2,0,131.78,142.37666666666698,252.04666666666674,155.48
2023-12-13 01:00:00,155.48,1,2,0,147.61,144.95666666666696,200.68166666666673,174.33
2023-12-13 02:00:00,174.33,2,2,0,155.48,159.14000000000033,145.6266666666667,148.72
2023-12-13 03:00:00,148.72,3,2,0,174.33,159.5100000000003,150.94333333333338,154.59
2023-12-13 04:00:00,154.59,4,2,0,148.72,159.21333333333362,152.08500000000006,142.27
2023-12-13 05:00:00,142.27,5,2,0,154.59,148.52666666666696,153.83333333333337,179.37
2023-12-13 06:00:00,179.37,6,2,0,142.27,158.74333333333365,159.1266666666667,444.32
2023-12-13 07:00:00,444.32,7,2,0,179.37,255.3200000000003,207.26666666666668,482.2
2023-12-13 08:00:00,482.2,8,2,0,444.32,368.6300000000003,258.5783333333334,836.87
2023-12-13 09:00:00,836.87,9,2,0,482.2,587.796666666667,373.27000000000004,885.13
2023-12-13 10:00:00,885.13,10,2,0,836.87,734.7333333333336,495.02666666666664,841.65
2023-12-13 11:00:00,841.65,11,2,0,885.13,854.5500000000003,611.59,876.09
2023-12-13 12:00:00,876.09,12,2,0,841.65,867.6233333333336,727.71,840.54
2023-12-13 13:00:00,840.54,13,2,0,876.09,852.7600000000002,793.7466666666666,886.6
2023-12-13 14:00:00,886.6,14,2,0,840.54,867.7433333333337,861.1466666666666,887.47
2023-12-13 15:00:00,887.47,15,2,0,886.6,871.536666666667,869.58,840.61
2023-12-13 16:00:00,840.61,16,2,0,887.47,871.5600000000004,862.16,797.84
2023-12-13 17:00:00,797.84,17,2,0,840.61,841.9733333333337,854.8583333333335,795.72
2023-12-13 18:00:00,795.72,18,2,0,797.84,811.3900000000003,841.4633333333335,489.08
2023-12-13 19:00:00,489.08,19,2,0,795.72,694.2133333333336,782.8866666666668,465.15
2023-12-13 20:00:00,465.15,20,2,0,489.08,583.316666666667,712.645,155.1
2023-12-13 21:00:00,155.1,21,2,0,465.15,369.7766666666669,590.5833333333334,146.28
2023-12-13 22:00:00,146.28,22,2,0,155.1,255.5100000000003,474.8616666666667,186.81
2023-12-13 23:00:00,186.81,23,2,0,146.28,162.7300000000003,373.02333333333337,176.4
2023-12-14 00:00:00,176.4,0,3,0,186.81,169.8300000000003,269.8033333333334,203.6
2023-12-14 01:00:00,203.6,1,3,0,176.4,188.93666666666695,222.22333333333336,146.65
2023-12-14 02:00:00,146.65,2,3,0,203.6,175.5500000000003,169.14000000000004,137.9
2023-12-14 03:00:00,137.9,3,3,0,146.65,162.71666666666698,166.2733333333334,176.15
2023-12-14 04:00:00,176.15,4,3,0,137.9,153.56666666666698,171.2516666666667,119.45
2023-12-14 05:00:00,119.45,5,3,0,176.15,144.5000000000003,160.02500000000003,162.14
2023-12-14 06:00:00,162.14,6,3,0,119.45,152.5800000000003,157.6483333333334,453.65
2023-12-14 07:00:00,453.65,7,3,0,162.14,245.0800000000003,199.32333333333338,455.0
2023-12-14 08:00:00,455.0,8,3,0,453.65,356.9300000000003,250.71500000000003,805.53
2023-12-14 09:00:00,805.53,9,3,0,455.0,571.3933333333335,361.9866666666667,799.91
2023-12-14 10:00:00,799.91,10,3,0,805.53,686.8133333333335,465.9466666666667,847.65
2023-12-14 11:00:00,847.65,11,3,0,799.91,817.6966666666668,587.3133333333334,868.05
2023-12-14 12:00:00,868.05,12,3,0,847.65,838.536666666667,704.965,864.63
2023-12-14 13:00:00,864.63,13,3,0,868.05,860.1100000000002,773.4616666666667,879.4
2023-12-14 14:00:00,879.4,14,3,0,864.63,870.6933333333336,844.195,881.31
2023-12-14 15:00:00,881.31,15,3,0,879.4,875.1133333333337,856.8249999999999,847.16
2023-12-14 16:00:00,847.16,16,3,0,881.31,869.2900000000003,864.6999999999999,811.72
2023-12-14 17:00:00,811.72,17,3,0,847.16,846.7300000000001,858.7116666666667,782.48
2023-12-14 18:00:00,782.48,18,3,0,811.72,813.7866666666669,844.4499999999999,473.81
2023-12-14 19:00:00,473.81,19,3,0,782.48,689.336666666667,779.3133333333334,472.98
2023-12-14 20:00:00,472.98,20,3,0,473.81,576.4233333333336,711.5766666666667,144.24
2023-12-14 21:00:00,144.24,21,3,0,472.98,363.67666666666696,588.7316666666667,173.75
2023-12-14 22:00:00,173.75,22,3,0,144.24,263.656666666667,476.4966666666667,172.7
2023-12-14 23:00:00,172.7,23,3,0,173.75,163.56333333333365,369.99333333333334,180.37
2023-12-15 00:00:00,180.37,0,4,0,172.7,175.60666666666694,269.6416666666667,154.73
2023-12-15 01:00:00,154.73,1,4,0,180.37,169.26666666666696,216.4616666666667,142.16
2023-12-15 02:00:00,142.16,2,4,0,154.73,159.08666666666696,161.32500000000002,157.46
2023-12-15 03:00:00,157.46,3,4,0,142.16,151.4500000000003,163.5283333333334,156.05
2023-12-15 04:00:00,156.05,4,4,0,157.46,151.8900000000003,160.57833333333338,160.77
2023-12-15 05:00:00,160.77,5,4,0,156.05,158.09333333333365,158.59000000000003,191.19
2023-12-15 06:00:00,191.19,6,4,0,160.77,169.33666666666699,160.39333333333337,496.89
2023-12-15 07:00:00,496.89,7,4,0,191.19,282.95000000000033,217.42000000000004,493.15
2023-12-15 08:00:00,493.15,8,4,0,496.89,393.7433333333336,275.91833333333335,794.42
2023-12-15 09:00:00,794.42,9,4,0,493.15,594.8200000000003,382.0783333333334,890.89
2023-12-15 10:00:00,890.89,10,4,0,794.42,726.1533333333336,504.5516666666667,864.35
2023-12-15 11:00:00,864.35,11,4,0,890.89,849.8866666666669,621.815,888.77
2023-12-15 12:00:00,888.77,12,4,0,864.35,881.3366666666669,738.0783333333334,941.29
2023-12-15 13:00:00,941.29,13,4,0,888.77,898.1366666666669,812.145,905.88
2023-12-15 14:00:00,905.88,14,4,0,941.29,911.9800000000004,880.9333333333334,874.38
2023-12-15 15:00:00,874.38,15,4,0,905.88,907.1833333333337,894.2600000000001,866.72
2023-12-15 16:00:00,866.72,16,4,0,874.38,882.3266666666669,890.2316666666667,838.99
2023-12-15 17:00:00,838.99,17,4,0,866.72,860.0300000000003,886.0050000000001,810.5
2023-12-15 18:00:00,810.5,18,4,0,838.99,838.736666666667,872.96,489.57
2023-12-15 19:00:00,489.57,19,4,0,810.5,713.0200000000003,797.6733333333333,481.31
2023-12-15 20:00:00,481.31,20,4,0,489.57,593.7933333333336,726.9116666666667,167.12
2023-12-15 21:00:00,167.12,21,4,0,481.31,379.33333333333366,609.035,206.92
2023-12-15 22:00:00,206.92,22,4,0,167.12,285.11666666666696,499.0683333333334,157.87
2023-12-15 23:00:00,157.87,23,4,0,206.92,177.30333333333363,385.54833333333335,247.62
2023-12-16 00:00:00,247.62,0,5,1,157.87,204.13666666666697,291.73500000000007,194.03
2023-12-16 01:00:00,194.03,1,5,1,247.62,199.8400000000003,242.47833333333338,198.64
2023-12-16 02:00:00,198.64,2,5,1,194.03,213.4300000000003,195.3666666666667,263.99
2023-12-16 03:00:00,263.99,3,5,1,198.64,218.886666666667,211.51166666666668,204.6
2023-12-16 04:00:00,204.6,4,5,1,263.99,222.4100000000003,211.12500000000003,271.46
2023-12-16 05:00:00,271.46,5,5,1,204.6,246.68333333333362,230.0566666666667,256.22
2023-12-16 06:00:00,256.22,6,5,1,271.46,244.09333333333362,231.49,221.7
2023-12-16 07:00:00,221.7,7,5,1,256.22,249.7933333333336,236.1016666666667,224.39
2023-12-16 08:00:00,224.39,8,5,1,221.7,234.1033333333336,240.3933333333334,225.17
2023-12-16 09:00:00,225.17,9,5,1,224.39,223.75333333333364,233.92333333333337,202.64
2023-12-16 10:00:00,202.64,10,5,1,225.17,217.4000000000003,233.5966666666667,224.63
2023-12-16 11:00:00,224.63,11,5,1,202.64,217.48000000000027,225.7916666666667,244.06
2023-12-16 12:00:00,244.06,12,5,1,224.63,223.77666666666698,223.76500000000007,241.19
2023-12-16 13:00:00,241.19,13,5,1,244.06,236.62666666666698,227.01333333333335,243.79
2023-12-16 14:00:00,243.79,14,5,1,241.19,243.01333333333363,230.24666666666667,223.16
2023-12-16 15:00:00,223.16,15,5,1,243.79,236.04666666666697,229.91166666666672,244.43
2023-12-16 16:00:00,244.43,16,5,1,223.16,237.12666666666698,236.8766666666667,253.2
2023-12-16 17:00:00,253.2,17,5,1,244.43,240.26333333333363,241.6383333333334,254.35
2023-12-16 18:00:00,254.35,18,5,1,253.2,250.6600000000003,243.35333333333335,219.09
2023-12-16 19:00:00,219.09,19,5,1,254.35,242.21333333333362,239.67000000000004,223.56
2023-12-16 20:00:00,223.56,20,5,1,219.09,232.33333333333363,236.29833333333337,258.24
2023-12-16 21:00:00,258.24,21,5,1,223.56,233.6300000000003,242.14500000000007,216.29
2023-12-16 22:00:00,216.29,22,5,1,258.24,232.69666666666694,237.45500000000004,246.99
2023-12-16 23:00:00,246.99,23,5,1,216.29,240.50666666666697,236.42000000000004,258.82
2023-12-17 00:00:00,258.82,0,6,1,246.99,240.7000000000003,237.16500000000005,255.76
2023-12-17 01:00:00,255.76,1,6,1,258.82,253.856666666667,243.27666666666673,258.67
2023-12-17 02:00:00,258.67,2,6,1,255.76,257.7500000000003,249.12833333333336,223.97
2023-12-17 03:00:00,223.97,3,6,1,258.67,246.13333333333364,243.4166666666667,267.73
2023-12-17 04:00:00,267.73,4,6,1,223.97,250.12333333333365,251.99,214.89
2023-12-17 05:00:00,214.89,5,6,1,267.73,235.53000000000029,246.64000000000001,217.51
2023-12-17 06:00:00,217.51,6,6,1,214.89,233.37666666666692,239.75500000000002,246.75
2023-12-17 07:00:00,246.75,7,6,1,217.51,226.38333333333358,238.25333333333336,263.36
2023-12-17 08:00:00,263.36,8,6,1,246.75,242.54000000000028,239.035,237.12
2023-12-17 09:00:00,237.12,9,6,1,263.36,249.07666666666697,241.2266666666667,246.07
2023-12-17 10:00:00,246.07,10,6,1,237.12,248.85000000000028,237.61666666666667,206.87
2023-12-17 11:00:00,206.87,11,6,1,246.07,230.0200000000003,236.28000000000006,216.29
2023-12-17 12:00:00,216.29,12,6,1,206.87,223.07666666666694,236.0766666666667,268.93
2023-12-17 13:00:00,268.93,13,6,1,216.29,230.69666666666694,239.7733333333334,195.81
2023-12-17 14:00:00,195.81,14,6,1,268.93,227.0100000000003,228.51500000000001,249.18
2023-12-17 15:00:00,249.18,15,6,1,195.81,237.97333333333367,230.525,261.26
2023-12-17 16:00:00,261.26,16,6,1,249.18,235.41666666666697,233.0566666666667,216.71
2023-12-17 17:00:00,216.71,17,6,1,261.26,242.38333333333364,234.6966666666667,260.5
2023-12-17 18:00:00,260.5,18,6,1,216.71,246.15666666666698,242.06500000000005,247.81
2023-12-17 19:00:00,247.81,19,6,1,260.5,241.67333333333363,238.54500000000007,256.18
2023-12-17 20:00:00,256.18,20,6,1,247.81,254.8300000000003,248.6066666666667,218.2
2023-12-17 21:00:00,218.2,21,6,1,256.18,240.73000000000027,243.44333333333338,235.5
2023-12-17 22:00:00,235.5,22,6,1,218.2,236.62666666666692,239.15,256.4
2023-12-17 23:00:00,256.4,23,6,1,235.5,236.70000000000027,245.76500000000007,151.53
2023-12-18 00:00:00,151.53,0,0,0,256.4,214.47666666666694,227.60333333333335,147.44
2023-12-18 01:00:00,147.44,1,0,0,151.53,185.1233333333336,210.87500000000003,168.01
2023-12-18 02:00:00,168.01,2,0,0,147.44,155.66000000000028,196.18000000000004,151.18
2023-12-18 03:00:00,151.18,3,0,0,168.01,155.54333333333363,185.01000000000002,140.23
2023-12-18 04:00:00,140.23,4,0,0,151.18,153.14000000000027,169.1316666666667,159.69
2023-12-18 05:00:00,159.69,5,0,0,140.23,150.36666666666696,153.01333333333338,180.09
2023-12-18 06:00:00,180.09,6,0,0,159.69,160.00333333333364,157.77333333333337,478.08
2023-12-18 07:00:00,478.08,7,0,0,180.09,272.6200000000003,212.88000000000002,504.76
2023-12-18 08:00:00,504.76,8,0,0,478.08,387.6433333333336,269.00500000000005,809.52
2023-12-18 09:00:00,809.52,9,0,0,504.76,597.4533333333336,378.7283333333333,819.73
2023-12-18 10:00:00,819.73,10,0,0,809.52,711.3366666666669,491.9783333333333,887.72
2023-12-18 11:00:00,887.72,11,0,0,819.73,838.9900000000004,613.3166666666667,859.27
2023-12-18 12:00:00,859.27,12,0,0,887.72,855.5733333333337,726.5133333333333,884.44
2023-12-18 13:00:00,884.44,13,0,0,859.27,877.1433333333338,794.2400000000001,873.06
2023-12-18 14:00:00,873.06,14,0,0,884.44,872.2566666666668,855.6233333333333,879.22
2023-12-18 15:00:00,879.22,15,0,0,873.06,878.9066666666669,867.2399999999999,867.16
2023-12-18 16:00:00,867.16,16,0,0,879.22,873.1466666666669,875.145,813.9
2023-12-18 17:00:00,813.9,17,0,0,867.16,853.4266666666668,862.8416666666667,820.63
2023-12-18 18:00:00,820.63,18,0,0,813.9,833.896666666667,856.4016666666668,469.79
2023-12-18 19:00:00,469.79,19,0,0,820.63,701.4400000000002,787.2933333333334,523.28
2023-12-18 20:00:00,523.28,20,0,0,469.79,604.566666666667,728.9966666666668,127.55
2023-12-18 21:00:00,127.55,21,0,0,523.28,373.54000000000025,603.7183333333334,132.03
2023-12-18 22:00:00,132.03,22,0,0,127.55,260.9533333333336,481.1966666666667,159.32
2023-12-18 23:00:00,159.32,23,0,0,132.03,139.63333333333364,372.1000000000001,152.66
2023-12-19 00:00:00,152.66,0,1,0,159.32,148.00333333333364,260.7716666666667,179.4
2023-12-19 01:00:00,179.4,1,1,0,152.66,163.79333333333363,212.37333333333336,148.38
2023-12-19 02:00:00,148.38,2,1,0,179.4,160.14666666666696,149.89000000000001,155.29
2023-12-19 03:00:00,155.29,3,1,0,148.38,161.02333333333362,154.51333333333338,191.99
2023-12-19 04:00:00,191.99,4,1,0,155.29,165.22000000000028,164.5066666666667,150.01
2023-12-19 05:00:00,150.01,5,1,0,191.99,165.76333333333363,162.95500000000004,176.02
2023-12-19 06:00:00,176.02,6,1,0,150.01,172.67333333333363,166.8483333333334,463.76
2023-12-19 07:00:00,463.76,7,1,0,176.02,263.2633333333336,214.2416666666667,478.49
2023-12-19 08:00:00,478.49,8,1,0,463.76,372.75666666666694,269.26000000000005,807.85
2023-12-19 09:00:00,807.85,9,1,0,478.49,583.366666666667,378.02000000000004,798.7
2023-12-19 10:00:00,798.7,10,1,0,807.85,695.0133333333337,479.1383333333334,829.17
2023-12-19 11:00:00,829.17,11,1,0,798.7,811.9066666666671,592.3316666666667,849.49
2023-12-19 12:00:00,849.49,12,1,0,829.17,825.786666666667,704.5766666666667,868.5
2023-12-19 13:00:00,868.5,13,1,0,849.49,849.0533333333336,772.0333333333333,911.59
2023-12-19 14:00:00,911.59,14,1,0,868.5,876.526666666667,844.2166666666667,887.13
2023-12-19 15:00:00,887.13,15,1,0,911.59,889.0733333333337,857.43,832.07
2023-12-19 16:00:00,832.07,16,1,0,887.13,876.9300000000003,862.9916666666667,818.05
2023-12-19 17:00:00,818.05,17,1,0,832.07,845.7500000000003,861.1383333333333,784.24
2023-12-19 18:00:00,784.24,18,1,0,818.05,811.4533333333335,850.2633333333333,475.26
2023-12-19 19:00:00,475.26,19,1,0,784.24,692.516666666667,784.7233333333334,509.67
2023-12-19 20:00:00,509.67,20,1,0,475.26,589.7233333333337,717.7366666666667,151.17
2023-12-19 21:00:00,151.17,21,1,0,509.67,378.7000000000003,595.0766666666667,170.7
2023-12-19 22:00:00,170.7,22,1,0,151.17,277.1800000000003,484.84833333333336,155.65
2023-12-19 23:00:00,155.65,23,1,0,170.7,159.17333333333363,374.4483333333333,156.9
2023-12-20 00:00:00,156.9,0,2,0,155.65,161.08333333333363,269.8916666666667,176.41
2023-12-20 01:00:00,176.41,1,2,0,156.9,162.98666666666696,220.08333333333334,127.29
2023-12-20 02:00:00,127.29,2,2,0,176.41,153.53333333333364,156.35333333333338,162.16
2023-12-20 03:00:00,162.16,3,2,0,127.29,155.28666666666697,158.18500000000003,148.57
2023-12-20 04:00:00,148.57,4,2,0,162.16,146.00666666666697,154.4966666666667,166.76
2023-12-20 05:00:00,166.76,5,2,0,148.57,159.1633333333336,156.34833333333336,159.21
2023-12-20 06:00:00,159.21,6,2,0,166.76,158.1800000000003,156.73333333333338,485.92
2023-12-20 07:00:00,485.92,7,2,0,159.21,270.63000000000034,208.31833333333338,487.78
2023-12-20 08:00:00,487.78,8,2,0,485.92,377.636666666667,268.40000000000003,764.62
2023-12-20 09:00:00,764.62,9,2,0,487.78,579.4400000000003,368.81,798.86
2023-12-20 10:00:00,798.86,10,2,0,764.62,683.7533333333337,477.19166666666666,825.75
2023-12-20 11:00:00,825.75,11,2,0,798.86,796.4100000000003,587.0233333333334,895.88
2023-12-20 12:00:00,895.88,12,2,0,825.75,840.1633333333335,709.8016666666667,888.58
2023-12-20 13:00:00,888.58,13,2,0,895.88,870.0700000000003,776.9116666666667,882.99
2023-12-20 14:00:00,882.99,14,2,0,888.58,889.1500000000002,842.7800000000001,869.69
2023-12-20 15:00:00,869.69,15,2,0,882.99,880.4200000000004,860.2916666666669,856.64
2023-12-20 16:00:00,856.64,16,2,0,869.69,869.7733333333337,869.9216666666666,807.18
2023-12-20 17:00:00,807.18,17,2,0,856.64,844.5033333333336,866.8266666666667,802.16
2023-12-20 18:00:00,802.16,18,2,0,807.18,821.9933333333335,851.2066666666666,483.31
2023-12-20 19:00:00,483.31,19,2,0,802.16,697.5500000000003,783.6616666666667,472.41
2023-12-20 20:00:00,472.41,20,2,0,483.31,585.9600000000004,715.2316666666667,167.53
2023-12-20 21:00:00,167.53,21,2,0,472.41,374.41666666666697,598.205,158.94
2023-12-20 22:00:00,158.94,22,2,0,167.53,266.2933333333337,481.9216666666667,135.0
2023-12-20 23:00:00,135.0,23,2,0,158.94,153.82333333333364,369.8916666666667,174.86
2023-12-21 00:00:00,174.86,0,3,0,135.0,156.266666666667,265.3416666666667,182.66
2023-12-21 01:00:00,182.66,1,3,0,174.86,164.17333333333363,215.23333333333338,174.69
2023-12-21 02:00:00,174.69,2,3,0,182.66,177.40333333333365,165.61333333333337,159.27
2023-12-21 03:00:00,159.27,3,3,0,174.69,172.20666666666696,164.2366666666667,214.19
2023-12-21 04:00:00,214.19,4,3,0,159.27,182.71666666666695,173.44500000000005,184.64
2023-12-21 05:00:00,184.64,5,3,0,214.19,186.03333333333364,181.71833333333336,151.73
2023-12-21 06:00:00,151.73,6,3,0,184.64,183.5200000000003,177.86333333333337,506.25
2023-12-21 07:00:00,506.25,7,3,0,151.73,280.8733333333336,231.79500000000004,470.58
2023-12-21 08:00:00,470.58,8,3,0,506.25,376.18666666666695,281.11,776.69
2023-12-21 09:00:00,776.69,9,3,0,470.58,584.506666666667,384.0133333333333,806.55
2023-12-21 10:00:00,806.55,10,3,0,776.69,684.6066666666669,482.74,792.42
2023-12-21 11:00:00,792.42,11,3,0,806.55,791.8866666666669,584.0366666666667,850.0
2023-12-21 12:00:00,850.0,12,3,0,792.42,816.3233333333336,700.415,840.7
2023-12-21 13:00:00,840.7,13,3,0,850.0,827.7066666666669,756.1566666666668,880.3
2023-12-21 14:00:00,880.3,14,3,0,840.7,857.0000000000003,824.4433333333333,843.76
2023-12-21 15:00:00,843.76,15,3,0,880.3,854.9200000000002,835.6216666666666,835.71
2023-12-21 16:00:00,835.71,16,3,0,843.76,853.256666666667,840.4816666666667,818.73
2023-12-21 17:00:00,818.73,17,3,0,835.71,832.7333333333336,844.8666666666668,808.94
2023-12-21 18:00:00,808.94,18,3,0,818.73,821.126666666667,838.0233333333334,478.96
2023-12-21 19:00:00,478.96,19,3,0,808.94,702.2100000000004,777.7333333333335,487.87
2023-12-21 20:00:00,487.87,20,3,0,478.96,591.9233333333337,712.3283333333334,139.25
2023-12-21 21:00:00,139.25,21,3,0,487.87,368.6933333333336,594.91,159.0
2023-12-21 22:00:00,159.0,22,3,0,139.25,262.04000000000025,482.125,137.66
2023-12-21 23:00:00,137.66,23,3,0,159.0,145.30333333333363,368.6133333333334,193.5
2023-12-22 00:00:00,193.5,0,4,0,137.66,163.38666666666697,266.04,139.62
2023-12-22 01:00:00,139.62,1,4,0,193.5,156.92666666666696,209.48333333333338,138.74
2023-12-22 02:00:00,138.74,2,4,0,139.62,157.28666666666697,151.29500000000004,133.11
2023-12-22 03:00:00,133.11,3,4,0,138.74,137.15666666666698,150.2716666666667,159.23
2023-12-22 04:00:00,159.23,4,4,0,133.11,143.69333333333364,150.31000000000006,134.77
2023-12-22 05:00:00,134.77,5,4,0,159.23,142.37000000000032,149.82833333333338,172.27
2023-12-22 06:00:00,172.27,6,4,0,134.77,155.42333333333366,146.29000000000005,472.5
2023-12-22 07:00:00,472.5,7,4,0,172.27,259.846666666667,201.77000000000007,481.69
2023-12-22 08:00:00,481.69,8,4,0,472.5,375.48666666666696,258.92833333333334,803.95
2023-12-22 09:00:00,803.95,9,4,0,481.69,586.046666666667,370.73500000000007,822.77
2023-12-22 10:00:00,822.77,10,4,0,803.95,702.8033333333336,481.32500000000005,839.86
2023-12-22 11:00:00,839.86,11,4,0,822.77,822.1933333333336,598.84,884.09
2023-12-22 12:00:00,884.09,12,4,0,839.86,848.9066666666671,717.4766666666668,866.8
2023-12-22 13:00:00,866.8,13,4,0,884.09,863.5833333333336,783.1933333333333,857.91
2023-12-22 14:00:00,857.91,14,4,0,866.8,869.6000000000003,845.8966666666666,879.99
2023-12-22 15:00:00,879.99,15,4,0,857.91,868.2333333333336,858.57,847.29
2023-12-22 16:00:00,847.29,16,4,0,879.99,861.7300000000004,862.6566666666668,837.16
2023-12-22 17:00:00,837.16,17,4,0,847.29,854.8133333333336,862.2066666666666,791.07
2023-12-22 18:00:00,791.07,18,4,0,837.16,825.1733333333336,846.7033333333333,499.81
2023-12-22 19:00:00,499.81,19,4,0,791.07,709.3466666666669,785.5383333333334,492.49
2023-12-22 20:00:00,492.49,20,4,0,499.81,594.456666666667,724.6350000000001,132.03
2023-12-22 21:00:00,132.03,21,4,0,492.49,374.7766666666669,599.975,167.96
2023-12-22 22:00:00,167.96,22,4,0,132.03,264.1600000000003,486.7533333333334,177.44
2023-12-22 23:00:00,177.44,23,4,0,167.96,159.14333333333363,376.8000000000001,233.54
2023-12-23 00:00:00,233.54,0,5,1,177.44,192.98000000000027,283.8783333333334,238.28
2023-12-23 01:00:00,238.28,1,5,1,233.54,216.4200000000003,240.29000000000005,218.87
2023-12-23 02:00:00,218.87,2,5,1,238.28,230.23000000000033,194.6866666666667,235.51
2023-12-23 03:00:00,235.51,3,5,1,218.87,230.886666666667,211.93333333333337,243.86
2023-12-23 04:00:00,243.86,4,5,1,235.51,232.74666666666698,224.58333333333337,234.97
2023-12-23 05:00:00,234.97,5,5,1,243.86,238.11333333333366,234.17166666666674,238.69
2023-12-23 06:00:00,238.69,6,5,1,234.97,239.17333333333363,235.03,226.47
2023-12-23 07:00:00,226.47,7,5,1,238.69,233.37666666666698,233.0616666666667,225.38
2023-12-23 08:00:00,225.38,8,5,1,226.47,230.1800000000003,234.14666666666673,218.01
2023-12-23 09:00:00,218.01,9,5,1,225.38,223.28666666666697,231.23000000000005,237.93
2023-12-23 10:00:00,237.93,10,5,1,218.01,227.10666666666694,230.2416666666667,230.11
2023-12-23 11:00:00,230.11,11,5,1,237.93,228.68333333333362,229.4316666666667,226.22
2023-12-23 12:00:00,226.22,12,5,1,230.11,231.4200000000003,227.35333333333338,233.25
2023-12-23 13:00:00,233.25,13,5,1,226.22,229.86000000000033,228.48333333333338,222.13
2023-12-23 14:00:00,222.13,14,5,1,233.25,227.2000000000003,227.9416666666667,264.02
2023-12-23 15:00:00,264.02,15,5,1,222.13,239.8000000000003,235.61000000000004,238.56
2023-12-23 16:00:00,238.56,16,5,1,264.02,241.5700000000003,235.71500000000006,249.66
2023-12-23 17:00:00,249.66,17,5,1,238.56,250.74666666666698,238.97333333333336,212.29
2023-12-23 18:00:00,212.29,18,5,1,249.66,233.50333333333364,236.65166666666673,251.25
2023-12-23 19:00:00,251.25,19,5,1,212.29,237.73333333333366,239.65166666666673,240.89
2023-12-23 20:00:00,240.89,20,5,1,251.25,234.81000000000031,242.7783333333334,267.9
2023-12-23 21:00:00,267.9,21,5,1,240.89,253.34666666666695,243.42500000000004,238.1
2023-12-23 22:00:00,238.1,22,5,1,267.9,248.96333333333362,243.34833333333336,221.07
2023-12-23 23:00:00,221.07,23,5,1,238.1,242.35666666666694,238.58333333333337,239.6
2023-12-24 00:00:00,239.6,0,6,1,221.07,232.92333333333363,243.135,242.08
2023-12-24 01:00:00,242.08,1,6,1,239.6,234.2500000000003,241.60666666666668,252.47
2023-12-24 02:00:00,252.47,2,6,1,242.08,244.716666666667,243.53666666666672,241.37
2023-12-24 03:00:00,241.37,3,6,1,252.47,245.30666666666698,239.115,183.7
2023-12-24 04:00:00,183.7,4,6,1,241.37,225.84666666666695,230.04833333333337,241.72
2023-12-24 05:00:00,241.72,5,6,1,183.7,222.26333333333363,233.49000000000004,269.35
2023-12-24 06:00:00,269.35,6,6,1,241.72,231.5900000000003,238.44833333333335,219.87
2023-12-24 07:00:00,219.87,7,6,1,269.35,243.646666666667,234.7466666666667,267.06
2023-12-24 08:00:00,267.06,8,6,1,219.87,252.09333333333362,237.17833333333337,250.43
2023-12-24 09:00:00,250.43,9,6,1,267.06,245.78666666666695,238.6883333333334,230.64
2023-12-24 10:00:00,230.64,10,6,1,250.43,249.37666666666692,246.51166666666668,224.39
2023-12-24 11:00:00,224.39,11,6,1,230.64,235.15333333333362,243.62333333333336,216.71
2023-12-24 12:00:00,216.71,12,6,1,224.39,223.9133333333336,234.85000000000005,222.98
2023-12-24 13:00:00,222.98,13,6,1,216.71,221.36000000000027,235.36833333333337,254.61
2023-12-24 14:00:00,254.61,14,6,1,222.98,231.43333333333362,233.29333333333338,255.05
2023-12-24 15:00:00,255.05,15,6,1,254.61,244.2133333333336,234.06333333333336,241.05
2023-12-24 16:00:00,241.05,16,6,1,255.05,250.236666666667,235.7983333333334,276.21
2023-12-24 17:00:00,276.21,17,6,1,241.05,257.43666666666695,244.43500000000003,241.14
2023-12-24 18:00:00,241.14,18,6,1,276.21,252.8000000000003,248.5066666666667,231.16
2023-12-24 19:00:00,231.16,19,6,1,241.14,249.5033333333336,249.87000000000003,227.05
2023-12-24 20:00:00,227.05,20,6,1,231.16,233.11666666666693,245.27666666666673,182.59
2023-12-24 21:00:00,182.59,21,6,1,227.05,213.60000000000028,233.20000000000002,232.66
2023-12-24 22:00:00,232.66,22,6,1,182.59,214.10000000000028,231.8016666666667,241.45
2023-12-24 23:00:00,241.45,23,6,1,232.66,218.9000000000003,226.0083333333334,161.01
2023-12-25 00:00:00,161.01,0,0,0,241.45,211.70666666666693,212.6533333333334,196.73
2023-12-25 01:00:00,196.73,1,0,0,161.01,199.73000000000027,206.91500000000005,146.62
2023-12-25 02:00:00,146.62,2,0,0,196.73,168.12000000000026,193.51000000000002,198.93
2023-12-25 03:00:00,198.93,3,0,0,146.62,180.7600000000003,196.23333333333338,183.27
2023-12-25 04:00:00,183.27,4,0,0,198.93,176.27333333333362,188.0016666666667,138.23
2023-12-25 05:00:00,138.23,5,0,0,183.27,173.47666666666694,170.79833333333337,148.96
2023-12-25 06:00:00,148.96,6,0,0,138.23,156.82000000000028,168.79000000000005,468.2
2023-12-25 07:00:00,468.2,7,0,0,148.96,251.79666666666697,214.03500000000005,478.63
2023-12-25 08:00:00,478.63,8,0,0,468.2,365.2633333333336,269.37000000000006,826.2
2023-12-25 09:00:00,826.2,9,0,0,478.63,591.0100000000003,373.915,795.36
2023-12-25 10:00:00,795.36,10,0,0,826.2,700.0633333333336,475.93000000000006,849.37
2023-12-25 11:00:00,849.37,11,0,0,795.36,823.6433333333338,594.4533333333334,851.8
2023-12-25 12:00:00,851.8,12,0,0,849.37,832.1766666666668,711.5933333333334,887.69
2023-12-25 13:00:00,887.69,13,0,0,851.8,862.9533333333335,781.5083333333333,861.46
2023-12-25 14:00:00,861.46,14,0,0,887.69,866.9833333333336,845.3133333333334,871.02
2023-12-25 15:00:00,871.02,15,0,0,861.46,873.3900000000003,852.7833333333334,871.67
2023-12-25 16:00:00,871.67,16,0,0,871.02,868.0500000000003,865.5016666666667,834.68
2023-12-25 17:00:00,834.68,17,0,0,871.67,859.1233333333336,863.0533333333333,781.51
2023-12-25 18:00:00,781.51,18,0,0,834.68,829.2866666666669,851.3383333333333,478.9
2023-12-25 19:00:00,478.9,19,0,0,781.51,698.3633333333336,783.2066666666666,467.39
2023-12-25 20:00:00,467.39,20,0,0,478.9,575.9333333333336,717.5283333333333,174.14
2023-12-25 21:00:00,174.14,21,0,0,467.39,373.4766666666669,601.3816666666667,171.33
2023-12-25 22:00:00,171.33,22,0,0,174.14,270.95333333333366,484.65833333333336,145.65
2023-12-25 23:00:00,145.65,23,0,0,171.33,163.70666666666696,369.82,165.64
2023-12-26 00:00:00,165.64,0,1,0,145.65,160.87333333333365,267.175,140.79
2023-12-26 01:00:00,140.79,1,1,0,165.64,150.6933333333336,210.82333333333338,196.41
2023-12-26 02:00:00,196.41,2,1,0,140.79,167.61333333333363,165.66000000000005,108.79
2023-12-26 03:00:00,108.79,3,1,0,196.41,148.66333333333364,154.76833333333337,128.74
2023-12-26 04:00:00,128.74,4,1,0,108.79,144.646666666667,147.67000000000004,189.92
2023-12-26 05:00:00,189.92,5,1,0,128.74,142.48333333333366,155.04833333333337,172.08
2023-12-26 06:00:00,172.08,6,1,0,189.92,163.5800000000003,156.1216666666667,460.19
2023-12-26 07:00:00,460.19,7,1,0,172.08,274.0633333333337,209.35500000000005,452.94
2023-12-26 08:00:00,452.94,8,1,0,460.19,361.73666666666696,252.11000000000004,792.74
2023-12-26 09:00:00,792.74,9,1,0,452.94,568.6233333333336,366.1016666666667,816.62
2023-12-26 10:00:00,816.62,10,1,0,792.74,687.4333333333337,480.7483333333333,807.73
2023-12-26 11:00:00,807.73,11,1,0,816.62,805.696666666667,583.7166666666667,865.18
2023-12-26 12:00:00,865.18,12,1,0,807.73,829.8433333333337,699.2333333333335,881.42
2023-12-26 13:00:00,881.42,13,1,0,865.18,851.4433333333336,769.4383333333334,870.59
2023-12-26 14:00:00,870.59,14,1,0,881.42,872.396666666667,839.0466666666666,889.63
2023-12-26 15:00:00,889.63,15,1,0,870.59,880.5466666666671,855.195,836.1
2023-12-26 16:00:00,836.1,16,1,0,889.63,865.4400000000004,858.4416666666667,830.34
2023-12-26 17:00:00,830.34,17,1,0,836.1,852.0233333333335,862.21,799.27
2023-12-26 18:00:00,799.27,18,1,0,830.34,821.9033333333336,851.225,493.32
2023-12-26 19:00:00,493.32,19,1,0,799.27,707.6433333333338,786.5416666666666,461.51
2023-12-26 20:00:00,461.51,20,1,0,493.32,584.7000000000003,718.3616666666667,147.16
2023-12-26 21:00:00,147.16,21,1,0,461.51,367.3300000000003,594.6166666666667,147.07
2023-12-26 22:00:00,147.07,22,1,0,147.16,251.91333333333364,479.77833333333336,144.56
2023-12-26 23:00:00,144.56,23,1,0,147.07,146.26333333333363,365.4816666666666,128.76
2023-12-27 00:00:00,128.76,0,2,0,144.56,140.1300000000003,253.73000000000002,175.71
2023-12-27 01:00:00,175.71,1,2,0,128.76,149.67666666666696,200.79500000000004,142.13
2023-12-27 02:00:00,142.13,2,2,0,175.71,148.866666666667,147.56500000000005,169.62
2023-12-27 03:00:00,169.62,3,2,0,142.13,162.486666666667,151.30833333333337,141.92
2023-12-27 04:00:00,141.92,4,2,0,169.62,151.2233333333336,150.45000000000005,181.43
2023-12-27 05:00:00,181.43,5,2,0,141.92,164.32333333333364,156.59500000000003,141.07
2023-12-27 06:00:00,141.07,6,2,0,181.43,154.80666666666696,158.6466666666667,464.09
2023-12-27 07:00:00,464.09,7,2,0,141.07,262.196666666667,206.71000000000004,456.92
2023-12-27 08:00:00,456.92,8,2,0,464.09,354.0266666666669,259.175,807.46
2023-12-27 09:00:00,807.46,9,2,0,456.92,576.156666666667,365.48166666666674,794.27
2023-12-27 10:00:00,794.27,10,2,0,807.46,686.216666666667,474.2066666666667,860.49
2023-12-27 11:00:00,860.49,11,2,0,794.27,820.7400000000004,587.3833333333333,900.96
2023-12-27 12:00:00,900.96,12,2,0,860.49,851.9066666666671,714.0316666666668,890.2
2023-12-27 13:00:00,890.2,13,2,0,900.96,883.8833333333337,785.0500000000001,877.3
2023-12-27 14:00:00,877.3,14,2,0,890.2,889.486666666667,855.1133333333333,876.44
2023-12-27 15:00:00,876.44,15,2,0,877.3,881.3133333333336,866.61,822.67
2023-12-27 16:00:00,822.67,16,2,0,876.44,858.8033333333336,871.3433333333334,822.6
2023-12-27 17:00:00,822.6,17,2,0,822.67,840.5700000000003,865.0283333333333,801.31
2023-12-27 18:00:00,801.31,18,2,0,822.6,815.526666666667,848.4200000000001,504.17
2023-12-27 19:00:00,504.17,19,2,0,801.31,709.3600000000002,784.0816666666666,508.32
2023-12-27 20:00:00,508.32,20,2,0,504.17,604.6000000000003,722.585,126.31
2023-12-27 21:00:00,126.31,21,2,0,508.32,379.6000000000003,597.5633333333334,162.57
2023-12-27 22:00:00,162.57,22,2,0,126.31,265.73333333333363,487.5466666666667,178.09
2023-12-27 23:00:00,178.09,23,2,0,162.57,155.65666666666698,380.12833333333333,147.59
2023-12-28 00:00:00,147.59,0,3,0,178.09,162.7500000000003,271.175,174.83
2023-12-28 01:00:00,174.83,1,3,0,147.59,166.83666666666696,216.28500000000005,163.04
2023-12-28 02:00:00,163.04,2,3,0,174.83,161.8200000000003,158.73833333333337,174.45
2023-12-28 03:00:00,174.45,3,3,0,163.04,170.77333333333362,166.7616666666667,163.72
2023-12-28 04:00:00,163.72,4,3,0,174.45,167.07000000000028,166.95333333333338,118.63
2023-12-28 05:00:00,118.63,5,3,0,163.72,152.26666666666696,157.04333333333338,157.7
2023-12-28 06:00:00,157.7,6,3,0,118.63,146.68333333333362,158.72833333333338,457.57
2023-12-28 07:00:00,457.57,7,3,0,157.7,244.63333333333364,205.8516666666667,488.95
2023-12-28 08:00:00,488.95,8,3,0,457.57,368.07333333333366,260.17,808.84
2023-12-28 09:00:00,808.84,9,3,0,488.95,585.1200000000003,365.9016666666667,840.55
2023-12-28 10:00:00,840.55,10,3,0,808.84,712.7800000000002,478.7066666666667,863.31
2023-12-28 11:00:00,863.31,11,3,0,840.55,837.566666666667,602.82,863.24
2023-12-28 12:00:00,863.24,12,3,0,863.31,855.7000000000003,720.41,861.59
2023-12-28 13:00:00,861.59,13,3,0,863.24,862.7133333333336,787.7466666666668,894.47
2023-12-28 14:00:00,894.47,14,3,0,861.59,873.1000000000004,855.3333333333334,899.8
2023-12-28 15:00:00,899.8,15,3,0,894.47,885.2866666666669,870.4933333333333,860.19
2023-12-28 16:00:00,860.19,16,3,0,899.8,884.8200000000003,873.7666666666668,843.13
2023-12-28 17:00:00,843.13,17,3,0,860.19,867.7066666666669,870.4033333333333,830.71
2023-12-28 18:00:00,830.71,18,3,0,843.13,844.6766666666668,864.9816666666669,487.53
2023-12-28 19:00:00,487.53,19,3,0,830.71,720.4566666666669,802.6383333333334,486.25
2023-12-28 20:00:00,486.25,20,3,0,487.53,601.4966666666669,734.6016666666668,166.91
2023-12-28 21:00:00,166.91,21,3,0,486.25,380.23000000000025,612.4533333333334,128.91
2023-12-28 22:00:00,128.91,22,3,0,166.91,260.6900000000003,490.5733333333333,195.61
2023-12-28 23:00:00,195.61,23,3,0,128.91,163.81000000000026,382.6533333333334,176.47
2023-12-29 00:00:00,176.47,0,4,0,195.61,166.99666666666693,273.6133333333334,173.55
2023-12-29 01:00:00,173.55,1,4,0,176.47,181.87666666666692,221.2833333333334,163.9
2023-12-29 02:00:00,163.9,2,4,0,173.55,171.30666666666693,167.55833333333337,133.82
2023-12-29 03:00:00,133.82,3,4,0,163.9,157.09000000000026,162.04333333333338,149.49
2023-12-29 04:00:00,149.49,4,4,0,133.82,149.07000000000028,165.47333333333336,137.85
2023-12-29 05:00:00,137.85,5,4,0,149.49,140.3866666666669,155.84666666666672,162.14
2023-12-29 06:00:00,162.14,6,4,0,137.85,149.82666666666694,153.45833333333337,469.8
2023-12-29 07:00:00,469.8,7,4,0,162.14,256.5966666666669,202.83333333333337,487.83
2023-12-29 08:00:00,487.83,8,4,0,469.8,373.2566666666669,256.8216666666667,799.31
2023-12-29 09:00:00,799.31,9,4,0,487.83,585.6466666666669,367.7366666666667,809.83
2023-12-29 10:00:00,809.83,10,4,0,799.31,698.9900000000002,477.79333333333335,826.39
2023-12-29 11:00:00,826.39,11,4,0,809.83,811.8433333333336,592.5500000000001,848.26
2023-12-29 12:00:00,848.26,12,4,0,826.39,828.1600000000003,706.9033333333333,891.72
2023-12-29 13:00:00,891.72,13,4,0,848.26,855.4566666666669,777.2233333333334,879.28
2023-12-29 14:00:00,879.28,14,4,0,891.72,873.0866666666669,842.465,873.58
2023-12-29 15:00:00,873.58,15,4,0,879.28,881.526666666667,854.8433333333334,844.81
2023-12-29 16:00:00,844.81,16,4,0,873.58,865.8900000000003,860.6733333333335,849.67
2023-12-29 17:00:00,849.67,17,4,0,844.81,856.0200000000003,864.5533333333333,785.79
2023-12-29 18:00:00,785.79,18,4,0,849.67,826.756666666667,854.1416666666668,481.08
2023-12-29 19:00:00,481.08,19,4,0,785.79,705.5133333333337,785.7016666666668,538.5
2023-12-29 20:00:00,538.5,20,4,0,481.08,601.7900000000003,728.9050000000001,179.87
2023-12-29 21:00:00,179.87,21,4,0,538.5,399.8166666666669,613.2866666666666,167.7
2023-12-29 22:00:00,167.7,22,4,0,179.87,295.35666666666697,500.435,147.11
2023-12-29 23:00:00,147.11,23,4,0,167.7,164.89333333333363,383.3416666666667,233.89
2023-12-30 00:00:00,233.89,0,5,1,147.11,182.90000000000032,291.35833333333335,217.54
2023-12-30 01:00:00,217.54,1,5,1,233.89,199.51333333333363,247.43500000000003,244.24
2023-12-30 02:00:00,244.24,2,5,1,217.54,231.8900000000003,198.39166666666668,220.52
2023-12-30 03:00:00,220.52,3,5,1,244.24,227.43333333333362,205.1666666666667,250.94
2023-12-30 04:00:00,250.94,4,5,1,220.52,238.56666666666698,219.04000000000005,235.29
2023-12-30 05:00:00,235.29,5,5,1,250.94,235.58333333333363,233.7366666666667,250.54
2023-12-30 06:00:00,250.54,6,5,1,235.29,245.5900000000003,236.51166666666668,179.26
2023-12-30 07:00:00,179.26,7,5,1,250.54,221.69666666666694,230.1316666666667,238.66
2023-12-30 08:00:00,238.66,8,5,1,179.26,222.8200000000003,229.2016666666667,212.28
2023-12-30 09:00:00,212.28,9,5,1,238.66,210.06666666666698,227.82833333333338,223.76
2023-12-30 10:00:00,223.76,10,5,1,212.28,224.90000000000032,223.29833333333337,227.42
2023-12-30 11:00:00,227.42,11,5,1,223.76,221.15333333333365,221.98666666666668,250.23
2023-12-30 12:00:00,250.23,12,5,1,227.42,233.80333333333363,221.93500000000003,240.81
2023-12-30 13:00:00,240.81,13,5,1,250.23,239.486666666667,232.19333333333338,223.08
2023-12-30 14:00:00,223.08,14,5,1,240.81,238.0400000000003,229.5966666666667,250.04
2023-12-30 15:00:00,250.04,15,5,1,223.08,237.976666666667,235.89000000000001,252.05
2023-12-30 16:00:00,252.05,16,5,1,250.04,241.72333333333367,240.60500000000002,246.82
2023-12-30 17:00:00,246.82,17,5,1,252.05,249.63666666666697,243.83833333333337,224.35
2023-12-30 18:00:00,224.35,18,5,1,246.82,241.07333333333364,239.52500000000006,244.76
2023-12-30 19:00:00,244.76,19,5,1,224.35,238.64333333333363,240.18333333333337,250.06
2023-12-30 20:00:00,250.06,20,5,1,244.76,239.7233333333336,244.68000000000004,248.81
2023-12-30 21:00:00,248.81,21,5,1,250.06,247.87666666666698,244.47500000000002,242.2
2023-12-30 22:00:00,242.2,22,5,1,248.81,247.02333333333362,242.83333333333337,239.7
2023-12-30 23:00:00,239.7,23,5,1,242.2,243.5700000000003,241.64666666666673,260.26
2023-12-31 00:00:00,260.26,0,6,1,239.7,247.38666666666697,247.6316666666667,262.86
2023-12-31 01:00:00,262.86,1,6,1,260.26,254.27333333333365,250.6483333333334,237.33
2023-12-31 02:00:00,237.33,2,6,1,262.86,253.48333333333366,248.52666666666673,256.48
2023-12-31 03:00:00,256.48,3,6,1,237.33,252.22333333333367,249.80500000000006,238.85
2023-12-31 04:00:00,238.85,4,6,1,256.48,244.22000000000034,249.2466666666667,258.86
2023-12-31 05:00:00,258.86,5,6,1,238.85,251.396666666667,252.44000000000005,248.39
2023-12-31 06:00:00,248.39,6,6,1,258.86,248.7000000000003,250.46166666666673,254.39
2023-12-31 07:00:00,254.39,7,6,1,248.39,253.8800000000003,249.05000000000004,252.27
2023-12-31 08:00:00,252.27,8,6,1,254.39,251.68333333333362,251.54000000000005,244.51
2023-12-31 09:00:00,244.51,9,6,1,252.27,250.3900000000003,249.54500000000004,212.16
2023-12-31 10:00:00,212.16,10,6,1,244.51,236.31333333333365,245.09666666666672,249.35
2023-12-31 11:00:00,249.35,11,6,1,212.16,235.3400000000003,243.51166666666668,263.97
2023-12-31 12:00:00,263.97,12,6,1,249.35,241.82666666666697,246.10833333333338,229.49
2023-12-31 13:00:00,229.49,13,6,1,263.97,247.6033333333336,241.95833333333337,205.34
2023-12-31 14:00:00,205.34,14,6,1,229.49,232.93333333333365,234.13666666666668,267.37
2023-12-31 15:00:00,267.37,15,6,1,205.34,234.06666666666698,237.94666666666672,251.8
2023-12-31 16:00:00,251.8,16,6,1,267.37,241.50333333333364,244.55333333333337,261.16
2023-12-31 17:00:00,261.16,17,6,1,251.8,260.1100000000003,246.52166666666673,254.19
2023-12-31 18:00:00,254.19,18,6,1,261.16,255.716666666667,244.89166666666674,245.8
2023-12-31 19:00:00,245.8,19,6,1,254.19,253.716666666667,247.61000000000004,250.03
2023-12-31 20:00:00,250.03,20,6,1,245.8,250.00666666666697,255.0583333333334,252.62
2023-12-31 21:00:00,252.62,21,6,1,250.03,249.48333333333366,252.60000000000005,238.55
2023-12-31 22:00:00,238.55,22,6,1,252.62,247.06666666666698,250.39166666666674,203.22
