datetime,energy_kwh,hour,day_of_week,is_weekend,prev_hour_energy,rolling_3h_avg,rolling_6h_avg,target_next_hour
2023-01-01 05:00:00,1088.86,5,6,1,1042.03,1065.1466666666665,1030.3233333333335,1112.11
2023-01-01 06:00:00,1112.11,6,6,1,1088.86,1081.0,1043.5266666666666,1118.98
2023-01-01 07:00:00,1118.98,7,6,1,1112.11,1106.65,1055.4333333333332,1089.94
2023-01-01 08:00:00,1089.94,8,6,1,1118.98,1107.01,1086.0783333333334,1139.63
2023-01-01 09:00:00,1139.63,9,6,1,1089.94,1116.1833333333334,1098.5916666666667,1148.03
2023-01-01 10:00:00,1148.03,10,6,1,1139.63,1125.8666666666668,1116.2583333333334,1111.85
2023-01-01 11:00:00,1111.85,11,6,1,1148.03,1133.17,1120.0900000000001,1115.57
2023-01-01 12:00:00,1115.57,12,6,1,1111.85,1125.1499999999999,1120.6666666666667,1118.34
2023-01-01 13:00:00,1118.34,13,6,1,1115.57,1115.2533333333333,1120.5600000000002,1105.03
2023-01-01 14:00:00,1105.03,14,6,1,1118.34,1112.98,1123.075,1128.08
2023-01-01 15:00:00,1128.08,15,6,1,1105.03,1117.1499999999999,1121.1499999999999,1078.97
2023-01-01 16:00:00,1078.97,16,6,1,1128.08,1104.0266666666666,1109.64,1068.53
2023-01-01 17:00:00,1068.53,17,6,1,1078.97,1091.8600000000001,1102.4199999999998,1023.13
2023-01-01 18:00:00,1023.13,18,6,1,1068.53,1056.8766666666668,1087.0133333333333,1028.59
2023-01-01 19:00:00,1028.59,19,6,1,1023.13,1040.0833333333333,1072.055,1039.17
2023-01-01 20:00:00,1039.17,20,6,1,1028.59,1030.2966666666669,1061.0783333333331,1008.07
2023-01-01 21:00:00,1008.07,21,6,1,1039.17,1025.2766666666669,1041.0766666666666,1016.28
2023-01-01 22:00:00,1016.28,22,6,1,1008.07,1021.1733333333333,1030.6283333333333,1024.28
2023-01-01 23:00:00,1024.28,23,6,1,1016.28,1016.21,1023.2533333333334,1039.78
2023-01-02 00:00:00,1039.78,0,0,0,1024.28,1026.78,1026.0283333333334,1071.11
2023-01-02 01:00:00,1071.11,1,0,0,1039.78,1045.0566666666666,1033.115,1074.85
2023-01-02 02:00:00,1074.85,2,0,0,1071.11,1061.9133333333332,1039.0616666666667,1059.96
2023-01-02 03:00:00,1059.96,3,0,0,1074.85,1068.64,1047.71,1087.08
2023-01-02 04:00:00,1087.08,4,0,0,1059.96,1073.9633333333334,1059.51,1092.31
2023-01-02 05:00:00,1092.31,5,0,0,1087.08,1079.7833333333333,1070.8483333333331,1102.01
2023-01-02 06:00:00,1102.01,6,0,0,1092.31,1093.8,1081.22,1094.36
2023-01-02 07:00:00,1094.36,7,0,0,1102.01,1096.2266666666667,1085.095,1154.45
2023-01-02 08:00:00,1154.45,8,0,0,1094.36,1116.9399999999998,1098.3616666666665,1144.05
2023-01-02 09:00:00,1144.05,9,0,0,1154.45,1130.9533333333331,1112.3766666666666,1140.8
2023-01-02 10:00:00,1140.8,10,0,0,1144.05,1146.4333333333334,1121.3300000000002,1168.79
2023-01-02 11:00:00,1168.79,11,0,0,1140.8,1151.2133333333334,1134.0766666666666,1136.48
2023-01-02 12:00:00,1136.48,12,0,0,1168.79,1148.6899999999998,1139.8216666666665,1136.2
2023-01-02 13:00:00,1136.2,13,0,0,1136.48,1147.1566666666665,1146.795,1145.27
2023-01-02 14:00:00,1145.27,14,0,0,1136.2,1139.3166666666668,1145.265,1119.1
2023-01-02 15:00:00,1119.1,15,0,0,1145.27,1133.5233333333333,1141.1066666666666,1090.13
2023-01-02 16:00:00,1090.13,16,0,0,1119.1,1118.1666666666667,1132.6616666666666,1057.86
2023-01-02 17:00:00,1057.86,17,0,0,1090.13,1089.03,1114.1733333333334,1095.33
2023-01-02 18:00:00,1095.33,18,0,0,1057.86,1081.1066666666666,1107.315,1049.45
2023-01-02 19:00:00,1049.45,19,0,0,1095.33,1067.5466666666666,1092.8566666666668,1104.59
2023-01-02 20:00:00,1104.59,20,0,0,1049.45,1083.1233333333332,1086.0766666666666,1053.73
2023-01-02 21:00:00,1053.73,21,0,0,1104.59,1069.2566666666664,1075.1816666666666,1030.79
2023-01-02 22:00:00,1030.79,22,0,0,1053.73,1063.0366666666666,1065.2916666666665,1038.69
2023-01-02 23:00:00,1038.69,23,0,0,1030.79,1041.07,1062.0966666666666,1061.25
2023-01-03 00:00:00,1061.25,0,1,0,1038.69,1043.5766666666668,1056.4166666666667,1049.04
2023-01-03 01:00:00,1049.04,1,1,0,1061.25,1049.66,1056.3483333333334,1057.71
2023-01-03 02:00:00,1057.71,2,1,0,1049.04,1056.0,1048.535,1044.17
2023-01-03 03:00:00,1044.17,3,1,0,1057.71,1050.3066666666666,1046.9416666666668,1098.61
2023-01-03 04:00:00,1098.61,4,1,0,1044.17,1066.83,1058.2450000000001,1123.03
2023-01-03 05:00:00,1123.03,5,1,0,1098.61,1088.6033333333332,1072.3016666666665,1129.13
2023-01-03 06:00:00,1129.13,6,1,0,1123.03,1116.9233333333332,1083.615,1096.49
2023-01-03 07:00:00,1096.49,7,1,0,1129.13,1116.2166666666667,1091.5233333333333,1144.0
2023-01-03 08:00:00,1144.0,8,1,0,1096.49,1123.2066666666667,1105.905,1122.3
2023-01-03 09:00:00,1122.3,9,1,0,1144.0,1120.93,1118.9266666666665,1121.51
2023-01-03 10:00:00,1121.51,10,1,0,1122.3,1129.27,1122.7433333333333,1157.4
2023-01-03 11:00:00,1157.4,11,1,0,1121.51,1133.7366666666667,1128.4716666666666,1147.1
2023-01-03 12:00:00,1147.1,12,1,0,1157.4,1142.0033333333333,1131.4666666666667,1158.75
2023-01-03 13:00:00,1158.75,13,1,0,1147.1,1154.4166666666667,1141.8433333333332,1127.85
2023-01-03 14:00:00,1127.85,14,1,0,1158.75,1144.5666666666666,1139.1516666666666,1121.01
2023-01-03 15:00:00,1121.01,15,1,0,1127.85,1135.87,1138.9366666666667,1097.05
2023-01-03 16:00:00,1097.05,16,1,0,1121.01,1115.3033333333333,1134.86,1091.26
2023-01-03 17:00:00,1091.26,17,1,0,1097.05,1103.1066666666666,1123.8366666666668,1063.94
2023-01-03 18:00:00,1063.94,18,1,0,1091.26,1084.0833333333333,1109.9766666666667,1050.09
2023-01-03 19:00:00,1050.09,19,1,0,1063.94,1068.43,1091.8666666666666,1055.81
2023-01-03 20:00:00,1055.81,20,1,0,1050.09,1056.6133333333332,1079.86,1049.05
2023-01-03 21:00:00,1049.05,21,1,0,1055.81,1051.6499999999999,1067.8666666666666,1074.72
2023-01-03 22:00:00,1074.72,22,1,0,1049.05,1059.86,1064.145,1054.74
2023-01-03 23:00:00,1054.74,23,1,0,1074.72,1059.5033333333333,1058.0583333333332,1064.3
2023-01-04 00:00:00,1064.3,0,2,0,1054.74,1064.5866666666666,1058.1183333333333,1060.33
2023-01-04 01:00:00,1060.33,1,2,0,1064.3,1059.79,1059.825,1068.39
2023-01-04 02:00:00,1068.39,2,2,0,1060.33,1064.3400000000001,1061.9216666666666,1091.2
2023-01-04 03:00:00,1091.2,3,2,0,1068.39,1073.3066666666666,1068.9466666666667,1086.49
2023-01-04 04:00:00,1086.49,4,2,0,1091.2,1082.0266666666666,1070.9083333333333,1118.75
2023-01-04 05:00:00,1118.75,5,2,0,1086.49,1098.8133333333333,1081.5766666666666,1107.41
2023-01-04 06:00:00,1107.41,6,2,0,1118.75,1104.2166666666667,1088.7616666666665,1144.51
2023-01-04 07:00:00,1144.51,7,2,0,1107.41,1123.5566666666666,1102.7916666666667,1124.34
2023-01-04 08:00:00,1124.34,8,2,0,1144.51,1125.4199999999998,1112.1166666666666,1132.72
2023-01-04 09:00:00,1132.72,9,2,0,1124.34,1133.8566666666666,1119.0366666666666,1171.74
2023-01-04 10:00:00,1171.74,10,2,0,1132.72,1142.9333333333332,1133.2450000000001,1159.16
2023-01-04 11:00:00,1159.16,11,2,0,1171.74,1154.54,1139.98,1161.02
2023-01-04 12:00:00,1161.02,12,2,0,1159.16,1163.9733333333334,1148.915,1136.09
2023-01-04 13:00:00,1136.09,13,2,0,1161.02,1152.09,1147.5116666666665,1112.13
2023-01-04 14:00:00,1112.13,14,2,0,1136.09,1136.4133333333332,1145.4766666666667,1116.62
2023-01-04 15:00:00,1116.62,15,2,0,1112.13,1121.6133333333335,1142.7933333333333,1105.62
2023-01-04 16:00:00,1105.62,16,2,0,1116.62,1111.4566666666667,1131.7733333333333,1082.02
2023-01-04 17:00:00,1082.02,17,2,0,1105.62,1101.4199999999998,1118.9166666666667,1076.83
2023-01-04 18:00:00,1076.83,18,2,0,1082.02,1088.1566666666665,1104.885,1098.5
2023-01-04 19:00:00,1098.5,19,2,0,1076.83,1085.7833333333333,1098.62,1065.42
2023-01-04 20:00:00,1065.42,20,2,0,1098.5,1080.25,1090.835,1054.03
2023-01-04 21:00:00,1054.03,21,2,0,1065.42,1072.6499999999999,1080.4033333333332,1006.87
2023-01-04 22:00:00,1006.87,22,2,0,1054.03,1042.1066666666668,1063.945,1029.01
2023-01-04 23:00:00,1029.01,23,2,0,1006.87,1029.97,1055.11,1061.65
2023-01-05 00:00:00,1061.65,0,3,0,1029.01,1032.51,1052.58,1052.82
2023-01-05 01:00:00,1052.82,1,3,0,1061.65,1047.8266666666666,1044.9666666666667,1068.88
2023-01-05 02:00:00,1068.88,2,3,0,1052.82,1061.1166666666666,1045.5433333333333,1064.51
2023-01-05 03:00:00,1064.51,3,3,0,1068.88,1062.07,1047.29,1111.15
2023-01-05 04:00:00,1111.15,4,3,0,1064.51,1081.5133333333333,1064.67,1088.93
2023-01-05 05:00:00,1088.93,5,3,0,1111.15,1088.1966666666667,1074.6566666666668,1137.51
2023-01-05 06:00:00,1137.51,6,3,0,1088.93,1112.53,1087.3000000000002,1144.46
2023-01-05 07:00:00,1144.46,7,3,0,1137.51,1123.6333333333332,1102.5733333333335,1117.87
2023-01-05 08:00:00,1117.87,8,3,0,1144.46,1133.2799999999997,1110.7383333333335,1137.83
2023-01-05 09:00:00,1137.83,9,3,0,1117.87,1133.3866666666665,1122.9583333333333,1153.3
2023-01-05 10:00:00,1153.3,10,3,0,1137.83,1136.3333333333333,1129.9833333333333,1122.57
2023-01-05 11:00:00,1122.57,11,3,0,1153.3,1137.8999999999999,1135.59,1169.73
2023-01-05 12:00:00,1169.73,12,3,0,1122.57,1148.533333333333,1140.9599999999998,1125.7
2023-01-05 13:00:00,1125.7,13,3,0,1169.73,1139.3333333333333,1137.8333333333333,1121.93
2023-01-05 14:00:00,1121.93,14,3,0,1125.7,1139.12,1138.51,1124.12
2023-01-05 15:00:00,1124.12,15,3,0,1121.93,1123.9166666666667,1136.225,1138.68
2023-01-05 16:00:00,1138.68,16,3,0,1124.12,1128.2433333333333,1133.7883333333334,1089.72
2023-01-05 17:00:00,1089.72,17,3,0,1138.68,1117.5066666666664,1128.3133333333333,1090.39
2023-01-05 18:00:00,1090.39,18,3,0,1089.72,1106.2633333333333,1115.09,1046.18
2023-01-05 19:00:00,1046.18,19,3,0,1090.39,1075.43,1101.8366666666668,1047.48
2023-01-05 20:00:00,1047.48,20,3,0,1046.18,1061.3500000000001,1089.4283333333333,1034.46
2023-01-05 21:00:00,1034.46,21,3,0,1047.48,1042.7066666666667,1074.485,1026.41
2023-01-05 22:00:00,1026.41,22,3,0,1034.46,1036.1166666666666,1055.7733333333333,1024.85
2023-01-05 23:00:00,1024.85,23,3,0,1026.41,1028.5733333333333,1044.9616666666666,1045.78
2023-01-06 00:00:00,1045.78,0,4,0,1024.85,1032.3466666666666,1037.5266666666666,1041.75
2023-01-06 01:00:00,1041.75,1,4,0,1045.78,1037.46,1036.7883333333332,1083.63
2023-01-06 02:00:00,1083.63,2,4,0,1041.75,1057.0533333333333,1042.8133333333335,1083.47
2023-01-06 03:00:00,1083.47,3,4,0,1083.63,1069.6166666666666,1050.9816666666666,1085.46
2023-01-06 04:00:00,1085.46,4,4,0,1083.47,1084.1866666666667,1060.8233333333333,1089.52
2023-01-06 05:00:00,1089.52,5,4,0,1085.46,1086.1499999999999,1071.6016666666667,1142.17
2023-01-06 06:00:00,1142.17,6,4,0,1089.52,1105.7166666666665,1087.6666666666667,1135.7
2023-01-06 07:00:00,1135.7,7,4,0,1142.17,1122.4633333333331,1103.325,1164.69
2023-01-06 08:00:00,1164.69,8,4,0,1135.7,1147.5200000000002,1116.835,1126.21
2023-01-06 09:00:00,1126.21,9,4,0,1164.69,1142.2,1123.9583333333333,1167.16
2023-01-06 10:00:00,1167.16,10,4,0,1126.21,1152.6866666666667,1137.575,1156.26
2023-01-06 11:00:00,1156.26,11,4,0,1167.16,1149.8766666666668,1148.6983333333335,1148.17
2023-01-06 12:00:00,1148.17,12,4,0,1156.26,1157.1966666666667,1149.6983333333335,1162.38
2023-01-06 13:00:00,1162.38,13,4,0,1148.17,1155.6033333333335,1154.1450000000002,1126.39
2023-01-06 14:00:00,1126.39,14,4,0,1162.38,1145.6466666666668,1147.7616666666665,1089.18
2023-01-06 15:00:00,1089.18,15,4,0,1126.39,1125.9833333333333,1141.5900000000001,1113.83
2023-01-06 16:00:00,1113.83,16,4,0,1089.18,1109.8,1132.7016666666666,1066.46
2023-01-06 17:00:00,1066.46,17,4,0,1113.83,1089.823333333333,1117.7350000000001,1066.27
2023-01-06 18:00:00,1066.27,18,4,0,1066.46,1082.1866666666665,1104.085,1045.65
2023-01-06 19:00:00,1045.65,19,4,0,1066.27,1059.46,1084.63,1048.79
2023-01-06 20:00:00,1048.79,20,4,0,1045.65,1053.57,1071.6966666666667,1024.88
2023-01-06 21:00:00,1024.88,21,4,0,1048.79,1039.7733333333333,1060.98,1080.39
2023-01-06 22:00:00,1080.39,22,4,0,1024.88,1051.3533333333332,1055.4066666666668,1005.87
2023-01-06 23:00:00,1005.87,23,4,0,1080.39,1037.0466666666666,1045.3083333333334,1022.49
2023-01-07 00:00:00,1022.49,0,5,1,1005.87,1036.25,1038.0116666666665,1039.16
2023-01-07 01:00:00,1039.16,1,5,1,1022.49,1022.5066666666665,1036.93,1049.82
2023-01-07 02:00:00,1049.82,2,5,1,1039.16,1037.1566666666665,1037.1016666666667,1080.75
2023-01-07 03:00:00,1080.75,3,5,1,1049.82,1056.5766666666666,1046.4133333333334,1086.18
2023-01-07 04:00:00,1086.18,4,5,1,1080.75,1072.25,1047.3783333333333,1086.76
2023-01-07 05:00:00,1086.76,5,5,1,1086.18,1084.5633333333333,1060.86,1101.63
2023-01-07 06:00:00,1101.63,6,5,1,1086.76,1091.5233333333333,1074.05,1107.37
2023-01-07 07:00:00,1107.37,7,5,1,1101.63,1098.5866666666666,1085.4183333333333,1128.35
2023-01-07 08:00:00,1128.35,8,5,1,1107.37,1112.45,1098.5066666666667,1120.79
2023-01-07 09:00:00,1120.79,9,5,1,1128.35,1118.8366666666664,1105.18,1166.02
2023-01-07 10:00:00,1166.02,10,5,1,1120.79,1138.3866666666665,1118.4866666666665,1141.05
2023-01-07 11:00:00,1141.05,11,5,1,1166.02,1142.62,1127.535,1070.78
2023-01-07 12:00:00,1070.78,12,5,1,1141.05,1125.9499999999998,1122.3933333333332,1134.66
2023-01-07 13:00:00,1134.66,13,5,1,1070.78,1115.4966666666667,1126.9416666666666,1118.32
2023-01-07 14:00:00,1118.32,14,5,1,1134.66,1107.9199999999998,1125.27,1108.51
2023-01-07 15:00:00,1108.51,15,5,1,1118.32,1120.4966666666667,1123.2233333333334,1084.15
2023-01-07 16:00:00,1084.15,16,5,1,1108.51,1103.6599999999999,1109.5783333333334,1045.6
2023-01-07 17:00:00,1045.6,17,5,1,1084.15,1079.42,1093.67,1087.77
2023-01-07 18:00:00,1087.77,18,5,1,1045.6,1072.5066666666664,1096.5016666666668,1057.76
2023-01-07 19:00:00,1057.76,19,5,1,1087.77,1063.7099999999998,1083.6850000000002,1034.21
2023-01-07 20:00:00,1034.21,20,5,1,1057.76,1059.9133333333332,1069.6666666666667,1029.62
2023-01-07 21:00:00,1029.62,21,5,1,1034.21,1040.53,1056.5183333333332,1014.07
2023-01-07 22:00:00,1014.07,22,5,1,1029.62,1025.9666666666667,1044.8383333333334,1031.11
2023-01-07 23:00:00,1031.11,23,5,1,1014.07,1024.9333333333332,1042.4233333333334,1029.86
2023-01-08 00:00:00,1029.86,0,6,1,1031.11,1025.013333333333,1032.7716666666668,1047.92
2023-01-08 01:00:00,1047.92,1,6,1,1029.86,1036.2966666666664,1031.1316666666667,1049.45
2023-01-08 02:00:00,1049.45,2,6,1,1047.92,1042.4099999999999,1033.6716666666666,970.03
2023-01-08 03:00:00,970.03,3,6,1,1049.45,1022.4666666666667,1023.7399999999999,1041.69
2023-01-08 04:00:00,1041.69,4,6,1,970.03,1020.39,1028.3433333333335,1014.15
2023-01-08 05:00:00,1014.15,5,6,1,1041.69,1008.6233333333333,1025.5166666666667,1107.05
2023-01-08 06:00:00,1107.05,6,6,1,1014.15,1054.2966666666666,1038.3816666666667,1118.92
2023-01-08 07:00:00,1118.92,7,6,1,1107.05,1080.04,1050.215,1106.21
2023-01-08 08:00:00,1106.21,8,6,1,1118.92,1110.7266666666667,1059.675,1112.21
2023-01-08 09:00:00,1112.21,9,6,1,1106.21,1112.4466666666665,1083.3716666666667,1149.68
2023-01-08 10:00:00,1149.68,10,6,1,1112.21,1122.6999999999998,1101.3700000000001,1139.12
2023-01-08 11:00:00,1139.12,11,6,1,1149.68,1133.6699999999998,1122.1983333333335,1128.84
2023-01-08 12:00:00,1128.84,12,6,1,1139.12,1139.2133333333331,1125.83,1145.73
2023-01-08 13:00:00,1145.73,13,6,1,1128.84,1137.8966666666663,1130.2983333333334,1137.92
2023-01-08 14:00:00,1137.92,14,6,1,1145.73,1137.4966666666667,1135.5833333333333,1082.73
2023-01-08 15:00:00,1082.73,15,6,1,1137.92,1122.1266666666666,1130.67,1071.57
2023-01-08 16:00:00,1071.57,16,6,1,1082.73,1097.4066666666665,1117.6516666666666,1057.38
2023-01-08 17:00:00,1057.38,17,6,1,1071.57,1070.5599999999997,1104.0283333333334,1091.98
2023-01-08 18:00:00,1091.98,18,6,1,1057.38,1073.6433333333332,1097.885,1013.78
2023-01-08 19:00:00,1013.78,19,6,1,1091.98,1054.3799999999999,1075.8933333333334,1032.99
2023-01-08 20:00:00,1032.99,20,6,1,1013.78,1046.2499999999998,1058.405,1041.03
2023-01-08 21:00:00,1041.03,21,6,1,1032.99,1029.2666666666664,1051.4550000000002,1009.87
2023-01-08 22:00:00,1009.87,22,6,1,1041.03,1027.9633333333334,1041.1716666666666,1021.19
2023-01-08 23:00:00,1021.19,23,6,1,1009.87,1024.03,1035.14,1065.2
2023-01-09 00:00:00,1065.2,0,0,0,1021.19,1032.0866666666664,1030.6766666666667,1046.05
2023-01-09 01:00:00,1046.05,1,0,0,1065.2,1044.1466666666665,1036.055,1061.44
2023-01-09 02:00:00,1061.44,2,0,0,1046.05,1057.5633333333333,1040.7966666666666,1073.19
2023-01-09 03:00:00,1073.19,3,0,0,1061.44,1060.2266666666665,1046.1566666666668,1105.4
2023-01-09 04:00:00,1105.4,4,0,0,1073.19,1080.0099999999998,1062.0783333333334,1107.09
2023-01-09 05:00:00,1107.09,5,0,0,1105.4,1095.2266666666665,1076.395,1111.63
2023-01-09 06:00:00,1111.63,6,0,0,1107.09,1108.04,1084.1333333333334,1168.6
2023-01-09 07:00:00,1168.6,7,0,0,1111.63,1129.1066666666663,1104.5583333333334,1131.63
2023-01-09 08:00:00,1131.63,8,0,0,1168.6,1137.2866666666666,1116.256666666667,1171.4
2023-01-09 09:00:00,1171.4,9,0,0,1131.63,1157.2099999999998,1132.625,1162.46
2023-01-09 10:00:00,1162.46,10,0,0,1171.4,1155.1633333333332,1142.135,1181.72
2023-01-09 11:00:00,1181.72,11,0,0,1162.46,1171.86,1154.5733333333335,1170.25
2023-01-09 12:00:00,1170.25,12,0,0,1181.72,1171.4766666666665,1164.3433333333335,1122.55
2023-01-09 13:00:00,1122.55,13,0,0,1170.25,1158.1733333333332,1156.6683333333333,1146.04
2023-01-09 14:00:00,1146.04,14,0,0,1122.55,1146.2799999999997,1159.07,1140.03
2023-01-09 15:00:00,1140.03,15,0,0,1146.04,1136.2066666666663,1153.8416666666667,1109.61
2023-01-09 16:00:00,1109.61,16,0,0,1140.03,1131.8933333333332,1145.0333333333333,1087.73
2023-01-09 17:00:00,1087.73,17,0,0,1109.61,1112.4566666666663,1129.368333333333,1060.3
2023-01-09 18:00:00,1060.3,18,0,0,1087.73,1085.8799999999999,1111.0433333333333,1063.0
2023-01-09 19:00:00,1063.0,19,0,0,1060.3,1070.343333333333,1101.118333333333,1062.9
2023-01-09 20:00:00,1062.9,20,0,0,1063.0,1062.0666666666664,1087.2616666666668,1054.08
2023-01-09 21:00:00,1054.08,21,0,0,1062.9,1059.993333333333,1072.9366666666667,1032.62
2023-01-09 22:00:00,1032.62,22,0,0,1054.08,1049.8666666666666,1060.105,1040.18
2023-01-09 23:00:00,1040.18,23,0,0,1032.62,1042.293333333333,1052.18,1048.55
2023-01-10 00:00:00,1048.55,0,1,0,1040.18,1040.4499999999996,1050.2216666666666,1041.98
2023-01-10 01:00:00,1041.98,1,1,0,1048.55,1043.57,1046.7183333333335,1086.38
2023-01-10 02:00:00,1086.38,2,1,0,1041.98,1058.9699999999998,1050.6316666666667,1068.69
2023-01-10 03:00:00,1068.69,3,1,0,1086.38,1065.6833333333332,1053.0666666666666,1099.53
2023-01-10 04:00:00,1099.53,4,1,0,1068.69,1084.8666666666666,1064.2183333333332,1125.86
2023-01-10 05:00:00,1125.86,5,1,0,1099.53,1098.0266666666664,1078.4983333333332,1143.58
2023-01-10 06:00:00,1143.58,6,1,0,1125.86,1122.9899999999998,1094.3366666666668,1153.77
2023-01-10 07:00:00,1153.77,7,1,0,1143.58,1141.0699999999997,1112.9683333333332,1170.54
2023-01-10 08:00:00,1170.54,8,1,0,1153.77,1155.9633333333331,1126.995,1148.12
2023-01-10 09:00:00,1148.12,9,1,0,1170.54,1157.4766666666665,1140.2333333333333,1136.12
2023-01-10 10:00:00,1136.12,10,1,0,1148.12,1151.593333333333,1146.3316666666665,1173.35
2023-01-10 11:00:00,1173.35,11,1,0,1136.12,1152.5299999999995,1154.2466666666667,1185.54
2023-01-10 12:00:00,1185.54,12,1,0,1173.35,1165.003333333333,1161.24,1166.71
2023-01-10 13:00:00,1166.71,13,1,0,1185.54,1175.1999999999998,1163.3966666666668,1132.35
2023-01-10 14:00:00,1132.35,14,1,0,1166.71,1161.533333333333,1157.0316666666665,1128.36
2023-01-10 15:00:00,1128.36,15,1,0,1132.35,1142.4733333333331,1153.7383333333335,1089.98
2023-01-10 16:00:00,1089.98,16,1,0,1128.36,1116.8966666666665,1146.0483333333334,1085.72
2023-01-10 17:00:00,1085.72,17,1,0,1089.98,1101.353333333333,1131.4433333333334,1066.08
2023-01-10 18:00:00,1066.08,18,1,0,1085.72,1080.593333333333,1111.5333333333333,1048.79
2023-01-10 19:00:00,1048.79,19,1,0,1066.08,1066.863333333333,1091.8799999999999,1059.6
2023-01-10 20:00:00,1059.6,20,1,0,1048.79,1058.1566666666663,1079.7549999999999,1042.41
2023-01-10 21:00:00,1042.41,21,1,0,1059.6,1050.2666666666664,1065.43,1032.42
2023-01-10 22:00:00,1032.42,22,1,0,1042.41,1044.8099999999997,1055.8366666666668,1043.25
2023-01-10 23:00:00,1043.25,23,1,0,1032.42,1039.3599999999997,1048.7583333333332,1045.92
2023-01-11 00:00:00,1045.92,0,2,0,1043.25,1040.5299999999997,1045.3983333333333,1028.21
2023-01-11 01:00:00,1028.21,1,2,0,1045.92,1039.1266666666663,1041.9683333333332,1063.79
2023-01-11 02:00:00,1063.79,2,2,0,1028.21,1045.9733333333331,1042.6666666666667,1044.86
2023-01-11 03:00:00,1044.86,3,2,0,1063.79,1045.6199999999997,1043.075,1111.0
2023-01-11 04:00:00,1111.0,4,2,0,1044.86,1073.2166666666665,1056.1716666666669,1091.68
2023-01-11 05:00:00,1091.68,5,2,0,1111.0,1082.513333333333,1064.2433333333336,1123.49
2023-01-11 06:00:00,1123.49,6,2,0,1091.68,1108.7233333333331,1077.1716666666669,1129.03
2023-01-11 07:00:00,1129.03,7,2,0,1123.49,1114.733333333333,1093.975,1111.97
2023-01-11 08:00:00,1111.97,8,2,0,1129.03,1121.4966666666664,1102.0049999999999,1155.26
2023-01-11 09:00:00,1155.26,9,2,0,1111.97,1132.0866666666664,1120.405,1156.55
2023-01-11 10:00:00,1156.55,10,2,0,1155.26,1141.2599999999998,1127.9966666666667,1131.25
2023-01-11 11:00:00,1131.25,11,2,0,1156.55,1147.6866666666665,1134.5916666666665,1108.02
2023-01-11 12:00:00,1108.02,12,2,0,1131.25,1131.9399999999998,1132.0133333333333,1166.18
2023-01-11 13:00:00,1166.18,13,2,0,1108.02,1135.1499999999999,1138.205,1114.3
2023-01-11 14:00:00,1114.3,14,2,0,1166.18,1129.4999999999998,1138.5933333333332,1106.02
2023-01-11 15:00:00,1106.02,15,2,0,1114.3,1128.8333333333333,1130.3866666666665,1094.01
2023-01-11 16:00:00,1094.01,16,2,0,1106.02,1104.7766666666664,1119.9633333333334,1081.22
2023-01-11 17:00:00,1081.22,17,2,0,1094.01,1093.7499999999998,1111.625,1063.4
2023-01-11 18:00:00,1063.4,18,2,0,1081.22,1079.5433333333333,1104.1883333333333,1050.94
2023-01-11 19:00:00,1050.94,19,2,0,1063.4,1065.1866666666665,1084.9816666666668,1037.45
2023-01-11 20:00:00,1037.45,20,2,0,1050.94,1050.5966666666664,1072.1733333333334,1042.68
2023-01-11 21:00:00,1042.68,21,2,0,1037.45,1043.6899999999998,1061.6166666666666,1016.74
2023-01-11 22:00:00,1016.74,22,2,0,1042.68,1032.2899999999997,1048.7383333333335,1071.38
2023-01-11 23:00:00,1071.38,23,2,0,1016.74,1043.5999999999997,1047.0983333333334,1034.57
2023-01-12 00:00:00,1034.57,0,3,0,1071.38,1040.8966666666663,1042.2933333333333,1049.11
2023-01-12 01:00:00,1049.11,1,3,0,1034.57,1051.6866666666665,1041.9883333333335,1080.81
2023-01-12 02:00:00,1080.81,2,3,0,1049.11,1054.8299999999997,1049.215,1085.9
2023-01-12 03:00:00,1085.9,3,3,0,1080.81,1071.9399999999998,1056.4183333333333,1087.64
2023-01-12 04:00:00,1087.64,4,3,0,1085.9,1084.783333333333,1068.2350000000001,1104.21
2023-01-12 05:00:00,1104.21,5,3,0,1087.64,1092.5833333333333,1073.7066666666667,1113.48
2023-01-12 06:00:00,1113.48,6,3,0,1104.21,1101.7766666666664,1086.8583333333333,1121.17
2023-01-12 07:00:00,1121.17,7,3,0,1113.48,1112.9533333333331,1098.8683333333333,1136.2
2023-01-12 08:00:00,1136.2,8,3,0,1121.17,1123.6166666666666,1108.1000000000001,1143.87
2023-01-12 09:00:00,1143.87,9,3,0,1136.2,1133.7466666666662,1117.7616666666665,1183.9
2023-01-12 10:00:00,1183.9,10,3,0,1143.87,1154.6566666666665,1133.805,1174.6
2023-01-12 11:00:00,1174.6,11,3,0,1183.9,1167.4566666666663,1145.5366666666666,1148.64
2023-01-12 12:00:00,1148.64,12,3,0,1174.6,1169.0466666666664,1151.3966666666668,1131.03
2023-01-12 13:00:00,1131.03,13,3,0,1148.64,1151.4233333333332,1153.04,1154.78
2023-01-12 14:00:00,1154.78,14,3,0,1131.03,1144.8166666666664,1156.1366666666665,1127.83
2023-01-12 15:00:00,1127.83,15,3,0,1154.78,1137.8799999999999,1153.4633333333334,1090.37
2023-01-12 16:00:00,1090.37,16,3,0,1127.83,1124.3266666666664,1137.875,1093.99
2023-01-12 17:00:00,1093.99,17,3,0,1090.37,1104.0633333333328,1124.4399999999998,1094.18
2023-01-12 18:00:00,1094.18,18,3,0,1093.99,1092.8466666666664,1115.3633333333335,1045.96
2023-01-12 19:00:00,1045.96,19,3,0,1094.18,1078.043333333333,1101.185,1060.66
2023-01-12 20:00:00,1060.66,20,3,0,1045.96,1066.9333333333332,1085.4983333333332,1033.85
2023-01-12 21:00:00,1033.85,21,3,0,1060.66,1046.823333333333,1069.835,1050.43
2023-01-12 22:00:00,1050.43,22,3,0,1033.85,1048.313333333333,1063.1783333333333,1069.94
2023-01-12 23:00:00,1069.94,23,3,0,1050.43,1051.4066666666665,1059.17,1054.13
2023-01-13 00:00:00,1054.13,0,4,0,1069.94,1058.1666666666665,1052.4950000000001,1069.81
2023-01-13 01:00:00,1069.81,1,4,0,1054.13,1064.6266666666666,1056.47,1033.84
2023-01-13 02:00:00,1033.84,2,4,0,1069.81,1052.5933333333332,1052.0,1111.03
2023-01-13 03:00:00,1111.03,3,4,0,1033.84,1071.5599999999997,1064.8633333333332,1065.47
2023-01-13 04:00:00,1065.47,4,4,0,1111.03,1070.113333333333,1067.3700000000001,1093.07
2023-01-13 05:00:00,1093.07,5,4,0,1065.47,1089.8566666666663,1071.225,1131.79
2023-01-13 06:00:00,1131.79,6,4,0,1093.07,1096.7766666666664,1084.1683333333333,1126.33
2023-01-13 07:00:00,1126.33,7,4,0,1131.79,1117.063333333333,1093.5883333333334,1142.68
2023-01-13 08:00:00,1142.68,8,4,0,1126.33,1133.5999999999997,1111.7283333333332,1127.27
2023-01-13 09:00:00,1127.27,9,4,0,1142.68,1132.093333333333,1114.4350000000002,1167.02
2023-01-13 10:00:00,1167.02,10,4,0,1127.27,1145.6566666666665,1131.36,1184.91
2023-01-13 11:00:00,1184.91,11,4,0,1167.02,1159.7333333333331,1146.6666666666667,1144.59
2023-01-13 12:00:00,1144.59,12,4,0,1184.91,1165.5066666666664,1148.8,1160.3
2023-01-13 13:00:00,1160.3,13,4,0,1144.59,1163.2666666666664,1154.4616666666668,1121.42
2023-01-13 14:00:00,1121.42,14,4,0,1160.3,1142.1033333333332,1150.9183333333333,1121.28
2023-01-13 15:00:00,1121.28,15,4,0,1121.42,1134.333333333333,1149.9199999999998,1102.07
2023-01-13 16:00:00,1102.07,16,4,0,1121.28,1114.923333333333,1139.095,1082.2
2023-01-13 17:00:00,1082.2,17,4,0,1102.07,1101.8499999999997,1121.9766666666667,1083.94
2023-01-13 18:00:00,1083.94,18,4,0,1082.2,1089.403333333333,1111.8683333333333,1097.66
2023-01-13 19:00:00,1097.66,19,4,0,1083.94,1087.9333333333332,1101.4283333333333,1032.19
2023-01-13 20:00:00,1032.19,20,4,0,1097.66,1071.263333333333,1086.5566666666666,1048.12
2023-01-13 21:00:00,1048.12,21,4,0,1032.19,1059.323333333333,1074.3633333333335,1062.06
2023-01-13 22:00:00,1062.06,22,4,0,1048.12,1047.4566666666665,1067.695,1009.26
2023-01-13 23:00:00,1009.26,23,4,0,1062.06,1039.8133333333333,1055.5383333333332,1037.22
2023-01-14 00:00:00,1037.22,0,5,1,1009.26,1036.1799999999998,1047.7516666666668,1017.96
2023-01-14 01:00:00,1017.96,1,5,1,1037.22,1021.4799999999999,1034.4683333333335,1058.61
2023-01-14 02:00:00,1058.61,2,5,1,1017.96,1037.9299999999996,1038.8716666666667,1062.56
2023-01-14 03:00:00,1062.56,3,5,1,1058.61,1046.3766666666663,1041.2783333333334,1065.78
2023-01-14 04:00:00,1065.78,4,5,1,1062.56,1062.3166666666664,1041.8983333333333,1071.94
2023-01-14 05:00:00,1071.94,5,5,1,1065.78,1066.76,1052.345,1062.29
2023-01-14 06:00:00,1062.29,6,5,1,1071.94,1066.6699999999998,1056.5233333333333,1112.1
2023-01-14 07:00:00,1112.1,7,5,1,1062.29,1082.1099999999997,1072.2133333333334,1104.29
2023-01-14 08:00:00,1104.29,8,5,1,1112.1,1092.8933333333332,1079.8266666666666,1111.56
2023-01-14 09:00:00,1111.56,9,5,1,1104.29,1109.3166666666664,1087.993333333333,1160.82
2023-01-14 10:00:00,1160.82,10,5,1,1111.56,1125.5566666666664,1103.8333333333333,1137.94
2023-01-14 11:00:00,1137.94,11,5,1,1160.82,1136.773333333333,1114.8333333333333,1134.05
2023-01-14 12:00:00,1134.05,12,5,1,1137.94,1144.2699999999998,1126.7933333333333,1146.75
2023-01-14 13:00:00,1146.75,13,5,1,1134.05,1139.58,1132.5683333333334,1098.54
2023-01-14 14:00:00,1098.54,14,5,1,1146.75,1126.4466666666665,1131.61,1076.86
2023-01-14 15:00:00,1076.86,15,5,1,1098.54,1107.383333333333,1125.8266666666666,1085.05
2023-01-14 16:00:00,1085.05,16,5,1,1076.86,1086.8166666666664,1113.1983333333333,1060.62
2023-01-14 17:00:00,1060.62,17,5,1,1085.05,1074.1766666666663,1100.3116666666667,1054.48
2023-01-14 18:00:00,1054.48,18,5,1,1060.62,1066.7166666666665,1087.05,1028.34
2023-01-14 19:00:00,1028.34,19,5,1,1054.48,1047.813333333333,1067.3149999999998,1019.27
2023-01-14 20:00:00,1019.27,20,5,1,1028.34,1034.0299999999997,1054.1033333333332,1036.23
2023-01-14 21:00:00,1036.23,21,5,1,1019.27,1027.9466666666665,1047.3316666666667,998.08
2023-01-14 22:00:00,998.08,22,5,1,1036.23,1017.8599999999997,1032.8366666666666,1015.34
2023-01-14 23:00:00,1015.34,23,5,1,998.08,1016.5499999999998,1025.29,1030.71
2023-01-15 00:00:00,1030.71,0,6,1,1015.34,1014.7099999999997,1021.3283333333334,1017.45
2023-01-15 01:00:00,1017.45,1,6,1,1030.71,1021.1666666666665,1019.5133333333333,1063.88
2023-01-15 02:00:00,1063.88,2,6,1,1017.45,1037.3466666666666,1026.9483333333333,1055.2
2023-01-15 03:00:00,1055.2,3,6,1,1063.88,1045.51,1030.11,1097.29
2023-01-15 04:00:00,1097.29,4,6,1,1055.2,1072.1233333333332,1046.6450000000002,1103.26
2023-01-15 05:00:00,1103.26,5,6,1,1097.29,1085.2499999999998,1061.2983333333334,1083.52
2023-01-15 06:00:00,1083.52,6,6,1,1103.26,1094.6899999999998,1070.1000000000001,1121.42
2023-01-15 07:00:00,1121.42,7,6,1,1083.52,1102.7333333333331,1087.4283333333335,1100.04
2023-01-15 08:00:00,1100.04,8,6,1,1121.42,1101.6599999999999,1093.4550000000002,1138.66
2023-01-15 09:00:00,1138.66,9,6,1,1100.04,1120.0399999999997,1107.365,1161.64
2023-01-15 10:00:00,1161.64,10,6,1,1138.66,1133.4466666666665,1118.09,1136.03
2023-01-15 11:00:00,1136.03,11,6,1,1161.64,1145.443333333333,1123.5516666666667,1144.57
2023-01-15 12:00:00,1144.57,12,6,1,1136.03,1147.4133333333332,1133.7266666666667,1133.42
2023-01-15 13:00:00,1133.42,13,6,1,1144.57,1138.0066666666664,1135.7266666666667,1130.15
2023-01-15 14:00:00,1130.15,14,6,1,1133.42,1136.0466666666664,1140.7450000000001,1100.35
2023-01-15 15:00:00,1100.35,15,6,1,1130.15,1121.3066666666666,1134.36,1079.9
2023-01-15 16:00:00,1079.9,16,6,1,1100.35,1103.4666666666665,1120.7366666666667,1057.4
2023-01-15 17:00:00,1057.4,17,6,1,1079.9,1079.2166666666665,1107.6316666666667,1057.11
2023-01-15 18:00:00,1057.11,18,6,1,1057.4,1064.803333333333,1093.055,1035.01
2023-01-15 19:00:00,1035.01,19,6,1,1057.11,1049.84,1076.6533333333334,1026.61
2023-01-15 20:00:00,1026.61,20,6,1,1035.01,1039.5766666666661,1059.3966666666665,1004.18
2023-01-15 21:00:00,1004.18,21,6,1,1026.61,1021.933333333333,1043.3683333333333,1012.88
2023-01-15 22:00:00,1012.88,22,6,1,1004.18,1014.5566666666664,1032.1983333333333,1031.91
2023-01-15 23:00:00,1031.91,23,6,1,1012.88,1016.3233333333332,1027.95,1030.53
2023-01-16 00:00:00,1030.53,0,0,0,1031.91,1025.1066666666666,1023.5200000000001,1070.11
2023-01-16 01:00:00,1070.11,1,0,0,1030.53,1044.1833333333332,1029.3700000000001,1074.35
2023-01-16 02:00:00,1074.35,2,0,0,1070.11,1058.3299999999997,1037.3266666666666,1064.23
2023-01-16 03:00:00,1064.23,3,0,0,1074.35,1069.563333333333,1047.335,1105.88
2023-01-16 04:00:00,1105.88,4,0,0,1064.23,1081.4866666666665,1062.835,1118.36
2023-01-16 05:00:00,1118.36,5,0,0,1105.88,1096.1566666666665,1077.2433333333333,1103.36
2023-01-16 06:00:00,1103.36,6,0,0,1118.36,1109.1999999999996,1089.3816666666667,1140.66
2023-01-16 07:00:00,1140.66,7,0,0,1103.36,1120.793333333333,1101.14,1154.41
2023-01-16 08:00:00,1154.41,8,0,0,1140.66,1132.8099999999997,1114.4833333333333,1130.68
2023-01-16 09:00:00,1130.68,9,0,0,1154.41,1141.9166666666667,1125.5583333333334,1151.32
2023-01-16 10:00:00,1151.32,10,0,0,1130.68,1145.4699999999998,1133.1316666666667,1121.15
2023-01-16 11:00:00,1121.15,11,0,0,1151.32,1134.383333333333,1133.5966666666666,1158.42
2023-01-16 12:00:00,1158.42,12,0,0,1121.15,1143.6299999999999,1142.7733333333333,1156.86
2023-01-16 13:00:00,1156.86,13,0,0,1158.42,1145.4766666666665,1145.4733333333334,1144.64
2023-01-16 14:00:00,1144.64,14,0,0,1156.86,1153.3066666666664,1143.845,1137.57
2023-01-16 15:00:00,1137.57,15,0,0,1144.64,1146.3566666666663,1144.993333333333,1094.68
2023-01-16 16:00:00,1094.68,16,0,0,1137.57,1125.6299999999999,1135.5533333333333,1111.81
2023-01-16 17:00:00,1111.81,17,0,0,1094.68,1114.6866666666663,1133.9966666666667,1069.09
2023-01-16 18:00:00,1069.09,18,0,0,1111.81,1091.8599999999997,1119.1083333333333,1040.11
2023-01-16 19:00:00,1040.11,19,0,0,1069.09,1073.6699999999996,1099.6499999999999,1051.43
2023-01-16 20:00:00,1051.43,20,0,0,1040.11,1053.543333333333,1084.115,1067.98
2023-01-16 21:00:00,1067.98,21,0,0,1051.43,1053.1733333333332,1072.5166666666667,1041.13
2023-01-16 22:00:00,1041.13,22,0,0,1067.98,1053.5133333333333,1063.5916666666667,1020.78
2023-01-16 23:00:00,1020.78,23,0,0,1041.13,1043.2966666666664,1048.4199999999998,1025.88
2023-01-17 00:00:00,1025.88,0,1,0,1020.78,1029.263333333333,1041.2183333333335,1077.59
2023-01-17 01:00:00,1077.59,1,1,0,1025.88,1041.4166666666663,1047.465,1066.18
2023-01-17 02:00:00,1066.18,2,1,0,1077.59,1056.55,1049.9233333333334,1069.23
2023-01-17 03:00:00,1069.23,3,1,0,1066.18,1070.9999999999998,1050.1316666666667,1104.18
2023-01-17 04:00:00,1104.18,4,1,0,1069.23,1079.863333333333,1060.64,1131.93
2023-01-17 05:00:00,1131.93,5,1,0,1104.18,1101.7799999999997,1079.1650000000002,1111.77
2023-01-17 06:00:00,1111.77,6,1,0,1131.93,1115.9599999999998,1093.48,1123.8
2023-01-17 07:00:00,1123.8,7,1,0,1111.77,1122.4999999999998,1101.1816666666666,1126.35
2023-01-17 08:00:00,1126.35,8,1,0,1123.8,1120.6399999999996,1111.21,1158.56
2023-01-17 09:00:00,1158.56,9,1,0,1126.35,1136.2366666666665,1126.0983333333334,1132.66
2023-01-17 10:00:00,1132.66,10,1,0,1158.56,1139.1899999999998,1130.845,1138.52
2023-01-17 11:00:00,1138.52,11,1,0,1132.66,1143.2466666666664,1131.9433333333334,1154.88
2023-01-17 12:00:00,1154.88,12,1,0,1138.52,1142.0199999999998,1139.1283333333333,1142.85
2023-01-17 13:00:00,1142.85,13,1,0,1154.88,1145.4166666666665,1142.3033333333333,1151.14
2023-01-17 14:00:00,1151.14,14,1,0,1142.85,1149.6233333333332,1146.435,1075.82
2023-01-17 15:00:00,1075.82,15,1,0,1151.14,1123.2699999999998,1132.645,1085.71
2023-01-17 16:00:00,1085.71,16,1,0,1075.82,1104.2233333333331,1124.82,1093.07
2023-01-17 17:00:00,1093.07,17,1,0,1085.71,1084.8666666666666,1117.245,1077.73
2023-01-17 18:00:00,1077.73,18,1,0,1093.07,1085.503333333333,1104.3866666666665,1070.27
2023-01-17 19:00:00,1070.27,19,1,0,1077.73,1080.3566666666666,1092.29,1062.93
2023-01-17 20:00:00,1062.93,20,1,0,1070.27,1070.3099999999997,1077.5883333333334,1066.92
2023-01-17 21:00:00,1066.92,21,1,0,1062.93,1066.7066666666665,1076.105,1039.67
2023-01-17 22:00:00,1039.67,22,1,0,1066.92,1056.5066666666664,1068.4316666666666,1047.92
2023-01-17 23:00:00,1047.92,23,1,0,1039.67,1051.503333333333,1060.9066666666668,1033.83
2023-01-18 00:00:00,1033.83,0,2,0,1047.92,1040.4733333333331,1053.59,1041.76
2023-01-18 01:00:00,1041.76,1,2,0,1033.83,1041.1699999999998,1048.8383333333334,1067.83
2023-01-18 02:00:00,1067.83,2,2,0,1041.76,1047.8066666666664,1049.655,1097.35
2023-01-18 03:00:00,1097.35,3,2,0,1067.83,1068.9799999999996,1054.7266666666667,1066.72
2023-01-18 04:00:00,1066.72,4,2,0,1097.35,1077.2999999999997,1059.235,1114.87
2023-01-18 05:00:00,1114.87,5,2,0,1066.72,1092.9799999999998,1070.3933333333332,1117.66
2023-01-18 06:00:00,1117.66,6,2,0,1114.87,1099.7499999999998,1084.365,1124.17
2023-01-18 07:00:00,1124.17,7,2,0,1117.66,1118.8999999999996,1098.1000000000001,1160.06
2023-01-18 08:00:00,1160.06,8,2,0,1124.17,1133.9633333333331,1113.4716666666666,1120.86
2023-01-18 09:00:00,1120.86,9,2,0,1160.06,1135.0299999999997,1117.3899999999999,1145.94
2023-01-18 10:00:00,1145.94,10,2,0,1120.86,1142.2866666666664,1130.5933333333335,1190.59
2023-01-18 11:00:00,1190.59,11,2,0,1145.94,1152.4633333333331,1143.2133333333334,1160.79
2023-01-18 12:00:00,1160.79,12,2,0,1190.59,1165.7733333333333,1150.4016666666666,1129.22
2023-01-18 13:00:00,1129.22,13,2,0,1160.79,1160.1999999999996,1151.2433333333333,1130.78
2023-01-18 14:00:00,1130.78,14,2,0,1129.22,1140.263333333333,1146.3633333333335,1118.81
2023-01-18 15:00:00,1118.81,15,2,0,1130.78,1126.2699999999998,1146.0216666666668,1111.49
2023-01-18 16:00:00,1111.49,16,2,0,1118.81,1120.3599999999997,1140.28,1059.62
2023-01-18 17:00:00,1059.62,17,2,0,1111.49,1096.6399999999996,1118.4516666666666,1110.78
2023-01-18 18:00:00,1110.78,18,2,0,1059.62,1093.9633333333331,1110.1166666666668,1114.86
2023-01-18 19:00:00,1114.86,19,2,0,1110.78,1095.0866666666664,1107.7233333333334,1068.75
2023-01-18 20:00:00,1068.75,20,2,0,1114.86,1098.1299999999999,1097.385,1046.46
2023-01-18 21:00:00,1046.46,21,2,0,1068.75,1076.6899999999998,1085.3266666666666,1074.21
2023-01-18 22:00:00,1074.21,22,2,0,1046.46,1063.1399999999996,1079.1133333333335,1069.1
2023-01-18 23:00:00,1069.1,23,2,0,1074.21,1063.2566666666664,1080.6933333333334,1034.81
2023-01-19 00:00:00,1034.81,0,3,0,1069.1,1059.3733333333332,1068.0316666666665,1094.22
2023-01-19 01:00:00,1094.22,1,3,0,1034.81,1066.043333333333,1064.5916666666665,1024.08
2023-01-19 02:00:00,1024.08,2,3,0,1094.22,1051.0366666666666,1057.1466666666665,1065.07
2023-01-19 03:00:00,1065.07,3,3,0,1024.08,1061.123333333333,1060.2483333333332,1117.7
2023-01-19 04:00:00,1117.7,4,3,0,1065.07,1068.9499999999998,1067.4966666666667,1094.69
2023-01-19 05:00:00,1094.69,5,3,0,1117.7,1092.4866666666665,1071.7616666666665,1105.89
2023-01-19 06:00:00,1105.89,6,3,0,1094.69,1106.0933333333332,1083.6083333333333,1123.2
2023-01-19 07:00:00,1123.2,7,3,0,1105.89,1107.9266666666665,1088.4383333333335,1160.93
2023-01-19 08:00:00,1160.93,8,3,0,1123.2,1130.0066666666664,1111.2466666666667,1109.49
2023-01-19 09:00:00,1109.49,9,3,0,1160.93,1131.2066666666663,1118.6499999999999,1123.06
2023-01-19 10:00:00,1123.06,10,3,0,1109.49,1131.1599999999999,1119.5433333333333,1176.58
2023-01-19 11:00:00,1176.58,11,3,0,1123.06,1136.3766666666663,1133.1916666666666,1144.45
2023-01-19 12:00:00,1144.45,12,3,0,1176.58,1148.0299999999997,1139.6183333333333,1144.15
2023-01-19 13:00:00,1144.15,13,3,0,1144.45,1155.0599999999997,1143.1100000000001,1158.96
2023-01-19 14:00:00,1158.96,14,3,0,1144.15,1149.1866666666665,1142.7816666666668,1110.17
2023-01-19 15:00:00,1110.17,15,3,0,1158.96,1137.76,1142.8950000000002,1082.54
2023-01-19 16:00:00,1082.54,16,3,0,1110.17,1117.2233333333331,1136.1416666666667,1107.36
2023-01-19 17:00:00,1107.36,17,3,0,1082.54,1100.0233333333329,1124.605,1068.64
2023-01-19 18:00:00,1068.64,18,3,0,1107.36,1086.1799999999996,1111.97,1037.85
2023-01-19 19:00:00,1037.85,19,3,0,1068.64,1071.283333333333,1094.2533333333333,1035.0
2023-01-19 20:00:00,1035.0,20,3,0,1037.85,1047.1633333333332,1073.5933333333332,1023.63
2023-01-19 21:00:00,1023.63,21,3,0,1035.0,1032.1599999999999,1059.1699999999998,1037.32
2023-01-19 22:00:00,1037.32,22,3,0,1023.63,1031.983333333333,1051.6333333333332,1079.83
2023-01-19 23:00:00,1079.83,23,3,0,1037.32,1046.9266666666663,1047.045,1034.07
2023-01-20 00:00:00,1034.07,0,4,0,1079.83,1050.4066666666665,1041.2833333333333,1059.84
2023-01-20 01:00:00,1059.84,1,4,0,1034.07,1057.913333333333,1044.9483333333335,1092.31
2023-01-20 02:00:00,1092.31,2,4,0,1059.84,1062.073333333333,1054.5,1079.94
2023-01-20 03:00:00,1079.94,3,4,0,1092.31,1077.363333333333,1063.885,1111.78
2023-01-20 04:00:00,1111.78,4,4,0,1079.94,1094.6766666666663,1076.295,1100.7
2023-01-20 05:00:00,1100.7,5,4,0,1111.78,1097.4733333333331,1079.7733333333333,1115.51
2023-01-20 06:00:00,1115.51,6,4,0,1100.7,1109.3299999999997,1093.3466666666666,1157.88
2023-01-20 07:00:00,1157.88,7,4,0,1115.51,1124.6966666666665,1109.6866666666667,1169.0
2023-01-20 08:00:00,1169.0,8,4,0,1157.88,1147.4633333333331,1122.4683333333335,1172.43
2023-01-20 09:00:00,1172.43,9,4,0,1169.0,1166.4366666666663,1137.8833333333334,1176.84
2023-01-20 10:00:00,1176.84,10,4,0,1172.43,1172.7566666666664,1148.7266666666667,1148.59
2023-01-20 11:00:00,1148.59,11,4,0,1176.84,1165.9533333333331,1156.7083333333333,1174.41
2023-01-20 12:00:00,1174.41,12,4,0,1148.59,1166.613333333333,1166.5249999999999,1131.47
2023-01-20 13:00:00,1131.47,13,4,0,1174.41,1151.4899999999996,1162.1233333333332,1155.54
2023-01-20 14:00:00,1155.54,14,4,0,1131.47,1153.8066666666664,1159.8799999999999,1136.5
2023-01-20 15:00:00,1136.5,15,4,0,1155.54,1141.1699999999998,1153.8916666666667,1105.01
2023-01-20 16:00:00,1105.01,16,4,0,1136.5,1132.3499999999997,1141.92,1111.71
2023-01-20 17:00:00,1111.71,17,4,0,1105.01,1117.7399999999998,1135.7733333333333,1075.94
2023-01-20 18:00:00,1075.94,18,4,0,1111.71,1097.553333333333,1119.3616666666667,1070.58
2023-01-20 19:00:00,1070.58,19,4,0,1075.94,1086.0766666666661,1109.2133333333334,1060.83
2023-01-20 20:00:00,1060.83,20,4,0,1070.58,1069.116666666666,1093.4283333333333,1024.19
2023-01-20 21:00:00,1024.19,21,4,0,1060.83,1051.8666666666666,1074.71,1037.12
2023-01-20 22:00:00,1037.12,22,4,0,1024.19,1040.7133333333331,1063.395,1014.76
2023-01-20 23:00:00,1014.76,23,4,0,1037.12,1025.3566666666663,1047.2366666666667,1036.69
2023-01-21 00:00:00,1036.69,0,5,1,1014.76,1029.523333333333,1040.695,1060.52
2023-01-21 01:00:00,1060.52,1,5,1,1036.69,1037.323333333333,1039.0183333333334,1043.7
2023-01-21 02:00:00,1043.7,2,5,1,1060.52,1046.9699999999996,1036.1633333333334,1076.43
2023-01-21 03:00:00,1076.43,3,5,1,1043.7,1060.2166666666665,1044.87,1061.04
2023-01-21 04:00:00,1061.04,4,5,1,1076.43,1060.3899999999996,1048.8566666666666,1085.56
2023-01-21 05:00:00,1085.56,5,5,1,1061.04,1074.343333333333,1060.6566666666665,1084.69
2023-01-21 06:00:00,1084.69,6,5,1,1085.56,1077.0966666666664,1068.6566666666668,1087.5
2023-01-21 07:00:00,1087.5,7,5,1,1084.69,1085.9166666666663,1073.1533333333334,1099.85
2023-01-21 08:00:00,1099.85,8,5,1,1087.5,1090.6799999999996,1082.5116666666665,1145.45
2023-01-21 09:00:00,1145.45,9,5,1,1099.85,1110.9333333333332,1094.0149999999999,1125.77
2023-01-21 10:00:00,1125.77,10,5,1,1145.45,1123.6899999999996,1104.8033333333333,1119.41
2023-01-21 11:00:00,1119.41,11,5,1,1125.77,1130.2099999999998,1110.445,1114.73
2023-01-21 12:00:00,1114.73,12,5,1,1119.41,1119.9699999999998,1115.4516666666666,1096.16
2023-01-21 13:00:00,1096.16,13,5,1,1114.73,1110.0999999999997,1116.895,1105.41
2023-01-21 14:00:00,1105.41,14,5,1,1096.16,1105.4333333333332,1117.8216666666667,1115.22
2023-01-21 15:00:00,1115.22,15,5,1,1105.41,1105.5966666666664,1112.7833333333335,1027.65
2023-01-21 16:00:00,1027.65,16,5,1,1115.22,1082.76,1096.43,1075.85
2023-01-21 17:00:00,1075.85,17,5,1,1027.65,1072.9066666666665,1089.17,1086.3
2023-01-21 18:00:00,1086.3,18,5,1,1075.85,1063.2666666666662,1084.4316666666666,1012.72
2023-01-21 19:00:00,1012.72,19,5,1,1086.3,1058.2899999999997,1070.5249999999999,1040.4
2023-01-21 20:00:00,1040.4,20,5,1,1012.72,1046.4733333333331,1059.69,1036.49
2023-01-21 21:00:00,1036.49,21,5,1,1040.4,1029.8699999999997,1046.5683333333334,1017.28
2023-01-21 22:00:00,1017.28,22,5,1,1036.49,1031.3899999999996,1044.84,980.85
2023-01-21 23:00:00,980.85,23,5,1,1017.28,1011.5399999999996,1029.0066666666667,1038.02
2023-01-22 00:00:00,1038.02,0,6,1,980.85,1012.0499999999997,1020.96,1044.06
2023-01-22 01:00:00,1044.06,1,6,1,1038.02,1020.9766666666665,1026.1833333333334,1032.34
2023-01-22 02:00:00,1032.34,2,6,1,1044.06,1038.1399999999996,1024.84,953.77
2023-01-22 03:00:00,953.77,3,6,1,1032.34,1010.0566666666664,1011.0533333333333,1100.24
2023-01-22 04:00:00,1100.24,4,6,1,953.77,1028.783333333333,1024.88,1089.02
2023-01-22 05:00:00,1089.02,5,6,1,1100.24,1047.6766666666663,1042.9083333333333,1103.06
2023-01-22 06:00:00,1103.06,6,6,1,1089.02,1097.4399999999998,1053.7483333333332,1115.42
2023-01-22 07:00:00,1115.42,7,6,1,1103.06,1102.4999999999998,1065.6416666666667,1105.21
2023-01-22 08:00:00,1105.21,8,6,1,1115.42,1107.8966666666665,1077.7866666666666,1137.44
2023-01-22 09:00:00,1137.44,9,6,1,1105.21,1119.3566666666666,1108.3983333333333,1123.21
2023-01-22 10:00:00,1123.21,10,6,1,1137.44,1121.9533333333331,1112.2266666666667,1112.26
2023-01-22 11:00:00,1112.26,11,6,1,1123.21,1124.303333333333,1116.1000000000001,1115.51
2023-01-22 12:00:00,1115.51,12,6,1,1112.26,1116.993333333333,1118.1750000000002,1120.24
2023-01-22 13:00:00,1120.24,13,6,1,1115.51,1116.003333333333,1118.9783333333335,1081.69
2023-01-22 14:00:00,1081.69,14,6,1,1120.24,1105.813333333333,1115.0583333333332,1108.32
2023-01-22 15:00:00,1108.32,15,6,1,1081.69,1103.4166666666663,1110.205,1072.36
2023-01-22 16:00:00,1072.36,16,6,1,1108.32,1087.4566666666665,1101.73,1090.61
2023-01-22 17:00:00,1090.61,17,6,1,1072.36,1090.4299999999996,1098.1216666666667,1049.47
2023-01-22 18:00:00,1049.47,18,6,1,1090.61,1070.813333333333,1087.115,1028.5
2023-01-22 19:00:00,1028.5,19,6,1,1049.47,1056.193333333333,1071.825,1024.51
2023-01-22 20:00:00,1024.51,20,6,1,1028.5,1034.1599999999999,1062.295,1048.19
2023-01-22 21:00:00,1048.19,21,6,1,1024.51,1033.733333333333,1052.2733333333333,993.18
2023-01-22 22:00:00,993.18,22,6,1,1048.19,1021.9599999999997,1039.0766666666666,1027.26
2023-01-22 23:00:00,1027.26,23,6,1,993.18,1022.8766666666664,1028.5183333333334,1042.63
2023-01-23 00:00:00,1042.63,0,0,0,1027.26,1021.0233333333331,1027.3783333333333,1056.29
2023-01-23 01:00:00,1056.29,1,0,0,1042.63,1042.0599999999997,1032.01,1065.21
2023-01-23 02:00:00,1065.21,2,0,0,1056.29,1054.7099999999998,1038.7933333333333,1072.0
2023-01-23 03:00:00,1072.0,3,0,0,1065.21,1064.4999999999998,1042.7616666666665,1151.94
2023-01-23 04:00:00,1151.94,4,0,0,1072.0,1096.383333333333,1069.2216666666666,1123.22
2023-01-23 05:00:00,1123.22,5,0,0,1151.94,1115.7199999999996,1085.215,1122.96
2023-01-23 06:00:00,1122.96,6,0,0,1123.22,1132.7066666666663,1098.6033333333332,1117.18
2023-01-23 07:00:00,1117.18,7,0,0,1122.96,1121.1199999999997,1108.7516666666668,1112.41
2023-01-23 08:00:00,1112.41,8,0,0,1117.18,1117.5166666666664,1116.6183333333336,1173.41
2023-01-23 09:00:00,1173.41,9,0,0,1112.41,1134.3333333333333,1133.5200000000002,1173.26
2023-01-23 10:00:00,1173.26,10,0,0,1173.41,1153.0266666666664,1137.0733333333335,1135.52
2023-01-23 11:00:00,1135.52,11,0,0,1173.26,1160.7299999999998,1139.1233333333332,1188.95
2023-01-23 12:00:00,1188.95,12,0,0,1135.52,1165.9099999999996,1150.1216666666667,1124.9
2023-01-23 13:00:00,1124.9,13,0,0,1188.95,1149.7899999999997,1151.4083333333333,1115.42
2023-01-23 14:00:00,1115.42,14,0,0,1124.9,1143.09,1151.91,1113.37
2023-01-23 15:00:00,1113.37,15,0,0,1115.42,1117.8966666666663,1141.9033333333334,1095.05
2023-01-23 16:00:00,1095.05,16,0,0,1113.37,1107.9466666666665,1128.8683333333333,1077.65
2023-01-23 17:00:00,1077.65,17,0,0,1095.05,1095.3566666666663,1119.2233333333334,1106.52
2023-01-23 18:00:00,1106.52,18,0,0,1077.65,1093.073333333333,1105.485,1045.81
2023-01-23 19:00:00,1045.81,19,0,0,1106.52,1076.6599999999996,1092.3033333333333,1080.5
2023-01-23 20:00:00,1080.5,20,0,0,1045.81,1077.6099999999997,1086.4833333333333,1048.44
2023-01-23 21:00:00,1048.44,21,0,0,1080.5,1058.2499999999998,1075.6616666666666,1055.28
2023-01-23 22:00:00,1055.28,22,0,0,1048.44,1061.4066666666665,1069.0333333333333,1020.84
2023-01-23 23:00:00,1020.84,23,0,0,1055.28,1041.5199999999998,1059.565,1059.17
2023-01-24 00:00:00,1059.17,0,1,0,1020.84,1045.0966666666664,1051.6733333333334,1044.25
2023-01-24 01:00:00,1044.25,1,1,0,1059.17,1041.4199999999998,1051.4133333333334,1094.28
2023-01-24 02:00:00,1094.28,2,1,0,1044.25,1065.8999999999996,1053.71,1127.39
2023-01-24 03:00:00,1127.39,3,1,0,1094.28,1088.6399999999996,1066.8683333333333,1075.63
2023-01-24 04:00:00,1075.63,4,1,0,1127.39,1099.0999999999997,1070.26,1111.57
2023-01-24 05:00:00,1111.57,5,1,0,1075.63,1104.863333333333,1085.3816666666667,1127.41
2023-01-24 06:00:00,1127.41,6,1,0,1111.57,1104.8699999999997,1096.755,1165.01
2023-01-24 07:00:00,1165.01,7,1,0,1127.41,1134.663333333333,1116.8816666666667,1134.59
2023-01-24 08:00:00,1134.59,8,1,0,1165.01,1142.3366666666664,1123.6000000000001,1172.97
2023-01-24 09:00:00,1172.97,9,1,0,1134.59,1157.5233333333329,1131.1966666666667,1157.46
2023-01-24 10:00:00,1157.46,10,1,0,1172.97,1155.0066666666662,1144.835,1138.66
2023-01-24 11:00:00,1138.66,11,1,0,1157.46,1156.363333333333,1149.3500000000001,1153.65
2023-01-24 12:00:00,1153.65,12,1,0,1138.66,1149.923333333333,1153.7233333333334,1142.01
2023-01-24 13:00:00,1142.01,13,1,0,1153.65,1144.7733333333333,1149.89,1165.36
2023-01-24 14:00:00,1165.36,14,1,0,1142.01,1153.673333333333,1155.0183333333334,1097.17
2023-01-24 15:00:00,1097.17,15,1,0,1165.36,1134.8466666666664,1142.385,1124.77
2023-01-24 16:00:00,1124.77,16,1,0,1097.17,1129.0999999999997,1136.9366666666667,1105.1
2023-01-24 17:00:00,1105.1,17,1,0,1124.77,1109.013333333333,1131.3433333333332,1055.89
2023-01-24 18:00:00,1055.89,18,1,0,1105.1,1095.253333333333,1115.05,1093.17
2023-01-24 19:00:00,1093.17,19,1,0,1055.89,1084.7199999999996,1106.91,1080.69
2023-01-24 20:00:00,1080.69,20,1,0,1093.17,1076.583333333333,1092.7983333333334,1031.09
2023-01-24 21:00:00,1031.09,21,1,0,1080.69,1068.3166666666664,1081.785,1078.45
2023-01-24 22:00:00,1078.45,22,1,0,1031.09,1063.4099999999996,1074.065,1045.01
2023-01-24 23:00:00,1045.01,23,1,0,1078.45,1051.5166666666664,1064.0500000000002,1040.96
2023-01-25 00:00:00,1040.96,0,2,0,1045.01,1054.8066666666664,1061.5616666666667,1052.12
2023-01-25 01:00:00,1052.12,1,2,0,1040.96,1046.0299999999997,1054.72,1018.47
2023-01-25 02:00:00,1018.47,2,2,0,1052.12,1037.1833333333332,1044.35,1071.1
2023-01-25 03:00:00,1071.1,3,2,0,1018.47,1047.2299999999996,1051.0183333333334,1089.49
2023-01-25 04:00:00,1089.49,4,2,0,1071.1,1059.6866666666663,1052.8583333333333,1104.41
2023-01-25 05:00:00,1104.41,5,2,0,1089.49,1088.333333333333,1062.7583333333332,1133.1
2023-01-25 06:00:00,1133.1,6,2,0,1104.41,1108.9999999999998,1078.115,1119.94
2023-01-25 07:00:00,1119.94,7,2,0,1133.1,1119.1499999999996,1089.4183333333333,1129.29
2023-01-25 08:00:00,1129.29,8,2,0,1119.94,1127.443333333333,1107.8883333333333,1165.43
2023-01-25 09:00:00,1165.43,9,2,0,1129.29,1138.2199999999996,1123.61,1159.95
2023-01-25 10:00:00,1159.95,10,2,0,1165.43,1151.5566666666664,1135.3533333333332,1177.86
2023-01-25 11:00:00,1177.86,11,2,0,1159.95,1167.7466666666664,1147.595,1154.44
2023-01-25 12:00:00,1154.44,12,2,0,1177.86,1164.083333333333,1151.1516666666666,1127.2
2023-01-25 13:00:00,1127.2,13,2,0,1154.44,1153.1666666666663,1152.3616666666667,1122.57
2023-01-25 14:00:00,1122.57,14,2,0,1127.2,1134.7366666666665,1151.2416666666668,1147.55
2023-01-25 15:00:00,1147.55,15,2,0,1122.57,1132.4399999999996,1148.2616666666665,1148.47
2023-01-25 16:00:00,1148.47,16,2,0,1147.55,1139.5299999999997,1146.3483333333334,1109.04
2023-01-25 17:00:00,1109.04,17,2,0,1148.47,1135.0199999999998,1134.8783333333333,1070.97
2023-01-25 18:00:00,1070.97,18,2,0,1109.04,1109.493333333333,1120.9666666666667,1064.43
2023-01-25 19:00:00,1064.43,19,2,0,1070.97,1081.4799999999998,1110.505,1064.81
2023-01-25 20:00:00,1064.81,20,2,0,1064.43,1066.7366666666665,1100.8783333333333,1053.83
2023-01-25 21:00:00,1053.83,21,2,0,1064.81,1061.0233333333329,1085.2583333333334,1033.37
2023-01-25 22:00:00,1033.37,22,2,0,1053.83,1050.6699999999996,1066.075,1011.33
2023-01-25 23:00:00,1011.33,23,2,0,1033.37,1032.843333333333,1049.79,1064.36
2023-01-26 00:00:00,1064.36,0,3,0,1011.33,1036.353333333333,1048.6883333333333,1064.98
2023-01-26 01:00:00,1064.98,1,3,0,1064.36,1046.8899999999996,1048.78,1070.82
2023-01-26 02:00:00,1070.82,2,3,0,1064.98,1066.7199999999996,1049.7816666666665,1050.9
2023-01-26 03:00:00,1050.9,3,3,0,1070.82,1062.233333333333,1049.2933333333333,1117.58
2023-01-26 04:00:00,1117.58,4,3,0,1050.9,1079.7666666666664,1063.3283333333334,1075.09
2023-01-26 05:00:00,1075.09,5,3,0,1117.58,1081.1899999999998,1073.955,1122.54
2023-01-26 06:00:00,1122.54,6,3,0,1075.09,1105.0699999999997,1083.6516666666666,1143.24
2023-01-26 07:00:00,1143.24,7,3,0,1122.54,1113.623333333333,1096.695,1141.93
2023-01-26 08:00:00,1141.93,8,3,0,1143.24,1135.903333333333,1108.5466666666669,1143.99
2023-01-26 09:00:00,1143.99,9,3,0,1141.93,1143.053333333333,1124.0616666666667,1145.07
2023-01-26 10:00:00,1145.07,10,3,0,1143.99,1143.6633333333332,1128.6433333333332,1168.17
2023-01-26 11:00:00,1168.17,11,3,0,1145.07,1152.4099999999996,1144.1566666666668,1124.3
2023-01-26 12:00:00,1124.3,12,3,0,1168.17,1145.8466666666664,1144.45,1187.87
2023-01-26 13:00:00,1187.87,13,3,0,1124.3,1160.113333333333,1151.8883333333333,1135.17
2023-01-26 14:00:00,1135.17,14,3,0,1187.87,1149.113333333333,1150.7616666666665,1126.1
2023-01-26 15:00:00,1126.1,15,3,0,1135.17,1149.713333333333,1147.78,1104.13
2023-01-26 16:00:00,1104.13,16,3,0,1126.1,1121.7999999999995,1140.9566666666667,1105.85
2023-01-26 17:00:00,1105.85,17,3,0,1104.13,1112.0266666666664,1130.57,1066.91
2023-01-26 18:00:00,1066.91,18,3,0,1105.85,1092.2966666666664,1121.0049999999999,1044.22
2023-01-26 19:00:00,1044.22,19,3,0,1066.91,1072.3266666666666,1097.0633333333333,1036.24
2023-01-26 20:00:00,1036.24,20,3,0,1044.22,1049.123333333333,1080.575,1050.98
2023-01-26 21:00:00,1050.98,21,3,0,1036.24,1043.813333333333,1068.055,1021.49
2023-01-26 22:00:00,1021.49,22,3,0,1050.98,1036.2366666666665,1054.2816666666668,1057.55
2023-01-26 23:00:00,1057.55,23,3,0,1021.49,1043.3399999999997,1046.2316666666666,1047.25
2023-01-27 00:00:00,1047.25,0,4,0,1057.55,1042.0966666666664,1042.955,1056.19
2023-01-27 01:00:00,1056.19,1,4,0,1047.25,1053.6633333333332,1044.95,1022.09
2023-01-27 02:00:00,1022.09,2,4,0,1056.19,1041.843333333333,1042.5916666666667,1110.17
2023-01-27 03:00:00,1110.17,3,4,0,1022.09,1062.8166666666664,1052.4566666666667,1097.16
2023-01-27 04:00:00,1097.16,4,4,0,1110.17,1076.4733333333331,1065.0683333333334,1102.61
2023-01-27 05:00:00,1102.61,5,4,0,1097.16,1103.313333333333,1072.5783333333336,1118.52
2023-01-27 06:00:00,1118.52,6,4,0,1102.61,1106.0966666666664,1084.4566666666667,1139.27
2023-01-27 07:00:00,1139.27,7,4,0,1118.52,1120.133333333333,1098.3033333333333,1144.7
2023-01-27 08:00:00,1144.7,8,4,0,1139.27,1134.163333333333,1118.7383333333335,1132.81
2023-01-27 09:00:00,1132.81,9,4,0,1144.7,1138.9266666666663,1122.5116666666665,1144.05
2023-01-27 10:00:00,1144.05,10,4,0,1132.81,1140.5199999999998,1130.3266666666666,1162.34
2023-01-27 11:00:00,1162.34,11,4,0,1144.05,1146.3999999999996,1140.2816666666668,1142.62
2023-01-27 12:00:00,1142.62,12,4,0,1162.34,1149.6699999999998,1144.2983333333334,1146.46
2023-01-27 13:00:00,1146.46,13,4,0,1142.62,1150.4733333333331,1145.4966666666667,1152.45
2023-01-27 14:00:00,1152.45,14,4,0,1146.46,1147.1766666666663,1146.7883333333332,1105.48
2023-01-27 15:00:00,1105.48,15,4,0,1152.45,1134.7966666666664,1142.2333333333333,1136.82
2023-01-27 16:00:00,1136.82,16,4,0,1105.48,1131.583333333333,1141.0283333333334,1097.55
2023-01-27 17:00:00,1097.55,17,4,0,1136.82,1113.283333333333,1130.2299999999998,1036.63
2023-01-27 18:00:00,1036.63,18,4,0,1097.55,1090.333333333333,1112.5649999999998,1060.76
2023-01-27 19:00:00,1060.76,19,4,0,1036.63,1064.9799999999998,1098.2816666666665,1024.43
2023-01-27 20:00:00,1024.43,20,4,0,1060.76,1040.6066666666663,1076.945,1047.13
2023-01-27 21:00:00,1047.13,21,4,0,1024.43,1044.1066666666663,1067.22,1040.4
2023-01-27 22:00:00,1040.4,22,4,0,1047.13,1037.32,1051.1499999999999,1040.61
2023-01-27 23:00:00,1040.61,23,4,0,1040.4,1042.7133333333331,1041.66,1039.48
2023-01-28 00:00:00,1039.48,0,5,1,1040.61,1040.163333333333,1042.135,1044.31
2023-01-28 01:00:00,1044.31,1,5,1,1039.48,1041.4666666666662,1039.3933333333334,1070.92
2023-01-28 02:00:00,1070.92,2,5,1,1044.31,1051.5699999999997,1047.1416666666667,1070.55
2023-01-28 03:00:00,1070.55,3,5,1,1070.92,1061.9266666666663,1051.045,1108.64
2023-01-28 04:00:00,1108.64,4,5,1,1070.55,1083.37,1062.4183333333333,1112.29
2023-01-28 05:00:00,1112.29,5,5,1,1108.64,1097.1599999999999,1074.365,1075.28
2023-01-28 06:00:00,1075.28,6,5,1,1112.29,1098.7366666666665,1080.3316666666667,1104.11
2023-01-28 07:00:00,1104.11,7,5,1,1075.28,1097.2266666666662,1090.2983333333334,1142.57
2023-01-28 08:00:00,1142.57,8,5,1,1104.11,1107.3199999999995,1102.24,1130.95
2023-01-28 09:00:00,1130.95,9,5,1,1142.57,1125.8766666666663,1112.3066666666666,1147.02
2023-01-28 10:00:00,1147.02,10,5,1,1130.95,1140.1799999999996,1118.7033333333334,1135.24
2023-01-28 11:00:00,1135.24,11,5,1,1147.02,1137.7366666666665,1122.5283333333334,1139.59
2023-01-28 12:00:00,1139.59,12,5,1,1135.24,1140.6166666666666,1133.2466666666667,1131.92
2023-01-28 13:00:00,1131.92,13,5,1,1139.59,1135.583333333333,1137.8816666666667,1092.74
2023-01-28 14:00:00,1092.74,14,5,1,1131.92,1121.4166666666663,1129.5766666666666,1093.71
2023-01-28 15:00:00,1093.71,15,5,1,1092.74,1106.123333333333,1123.3700000000001,1090.73
2023-01-28 16:00:00,1090.73,16,5,1,1093.71,1092.393333333333,1113.9883333333335,1049.68
2023-01-28 17:00:00,1049.68,17,5,1,1090.73,1078.0399999999997,1099.7283333333332,1036.95
2023-01-28 18:00:00,1036.95,18,5,1,1049.68,1059.1199999999997,1082.6216666666667,1035.81
2023-01-28 19:00:00,1035.81,19,5,1,1036.95,1040.813333333333,1066.6033333333332,1013.22
2023-01-28 20:00:00,1013.22,20,5,1,1035.81,1028.6599999999999,1053.3500000000001,1012.69
2023-01-28 21:00:00,1012.69,21,5,1,1013.22,1020.5733333333332,1039.8466666666666,1011.2
2023-01-28 22:00:00,1011.2,22,5,1,1012.69,1012.3699999999998,1026.591666666667,1016.4
2023-01-28 23:00:00,1016.4,23,5,1,1011.2,1013.4299999999997,1021.0450000000001,1023.37
2023-01-29 00:00:00,1023.37,0,6,1,1016.4,1016.9899999999998,1018.7816666666666,1041.93
2023-01-29 01:00:00,1041.93,1,6,1,1023.37,1027.233333333333,1019.8016666666667,1040.71
2023-01-29 02:00:00,1040.71,2,6,1,1041.93,1035.3366666666664,1024.3833333333334,1084.9
2023-01-29 03:00:00,1084.9,3,6,1,1040.71,1055.8466666666664,1036.4183333333333,1081.1
2023-01-29 04:00:00,1081.1,4,6,1,1084.9,1068.903333333333,1048.0683333333334,1057.98
2023-01-29 05:00:00,1057.98,5,6,1,1081.1,1074.6599999999996,1054.9983333333332,1103.44
2023-01-29 06:00:00,1103.44,6,6,1,1057.98,1080.84,1068.3433333333335,1118.33
2023-01-29 07:00:00,1118.33,7,6,1,1103.44,1093.2499999999998,1081.0766666666666,1136.78
2023-01-29 08:00:00,1136.78,8,6,1,1118.33,1119.5166666666664,1097.0883333333334,1117.39
2023-01-29 09:00:00,1117.39,9,6,1,1136.78,1124.1666666666663,1102.5033333333333,1130.68
2023-01-29 10:00:00,1130.68,10,6,1,1117.39,1128.283333333333,1110.7666666666667,1110.36
2023-01-29 11:00:00,1110.36,11,6,1,1130.68,1119.4766666666665,1119.4966666666667,1153.61
2023-01-29 12:00:00,1153.61,12,6,1,1110.36,1131.5499999999995,1127.8583333333333,1104.23
2023-01-29 13:00:00,1104.23,13,6,1,1153.61,1122.733333333333,1125.5083333333332,1092.6
2023-01-29 14:00:00,1092.6,14,6,1,1104.23,1116.813333333333,1118.145,1137.94
2023-01-29 15:00:00,1137.94,15,6,1,1092.6,1111.5899999999997,1121.57,1099.87
2023-01-29 16:00:00,1099.87,16,6,1,1137.94,1110.1366666666663,1116.4349999999997,1059.88
2023-01-29 17:00:00,1059.88,17,6,1,1099.87,1099.2299999999998,1108.0216666666665,1075.71
2023-01-29 18:00:00,1075.71,18,6,1,1059.88,1078.4866666666665,1095.0383333333332,1048.72
2023-01-29 19:00:00,1048.72,19,6,1,1075.71,1061.4366666666665,1085.7866666666666,1034.24
2023-01-29 20:00:00,1034.24,20,6,1,1048.72,1052.8899999999996,1076.0600000000002,1000.99
2023-01-29 21:00:00,1000.99,21,6,1,1034.24,1027.983333333333,1053.235,1012.44
2023-01-29 22:00:00,1012.44,22,6,1,1000.99,1015.8899999999998,1038.6633333333334,1030.89
2023-01-29 23:00:00,1030.89,23,6,1,1012.44,1014.7733333333331,1033.8316666666667,1029.16
2023-01-30 00:00:00,1029.16,0,0,0,1030.89,1024.1633333333332,1026.0733333333335,1068.57
2023-01-30 01:00:00,1068.57,1,0,0,1029.16,1042.873333333333,1029.381666666667,1071.88
2023-01-30 02:00:00,1071.88,2,0,0,1068.57,1056.5366666666662,1035.655,1095.86
2023-01-30 03:00:00,1095.86,3,0,0,1071.88,1078.7699999999998,1051.4666666666667,1089.91
2023-01-30 04:00:00,1089.91,4,0,0,1095.86,1085.883333333333,1064.3783333333333,1110.39
2023-01-30 05:00:00,1110.39,5,0,0,1089.91,1098.7199999999996,1077.6283333333333,1108.35
2023-01-30 06:00:00,1108.35,6,0,0,1110.39,1102.883333333333,1090.8266666666666,1127.05
2023-01-30 07:00:00,1127.05,7,0,0,1108.35,1115.263333333333,1100.5733333333333,1161.16
2023-01-30 08:00:00,1161.16,8,0,0,1127.05,1132.1866666666663,1115.4533333333331,1172.38
2023-01-30 09:00:00,1172.38,9,0,0,1161.16,1153.5299999999997,1128.2066666666667,1159.25
2023-01-30 10:00:00,1159.25,10,0,0,1172.38,1164.263333333333,1139.7633333333333,1126.73
2023-01-30 11:00:00,1126.73,11,0,0,1159.25,1152.7866666666664,1142.4866666666667,1148.81
2023-01-30 12:00:00,1148.81,12,0,0,1126.73,1144.9299999999996,1149.23,1144.99
2023-01-30 13:00:00,1144.99,13,0,0,1148.81,1140.1766666666663,1152.22,1146.63
2023-01-30 14:00:00,1146.63,14,0,0,1144.99,1146.8099999999997,1149.7983333333334,1113.15
2023-01-30 15:00:00,1113.15,15,0,0,1146.63,1134.9233333333332,1139.9266666666667,1070.77
2023-01-30 16:00:00,1070.77,16,0,0,1113.15,1110.1833333333332,1125.18,1098.61
2023-01-30 17:00:00,1098.61,17,0,0,1070.77,1094.1766666666665,1120.4933333333333,1040.75
2023-01-30 18:00:00,1040.75,18,0,0,1098.61,1070.043333333333,1102.4833333333333,1057.29
2023-01-30 19:00:00,1057.29,19,0,0,1040.75,1065.5499999999995,1087.8666666666666,1058.38
2023-01-30 20:00:00,1058.38,20,0,0,1057.29,1052.1399999999996,1073.1583333333333,1061.17
2023-01-30 21:00:00,1061.17,21,0,0,1058.38,1058.9466666666665,1064.4950000000001,1012.48
2023-01-30 22:00:00,1012.48,22,0,0,1061.17,1044.0099999999998,1054.78,1043.93
2023-01-30 23:00:00,1043.93,23,0,0,1012.48,1039.193333333333,1045.6666666666667,1063.52
2023-01-31 00:00:00,1063.52,0,1,0,1043.93,1039.9766666666665,1049.4616666666668,1070.45
2023-01-31 01:00:00,1070.45,1,1,0,1063.52,1059.2999999999997,1051.655,1054.4
2023-01-31 02:00:00,1054.4,2,1,0,1070.45,1062.7899999999997,1050.9916666666666,1089.37
2023-01-31 03:00:00,1089.37,3,1,0,1054.4,1071.4066666666665,1055.6916666666666,1067.42
2023-01-31 04:00:00,1067.42,4,1,0,1089.37,1070.3966666666663,1064.8483333333334,1123.67
2023-01-31 05:00:00,1123.67,5,1,0,1067.42,1093.4866666666665,1078.1383333333333,1146.22
2023-01-31 06:00:00,1146.22,6,1,0,1123.67,1112.4366666666665,1091.9216666666666,1139.03
2023-01-31 07:00:00,1139.03,7,1,0,1146.22,1136.3066666666664,1103.3516666666667,1145.66
2023-01-31 08:00:00,1145.66,8,1,0,1139.03,1143.6366666666663,1118.5616666666667,1184.42
2023-01-31 09:00:00,1184.42,9,1,0,1145.66,1156.3699999999997,1134.4033333333334,1190.71
2023-01-31 10:00:00,1190.71,10,1,0,1184.42,1173.5966666666664,1154.9516666666668,1171.21
2023-01-31 11:00:00,1171.21,11,1,0,1190.71,1182.113333333333,1162.875,1157.51
2023-01-31 12:00:00,1157.51,12,1,0,1171.21,1173.1433333333332,1164.7566666666667,1147.02
2023-01-31 13:00:00,1147.02,13,1,0,1157.51,1158.5799999999997,1166.0883333333334,1139.84
2023-01-31 14:00:00,1139.84,14,1,0,1147.02,1148.123333333333,1165.1183333333336,1156.64
2023-01-31 15:00:00,1156.64,15,1,0,1139.84,1147.833333333333,1160.4883333333335,1129.99
2023-01-31 16:00:00,1129.99,16,1,0,1156.64,1142.1566666666665,1150.368333333333,1100.76
2023-01-31 17:00:00,1100.76,17,1,0,1129.99,1129.1299999999997,1138.6266666666668,1091.87
2023-01-31 18:00:00,1091.87,18,1,0,1100.76,1107.5399999999997,1127.6866666666667,1092.9
2023-01-31 19:00:00,1092.9,19,1,0,1091.87,1095.1766666666665,1118.6666666666667,1050.58
2023-01-31 20:00:00,1050.58,20,1,0,1092.9,1078.4499999999996,1103.79,1051.7
2023-01-31 21:00:00,1051.7,21,1,0,1050.58,1065.0599999999997,1086.3,1035.8
2023-01-31 22:00:00,1035.8,22,1,0,1051.7,1046.0266666666664,1070.6016666666667,1045.89
2023-01-31 23:00:00,1045.89,23,1,0,1035.8,1044.4633333333331,1061.4566666666667,1069.15
2023-02-01 00:00:00,1069.15,0,2,0,1045.89,1050.2799999999997,1057.67,1067.11
2023-02-01 01:00:00,1067.11,1,2,0,1069.15,1060.7166666666665,1053.3716666666667,1063.18
2023-02-01 02:00:00,1063.18,2,2,0,1067.11,1066.4799999999998,1055.4716666666666,1065.61
2023-02-01 03:00:00,1065.61,3,2,0,1063.18,1065.2999999999995,1057.79,1070.19
2023-02-01 04:00:00,1070.19,4,2,0,1065.61,1066.3266666666664,1063.5216666666668,1120.14
2023-02-01 05:00:00,1120.14,5,2,0,1070.19,1085.3133333333333,1075.8966666666665,1128.14
2023-02-01 06:00:00,1128.14,6,2,0,1120.14,1106.1566666666665,1085.7283333333332,1113.07
2023-02-01 07:00:00,1113.07,7,2,0,1128.14,1120.4499999999998,1093.3883333333333,1150.9
2023-02-01 08:00:00,1150.9,8,2,0,1113.07,1130.703333333333,1108.0083333333334,1162.49
2023-02-01 09:00:00,1162.49,9,2,0,1150.9,1142.153333333333,1124.155,1158.96
2023-02-01 10:00:00,1158.96,10,2,0,1162.49,1157.4499999999998,1138.95,1153.6
2023-02-01 11:00:00,1153.6,11,2,0,1158.96,1158.3499999999997,1144.5266666666666,1153.41
2023-02-01 12:00:00,1153.41,12,2,0,1153.6,1155.323333333333,1148.7383333333335,1161.84
2023-02-01 13:00:00,1161.84,13,2,0,1153.41,1156.283333333333,1156.8666666666668,1138.44
2023-02-01 14:00:00,1138.44,14,2,0,1161.84,1151.2299999999998,1154.79,1138.83
2023-02-01 15:00:00,1138.83,15,2,0,1138.44,1146.3699999999997,1150.8466666666666,1128.57
2023-02-01 16:00:00,1128.57,16,2,0,1138.83,1135.2799999999997,1145.7816666666668,1064.5
2023-02-01 17:00:00,1064.5,17,2,0,1128.57,1110.633333333333,1130.9316666666666,1088.77
2023-02-01 18:00:00,1088.77,18,2,0,1064.5,1093.9466666666665,1120.1583333333333,1089.95
2023-02-01 19:00:00,1089.95,19,2,0,1088.77,1081.073333333333,1108.1766666666665,1049.36
2023-02-01 20:00:00,1049.36,20,2,0,1089.95,1076.0266666666664,1093.33,1056.94
2023-02-01 21:00:00,1056.94,21,2,0,1049.36,1065.4166666666663,1079.6816666666666,1017.25
2023-02-01 22:00:00,1017.25,22,2,0,1056.94,1041.1833333333332,1061.1283333333333,1042.48
2023-02-01 23:00:00,1042.48,23,2,0,1017.25,1038.8899999999996,1057.4583333333333,1032.35
2023-02-02 00:00:00,1032.35,0,3,0,1042.48,1030.693333333333,1048.055,1091.82
2023-02-02 01:00:00,1091.82,1,3,0,1032.35,1055.5499999999995,1048.3666666666666,1101.59
2023-02-02 02:00:00,1101.59,2,3,0,1091.82,1075.253333333333,1057.0716666666667,1076.54
2023-02-02 03:00:00,1076.54,3,3,0,1101.59,1089.983333333333,1060.3383333333334,1104.61
2023-02-02 04:00:00,1104.61,4,3,0,1076.54,1094.2466666666662,1074.8983333333333,1094.12
2023-02-02 05:00:00,1094.12,5,3,0,1104.61,1091.7566666666662,1083.5049999999999,1143.42
2023-02-02 06:00:00,1143.42,6,3,0,1094.12,1114.0499999999995,1102.0166666666667,1137.64
2023-02-02 07:00:00,1137.64,7,3,0,1143.42,1125.0599999999997,1109.6533333333334,1147.21
2023-02-02 08:00:00,1147.21,8,3,0,1137.64,1142.7566666666664,1117.2566666666667,1146.86
2023-02-02 09:00:00,1146.86,9,3,0,1147.21,1143.903333333333,1128.9766666666667,1170.75
2023-02-02 10:00:00,1170.75,10,3,0,1146.86,1154.9399999999996,1140.0,1150.71
2023-02-02 11:00:00,1150.71,11,3,0,1170.75,1156.1066666666663,1149.4316666666666,1177.93
2023-02-02 12:00:00,1177.93,12,3,0,1150.71,1166.4633333333331,1155.1833333333334,1122.92
2023-02-02 13:00:00,1122.92,13,3,0,1177.93,1150.5199999999998,1152.73,1134.18
2023-02-02 14:00:00,1134.18,14,3,0,1122.92,1145.0099999999998,1150.5583333333334,1128.28
2023-02-02 15:00:00,1128.28,15,3,0,1134.18,1128.4599999999998,1147.4616666666668,1105.41
2023-02-02 16:00:00,1105.41,16,3,0,1128.28,1122.6233333333332,1136.5716666666667,1101.86
2023-02-02 17:00:00,1101.86,17,3,0,1105.41,1111.8499999999997,1128.43,1073.58
2023-02-02 18:00:00,1073.58,18,3,0,1101.86,1093.6166666666666,1111.0383333333332,1066.05
2023-02-02 19:00:00,1066.05,19,3,0,1073.58,1080.4966666666662,1101.56,1035.31
2023-02-02 20:00:00,1035.31,20,3,0,1066.05,1058.313333333333,1085.0816666666667,1062.17
2023-02-02 21:00:00,1062.17,21,3,0,1035.31,1054.5099999999995,1074.0633333333333,1031.51
2023-02-02 22:00:00,1031.51,22,3,0,1062.17,1042.9966666666662,1061.7466666666667,1050.95
2023-02-02 23:00:00,1050.95,23,3,0,1031.51,1048.2099999999998,1053.2616666666665,1036.91
2023-02-03 00:00:00,1036.91,0,4,0,1050.95,1039.7899999999997,1047.1499999999999,1072.03
2023-02-03 01:00:00,1072.03,1,4,0,1036.91,1053.2966666666664,1048.1466666666668,1061.54
2023-02-03 02:00:00,1061.54,2,4,0,1072.03,1056.8266666666664,1052.5183333333332,1049.93
2023-02-03 03:00:00,1049.93,3,4,0,1061.54,1061.1666666666663,1050.4783333333332,1091.1
2023-02-03 04:00:00,1091.1,4,4,0,1049.93,1067.5233333333329,1060.41,1089.3
2023-02-03 05:00:00,1089.3,5,4,0,1091.1,1076.7766666666664,1066.8016666666665,1108.46
2023-02-03 06:00:00,1108.46,6,4,0,1089.3,1096.2866666666662,1078.7266666666667,1135.48
2023-02-03 07:00:00,1135.48,7,4,0,1108.46,1111.0799999999997,1089.3016666666667,1155.77
2023-02-03 08:00:00,1155.77,8,4,0,1135.48,1133.2366666666665,1105.0066666666667,1170.32
2023-02-03 09:00:00,1170.32,9,4,0,1155.77,1153.8566666666663,1125.0716666666667,1138.93
2023-02-03 10:00:00,1138.93,10,4,0,1170.32,1155.0066666666664,1133.0433333333333,1117.98
2023-02-03 11:00:00,1117.98,11,4,0,1138.93,1142.4099999999996,1137.8233333333335,1141.08
2023-02-03 12:00:00,1141.08,12,4,0,1117.98,1132.663333333333,1143.26,1161.87
2023-02-03 13:00:00,1161.87,13,4,0,1141.08,1140.3099999999997,1147.6583333333333,1130.18
2023-02-03 14:00:00,1130.18,14,4,0,1161.87,1144.3766666666663,1143.3933333333334,1110.71
2023-02-03 15:00:00,1110.71,15,4,0,1130.18,1134.253333333333,1133.4583333333333,1104.39
2023-02-03 16:00:00,1104.39,16,4,0,1110.71,1115.093333333333,1127.7016666666666,1080.56
2023-02-03 17:00:00,1080.56,17,4,0,1104.39,1098.553333333333,1121.465,1091.89
2023-02-03 18:00:00,1091.89,18,4,0,1080.56,1092.2799999999997,1113.2666666666667,1082.4
2023-02-03 19:00:00,1082.4,19,4,0,1091.89,1084.9499999999998,1100.0216666666668,1040.7
2023-02-03 20:00:00,1040.7,20,4,0,1082.4,1071.6633333333332,1085.1083333333333,1051.15
2023-02-03 21:00:00,1051.15,21,4,0,1040.7,1058.0833333333333,1075.1816666666668,1042.23
2023-02-03 22:00:00,1042.23,22,4,0,1051.15,1044.6933333333332,1064.8216666666667,1027.52
2023-02-03 23:00:00,1027.52,23,4,0,1042.23,1040.2999999999997,1055.9816666666668,1039.28
2023-02-04 00:00:00,1039.28,0,5,1,1027.52,1036.343333333333,1047.2133333333334,1015.1
2023-02-04 01:00:00,1015.1,1,5,1,1039.28,1027.2999999999997,1035.9966666666667,1035.14
2023-02-04 02:00:00,1035.14,2,5,1,1015.1,1029.8399999999997,1035.07,1064.08
2023-02-04 03:00:00,1064.08,3,5,1,1035.14,1038.1066666666663,1037.2250000000001,1050.29
2023-02-04 04:00:00,1050.29,4,5,1,1064.08,1049.8366666666664,1038.5683333333334,1090.18
2023-02-04 05:00:00,1090.18,5,5,1,1050.29,1068.1833333333332,1049.0116666666665,1065.89
2023-02-04 06:00:00,1065.89,6,5,1,1090.18,1068.7866666666664,1053.4466666666667,1087.5
2023-02-04 07:00:00,1087.5,7,5,1,1065.89,1081.1899999999998,1065.5133333333333,1131.06
2023-02-04 08:00:00,1131.06,8,5,1,1087.5,1094.8166666666664,1081.5,1120.89
2023-02-04 09:00:00,1120.89,9,5,1,1131.06,1113.1499999999996,1090.9683333333335,1157.82
2023-02-04 10:00:00,1157.82,10,5,1,1120.89,1136.5899999999997,1108.89,1117.36
2023-02-04 11:00:00,1117.36,11,5,1,1157.82,1132.0233333333329,1113.42,1118.09
2023-02-04 12:00:00,1118.09,12,5,1,1117.36,1131.0899999999995,1122.12,1090.47
2023-02-04 13:00:00,1090.47,13,5,1,1118.09,1108.6399999999996,1122.615,1102.2
2023-02-04 14:00:00,1102.2,14,5,1,1090.47,1103.5866666666664,1117.805,1078.99
2023-02-04 15:00:00,1078.99,15,5,1,1102.2,1090.553333333333,1110.8216666666667,1121.45
2023-02-04 16:00:00,1121.45,16,5,1,1078.99,1100.8799999999997,1104.76,1073.37
2023-02-04 17:00:00,1073.37,17,5,1,1121.45,1091.2699999999998,1097.4283333333333,1066.62
2023-02-04 18:00:00,1066.62,18,5,1,1073.37,1087.1466666666663,1088.85,1041.1
2023-02-04 19:00:00,1041.1,19,5,1,1066.62,1060.363333333333,1080.6216666666667,1034.19
2023-02-04 20:00:00,1034.19,20,5,1,1041.1,1047.303333333333,1069.2866666666666,1014.69
2023-02-04 21:00:00,1014.69,21,5,1,1034.19,1029.993333333333,1058.57,1026.39
2023-02-04 22:00:00,1026.39,22,5,1,1014.69,1025.09,1042.7266666666667,979.84
2023-02-04 23:00:00,979.84,23,5,1,1026.39,1006.973333333333,1027.1383333333333,1033.13
2023-02-05 00:00:00,1033.13,0,6,1,979.84,1013.1199999999998,1021.5566666666667,1019.16
2023-02-05 01:00:00,1019.16,1,6,1,1033.13,1010.7099999999997,1017.9,1051.34
2023-02-05 02:00:00,1051.34,2,6,1,1019.16,1034.5433333333328,1020.7583333333333,1042.98
2023-02-05 03:00:00,1042.98,3,6,1,1051.34,1037.8266666666661,1025.4733333333334,1070.57
2023-02-05 04:00:00,1070.57,4,6,1,1042.98,1054.963333333333,1032.8366666666668,1073.8
2023-02-05 05:00:00,1073.8,5,6,1,1070.57,1062.4499999999996,1048.4966666666667,1088.03
2023-02-05 06:00:00,1088.03,6,6,1,1073.8,1077.4666666666662,1057.6466666666668,1096.16
2023-02-05 07:00:00,1096.16,7,6,1,1088.03,1085.9966666666662,1070.48,1074.32
2023-02-05 08:00:00,1074.32,8,6,1,1096.16,1086.1699999999994,1074.31,1082.5
2023-02-05 09:00:00,1082.5,9,6,1,1074.32,1084.3266666666661,1080.8966666666665,1144.79
2023-02-05 10:00:00,1144.79,10,6,1,1082.5,1100.5366666666662,1093.2666666666667,1143.56
2023-02-05 11:00:00,1143.56,11,6,1,1144.79,1123.616666666666,1104.8933333333332,1139.86
2023-02-05 12:00:00,1139.86,12,6,1,1143.56,1142.7366666666662,1113.5316666666665,1107.4
2023-02-05 13:00:00,1107.4,13,6,1,1139.86,1130.2733333333329,1115.405,1100.58
2023-02-05 14:00:00,1100.58,14,6,1,1107.4,1115.946666666666,1119.7816666666668,1130.83
2023-02-05 15:00:00,1130.83,15,6,1,1100.58,1112.9366666666663,1127.8366666666668,1057.47
2023-02-05 16:00:00,1057.47,16,6,1,1130.83,1096.2933333333328,1113.2833333333333,1086.78
2023-02-05 17:00:00,1086.78,17,6,1,1057.47,1091.693333333333,1103.82,1053.81
2023-02-05 18:00:00,1053.81,18,6,1,1086.78,1066.0199999999995,1089.4783333333332,1083.74
2023-02-05 19:00:00,1083.74,19,6,1,1053.81,1074.776666666666,1085.5349999999999,1019.74
2023-02-05 20:00:00,1019.74,20,6,1,1083.74,1052.4299999999996,1072.0616666666665,1056.6
2023-02-05 21:00:00,1056.6,21,6,1,1019.74,1053.3599999999994,1059.6899999999998,1026.75
2023-02-05 22:00:00,1026.75,22,6,1,1056.6,1034.3633333333328,1054.57,1040.56
2023-02-05 23:00:00,1040.56,23,6,1,1026.75,1041.3033333333328,1046.8666666666666,1052.27
2023-02-06 00:00:00,1052.27,0,0,0,1040.56,1039.8599999999994,1046.61,1045.66
2023-02-06 01:00:00,1045.66,1,0,0,1052.27,1046.163333333333,1040.2633333333333,1068.91
2023-02-06 02:00:00,1068.91,2,0,0,1045.66,1055.613333333333,1048.4583333333333,1066.34
2023-02-06 03:00:00,1066.34,3,0,0,1068.91,1060.303333333333,1050.0816666666667,1103.75
2023-02-06 04:00:00,1103.75,4,0,0,1066.34,1079.6666666666663,1062.915,1118.5
2023-02-06 05:00:00,1118.5,5,0,0,1103.75,1096.196666666666,1075.905,1111.87
2023-02-06 06:00:00,1111.87,6,0,0,1118.5,1111.3733333333328,1085.8383333333334,1142.32
2023-02-06 07:00:00,1142.32,7,0,0,1111.87,1124.2299999999993,1101.9483333333335,1155.07
2023-02-06 08:00:00,1155.07,8,0,0,1142.32,1136.4199999999994,1116.3083333333334,1148.61
2023-02-06 09:00:00,1148.61,9,0,0,1155.07,1148.6666666666663,1130.02,1144.99
2023-02-06 10:00:00,1144.99,10,0,0,1148.61,1149.5566666666662,1136.8933333333332,1150.04
2023-02-06 11:00:00,1150.04,11,0,0,1144.99,1147.8799999999994,1142.1499999999999,1158.82
2023-02-06 12:00:00,1158.82,12,0,0,1150.04,1151.2833333333328,1149.9750000000001,1164.56
2023-02-06 13:00:00,1164.56,13,0,0,1158.82,1157.8066666666662,1153.6816666666666,1133.76
2023-02-06 14:00:00,1133.76,14,0,0,1164.56,1152.3799999999994,1150.1299999999999,1134.56
2023-02-06 15:00:00,1134.56,15,0,0,1133.76,1144.2933333333328,1147.7883333333332,1120.97
2023-02-06 16:00:00,1120.97,16,0,0,1134.56,1129.7633333333329,1143.785,1117.65
2023-02-06 17:00:00,1117.65,17,0,0,1120.97,1124.393333333333,1138.3866666666665,1071.91
2023-02-06 18:00:00,1071.91,18,0,0,1117.65,1103.5099999999995,1123.9016666666669,1072.79
2023-02-06 19:00:00,1072.79,19,0,0,1071.91,1087.4499999999996,1108.6066666666668,1069.79
2023-02-06 20:00:00,1069.79,20,0,0,1072.79,1071.4966666666662,1097.945,1035.61
2023-02-06 21:00:00,1035.61,21,0,0,1069.79,1059.3966666666663,1081.4533333333334,1025.19
2023-02-06 22:00:00,1025.19,22,0,0,1035.61,1043.5299999999995,1065.49,1057.91
2023-02-06 23:00:00,1057.91,23,0,0,1025.19,1039.5699999999995,1055.5333333333335,1038.48
2023-02-07 00:00:00,1038.48,0,1,0,1057.91,1040.5266666666664,1049.9616666666666,1049.1
2023-02-07 01:00:00,1049.1,1,1,0,1038.48,1048.4966666666662,1046.0133333333333,1087.6
2023-02-07 02:00:00,1087.6,2,1,0,1049.1,1058.3933333333327,1048.9816666666666,1093.12
2023-02-07 03:00:00,1093.12,3,1,0,1087.6,1076.606666666666,1058.5666666666666,1129.17
2023-02-07 04:00:00,1129.17,4,1,0,1093.12,1103.2966666666662,1075.8966666666665,1099.4
2023-02-07 05:00:00,1099.4,5,1,0,1129.17,1107.2299999999996,1082.8116666666667,1114.14
2023-02-07 06:00:00,1114.14,6,1,0,1099.4,1114.2366666666662,1095.4216666666669,1163.64
2023-02-07 07:00:00,1163.64,7,1,0,1114.14,1125.7266666666665,1114.5116666666665,1151.87
2023-02-07 08:00:00,1151.87,8,1,0,1163.64,1143.2166666666662,1125.2233333333334,1135.21
2023-02-07 09:00:00,1135.21,9,1,0,1151.87,1150.2399999999996,1132.2383333333335,1160.27
2023-02-07 10:00:00,1160.27,10,1,0,1135.21,1149.116666666666,1137.4216666666669,1128.72
2023-02-07 11:00:00,1128.72,11,1,0,1160.27,1141.3999999999994,1142.3083333333334,1160.55
2023-02-07 12:00:00,1160.55,12,1,0,1128.72,1149.8466666666664,1150.0433333333333,1104.46
2023-02-07 13:00:00,1104.46,13,1,0,1160.55,1131.2433333333329,1140.18,1128.18
2023-02-07 14:00:00,1128.18,14,1,0,1104.46,1131.0633333333328,1136.2316666666668,1172.22
2023-02-07 15:00:00,1172.22,15,1,0,1128.18,1134.953333333333,1142.4,1074.34
2023-02-07 16:00:00,1074.34,16,1,0,1172.22,1124.9133333333327,1128.0783333333331,1081.3
2023-02-07 17:00:00,1081.3,17,1,0,1074.34,1109.2866666666662,1120.175,1082.5
2023-02-07 18:00:00,1082.5,18,1,0,1081.3,1079.3799999999994,1107.1666666666667,1060.97
2023-02-07 19:00:00,1060.97,19,1,0,1082.5,1074.923333333333,1099.9183333333333,1087.26
2023-02-07 20:00:00,1087.26,20,1,0,1060.97,1076.9099999999996,1093.0983333333334,1093.2
2023-02-07 21:00:00,1093.2,21,1,0,1087.26,1080.4766666666662,1079.9283333333333,1050.56
2023-02-07 22:00:00,1050.56,22,1,0,1093.2,1077.0066666666662,1075.965,1036.28
2023-02-07 23:00:00,1036.28,23,1,0,1050.56,1060.0133333333326,1068.4616666666668,1047.49
2023-02-08 00:00:00,1047.49,0,2,0,1036.28,1044.7766666666662,1062.6266666666668,1029.75
2023-02-08 01:00:00,1029.75,1,2,0,1047.49,1037.8399999999995,1057.4233333333334,1076.66
2023-02-08 02:00:00,1076.66,2,2,0,1029.75,1051.2999999999995,1055.6566666666665,1074.77
2023-02-08 03:00:00,1074.77,3,2,0,1076.66,1060.3933333333327,1052.585,1109.95
2023-02-08 04:00:00,1109.95,4,2,0,1074.77,1087.1266666666663,1062.4833333333333,1095.42
2023-02-08 05:00:00,1095.42,5,2,0,1109.95,1093.3799999999994,1072.34,1121.05
2023-02-08 06:00:00,1121.05,6,2,0,1095.42,1108.8066666666664,1084.6000000000001,1151.38
2023-02-08 07:00:00,1151.38,7,2,0,1121.05,1122.616666666666,1104.8716666666667,1141.38
2023-02-08 08:00:00,1141.38,8,2,0,1151.38,1137.9366666666663,1115.6583333333335,1152.62
2023-02-08 09:00:00,1152.62,9,2,0,1141.38,1148.4599999999994,1128.6333333333334,1143.08
2023-02-08 10:00:00,1143.08,10,2,0,1152.62,1145.6933333333327,1134.155,1163.03
2023-02-08 11:00:00,1163.03,11,2,0,1143.08,1152.9099999999994,1145.4233333333334,1137.42
2023-02-08 12:00:00,1137.42,12,2,0,1163.03,1147.843333333333,1148.1516666666666,1146.74
2023-02-08 13:00:00,1146.74,13,2,0,1137.42,1149.0633333333328,1147.3783333333333,1134.34
2023-02-08 14:00:00,1134.34,14,2,0,1146.74,1139.4999999999995,1146.205,1131.43
2023-02-08 15:00:00,1131.43,15,2,0,1134.34,1137.5033333333329,1142.6733333333334,1100.59
2023-02-08 16:00:00,1100.59,16,2,0,1131.43,1122.1199999999997,1135.5916666666665,1103.37
2023-02-08 17:00:00,1103.37,17,2,0,1100.59,1111.7966666666662,1125.6483333333333,1050.77
2023-02-08 18:00:00,1050.77,18,2,0,1103.37,1084.9099999999994,1111.2066666666667,1054.38
2023-02-08 19:00:00,1054.38,19,2,0,1050.77,1069.5066666666662,1095.8133333333333,1056.43
2023-02-08 20:00:00,1056.43,20,2,0,1054.38,1053.8599999999997,1082.8283333333334,1073.29
2023-02-08 21:00:00,1073.29,21,2,0,1056.43,1061.366666666666,1073.1383333333333,1003.67
2023-02-08 22:00:00,1003.67,22,2,0,1073.29,1044.463333333333,1056.985,1046.96
2023-02-08 23:00:00,1046.96,23,2,0,1003.67,1041.3066666666662,1047.5833333333333,1073.49
2023-02-09 00:00:00,1073.49,0,3,0,1046.96,1041.3733333333328,1051.3700000000001,1065.06
2023-02-09 01:00:00,1065.06,1,3,0,1073.49,1061.8366666666661,1053.1499999999999,1065.62
2023-02-09 02:00:00,1065.62,2,3,0,1065.06,1068.0566666666662,1054.6816666666666,1065.28
2023-02-09 03:00:00,1065.28,3,3,0,1065.62,1065.3199999999995,1053.3466666666666,1093.07
2023-02-09 04:00:00,1093.07,4,3,0,1065.28,1074.656666666666,1068.2466666666667,1097.19
2023-02-09 05:00:00,1097.19,5,3,0,1093.07,1085.1799999999996,1076.6183333333333,1087.41
2023-02-09 06:00:00,1087.41,6,3,0,1097.19,1092.5566666666662,1078.9383333333333,1148.87
2023-02-09 07:00:00,1148.87,7,3,0,1087.41,1111.156666666666,1092.9066666666668,1136.16
2023-02-09 08:00:00,1136.16,8,3,0,1148.87,1124.1466666666663,1104.6633333333334,1157.12
2023-02-09 09:00:00,1157.12,9,3,0,1136.16,1147.383333333333,1119.97,1142.79
2023-02-09 10:00:00,1142.79,10,3,0,1157.12,1145.3566666666663,1128.2566666666667,1170.66
2023-02-09 11:00:00,1170.66,11,3,0,1142.79,1156.8566666666663,1140.5016666666668,1167.71
2023-02-09 12:00:00,1167.71,12,3,0,1170.66,1160.3866666666663,1153.885,1150.85
2023-02-09 13:00:00,1150.85,13,3,0,1167.71,1163.073333333333,1154.2150000000001,1123.76
2023-02-09 14:00:00,1123.76,14,3,0,1150.85,1147.4399999999996,1152.1483333333333,1118.88
2023-02-09 15:00:00,1118.88,15,3,0,1123.76,1131.163333333333,1145.7749999999999,1104.21
2023-02-09 16:00:00,1104.21,16,3,0,1118.88,1115.616666666666,1139.345,1078.33
2023-02-09 17:00:00,1078.33,17,3,0,1104.21,1100.4733333333327,1123.9566666666667,1083.65
2023-02-09 18:00:00,1083.65,18,3,0,1078.33,1088.7299999999996,1109.9466666666667,1061.05
2023-02-09 19:00:00,1061.05,19,3,0,1083.65,1074.3433333333328,1094.9799999999998,1076.31
2023-02-09 20:00:00,1076.31,20,3,0,1061.05,1073.6699999999996,1087.0716666666667,1053.48
2023-02-09 21:00:00,1053.48,21,3,0,1076.31,1063.613333333333,1076.1716666666669,1037.7
2023-02-09 22:00:00,1037.7,22,3,0,1053.48,1055.8299999999997,1065.0866666666668,1067.93
2023-02-09 23:00:00,1067.93,23,3,0,1037.7,1053.0366666666662,1063.3533333333335,1042.67
2023-02-10 00:00:00,1042.67,0,4,0,1067.93,1049.433333333333,1056.5233333333333,1044.1
2023-02-10 01:00:00,1044.1,1,4,0,1042.67,1051.5666666666662,1053.6983333333335,1042.77
2023-02-10 02:00:00,1042.77,2,4,0,1044.1,1043.1799999999996,1048.1083333333333,1061.78
2023-02-10 03:00:00,1061.78,3,4,0,1042.77,1049.5499999999995,1049.4916666666668,1090.92
2023-02-10 04:00:00,1090.92,4,4,0,1061.78,1065.156666666666,1058.3616666666667,1098.95
2023-02-10 05:00:00,1098.95,5,4,0,1090.92,1083.883333333333,1063.5316666666665,1119.15
2023-02-10 06:00:00,1119.15,6,4,0,1098.95,1103.0066666666664,1076.2783333333334,1138.63
2023-02-10 07:00:00,1138.63,7,4,0,1119.15,1118.9099999999996,1092.0333333333335,1161.4
2023-02-10 08:00:00,1161.4,8,4,0,1138.63,1139.7266666666662,1111.805,1130.07
2023-02-10 09:00:00,1130.07,9,4,0,1161.4,1143.366666666666,1123.1866666666667,1136.22
2023-02-10 10:00:00,1136.22,10,4,0,1130.07,1142.5633333333328,1130.7366666666667,1132.22
2023-02-10 11:00:00,1132.22,11,4,0,1136.22,1132.8366666666661,1136.2816666666668,1147.71
2023-02-10 12:00:00,1147.71,12,4,0,1132.22,1138.7166666666662,1141.0416666666667,1171.39
2023-02-10 13:00:00,1171.39,13,4,0,1147.71,1150.4399999999996,1146.5016666666668,1129.6
2023-02-10 14:00:00,1129.6,14,4,0,1171.39,1149.5666666666662,1141.2016666666666,1130.93
2023-02-10 15:00:00,1130.93,15,4,0,1129.6,1143.9733333333331,1141.345,1121.54
2023-02-10 16:00:00,1121.54,16,4,0,1130.93,1127.3566666666663,1138.8983333333333,1104.31
2023-02-10 17:00:00,1104.31,17,4,0,1121.54,1118.9266666666663,1134.2466666666667,1110.15
2023-02-10 18:00:00,1110.15,18,4,0,1104.31,1111.9999999999993,1127.9866666666667,1058.88
2023-02-10 19:00:00,1058.88,19,4,0,1110.15,1091.1133333333328,1109.2350000000001,1038.02
2023-02-10 20:00:00,1038.02,20,4,0,1058.88,1069.0166666666664,1093.9716666666666,1069.09
2023-02-10 21:00:00,1069.09,21,4,0,1038.02,1055.3299999999995,1083.665,1053.26
2023-02-10 22:00:00,1053.26,22,4,0,1069.09,1053.4566666666663,1072.285,1065.47
2023-02-10 23:00:00,1065.47,23,4,0,1053.26,1062.6066666666661,1065.8116666666667,1039.47
2023-02-11 00:00:00,1039.47,0,5,1,1065.47,1052.733333333333,1054.0316666666665,1038.43
2023-02-11 01:00:00,1038.43,1,5,1,1039.47,1047.7899999999995,1050.6233333333332,1058.22
2023-02-11 02:00:00,1058.22,2,5,1,1038.43,1045.373333333333,1053.99,1050.15
2023-02-11 03:00:00,1050.15,3,5,1,1058.22,1048.9333333333327,1050.8333333333333,1050.69
2023-02-11 04:00:00,1050.69,4,5,1,1050.15,1053.0199999999995,1050.405,1105.26
2023-02-11 05:00:00,1105.26,5,5,1,1050.69,1068.6999999999996,1057.0366666666669,1073.39
2023-02-11 06:00:00,1073.39,6,5,1,1105.26,1076.4466666666665,1062.69,1114.93
2023-02-11 07:00:00,1114.93,7,5,1,1073.39,1097.8599999999994,1075.44,1120.15
2023-02-11 08:00:00,1120.15,8,5,1,1114.93,1102.823333333333,1085.7616666666665,1128.15
2023-02-11 09:00:00,1128.15,9,5,1,1120.15,1121.0766666666664,1098.7616666666668,1129.96
2023-02-11 10:00:00,1129.96,10,5,1,1128.15,1126.0866666666664,1111.9733333333334,1127.48
2023-02-11 11:00:00,1127.48,11,5,1,1129.96,1128.5299999999995,1115.6766666666665,1142.56
2023-02-11 12:00:00,1142.56,12,5,1,1127.48,1133.3333333333328,1127.2050000000002,1079.23
2023-02-11 13:00:00,1079.23,13,5,1,1142.56,1116.423333333333,1121.255,1087.91
2023-02-11 14:00:00,1087.91,14,5,1,1079.23,1103.233333333333,1115.881666666667,1086.17
2023-02-11 15:00:00,1086.17,15,5,1,1087.91,1084.4366666666663,1108.885,1099.57
2023-02-11 16:00:00,1099.57,16,5,1,1086.17,1091.2166666666662,1103.82,1085.54
2023-02-11 17:00:00,1085.54,17,5,1,1099.57,1090.4266666666663,1096.8300000000002,1032.93
2023-02-11 18:00:00,1032.93,18,5,1,1085.54,1072.6799999999996,1078.5583333333334,1008.9
2023-02-11 19:00:00,1008.9,19,5,1,1032.93,1042.4566666666663,1066.8366666666668,1082.47
2023-02-11 20:00:00,1082.47,20,5,1,1008.9,1041.433333333333,1065.93,1062.69
2023-02-11 21:00:00,1062.69,21,5,1,1082.47,1051.353333333333,1062.0166666666667,1029.63
2023-02-11 22:00:00,1029.63,22,5,1,1062.69,1058.263333333333,1050.36,1038.3
2023-02-11 23:00:00,1038.3,23,5,1,1029.63,1043.5399999999997,1042.4866666666667,1008.97
2023-02-12 00:00:00,1008.97,0,6,1,1038.3,1025.633333333333,1038.4933333333333,1036.56
2023-02-12 01:00:00,1036.56,1,6,1,1008.97,1027.943333333333,1043.1033333333335,1045.37
2023-02-12 02:00:00,1045.37,2,6,1,1036.56,1030.2999999999995,1036.92,958.48
2023-02-12 03:00:00,958.48,3,6,1,1045.37,1013.4699999999993,1019.5516666666666,1088.83
2023-02-12 04:00:00,1088.83,4,6,1,958.48,1030.8933333333327,1029.4183333333333,1098.69
2023-02-12 05:00:00,1098.69,5,6,1,1088.83,1048.6666666666663,1039.4833333333333,1086.01
2023-02-12 06:00:00,1086.01,6,6,1,1098.69,1091.1766666666663,1052.3233333333333,1092.17
2023-02-12 07:00:00,1092.17,7,6,1,1086.01,1092.2899999999997,1061.5916666666665,1117.68
2023-02-12 08:00:00,1117.68,8,6,1,1092.17,1098.6199999999997,1073.6433333333334,1137.05
2023-02-12 09:00:00,1137.05,9,6,1,1117.68,1115.633333333333,1103.405,1124.77
2023-02-12 10:00:00,1124.77,10,6,1,1137.05,1126.4999999999993,1109.395,1125.39
2023-02-12 11:00:00,1125.39,11,6,1,1124.77,1129.0699999999995,1113.845,1120.06
2023-02-12 12:00:00,1120.06,12,6,1,1125.39,1123.4066666666663,1119.5200000000002,1099.42
2023-02-12 13:00:00,1099.42,13,6,1,1120.06,1114.9566666666663,1120.7283333333335,1112.51
2023-02-12 14:00:00,1112.51,14,6,1,1099.42,1110.663333333333,1119.8666666666666,1077.48
2023-02-12 15:00:00,1077.48,15,6,1,1112.51,1096.4699999999996,1109.9383333333333,1111.72
2023-02-12 16:00:00,1111.72,16,6,1,1077.48,1100.5699999999995,1107.7633333333333,1104.0
2023-02-12 17:00:00,1104.0,17,6,1,1111.72,1097.733333333333,1104.1983333333335,1061.33
2023-02-12 18:00:00,1061.33,18,6,1,1104.0,1092.3499999999995,1094.41,1027.18
2023-02-12 19:00:00,1027.18,19,6,1,1061.33,1064.1699999999994,1082.3700000000001,1000.89
2023-02-12 20:00:00,1000.89,20,6,1,1027.18,1029.7999999999995,1063.7666666666667,1029.32
2023-02-12 21:00:00,1029.32,21,6,1,1000.89,1019.1299999999995,1055.74,1041.02
2023-02-12 22:00:00,1041.02,22,6,1,1029.32,1023.7433333333329,1043.9566666666667,1005.91
2023-02-12 23:00:00,1005.91,23,6,1,1041.02,1025.4166666666663,1027.6083333333333,1072.41
2023-02-13 00:00:00,1072.41,0,0,0,1005.91,1039.7799999999995,1029.455,1054.43
2023-02-13 01:00:00,1054.43,1,0,0,1072.41,1044.2499999999993,1033.9966666666667,1075.42
2023-02-13 02:00:00,1075.42,2,0,0,1054.43,1067.4199999999994,1046.4183333333333,1079.39
2023-02-13 03:00:00,1079.39,3,0,0,1075.42,1069.7466666666662,1054.7633333333333,1116.87
2023-02-13 04:00:00,1116.87,4,0,0,1079.39,1090.5599999999995,1067.405,1092.35
2023-02-13 05:00:00,1092.35,5,0,0,1116.87,1096.2033333333327,1081.8116666666667,1126.86
2023-02-13 06:00:00,1126.86,6,0,0,1092.35,1112.026666666666,1090.8866666666665,1126.26
2023-02-13 07:00:00,1126.26,7,0,0,1126.86,1115.156666666666,1102.8583333333333,1114.87
2023-02-13 08:00:00,1114.87,8,0,0,1126.26,1122.6633333333327,1109.4333333333332,1154.62
2023-02-13 09:00:00,1154.62,9,0,0,1114.87,1131.916666666666,1121.9716666666666,1168.53
2023-02-13 10:00:00,1168.53,10,0,0,1154.62,1146.006666666666,1130.5816666666665,1161.87
2023-02-13 11:00:00,1161.87,11,0,0,1168.53,1161.6733333333325,1142.1683333333333,1170.19
2023-02-13 12:00:00,1170.19,12,0,0,1161.87,1166.8633333333328,1149.39,1135.45
2023-02-13 13:00:00,1135.45,13,0,0,1170.19,1155.8366666666661,1150.9216666666666,1153.23
2023-02-13 14:00:00,1153.23,14,0,0,1135.45,1152.9566666666663,1157.3149999999998,1109.24
2023-02-13 15:00:00,1109.24,15,0,0,1153.23,1132.6399999999994,1149.7516666666668,1090.35
2023-02-13 16:00:00,1090.35,16,0,0,1109.24,1117.606666666666,1136.7216666666666,1107.28
2023-02-13 17:00:00,1107.28,17,0,0,1090.35,1102.2899999999993,1127.6233333333332,1093.58
2023-02-13 18:00:00,1093.58,18,0,0,1107.28,1097.0699999999995,1114.8549999999998,1087.37
2023-02-13 19:00:00,1087.37,19,0,0,1093.58,1096.076666666666,1106.8416666666665,1059.8
2023-02-13 20:00:00,1059.8,20,0,0,1087.37,1080.2499999999993,1091.27,1046.0
2023-02-13 21:00:00,1046.0,21,0,0,1059.8,1064.3899999999994,1080.7299999999998,1063.07
2023-02-13 22:00:00,1063.07,22,0,0,1046.0,1056.2899999999993,1076.1833333333334,1052.96
2023-02-13 23:00:00,1052.96,23,0,0,1063.07,1054.0099999999993,1067.1299999999999,1034.03
2023-02-14 00:00:00,1034.03,0,1,0,1052.96,1050.0199999999993,1057.205,1066.82
2023-02-14 01:00:00,1066.82,1,1,0,1034.03,1051.2699999999993,1053.78,1101.54
2023-02-14 02:00:00,1101.54,2,1,0,1066.82,1067.4633333333327,1060.7366666666667,1061.59
2023-02-14 03:00:00,1061.59,3,1,0,1101.54,1076.6499999999994,1063.335,1102.16
2023-02-14 04:00:00,1102.16,4,1,0,1061.59,1088.4299999999994,1069.8500000000001,1115.58
2023-02-14 05:00:00,1115.58,5,1,0,1102.16,1093.1099999999994,1080.2866666666666,1122.96
2023-02-14 06:00:00,1122.96,6,1,0,1115.58,1113.566666666666,1095.1083333333333,1142.77
2023-02-14 07:00:00,1142.77,7,1,0,1122.96,1127.1033333333328,1107.7666666666667,1151.8
2023-02-14 08:00:00,1151.8,8,1,0,1142.77,1139.176666666666,1116.1433333333332,1138.67
2023-02-14 09:00:00,1138.67,9,1,0,1151.8,1144.4133333333327,1128.99,1139.63
2023-02-14 10:00:00,1139.63,10,1,0,1138.67,1143.366666666666,1135.235,1157.26
2023-02-14 11:00:00,1157.26,11,1,0,1139.63,1145.186666666666,1142.1816666666666,1154.9
2023-02-14 12:00:00,1154.9,12,1,0,1157.26,1150.5966666666661,1147.505,1145.95
2023-02-14 13:00:00,1145.95,13,1,0,1154.9,1152.7033333333327,1148.035,1143.04
2023-02-14 14:00:00,1143.04,14,1,0,1145.95,1147.963333333333,1146.575,1089.32
2023-02-14 15:00:00,1089.32,15,1,0,1143.04,1126.1033333333328,1138.3500000000001,1129.71
2023-02-14 16:00:00,1129.71,16,1,0,1089.32,1120.6899999999994,1136.6966666666667,1079.06
2023-02-14 17:00:00,1079.06,17,1,0,1129.71,1099.3633333333325,1123.6633333333332,1061.91
2023-02-14 18:00:00,1061.91,18,1,0,1079.06,1090.2266666666662,1108.1650000000002,1071.37
2023-02-14 19:00:00,1071.37,19,1,0,1061.91,1070.7799999999995,1095.735,1066.79
2023-02-14 20:00:00,1066.79,20,1,0,1071.37,1066.6899999999994,1083.0266666666666,1056.81
2023-02-14 21:00:00,1056.81,21,1,0,1066.79,1064.9899999999996,1077.6083333333333,1029.96
2023-02-14 22:00:00,1029.96,22,1,0,1056.81,1051.1866666666663,1060.9833333333333,1074.94
2023-02-14 23:00:00,1074.94,23,1,0,1029.96,1053.9033333333327,1060.2966666666669,1068.46
2023-02-15 00:00:00,1068.46,0,2,0,1074.94,1057.786666666666,1061.3883333333333,1062.92
2023-02-15 01:00:00,1062.92,1,2,0,1068.46,1068.7733333333326,1059.98,1070.75
2023-02-15 02:00:00,1070.75,2,2,0,1062.92,1067.376666666666,1060.64,1060.32
2023-02-15 03:00:00,1060.32,3,2,0,1070.75,1064.6633333333327,1061.2250000000001,1094.49
2023-02-15 04:00:00,1094.49,4,2,0,1060.32,1075.1866666666658,1071.98,1092.22
2023-02-15 05:00:00,1092.22,5,2,0,1094.49,1082.3433333333326,1074.86,1134.21
2023-02-15 06:00:00,1134.21,6,2,0,1092.22,1106.9733333333327,1085.8183333333334,1138.78
2023-02-15 07:00:00,1138.78,7,2,0,1134.21,1121.736666666666,1098.4616666666666,1117.96
2023-02-15 08:00:00,1117.96,8,2,0,1138.78,1130.316666666666,1106.33,1161.49
2023-02-15 09:00:00,1161.49,9,2,0,1117.96,1139.4099999999994,1123.1916666666666,1161.43
2023-02-15 10:00:00,1161.43,10,2,0,1161.49,1146.9599999999994,1134.3483333333334,1140.17
2023-02-15 11:00:00,1140.17,11,2,0,1161.43,1154.3633333333328,1142.34,1143.87
2023-02-15 12:00:00,1143.87,12,2,0,1140.17,1148.4899999999996,1143.95,1154.89
2023-02-15 13:00:00,1154.89,13,2,0,1143.87,1146.3099999999993,1146.635,1158.85
2023-02-15 14:00:00,1158.85,14,2,0,1154.89,1152.5366666666662,1153.45,1123.7
2023-02-15 15:00:00,1123.7,15,2,0,1158.85,1145.8133333333326,1147.1516666666669,1094.62
2023-02-15 16:00:00,1094.62,16,2,0,1123.7,1125.7233333333327,1136.0166666666667,1090.24
2023-02-15 17:00:00,1090.24,17,2,0,1094.62,1102.8533333333328,1127.695,1073.78
2023-02-15 18:00:00,1073.78,18,2,0,1090.24,1086.2133333333325,1116.0133333333333,1045.76
2023-02-15 19:00:00,1045.76,19,2,0,1073.78,1069.926666666666,1097.825,1038.75
2023-02-15 20:00:00,1038.75,20,2,0,1045.76,1052.7633333333326,1077.8083333333334,1009.82
2023-02-15 21:00:00,1009.82,21,2,0,1038.75,1031.443333333333,1058.8283333333331,1042.64
2023-02-15 22:00:00,1042.64,22,2,0,1009.82,1030.4033333333327,1050.165,1061.63
2023-02-15 23:00:00,1061.63,23,2,0,1042.64,1038.0299999999995,1045.3966666666668,1081.83
2023-02-16 00:00:00,1081.83,0,3,0,1061.63,1062.0333333333326,1046.7383333333335,1022.31
2023-02-16 01:00:00,1022.31,1,3,0,1081.83,1055.256666666666,1042.83,1038.31
2023-02-16 02:00:00,1038.31,2,3,0,1022.31,1047.4833333333327,1042.7566666666667,1109.75
2023-02-16 03:00:00,1109.75,3,3,0,1038.31,1056.7899999999993,1059.4116666666666,1086.86
2023-02-16 04:00:00,1086.86,4,3,0,1109.75,1078.3066666666662,1066.7816666666665,1115.92
2023-02-16 05:00:00,1115.92,5,3,0,1086.86,1104.176666666666,1075.83,1125.23
2023-02-16 06:00:00,1125.23,6,3,0,1115.92,1109.3366666666661,1083.0633333333333,1121.27
2023-02-16 07:00:00,1121.27,7,3,0,1125.23,1120.8066666666662,1099.5566666666666,1112.36
2023-02-16 08:00:00,1112.36,8,3,0,1121.27,1119.6199999999994,1111.8983333333333,1149.9
2023-02-16 09:00:00,1149.9,9,3,0,1112.36,1127.8433333333328,1118.59,1165.86
2023-02-16 10:00:00,1165.86,10,3,0,1149.9,1142.706666666666,1131.7566666666667,1166.49
2023-02-16 11:00:00,1166.49,11,3,0,1165.86,1160.7499999999993,1140.1850000000002,1147.85
2023-02-16 12:00:00,1147.85,12,3,0,1166.49,1160.066666666666,1143.955,1169.04
2023-02-16 13:00:00,1169.04,13,3,0,1147.85,1161.126666666666,1151.9166666666667,1135.29
2023-02-16 14:00:00,1135.29,14,3,0,1169.04,1150.726666666666,1155.7383333333332,1125.68
2023-02-16 15:00:00,1125.68,15,3,0,1135.29,1143.3366666666661,1151.7016666666666,1089.09
2023-02-16 16:00:00,1089.09,16,3,0,1125.68,1116.686666666666,1138.9066666666668,1101.42
2023-02-16 17:00:00,1101.42,17,3,0,1089.09,1105.396666666666,1128.0616666666667,1051.12
2023-02-16 18:00:00,1051.12,18,3,0,1101.42,1080.5433333333328,1111.9399999999998,1043.36
2023-02-16 19:00:00,1043.36,19,3,0,1051.12,1065.2999999999993,1090.9933333333333,1041.36
2023-02-16 20:00:00,1041.36,20,3,0,1043.36,1045.2799999999993,1075.3383333333334,1050.01
2023-02-16 21:00:00,1050.01,21,3,0,1041.36,1044.9099999999992,1062.7266666666667,1039.73
2023-02-16 22:00:00,1039.73,22,3,0,1050.01,1043.6999999999996,1054.5,1040.37
2023-02-16 23:00:00,1040.37,23,3,0,1039.73,1043.3699999999992,1044.325,1045.13
2023-02-17 00:00:00,1045.13,0,4,0,1040.37,1041.7433333333327,1043.3266666666666,1043.57
2023-02-17 01:00:00,1043.57,1,4,0,1045.13,1043.0233333333329,1043.3616666666667,1071.43
2023-02-17 02:00:00,1071.43,2,4,0,1043.57,1053.376666666666,1048.3733333333332,1087.81
2023-02-17 03:00:00,1087.81,3,4,0,1071.43,1067.6033333333326,1054.6733333333334,1097.33
2023-02-17 04:00:00,1097.33,4,4,0,1087.81,1085.5233333333326,1064.2733333333333,1105.07
2023-02-17 05:00:00,1105.07,5,4,0,1097.33,1096.736666666666,1075.0566666666666,1145.1
2023-02-17 06:00:00,1145.1,6,4,0,1105.07,1115.8333333333326,1091.7183333333332,1097.52
2023-02-17 07:00:00,1097.52,7,4,0,1145.1,1115.896666666666,1100.71,1132.5
2023-02-17 08:00:00,1132.5,8,4,0,1097.52,1125.0399999999993,1110.8883333333333,1147.64
2023-02-17 09:00:00,1147.64,9,4,0,1132.5,1125.886666666666,1120.86,1101.2
2023-02-17 10:00:00,1101.2,10,4,0,1147.64,1127.1133333333328,1121.5049999999999,1125.55
2023-02-17 11:00:00,1125.55,11,4,0,1101.2,1124.7966666666662,1124.9183333333333,1131.25
2023-02-17 12:00:00,1131.25,12,4,0,1125.55,1119.3333333333328,1122.61,1130.32
2023-02-17 13:00:00,1130.32,13,4,0,1131.25,1129.0399999999993,1128.0766666666666,1133.04
2023-02-17 14:00:00,1133.04,14,4,0,1130.32,1131.536666666666,1128.1666666666667,1134.15
2023-02-17 15:00:00,1134.15,15,4,0,1133.04,1132.5033333333326,1125.9183333333333,1121.28
2023-02-17 16:00:00,1121.28,16,4,0,1134.15,1129.4899999999996,1129.265,1110.08
2023-02-17 17:00:00,1110.08,17,4,0,1121.28,1121.8366666666661,1126.6866666666667,1105.74
2023-02-17 18:00:00,1105.74,18,4,0,1110.08,1112.366666666666,1122.435,1062.05
2023-02-17 19:00:00,1062.05,19,4,0,1105.74,1092.6233333333328,1111.0566666666666,1062.38
2023-02-17 20:00:00,1062.38,20,4,0,1062.05,1076.7233333333327,1099.28,1046.21
2023-02-17 21:00:00,1046.21,21,4,0,1062.38,1056.8799999999994,1084.6233333333334,1070.6
2023-02-17 22:00:00,1070.6,22,4,0,1046.21,1059.7299999999993,1076.1766666666665,1074.82
2023-02-17 23:00:00,1074.82,23,4,0,1070.6,1063.8766666666659,1070.3,1014.22
2023-02-18 00:00:00,1014.22,0,5,1,1074.82,1053.213333333333,1055.0466666666666,1077.61
2023-02-18 01:00:00,1077.61,1,5,1,1014.22,1055.5499999999993,1057.64,1062.49
2023-02-18 02:00:00,1062.49,2,5,1,1077.61,1051.4399999999994,1057.6583333333333,1054.59
2023-02-18 03:00:00,1054.59,3,5,1,1062.49,1064.8966666666659,1059.055,1072.78
2023-02-18 04:00:00,1072.78,4,5,1,1054.59,1063.286666666666,1059.4183333333333,1090.19
2023-02-18 05:00:00,1090.19,5,5,1,1072.78,1072.5199999999995,1061.98,1088.68
2023-02-18 06:00:00,1088.68,6,5,1,1090.19,1083.8833333333328,1074.39,1101.09
2023-02-18 07:00:00,1101.09,7,5,1,1088.68,1093.3199999999995,1078.3033333333333,1085.43
2023-02-18 08:00:00,1085.43,8,5,1,1101.09,1091.733333333333,1082.1266666666668,1174.44
2023-02-18 09:00:00,1174.44,9,5,1,1085.43,1120.3199999999995,1102.1016666666667,1137.47
2023-02-18 10:00:00,1137.47,10,5,1,1174.44,1132.446666666666,1112.8833333333334,1112.56
2023-02-18 11:00:00,1112.56,11,5,1,1137.47,1141.4899999999996,1116.6116666666667,1100.35
2023-02-18 12:00:00,1100.35,12,5,1,1112.56,1116.7933333333328,1118.5566666666666,1143.55
2023-02-18 13:00:00,1143.55,13,5,1,1100.35,1118.8199999999993,1125.6333333333332,1079.08
2023-02-18 14:00:00,1079.08,14,5,1,1143.55,1107.6599999999992,1124.5749999999998,1123.13
2023-02-18 15:00:00,1123.13,15,5,1,1079.08,1115.2533333333329,1116.0233333333333,1078.04
2023-02-18 16:00:00,1078.04,16,5,1,1123.13,1093.416666666666,1106.118333333333,1115.84
2023-02-18 17:00:00,1115.84,17,5,1,1078.04,1105.6699999999994,1106.665,1067.7
2023-02-18 18:00:00,1067.7,18,5,1,1115.84,1087.1933333333327,1101.2233333333334,1050.16
2023-02-18 19:00:00,1050.16,19,5,1,1067.7,1077.8999999999994,1085.6583333333335,1082.28
2023-02-18 20:00:00,1082.28,20,5,1,1050.16,1066.7133333333327,1086.1916666666668,1027.43
2023-02-18 21:00:00,1027.43,21,5,1,1082.28,1053.2899999999993,1070.2416666666668,1014.46
2023-02-18 22:00:00,1014.46,22,5,1,1027.43,1041.3899999999994,1059.645,1005.86
2023-02-18 23:00:00,1005.86,23,5,1,1014.46,1015.9166666666661,1041.315,1041.54
2023-02-19 00:00:00,1041.54,0,6,1,1005.86,1020.6199999999993,1036.9550000000002,1054.41
2023-02-19 01:00:00,1054.41,1,6,1,1041.54,1033.936666666666,1037.6633333333332,1025.09
2023-02-19 02:00:00,1025.09,2,6,1,1054.41,1040.3466666666661,1028.1316666666667,1069.42
2023-02-19 03:00:00,1069.42,3,6,1,1025.09,1049.6399999999994,1035.1299999999999,1084.36
2023-02-19 04:00:00,1084.36,4,6,1,1069.42,1059.6233333333328,1046.78,1079.23
2023-02-19 05:00:00,1079.23,5,6,1,1084.36,1077.6699999999994,1059.0083333333334,1077.05
2023-02-19 06:00:00,1077.05,6,6,1,1079.23,1080.2133333333325,1064.9266666666665,1104.48
2023-02-19 07:00:00,1104.48,7,6,1,1077.05,1086.9199999999994,1073.2716666666668,1138.5
2023-02-19 08:00:00,1138.5,8,6,1,1104.48,1106.676666666666,1092.1733333333334,1137.2
2023-02-19 09:00:00,1137.2,9,6,1,1138.5,1126.726666666666,1103.47,1133.35
2023-02-19 10:00:00,1133.35,10,6,1,1137.2,1136.3499999999992,1111.635,1105.09
2023-02-19 11:00:00,1105.09,11,6,1,1133.35,1125.2133333333325,1115.945,1135.63
2023-02-19 12:00:00,1135.63,12,6,1,1105.09,1124.6899999999994,1125.7083333333333,1110.64
2023-02-19 13:00:00,1110.64,13,6,1,1135.63,1117.1199999999992,1126.735,1100.24
2023-02-19 14:00:00,1100.24,14,6,1,1110.64,1115.5033333333329,1120.3583333333333,1122.94
2023-02-19 15:00:00,1122.94,15,6,1,1100.24,1111.2733333333326,1117.9816666666668,1102.89
2023-02-19 16:00:00,1102.89,16,6,1,1122.94,1108.6899999999994,1112.905,1095.24
2023-02-19 17:00:00,1095.24,17,6,1,1102.89,1107.0233333333326,1111.2633333333333,999.49
2023-02-19 18:00:00,999.49,18,6,1,1095.24,1065.8733333333328,1088.5733333333335,1063.49
2023-02-19 19:00:00,1063.49,19,6,1,999.49,1052.739999999999,1080.7150000000001,1013.45
2023-02-19 20:00:00,1013.45,20,6,1,1063.49,1025.476666666666,1066.2500000000002,1037.22
2023-02-19 21:00:00,1037.22,21,6,1,1013.45,1038.0533333333326,1051.9633333333334,1037.8
2023-02-19 22:00:00,1037.8,22,6,1,1037.22,1029.4899999999993,1041.115,1022.31
2023-02-19 23:00:00,1022.31,23,6,1,1037.8,1032.4433333333325,1028.96,1041.8
2023-02-20 00:00:00,1041.8,0,0,0,1022.31,1033.9699999999993,1036.0116666666665,1069.3
2023-02-20 01:00:00,1069.3,1,0,0,1041.8,1044.4699999999991,1036.98,1043.86
2023-02-20 02:00:00,1043.86,2,0,0,1069.3,1051.6533333333325,1042.0483333333332,1078.89
2023-02-20 03:00:00,1078.89,3,0,0,1043.86,1064.016666666666,1048.9933333333333,1081.69
2023-02-20 04:00:00,1081.69,4,0,0,1078.89,1068.146666666666,1056.3083333333334,1134.59
2023-02-20 05:00:00,1134.59,5,0,0,1081.69,1098.3899999999994,1075.0216666666665,1110.86
2023-02-20 06:00:00,1110.86,6,0,0,1134.59,1109.046666666666,1086.5316666666668,1143.23
2023-02-20 07:00:00,1143.23,7,0,0,1110.86,1129.5599999999993,1098.8533333333332,1127.22
2023-02-20 08:00:00,1127.22,8,0,0,1143.23,1127.1033333333326,1112.7466666666667,1139.4
2023-02-20 09:00:00,1139.4,9,0,0,1127.22,1136.616666666666,1122.8316666666667,1144.16
2023-02-20 10:00:00,1144.16,10,0,0,1139.4,1136.926666666666,1133.2433333333333,1151.93
2023-02-20 11:00:00,1151.93,11,0,0,1144.16,1145.1633333333327,1136.1333333333334,1127.82
2023-02-20 12:00:00,1127.82,12,0,0,1151.93,1141.3033333333326,1138.96,1161.92
2023-02-20 13:00:00,1161.92,13,0,0,1127.82,1147.2233333333327,1142.075,1151.79
2023-02-20 14:00:00,1151.79,14,0,0,1161.92,1147.176666666666,1146.17,1112.71
2023-02-20 15:00:00,1112.71,15,0,0,1151.79,1142.1399999999994,1141.7216666666668,1116.52
2023-02-20 16:00:00,1116.52,16,0,0,1112.71,1127.006666666666,1137.115,1089.94
2023-02-20 17:00:00,1089.94,17,0,0,1116.52,1106.3899999999992,1126.7833333333335,1074.97
2023-02-20 18:00:00,1074.97,18,0,0,1089.94,1093.8099999999995,1117.9750000000001,1038.04
2023-02-20 19:00:00,1038.04,19,0,0,1074.97,1067.6499999999994,1097.3283333333331,1051.46
2023-02-20 20:00:00,1051.46,20,0,0,1038.04,1054.8233333333328,1080.6066666666666,1005.35
2023-02-20 21:00:00,1005.35,21,0,0,1051.46,1031.616666666666,1062.7133333333334,1060.75
2023-02-20 22:00:00,1060.75,22,0,0,1005.35,1039.186666666666,1053.4183333333333,1042.78
2023-02-20 23:00:00,1042.78,23,0,0,1060.75,1036.2933333333328,1045.5583333333332,1075.64
2023-02-21 00:00:00,1075.64,0,1,0,1042.78,1059.7233333333327,1045.6699999999998,1080.9
2023-02-21 01:00:00,1080.9,1,1,0,1075.64,1066.4399999999994,1052.8133333333333,1081.22
2023-02-21 02:00:00,1081.22,2,1,0,1080.9,1079.2533333333329,1057.7733333333333,1043.25
2023-02-21 03:00:00,1043.25,3,1,0,1081.22,1068.456666666666,1064.09,1103.14
2023-02-21 04:00:00,1103.14,4,1,0,1043.25,1075.8699999999994,1071.155,1064.11
2023-02-21 05:00:00,1064.11,5,1,0,1103.14,1070.166666666666,1074.71,1102.05
2023-02-21 06:00:00,1102.05,6,1,0,1064.11,1089.7666666666662,1079.1116666666667,1119.16
2023-02-21 07:00:00,1119.16,7,1,0,1102.05,1095.106666666666,1085.4883333333335,1184.69
2023-02-21 08:00:00,1184.69,8,1,0,1119.16,1135.2999999999995,1102.7333333333333,1179.9
2023-02-21 09:00:00,1179.9,9,1,0,1184.69,1161.2499999999993,1125.5083333333334,1175.79
2023-02-21 10:00:00,1175.79,10,1,0,1179.9,1180.126666666666,1137.6166666666666,1164.91
2023-02-21 11:00:00,1164.91,11,1,0,1175.79,1173.5333333333326,1154.4166666666667,1119.97
2023-02-21 12:00:00,1119.97,12,1,0,1164.91,1153.5566666666662,1157.4033333333334,1149.29
2023-02-21 13:00:00,1149.29,13,1,0,1119.97,1144.7233333333327,1162.425,1131.77
2023-02-21 14:00:00,1131.77,14,1,0,1149.29,1133.676666666666,1153.605,1099.12
2023-02-21 15:00:00,1099.12,15,1,0,1131.77,1126.7266666666658,1140.1416666666667,1061.73
2023-02-21 16:00:00,1061.73,16,1,0,1099.12,1097.5399999999993,1121.1316666666667,1095.15
2023-02-21 17:00:00,1095.15,17,1,0,1061.73,1085.3333333333328,1109.5049999999999,1062.96
2023-02-21 18:00:00,1062.96,18,1,0,1095.15,1073.2799999999995,1100.0033333333333,1085.8
2023-02-21 19:00:00,1085.8,19,1,0,1062.96,1081.3033333333326,1089.4216666666669,1053.56
2023-02-21 20:00:00,1053.56,20,1,0,1085.8,1067.4399999999994,1076.3866666666665,1059.82
2023-02-21 21:00:00,1059.82,21,1,0,1053.56,1066.3933333333325,1069.8366666666666,1036.45
2023-02-21 22:00:00,1036.45,22,1,0,1059.82,1049.9433333333327,1065.6233333333332,1042.0
2023-02-21 23:00:00,1042.0,23,1,0,1036.45,1046.0899999999995,1056.765,1062.9
2023-02-22 00:00:00,1062.9,0,2,0,1042.0,1047.116666666666,1056.7549999999999,1042.49
2023-02-22 01:00:00,1042.49,1,2,0,1062.9,1049.1299999999994,1049.5366666666666,1083.71
2023-02-22 02:00:00,1083.71,2,2,0,1042.49,1063.0333333333328,1054.5616666666667,1046.51
2023-02-22 03:00:00,1046.51,3,2,0,1083.71,1057.5699999999995,1052.3433333333335,1094.91
2023-02-22 04:00:00,1094.91,4,2,0,1046.51,1075.0433333333328,1062.0866666666668,1091.24
2023-02-22 05:00:00,1091.24,5,2,0,1094.91,1077.5533333333328,1070.2933333333333,1147.46
2023-02-22 06:00:00,1147.46,6,2,0,1091.24,1111.2033333333327,1084.3866666666665,1145.91
2023-02-22 07:00:00,1145.91,7,2,0,1147.46,1128.2033333333327,1101.6233333333334,1143.81
2023-02-22 08:00:00,1143.81,8,2,0,1145.91,1145.7266666666662,1111.64,1117.37
2023-02-22 09:00:00,1117.37,9,2,0,1143.81,1135.696666666666,1123.45,1152.81
2023-02-22 10:00:00,1152.81,10,2,0,1117.37,1137.996666666666,1133.1000000000001,1127.08
2023-02-22 11:00:00,1127.08,11,2,0,1152.81,1132.4199999999992,1139.0733333333335,1130.64
2023-02-22 12:00:00,1130.64,12,2,0,1127.08,1136.8433333333326,1136.2699999999998,1116.73
2023-02-22 13:00:00,1116.73,13,2,0,1130.64,1124.8166666666662,1131.4066666666665,1103.14
2023-02-22 14:00:00,1103.14,14,2,0,1116.73,1116.8366666666661,1124.6283333333333,1132.14
2023-02-22 15:00:00,1132.14,15,2,0,1103.14,1117.3366666666661,1127.0900000000001,1129.46
2023-02-22 16:00:00,1129.46,16,2,0,1132.14,1121.5799999999995,1123.1983333333335,1118.52
2023-02-22 17:00:00,1118.52,17,2,0,1129.46,1126.7066666666663,1121.7716666666668,1060.64
2023-02-22 18:00:00,1060.64,18,2,0,1118.52,1102.8733333333328,1110.105,1066.23
2023-02-22 19:00:00,1066.23,19,2,0,1060.64,1081.7966666666662,1101.6883333333333,1068.3
2023-02-22 20:00:00,1068.3,20,2,0,1066.23,1065.0566666666662,1095.8816666666667,1040.51
2023-02-22 21:00:00,1040.51,21,2,0,1068.3,1058.3466666666661,1080.61,1030.39
2023-02-22 22:00:00,1030.39,22,2,0,1040.51,1046.3999999999994,1064.0983333333334,1056.56
2023-02-22 23:00:00,1056.56,23,2,0,1030.39,1042.486666666666,1053.7716666666668,1070.06
2023-02-23 00:00:00,1070.06,0,3,0,1056.56,1052.336666666666,1055.3416666666665,1060.4
2023-02-23 01:00:00,1060.4,1,3,0,1070.06,1062.3399999999995,1054.3700000000001,1026.14
2023-02-23 02:00:00,1026.14,2,3,0,1060.4,1052.1999999999996,1047.3433333333335,1063.69
2023-02-23 03:00:00,1063.69,3,3,0,1026.14,1050.0766666666661,1051.2066666666667,1079.26
2023-02-23 04:00:00,1079.26,4,3,0,1063.69,1056.3633333333328,1059.3516666666667,1113.17
2023-02-23 05:00:00,1113.17,5,3,0,1079.26,1085.3733333333328,1068.7866666666666,1123.24
2023-02-23 06:00:00,1123.24,6,3,0,1113.17,1105.2233333333327,1077.6499999999999,1128.53
2023-02-23 07:00:00,1128.53,7,3,0,1123.24,1121.646666666666,1089.005,1162.98
2023-02-23 08:00:00,1162.98,8,3,0,1128.53,1138.2499999999993,1111.8116666666667,1156.6
2023-02-23 09:00:00,1156.6,9,3,0,1162.98,1149.3699999999994,1127.2966666666669,1155.86
2023-02-23 10:00:00,1155.86,10,3,0,1156.6,1158.4799999999993,1140.0633333333333,1175.15
2023-02-23 11:00:00,1175.15,11,3,0,1155.86,1162.536666666666,1150.3933333333332,1139.71
2023-02-23 12:00:00,1139.71,12,3,0,1175.15,1156.906666666666,1153.1383333333333,1148.58
2023-02-23 13:00:00,1148.58,13,3,0,1139.71,1154.4799999999996,1156.4799999999998,1135.21
2023-02-23 14:00:00,1135.21,14,3,0,1148.58,1141.166666666666,1151.8516666666667,1162.7
2023-02-23 15:00:00,1162.7,15,3,0,1135.21,1148.8299999999992,1152.8683333333336,1149.14
2023-02-23 16:00:00,1149.14,16,3,0,1162.7,1149.0166666666662,1151.7483333333332,1087.17
2023-02-23 17:00:00,1087.17,17,3,0,1149.14,1133.0033333333329,1137.085,1080.34
2023-02-23 18:00:00,1080.34,18,3,0,1087.17,1105.5499999999995,1127.19,1068.05
2023-02-23 19:00:00,1068.05,19,3,0,1080.34,1078.5199999999995,1113.7683333333334,1054.81
2023-02-23 20:00:00,1054.81,20,3,0,1068.05,1067.7333333333327,1100.3683333333333,1049.27
2023-02-23 21:00:00,1049.27,21,3,0,1054.81,1057.376666666666,1081.4633333333334,1046.84
2023-02-23 22:00:00,1046.84,22,3,0,1049.27,1050.306666666666,1064.4133333333332,1050.23
2023-02-23 23:00:00,1050.23,23,3,0,1046.84,1048.7799999999993,1058.2566666666667,1050.39
2023-02-24 00:00:00,1050.39,0,4,0,1050.23,1049.1533333333327,1053.265,1079.21
2023-02-24 01:00:00,1079.21,1,4,0,1050.39,1059.9433333333327,1055.125,1057.02
2023-02-24 02:00:00,1057.02,2,4,0,1079.21,1062.206666666666,1055.4933333333333,1084.5
2023-02-24 03:00:00,1084.5,3,4,0,1057.02,1073.576666666666,1061.365,1072.69
2023-02-24 04:00:00,1072.69,4,4,0,1084.5,1071.4033333333327,1065.6733333333334,1128.71
2023-02-24 05:00:00,1128.71,5,4,0,1072.69,1095.2999999999995,1078.7533333333333,1099.43
2023-02-24 06:00:00,1099.43,6,4,0,1128.71,1100.2766666666662,1086.9266666666665,1141.16
2023-02-24 07:00:00,1141.16,7,4,0,1099.43,1123.0999999999995,1097.2516666666668,1151.11
2023-02-24 08:00:00,1151.11,8,4,0,1141.16,1130.5666666666662,1112.9333333333334,1173.74
2023-02-24 09:00:00,1173.74,9,4,0,1151.11,1155.3366666666661,1127.8066666666666,1161.37
2023-02-24 10:00:00,1161.37,10,4,0,1173.74,1162.0733333333328,1142.5866666666666,1153.66
2023-02-24 11:00:00,1153.66,11,4,0,1161.37,1162.9233333333327,1146.745,1153.92
2023-02-24 12:00:00,1153.92,12,4,0,1153.66,1156.316666666666,1155.8266666666666,1136.2
2023-02-24 13:00:00,1136.2,13,4,0,1153.92,1147.926666666666,1155.0,1168.71
2023-02-24 14:00:00,1168.71,14,4,0,1136.2,1152.9433333333327,1157.9333333333334,1102.38
2023-02-24 15:00:00,1102.38,15,4,0,1168.71,1135.7633333333326,1146.0400000000002,1108.7
2023-02-24 16:00:00,1108.7,16,4,0,1102.38,1126.5966666666661,1137.2616666666668,1109.34
2023-02-24 17:00:00,1109.34,17,4,0,1108.7,1106.8066666666662,1129.875,1060.02
2023-02-24 18:00:00,1060.02,18,4,0,1109.34,1092.6866666666658,1114.225,1063.99
2023-02-24 19:00:00,1063.99,19,4,0,1060.02,1077.7833333333326,1102.1899999999998,1055.17
2023-02-24 20:00:00,1055.17,20,4,0,1063.99,1059.7266666666662,1083.2666666666667,1043.65
2023-02-24 21:00:00,1043.65,21,4,0,1055.17,1054.2699999999993,1073.4783333333332,1022.37
2023-02-24 22:00:00,1022.37,22,4,0,1043.65,1040.396666666666,1059.09,1040.59
2023-02-24 23:00:00,1040.59,23,4,0,1022.37,1035.5366666666662,1047.6316666666667,1037.72
2023-02-25 00:00:00,1037.72,0,5,1,1040.59,1033.5599999999995,1043.9150000000002,1040.48
2023-02-25 01:00:00,1040.48,1,5,1,1037.72,1039.5966666666661,1039.9966666666667,1053.0
2023-02-25 02:00:00,1053.0,2,5,1,1040.48,1043.7333333333327,1039.635,1079.73
2023-02-25 03:00:00,1079.73,3,5,1,1053.0,1057.736666666666,1045.6483333333333,1065.76
2023-02-25 04:00:00,1065.76,4,5,1,1079.73,1066.1633333333327,1052.88,1088.01
2023-02-25 05:00:00,1088.01,5,5,1,1065.76,1077.8333333333328,1060.7833333333333,1131.07
2023-02-25 06:00:00,1131.07,6,5,1,1088.01,1094.946666666666,1076.3416666666665,1117.89
2023-02-25 07:00:00,1117.89,7,5,1,1131.07,1112.3233333333328,1089.2433333333333,1139.65
2023-02-25 08:00:00,1139.65,8,5,1,1117.89,1129.536666666666,1103.6850000000002,1131.61
2023-02-25 09:00:00,1131.61,9,5,1,1139.65,1129.716666666666,1112.3316666666667,1137.53
2023-02-25 10:00:00,1137.53,10,5,1,1131.61,1136.2633333333326,1124.2933333333333,1099.71
2023-02-25 11:00:00,1099.71,11,5,1,1137.53,1122.9499999999991,1126.2433333333333,1156.01
2023-02-25 12:00:00,1156.01,12,5,1,1099.71,1131.0833333333328,1130.3999999999999,1111.32
2023-02-25 13:00:00,1111.32,13,5,1,1156.01,1122.3466666666661,1129.305,1093.14
2023-02-25 14:00:00,1093.14,14,5,1,1111.32,1120.156666666666,1121.5533333333333,1093.94
2023-02-25 15:00:00,1093.94,15,5,1,1093.14,1099.466666666666,1115.2749999999999,1061.55
2023-02-25 16:00:00,1061.55,16,5,1,1093.94,1082.876666666666,1102.6116666666667,1059.69
2023-02-25 17:00:00,1059.69,17,5,1,1061.55,1071.7266666666662,1095.9416666666668,1074.66
2023-02-25 18:00:00,1074.66,18,5,1,1059.69,1065.2999999999995,1082.3833333333334,1063.53
2023-02-25 19:00:00,1063.53,19,5,1,1074.66,1065.9599999999994,1074.4183333333333,1016.16
2023-02-25 20:00:00,1016.16,20,5,1,1063.53,1051.4499999999994,1061.5883333333334,1061.55
2023-02-25 21:00:00,1061.55,21,5,1,1016.16,1047.0799999999992,1056.19,990.81
2023-02-25 22:00:00,990.81,22,5,1,1061.55,1022.8399999999993,1044.3999999999999,1008.19
2023-02-25 23:00:00,1008.19,23,5,1,990.81,1020.1833333333326,1035.8166666666666,1018.96
2023-02-26 00:00:00,1018.96,0,6,1,1008.19,1005.9866666666661,1026.5333333333333,1051.01
2023-02-26 01:00:00,1051.01,1,6,1,1018.96,1026.0533333333326,1024.4466666666667,1043.04
2023-02-26 02:00:00,1043.04,2,6,1,1051.01,1037.6699999999994,1028.9266666666667,1079.47
2023-02-26 03:00:00,1079.47,3,6,1,1043.04,1057.8399999999995,1031.9133333333332,1043.82
2023-02-26 04:00:00,1043.82,4,6,1,1079.47,1055.4433333333327,1040.7483333333334,1060.16
2023-02-26 05:00:00,1060.16,5,6,1,1043.82,1061.1499999999994,1049.41,1110.83
2023-02-26 06:00:00,1110.83,6,6,1,1060.16,1071.6033333333328,1064.7216666666666,1112.75
2023-02-26 07:00:00,1112.75,7,6,1,1110.83,1094.5799999999992,1075.0116666666665,1134.54
2023-02-26 08:00:00,1134.54,8,6,1,1112.75,1119.3733333333328,1090.2616666666665,1161.29
2023-02-26 09:00:00,1161.29,9,6,1,1134.54,1136.1933333333327,1103.8983333333333,1116.84
2023-02-26 10:00:00,1116.84,10,6,1,1161.29,1137.5566666666662,1116.0683333333334,1131.4
2023-02-26 11:00:00,1131.4,11,6,1,1116.84,1136.5099999999993,1127.9416666666666,1131.71
2023-02-26 12:00:00,1131.71,12,6,1,1131.4,1126.6499999999994,1131.4216666666666,1139.37
2023-02-26 13:00:00,1139.37,13,6,1,1131.71,1134.1599999999992,1135.8583333333333,1111.56
2023-02-26 14:00:00,1111.56,14,6,1,1139.37,1127.5466666666662,1132.0283333333334,1084.26
2023-02-26 15:00:00,1084.26,15,6,1,1111.56,1111.7299999999993,1119.1899999999998,1073.11
2023-02-26 16:00:00,1073.11,16,6,1,1084.26,1089.6433333333325,1111.9016666666666,1080.16
2023-02-26 17:00:00,1080.16,17,6,1,1073.11,1079.176666666666,1103.3616666666667,1067.51
2023-02-26 18:00:00,1067.51,18,6,1,1080.16,1073.5933333333326,1092.6616666666666,1079.06
2023-02-26 19:00:00,1079.06,19,6,1,1067.51,1075.5766666666661,1082.61,1042.35
2023-02-26 20:00:00,1042.35,20,6,1,1079.06,1062.9733333333327,1071.075,1017.59
2023-02-26 21:00:00,1017.59,21,6,1,1042.35,1046.3333333333326,1059.9633333333334,1004.07
2023-02-26 22:00:00,1004.07,22,6,1,1017.59,1021.336666666666,1048.4566666666667,1016.5
2023-02-26 23:00:00,1016.5,23,6,1,1004.07,1012.7199999999993,1037.8466666666666,1036.07
2023-02-27 00:00:00,1036.07,0,0,0,1016.5,1018.8799999999993,1032.6066666666666,1048.92
2023-02-27 01:00:00,1048.92,1,0,0,1036.07,1033.8299999999992,1027.5833333333333,1061.84
2023-02-27 02:00:00,1061.84,2,0,0,1048.92,1048.9433333333327,1030.8316666666667,1103.6
2023-02-27 03:00:00,1103.6,3,0,0,1061.84,1071.4533333333327,1045.1666666666667,1097.08
2023-02-27 04:00:00,1097.08,4,0,0,1103.6,1087.506666666666,1060.6683333333333,1102.81
2023-02-27 05:00:00,1102.81,5,0,0,1097.08,1101.1633333333327,1075.0533333333333,1105.41
2023-02-27 06:00:00,1105.41,6,0,0,1102.81,1101.7666666666662,1086.61,1153.19
2023-02-27 07:00:00,1153.19,7,0,0,1105.41,1120.4699999999996,1103.9883333333335,1120.29
2023-02-27 08:00:00,1120.29,8,0,0,1153.19,1126.2966666666662,1113.73,1193.88
2023-02-27 09:00:00,1193.88,9,0,0,1120.29,1155.7866666666662,1128.7766666666669,1171.68
2023-02-27 10:00:00,1171.68,10,0,0,1193.88,1161.9499999999996,1141.21,1163.02
2023-02-27 11:00:00,1163.02,11,0,0,1171.68,1176.1933333333327,1151.2450000000001,1152.46
2023-02-27 12:00:00,1152.46,12,0,0,1163.02,1162.386666666666,1159.0866666666668,1131.55
2023-02-27 13:00:00,1131.55,13,0,0,1152.46,1149.0099999999993,1155.48,1107.56
2023-02-27 14:00:00,1107.56,14,0,0,1131.55,1130.5233333333329,1153.3583333333333,1147.74
2023-02-27 15:00:00,1147.74,15,0,0,1107.56,1128.9499999999991,1145.6683333333333,1104.11
2023-02-27 16:00:00,1104.11,16,0,0,1147.74,1119.8033333333326,1134.4066666666665,1082.0
2023-02-27 17:00:00,1082.0,17,0,0,1104.11,1111.2833333333326,1120.9033333333334,1065.67
2023-02-27 18:00:00,1065.67,18,0,0,1082.0,1083.926666666666,1106.4383333333333,1050.39
2023-02-27 19:00:00,1050.39,19,0,0,1065.67,1066.0199999999995,1092.9116666666666,1077.62
2023-02-27 20:00:00,1077.62,20,0,0,1050.39,1064.5599999999995,1087.9216666666669,1032.03
2023-02-27 21:00:00,1032.03,21,0,0,1077.62,1053.3466666666661,1068.6366666666668,1062.59
2023-02-27 22:00:00,1062.59,22,0,0,1032.03,1057.4133333333327,1061.7166666666665,1049.49
2023-02-27 23:00:00,1049.49,23,0,0,1062.59,1048.036666666666,1056.2983333333334,1028.44
2023-02-28 00:00:00,1028.44,0,1,0,1049.49,1046.8399999999995,1050.0933333333332,1047.76
2023-02-28 01:00:00,1047.76,1,1,0,1028.44,1041.8966666666663,1049.655,1032.51
2023-02-28 02:00:00,1032.51,2,1,0,1047.76,1036.236666666666,1042.1366666666665,1098.47
2023-02-28 03:00:00,1098.47,3,1,0,1032.51,1059.5799999999992,1053.21,1102.15
2023-02-28 04:00:00,1102.15,4,1,0,1098.47,1077.7099999999994,1059.8033333333333,1100.44
2023-02-28 05:00:00,1100.44,5,1,0,1102.15,1100.3533333333328,1068.295,1115.57
2023-02-28 06:00:00,1115.57,6,1,0,1100.44,1106.0533333333326,1082.8166666666668,1107.3
2023-02-28 07:00:00,1107.3,7,1,0,1115.57,1107.7699999999995,1092.74,1110.52
2023-02-28 08:00:00,1110.52,8,1,0,1107.3,1111.1299999999992,1105.7416666666666,1129.55
2023-02-28 09:00:00,1129.55,9,1,0,1110.52,1115.7899999999993,1110.9216666666666,1183.6
2023-02-28 10:00:00,1183.6,10,1,0,1129.55,1141.2233333333327,1124.4966666666667,1140.76
2023-02-28 11:00:00,1140.76,11,1,0,1183.6,1151.3033333333326,1131.2166666666665,1156.92
2023-02-28 12:00:00,1156.92,12,1,0,1140.76,1160.426666666666,1138.1083333333333,1161.23
2023-02-28 13:00:00,1161.23,13,1,0,1156.92,1152.9699999999993,1147.0966666666666,1123.44
2023-02-28 14:00:00,1123.44,14,1,0,1161.23,1147.196666666666,1149.25,1130.55
2023-02-28 15:00:00,1130.55,15,1,0,1123.44,1138.406666666666,1149.4166666666667,1101.03
2023-02-28 16:00:00,1101.03,16,1,0,1130.55,1118.3399999999992,1135.655,1119.59
2023-02-28 17:00:00,1119.59,17,1,0,1101.03,1117.0566666666662,1132.1266666666668,1064.37
2023-02-28 18:00:00,1064.37,18,1,0,1119.59,1094.996666666666,1116.7016666666666,1055.84
2023-02-28 19:00:00,1055.84,19,1,0,1064.37,1079.9333333333327,1099.1366666666665,1065.54
2023-02-28 20:00:00,1065.54,20,1,0,1055.84,1061.916666666666,1089.4866666666667,1035.72
2023-02-28 21:00:00,1035.72,21,1,0,1065.54,1052.366666666666,1073.6816666666666,1066.04
2023-02-28 22:00:00,1066.04,22,1,0,1035.72,1055.7666666666662,1067.85,1044.99
2023-02-28 23:00:00,1044.99,23,1,0,1066.04,1048.916666666666,1055.4166666666667,1138.85
2023-03-01 00:00:00,1138.85,0,2,0,1044.99,1083.2933333333328,1067.83,1116.51
2023-03-01 01:00:00,1116.51,1,2,0,1138.85,1100.116666666666,1077.9416666666666,1157.74
2023-03-01 02:00:00,1157.74,2,2,0,1116.51,1137.6999999999991,1093.3083333333334,1162.98
2023-03-01 03:00:00,1162.98,3,2,0,1157.74,1145.7433333333329,1114.5183333333334,1188.95
2023-03-01 04:00:00,1188.95,4,2,0,1162.98,1169.8899999999994,1135.0033333333333,1209.65
2023-03-01 05:00:00,1209.65,5,2,0,1188.95,1187.193333333333,1162.4466666666667,1203.71
2023-03-01 06:00:00,1203.71,6,2,0,1209.65,1200.7699999999995,1173.2566666666667,1231.74
2023-03-01 07:00:00,1231.74,7,2,0,1203.71,1215.0333333333328,1192.4616666666668,1269.2
2023-03-01 08:00:00,1269.2,8,2,0,1231.74,1234.8833333333328,1211.0383333333334,1257.3
2023-03-01 09:00:00,1257.3,9,2,0,1269.2,1252.746666666666,1226.7583333333332,1268.51
2023-03-01 10:00:00,1268.51,10,2,0,1257.3,1265.0033333333329,1240.0183333333332,1278.5
2023-03-01 11:00:00,1278.5,11,2,0,1268.51,1268.1033333333328,1251.4933333333333,1272.72
2023-03-01 12:00:00,1272.72,12,2,0,1278.5,1273.2433333333329,1262.9950000000001,1253.0
2023-03-01 13:00:00,1253.0,13,2,0,1272.72,1268.0733333333328,1266.5383333333332,1278.32
2023-03-01 14:00:00,1278.32,14,2,0,1253.0,1268.0133333333326,1268.0583333333332,1232.22
2023-03-01 15:00:00,1232.22,15,2,0,1278.32,1254.5133333333326,1263.8783333333333,1217.92
2023-03-01 16:00:00,1217.92,16,2,0,1232.22,1242.8199999999995,1255.4466666666667,1206.46
2023-03-01 17:00:00,1206.46,17,2,0,1217.92,1218.866666666666,1243.44,1166.18
2023-03-01 18:00:00,1166.18,18,2,0,1206.46,1196.8533333333328,1225.6833333333334,1130.0
2023-03-01 19:00:00,1130.0,19,2,0,1166.18,1167.5466666666662,1205.1833333333334,1162.0
2023-03-01 20:00:00,1162.0,20,2,0,1130.0,1152.7266666666662,1185.7966666666669,1127.21
2023-03-01 21:00:00,1127.21,21,2,0,1162.0,1139.736666666666,1168.295,1101.34
2023-03-01 22:00:00,1101.34,22,2,0,1127.21,1130.1833333333327,1148.865,1139.74
2023-03-01 23:00:00,1139.74,23,2,0,1101.34,1122.7633333333326,1137.7450000000001,1128.96
2023-03-02 00:00:00,1128.96,0,3,0,1139.74,1123.3466666666661,1131.5416666666667,1122.45
2023-03-02 01:00:00,1122.45,1,3,0,1128.96,1130.3833333333325,1130.2833333333333,1150.82
2023-03-02 02:00:00,1150.82,2,3,0,1122.45,1134.0766666666661,1128.4199999999998,1151.0
2023-03-02 03:00:00,1151.0,3,3,0,1150.82,1141.4233333333327,1132.385,1211.22
2023-03-02 04:00:00,1211.22,4,3,0,1151.0,1171.0133333333326,1150.6983333333333,1215.67
2023-03-02 05:00:00,1215.67,5,3,0,1211.22,1192.6299999999994,1163.3533333333332,1220.54
2023-03-02 06:00:00,1220.54,6,3,0,1215.67,1215.8099999999995,1178.6166666666666,1245.76
2023-03-02 07:00:00,1245.76,7,3,0,1220.54,1227.3233333333326,1199.1683333333333,1234.76
2023-03-02 08:00:00,1234.76,8,3,0,1245.76,1233.6866666666663,1213.1583333333335,1285.36
2023-03-02 09:00:00,1285.36,9,3,0,1234.76,1255.2933333333328,1235.5516666666667,1282.61
2023-03-02 10:00:00,1282.61,10,3,0,1285.36,1267.576666666666,1247.45,1281.6
2023-03-02 11:00:00,1281.6,11,3,0,1282.61,1283.1899999999994,1258.4383333333333,1301.1
2023-03-02 12:00:00,1301.1,12,3,0,1281.6,1288.4366666666658,1271.865,1273.47
2023-03-02 13:00:00,1273.47,13,3,0,1301.1,1285.3899999999994,1276.4833333333333,1250.35
2023-03-02 14:00:00,1250.35,14,3,0,1273.47,1274.9733333333327,1279.0816666666665,1267.07
2023-03-02 15:00:00,1267.07,15,3,0,1250.35,1263.6299999999992,1276.033333333333,1239.76
2023-03-02 16:00:00,1239.76,16,3,0,1267.07,1252.3933333333327,1268.8916666666667,1205.6
2023-03-02 17:00:00,1205.6,17,3,0,1239.76,1237.476666666666,1256.2250000000001,1161.03
2023-03-02 18:00:00,1161.03,18,3,0,1205.6,1202.1299999999992,1232.8799999999999,1132.85
2023-03-02 19:00:00,1132.85,19,3,0,1161.03,1166.4933333333327,1209.4433333333334,1157.33
2023-03-02 20:00:00,1157.33,20,3,0,1132.85,1150.4033333333327,1193.9399999999998,1137.34
2023-03-02 21:00:00,1137.34,21,3,0,1157.33,1142.506666666666,1172.3183333333334,1077.91
2023-03-02 22:00:00,1077.91,22,3,0,1137.34,1124.1933333333327,1145.3433333333332,1105.18
2023-03-02 23:00:00,1105.18,23,3,0,1077.91,1106.8099999999995,1128.6066666666666,1093.78
2023-03-03 00:00:00,1093.78,0,4,0,1105.18,1092.2899999999993,1117.3983333333333,1127.56
2023-03-03 01:00:00,1127.56,1,4,0,1093.78,1108.8399999999995,1116.5166666666667,1154.25
2023-03-03 02:00:00,1154.25,2,4,0,1127.56,1125.196666666666,1116.0033333333333,1123.6
2023-03-03 03:00:00,1123.6,3,4,0,1154.25,1135.136666666666,1113.7133333333334,1187.48
2023-03-03 04:00:00,1187.48,4,4,0,1123.6,1155.1099999999994,1131.9750000000001,1190.73
2023-03-03 05:00:00,1190.73,5,4,0,1187.48,1167.2699999999993,1146.2333333333333,1202.68
2023-03-03 06:00:00,1202.68,6,4,0,1190.73,1193.6299999999994,1164.3833333333332,1222.98
2023-03-03 07:00:00,1222.98,7,4,0,1202.68,1205.4633333333327,1180.2866666666666,1237.98
2023-03-03 08:00:00,1237.98,8,4,0,1222.98,1221.2133333333327,1194.2416666666666,1257.41
2023-03-03 09:00:00,1257.41,9,4,0,1237.98,1239.456666666666,1216.5433333333333,1298.56
2023-03-03 10:00:00,1298.56,10,4,0,1257.41,1264.6499999999994,1235.0566666666666,1274.86
2023-03-03 11:00:00,1274.86,11,4,0,1298.56,1276.9433333333327,1249.0783333333334,1285.23
2023-03-03 12:00:00,1285.23,12,4,0,1274.86,1286.216666666666,1262.8366666666668,1263.89
2023-03-03 13:00:00,1263.89,13,4,0,1285.23,1274.6599999999996,1269.655,1264.07
2023-03-03 14:00:00,1264.07,14,4,0,1263.89,1271.0633333333328,1274.0033333333333,1252.45
2023-03-03 15:00:00,1252.45,15,4,0,1264.07,1260.136666666666,1273.1766666666667,1203.95
2023-03-03 16:00:00,1203.95,16,4,0,1252.45,1240.156666666666,1257.4083333333333,1204.66
2023-03-03 17:00:00,1204.66,17,4,0,1203.95,1220.3533333333328,1245.7083333333333,1174.05
2023-03-03 18:00:00,1174.05,18,4,0,1204.66,1194.2199999999996,1227.1783333333333,1151.51
2023-03-03 19:00:00,1151.51,19,4,0,1174.05,1176.7399999999996,1208.4483333333335,1140.7
2023-03-03 20:00:00,1140.7,20,4,0,1151.51,1155.4199999999994,1187.8866666666665,1124.39
2023-03-03 21:00:00,1124.39,21,4,0,1140.7,1138.866666666666,1166.5433333333333,1109.12
2023-03-03 22:00:00,1109.12,22,4,0,1124.39,1124.736666666666,1150.7383333333335,1137.61
2023-03-03 23:00:00,1137.61,23,4,0,1109.12,1123.706666666666,1139.5633333333333,1106.68
2023-03-04 00:00:00,1106.68,0,5,1,1137.61,1117.8033333333326,1128.335,1109.39
2023-03-04 01:00:00,1109.39,1,5,1,1106.68,1117.8933333333327,1121.315,1116.76
2023-03-04 02:00:00,1116.76,2,5,1,1109.39,1110.9433333333327,1117.325,1143.26
2023-03-04 03:00:00,1143.26,3,5,1,1116.76,1123.136666666666,1120.47,1160.74
2023-03-04 04:00:00,1160.74,4,5,1,1143.26,1140.2533333333329,1129.0733333333335,1220.23
2023-03-04 05:00:00,1220.23,5,5,1,1160.74,1174.7433333333327,1142.8433333333335,1192.43
2023-03-04 06:00:00,1192.43,6,5,1,1220.23,1191.1333333333328,1157.135,1210.52
2023-03-04 07:00:00,1210.52,7,5,1,1192.43,1207.726666666666,1173.99,1221.5
2023-03-04 08:00:00,1221.5,8,5,1,1210.52,1208.1499999999994,1191.4466666666667,1237.2
2023-03-04 09:00:00,1237.2,9,5,1,1221.5,1223.0733333333328,1207.1033333333335,1270.1
2023-03-04 10:00:00,1270.1,10,5,1,1237.2,1242.9333333333327,1225.3300000000002,1269.04
2023-03-04 11:00:00,1269.04,11,5,1,1270.1,1258.7799999999995,1233.465,1260.92
2023-03-04 12:00:00,1260.92,12,5,1,1269.04,1266.6866666666663,1244.8799999999999,1271.16
2023-03-04 13:00:00,1271.16,13,5,1,1260.92,1267.0399999999993,1254.9866666666667,1240.27
2023-03-04 14:00:00,1240.27,14,5,1,1271.16,1257.4499999999994,1258.115,1226.78
2023-03-04 15:00:00,1226.78,15,5,1,1240.27,1246.0699999999995,1256.3783333333333,1226.19
2023-03-04 16:00:00,1226.19,16,5,1,1226.78,1231.0799999999992,1249.0600000000002,1153.88
2023-03-04 17:00:00,1153.88,17,5,1,1226.19,1202.2833333333328,1229.8666666666668,1136.1
2023-03-04 18:00:00,1136.1,18,5,1,1153.88,1172.0566666666662,1209.0633333333333,1133.65
2023-03-04 19:00:00,1133.65,19,5,1,1136.1,1141.2099999999994,1186.1450000000002,1113.33
2023-03-04 20:00:00,1113.33,20,5,1,1133.65,1127.6933333333327,1164.9883333333335,1089.83
2023-03-04 21:00:00,1089.83,21,5,1,1113.33,1112.2699999999995,1142.1633333333332,1070.35
2023-03-04 22:00:00,1070.35,22,5,1,1089.83,1091.1699999999992,1116.1899999999998,1086.29
2023-03-04 23:00:00,1086.29,23,5,1,1070.35,1082.1566666666658,1104.925,1088.75
2023-03-05 00:00:00,1088.75,0,6,1,1086.29,1081.796666666666,1097.0333333333333,1118.42
2023-03-05 01:00:00,1118.42,1,6,1,1088.75,1097.8199999999995,1094.495,1133.3
2023-03-05 02:00:00,1133.3,2,6,1,1118.42,1113.4899999999996,1097.8233333333333,1122.92
2023-03-05 03:00:00,1122.92,3,6,1,1133.3,1124.8799999999994,1103.3383333333334,1157.32
2023-03-05 04:00:00,1157.32,4,6,1,1122.92,1137.8466666666661,1117.8333333333333,1041.25
2023-03-05 05:00:00,1041.25,5,6,1,1157.32,1107.1633333333327,1110.3266666666666,1169.99
2023-03-05 06:00:00,1169.99,6,6,1,1041.25,1122.8533333333328,1123.8666666666666,1177.06
2023-03-05 07:00:00,1177.06,7,6,1,1169.99,1129.4333333333327,1133.64,1230.69
2023-03-05 08:00:00,1230.69,8,6,1,1177.06,1192.5799999999995,1149.8716666666667,1247.17
2023-03-05 09:00:00,1247.17,9,6,1,1230.69,1218.3066666666662,1170.58,1236.4
2023-03-05 10:00:00,1236.4,10,6,1,1247.17,1238.0866666666661,1183.76,1275.84
2023-03-05 11:00:00,1275.84,11,6,1,1236.4,1253.136666666666,1222.8583333333333,1256.93
2023-03-05 12:00:00,1256.93,12,6,1,1275.84,1256.3899999999994,1237.3483333333334,1256.87
2023-03-05 13:00:00,1256.87,13,6,1,1256.93,1263.2133333333327,1250.6499999999999,1241.44
2023-03-05 14:00:00,1241.44,14,6,1,1256.87,1251.7466666666662,1252.4416666666668,1224.14
2023-03-05 15:00:00,1224.14,15,6,1,1241.44,1240.816666666666,1248.6033333333335,1202.26
2023-03-05 16:00:00,1202.26,16,6,1,1224.14,1222.6133333333328,1242.9133333333332,1183.09
2023-03-05 17:00:00,1183.09,17,6,1,1202.26,1203.1633333333327,1227.455,1111.38
2023-03-05 18:00:00,1111.38,18,6,1,1183.09,1165.576666666666,1203.1966666666667,1135.61
2023-03-05 19:00:00,1135.61,19,6,1,1111.38,1143.3599999999994,1182.9866666666667,1122.35
2023-03-05 20:00:00,1122.35,20,6,1,1135.61,1123.1133333333325,1163.1383333333333,1105.29
2023-03-05 21:00:00,1105.29,21,6,1,1122.35,1121.0833333333328,1143.3300000000002,1079.06
2023-03-05 22:00:00,1079.06,22,6,1,1105.29,1102.2333333333327,1122.7966666666666,1050.07
2023-03-05 23:00:00,1050.07,23,6,1,1079.06,1078.1399999999994,1100.6266666666668,1141.1
2023-03-06 00:00:00,1141.1,0,0,0,1050.07,1090.076666666666,1105.58,1122.59
2023-03-06 01:00:00,1122.59,1,0,0,1141.1,1104.586666666666,1103.41,1120.42
2023-03-06 02:00:00,1120.42,2,0,0,1122.59,1128.036666666666,1103.0883333333334,1144.3
2023-03-06 03:00:00,1144.3,3,0,0,1120.42,1129.1033333333328,1109.59,1171.18
2023-03-06 04:00:00,1171.18,4,0,0,1144.3,1145.2999999999995,1124.9433333333334,1182.73
2023-03-06 05:00:00,1182.73,5,0,0,1171.18,1166.0699999999995,1147.0533333333335,1215.65
2023-03-06 06:00:00,1215.65,6,0,0,1182.73,1189.8533333333328,1159.4783333333332,1245.59
2023-03-06 07:00:00,1245.59,7,0,0,1215.65,1214.656666666666,1179.9783333333332,1277.22
2023-03-06 08:00:00,1277.22,8,0,0,1245.59,1246.1533333333327,1206.1116666666667,1269.78
2023-03-06 09:00:00,1269.78,9,0,0,1277.22,1264.196666666666,1227.025,1280.18
2023-03-06 10:00:00,1280.18,10,0,0,1269.78,1275.726666666666,1245.1916666666668,1282.4
2023-03-06 11:00:00,1282.4,11,0,0,1280.18,1277.4533333333327,1261.8033333333333,1249.77
2023-03-06 12:00:00,1249.77,12,0,0,1282.4,1270.7833333333326,1267.49,1241.13
2023-03-06 13:00:00,1241.13,13,0,0,1249.77,1257.7666666666662,1266.7466666666667,1275.37
2023-03-06 14:00:00,1275.37,14,0,0,1241.13,1255.4233333333327,1266.4383333333333,1265.78
2023-03-06 15:00:00,1265.78,15,0,0,1275.37,1260.7599999999993,1265.7716666666668,1214.61
2023-03-06 16:00:00,1214.61,16,0,0,1265.78,1251.9199999999994,1254.8433333333332,1215.23
2023-03-06 17:00:00,1215.23,17,0,0,1214.61,1231.8733333333328,1243.6483333333333,1178.38
2023-03-06 18:00:00,1178.38,18,0,0,1215.23,1202.7399999999996,1231.75,1147.15
2023-03-06 19:00:00,1147.15,19,0,0,1178.38,1180.2533333333329,1216.0866666666666,1162.3
2023-03-06 20:00:00,1162.3,20,0,0,1147.15,1162.6099999999994,1197.2416666666666,1108.69
2023-03-06 21:00:00,1108.69,21,0,0,1162.3,1139.3799999999994,1171.0600000000002,1139.49
2023-03-06 22:00:00,1139.49,22,0,0,1108.69,1136.8266666666661,1158.5400000000002,1095.17
2023-03-06 23:00:00,1095.17,23,0,0,1139.49,1114.4499999999996,1138.53,1116.81
2023-03-07 00:00:00,1116.81,0,1,0,1095.17,1117.156666666666,1128.2683333333332,1106.66
2023-03-07 01:00:00,1106.66,1,1,0,1116.81,1106.213333333333,1121.5200000000002,1138.5
2023-03-07 02:00:00,1138.5,2,1,0,1106.66,1120.656666666666,1117.5533333333333,1177.18
2023-03-07 03:00:00,1177.18,3,1,0,1138.5,1140.7799999999995,1128.9683333333332,1174.8
2023-03-07 04:00:00,1174.8,4,1,0,1177.18,1163.4933333333329,1134.8533333333332,1190.22
2023-03-07 05:00:00,1190.22,5,1,0,1174.8,1180.733333333333,1150.695,1238.66
2023-03-07 06:00:00,1238.66,6,1,0,1190.22,1201.2266666666662,1171.0033333333333,1237.23
2023-03-07 07:00:00,1237.23,7,1,0,1238.66,1222.036666666666,1192.765,1282.54
2023-03-07 08:00:00,1282.54,8,1,0,1237.23,1252.8099999999995,1216.7716666666668,1270.33
2023-03-07 09:00:00,1270.33,9,1,0,1282.54,1263.366666666666,1232.2966666666669,1285.93
2023-03-07 10:00:00,1285.93,10,1,0,1270.33,1279.5999999999992,1250.8183333333334,1287.64
2023-03-07 11:00:00,1287.64,11,1,0,1285.93,1281.2999999999995,1267.055,1276.23
2023-03-07 12:00:00,1276.23,12,1,0,1287.64,1283.2666666666662,1273.3166666666666,1224.51
2023-03-07 13:00:00,1224.51,13,1,0,1276.23,1262.7933333333328,1271.1966666666667,1258.38
2023-03-07 14:00:00,1258.38,14,1,0,1224.51,1253.0399999999993,1267.1699999999998,1229.6
2023-03-07 15:00:00,1229.6,15,1,0,1258.38,1237.4966666666662,1260.381666666667,1199.81
2023-03-07 16:00:00,1199.81,16,1,0,1229.6,1229.2633333333326,1246.0283333333334,1193.21
2023-03-07 17:00:00,1193.21,17,1,0,1199.81,1207.5399999999993,1230.29,1208.8
2023-03-07 18:00:00,1208.8,18,1,0,1193.21,1200.606666666666,1219.0516666666667,1176.61
2023-03-07 19:00:00,1176.61,19,1,0,1208.8,1192.8733333333328,1211.0683333333334,1135.84
2023-03-07 20:00:00,1135.84,20,1,0,1176.61,1173.7499999999993,1190.645,1150.27
2023-03-07 21:00:00,1150.27,21,1,0,1135.84,1154.239999999999,1177.4233333333332,1098.48
2023-03-07 22:00:00,1098.48,22,1,0,1150.27,1128.196666666666,1160.535,1132.99
2023-03-07 23:00:00,1132.99,23,1,0,1098.48,1127.246666666666,1150.4983333333332,1114.27
2023-03-08 00:00:00,1114.27,0,2,0,1132.99,1115.2466666666662,1134.7433333333333,1126.96
2023-03-08 01:00:00,1126.96,1,2,0,1114.27,1124.7399999999996,1126.4683333333335,1151.92
2023-03-08 02:00:00,1151.92,2,2,0,1126.96,1131.0499999999995,1129.1483333333333,1125.41
2023-03-08 03:00:00,1125.41,3,2,0,1151.92,1134.7633333333326,1125.005,1176.72
2023-03-08 04:00:00,1176.72,4,2,0,1125.41,1151.3499999999995,1138.045,1211.6
2023-03-08 05:00:00,1211.6,5,2,0,1176.72,1171.2433333333327,1151.1466666666668,1240.83
2023-03-08 06:00:00,1240.83,6,2,0,1211.6,1209.716666666666,1172.24,1261.55
2023-03-08 07:00:00,1261.55,7,2,0,1240.83,1237.9933333333327,1194.6716666666666,1218.05
2023-03-08 08:00:00,1218.05,8,2,0,1261.55,1240.1433333333327,1205.6933333333334,1263.19
2023-03-08 09:00:00,1263.19,9,2,0,1218.05,1247.5966666666661,1228.6566666666665,1292.46
2023-03-08 10:00:00,1292.46,10,2,0,1263.19,1257.8999999999994,1247.9466666666665,1279.76
2023-03-08 11:00:00,1279.76,11,2,0,1292.46,1278.4699999999993,1259.3066666666666,1295.14
2023-03-08 12:00:00,1295.14,12,2,0,1279.76,1289.1199999999994,1268.3583333333333,1277.09
2023-03-08 13:00:00,1277.09,13,2,0,1295.14,1283.996666666666,1270.9483333333335,1271.82
2023-03-08 14:00:00,1271.82,14,2,0,1277.09,1281.3499999999992,1279.91,1253.82
2023-03-08 15:00:00,1253.82,15,2,0,1271.82,1267.576666666666,1278.3483333333334,1200.63
2023-03-08 16:00:00,1200.63,16,2,0,1253.82,1242.0899999999992,1263.0433333333333,1177.57
2023-03-08 17:00:00,1177.57,17,2,0,1200.63,1210.6733333333327,1246.0116666666665,1168.22
2023-03-08 18:00:00,1168.22,18,2,0,1177.57,1182.1399999999994,1224.8583333333333,1184.37
2023-03-08 19:00:00,1184.37,19,2,0,1168.22,1176.7199999999993,1209.405,1146.98
2023-03-08 20:00:00,1146.98,20,2,0,1184.37,1166.5233333333326,1188.5983333333334,1127.49
2023-03-08 21:00:00,1127.49,21,2,0,1146.98,1152.946666666666,1167.5433333333333,1118.41
2023-03-08 22:00:00,1118.41,22,2,0,1127.49,1130.9599999999994,1153.84,1121.85
2023-03-08 23:00:00,1121.85,23,2,0,1118.41,1122.5833333333328,1144.5533333333333,1122.31
2023-03-09 00:00:00,1122.31,0,3,0,1121.85,1120.856666666666,1136.9016666666666,1150.14
2023-03-09 01:00:00,1150.14,1,3,0,1122.31,1131.4333333333327,1131.1966666666667,1159.27
2023-03-09 02:00:00,1159.27,2,3,0,1150.14,1143.906666666666,1133.2450000000001,1146.25
2023-03-09 03:00:00,1146.25,3,3,0,1159.27,1151.886666666666,1136.3716666666667,1169.64
2023-03-09 04:00:00,1169.64,4,3,0,1146.25,1158.386666666666,1144.91,1169.54
2023-03-09 05:00:00,1169.54,5,3,0,1169.64,1161.8099999999995,1152.8583333333333,1219.9
2023-03-09 06:00:00,1219.9,6,3,0,1169.54,1186.3599999999994,1169.1233333333332,1238.67
2023-03-09 07:00:00,1238.67,7,3,0,1219.9,1209.3699999999992,1183.8783333333333,1253.64
2023-03-09 08:00:00,1253.64,8,3,0,1238.67,1237.4033333333327,1199.6066666666668,1283.46
2023-03-09 09:00:00,1283.46,9,3,0,1253.64,1258.5899999999995,1222.4750000000001,1265.83
2023-03-09 10:00:00,1265.83,10,3,0,1283.46,1267.6433333333327,1238.5066666666667,1252.23
2023-03-09 11:00:00,1252.23,11,3,0,1265.83,1267.1733333333327,1252.2883333333334,1273.76
2023-03-09 12:00:00,1273.76,12,3,0,1252.23,1263.9399999999994,1261.265,1271.44
2023-03-09 13:00:00,1271.44,13,3,0,1273.76,1265.8099999999995,1266.7266666666667,1240.4
2023-03-09 14:00:00,1240.4,14,3,0,1271.44,1261.866666666666,1264.5200000000002,1278.59
2023-03-09 15:00:00,1278.59,15,3,0,1240.4,1263.476666666666,1263.7083333333333,1236.23
2023-03-09 16:00:00,1236.23,16,3,0,1278.59,1251.7399999999993,1258.775,1207.06
2023-03-09 17:00:00,1207.06,17,3,0,1236.23,1240.6266666666659,1251.2466666666667,1176.05
2023-03-09 18:00:00,1176.05,18,3,0,1207.06,1206.446666666666,1234.9616666666666,1157.22
2023-03-09 19:00:00,1157.22,19,3,0,1176.05,1180.1099999999994,1215.925,1135.3
2023-03-09 20:00:00,1135.3,20,3,0,1157.22,1156.1899999999994,1198.408333333333,1134.67
2023-03-09 21:00:00,1134.67,21,3,0,1135.3,1142.3966666666659,1174.4216666666669,1103.46
2023-03-09 22:00:00,1103.46,22,3,0,1134.67,1124.4766666666662,1152.2933333333333,1134.6
2023-03-09 23:00:00,1134.6,23,3,0,1103.46,1124.2433333333327,1140.2166666666667,1135.41
2023-03-10 00:00:00,1135.41,0,4,0,1134.6,1124.4899999999993,1133.4433333333334,1127.84
2023-03-10 01:00:00,1127.84,1,4,0,1135.41,1132.616666666666,1128.5466666666666,1149.52
2023-03-10 02:00:00,1149.52,2,4,0,1127.84,1137.5899999999992,1130.9166666666667,1171.91
2023-03-10 03:00:00,1171.91,3,4,0,1149.52,1149.756666666666,1137.1233333333332,1189.88
2023-03-10 04:00:00,1189.88,4,4,0,1171.91,1170.4366666666663,1151.5266666666669,1188.79
2023-03-10 05:00:00,1188.79,5,4,0,1189.88,1183.526666666666,1160.5583333333334,1249.71
2023-03-10 06:00:00,1249.71,6,4,0,1188.79,1209.4599999999994,1179.6083333333333,1257.15
2023-03-10 07:00:00,1257.15,7,4,0,1249.71,1231.8833333333328,1201.16,1233.6
2023-03-10 08:00:00,1233.6,8,4,0,1257.15,1246.8199999999995,1215.1733333333334,1275.78
2023-03-10 09:00:00,1275.78,9,4,0,1233.6,1255.5099999999993,1232.485,1260.52
2023-03-10 10:00:00,1260.52,10,4,0,1275.78,1256.6333333333325,1244.2583333333332,1263.47
2023-03-10 11:00:00,1263.47,11,4,0,1260.52,1266.5899999999995,1256.705,1274.9
2023-03-10 12:00:00,1274.9,12,4,0,1263.47,1266.296666666666,1260.9033333333334,1297.24
2023-03-10 13:00:00,1297.24,13,4,0,1274.9,1278.536666666666,1267.585,1254.67
2023-03-10 14:00:00,1254.67,14,4,0,1297.24,1275.6033333333328,1271.0966666666666,1226.5
2023-03-10 15:00:00,1226.5,15,4,0,1254.67,1259.4699999999993,1262.8833333333334,1207.61
2023-03-10 16:00:00,1207.61,16,4,0,1226.5,1229.5933333333328,1254.065,1208.19
2023-03-10 17:00:00,1208.19,17,4,0,1207.61,1214.0999999999992,1244.8516666666667,1154.54
2023-03-10 18:00:00,1154.54,18,4,0,1208.19,1190.1133333333328,1224.7916666666667,1153.06
2023-03-10 19:00:00,1153.06,19,4,0,1154.54,1171.9299999999994,1200.7616666666665,1126.58
2023-03-10 20:00:00,1126.58,20,4,0,1153.06,1144.726666666666,1179.4133333333332,1159.79
2023-03-10 21:00:00,1159.79,21,4,0,1126.58,1146.476666666666,1168.2949999999998,1141.1
2023-03-10 22:00:00,1141.1,22,4,0,1159.79,1142.4899999999993,1157.21,1118.46
2023-03-10 23:00:00,1118.46,23,4,0,1141.1,1139.7833333333326,1142.2549999999999,1110.61
2023-03-11 00:00:00,1110.61,0,5,1,1118.46,1123.3899999999994,1134.9333333333332,1087.89
2023-03-11 01:00:00,1087.89,1,5,1,1110.61,1105.6533333333327,1124.0716666666667,1097.58
2023-03-11 02:00:00,1097.58,2,5,1,1087.89,1098.6933333333327,1119.2383333333335,1114.28
2023-03-11 03:00:00,1114.28,3,5,1,1097.58,1099.916666666666,1111.6533333333334,1177.1
2023-03-11 04:00:00,1177.1,4,5,1,1114.28,1129.6533333333327,1117.6533333333334,1168.19
2023-03-11 05:00:00,1168.19,5,5,1,1177.1,1153.1899999999994,1125.9416666666666,1199.43
2023-03-11 06:00:00,1199.43,6,5,1,1168.19,1181.5733333333328,1140.7450000000001,1213.97
2023-03-11 07:00:00,1213.97,7,5,1,1199.43,1193.8633333333328,1161.7583333333332,1223.77
2023-03-11 08:00:00,1223.77,8,5,1,1213.97,1212.3899999999994,1182.79,1292.1
2023-03-11 09:00:00,1292.1,9,5,1,1223.77,1243.2799999999995,1212.4266666666665,1267.23
2023-03-11 10:00:00,1267.23,10,5,1,1292.1,1261.0333333333326,1227.4483333333333,1249.19
2023-03-11 11:00:00,1249.19,11,5,1,1267.23,1269.5066666666662,1240.9483333333335,1261.45
2023-03-11 12:00:00,1261.45,12,5,1,1249.19,1259.2899999999993,1251.285,1258.72
2023-03-11 13:00:00,1258.72,13,5,1,1261.45,1256.453333333333,1258.743333333333,1270.68
2023-03-11 14:00:00,1270.68,14,5,1,1258.72,1263.616666666666,1266.5616666666667,1209.54
2023-03-11 15:00:00,1209.54,15,5,1,1270.68,1246.3133333333328,1252.8016666666667,1194.65
2023-03-11 16:00:00,1194.65,16,5,1,1209.54,1224.9566666666663,1240.7050000000002,1157.29
2023-03-11 17:00:00,1157.29,17,5,1,1194.65,1187.1599999999994,1225.3883333333335,1157.87
2023-03-11 18:00:00,1157.87,18,5,1,1157.29,1169.936666666666,1208.125,1157.03
2023-03-11 19:00:00,1157.03,19,5,1,1157.87,1157.3966666666659,1191.1766666666667,1099.62
2023-03-11 20:00:00,1099.62,20,5,1,1157.03,1138.1733333333325,1162.6666666666667,1085.81
2023-03-11 21:00:00,1085.81,21,5,1,1099.62,1114.1533333333327,1142.045,1092.1
2023-03-11 22:00:00,1092.1,22,5,1,1085.81,1092.5099999999993,1124.9533333333331,1082.58
2023-03-11 23:00:00,1082.58,23,5,1,1092.1,1086.8299999999992,1112.5016666666666,1101.96
2023-03-12 00:00:00,1101.96,0,6,1,1082.58,1092.2133333333325,1103.1833333333332,1097.37
2023-03-12 01:00:00,1097.37,1,6,1,1101.96,1093.9699999999993,1093.24,1038.19
2023-03-12 02:00:00,1038.19,2,6,1,1097.37,1079.173333333333,1083.0016666666668,1150.22
2023-03-12 03:00:00,1150.22,3,6,1,1038.19,1095.2599999999995,1093.7366666666667,1154.8
2023-03-12 04:00:00,1154.8,4,6,1,1150.22,1114.4033333333327,1104.1866666666667,1172.83
2023-03-12 05:00:00,1172.83,5,6,1,1154.8,1159.2833333333328,1119.2283333333332,1205.03
2023-03-12 06:00:00,1205.03,6,6,1,1172.83,1177.5533333333326,1136.4066666666665,1230.3
2023-03-12 07:00:00,1230.3,7,6,1,1205.03,1202.7199999999993,1158.5616666666667,1241.9
2023-03-12 08:00:00,1241.9,8,6,1,1230.3,1225.7433333333327,1192.5133333333333,1268.01
2023-03-12 09:00:00,1268.01,9,6,1,1241.9,1246.736666666666,1212.145,1265.72
2023-03-12 10:00:00,1265.72,10,6,1,1268.01,1258.5433333333328,1230.6316666666667,1223.22
2023-03-12 11:00:00,1223.22,11,6,1,1265.72,1252.3166666666662,1239.03,1260.15
2023-03-12 12:00:00,1260.15,12,6,1,1223.22,1249.696666666666,1248.2166666666667,1246.17
2023-03-12 13:00:00,1246.17,13,6,1,1260.15,1243.1799999999994,1250.8616666666667,1217.52
2023-03-12 14:00:00,1217.52,14,6,1,1246.17,1241.2799999999995,1246.7983333333334,1230.32
2023-03-12 15:00:00,1230.32,15,6,1,1217.52,1231.3366666666661,1240.5166666666667,1197.53
2023-03-12 16:00:00,1197.53,16,6,1,1230.32,1215.1233333333328,1229.1516666666666,1178.52
2023-03-12 17:00:00,1178.52,17,6,1,1197.53,1202.1233333333328,1221.7016666666666,1149.49
2023-03-12 18:00:00,1149.49,18,6,1,1178.52,1175.1799999999994,1203.2583333333334,1117.45
2023-03-12 19:00:00,1117.45,19,6,1,1149.49,1148.486666666666,1181.805,1100.69
2023-03-12 20:00:00,1100.69,20,6,1,1117.45,1122.5433333333328,1162.3333333333333,1066.5
2023-03-12 21:00:00,1066.5,21,6,1,1100.69,1094.8799999999994,1135.03,1114.6
2023-03-12 22:00:00,1114.6,22,6,1,1066.5,1093.9299999999994,1121.2083333333333,1096.7
2023-03-12 23:00:00,1096.7,23,6,1,1114.6,1092.5999999999995,1107.5716666666667,1131.72
2023-03-13 00:00:00,1131.72,0,0,0,1096.7,1114.3399999999995,1104.61,1138.53
2023-03-13 01:00:00,1138.53,1,0,0,1131.72,1122.316666666666,1108.1233333333332,1123.51
2023-03-13 02:00:00,1123.51,2,0,0,1138.53,1131.2533333333329,1111.9266666666665,1178.3
2023-03-13 03:00:00,1178.3,3,0,0,1123.51,1146.7799999999995,1130.56,1185.14
2023-03-13 04:00:00,1185.14,4,0,0,1178.3,1162.3166666666662,1142.3166666666668,1218.27
2023-03-13 05:00:00,1218.27,5,0,0,1185.14,1193.9033333333327,1162.5783333333334,1249.78
2023-03-13 06:00:00,1249.78,6,0,0,1218.27,1217.7299999999993,1182.255,1243.32
2023-03-13 07:00:00,1243.32,7,0,0,1249.78,1237.1233333333328,1199.72,1299.94
2023-03-13 08:00:00,1299.94,8,0,0,1243.32,1264.3466666666661,1229.125,1291.57
2023-03-13 09:00:00,1291.57,9,0,0,1299.94,1278.276666666666,1248.0033333333333,1296.68
2023-03-13 10:00:00,1296.68,10,0,0,1291.57,1296.0633333333328,1266.5933333333332,1268.85
2023-03-13 11:00:00,1268.85,11,0,0,1296.68,1285.6999999999994,1275.0233333333333,1291.61
2023-03-13 12:00:00,1291.61,12,0,0,1268.85,1285.7133333333325,1281.9950000000001,1284.74
2023-03-13 13:00:00,1284.74,13,0,0,1291.61,1281.7333333333327,1288.8983333333333,1281.45
2023-03-13 14:00:00,1281.45,14,0,0,1284.74,1285.9333333333327,1285.8166666666666,1252.61
2023-03-13 15:00:00,1252.61,15,0,0,1281.45,1272.9333333333327,1279.3233333333335,1202.35
2023-03-13 16:00:00,1202.35,16,0,0,1252.61,1245.4699999999993,1263.6016666666667,1203.09
2023-03-13 17:00:00,1203.09,17,0,0,1202.35,1219.3499999999995,1252.6416666666667,1182.65
2023-03-13 18:00:00,1182.65,18,0,0,1203.09,1196.0299999999995,1234.4816666666666,1172.96
2023-03-13 19:00:00,1172.96,19,0,0,1182.65,1186.2333333333327,1215.8516666666667,1151.54
2023-03-13 20:00:00,1151.54,20,0,0,1172.96,1169.0499999999993,1194.1999999999998,1106.71
2023-03-13 21:00:00,1106.71,21,0,0,1151.54,1143.736666666666,1169.8833333333332,1147.79
2023-03-13 22:00:00,1147.79,22,0,0,1106.71,1135.3466666666661,1160.79,1117.79
2023-03-13 23:00:00,1117.79,23,0,0,1147.79,1124.0966666666661,1146.5733333333335,1104.08
2023-03-14 00:00:00,1104.08,0,1,0,1117.79,1123.2199999999993,1133.4783333333335,1109.78
2023-03-14 01:00:00,1109.78,1,1,0,1104.08,1110.5499999999995,1122.9483333333333,1156.37
2023-03-14 02:00:00,1156.37,2,1,0,1109.78,1123.4099999999992,1123.7533333333333,1129.14
2023-03-14 03:00:00,1129.14,3,1,0,1156.37,1131.7633333333326,1127.4916666666666,1177.8
2023-03-14 04:00:00,1177.8,4,1,0,1129.14,1154.436666666666,1132.4933333333333,1199.04
2023-03-14 05:00:00,1199.04,5,1,0,1177.8,1168.6599999999994,1146.035,1274.26
2023-03-14 06:00:00,1274.26,6,1,0,1199.04,1217.0333333333328,1174.3983333333333,1246.07
2023-03-14 07:00:00,1246.07,7,1,0,1274.26,1239.7899999999993,1197.1133333333332,1242.25
2023-03-14 08:00:00,1242.25,8,1,0,1246.07,1254.1933333333327,1211.4266666666665,1259.63
2023-03-14 09:00:00,1259.63,9,1,0,1242.25,1249.316666666666,1233.175,1287.37
2023-03-14 10:00:00,1287.37,10,1,0,1259.63,1263.0833333333328,1251.4366666666667,1307.43
2023-03-14 11:00:00,1307.43,11,1,0,1287.37,1284.8099999999995,1269.5016666666668,1296.12
2023-03-14 12:00:00,1296.12,12,1,0,1307.43,1296.9733333333327,1273.145,1275.63
2023-03-14 13:00:00,1275.63,13,1,0,1296.12,1293.0599999999995,1278.0716666666667,1283.35
2023-03-14 14:00:00,1283.35,14,1,0,1275.63,1285.0333333333326,1284.9216666666669,1259.86
2023-03-14 15:00:00,1259.86,15,1,0,1283.35,1272.946666666666,1284.96,1233.44
2023-03-14 16:00:00,1233.44,16,1,0,1259.86,1258.8833333333328,1275.9716666666666,1190.96
2023-03-14 17:00:00,1190.96,17,1,0,1233.44,1228.0866666666661,1256.56,1204.52
2023-03-14 18:00:00,1204.52,18,1,0,1190.96,1209.6399999999994,1241.2933333333333,1157.53
2023-03-14 19:00:00,1157.53,19,1,0,1204.52,1184.3366666666661,1221.61,1140.08
2023-03-14 20:00:00,1140.08,20,1,0,1157.53,1167.376666666666,1197.7316666666666,1151.04
2023-03-14 21:00:00,1151.04,21,1,0,1140.08,1149.5499999999993,1179.595,1102.88
2023-03-14 22:00:00,1102.88,22,1,0,1151.04,1131.3333333333328,1157.835,1113.21
2023-03-14 23:00:00,1113.21,23,1,0,1102.88,1122.376666666666,1144.8766666666668,1151.85
2023-03-15 00:00:00,1151.85,0,2,0,1113.21,1122.6466666666663,1136.0983333333334,1110.07
2023-03-15 01:00:00,1110.07,1,2,0,1151.85,1125.0433333333328,1128.1883333333333,1148.12
2023-03-15 02:00:00,1148.12,2,2,0,1110.07,1136.6799999999994,1129.5283333333334,1170.51
2023-03-15 03:00:00,1170.51,3,2,0,1148.12,1142.8999999999994,1132.7733333333333,1174.04
2023-03-15 04:00:00,1174.04,4,2,0,1170.51,1164.2233333333327,1144.6333333333332,1203.27
2023-03-15 05:00:00,1203.27,5,2,0,1174.04,1182.606666666666,1159.6433333333332,1221.68
2023-03-15 06:00:00,1221.68,6,2,0,1203.27,1199.6633333333327,1171.2816666666668,1226.85
2023-03-15 07:00:00,1226.85,7,2,0,1221.68,1217.266666666666,1190.745,1264.24
2023-03-15 08:00:00,1264.24,8,2,0,1226.85,1237.5899999999992,1210.0983333333334,1264.59
2023-03-15 09:00:00,1264.59,9,2,0,1264.24,1251.8933333333327,1225.7783333333332,1313.72
2023-03-15 10:00:00,1313.72,10,2,0,1264.59,1280.8499999999995,1249.0583333333332,1288.22
2023-03-15 11:00:00,1288.22,11,2,0,1313.72,1288.8433333333328,1263.2166666666667,1282.34
2023-03-15 12:00:00,1282.34,12,2,0,1288.22,1294.7599999999993,1273.3266666666666,1281.82
2023-03-15 13:00:00,1281.82,13,2,0,1282.34,1284.1266666666659,1282.4883333333335,1257.58
2023-03-15 14:00:00,1257.58,14,2,0,1281.82,1273.9133333333327,1281.3783333333333,1252.0
2023-03-15 15:00:00,1252.0,15,2,0,1257.58,1263.7999999999993,1279.28,1209.66
2023-03-15 16:00:00,1209.66,16,2,0,1252.0,1239.746666666666,1261.9366666666667,1193.68
2023-03-15 17:00:00,1193.68,17,2,0,1209.66,1218.446666666666,1246.18,1182.44
2023-03-15 18:00:00,1182.44,18,2,0,1193.68,1195.2599999999995,1229.53,1154.96
2023-03-15 19:00:00,1154.96,19,2,0,1182.44,1177.026666666666,1208.3866666666665,1143.46
2023-03-15 20:00:00,1143.46,20,2,0,1154.96,1160.2866666666662,1189.3666666666666,1135.39
2023-03-15 21:00:00,1135.39,21,2,0,1143.46,1144.6033333333328,1169.9316666666666,1148.95
2023-03-15 22:00:00,1148.95,22,2,0,1135.39,1142.5999999999995,1159.8133333333333,1129.6
2023-03-15 23:00:00,1129.6,23,2,0,1148.95,1137.9799999999993,1149.1333333333334,1139.44
2023-03-16 00:00:00,1139.44,0,3,0,1129.6,1139.3299999999995,1141.9666666666667,1125.74
2023-03-16 01:00:00,1125.74,1,3,0,1139.44,1131.5933333333326,1137.0966666666666,1143.83
2023-03-16 02:00:00,1143.83,2,3,0,1125.74,1136.3366666666661,1137.1583333333335,1135.15
2023-03-16 03:00:00,1135.15,3,3,0,1143.83,1134.906666666666,1137.1183333333333,1179.56
2023-03-16 04:00:00,1179.56,4,3,0,1135.15,1152.8466666666661,1142.22,1171.59
2023-03-16 05:00:00,1171.59,5,3,0,1179.56,1162.0999999999995,1149.2183333333332,1194.7
2023-03-16 06:00:00,1194.7,6,3,0,1171.59,1181.9499999999991,1158.4283333333333,1237.94
2023-03-16 07:00:00,1237.94,7,3,0,1194.7,1201.4099999999996,1177.1283333333333,1263.48
2023-03-16 08:00:00,1263.48,8,3,0,1237.94,1232.0399999999993,1197.07,1260.78
2023-03-16 09:00:00,1260.78,9,3,0,1263.48,1254.0666666666662,1218.0083333333334,1291.98
2023-03-16 10:00:00,1291.98,10,3,0,1260.78,1272.0799999999995,1236.745,1315.14
2023-03-16 11:00:00,1315.14,11,3,0,1291.98,1289.2999999999995,1260.67,1283.76
2023-03-16 12:00:00,1283.76,12,3,0,1315.14,1296.9599999999994,1275.5133333333333,1250.75
2023-03-16 13:00:00,1250.75,13,3,0,1283.76,1283.216666666666,1277.6483333333333,1263.38
2023-03-16 14:00:00,1263.38,14,3,0,1250.75,1265.963333333333,1277.6316666666667,1220.39
2023-03-16 15:00:00,1220.39,15,3,0,1263.38,1244.8399999999995,1270.8999999999999,1221.4
2023-03-16 16:00:00,1221.4,16,3,0,1220.39,1235.0566666666662,1259.1366666666668,1220.96
2023-03-16 17:00:00,1220.96,17,3,0,1221.4,1220.916666666666,1243.44,1171.8
2023-03-16 18:00:00,1171.8,18,3,0,1220.96,1204.7199999999993,1224.78,1172.91
2023-03-16 19:00:00,1172.91,19,3,0,1171.8,1188.5566666666662,1211.8066666666666,1152.63
2023-03-16 20:00:00,1152.63,20,3,0,1172.91,1165.7799999999995,1193.3483333333334,1100.58
2023-03-16 21:00:00,1100.58,21,3,0,1152.63,1142.0399999999993,1173.38,1118.69
2023-03-16 22:00:00,1118.69,22,3,0,1100.58,1123.9666666666662,1156.2616666666665,1107.5
2023-03-16 23:00:00,1107.5,23,3,0,1118.69,1108.923333333333,1137.3516666666667,1134.0
2023-03-17 00:00:00,1134.0,0,4,0,1107.5,1120.0633333333328,1131.0516666666665,1100.78
2023-03-17 01:00:00,1100.78,1,4,0,1134.0,1114.0933333333326,1119.03,1157.66
2023-03-17 02:00:00,1157.66,2,4,0,1100.78,1130.8133333333326,1119.8683333333333,1162.36
2023-03-17 03:00:00,1162.36,3,4,0,1157.66,1140.266666666666,1130.165,1205.69
2023-03-17 04:00:00,1205.69,4,4,0,1162.36,1175.236666666666,1144.665,1191.56
2023-03-17 05:00:00,1191.56,5,4,0,1205.69,1186.5366666666662,1158.675,1217.29
2023-03-17 06:00:00,1217.29,6,4,0,1191.56,1204.8466666666661,1172.5566666666666,1272.47
2023-03-17 07:00:00,1272.47,7,4,0,1217.29,1227.106666666666,1201.1716666666666,1270.07
2023-03-17 08:00:00,1270.07,8,4,0,1272.47,1253.276666666666,1219.9066666666665,1312.89
2023-03-17 09:00:00,1312.89,9,4,0,1270.07,1285.1433333333327,1244.9950000000001,1288.63
2023-03-17 10:00:00,1288.63,10,4,0,1312.89,1290.5299999999995,1258.8183333333334,1266.41
2023-03-17 11:00:00,1266.41,11,4,0,1288.63,1289.3099999999995,1271.2933333333333,1299.39
2023-03-17 12:00:00,1299.39,12,4,0,1266.41,1284.8099999999995,1284.9766666666667,1285.79
2023-03-17 13:00:00,1285.79,13,4,0,1299.39,1283.8633333333328,1287.1966666666667,1250.61
2023-03-17 14:00:00,1250.61,14,4,0,1285.79,1278.5966666666661,1283.9533333333334,1248.25
2023-03-17 15:00:00,1248.25,15,4,0,1250.61,1261.5499999999993,1273.18,1219.47
2023-03-17 16:00:00,1219.47,16,4,0,1248.25,1239.4433333333327,1261.6533333333334,1229.4
2023-03-17 17:00:00,1229.4,17,4,0,1219.47,1232.3733333333328,1255.485,1186.34
2023-03-17 18:00:00,1186.34,18,4,0,1229.4,1211.736666666666,1236.6433333333332,1143.67
2023-03-17 19:00:00,1143.67,19,4,0,1186.34,1186.4699999999993,1212.9566666666667,1150.33
2023-03-17 20:00:00,1150.33,20,4,0,1143.67,1160.1133333333328,1196.2433333333333,1119.5
2023-03-17 21:00:00,1119.5,21,4,0,1150.33,1137.8333333333328,1174.785,1115.41
2023-03-17 22:00:00,1115.41,22,4,0,1119.5,1128.4133333333327,1157.4416666666666,1100.89
2023-03-17 23:00:00,1100.89,23,4,0,1115.41,1111.9333333333327,1136.0233333333333,1114.11
2023-03-18 00:00:00,1114.11,0,5,1,1100.89,1110.136666666666,1123.985,1094.49
2023-03-18 01:00:00,1094.49,1,5,1,1114.11,1103.1633333333327,1115.7883333333334,1110.42
2023-03-18 02:00:00,1110.42,2,5,1,1094.49,1106.3399999999995,1109.1366666666668,1130.3
2023-03-18 03:00:00,1130.3,3,5,1,1110.42,1111.736666666666,1110.9366666666667,1147.9
2023-03-18 04:00:00,1147.9,4,5,1,1130.3,1129.5399999999993,1116.3516666666667,1185.39
2023-03-18 05:00:00,1185.39,5,5,1,1147.9,1154.5299999999995,1130.4350000000002,1177.0
2023-03-18 06:00:00,1177.0,6,5,1,1185.39,1170.0966666666661,1140.9166666666667,1201.18
2023-03-18 07:00:00,1201.18,7,5,1,1177.0,1187.8566666666663,1158.6983333333335,1241.97
2023-03-18 08:00:00,1241.97,8,5,1,1201.18,1206.716666666666,1180.6233333333332,1231.91
2023-03-18 09:00:00,1231.91,9,5,1,1241.97,1225.0199999999995,1197.5583333333334,1258.21
2023-03-18 10:00:00,1258.21,10,5,1,1231.91,1244.0299999999995,1215.9433333333334,1270.99
2023-03-18 11:00:00,1270.99,11,5,1,1258.21,1253.7033333333327,1230.21,1280.05
2023-03-18 12:00:00,1280.05,12,5,1,1270.99,1269.7499999999993,1247.385,1229.47
2023-03-18 13:00:00,1229.47,13,5,1,1280.05,1260.1699999999994,1252.1,1220.32
2023-03-18 14:00:00,1220.32,14,5,1,1229.47,1243.2799999999995,1248.4916666666668,1244.5
2023-03-18 15:00:00,1244.5,15,5,1,1220.32,1231.4299999999994,1250.5900000000001,1203.03
2023-03-18 16:00:00,1203.03,16,5,1,1244.5,1222.616666666666,1241.3933333333332,1167.47
2023-03-18 17:00:00,1167.47,17,5,1,1203.03,1204.9999999999993,1224.14,1151.18
2023-03-18 18:00:00,1151.18,18,5,1,1167.47,1173.8933333333327,1202.6616666666666,1104.44
2023-03-18 19:00:00,1104.44,19,5,1,1151.18,1141.0299999999995,1181.8233333333335,1118.53
2023-03-18 20:00:00,1118.53,20,5,1,1104.44,1124.716666666666,1164.8583333333333,1087.46
2023-03-18 21:00:00,1087.46,21,5,1,1118.53,1103.4766666666662,1138.685,1093.58
2023-03-18 22:00:00,1093.58,22,5,1,1087.46,1099.856666666666,1120.4433333333334,1083.38
2023-03-18 23:00:00,1083.38,23,5,1,1093.58,1088.1399999999994,1106.4283333333335,1087.21
2023-03-19 00:00:00,1087.21,0,6,1,1083.38,1088.0566666666662,1095.7666666666667,1160.53
2023-03-19 01:00:00,1160.53,1,6,1,1087.21,1110.3733333333328,1105.115,1089.81
2023-03-19 02:00:00,1089.81,2,6,1,1160.53,1112.516666666666,1100.3283333333334,1141.52
2023-03-19 03:00:00,1141.52,3,6,1,1089.81,1130.6199999999994,1109.3383333333334,1141.25
2023-03-19 04:00:00,1141.25,4,6,1,1141.52,1124.1933333333327,1117.2833333333333,1158.22
2023-03-19 05:00:00,1158.22,5,6,1,1141.25,1146.996666666666,1129.7566666666667,1224.25
2023-03-19 06:00:00,1224.25,6,6,1,1158.22,1174.5733333333328,1152.5966666666666,1204.92
2023-03-19 07:00:00,1204.92,7,6,1,1224.25,1195.7966666666662,1159.9950000000001,1249.39
2023-03-19 08:00:00,1249.39,8,6,1,1204.92,1226.186666666666,1186.5916666666667,1255.66
2023-03-19 09:00:00,1255.66,9,6,1,1249.39,1236.656666666666,1205.615,1245.0
2023-03-19 10:00:00,1245.0,10,6,1,1255.66,1250.0166666666662,1222.9066666666668,1267.44
2023-03-19 11:00:00,1267.44,11,6,1,1245.0,1256.0333333333328,1241.11,1225.84
2023-03-19 12:00:00,1225.84,12,6,1,1267.44,1246.0933333333328,1241.375,1261.74
2023-03-19 13:00:00,1261.74,13,6,1,1225.84,1251.6733333333325,1250.845,1237.82
2023-03-19 14:00:00,1237.82,14,6,1,1261.74,1241.7999999999995,1248.9166666666667,1241.63
2023-03-19 15:00:00,1241.63,15,6,1,1237.82,1247.0633333333328,1246.5783333333334,1234.05
2023-03-19 16:00:00,1234.05,16,6,1,1241.63,1237.8333333333328,1244.7533333333333,1169.43
2023-03-19 17:00:00,1169.43,17,6,1,1234.05,1215.0366666666662,1228.4183333333333,1190.87
2023-03-19 18:00:00,1190.87,18,6,1,1169.43,1198.116666666666,1222.59,1111.97
2023-03-19 19:00:00,1111.97,19,6,1,1190.87,1157.423333333333,1197.6283333333333,1128.24
2023-03-19 20:00:00,1128.24,20,6,1,1111.97,1143.6933333333327,1179.365,1103.74
2023-03-19 21:00:00,1103.74,21,6,1,1128.24,1114.6499999999994,1156.3833333333332,1077.88
2023-03-19 22:00:00,1077.88,22,6,1,1103.74,1103.286666666666,1130.3550000000002,1099.79
2023-03-19 23:00:00,1099.79,23,6,1,1077.88,1093.8033333333326,1118.7483333333332,1095.17
2023-03-20 00:00:00,1095.17,0,0,0,1099.79,1090.946666666666,1102.7983333333334,1118.83
2023-03-20 01:00:00,1118.83,1,0,0,1095.17,1104.5966666666661,1103.9416666666666,1144.6
2023-03-20 02:00:00,1144.6,2,0,0,1118.83,1119.5333333333328,1106.6683333333333,1141.83
2023-03-20 03:00:00,1141.83,3,0,0,1144.6,1135.0866666666661,1113.0166666666667,1148.74
2023-03-20 04:00:00,1148.74,4,0,0,1141.83,1145.0566666666662,1124.8266666666666,1167.8
2023-03-20 05:00:00,1167.8,5,0,0,1148.74,1152.7899999999993,1136.1616666666666,1222.59
2023-03-20 06:00:00,1222.59,6,0,0,1167.8,1179.7099999999994,1157.3983333333333,1239.45
2023-03-20 07:00:00,1239.45,7,0,0,1222.59,1209.946666666666,1177.5016666666666,1231.75
2023-03-20 08:00:00,1231.75,8,0,0,1239.45,1231.2633333333326,1192.0266666666666,1285.15
2023-03-20 09:00:00,1285.15,9,0,0,1231.75,1252.116666666666,1215.9133333333332,1257.68
2023-03-20 10:00:00,1257.68,10,0,0,1285.15,1258.193333333333,1234.07,1292.44
2023-03-20 11:00:00,1292.44,11,0,0,1257.68,1278.4233333333327,1254.8433333333335,1251.56
2023-03-20 12:00:00,1251.56,12,0,0,1292.44,1267.226666666666,1259.6716666666666,1287.43
2023-03-20 13:00:00,1287.43,13,0,0,1251.56,1277.1433333333327,1267.6683333333333,1229.33
2023-03-20 14:00:00,1229.33,14,0,0,1287.43,1256.106666666666,1267.265,1244.99
2023-03-20 15:00:00,1244.99,15,0,0,1229.33,1253.916666666666,1260.5716666666667,1233.81
2023-03-20 16:00:00,1233.81,16,0,0,1244.99,1236.0433333333326,1256.5933333333335,1211.93
2023-03-20 17:00:00,1211.93,17,0,0,1233.81,1230.2433333333329,1243.175,1167.87
2023-03-20 18:00:00,1167.87,18,0,0,1211.93,1204.536666666666,1229.2266666666667,1186.85
2023-03-20 19:00:00,1186.85,19,0,0,1167.87,1188.8833333333325,1212.4633333333334,1126.29
2023-03-20 20:00:00,1126.29,20,0,0,1186.85,1160.336666666666,1195.29,1115.44
2023-03-20 21:00:00,1115.44,21,0,0,1126.29,1142.8599999999994,1173.6983333333335,1107.34
2023-03-20 22:00:00,1107.34,22,0,0,1115.44,1116.3566666666661,1152.62,1128.12
2023-03-20 23:00:00,1128.12,23,0,0,1107.34,1116.966666666666,1138.6516666666664,1162.48
2023-03-21 00:00:00,1162.48,0,1,0,1128.12,1132.646666666666,1137.7533333333333,1133.35
2023-03-21 01:00:00,1133.35,1,1,0,1162.48,1141.316666666666,1128.8366666666666,1156.29
2023-03-21 02:00:00,1156.29,2,1,0,1133.35,1150.706666666666,1133.8366666666666,1155.52
2023-03-21 03:00:00,1155.52,3,1,0,1156.29,1148.386666666666,1140.5166666666667,1181.07
2023-03-21 04:00:00,1181.07,4,1,0,1155.52,1164.2933333333328,1152.805,1199.71
2023-03-21 05:00:00,1199.71,5,1,0,1181.07,1178.7666666666662,1164.7366666666667,1231.98
2023-03-21 06:00:00,1231.98,6,1,0,1199.71,1204.2533333333329,1176.32,1268.27
2023-03-21 07:00:00,1268.27,7,1,0,1231.98,1233.3199999999995,1198.8066666666666,1251.34
2023-03-21 08:00:00,1251.34,8,1,0,1268.27,1250.5299999999995,1214.6483333333333,1277.62
2023-03-21 09:00:00,1277.62,9,1,0,1251.34,1265.7433333333327,1234.9983333333332,1238.46
2023-03-21 10:00:00,1238.46,10,1,0,1277.62,1255.8066666666662,1244.5633333333333,1278.9
2023-03-21 11:00:00,1278.9,11,1,0,1238.46,1264.9933333333327,1257.7616666666665,1305.88
2023-03-21 12:00:00,1305.88,12,1,0,1278.9,1274.4133333333327,1270.0783333333334,1298.61
2023-03-21 13:00:00,1298.61,13,1,0,1305.88,1294.463333333333,1275.135,1247.71
2023-03-21 14:00:00,1247.71,14,1,0,1298.61,1284.066666666666,1274.53,1224.94
2023-03-21 15:00:00,1224.94,15,1,0,1247.71,1257.0866666666661,1265.75,1222.53
2023-03-21 16:00:00,1222.53,16,1,0,1224.94,1231.7266666666662,1263.095,1218.06
2023-03-21 17:00:00,1218.06,17,1,0,1222.53,1221.8433333333328,1252.9550000000002,1154.6
2023-03-21 18:00:00,1154.6,18,1,0,1218.06,1198.396666666666,1227.7416666666666,1160.49
2023-03-21 19:00:00,1160.49,19,1,0,1154.6,1177.716666666666,1204.7216666666666,1137.84
2023-03-21 20:00:00,1137.84,20,1,0,1160.49,1150.976666666666,1186.4099999999999,1130.25
2023-03-21 21:00:00,1130.25,21,1,0,1137.84,1142.8599999999994,1170.6283333333333,1121.38
2023-03-21 22:00:00,1121.38,22,1,0,1130.25,1129.8233333333328,1153.77,1130.78
2023-03-21 23:00:00,1130.78,23,1,0,1121.38,1127.4699999999993,1139.2233333333334,1148.5
2023-03-22 00:00:00,1148.5,0,2,0,1130.78,1133.5533333333326,1138.2066666666667,1142.95
2023-03-22 01:00:00,1142.95,1,2,0,1148.5,1140.7433333333327,1135.2833333333335,1112.19
2023-03-22 02:00:00,1112.19,2,2,0,1142.95,1134.546666666666,1131.0083333333334,1170.56
2023-03-22 03:00:00,1170.56,3,2,0,1112.19,1141.8999999999994,1137.7266666666667,1161.66
2023-03-22 04:00:00,1161.66,4,2,0,1170.56,1148.136666666666,1144.44,1185.34
2023-03-22 05:00:00,1185.34,5,2,0,1161.66,1172.5199999999993,1153.5333333333335,1212.7
2023-03-22 06:00:00,1212.7,6,2,0,1185.34,1186.566666666666,1164.2333333333333,1226.69
2023-03-22 07:00:00,1226.69,7,2,0,1212.7,1208.2433333333329,1178.1899999999998,1240.82
2023-03-22 08:00:00,1240.82,8,2,0,1226.69,1226.736666666666,1199.6283333333333,1258.02
2023-03-22 09:00:00,1258.02,9,2,0,1240.82,1241.8433333333328,1214.205,1287.94
2023-03-22 10:00:00,1287.94,10,2,0,1258.02,1262.2599999999995,1235.2516666666668,1286.36
2023-03-22 11:00:00,1286.36,11,2,0,1287.94,1277.4399999999994,1252.0883333333334,1310.65
2023-03-22 12:00:00,1310.65,12,2,0,1286.36,1294.9833333333327,1268.4133333333332,1260.3
2023-03-22 13:00:00,1260.3,13,2,0,1310.65,1285.7699999999993,1274.0149999999999,1234.85
2023-03-22 14:00:00,1234.85,14,2,0,1260.3,1268.5999999999992,1273.02,1262.99
2023-03-22 15:00:00,1262.99,15,2,0,1234.85,1252.7133333333325,1273.8483333333334,1221.72
2023-03-22 16:00:00,1221.72,16,2,0,1262.99,1239.8533333333328,1262.8116666666667,1206.46
2023-03-22 17:00:00,1206.46,17,2,0,1221.72,1230.3899999999994,1249.4950000000001,1190.5
2023-03-22 18:00:00,1190.5,18,2,0,1206.46,1206.2266666666662,1229.47,1150.86
2023-03-22 19:00:00,1150.86,19,2,0,1190.5,1182.606666666666,1211.23,1160.58
2023-03-22 20:00:00,1160.58,20,2,0,1150.86,1167.3133333333326,1198.8516666666667,1132.62
2023-03-22 21:00:00,1132.62,21,2,0,1160.58,1148.0199999999993,1177.1233333333332,1112.41
2023-03-22 22:00:00,1112.41,22,2,0,1132.62,1135.2033333333327,1158.905,1114.08
2023-03-22 23:00:00,1114.08,23,2,0,1112.41,1119.7033333333327,1143.5083333333332,1138.9
2023-03-23 00:00:00,1138.9,0,3,0,1114.08,1121.796666666666,1134.9083333333333,1135.88
2023-03-23 01:00:00,1135.88,1,3,0,1138.9,1129.6199999999994,1132.4116666666666,1151.25
2023-03-23 02:00:00,1151.25,2,3,0,1135.88,1142.0099999999995,1130.8566666666668,1137.95
2023-03-23 03:00:00,1137.95,3,3,0,1151.25,1141.6933333333327,1131.7450000000001,1163.83
2023-03-23 04:00:00,1163.83,4,3,0,1137.95,1151.0099999999993,1140.315,1202.0
2023-03-23 05:00:00,1202.0,5,3,0,1163.83,1167.926666666666,1154.9683333333335,1230.95
2023-03-23 06:00:00,1230.95,6,3,0,1202.0,1198.926666666666,1170.31,1216.59
2023-03-23 07:00:00,1216.59,7,3,0,1230.95,1216.5133333333326,1183.7616666666665,1231.43
2023-03-23 08:00:00,1231.43,8,3,0,1216.59,1226.3233333333326,1197.125,1269.28
2023-03-23 09:00:00,1269.28,9,3,0,1231.43,1239.0999999999995,1219.0133333333333,1283.55
2023-03-23 10:00:00,1283.55,10,3,0,1269.28,1261.4199999999994,1238.9666666666667,1261.87
2023-03-23 11:00:00,1261.87,11,3,0,1283.55,1271.566666666666,1248.945,1260.7
2023-03-23 12:00:00,1260.7,12,3,0,1261.87,1268.706666666666,1253.9033333333334,1243.78
2023-03-23 13:00:00,1243.78,13,3,0,1260.7,1255.4499999999994,1258.435,1256.51
2023-03-23 14:00:00,1256.51,14,3,0,1243.78,1253.6633333333327,1262.615,1240.43
2023-03-23 15:00:00,1240.43,15,3,0,1256.51,1246.906666666666,1257.8066666666666,1210.36
2023-03-23 16:00:00,1210.36,16,3,0,1240.43,1235.7666666666662,1245.6083333333333,1234.73
2023-03-23 17:00:00,1234.73,17,3,0,1210.36,1228.506666666666,1241.085,1193.03
2023-03-23 18:00:00,1193.03,18,3,0,1234.73,1212.706666666666,1229.8066666666666,1153.63
2023-03-23 19:00:00,1153.63,19,3,0,1193.03,1193.7966666666662,1214.7816666666668,1162.64
2023-03-23 20:00:00,1162.64,20,3,0,1153.63,1169.7666666666662,1199.1366666666665,1131.94
2023-03-23 21:00:00,1131.94,21,3,0,1162.64,1149.4033333333327,1181.055,1143.34
2023-03-23 22:00:00,1143.34,22,3,0,1131.94,1145.9733333333327,1169.885,1133.17
2023-03-23 23:00:00,1133.17,23,3,0,1143.34,1136.1499999999994,1152.9583333333333,1124.55
2023-03-24 00:00:00,1124.55,0,4,0,1133.17,1133.6866666666663,1141.545,1108.79
2023-03-24 01:00:00,1108.79,1,4,0,1124.55,1122.1699999999994,1134.0716666666667,1146.62
2023-03-24 02:00:00,1146.62,2,4,0,1108.79,1126.6533333333327,1131.4016666666666,1181.62
2023-03-24 03:00:00,1181.62,3,4,0,1146.62,1145.676666666666,1139.6816666666666,1211.88
2023-03-24 04:00:00,1211.88,4,4,0,1181.62,1180.0399999999993,1151.1049999999998,1208.74
2023-03-24 05:00:00,1208.74,5,4,0,1211.88,1200.746666666666,1163.7,1240.55
2023-03-24 06:00:00,1240.55,6,4,0,1208.74,1220.3899999999994,1183.033333333333,1249.85
2023-03-24 07:00:00,1249.85,7,4,0,1240.55,1233.046666666666,1206.5433333333333,1260.02
2023-03-24 08:00:00,1260.02,8,4,0,1249.85,1250.1399999999994,1225.4433333333334,1285.36
2023-03-24 09:00:00,1285.36,9,4,0,1260.02,1265.076666666666,1242.7333333333333,1263.35
2023-03-24 10:00:00,1263.35,10,4,0,1285.36,1269.5766666666661,1251.3116666666667,1293.76
2023-03-24 11:00:00,1293.76,11,4,0,1263.35,1280.8233333333328,1265.4816666666666,1281.75
2023-03-24 12:00:00,1281.75,12,4,0,1293.76,1279.6199999999992,1272.3483333333334,1305.01
2023-03-24 13:00:00,1305.01,13,4,0,1281.75,1293.506666666666,1281.5416666666667,1285.9
2023-03-24 14:00:00,1285.9,14,4,0,1305.01,1290.886666666666,1285.8549999999998,1224.35
2023-03-24 15:00:00,1224.35,15,4,0,1285.9,1271.7533333333326,1275.6866666666667,1202.65
2023-03-24 16:00:00,1202.65,16,4,0,1224.35,1237.6333333333328,1265.57,1186.52
2023-03-24 17:00:00,1186.52,17,4,0,1202.65,1204.506666666666,1247.6966666666667,1174.52
2023-03-24 18:00:00,1174.52,18,4,0,1186.52,1187.896666666666,1229.825,1152.43
2023-03-24 19:00:00,1152.43,19,4,0,1174.52,1171.156666666666,1204.395,1124.17
2023-03-24 20:00:00,1124.17,20,4,0,1152.43,1150.3733333333328,1177.44,1118.26
2023-03-24 21:00:00,1118.26,21,4,0,1124.17,1131.6199999999994,1159.7583333333334,1078.1
2023-03-24 22:00:00,1078.1,22,4,0,1118.26,1106.8433333333328,1139.0,1119.1
2023-03-24 23:00:00,1119.1,23,4,0,1078.1,1105.1533333333325,1127.7633333333333,1102.37
2023-03-25 00:00:00,1102.37,0,5,1,1119.1,1099.856666666666,1115.7383333333335,1118.07
2023-03-25 01:00:00,1118.07,1,5,1,1102.37,1113.1799999999994,1110.0116666666665,1151.29
2023-03-25 02:00:00,1151.29,2,5,1,1118.07,1123.9099999999992,1114.5316666666665,1131.25
2023-03-25 03:00:00,1131.25,3,5,1,1151.29,1133.536666666666,1116.6966666666665,1149.92
2023-03-25 04:00:00,1149.92,4,5,1,1131.25,1144.1533333333327,1128.6666666666667,1156.61
2023-03-25 05:00:00,1156.61,5,5,1,1149.92,1145.926666666666,1134.9183333333333,1204.4
2023-03-25 06:00:00,1204.4,6,5,1,1156.61,1170.3099999999993,1151.9233333333334,1199.99
2023-03-25 07:00:00,1199.99,7,5,1,1204.4,1186.9999999999993,1165.5766666666666,1222.75
2023-03-25 08:00:00,1222.75,8,5,1,1199.99,1209.0466666666662,1177.4866666666667,1196.4
2023-03-25 09:00:00,1196.4,9,5,1,1222.75,1206.3799999999994,1188.345,1235.1
2023-03-25 10:00:00,1235.1,10,5,1,1196.4,1218.0833333333328,1202.5416666666667,1245.27
2023-03-25 11:00:00,1245.27,11,5,1,1235.1,1225.5899999999995,1217.3183333333334,1227.14
2023-03-25 12:00:00,1227.14,12,5,1,1245.27,1235.836666666666,1221.1083333333333,1230.66
2023-03-25 13:00:00,1230.66,13,5,1,1227.14,1234.356666666666,1226.22,1241.25
2023-03-25 14:00:00,1241.25,14,5,1,1230.66,1233.0166666666662,1229.3033333333333,1210.27
2023-03-25 15:00:00,1210.27,15,5,1,1241.25,1227.3933333333327,1231.615,1186.55
2023-03-25 16:00:00,1186.55,16,5,1,1210.27,1212.6899999999994,1223.5233333333333,1201.11
2023-03-25 17:00:00,1201.11,17,5,1,1186.55,1199.3099999999993,1216.1633333333334,1173.45
2023-03-25 18:00:00,1173.45,18,5,1,1201.11,1187.0366666666662,1207.215,1147.36
2023-03-25 19:00:00,1147.36,19,5,1,1173.45,1173.9733333333327,1193.3316666666667,1115.75
2023-03-25 20:00:00,1115.75,20,5,1,1147.36,1145.5199999999995,1172.415,1092.08
2023-03-25 21:00:00,1092.08,21,5,1,1115.75,1118.3966666666659,1152.7166666666665,1108.28
2023-03-25 22:00:00,1108.28,22,5,1,1092.08,1105.3699999999994,1139.6716666666666,1087.84
2023-03-25 23:00:00,1087.84,23,5,1,1108.28,1096.066666666666,1120.7933333333333,1062.91
2023-03-26 00:00:00,1062.91,0,6,1,1087.84,1086.3433333333326,1102.3700000000001,1082.31
2023-03-26 01:00:00,1082.31,1,6,1,1062.91,1077.686666666666,1091.5283333333334,1125.84
2023-03-26 02:00:00,1125.84,2,6,1,1082.31,1090.3533333333328,1093.21,1112.55
2023-03-26 03:00:00,1112.55,3,6,1,1125.84,1106.8999999999994,1096.6216666666667,1158.4
2023-03-26 04:00:00,1158.4,4,6,1,1112.55,1132.2633333333326,1104.975,1168.12
2023-03-26 05:00:00,1168.12,5,6,1,1158.4,1146.356666666666,1118.355,1238.38
2023-03-26 06:00:00,1238.38,6,6,1,1168.12,1188.2999999999995,1147.6,1193.4
2023-03-26 07:00:00,1193.4,7,6,1,1238.38,1199.966666666666,1166.115,1275.28
2023-03-26 08:00:00,1275.28,8,6,1,1193.4,1235.6866666666663,1191.0216666666668,1214.38
2023-03-26 09:00:00,1214.38,9,6,1,1275.28,1227.6866666666663,1207.9933333333333,1235.6
2023-03-26 10:00:00,1235.6,10,6,1,1214.38,1241.7533333333329,1220.86,1244.07
2023-03-26 11:00:00,1244.07,11,6,1,1235.6,1231.3499999999995,1233.5183333333334,1229.4
2023-03-26 12:00:00,1229.4,12,6,1,1244.07,1236.3566666666661,1232.0216666666668,1212.33
2023-03-26 13:00:00,1212.33,13,6,1,1229.4,1228.5999999999995,1235.1766666666665,1221.17
2023-03-26 14:00:00,1221.17,14,6,1,1212.33,1220.966666666666,1226.1583333333333,1218.46
2023-03-26 15:00:00,1218.46,15,6,1,1221.17,1217.3199999999995,1226.8383333333334,1189.95
2023-03-26 16:00:00,1189.95,16,6,1,1218.46,1209.8599999999994,1219.2300000000002,1165.81
2023-03-26 17:00:00,1165.81,17,6,1,1189.95,1191.406666666666,1206.1866666666667,1168.27
2023-03-26 18:00:00,1168.27,18,6,1,1165.81,1174.676666666666,1195.9983333333332,1106.09
2023-03-26 19:00:00,1106.09,19,6,1,1168.27,1146.7233333333327,1178.2916666666667,1108.55
2023-03-26 20:00:00,1108.55,20,6,1,1106.09,1127.636666666666,1159.5216666666668,1117.87
2023-03-26 21:00:00,1117.87,21,6,1,1108.55,1110.8366666666661,1142.7566666666667,1073.98
2023-03-26 22:00:00,1073.98,22,6,1,1117.87,1100.1333333333325,1123.4283333333333,1111.26
2023-03-26 23:00:00,1111.26,23,6,1,1073.98,1101.036666666666,1114.3366666666666,1117.79
2023-03-27 00:00:00,1117.79,0,0,0,1111.26,1101.0099999999993,1105.9233333333334,1124.72
2023-03-27 01:00:00,1124.72,1,0,0,1117.79,1117.923333333333,1109.0283333333334,1173.03
2023-03-27 02:00:00,1173.03,2,0,0,1124.72,1138.5133333333326,1119.7749999999999,1146.58
2023-03-27 03:00:00,1146.58,3,0,0,1173.03,1148.1099999999994,1124.56,1211.57
2023-03-27 04:00:00,1211.57,4,0,0,1146.58,1177.0599999999993,1147.4916666666666,1205.97
2023-03-27 05:00:00,1205.97,5,0,0,1211.57,1188.0399999999993,1163.2766666666666,1227.37
2023-03-27 06:00:00,1227.37,6,0,0,1205.97,1214.9699999999993,1181.54,1233.7
2023-03-27 07:00:00,1233.7,7,0,0,1227.37,1222.3466666666661,1199.7033333333331,1284.66
2023-03-27 08:00:00,1284.66,8,0,0,1233.7,1248.5766666666661,1218.3083333333334,1288.5
2023-03-27 09:00:00,1288.5,9,0,0,1284.66,1268.9533333333327,1241.9616666666668,1292.75
2023-03-27 10:00:00,1292.75,10,0,0,1288.5,1288.636666666666,1255.4916666666668,1288.82
2023-03-27 11:00:00,1288.82,11,0,0,1292.75,1290.0233333333326,1269.3,1280.29
2023-03-27 12:00:00,1280.29,12,0,0,1288.82,1287.286666666666,1278.1200000000001,1261.39
2023-03-27 13:00:00,1261.39,13,0,0,1280.29,1276.8333333333328,1282.7350000000001,1246.16
2023-03-27 14:00:00,1246.16,14,0,0,1261.39,1262.6133333333328,1276.3183333333334,1273.7
2023-03-27 15:00:00,1273.7,15,0,0,1246.16,1260.4166666666663,1273.8516666666667,1195.64
2023-03-27 16:00:00,1195.64,16,0,0,1273.7,1238.4999999999993,1257.6666666666667,1219.8
2023-03-27 17:00:00,1219.8,17,0,0,1195.64,1229.713333333333,1246.1633333333334,1188.59
2023-03-27 18:00:00,1188.59,18,0,0,1219.8,1201.3433333333326,1230.88,1170.38
2023-03-27 19:00:00,1170.38,19,0,0,1188.59,1192.9233333333325,1215.7116666666668,1134.86
2023-03-27 20:00:00,1134.86,20,0,0,1170.38,1164.6099999999994,1197.1616666666666,1154.37
2023-03-27 21:00:00,1154.37,21,0,0,1134.86,1153.2033333333327,1177.2733333333333,1126.85
2023-03-27 22:00:00,1126.85,22,0,0,1154.37,1138.6933333333325,1165.8083333333332,1101.54
2023-03-27 23:00:00,1101.54,23,0,0,1126.85,1127.586666666666,1146.0983333333331,1101.61
2023-03-28 00:00:00,1101.61,0,1,0,1101.54,1109.9999999999993,1131.6016666666667,1132.49
2023-03-28 01:00:00,1132.49,1,1,0,1101.61,1111.8799999999994,1125.2866666666666,1140.85
2023-03-28 02:00:00,1140.85,2,1,0,1132.49,1124.9833333333327,1126.2849999999999,1144.28
2023-03-28 03:00:00,1144.28,3,1,0,1140.85,1139.206666666666,1124.6033333333332,1168.96
2023-03-28 04:00:00,1168.96,4,1,0,1144.28,1151.3633333333328,1131.6216666666667,1162.98
2023-03-28 05:00:00,1162.98,5,1,0,1168.96,1158.7399999999996,1141.8616666666667,1191.9
2023-03-28 06:00:00,1191.9,6,1,0,1162.98,1174.6133333333328,1156.9099999999999,1274.29
2023-03-28 07:00:00,1274.29,7,1,0,1191.9,1209.7233333333327,1180.5433333333333,1290.48
2023-03-28 08:00:00,1290.48,8,1,0,1274.29,1252.2233333333327,1205.4816666666668,1289.28
2023-03-28 09:00:00,1289.28,9,1,0,1290.48,1284.6833333333327,1229.6483333333333,1286.44
2023-03-28 10:00:00,1286.44,10,1,0,1289.28,1288.733333333333,1249.2283333333335,1284.32
2023-03-28 11:00:00,1284.32,11,1,0,1286.44,1286.6799999999994,1269.4516666666666,1269.7
2023-03-28 12:00:00,1269.7,12,1,0,1284.32,1280.1533333333327,1282.4183333333333,1247.83
2023-03-28 13:00:00,1247.83,13,1,0,1269.7,1267.2833333333326,1278.0083333333332,1264.68
2023-03-28 14:00:00,1264.68,14,1,0,1247.83,1260.736666666666,1273.7083333333333,1215.75
2023-03-28 15:00:00,1215.75,15,1,0,1264.68,1242.7533333333329,1261.4533333333334,1226.96
2023-03-28 16:00:00,1226.96,16,1,0,1215.75,1235.7966666666662,1251.54,1196.54
2023-03-28 17:00:00,1196.54,17,1,0,1226.96,1213.0833333333328,1236.91,1166.68
2023-03-28 18:00:00,1166.68,18,1,0,1196.54,1196.726666666666,1219.74,1184.73
2023-03-28 19:00:00,1184.73,19,1,0,1166.68,1182.6499999999994,1209.2233333333334,1129.36
2023-03-28 20:00:00,1129.36,20,1,0,1184.73,1160.256666666666,1186.67,1105.33
2023-03-28 21:00:00,1105.33,21,1,0,1129.36,1139.8066666666662,1168.2666666666667,1122.84
2023-03-28 22:00:00,1122.84,22,1,0,1105.33,1119.176666666666,1150.9133333333332,1111.62
2023-03-28 23:00:00,1111.62,23,1,0,1122.84,1113.2633333333326,1136.76,1106.4
2023-03-29 00:00:00,1106.4,0,2,0,1111.62,1113.6199999999994,1126.7133333333334,1150.96
2023-03-29 01:00:00,1150.96,1,2,0,1106.4,1122.9933333333327,1121.085,1155.28
2023-03-29 02:00:00,1155.28,2,2,0,1150.96,1137.5466666666662,1125.405,1164.46
2023-03-29 03:00:00,1164.46,3,2,0,1155.28,1156.8999999999994,1135.26,1188.04
2023-03-29 04:00:00,1188.04,4,2,0,1164.46,1169.2599999999993,1146.1266666666668,1217.4
2023-03-29 05:00:00,1217.4,5,2,0,1188.04,1189.9666666666662,1163.756666666667,1224.78
2023-03-29 06:00:00,1224.78,6,2,0,1217.4,1210.0733333333328,1183.4866666666667,1228.87
2023-03-29 07:00:00,1228.87,7,2,0,1224.78,1223.6833333333327,1196.4716666666666,1280.56
2023-03-29 08:00:00,1280.56,8,2,0,1228.87,1244.736666666666,1217.3516666666667,1298.34
2023-03-29 09:00:00,1298.34,9,2,0,1280.56,1269.256666666666,1239.665,1262.59
2023-03-29 10:00:00,1262.59,10,2,0,1298.34,1280.496666666666,1252.09,1295.47
2023-03-29 11:00:00,1295.47,11,2,0,1262.59,1285.466666666666,1265.1016666666665,1291.91
2023-03-29 12:00:00,1291.91,12,2,0,1295.47,1283.3233333333326,1276.29,1283.97
2023-03-29 13:00:00,1283.97,13,2,0,1291.91,1290.4499999999996,1285.4733333333334,1218.22
2023-03-29 14:00:00,1218.22,14,2,0,1283.97,1264.6999999999994,1275.0833333333333,1227.61
2023-03-29 15:00:00,1227.61,15,2,0,1218.22,1243.2666666666662,1263.295,1216.53
2023-03-29 16:00:00,1216.53,16,2,0,1227.61,1220.786666666666,1255.6183333333333,1227.04
2023-03-29 17:00:00,1227.04,17,2,0,1216.53,1223.726666666666,1244.2133333333334,1184.85
2023-03-29 18:00:00,1184.85,18,2,0,1227.04,1209.4733333333327,1226.37,1165.73
2023-03-29 19:00:00,1165.73,19,2,0,1184.85,1192.5399999999993,1206.6633333333334,1171.29
2023-03-29 20:00:00,1171.29,20,2,0,1165.73,1173.956666666666,1198.8416666666667,1145.71
2023-03-29 21:00:00,1145.71,21,2,0,1171.29,1160.9099999999994,1185.1916666666668,1118.89
2023-03-29 22:00:00,1118.89,22,2,0,1145.71,1145.2966666666662,1168.9183333333333,1141.1
2023-03-29 23:00:00,1141.1,23,2,0,1118.89,1135.2333333333327,1154.595,1126.16
2023-03-30 00:00:00,1126.16,0,3,0,1141.1,1128.716666666666,1144.8133333333333,1148.96
2023-03-30 01:00:00,1148.96,1,3,0,1126.16,1138.7399999999996,1142.0183333333332,1139.89
2023-03-30 02:00:00,1139.89,2,3,0,1148.96,1138.3366666666661,1136.785,1157.6
2023-03-30 03:00:00,1157.6,3,3,0,1139.89,1148.816666666666,1138.7666666666667,1204.42
2023-03-30 04:00:00,1204.42,4,3,0,1157.6,1167.3033333333326,1153.0216666666668,1230.8
2023-03-30 05:00:00,1230.8,5,3,0,1204.42,1197.606666666666,1167.9716666666666,1213.68
2023-03-30 06:00:00,1213.68,6,3,0,1230.8,1216.2999999999995,1182.5583333333334,1248.27
2023-03-30 07:00:00,1248.27,7,3,0,1213.68,1230.916666666666,1199.11,1228.18
2023-03-30 08:00:00,1228.18,8,3,0,1248.27,1230.0433333333328,1213.825,1263.03
2023-03-30 09:00:00,1263.03,9,3,0,1228.18,1246.4933333333327,1231.3966666666668,1297.99
2023-03-30 10:00:00,1297.99,10,3,0,1263.03,1263.0666666666662,1246.9916666666668,1288.65
2023-03-30 11:00:00,1288.65,11,3,0,1297.99,1283.2233333333327,1256.6333333333334,1288.46
2023-03-30 12:00:00,1288.46,12,3,0,1288.65,1291.6999999999996,1269.0966666666666,1263.15
2023-03-30 13:00:00,1263.15,13,3,0,1288.46,1280.0866666666661,1271.5766666666666,1249.66
2023-03-30 14:00:00,1249.66,14,3,0,1263.15,1267.0899999999995,1275.1566666666668,1231.77
2023-03-30 15:00:00,1231.77,15,3,0,1249.66,1248.1933333333327,1269.9466666666667,1205.82
2023-03-30 16:00:00,1205.82,16,3,0,1231.77,1229.0833333333328,1254.585,1186.59
2023-03-30 17:00:00,1186.59,17,3,0,1205.82,1208.0599999999995,1237.575,1177.25
2023-03-30 18:00:00,1177.25,18,3,0,1186.59,1189.886666666666,1219.04,1139.27
2023-03-30 19:00:00,1139.27,19,3,0,1177.25,1167.7033333333327,1198.3933333333332,1154.62
2023-03-30 20:00:00,1154.62,20,3,0,1139.27,1157.046666666666,1182.5533333333333,1119.84
2023-03-30 21:00:00,1119.84,21,3,0,1154.62,1137.9099999999992,1163.8983333333333,1104.78
2023-03-30 22:00:00,1104.78,22,3,0,1119.84,1126.4133333333327,1147.0583333333332,1120.96
2023-03-30 23:00:00,1120.96,23,3,0,1104.78,1115.1933333333327,1136.1200000000001,1115.83
2023-03-31 00:00:00,1115.83,0,4,0,1120.96,1113.856666666666,1125.8833333333332,1113.26
2023-03-31 01:00:00,1113.26,1,4,0,1115.83,1116.6833333333327,1121.5483333333334,1126.74
2023-03-31 02:00:00,1126.74,2,4,0,1113.26,1118.6099999999994,1116.9016666666666,1157.2
2023-03-31 03:00:00,1157.2,3,4,0,1126.74,1132.3999999999994,1123.1283333333333,1182.86
2023-03-31 04:00:00,1182.86,4,4,0,1157.2,1155.5999999999995,1136.1416666666667,1168.7
2023-03-31 05:00:00,1168.7,5,4,0,1182.86,1169.5866666666661,1144.0983333333334,1222.11
2023-03-31 06:00:00,1222.11,6,4,0,1168.7,1191.2233333333327,1161.8116666666667,1259.95
2023-03-31 07:00:00,1259.95,7,4,0,1222.11,1216.9199999999994,1186.26,1285.78
2023-03-31 08:00:00,1285.78,8,4,0,1259.95,1255.946666666666,1212.7666666666667,1268.71
2023-03-31 09:00:00,1268.71,9,4,0,1285.78,1271.4799999999996,1231.3516666666667,1260.15
2023-03-31 10:00:00,1260.15,10,4,0,1268.71,1271.5466666666662,1244.2333333333333,1295.04
2023-03-31 11:00:00,1295.04,11,4,0,1260.15,1274.633333333333,1265.29,1274.3
2023-03-31 12:00:00,1274.3,12,4,0,1295.04,1276.4966666666662,1273.9883333333335,1245.44
2023-03-31 13:00:00,1245.44,13,4,0,1274.3,1271.5933333333328,1271.57,1293.62
2023-03-31 14:00:00,1293.62,14,4,0,1245.44,1271.1199999999992,1272.8766666666666,1240.11
2023-03-31 15:00:00,1240.11,15,4,0,1293.62,1259.7233333333327,1268.11,1241.12
2023-03-31 16:00:00,1241.12,16,4,0,1240.11,1258.2833333333326,1264.9383333333333,1195.17
2023-03-31 17:00:00,1195.17,17,4,0,1241.12,1225.466666666666,1248.2933333333333,1198.06
2023-03-31 18:00:00,1198.06,18,4,0,1195.17,1211.4499999999996,1235.5866666666666,1150.49
2023-03-31 19:00:00,1150.49,19,4,0,1198.06,1181.2399999999996,1219.7616666666665,1146.5
2023-03-31 20:00:00,1146.5,20,4,0,1150.49,1165.0166666666662,1195.2416666666666,1138.45
2023-03-31 21:00:00,1138.45,21,4,0,1146.5,1145.1466666666659,1178.2983333333334,1142.36
2023-03-31 22:00:00,1142.36,22,4,0,1138.45,1142.436666666666,1161.8383333333334,1123.81
2023-03-31 23:00:00,1123.81,23,4,0,1142.36,1134.8733333333328,1149.945,1132.54
2023-04-01 00:00:00,1132.54,0,5,1,1123.81,1132.9033333333327,1139.0249999999999,1158.81
2023-04-01 01:00:00,1158.81,1,5,1,1132.54,1138.386666666666,1140.4116666666666,1186.27
2023-04-01 02:00:00,1186.27,2,5,1,1158.81,1159.206666666666,1147.04,1175.08
2023-04-01 03:00:00,1175.08,3,5,1,1186.27,1173.386666666666,1153.1449999999998,1250.18
2023-04-01 04:00:00,1250.18,4,5,1,1175.08,1203.8433333333326,1171.115,1254.13
2023-04-01 05:00:00,1254.13,5,5,1,1250.18,1226.463333333333,1192.835,1293.44
2023-04-01 06:00:00,1293.44,6,5,1,1254.13,1265.916666666666,1219.6516666666666,1326.51
2023-04-01 07:00:00,1326.51,7,5,1,1293.44,1291.3599999999994,1247.6016666666667,1340.55
2023-04-01 08:00:00,1340.55,8,5,1,1326.51,1320.166666666666,1273.315,1400.86
2023-04-01 09:00:00,1400.86,9,5,1,1340.55,1355.9733333333327,1310.945,1396.78
2023-04-01 10:00:00,1396.78,10,5,1,1400.86,1379.3966666666659,1335.3783333333333,1396.07
2023-04-01 11:00:00,1396.07,11,5,1,1396.78,1397.9033333333325,1359.035,1400.74
2023-04-01 12:00:00,1400.74,12,5,1,1396.07,1397.8633333333328,1376.9183333333333,1388.53
2023-04-01 13:00:00,1388.53,13,5,1,1400.74,1395.1133333333328,1387.255,1362.36
2023-04-01 14:00:00,1362.36,14,5,1,1388.53,1383.876666666666,1390.89,1332.05
2023-04-01 15:00:00,1332.05,15,5,1,1362.36,1360.9799999999993,1379.4216666666669,1328.01
2023-04-01 16:00:00,1328.01,16,5,1,1332.05,1340.8066666666662,1367.9599999999998,1281.28
2023-04-01 17:00:00,1281.28,17,5,1,1328.01,1313.7799999999995,1348.8283333333331,1248.49
2023-04-01 18:00:00,1248.49,18,5,1,1281.28,1285.926666666666,1323.4533333333331,1259.37
2023-04-01 19:00:00,1259.37,19,5,1,1248.49,1263.046666666666,1301.9266666666665,1194.1
2023-04-01 20:00:00,1194.1,20,5,1,1259.37,1233.986666666666,1273.8833333333332,1175.77
2023-04-01 21:00:00,1175.77,21,5,1,1194.1,1209.746666666666,1247.8366666666668,1163.96
2023-04-01 22:00:00,1163.96,22,5,1,1175.77,1177.9433333333327,1220.495,1136.03
2023-04-01 23:00:00,1136.03,23,5,1,1163.96,1158.586666666666,1196.2866666666666,1146.3
2023-04-02 00:00:00,1146.3,0,6,1,1136.03,1148.7633333333326,1179.2549999999999,1143.32
2023-04-02 01:00:00,1143.32,1,6,1,1146.3,1141.8833333333325,1159.9133333333334,1205.37
2023-04-02 02:00:00,1205.37,2,6,1,1143.32,1164.996666666666,1161.7916666666667,1215.24
2023-04-02 03:00:00,1215.24,3,6,1,1205.37,1187.9766666666658,1168.37,1274.5
2023-04-02 04:00:00,1274.5,4,6,1,1215.24,1231.7033333333327,1186.7933333333333,1274.13
2023-04-02 05:00:00,1274.13,5,6,1,1274.5,1254.6233333333328,1209.81,1288.95
2023-04-02 06:00:00,1288.95,6,6,1,1274.13,1279.193333333333,1233.5849999999998,1319.64
2023-04-02 07:00:00,1319.64,7,6,1,1288.95,1294.2399999999996,1262.9716666666666,1352.59
2023-04-02 08:00:00,1352.59,8,6,1,1319.64,1320.3933333333327,1287.5083333333334,1408.9
2023-04-02 09:00:00,1408.9,9,6,1,1352.59,1360.376666666666,1319.785,1379.85
2023-04-02 10:00:00,1379.85,10,6,1,1408.9,1380.446666666666,1337.3433333333335,1400.46
2023-04-02 11:00:00,1400.46,11,6,1,1379.85,1396.4033333333327,1358.3983333333333,1399.15
2023-04-02 12:00:00,1399.15,12,6,1,1400.46,1393.1533333333327,1376.765,1374.83
2023-04-02 13:00:00,1374.83,13,6,1,1399.15,1391.4799999999996,1385.9633333333334,1360.51
2023-04-02 14:00:00,1360.51,14,6,1,1374.83,1378.1633333333327,1387.2833333333335,1301.87
2023-04-02 15:00:00,1301.87,15,6,1,1360.51,1345.736666666666,1369.445,1315.6
2023-04-02 16:00:00,1315.6,16,6,1,1301.87,1325.9933333333327,1358.7366666666667,1288.27
2023-04-02 17:00:00,1288.27,17,6,1,1315.6,1301.9133333333327,1340.0383333333332,1243.99
2023-04-02 18:00:00,1243.99,18,6,1,1288.27,1282.6199999999992,1314.1783333333333,1202.6
2023-04-02 19:00:00,1202.6,19,6,1,1243.99,1244.9533333333327,1285.4733333333334,1206.55
2023-04-02 20:00:00,1206.55,20,6,1,1202.6,1217.713333333333,1259.8133333333333,1188.38
2023-04-02 21:00:00,1188.38,21,6,1,1206.55,1199.176666666666,1240.8983333333333,1154.81
2023-04-02 22:00:00,1154.81,22,6,1,1188.38,1183.246666666666,1214.1,1142.37
2023-04-02 23:00:00,1142.37,23,6,1,1154.81,1161.8533333333326,1189.7833333333333,1167.82
2023-04-03 00:00:00,1167.82,0,0,0,1142.37,1154.9999999999993,1177.0883333333334,1221.09
2023-04-03 01:00:00,1221.09,1,0,0,1167.82,1177.0933333333326,1180.1699999999998,1164.03
2023-04-03 02:00:00,1164.03,2,0,0,1221.09,1184.3133333333326,1173.0833333333333,1246.25
2023-04-03 03:00:00,1246.25,3,0,0,1164.03,1210.456666666666,1182.7283333333332,1228.7
2023-04-03 04:00:00,1228.7,4,0,0,1246.25,1212.9933333333327,1195.0433333333333,1272.4
2023-04-03 05:00:00,1272.4,5,0,0,1228.7,1249.116666666666,1216.715,1287.04
2023-04-03 06:00:00,1287.04,6,0,0,1272.4,1262.713333333333,1236.585,1378.17
2023-04-03 07:00:00,1378.17,7,0,0,1287.04,1312.5366666666662,1262.765,1394.12
2023-04-03 08:00:00,1394.12,8,0,0,1378.17,1353.1099999999994,1301.1133333333335,1395.04
2023-04-03 09:00:00,1395.04,9,0,0,1394.12,1389.1099999999994,1325.9116666666666,1438.97
2023-04-03 10:00:00,1438.97,10,0,0,1395.04,1409.3766666666659,1360.9566666666667,1447.45
2023-04-03 11:00:00,1447.45,11,0,0,1438.97,1427.1533333333327,1390.131666666667,1410.52
2023-04-03 12:00:00,1410.52,12,0,0,1447.45,1432.3133333333326,1410.7116666666668,1415.18
2023-04-03 13:00:00,1415.18,13,0,0,1410.52,1424.3833333333325,1416.88,1373.89
2023-04-03 14:00:00,1373.89,14,0,0,1415.18,1399.8633333333328,1413.5083333333332,1339.97
2023-04-03 15:00:00,1339.97,15,0,0,1373.89,1376.3466666666661,1404.33,1338.96
2023-04-03 16:00:00,1338.96,16,0,0,1339.97,1350.9399999999994,1387.6616666666666,1288.3
2023-04-03 17:00:00,1288.3,17,0,0,1338.96,1322.4099999999996,1361.1366666666665,1264.13
2023-04-03 18:00:00,1264.13,18,0,0,1288.3,1297.1299999999994,1336.7383333333335,1231.46
2023-04-03 19:00:00,1231.46,19,0,0,1264.13,1261.2966666666662,1306.1183333333336,1225.42
2023-04-03 20:00:00,1225.42,20,0,0,1231.46,1240.3366666666661,1281.3733333333332,1203.12
2023-04-03 21:00:00,1203.12,21,0,0,1225.42,1219.9999999999993,1258.5649999999998,1209.53
2023-04-03 22:00:00,1209.53,22,0,0,1203.12,1212.6899999999994,1236.9933333333333,1157.35
2023-04-03 23:00:00,1157.35,23,0,0,1209.53,1189.9999999999993,1215.1683333333333,1213.93
2023-04-04 00:00:00,1213.93,0,1,0,1157.35,1193.6033333333328,1206.8016666666665,1203.01
2023-04-04 01:00:00,1203.01,1,1,0,1213.93,1191.4299999999994,1202.0600000000002,1218.0
2023-04-04 02:00:00,1218.0,2,1,0,1203.01,1211.646666666666,1200.8233333333335,1242.52
2023-04-04 03:00:00,1242.52,3,1,0,1218.0,1221.176666666666,1207.3899999999999,1261.1
2023-04-04 04:00:00,1261.1,4,1,0,1242.52,1240.5399999999993,1215.985,1282.55
2023-04-04 05:00:00,1282.55,5,1,0,1261.1,1262.0566666666662,1236.8516666666667,1304.92
2023-04-04 06:00:00,1304.92,6,1,0,1282.55,1282.856666666666,1252.0166666666667,1328.85
2023-04-04 07:00:00,1328.85,7,1,0,1304.92,1305.4399999999994,1272.99,1353.29
2023-04-04 08:00:00,1353.29,8,1,0,1328.85,1329.0199999999993,1295.5383333333332,1398.56
2023-04-04 09:00:00,1398.56,9,1,0,1353.29,1360.2333333333327,1321.545,1409.28
2023-04-04 10:00:00,1409.28,10,1,0,1398.56,1387.0433333333328,1346.2416666666666,1456.85
2023-04-04 11:00:00,1456.85,11,1,0,1409.28,1421.5633333333328,1375.2916666666667,1420.69
2023-04-04 12:00:00,1420.69,12,1,0,1456.85,1428.9399999999994,1394.5866666666664,1437.2
2023-04-04 13:00:00,1437.2,13,1,0,1420.69,1438.246666666666,1412.6449999999998,1405.4
2023-04-04 14:00:00,1405.4,14,1,0,1437.2,1421.0966666666661,1421.33,1382.79
2023-04-04 15:00:00,1382.79,15,1,0,1405.4,1408.463333333333,1418.7016666666668,1335.28
2023-04-04 16:00:00,1335.28,16,1,0,1382.79,1374.4899999999996,1406.368333333333,1297.07
2023-04-04 17:00:00,1297.07,17,1,0,1335.28,1338.3799999999992,1379.7383333333335,1296.52
2023-04-04 18:00:00,1296.52,18,1,0,1297.07,1309.6233333333328,1359.0433333333333,1248.36
2023-04-04 19:00:00,1248.36,19,1,0,1296.52,1280.6499999999994,1327.57,1266.22
2023-04-04 20:00:00,1266.22,20,1,0,1248.36,1270.366666666666,1304.3733333333332,1210.97
2023-04-04 21:00:00,1210.97,21,1,0,1266.22,1241.8499999999992,1275.7366666666665,1193.81
2023-04-04 22:00:00,1193.81,22,1,0,1210.97,1223.666666666666,1252.1583333333333,1162.3
2023-04-04 23:00:00,1162.3,23,1,0,1193.81,1189.026666666666,1229.6966666666667,1167.43
2023-04-05 00:00:00,1167.43,0,2,0,1162.3,1174.5133333333326,1208.1816666666666,1195.92
2023-04-05 01:00:00,1195.92,1,2,0,1167.43,1175.216666666666,1199.4416666666666,1190.84
2023-04-05 02:00:00,1190.84,2,2,0,1195.92,1184.7299999999996,1186.8783333333333,1272.53
2023-04-05 03:00:00,1272.53,3,2,0,1190.84,1219.7633333333326,1197.1383333333333,1255.34
2023-04-05 04:00:00,1255.34,4,2,0,1272.53,1239.5699999999995,1207.3933333333332,1261.01
2023-04-05 05:00:00,1261.01,5,2,0,1255.34,1262.9599999999994,1223.845,1314.44
2023-04-05 06:00:00,1314.44,6,2,0,1261.01,1276.9299999999994,1248.3466666666666,1374.33
2023-04-05 07:00:00,1374.33,7,2,0,1314.44,1316.5933333333326,1278.0816666666667,1389.43
2023-04-05 08:00:00,1389.43,8,2,0,1374.33,1359.3999999999994,1311.18,1392.74
2023-04-05 09:00:00,1392.74,9,2,0,1389.43,1385.4999999999993,1331.215,1421.99
2023-04-05 10:00:00,1421.99,10,2,0,1392.74,1401.386666666666,1358.99,1442.94
2023-04-05 11:00:00,1442.94,11,2,0,1421.99,1419.2233333333327,1389.3116666666665,1404.93
2023-04-05 12:00:00,1404.93,12,2,0,1442.94,1423.2866666666662,1404.3933333333334,1425.53
2023-04-05 13:00:00,1425.53,13,2,0,1404.93,1424.4666666666662,1412.926666666667,1389.52
2023-04-05 14:00:00,1389.52,14,2,0,1425.53,1406.6599999999992,1412.9416666666666,1370.57
2023-04-05 15:00:00,1370.57,15,2,0,1389.52,1395.206666666666,1409.2466666666667,1338.85
2023-04-05 16:00:00,1338.85,16,2,0,1370.57,1366.3133333333328,1395.39,1296.25
2023-04-05 17:00:00,1296.25,17,2,0,1338.85,1335.2233333333327,1370.9416666666666,1303.33
2023-04-05 18:00:00,1303.33,18,2,0,1296.25,1312.8099999999993,1354.0083333333332,1251.93
2023-04-05 19:00:00,1251.93,19,2,0,1303.33,1283.8366666666661,1325.075,1254.79
2023-04-05 20:00:00,1254.79,20,2,0,1251.93,1270.0166666666662,1302.6200000000001,1236.08
2023-04-05 21:00:00,1236.08,21,2,0,1254.79,1247.5999999999995,1280.205,1209.13
2023-04-05 22:00:00,1209.13,22,2,0,1236.08,1233.3333333333328,1258.585,1202.64
2023-04-05 23:00:00,1202.64,23,2,0,1209.13,1215.9499999999994,1242.9833333333333,1199.85
2023-04-06 00:00:00,1199.85,0,3,0,1202.64,1203.8733333333328,1225.7366666666667,1196.22
2023-04-06 01:00:00,1196.22,1,3,0,1199.85,1199.5699999999995,1216.4516666666666,1205.93
2023-04-06 02:00:00,1205.93,2,3,0,1196.22,1200.666666666666,1208.3083333333334,1249.9
2023-04-06 03:00:00,1249.9,3,3,0,1205.93,1217.3499999999995,1210.6116666666667,1275.78
2023-04-06 04:00:00,1275.78,4,3,0,1249.9,1243.8699999999992,1221.72,1317.26
2023-04-06 05:00:00,1317.26,5,3,0,1275.78,1280.9799999999993,1240.8233333333333,1368.92
2023-04-06 06:00:00,1368.92,6,3,0,1317.26,1320.6533333333327,1269.0016666666668,1354.46
2023-04-06 07:00:00,1354.46,7,3,0,1368.92,1346.8799999999994,1295.375,1394.0
2023-04-06 08:00:00,1394.0,8,3,0,1354.46,1372.4599999999994,1326.72,1413.87
2023-04-06 09:00:00,1413.87,9,3,0,1394.0,1387.4433333333327,1354.0483333333334,1422.97
2023-04-06 10:00:00,1422.97,10,3,0,1413.87,1410.2799999999995,1378.58,1415.97
2023-04-06 11:00:00,1415.97,11,3,0,1422.97,1417.6033333333326,1395.0316666666668,1443.75
2023-04-06 12:00:00,1443.75,12,3,0,1415.97,1427.5633333333328,1407.5033333333333,1429.19
2023-04-06 13:00:00,1429.19,13,3,0,1443.75,1429.636666666666,1419.9583333333333,1356.89
2023-04-06 14:00:00,1356.89,14,3,0,1429.19,1409.9433333333327,1413.7733333333333,1352.66
2023-04-06 15:00:00,1352.66,15,3,0,1356.89,1379.5799999999992,1403.5716666666667,1361.21
2023-04-06 16:00:00,1361.21,16,3,0,1352.66,1356.9199999999994,1393.2783333333334,1307.62
2023-04-06 17:00:00,1307.62,17,3,0,1361.21,1340.496666666666,1375.22,1303.96
2023-04-06 18:00:00,1303.96,18,3,0,1307.62,1324.2633333333326,1351.9216666666666,1289.24
2023-04-06 19:00:00,1289.24,19,3,0,1303.96,1300.2733333333326,1328.5966666666666,1232.47
2023-04-06 20:00:00,1232.47,20,3,0,1289.24,1275.2233333333327,1307.86,1188.63
2023-04-06 21:00:00,1188.63,21,3,0,1232.47,1236.7799999999995,1280.5216666666668,1183.79
2023-04-06 22:00:00,1183.79,22,3,0,1188.63,1201.6299999999994,1250.9516666666666,1189.69
2023-04-06 23:00:00,1189.69,23,3,0,1183.79,1187.3699999999994,1231.2966666666669,1170.98
2023-04-07 00:00:00,1170.98,0,4,0,1189.69,1181.486666666666,1209.1333333333334,1158.07
2023-04-07 01:00:00,1158.07,1,4,0,1170.98,1172.9133333333327,1187.2716666666665,1214.62
2023-04-07 02:00:00,1214.62,2,4,0,1158.07,1181.2233333333327,1184.2966666666669,1233.13
2023-04-07 03:00:00,1233.13,3,4,0,1214.62,1201.9399999999994,1191.7133333333334,1270.56
2023-04-07 04:00:00,1270.56,4,4,0,1233.13,1239.4366666666663,1206.175,1279.54
2023-04-07 05:00:00,1279.54,5,4,0,1270.56,1261.0766666666661,1221.1499999999999,1317.94
2023-04-07 06:00:00,1317.94,6,4,0,1279.54,1289.3466666666661,1245.6433333333334,1344.0
2023-04-07 07:00:00,1344.0,7,4,0,1317.94,1313.826666666666,1276.631666666667,1360.94
2023-04-07 08:00:00,1360.94,8,4,0,1344.0,1340.9599999999994,1301.0183333333332,1397.75
2023-04-07 09:00:00,1397.75,9,4,0,1360.94,1367.5633333333328,1328.455,1405.82
2023-04-07 10:00:00,1405.82,10,4,0,1397.75,1388.1699999999994,1350.9983333333332,1422.41
2023-04-07 11:00:00,1422.41,11,4,0,1405.82,1408.6599999999992,1374.8100000000002,1384.6
2023-04-07 12:00:00,1384.6,12,4,0,1422.41,1404.276666666666,1385.92,1392.94
2023-04-07 13:00:00,1392.94,13,4,0,1384.6,1399.9833333333327,1394.0766666666666,1396.72
2023-04-07 14:00:00,1396.72,14,4,0,1392.94,1391.4199999999994,1400.04,1374.43
2023-04-07 15:00:00,1374.43,15,4,0,1396.72,1388.0299999999995,1396.1533333333334,1353.36
2023-04-07 16:00:00,1353.36,16,4,0,1374.43,1374.8366666666661,1387.41,1325.5
2023-04-07 17:00:00,1325.5,17,4,0,1353.36,1351.0966666666661,1371.2583333333334,1300.92
2023-04-07 18:00:00,1300.92,18,4,0,1325.5,1326.5933333333326,1357.3116666666667,1234.72
2023-04-07 19:00:00,1234.72,19,4,0,1300.92,1287.0466666666662,1330.9416666666668,1200.55
2023-04-07 20:00:00,1200.55,20,4,0,1234.72,1245.396666666666,1298.2466666666667,1212.76
2023-04-07 21:00:00,1212.76,21,4,0,1200.55,1216.0099999999993,1271.3016666666665,1182.83
2023-04-07 22:00:00,1182.83,22,4,0,1212.76,1198.7133333333325,1242.88,1148.23
2023-04-07 23:00:00,1148.23,23,4,0,1182.83,1181.2733333333326,1213.335,1140.31
2023-04-08 00:00:00,1140.31,0,5,1,1148.23,1157.1233333333328,1186.5666666666666,1141.41
2023-04-08 01:00:00,1141.41,1,5,1,1140.31,1143.316666666666,1171.015,1168.73
2023-04-08 02:00:00,1168.73,2,5,1,1141.41,1150.1499999999994,1165.7116666666666,1180.67
2023-04-08 03:00:00,1180.67,3,5,1,1168.73,1163.6033333333328,1160.3633333333335,1245.5
2023-04-08 04:00:00,1245.5,4,5,1,1180.67,1198.2999999999995,1170.8083333333334,1263.93
2023-04-08 05:00:00,1263.93,5,5,1,1245.5,1230.0333333333328,1190.0916666666667,1312.63
2023-04-08 06:00:00,1312.63,6,5,1,1263.93,1274.0199999999995,1218.8116666666667,1309.73
2023-04-08 07:00:00,1309.73,7,5,1,1312.63,1295.4299999999994,1246.865,1359.67
2023-04-08 08:00:00,1359.67,8,5,1,1309.73,1327.3433333333326,1278.6883333333335,1376.13
2023-04-08 09:00:00,1376.13,9,5,1,1359.67,1348.5099999999993,1311.265,1400.27
2023-04-08 10:00:00,1400.27,10,5,1,1376.13,1378.6899999999996,1337.0600000000002,1410.64
2023-04-08 11:00:00,1410.64,11,5,1,1400.27,1395.6799999999996,1361.5116666666668,1387.16
2023-04-08 12:00:00,1387.16,12,5,1,1410.64,1399.3566666666663,1373.9333333333334,1348.43
2023-04-08 13:00:00,1348.43,13,5,1,1387.16,1382.076666666666,1380.3833333333334,1351.14
2023-04-08 14:00:00,1351.14,14,5,1,1348.43,1362.2433333333329,1378.9616666666668,1329.19
2023-04-08 15:00:00,1329.19,15,5,1,1351.14,1342.9199999999994,1371.1383333333333,1304.83
2023-04-08 16:00:00,1304.83,16,5,1,1329.19,1328.386666666666,1355.2316666666668,1278.69
2023-04-08 17:00:00,1278.69,17,5,1,1304.83,1304.236666666666,1333.24,1254.93
2023-04-08 18:00:00,1254.93,18,5,1,1278.69,1279.483333333333,1311.2016666666666,1211.72
2023-04-08 19:00:00,1211.72,19,5,1,1254.93,1248.446666666666,1288.4166666666667,1184.66
2023-04-08 20:00:00,1184.66,20,5,1,1211.72,1217.1033333333328,1260.67,1147.39
2023-04-08 21:00:00,1147.39,21,5,1,1184.66,1181.2566666666662,1230.3700000000001,1179.95
2023-04-08 22:00:00,1179.95,22,5,1,1147.39,1170.666666666666,1209.5566666666666,1197.61
2023-04-08 23:00:00,1197.61,23,5,1,1179.95,1174.9833333333327,1196.0433333333333,1141.0
2023-04-09 00:00:00,1141.0,0,6,1,1197.61,1172.8533333333326,1177.055,1146.94
2023-04-09 01:00:00,1146.94,1,6,1,1141.0,1161.8499999999995,1166.2583333333334,1181.21
2023-04-09 02:00:00,1181.21,2,6,1,1146.94,1156.383333333333,1165.6833333333334,1195.4
2023-04-09 03:00:00,1195.4,3,6,1,1181.21,1174.5166666666662,1173.6850000000002,1213.7
2023-04-09 04:00:00,1213.7,4,6,1,1195.4,1196.7699999999993,1179.3100000000002,1236.06
2023-04-09 05:00:00,1236.06,5,6,1,1213.7,1215.0533333333328,1185.7183333333332,1294.81
2023-04-09 06:00:00,1294.81,6,6,1,1236.06,1248.1899999999994,1211.3533333333332,1302.87
2023-04-09 07:00:00,1302.87,7,6,1,1294.81,1277.9133333333327,1237.3416666666667,1351.54
2023-04-09 08:00:00,1351.54,8,6,1,1302.87,1316.406666666666,1265.73,1356.28
2023-04-09 09:00:00,1356.28,9,6,1,1351.54,1336.8966666666659,1292.5433333333333,1370.65
2023-04-09 10:00:00,1370.65,10,6,1,1356.28,1359.4899999999996,1318.7016666666666,1385.38
2023-04-09 11:00:00,1385.38,11,6,1,1370.65,1370.7699999999995,1343.5883333333334,1379.51
2023-04-09 12:00:00,1379.51,12,6,1,1385.38,1378.513333333333,1357.705,1364.79
2023-04-09 13:00:00,1364.79,13,6,1,1379.51,1376.5599999999995,1368.0249999999999,1340.03
2023-04-09 14:00:00,1340.03,14,6,1,1364.79,1361.4433333333327,1366.1066666666666,1350.83
2023-04-09 15:00:00,1350.83,15,6,1,1340.03,1351.8833333333325,1365.1983333333335,1291.88
2023-04-09 16:00:00,1291.88,16,6,1,1350.83,1327.5799999999992,1352.07,1265.72
2023-04-09 17:00:00,1265.72,17,6,1,1291.88,1302.8099999999995,1332.1266666666666,1259.31
2023-04-09 18:00:00,1259.31,18,6,1,1265.72,1272.3033333333328,1312.0933333333335,1213.47
2023-04-09 19:00:00,1213.47,19,6,1,1259.31,1246.166666666666,1286.8733333333332,1210.65
2023-04-09 20:00:00,1210.65,20,6,1,1213.47,1227.8099999999995,1265.31,1169.41
2023-04-09 21:00:00,1169.41,21,6,1,1210.65,1197.8433333333328,1235.0733333333335,1169.77
2023-04-09 22:00:00,1169.77,22,6,1,1169.41,1183.2766666666662,1214.7216666666666,1158.89
2023-04-09 23:00:00,1158.89,23,6,1,1169.77,1166.0233333333329,1196.9166666666667,1165.63
2023-04-10 00:00:00,1165.63,0,0,0,1158.89,1164.7633333333326,1181.3033333333333,1199.08
2023-04-10 01:00:00,1199.08,1,0,0,1165.63,1174.5333333333328,1178.905,1238.94
2023-04-10 02:00:00,1238.94,2,0,0,1199.08,1201.216666666666,1183.6200000000001,1222.79
2023-04-10 03:00:00,1222.79,3,0,0,1238.94,1220.2699999999993,1192.5166666666667,1266.79
2023-04-10 04:00:00,1266.79,4,0,0,1222.79,1242.8399999999992,1208.6866666666667,1288.48
2023-04-10 05:00:00,1288.48,5,0,0,1266.79,1259.3533333333328,1230.2849999999999,1328.61
2023-04-10 06:00:00,1328.61,6,0,0,1288.48,1294.626666666666,1257.4483333333335,1365.81
2023-04-10 07:00:00,1365.81,7,0,0,1328.61,1327.6333333333328,1285.2366666666667,1389.28
2023-04-10 08:00:00,1389.28,8,0,0,1365.81,1361.2333333333327,1310.2933333333333,1398.46
2023-04-10 09:00:00,1398.46,9,0,0,1389.28,1384.5166666666662,1339.5716666666667,1445.63
2023-04-10 10:00:00,1445.63,10,0,0,1398.46,1411.1233333333328,1369.3783333333333,1431.11
2023-04-10 11:00:00,1431.11,11,0,0,1445.63,1425.0666666666664,1393.1499999999999,1421.01
2023-04-10 12:00:00,1421.01,12,0,0,1431.11,1432.5833333333328,1408.55,1421.82
2023-04-10 13:00:00,1421.82,13,0,0,1421.01,1424.6466666666663,1417.885,1405.79
2023-04-10 14:00:00,1405.79,14,0,0,1421.82,1416.206666666666,1420.6366666666665,1363.82
2023-04-10 15:00:00,1363.82,15,0,0,1405.79,1397.1433333333325,1414.8633333333335,1354.02
2023-04-10 16:00:00,1354.02,16,0,0,1363.82,1374.5433333333328,1399.595,1283.1
2023-04-10 17:00:00,1283.1,17,0,0,1354.02,1333.6466666666659,1374.9266666666665,1266.81
2023-04-10 18:00:00,1266.81,18,0,0,1283.1,1301.3099999999995,1349.2266666666665,1236.61
2023-04-10 19:00:00,1236.61,19,0,0,1266.81,1262.1733333333325,1318.3583333333333,1198.33
2023-04-10 20:00:00,1198.33,20,0,0,1236.61,1233.916666666666,1283.7816666666665,1226.09
2023-04-10 21:00:00,1226.09,21,0,0,1198.33,1220.3433333333326,1260.8266666666666,1173.39
2023-04-10 22:00:00,1173.39,22,0,0,1226.09,1199.2699999999993,1230.7216666666666,1178.97
2023-04-10 23:00:00,1178.97,23,0,0,1173.39,1192.816666666666,1213.3666666666666,1157.04
2023-04-11 00:00:00,1157.04,0,1,0,1178.97,1169.7999999999993,1195.0716666666665,1196.75
2023-04-11 01:00:00,1196.75,1,1,0,1157.04,1177.5866666666661,1188.4283333333333,1223.04
2023-04-11 02:00:00,1223.04,2,1,0,1196.75,1192.276666666666,1192.5466666666666,1209.57
2023-04-11 03:00:00,1209.57,3,1,0,1223.04,1209.786666666666,1189.7933333333333,1247.86
2023-04-11 04:00:00,1247.86,4,1,0,1209.57,1226.8233333333326,1202.205,1277.71
2023-04-11 05:00:00,1277.71,5,1,0,1247.86,1245.046666666666,1218.6616666666666,1318.82
2023-04-11 06:00:00,1318.82,6,1,0,1277.71,1281.4633333333327,1245.625,1368.18
2023-04-11 07:00:00,1368.18,7,1,0,1318.82,1321.5699999999995,1274.1966666666667,1376.12
2023-04-11 08:00:00,1376.12,8,1,0,1368.18,1354.3733333333328,1299.71,1394.18
2023-04-11 09:00:00,1394.18,9,1,0,1376.12,1379.4933333333327,1330.4783333333332,1446.3
2023-04-11 10:00:00,1446.3,10,1,0,1394.18,1405.5333333333326,1363.5516666666667,1455.56
2023-04-11 11:00:00,1455.56,11,1,0,1446.3,1432.0133333333326,1393.1933333333334,1412.85
2023-04-11 12:00:00,1412.85,12,1,0,1455.56,1438.236666666666,1408.8649999999998,1401.93
2023-04-11 13:00:00,1401.93,13,1,0,1412.85,1423.446666666666,1414.4899999999998,1403.61
2023-04-11 14:00:00,1403.61,14,1,0,1401.93,1406.1299999999994,1419.0716666666667,1380.88
2023-04-11 15:00:00,1380.88,15,1,0,1403.61,1395.4733333333327,1416.8550000000002,1365.6
2023-04-11 16:00:00,1365.6,16,1,0,1380.88,1383.3633333333328,1403.405,1342.96
2023-04-11 17:00:00,1342.96,17,1,0,1365.6,1363.1466666666663,1384.6383333333333,1243.57
2023-04-11 18:00:00,1243.57,18,1,0,1342.96,1317.376666666666,1356.425,1240.19
2023-04-11 19:00:00,1240.19,19,1,0,1243.57,1275.5733333333326,1329.4683333333332,1224.05
2023-04-11 20:00:00,1224.05,20,1,0,1240.19,1235.9366666666663,1299.5416666666667,1180.43
2023-04-11 21:00:00,1180.43,21,1,0,1224.05,1214.8899999999994,1266.1333333333334,1187.49
2023-04-11 22:00:00,1187.49,22,1,0,1180.43,1197.3233333333328,1236.4483333333335,1214.32
2023-04-11 23:00:00,1214.32,23,1,0,1187.49,1194.0799999999992,1215.0083333333332,1162.78
2023-04-12 00:00:00,1162.78,0,2,0,1214.32,1188.196666666666,1201.5433333333333,1196.88
2023-04-12 01:00:00,1196.88,1,2,0,1162.78,1191.3266666666661,1194.325,1213.03
2023-04-12 02:00:00,1213.03,2,2,0,1196.88,1190.896666666666,1192.4883333333335,1206.9
2023-04-12 03:00:00,1206.9,3,2,0,1213.03,1205.6033333333328,1196.8999999999999,1263.23
2023-04-12 04:00:00,1263.23,4,2,0,1206.9,1227.7199999999996,1209.5233333333333,1272.09
2023-04-12 05:00:00,1272.09,5,2,0,1263.23,1247.406666666666,1219.1516666666666,1324.92
2023-04-12 06:00:00,1324.92,6,2,0,1272.09,1286.746666666666,1246.175,1362.64
2023-04-12 07:00:00,1362.64,7,2,0,1324.92,1319.8833333333328,1273.8016666666667,1376.87
2023-04-12 08:00:00,1376.87,8,2,0,1362.64,1354.8099999999995,1301.1083333333333,1383.93
2023-04-12 09:00:00,1383.93,9,2,0,1376.87,1374.4799999999996,1330.6133333333335,1415.16
2023-04-12 10:00:00,1415.16,10,2,0,1383.93,1391.986666666666,1355.935,1430.73
2023-04-12 11:00:00,1430.73,11,2,0,1415.16,1409.9399999999994,1382.375,1426.07
2023-04-12 12:00:00,1426.07,12,2,0,1430.73,1423.986666666666,1399.2333333333336,1422.8
2023-04-12 13:00:00,1422.8,13,2,0,1426.07,1426.5333333333328,1409.26,1403.52
2023-04-12 14:00:00,1403.52,14,2,0,1422.8,1417.4633333333325,1413.7016666666668,1369.21
2023-04-12 15:00:00,1369.21,15,2,0,1403.52,1398.5099999999995,1411.2483333333332,1343.94
2023-04-12 16:00:00,1343.94,16,2,0,1369.21,1372.2233333333327,1399.3783333333333,1291.6
2023-04-12 17:00:00,1291.6,17,2,0,1343.94,1334.916666666666,1376.1899999999998,1256.69
2023-04-12 18:00:00,1256.69,18,2,0,1291.6,1297.4099999999994,1347.96,1265.09
2023-04-12 19:00:00,1265.09,19,2,0,1256.69,1271.126666666666,1321.675,1230.54
2023-04-12 20:00:00,1230.54,20,2,0,1265.09,1250.7733333333326,1292.845,1181.6
2023-04-12 21:00:00,1181.6,21,2,0,1230.54,1225.7433333333327,1261.5766666666666,1193.29
2023-04-12 22:00:00,1193.29,22,2,0,1181.6,1201.8099999999993,1236.4683333333332,1202.03
2023-04-12 23:00:00,1202.03,23,2,0,1193.29,1192.306666666666,1221.54,1179.3
2023-04-13 00:00:00,1179.3,0,3,0,1202.03,1191.5399999999993,1208.6416666666667,1183.37
2023-04-13 01:00:00,1183.37,1,3,0,1179.3,1188.2333333333327,1195.0216666666668,1212.12
2023-04-13 02:00:00,1212.12,2,3,0,1183.37,1191.5966666666661,1191.9516666666666,1241.05
2023-04-13 03:00:00,1241.05,3,3,0,1212.12,1212.1799999999992,1201.86,1205.54
2023-04-13 04:00:00,1205.54,4,3,0,1241.05,1219.5699999999995,1203.9016666666666,1330.64
2023-04-13 05:00:00,1330.64,5,3,0,1205.54,1259.0766666666661,1225.3366666666668,1297.85
2023-04-13 06:00:00,1297.85,6,3,0,1330.64,1278.0099999999993,1245.095,1366.34
2023-04-13 07:00:00,1366.34,7,3,0,1297.85,1331.6099999999994,1275.59,1368.55
2023-04-13 08:00:00,1368.55,8,3,0,1366.34,1344.246666666666,1301.6616666666666,1430.07
2023-04-13 09:00:00,1430.07,9,3,0,1368.55,1388.3199999999995,1333.165,1399.36
2023-04-13 10:00:00,1399.36,10,3,0,1430.07,1399.326666666666,1365.4683333333332,1390.3
2023-04-13 11:00:00,1390.3,11,3,0,1399.36,1406.576666666666,1375.4116666666666,1427.33
2023-04-13 12:00:00,1427.33,12,3,0,1390.3,1405.6633333333327,1396.9916666666666,1407.25
2023-04-13 13:00:00,1407.25,13,3,0,1427.33,1408.2933333333328,1403.8099999999997,1394.93
2023-04-13 14:00:00,1394.93,14,3,0,1407.25,1409.8366666666661,1408.2066666666667,1382.03
2023-04-13 15:00:00,1382.03,15,3,0,1394.93,1394.736666666666,1400.1999999999998,1332.17
2023-04-13 16:00:00,1332.17,16,3,0,1382.03,1369.7099999999994,1389.0016666666668,1288.27
2023-04-13 17:00:00,1288.27,17,3,0,1332.17,1334.156666666666,1371.9966666666667,1297.22
2023-04-13 18:00:00,1297.22,18,3,0,1288.27,1305.886666666666,1350.3116666666667,1235.16
2023-04-13 19:00:00,1235.16,19,3,0,1297.22,1273.5499999999995,1321.6299999999999,1196.23
2023-04-13 20:00:00,1196.23,20,3,0,1235.16,1242.8699999999994,1288.5133333333335,1244.76
2023-04-13 21:00:00,1244.76,21,3,0,1196.23,1225.383333333333,1265.635,1158.72
2023-04-13 22:00:00,1158.72,22,3,0,1244.76,1199.9033333333327,1236.7266666666667,1170.43
2023-04-13 23:00:00,1170.43,23,3,0,1158.72,1191.3033333333326,1217.0866666666668,1199.05
2023-04-14 00:00:00,1199.05,0,4,0,1170.43,1176.066666666666,1200.7250000000001,1217.05
2023-04-14 01:00:00,1217.05,1,4,0,1199.05,1195.5099999999993,1197.7066666666667,1195.82
2023-04-14 02:00:00,1195.82,2,4,0,1217.05,1203.9733333333327,1197.6383333333333,1214.21
2023-04-14 03:00:00,1214.21,3,4,0,1195.82,1209.026666666666,1192.5466666666666,1265.57
2023-04-14 04:00:00,1265.57,4,4,0,1214.21,1225.1999999999991,1210.355,1279.86
2023-04-14 05:00:00,1279.86,5,4,0,1265.57,1253.2133333333327,1228.5933333333332,1331.84
2023-04-14 06:00:00,1331.84,6,4,0,1279.86,1292.4233333333325,1250.725,1353.39
2023-04-14 07:00:00,1353.39,7,4,0,1331.84,1321.696666666666,1273.4483333333333,1406.22
2023-04-14 08:00:00,1406.22,8,4,0,1353.39,1363.816666666666,1308.515,1383.34
2023-04-14 09:00:00,1383.34,9,4,0,1406.22,1380.9833333333327,1336.7033333333331,1415.29
2023-04-14 10:00:00,1415.29,10,4,0,1383.34,1401.616666666666,1361.6566666666665,1436.29
2023-04-14 11:00:00,1436.29,11,4,0,1415.29,1411.6399999999994,1387.7283333333335,1440.81
2023-04-14 12:00:00,1440.81,12,4,0,1436.29,1430.796666666666,1405.89,1392.86
2023-04-14 13:00:00,1392.86,13,4,0,1440.81,1423.3199999999995,1412.4683333333332,1398.31
2023-04-14 14:00:00,1398.31,14,4,0,1392.86,1410.6599999999992,1411.1499999999999,1393.08
2023-04-14 15:00:00,1393.08,15,4,0,1398.31,1394.7499999999993,1412.7733333333333,1369.75
2023-04-14 16:00:00,1369.75,16,4,0,1393.08,1387.0466666666662,1405.1833333333334,1319.61
2023-04-14 17:00:00,1319.61,17,4,0,1369.75,1360.8133333333326,1385.7366666666667,1292.42
2023-04-14 18:00:00,1292.42,18,4,0,1319.61,1327.2599999999993,1361.0049999999999,1265.47
2023-04-14 19:00:00,1265.47,19,4,0,1292.42,1292.4999999999993,1339.7733333333333,1187.53
2023-04-14 20:00:00,1187.53,20,4,0,1265.47,1248.4733333333327,1304.6433333333334,1195.93
2023-04-14 21:00:00,1195.93,21,4,0,1187.53,1216.3099999999995,1271.785,1196.13
2023-04-14 22:00:00,1196.13,22,4,0,1195.93,1193.196666666666,1242.8483333333334,1158.95
2023-04-14 23:00:00,1158.95,23,4,0,1196.13,1183.6699999999994,1216.0716666666667,1104.34
2023-04-15 00:00:00,1104.34,0,5,1,1158.95,1153.1399999999994,1184.7250000000001,1189.04
2023-04-15 01:00:00,1189.04,1,5,1,1104.34,1150.776666666666,1171.9866666666667,1172.33
2023-04-15 02:00:00,1172.33,2,5,1,1189.04,1155.236666666666,1169.4533333333331,1222.06
2023-04-15 03:00:00,1222.06,3,5,1,1172.33,1194.4766666666658,1173.8083333333332,1202.97
2023-04-15 04:00:00,1202.97,4,5,1,1222.06,1199.1199999999992,1174.9483333333333,1269.47
2023-04-15 05:00:00,1269.47,5,5,1,1202.97,1231.4999999999993,1193.368333333333,1274.52
2023-04-15 06:00:00,1274.52,6,5,1,1269.47,1248.986666666666,1221.7316666666666,1339.38
2023-04-15 07:00:00,1339.38,7,5,1,1274.52,1294.456666666666,1246.7883333333334,1363.23
2023-04-15 08:00:00,1363.23,8,5,1,1339.38,1325.7099999999994,1278.6049999999998,1370.69
2023-04-15 09:00:00,1370.69,9,5,1,1363.23,1357.7666666666662,1303.3766666666668,1384.73
2023-04-15 10:00:00,1384.73,10,5,1,1370.69,1372.883333333333,1333.67,1410.96
2023-04-15 11:00:00,1410.96,11,5,1,1384.73,1388.7933333333328,1357.2516666666668,1376.0
2023-04-15 12:00:00,1376.0,12,5,1,1410.96,1390.5633333333328,1374.165,1407.31
2023-04-15 13:00:00,1407.31,13,5,1,1376.0,1398.0899999999992,1385.4866666666667,1336.3
2023-04-15 14:00:00,1336.3,14,5,1,1407.31,1373.2033333333327,1380.9983333333332,1355.86
2023-04-15 15:00:00,1355.86,15,5,1,1336.3,1366.489999999999,1378.5266666666666,1319.49
2023-04-15 16:00:00,1319.49,16,5,1,1355.86,1337.216666666666,1367.6533333333334,1296.93
2023-04-15 17:00:00,1296.93,17,5,1,1319.49,1324.0933333333326,1348.6483333333333,1221.13
2023-04-15 18:00:00,1221.13,18,5,1,1296.93,1279.1833333333327,1322.8366666666666,1226.49
2023-04-15 19:00:00,1226.49,19,5,1,1221.13,1248.1833333333327,1292.7,1210.08
2023-04-15 20:00:00,1210.08,20,5,1,1226.49,1219.2333333333327,1271.6633333333332,1173.93
2023-04-15 21:00:00,1173.93,21,5,1,1210.08,1203.4999999999993,1241.3416666666667,1150.52
2023-04-15 22:00:00,1150.52,22,5,1,1173.93,1178.176666666666,1213.18,1117.16
2023-04-15 23:00:00,1117.16,23,5,1,1150.52,1147.2033333333327,1183.2183333333335,1152.14
2023-04-16 00:00:00,1152.14,0,6,1,1117.16,1139.9399999999996,1171.72,1181.4
2023-04-16 01:00:00,1181.4,1,6,1,1152.14,1150.2333333333327,1164.2050000000002,1162.63
2023-04-16 02:00:00,1162.63,2,6,1,1181.4,1165.3899999999994,1156.2966666666669,1198.22
2023-04-16 03:00:00,1198.22,3,6,1,1162.63,1180.7499999999993,1160.345,1236.06
2023-04-16 04:00:00,1236.06,4,6,1,1198.22,1198.9699999999996,1174.6016666666667,1295.58
2023-04-16 05:00:00,1295.58,5,6,1,1236.06,1243.286666666666,1204.3383333333334,1282.14
2023-04-16 06:00:00,1282.14,6,6,1,1295.58,1271.2599999999993,1226.0049999999999,1302.05
2023-04-16 07:00:00,1302.05,7,6,1,1282.14,1293.256666666666,1246.1133333333335,1373.33
2023-04-16 08:00:00,1373.33,8,6,1,1302.05,1319.1733333333327,1281.23,1376.2
2023-04-16 09:00:00,1376.2,9,6,1,1373.33,1350.526666666666,1310.8933333333332,1362.69
2023-04-16 10:00:00,1362.69,10,6,1,1376.2,1370.7399999999996,1331.9983333333332,1366.56
2023-04-16 11:00:00,1366.56,11,6,1,1362.69,1368.4833333333327,1343.8283333333334,1402.77
2023-04-16 12:00:00,1402.77,12,6,1,1366.56,1377.3399999999995,1363.9333333333334,1389.87
2023-04-16 13:00:00,1389.87,13,6,1,1402.77,1386.3999999999994,1378.57,1385.69
2023-04-16 14:00:00,1385.69,14,6,1,1389.87,1392.776666666666,1380.6299999999999,1338.18
2023-04-16 15:00:00,1338.18,15,6,1,1385.69,1371.246666666666,1374.2933333333333,1297.69
2023-04-16 16:00:00,1297.69,16,6,1,1338.18,1340.5199999999993,1363.4599999999998,1309.37
2023-04-16 17:00:00,1309.37,17,6,1,1297.69,1315.0799999999992,1353.9283333333333,1231.63
2023-04-16 18:00:00,1231.63,18,6,1,1309.37,1279.5633333333328,1325.405,1205.87
2023-04-16 19:00:00,1205.87,19,6,1,1231.63,1248.956666666666,1294.7383333333332,1205.29
2023-04-16 20:00:00,1205.29,20,6,1,1205.87,1214.2633333333326,1264.6716666666666,1198.78
2023-04-16 21:00:00,1198.78,21,6,1,1205.29,1203.3133333333326,1241.4383333333333,1167.18
2023-04-16 22:00:00,1167.18,22,6,1,1198.78,1190.416666666666,1219.6866666666667,1175.35
2023-04-16 23:00:00,1175.35,23,6,1,1167.18,1180.436666666666,1197.3500000000001,1158.38
2023-04-17 00:00:00,1158.38,0,0,0,1175.35,1166.9699999999993,1185.1416666666667,1195.59
2023-04-17 01:00:00,1195.59,1,0,0,1158.38,1176.4399999999994,1183.4283333333333,1223.67
2023-04-17 02:00:00,1223.67,2,0,0,1195.59,1192.5466666666662,1186.4916666666668,1223.4
2023-04-17 03:00:00,1223.4,3,0,0,1223.67,1214.2199999999993,1190.595,1245.96
2023-04-17 04:00:00,1245.96,4,0,0,1223.4,1231.0099999999993,1203.7250000000001,1264.03
2023-04-17 05:00:00,1264.03,5,0,0,1245.96,1244.4633333333327,1218.5049999999999,1307.33
2023-04-17 06:00:00,1307.33,6,0,0,1264.03,1272.4399999999994,1243.33,1361.13
2023-04-17 07:00:00,1361.13,7,0,0,1307.33,1310.8299999999992,1270.9199999999998,1386.57
2023-04-17 08:00:00,1386.57,8,0,0,1361.13,1351.676666666666,1298.07,1401.55
2023-04-17 09:00:00,1401.55,9,0,0,1386.57,1383.0833333333328,1327.7616666666665,1461.73
2023-04-17 10:00:00,1461.73,10,0,0,1401.55,1416.616666666666,1363.7233333333334,1439.33
2023-04-17 11:00:00,1439.33,11,0,0,1461.73,1434.203333333333,1392.9399999999998,1456.86
2023-04-17 12:00:00,1456.86,12,0,0,1439.33,1452.6399999999994,1417.8616666666667,1424.24
2023-04-17 13:00:00,1424.24,13,0,0,1456.86,1440.1433333333327,1428.38,1390.92
2023-04-17 14:00:00,1390.92,14,0,0,1424.24,1424.0066666666662,1429.1050000000002,1367.51
2023-04-17 15:00:00,1367.51,15,0,0,1390.92,1394.2233333333327,1423.4316666666666,1324.06
2023-04-17 16:00:00,1324.06,16,0,0,1367.51,1360.8299999999992,1400.4866666666667,1292.15
2023-04-17 17:00:00,1292.15,17,0,0,1324.06,1327.906666666666,1375.9566666666667,1272.55
2023-04-17 18:00:00,1272.55,18,0,0,1292.15,1296.2533333333326,1345.2383333333335,1257.1
2023-04-17 19:00:00,1257.1,19,0,0,1272.55,1273.9333333333327,1317.3816666666667,1208.22
2023-04-17 20:00:00,1208.22,20,0,0,1257.1,1245.956666666666,1286.9316666666666,1166.89
2023-04-17 21:00:00,1166.89,21,0,0,1208.22,1210.736666666666,1253.4950000000001,1214.64
2023-04-17 22:00:00,1214.64,22,0,0,1166.89,1196.5833333333328,1235.2583333333332,1177.31
2023-04-17 23:00:00,1177.31,23,0,0,1214.64,1186.2799999999995,1216.1183333333333,1201.69
2023-04-18 00:00:00,1201.69,0,1,0,1177.31,1197.8799999999994,1204.3083333333334,1196.45
2023-04-18 01:00:00,1196.45,1,1,0,1201.69,1191.816666666666,1194.2,1218.78
2023-04-18 02:00:00,1218.78,2,1,0,1196.45,1205.6399999999994,1195.96,1235.55
2023-04-18 03:00:00,1235.55,3,1,0,1218.78,1216.926666666666,1207.4033333333334,1274.01
2023-04-18 04:00:00,1274.01,4,1,0,1235.55,1242.7799999999995,1217.2983333333334,1281.62
2023-04-18 05:00:00,1281.62,5,1,0,1274.01,1263.7266666666662,1234.6833333333334,1294.51
2023-04-18 06:00:00,1294.51,6,1,0,1281.62,1283.3799999999994,1250.1533333333332,1371.65
2023-04-18 07:00:00,1371.65,7,1,0,1294.51,1315.926666666666,1279.3533333333332,1362.51
2023-04-18 08:00:00,1362.51,8,1,0,1371.65,1342.8899999999994,1303.3083333333334,1385.47
2023-04-18 09:00:00,1385.47,9,1,0,1362.51,1373.2099999999994,1328.2949999999998,1423.0
2023-04-18 10:00:00,1423.0,10,1,0,1385.47,1390.326666666666,1353.1266666666668,1439.8
2023-04-18 11:00:00,1439.8,11,1,0,1423.0,1416.0899999999992,1379.4899999999998,1410.34
2023-04-18 12:00:00,1410.34,12,1,0,1439.8,1424.3799999999992,1398.795,1405.67
2023-04-18 13:00:00,1405.67,13,1,0,1410.34,1418.6033333333326,1404.465,1431.94
2023-04-18 14:00:00,1431.94,14,1,0,1405.67,1415.9833333333327,1416.0366666666666,1366.48
2023-04-18 15:00:00,1366.48,15,1,0,1431.94,1401.3633333333328,1412.8716666666667,1346.16
2023-04-18 16:00:00,1346.16,16,1,0,1366.48,1381.526666666666,1400.0649999999998,1305.17
2023-04-18 17:00:00,1305.17,17,1,0,1346.16,1339.2699999999995,1377.6266666666668,1266.32
2023-04-18 18:00:00,1266.32,18,1,0,1305.17,1305.8833333333328,1353.6233333333332,1249.07
2023-04-18 19:00:00,1249.07,19,1,0,1266.32,1273.5199999999993,1327.5233333333333,1236.2
2023-04-18 20:00:00,1236.2,20,1,0,1249.07,1250.5299999999993,1294.9,1218.66
2023-04-18 21:00:00,1218.66,21,1,0,1236.2,1234.6433333333327,1270.2633333333333,1185.65
2023-04-18 22:00:00,1185.65,22,1,0,1218.66,1213.5033333333329,1243.5116666666665,1185.71
2023-04-18 23:00:00,1185.71,23,1,0,1185.65,1196.673333333333,1223.6016666666667,1169.93
2023-04-19 00:00:00,1169.93,0,2,0,1185.71,1180.4299999999996,1207.5366666666666,1177.14
2023-04-19 01:00:00,1177.14,1,2,0,1169.93,1177.593333333333,1195.5483333333334,1172.04
2023-04-19 02:00:00,1172.04,2,2,0,1177.14,1173.0366666666662,1184.855,1237.14
2023-04-19 03:00:00,1237.14,3,2,0,1172.04,1195.4399999999994,1187.9350000000002,1289.03
2023-04-19 04:00:00,1289.03,4,2,0,1237.14,1232.736666666666,1205.1650000000002,1294.7
2023-04-19 05:00:00,1294.7,5,2,0,1289.03,1273.6233333333328,1223.3300000000002,1349.14
2023-04-19 06:00:00,1349.14,6,2,0,1294.7,1310.956666666666,1253.1983333333335,1352.8
2023-04-19 07:00:00,1352.8,7,2,0,1349.14,1332.213333333333,1282.4750000000001,1370.06
2023-04-19 08:00:00,1370.06,8,2,0,1352.8,1357.3333333333328,1315.4783333333332,1403.98
2023-04-19 09:00:00,1403.98,9,2,0,1370.06,1375.6133333333328,1343.285,1401.02
2023-04-19 10:00:00,1401.02,10,2,0,1403.98,1391.6866666666658,1361.95,1439.72
2023-04-19 11:00:00,1439.72,11,2,0,1401.02,1414.906666666666,1386.1200000000001,1396.13
2023-04-19 12:00:00,1396.13,12,2,0,1439.72,1412.2899999999993,1393.9516666666666,1406.14
2023-04-19 13:00:00,1406.14,13,2,0,1396.13,1413.996666666666,1402.8416666666665,1390.61
2023-04-19 14:00:00,1390.61,14,2,0,1406.14,1397.626666666666,1406.2666666666667,1364.79
2023-04-19 15:00:00,1364.79,15,2,0,1390.61,1387.1799999999994,1399.735,1377.23
2023-04-19 16:00:00,1377.23,16,2,0,1364.79,1377.5433333333328,1395.7700000000002,1336.58
2023-04-19 17:00:00,1336.58,17,2,0,1377.23,1359.5333333333328,1378.58,1273.21
2023-04-19 18:00:00,1273.21,18,2,0,1336.58,1329.0066666666662,1358.0933333333332,1234.93
2023-04-19 19:00:00,1234.93,19,2,0,1273.21,1281.5733333333326,1329.5583333333332,1215.31
2023-04-19 20:00:00,1215.31,20,2,0,1234.93,1241.1499999999994,1300.3416666666667,1184.52
2023-04-19 21:00:00,1184.52,21,2,0,1215.31,1211.586666666666,1270.2966666666666,1213.74
2023-04-19 22:00:00,1213.74,22,2,0,1184.52,1204.5233333333326,1243.0483333333332,1197.26
2023-04-19 23:00:00,1197.26,23,2,0,1213.74,1198.506666666666,1219.8283333333331,1202.84
2023-04-20 00:00:00,1202.84,0,3,0,1197.26,1204.6133333333328,1208.1000000000001,1217.76
2023-04-20 01:00:00,1217.76,1,3,0,1202.84,1205.9533333333327,1205.2383333333335,1218.07
2023-04-20 02:00:00,1218.07,2,3,0,1217.76,1212.8899999999994,1205.6983333333333,1243.37
2023-04-20 03:00:00,1243.37,3,3,0,1218.07,1226.3999999999994,1215.5066666666667,1282.96
2023-04-20 04:00:00,1282.96,4,3,0,1243.37,1248.1333333333325,1227.0433333333333,1265.35
2023-04-20 05:00:00,1265.35,5,3,0,1282.96,1263.8933333333327,1238.3916666666667,1324.11
2023-04-20 06:00:00,1324.11,6,3,0,1265.35,1290.8066666666662,1258.6033333333332,1374.15
2023-04-20 07:00:00,1374.15,7,3,0,1324.11,1321.2033333333327,1284.6683333333333,1351.5
2023-04-20 08:00:00,1351.5,8,3,0,1374.15,1349.9199999999994,1306.9066666666665,1410.74
2023-04-20 09:00:00,1410.74,9,3,0,1351.5,1378.7966666666662,1334.8016666666665,1402.41
2023-04-20 10:00:00,1402.41,10,3,0,1410.74,1388.216666666666,1354.71,1405.5
2023-04-20 11:00:00,1405.5,11,3,0,1402.41,1406.216666666666,1378.0683333333334,1444.54
2023-04-20 12:00:00,1444.54,12,3,0,1405.5,1417.483333333333,1398.14,1404.44
2023-04-20 13:00:00,1404.44,13,3,0,1444.54,1418.1599999999992,1403.1883333333335,1364.48
2023-04-20 14:00:00,1364.48,14,3,0,1404.44,1404.486666666666,1405.3516666666667,1402.03
2023-04-20 15:00:00,1402.03,15,3,0,1364.48,1390.316666666666,1403.9000000000003,1323.74
2023-04-20 16:00:00,1323.74,16,3,0,1402.03,1363.416666666666,1390.7883333333332,1309.85
2023-04-20 17:00:00,1309.85,17,3,0,1323.74,1345.206666666666,1374.8466666666666,1277.21
2023-04-20 18:00:00,1277.21,18,3,0,1309.85,1303.5999999999995,1346.9583333333333,1226.31
2023-04-20 19:00:00,1226.31,19,3,0,1277.21,1271.1233333333328,1317.27,1179.83
2023-04-20 20:00:00,1179.83,20,3,0,1226.31,1227.7833333333326,1286.495,1208.81
2023-04-20 21:00:00,1208.81,21,3,0,1179.83,1204.9833333333327,1254.2916666666667,1174.27
2023-04-20 22:00:00,1174.27,22,3,0,1208.81,1187.636666666666,1229.3799999999999,1176.66
2023-04-20 23:00:00,1176.66,23,3,0,1174.27,1186.5799999999992,1207.1816666666666,1172.06
2023-04-21 00:00:00,1172.06,0,4,0,1176.66,1174.3299999999992,1189.6566666666665,1180.42
2023-04-21 01:00:00,1180.42,1,4,0,1172.06,1176.3799999999994,1182.0083333333334,1188.47
2023-04-21 02:00:00,1188.47,2,4,0,1180.42,1180.3166666666662,1183.4483333333335,1218.7
2023-04-21 03:00:00,1218.7,3,4,0,1188.47,1195.8633333333328,1185.0966666666666,1241.75
2023-04-21 04:00:00,1241.75,4,4,0,1218.7,1216.3066666666662,1196.3433333333335,1295.74
2023-04-21 05:00:00,1295.74,5,4,0,1241.75,1252.0633333333328,1216.1899999999998,1328.1
2023-04-21 06:00:00,1328.1,6,4,0,1295.74,1288.5299999999993,1242.1966666666667,1330.04
2023-04-21 07:00:00,1330.04,7,4,0,1328.1,1317.9599999999994,1267.1333333333334,1405.26
2023-04-21 08:00:00,1405.26,8,4,0,1330.04,1354.466666666666,1303.265,1396.25
2023-04-21 09:00:00,1396.25,9,4,0,1405.26,1377.1833333333327,1332.8566666666666,1424.18
2023-04-21 10:00:00,1424.18,10,4,0,1396.25,1408.5633333333328,1363.2616666666665,1423.99
2023-04-21 11:00:00,1423.99,11,4,0,1424.18,1414.8066666666662,1384.6366666666665,1410.84
2023-04-21 12:00:00,1410.84,12,4,0,1423.99,1419.6699999999994,1398.4266666666665,1368.83
2023-04-21 13:00:00,1368.83,13,4,0,1410.84,1401.2199999999993,1404.8916666666667,1393.82
2023-04-21 14:00:00,1393.82,14,4,0,1368.83,1391.1633333333327,1402.985,1374.59
2023-04-21 15:00:00,1374.59,15,4,0,1393.82,1379.0799999999992,1399.375,1334.96
2023-04-21 16:00:00,1334.96,16,4,0,1374.59,1367.7899999999993,1384.505,1291.16
2023-04-21 17:00:00,1291.16,17,4,0,1334.96,1333.5699999999995,1362.3666666666668,1247.72
2023-04-21 18:00:00,1247.72,18,4,0,1291.16,1291.2799999999995,1335.18,1259.18
2023-04-21 19:00:00,1259.18,19,4,0,1247.72,1266.0199999999995,1316.905,1247.79
2023-04-21 20:00:00,1247.79,20,4,0,1259.18,1251.5633333333328,1292.5666666666668,1188.15
2023-04-21 21:00:00,1188.15,21,4,0,1247.79,1231.706666666666,1261.4933333333336,1196.05
2023-04-21 22:00:00,1196.05,22,4,0,1188.15,1210.6633333333327,1238.3416666666667,1145.15
2023-04-21 23:00:00,1145.15,23,4,0,1196.05,1176.4499999999994,1214.0066666666667,1149.06
2023-04-22 00:00:00,1149.06,0,5,1,1145.15,1163.4199999999994,1197.5633333333333,1167.07
2023-04-22 01:00:00,1167.07,1,5,1,1149.06,1153.7599999999993,1182.2116666666668,1171.99
2023-04-22 02:00:00,1171.99,2,5,1,1167.07,1162.706666666666,1169.5783333333334,1197.68
2023-04-22 03:00:00,1197.68,3,5,1,1171.99,1178.9133333333327,1171.1666666666667,1216.97
2023-04-22 04:00:00,1216.97,4,5,1,1197.68,1195.5466666666662,1174.6533333333334,1276.94
2023-04-22 05:00:00,1276.94,5,5,1,1216.97,1230.5299999999995,1196.6183333333333,1288.42
2023-04-22 06:00:00,1288.42,6,5,1,1276.94,1260.776666666666,1219.845,1333.0
2023-04-22 07:00:00,1333.0,7,5,1,1288.42,1299.4533333333327,1247.5,1340.34
2023-04-22 08:00:00,1340.34,8,5,1,1333.0,1320.5866666666661,1275.5583333333334,1369.55
2023-04-22 09:00:00,1369.55,9,5,1,1340.34,1347.6299999999994,1304.2033333333331,1401.91
2023-04-22 10:00:00,1401.91,10,5,1,1369.55,1370.5999999999995,1335.0266666666666,1396.47
2023-04-22 11:00:00,1396.47,11,5,1,1401.91,1389.3099999999995,1354.9483333333333,1420.33
2023-04-22 12:00:00,1420.33,12,5,1,1396.47,1406.236666666666,1376.9333333333334,1363.41
2023-04-22 13:00:00,1363.41,13,5,1,1420.33,1393.4033333333327,1382.0016666666668,1346.7
2023-04-22 14:00:00,1346.7,14,5,1,1363.41,1376.8133333333328,1383.0616666666665,1317.28
2023-04-22 15:00:00,1317.28,15,5,1,1346.7,1342.463333333333,1374.3500000000001,1324.04
2023-04-22 16:00:00,1324.04,16,5,1,1317.28,1329.3399999999995,1361.3716666666667,1279.41
2023-04-22 17:00:00,1279.41,17,5,1,1324.04,1306.9099999999994,1341.8616666666667,1256.59
2023-04-22 18:00:00,1256.59,18,5,1,1279.41,1286.6799999999994,1314.5716666666667,1229.91
2023-04-22 19:00:00,1229.91,19,5,1,1256.59,1255.3033333333326,1292.3216666666667,1196.01
2023-04-22 20:00:00,1196.01,20,5,1,1229.91,1227.5033333333329,1267.2066666666667,1202.43
2023-04-22 21:00:00,1202.43,21,5,1,1196.01,1209.4499999999994,1248.065,1157.5
2023-04-22 22:00:00,1157.5,22,5,1,1202.43,1185.3133333333328,1220.3083333333334,1128.59
2023-04-22 23:00:00,1128.59,23,5,1,1157.5,1162.8399999999995,1195.1716666666669,1141.81
2023-04-23 00:00:00,1141.81,0,6,1,1128.59,1142.6333333333325,1176.0416666666667,1202.75
2023-04-23 01:00:00,1202.75,1,6,1,1141.81,1157.716666666666,1171.515,1194.56
2023-04-23 02:00:00,1194.56,2,6,1,1202.75,1179.706666666666,1171.2733333333333,1225.72
2023-04-23 03:00:00,1225.72,3,6,1,1194.56,1207.676666666666,1175.155,1245.93
2023-04-23 04:00:00,1245.93,4,6,1,1225.72,1222.0699999999995,1189.8933333333332,1273.78
2023-04-23 05:00:00,1273.78,5,6,1,1245.93,1248.4766666666662,1214.0916666666667,1279.86
2023-04-23 06:00:00,1279.86,6,6,1,1273.78,1266.5233333333326,1237.1000000000001,1380.28
2023-04-23 07:00:00,1380.28,7,6,1,1279.86,1311.306666666666,1266.6883333333333,1334.06
2023-04-23 08:00:00,1334.06,8,6,1,1380.28,1331.3999999999994,1289.9383333333333,1367.85
2023-04-23 09:00:00,1367.85,9,6,1,1334.06,1360.7299999999993,1313.6266666666668,1365.7
2023-04-23 10:00:00,1365.7,10,6,1,1367.85,1355.8699999999992,1333.5883333333334,1399.86
2023-04-23 11:00:00,1399.86,11,6,1,1365.7,1377.8033333333326,1354.6016666666667,1417.83
2023-04-23 12:00:00,1417.83,12,6,1,1399.86,1394.4633333333325,1377.5966666666666,1378.24
2023-04-23 13:00:00,1378.24,13,6,1,1417.83,1398.6433333333327,1377.2566666666664,1379.45
2023-04-23 14:00:00,1379.45,14,6,1,1378.24,1391.8399999999995,1384.8216666666667,1342.06
2023-04-23 15:00:00,1342.06,15,6,1,1379.45,1366.5833333333328,1380.5233333333333,1349.72
2023-04-23 16:00:00,1349.72,16,6,1,1342.06,1357.0766666666661,1377.86,1260.16
2023-04-23 17:00:00,1260.16,17,6,1,1349.72,1317.3133333333328,1354.5766666666666,1246.28
2023-04-23 18:00:00,1246.28,18,6,1,1260.16,1285.386666666666,1325.985,1220.96
2023-04-23 19:00:00,1220.96,19,6,1,1246.28,1242.466666666666,1299.7716666666668,1179.28
2023-04-23 20:00:00,1179.28,20,6,1,1220.96,1215.506666666666,1266.41,1196.44
2023-04-23 21:00:00,1196.44,21,6,1,1179.28,1198.8933333333327,1242.14,1173.52
2023-04-23 22:00:00,1173.52,22,6,1,1196.44,1183.0799999999995,1212.7733333333333,1163.03
2023-04-23 23:00:00,1163.03,23,6,1,1173.52,1177.6633333333327,1196.585,1172.55
2023-04-24 00:00:00,1172.55,0,0,0,1163.03,1169.6999999999994,1184.2966666666666,1177.72
2023-04-24 01:00:00,1177.72,1,0,0,1172.55,1171.0999999999995,1177.09,1199.88
2023-04-24 02:00:00,1199.88,2,0,0,1177.72,1183.383333333333,1180.5233333333333,1255.29
2023-04-24 03:00:00,1255.29,3,0,0,1199.88,1210.963333333333,1190.3316666666667,1245.82
2023-04-24 04:00:00,1245.82,4,0,0,1255.29,1233.6633333333327,1202.3816666666667,1295.54
2023-04-24 05:00:00,1295.54,5,0,0,1245.82,1265.5499999999993,1224.4666666666667,1340.43
2023-04-24 06:00:00,1340.43,6,0,0,1295.54,1293.9299999999994,1252.4466666666667,1327.75
2023-04-24 07:00:00,1327.75,7,0,0,1340.43,1321.2399999999996,1277.4516666666668,1415.5
2023-04-24 08:00:00,1415.5,8,0,0,1327.75,1361.2266666666662,1313.3883333333333,1417.35
2023-04-24 09:00:00,1417.35,9,0,0,1415.5,1386.8666666666659,1340.3983333333333,1431.19
2023-04-24 10:00:00,1431.19,10,0,0,1417.35,1421.3466666666661,1371.2933333333333,1443.34
2023-04-24 11:00:00,1443.34,11,0,0,1431.19,1430.6266666666659,1395.9266666666665,1412.2
2023-04-24 12:00:00,1412.2,12,0,0,1443.34,1428.9099999999996,1407.8883333333333,1402.75
2023-04-24 13:00:00,1402.75,13,0,0,1412.2,1419.4299999999994,1420.3883333333333,1391.87
2023-04-24 14:00:00,1391.87,14,0,0,1402.75,1402.2733333333326,1416.4499999999998,1354.01
2023-04-24 15:00:00,1354.01,15,0,0,1391.87,1382.876666666666,1405.8933333333334,1344.87
2023-04-24 16:00:00,1344.87,16,0,0,1354.01,1363.5833333333328,1391.5066666666664,1328.71
2023-04-24 17:00:00,1328.71,17,0,0,1344.87,1342.5299999999995,1372.4016666666666,1272.53
2023-04-24 18:00:00,1272.53,18,0,0,1328.71,1315.3699999999992,1349.1233333333332,1250.06
2023-04-24 19:00:00,1250.06,19,0,0,1272.53,1283.7666666666662,1323.675,1227.19
2023-04-24 20:00:00,1227.19,20,0,0,1250.06,1249.926666666666,1296.2283333333335,1187.95
2023-04-24 21:00:00,1187.95,21,0,0,1227.19,1221.733333333333,1268.5516666666667,1181.02
2023-04-24 22:00:00,1181.02,22,0,0,1187.95,1198.7199999999996,1241.2433333333333,1194.16
2023-04-24 23:00:00,1194.16,23,0,0,1181.02,1187.7099999999994,1218.8183333333334,1175.65
2023-04-25 00:00:00,1175.65,0,1,0,1194.16,1183.6099999999994,1202.6716666666666,1195.36
2023-04-25 01:00:00,1195.36,1,1,0,1175.65,1188.3899999999994,1193.555,1212.67
2023-04-25 02:00:00,1212.67,2,1,0,1195.36,1194.5599999999995,1191.135,1207.0
2023-04-25 03:00:00,1207.0,3,1,0,1212.67,1205.0099999999993,1194.31,1254.99
2023-04-25 04:00:00,1254.99,4,1,0,1207.0,1224.886666666666,1206.6383333333333,1319.95
2023-04-25 05:00:00,1319.95,5,1,0,1254.99,1260.646666666666,1227.6033333333335,1326.44
2023-04-25 06:00:00,1326.44,6,1,0,1319.95,1300.4599999999994,1252.735,1367.84
2023-04-25 07:00:00,1367.84,7,1,0,1326.44,1338.0766666666661,1281.4816666666668,1383.19
2023-04-25 08:00:00,1383.19,8,1,0,1367.84,1359.156666666666,1309.9016666666666,1439.76
2023-04-25 09:00:00,1439.76,9,1,0,1383.19,1396.9299999999994,1348.695,1426.8
2023-04-25 10:00:00,1426.8,10,1,0,1439.76,1416.5833333333328,1377.33,1391.33
2023-04-25 11:00:00,1391.33,11,1,0,1426.8,1419.2966666666662,1389.2266666666667,1419.14
2023-04-25 12:00:00,1419.14,12,1,0,1391.33,1412.423333333333,1404.6766666666665,1446.92
2023-04-25 13:00:00,1446.92,13,1,0,1419.14,1419.1299999999992,1417.8566666666666,1369.45
2023-04-25 14:00:00,1369.45,14,1,0,1446.92,1411.8366666666661,1415.5666666666666,1399.52
2023-04-25 15:00:00,1399.52,15,1,0,1369.45,1405.2966666666662,1408.86,1386.92
2023-04-25 16:00:00,1386.92,16,1,0,1399.52,1385.2966666666662,1402.2133333333334,1290.47
2023-04-25 17:00:00,1290.47,17,1,0,1386.92,1358.9699999999996,1385.4033333333334,1301.08
2023-04-25 18:00:00,1301.08,18,1,0,1290.47,1326.156666666666,1365.7266666666667,1229.37
2023-04-25 19:00:00,1229.37,19,1,0,1301.08,1273.6399999999994,1329.4683333333332,1230.22
2023-04-25 20:00:00,1230.22,20,1,0,1229.37,1253.5566666666662,1306.2633333333333,1198.49
2023-04-25 21:00:00,1198.49,21,1,0,1230.22,1219.3599999999994,1272.7583333333332,1191.6
2023-04-25 22:00:00,1191.6,22,1,0,1198.49,1206.7699999999993,1240.205,1161.67
2023-04-25 23:00:00,1161.67,23,1,0,1191.6,1183.9199999999994,1218.7383333333335,1207.52
2023-04-26 00:00:00,1207.52,0,2,0,1161.67,1186.9299999999994,1203.145,1179.01
2023-04-26 01:00:00,1179.01,1,2,0,1207.52,1182.7333333333327,1194.7516666666668,1202.26
2023-04-26 02:00:00,1202.26,2,2,0,1179.01,1196.2633333333326,1190.0916666666667,1233.68
2023-04-26 03:00:00,1233.68,3,2,0,1202.26,1204.9833333333327,1195.9566666666667,1245.22
2023-04-26 04:00:00,1245.22,4,2,0,1233.68,1227.0533333333326,1204.8933333333332,1292.19
2023-04-26 05:00:00,1292.19,5,2,0,1245.22,1257.0299999999995,1226.6466666666668,1324.46
2023-04-26 06:00:00,1324.46,6,2,0,1292.19,1287.2899999999993,1246.1366666666668,1338.43
2023-04-26 07:00:00,1338.43,7,2,0,1324.46,1318.3599999999994,1272.7066666666667,1357.02
2023-04-26 08:00:00,1357.02,8,2,0,1338.43,1339.9699999999993,1298.5,1394.37
2023-04-26 09:00:00,1394.37,9,2,0,1357.02,1363.2733333333326,1325.2816666666665,1397.12
2023-04-26 10:00:00,1397.12,10,2,0,1394.37,1382.836666666666,1350.5983333333334,1423.12
2023-04-26 11:00:00,1423.12,11,2,0,1397.12,1404.8699999999992,1372.42,1445.19
2023-04-26 12:00:00,1445.19,12,2,0,1423.12,1421.8099999999995,1392.5416666666667,1415.83
2023-04-26 13:00:00,1415.83,13,2,0,1445.19,1428.0466666666662,1405.4416666666666,1381.81
2023-04-26 14:00:00,1381.81,14,2,0,1415.83,1414.276666666666,1409.573333333333,1362.07
2023-04-26 15:00:00,1362.07,15,2,0,1381.81,1386.569999999999,1404.1899999999998,1323.5
2023-04-26 16:00:00,1323.5,16,2,0,1362.07,1355.7933333333326,1391.92,1315.46
2023-04-26 17:00:00,1315.46,17,2,0,1323.5,1333.676666666666,1373.9766666666667,1281.8
2023-04-26 18:00:00,1281.8,18,2,0,1315.46,1306.9199999999994,1346.745,1222.54
2023-04-26 19:00:00,1222.54,19,2,0,1281.8,1273.2666666666662,1314.53,1209.6
2023-04-26 20:00:00,1209.6,20,2,0,1222.54,1237.9799999999993,1285.8283333333331,1161.39
2023-04-26 21:00:00,1161.39,21,2,0,1209.6,1197.8433333333326,1252.3816666666667,1199.94
2023-04-26 22:00:00,1199.94,22,2,0,1161.39,1190.3099999999993,1231.7883333333334,1159.92
2023-04-26 23:00:00,1159.92,23,2,0,1199.94,1173.7499999999993,1205.865,1164.11
2023-04-27 00:00:00,1164.11,0,3,0,1159.92,1174.656666666666,1186.25,1225.46
2023-04-27 01:00:00,1225.46,1,3,0,1164.11,1183.1633333333327,1186.7366666666667,1197.71
2023-04-27 02:00:00,1197.71,2,3,0,1225.46,1195.7599999999993,1184.7549999999999,1255.34
2023-04-27 03:00:00,1255.34,3,3,0,1197.71,1226.1699999999994,1200.4133333333334,1250.23
2023-04-27 04:00:00,1250.23,4,3,0,1255.34,1234.426666666666,1208.7949999999998,1298.27
2023-04-27 05:00:00,1298.27,5,3,0,1250.23,1267.946666666666,1231.8533333333332,1317.72
2023-04-27 06:00:00,1317.72,6,3,0,1298.27,1288.7399999999996,1257.455,1332.58
2023-04-27 07:00:00,1332.58,7,3,0,1317.72,1316.1899999999994,1275.3083333333334,1390.16
2023-04-27 08:00:00,1390.16,8,3,0,1332.58,1346.8199999999995,1307.3833333333334,1397.2
2023-04-27 09:00:00,1397.2,9,3,0,1390.16,1373.3133333333326,1331.0266666666666,1401.9
2023-04-27 10:00:00,1401.9,10,3,0,1397.2,1396.4199999999994,1356.305,1445.56
2023-04-27 11:00:00,1445.56,11,3,0,1401.9,1414.886666666666,1380.8533333333332,1398.9
2023-04-27 12:00:00,1398.9,12,3,0,1445.56,1415.453333333333,1394.3833333333334,1397.05
2023-04-27 13:00:00,1397.05,13,3,0,1398.9,1413.8366666666661,1405.1283333333333,1396.17
2023-04-27 14:00:00,1396.17,14,3,0,1397.05,1397.373333333333,1406.13,1386.31
2023-04-27 15:00:00,1386.31,15,3,0,1396.17,1393.176666666666,1404.3149999999998,1338.87
2023-04-27 16:00:00,1338.87,16,3,0,1386.31,1373.7833333333328,1393.8100000000002,1281.18
2023-04-27 17:00:00,1281.18,17,3,0,1338.87,1335.4533333333327,1366.4133333333332,1283.34
2023-04-27 18:00:00,1283.34,18,3,0,1281.18,1301.1299999999994,1347.1533333333334,1240.07
2023-04-27 19:00:00,1240.07,19,3,0,1283.34,1268.196666666666,1320.99,1212.58
2023-04-27 20:00:00,1212.58,20,3,0,1240.07,1245.3299999999992,1290.3916666666667,1187.24
2023-04-27 21:00:00,1187.24,21,3,0,1212.58,1213.296666666666,1257.2133333333334,1207.19
2023-04-27 22:00:00,1207.19,22,3,0,1187.24,1202.336666666666,1235.2666666666667,1147.97
2023-04-27 23:00:00,1147.97,23,3,0,1207.19,1180.7999999999995,1213.065,1178.96
2023-04-28 00:00:00,1178.96,0,4,0,1147.97,1178.0399999999993,1195.6683333333333,1218.3
2023-04-28 01:00:00,1218.3,1,4,0,1178.96,1181.7433333333327,1192.0400000000002,1216.86
2023-04-28 02:00:00,1216.86,2,4,0,1218.3,1204.706666666666,1192.7533333333333,1235.5
2023-04-28 03:00:00,1235.5,3,4,0,1216.86,1223.5533333333326,1200.7966666666666,1263.25
2023-04-28 04:00:00,1263.25,4,4,0,1235.5,1238.536666666666,1210.14,1294.68
2023-04-28 05:00:00,1294.68,5,4,0,1263.25,1264.4766666666662,1234.5916666666667,1317.25
2023-04-28 06:00:00,1317.25,6,4,0,1294.68,1291.7266666666662,1257.64,1347.37
2023-04-28 07:00:00,1347.37,7,4,0,1317.25,1319.7666666666662,1279.1516666666666,1372.84
2023-04-28 08:00:00,1372.84,8,4,0,1347.37,1345.8199999999995,1305.1483333333333,1373.4
2023-04-28 09:00:00,1373.4,9,4,0,1372.84,1364.536666666666,1328.1316666666667,1422.54
2023-04-28 10:00:00,1422.54,10,4,0,1373.4,1389.5933333333326,1354.68,1445.55
2023-04-28 11:00:00,1445.55,11,4,0,1422.54,1413.8299999999992,1379.8249999999998,1368.93
2023-04-28 12:00:00,1368.93,12,4,0,1445.55,1412.3399999999995,1388.4383333333333,1411.24
2023-04-28 13:00:00,1411.24,13,4,0,1368.93,1408.5733333333328,1399.0833333333333,1406.37
2023-04-28 14:00:00,1406.37,14,4,0,1411.24,1395.5133333333326,1404.6716666666664,1365.63
2023-04-28 15:00:00,1365.63,15,4,0,1406.37,1394.4133333333327,1403.3766666666668,1348.55
2023-04-28 16:00:00,1348.55,16,4,0,1365.63,1373.5166666666662,1391.045,1305.42
2023-04-28 17:00:00,1305.42,17,4,0,1348.55,1339.866666666666,1367.6899999999998,1308.71
2023-04-28 18:00:00,1308.71,18,4,0,1305.42,1320.8933333333327,1357.6533333333334,1251.38
2023-04-28 19:00:00,1251.38,19,4,0,1308.71,1288.5033333333329,1331.01,1197.33
2023-04-28 20:00:00,1197.33,20,4,0,1251.38,1252.4733333333327,1296.17,1234.44
2023-04-28 21:00:00,1234.44,21,4,0,1197.33,1227.716666666666,1274.305,1228.18
2023-04-28 22:00:00,1228.18,22,4,0,1234.44,1219.9833333333327,1254.2433333333336,1236.97
2023-04-28 23:00:00,1236.97,23,4,0,1228.18,1233.196666666666,1242.835,1136.34
2023-04-29 00:00:00,1136.34,0,5,1,1236.97,1200.4966666666662,1214.1066666666666,1165.0
2023-04-29 01:00:00,1165.0,1,5,1,1136.34,1179.436666666666,1199.71,1200.64
2023-04-29 02:00:00,1200.64,2,5,1,1165.0,1167.3266666666661,1200.2616666666668,1219.35
2023-04-29 03:00:00,1219.35,3,5,1,1200.64,1194.996666666666,1197.7466666666667,1238.7
2023-04-29 04:00:00,1238.7,4,5,1,1219.35,1219.5633333333328,1199.5,1261.18
2023-04-29 05:00:00,1261.18,5,5,1,1238.7,1239.7433333333329,1203.535,1282.75
2023-04-29 06:00:00,1282.75,6,5,1,1261.18,1260.876666666666,1227.9366666666667,1321.64
2023-04-29 07:00:00,1321.64,7,5,1,1282.75,1288.5233333333329,1254.0433333333333,1343.96
2023-04-29 08:00:00,1343.96,8,5,1,1321.64,1316.116666666666,1277.93,1373.09
2023-04-29 09:00:00,1373.09,9,5,1,1343.96,1346.2299999999996,1303.5533333333333,1374.95
2023-04-29 10:00:00,1374.95,10,5,1,1373.09,1363.9999999999993,1326.2616666666665,1409.0
2023-04-29 11:00:00,1409.0,11,5,1,1374.95,1385.6799999999994,1350.8983333333333,1403.56
2023-04-29 12:00:00,1403.56,12,5,1,1409.0,1395.8366666666661,1371.033333333333,1350.33
2023-04-29 13:00:00,1350.33,13,5,1,1403.56,1387.6299999999992,1375.8149999999998,1336.18
2023-04-29 14:00:00,1336.18,14,5,1,1350.33,1363.356666666666,1374.5183333333334,1313.75
2023-04-29 15:00:00,1313.75,15,5,1,1336.18,1333.4199999999994,1364.6283333333333,1313.41
2023-04-29 16:00:00,1313.41,16,5,1,1313.75,1321.1133333333328,1354.3716666666667,1272.94
2023-04-29 17:00:00,1272.94,17,5,1,1313.41,1300.0333333333326,1331.695,1262.59
2023-04-29 18:00:00,1262.59,18,5,1,1272.94,1282.9799999999996,1308.2,1237.64
2023-04-29 19:00:00,1237.64,19,5,1,1262.59,1257.7233333333327,1289.4183333333333,1213.76
2023-04-29 20:00:00,1213.76,20,5,1,1237.64,1237.996666666666,1269.015,1168.92
2023-04-29 21:00:00,1168.92,21,5,1,1213.76,1206.7733333333326,1244.8766666666668,1158.36
2023-04-29 22:00:00,1158.36,22,5,1,1168.92,1180.3466666666661,1219.035,1148.65
2023-04-29 23:00:00,1148.65,23,5,1,1158.36,1158.6433333333327,1198.32,1152.16
2023-04-30 00:00:00,1152.16,0,6,1,1148.65,1153.0566666666662,1179.915,1158.41
2023-04-30 01:00:00,1158.41,1,6,1,1152.16,1153.0733333333328,1166.71,1113.0
2023-04-30 02:00:00,1113.0,2,6,1,1158.41,1141.1899999999994,1149.9166666666667,1230.48
2023-04-30 03:00:00,1230.48,3,6,1,1113.0,1167.296666666666,1160.1766666666665,1207.18
2023-04-30 04:00:00,1207.18,4,6,1,1230.48,1183.5533333333326,1168.3133333333333,1160.42
2023-04-30 05:00:00,1160.42,5,6,1,1207.18,1199.3599999999994,1170.275,1293.33
2023-04-30 06:00:00,1293.33,6,6,1,1160.42,1220.3099999999995,1193.8033333333333,1337.59
2023-04-30 07:00:00,1337.59,7,6,1,1293.33,1263.7799999999993,1223.6666666666667,1361.57
2023-04-30 08:00:00,1361.57,8,6,1,1337.59,1330.8299999999992,1265.095,1339.35
2023-04-30 09:00:00,1339.35,9,6,1,1361.57,1346.1699999999994,1283.24,1397.72
2023-04-30 10:00:00,1397.72,10,6,1,1339.35,1366.2133333333325,1314.9966666666667,1435.37
2023-04-30 11:00:00,1435.37,11,6,1,1397.72,1390.8133333333328,1360.8216666666665,1404.43
2023-04-30 12:00:00,1404.43,12,6,1,1435.37,1412.506666666666,1379.3383333333331,1412.57
2023-04-30 13:00:00,1412.57,13,6,1,1404.43,1417.456666666666,1391.835,1348.4
2023-04-30 14:00:00,1348.4,14,6,1,1412.57,1388.466666666666,1389.64,1327.7
2023-04-30 15:00:00,1327.7,15,6,1,1348.4,1362.8899999999994,1387.698333333333,1307.74
2023-04-30 16:00:00,1307.74,16,6,1,1327.7,1327.946666666666,1372.7016666666668,1270.73
2023-04-30 17:00:00,1270.73,17,6,1,1307.74,1302.0566666666662,1345.2616666666668,1264.46
2023-04-30 18:00:00,1264.46,18,6,1,1270.73,1280.9766666666662,1321.9333333333334,1204.66
2023-04-30 19:00:00,1204.66,19,6,1,1264.46,1246.616666666666,1287.2816666666668,1207.11
2023-04-30 20:00:00,1207.11,20,6,1,1204.66,1225.4099999999994,1263.7333333333333,1172.17
2023-04-30 21:00:00,1172.17,21,6,1,1207.11,1194.646666666666,1237.8116666666667,1122.95
2023-04-30 22:00:00,1122.95,22,6,1,1172.17,1167.4099999999992,1207.0133333333333,1151.29
2023-04-30 23:00:00,1151.29,23,6,1,1122.95,1148.8033333333326,1187.1066666666666,1224.76
2023-05-01 00:00:00,1224.76,0,0,0,1151.29,1166.3333333333328,1180.49,1234.44
2023-05-01 01:00:00,1234.44,1,0,0,1224.76,1203.4966666666662,1185.4533333333334,1260.68
2023-05-01 02:00:00,1260.68,2,0,0,1234.44,1239.9599999999994,1194.381666666667,1290.63
2023-05-01 03:00:00,1290.63,3,0,0,1260.68,1261.916666666666,1214.125,1285.09
2023-05-01 04:00:00,1285.09,4,0,0,1290.63,1278.7999999999995,1241.1483333333333,1355.65
2023-05-01 05:00:00,1355.65,5,0,0,1285.09,1310.4566666666663,1275.2083333333335,1377.53
2023-05-01 06:00:00,1377.53,6,0,0,1355.65,1339.4233333333325,1300.67,1396.4
2023-05-01 07:00:00,1396.4,7,0,0,1377.53,1376.526666666666,1327.6633333333332,1453.25
2023-05-01 08:00:00,1453.25,8,0,0,1396.4,1409.0599999999995,1359.7583333333332,1499.95
2023-05-01 09:00:00,1499.95,9,0,0,1453.25,1449.866666666666,1394.6450000000002,1482.71
2023-05-01 10:00:00,1482.71,10,0,0,1499.95,1478.636666666666,1427.5816666666667,1527.68
2023-05-01 11:00:00,1527.68,11,0,0,1482.71,1503.446666666666,1456.2533333333333,1517.4
2023-05-01 12:00:00,1517.4,12,0,0,1527.68,1509.2633333333326,1479.5649999999998,1483.51
2023-05-01 13:00:00,1483.51,13,0,0,1517.4,1509.5299999999995,1494.0833333333333,1499.42
2023-05-01 14:00:00,1499.42,14,0,0,1483.51,1500.1099999999994,1501.7783333333334,1464.2
2023-05-01 15:00:00,1464.2,15,0,0,1499.42,1482.376666666666,1495.82,1413.42
2023-05-01 16:00:00,1413.42,16,0,0,1464.2,1459.0133333333326,1484.2716666666668,1384.73
2023-05-01 17:00:00,1384.73,17,0,0,1413.42,1420.7833333333328,1460.4466666666667,1340.42
2023-05-01 18:00:00,1340.42,18,0,0,1384.73,1379.5233333333329,1430.95,1305.78
2023-05-01 19:00:00,1305.78,19,0,0,1340.42,1343.6433333333327,1401.3283333333331,1285.22
2023-05-01 20:00:00,1285.22,20,0,0,1305.78,1310.4733333333327,1365.6283333333333,1252.45
2023-05-01 21:00:00,1252.45,21,0,0,1285.22,1281.1499999999994,1330.3366666666668,1244.1
2023-05-01 22:00:00,1244.1,22,0,0,1252.45,1260.5899999999995,1302.1166666666666,1231.78
2023-05-01 23:00:00,1231.78,23,0,0,1244.1,1242.776666666666,1276.625,1239.35
2023-05-02 00:00:00,1239.35,0,1,0,1231.78,1238.4099999999992,1259.78,1264.75
2023-05-02 01:00:00,1264.75,1,1,0,1239.35,1245.2933333333328,1252.9416666666666,1255.98
2023-05-02 02:00:00,1255.98,2,1,0,1264.75,1253.3599999999994,1248.0683333333334,1302.75
2023-05-02 03:00:00,1302.75,3,1,0,1255.98,1274.4933333333327,1256.4516666666666,1288.65
2023-05-02 04:00:00,1288.65,4,1,0,1302.75,1282.4599999999994,1263.8766666666668,1394.37
2023-05-02 05:00:00,1394.37,5,1,0,1288.65,1328.5899999999995,1290.975,1372.89
2023-05-02 06:00:00,1372.89,6,1,0,1394.37,1351.9699999999996,1313.2316666666668,1455.73
2023-05-02 07:00:00,1455.73,7,1,0,1372.89,1407.6633333333327,1345.0616666666667,1453.47
2023-05-02 08:00:00,1453.47,8,1,0,1455.73,1427.3633333333328,1377.9766666666667,1505.08
2023-05-02 09:00:00,1505.08,9,1,0,1453.47,1471.426666666666,1411.698333333333,1521.01
2023-05-02 10:00:00,1521.01,10,1,0,1505.08,1493.1866666666658,1450.425,1516.88
2023-05-02 11:00:00,1516.88,11,1,0,1521.01,1514.3233333333326,1470.8433333333332,1502.51
2023-05-02 12:00:00,1502.51,12,1,0,1516.88,1513.466666666666,1492.4466666666667,1502.91
2023-05-02 13:00:00,1502.91,13,1,0,1502.51,1507.4333333333327,1500.3100000000002,1518.06
2023-05-02 14:00:00,1518.06,14,1,0,1502.91,1507.826666666666,1511.075,1440.71
2023-05-02 15:00:00,1440.71,15,1,0,1518.06,1487.2266666666662,1500.3466666666666,1418.47
2023-05-02 16:00:00,1418.47,16,1,0,1440.71,1459.0799999999992,1483.256666666667,1417.07
2023-05-02 17:00:00,1417.07,17,1,0,1418.47,1425.416666666666,1466.6216666666667,1351.95
2023-05-02 18:00:00,1351.95,18,1,0,1417.07,1395.8299999999992,1441.5283333333334,1326.77
2023-05-02 19:00:00,1326.77,19,1,0,1351.95,1365.2633333333326,1412.1716666666664,1272.26
2023-05-02 20:00:00,1272.26,20,1,0,1326.77,1316.9933333333327,1371.205,1257.12
2023-05-02 21:00:00,1257.12,21,1,0,1272.26,1285.3833333333325,1340.6066666666668,1235.34
2023-05-02 22:00:00,1235.34,22,1,0,1257.12,1254.906666666666,1310.085,1222.45
2023-05-02 23:00:00,1222.45,23,1,0,1235.34,1238.3033333333326,1277.6483333333333,1203.89
2023-05-03 00:00:00,1203.89,0,2,0,1222.45,1220.5599999999995,1252.9716666666666,1266.98
2023-05-03 01:00:00,1266.98,1,2,0,1203.89,1231.106666666666,1243.0066666666667,1270.31
2023-05-03 02:00:00,1270.31,2,2,0,1266.98,1247.0599999999995,1242.6816666666666,1296.0
2023-05-03 03:00:00,1296.0,3,2,0,1270.31,1277.7633333333326,1249.1616666666666,1316.61
2023-05-03 04:00:00,1316.61,4,2,0,1296.0,1294.3066666666662,1262.7066666666667,1346.23
2023-05-03 05:00:00,1346.23,5,2,0,1316.61,1319.6133333333325,1283.3366666666666,1356.41
2023-05-03 06:00:00,1356.41,6,2,0,1346.23,1339.7499999999993,1308.7566666666664,1429.97
2023-05-03 07:00:00,1429.97,7,2,0,1356.41,1377.5366666666662,1335.9216666666666,1454.04
2023-05-03 08:00:00,1454.04,8,2,0,1429.97,1413.4733333333327,1366.5433333333333,1477.24
2023-05-03 09:00:00,1477.24,9,2,0,1454.04,1453.7499999999993,1396.75,1498.85
2023-05-03 10:00:00,1498.85,10,2,0,1477.24,1476.7099999999994,1427.1233333333332,1500.39
2023-05-03 11:00:00,1500.39,11,2,0,1498.85,1492.1599999999992,1452.8166666666666,1496.94
2023-05-03 12:00:00,1496.94,12,2,0,1500.39,1498.7266666666662,1476.2383333333335,1475.31
2023-05-03 13:00:00,1475.31,13,2,0,1496.94,1490.8799999999992,1483.795,1469.74
2023-05-03 14:00:00,1469.74,14,2,0,1475.31,1480.6633333333327,1486.4116666666669,1428.47
2023-05-03 15:00:00,1428.47,15,2,0,1469.74,1457.8399999999995,1478.2833333333335,1435.6
2023-05-03 16:00:00,1435.6,16,2,0,1428.47,1444.6033333333326,1467.7416666666668,1367.63
2023-05-03 17:00:00,1367.63,17,2,0,1435.6,1410.5666666666664,1445.615,1317.7
2023-05-03 18:00:00,1317.7,18,2,0,1367.63,1373.6433333333327,1415.7416666666668,1318.74
2023-05-03 19:00:00,1318.74,19,2,0,1317.7,1334.6899999999994,1389.6466666666665,1248.54
2023-05-03 20:00:00,1248.54,20,2,0,1318.74,1294.9933333333327,1352.78,1282.46
2023-05-03 21:00:00,1282.46,21,2,0,1248.54,1283.246666666666,1328.445,1243.03
2023-05-03 22:00:00,1243.03,22,2,0,1282.46,1258.0099999999993,1296.3500000000001,1236.9
2023-05-03 23:00:00,1236.9,23,2,0,1243.03,1254.1299999999994,1274.5616666666667,1208.31
2023-05-04 00:00:00,1208.31,0,3,0,1236.9,1229.4133333333327,1256.33,1234.92
2023-05-04 01:00:00,1234.92,1,3,0,1208.31,1226.7099999999994,1242.36,1261.57
2023-05-04 02:00:00,1261.57,2,3,0,1234.92,1234.9333333333327,1244.5316666666665,1279.16
2023-05-04 03:00:00,1279.16,3,3,0,1261.57,1258.5499999999993,1243.9816666666666,1312.36
2023-05-04 04:00:00,1312.36,4,3,0,1279.16,1284.3633333333325,1255.5366666666666,1357.29
2023-05-04 05:00:00,1357.29,5,3,0,1312.36,1316.2699999999993,1275.6016666666667,1375.89
2023-05-04 06:00:00,1375.89,6,3,0,1357.29,1348.5133333333326,1303.5316666666668,1454.2
2023-05-04 07:00:00,1454.2,7,3,0,1375.89,1395.7933333333328,1340.0783333333334,1449.49
2023-05-04 08:00:00,1449.49,8,3,0,1454.2,1426.526666666666,1371.3983333333333,1472.5
2023-05-04 09:00:00,1472.5,9,3,0,1449.49,1458.7299999999993,1403.6216666666667,1518.36
2023-05-04 10:00:00,1518.36,10,3,0,1472.5,1480.116666666666,1437.955,1510.65
2023-05-04 11:00:00,1510.65,11,3,0,1518.36,1500.5033333333329,1463.515,1504.34
2023-05-04 12:00:00,1504.34,12,3,0,1510.65,1511.116666666666,1484.9233333333334,1480.98
2023-05-04 13:00:00,1480.98,13,3,0,1504.34,1498.656666666666,1489.3866666666665,1488.37
2023-05-04 14:00:00,1488.37,14,3,0,1480.98,1491.2299999999993,1495.8666666666668,1461.56
2023-05-04 15:00:00,1461.56,15,3,0,1488.37,1476.9699999999993,1494.0433333333333,1449.2
2023-05-04 16:00:00,1449.2,16,3,0,1461.56,1466.376666666666,1482.5166666666667,1405.23
2023-05-04 17:00:00,1405.23,17,3,0,1449.2,1438.6633333333327,1464.9466666666667,1348.05
2023-05-04 18:00:00,1348.05,18,3,0,1405.23,1400.826666666666,1438.8983333333333,1296.32
2023-05-04 19:00:00,1296.32,19,3,0,1348.05,1349.866666666666,1408.1216666666667,1292.28
2023-05-04 20:00:00,1292.28,20,3,0,1296.32,1312.216666666666,1375.4399999999998,1257.23
2023-05-04 21:00:00,1257.23,21,3,0,1292.28,1281.9433333333327,1341.385,1196.64
2023-05-04 22:00:00,1196.64,22,3,0,1257.23,1248.716666666666,1299.2916666666667,1246.96
2023-05-04 23:00:00,1246.96,23,3,0,1196.64,1233.6099999999994,1272.9133333333334,1198.1
2023-05-05 00:00:00,1198.1,0,4,0,1246.96,1213.8999999999994,1247.9216666666666,1171.51
2023-05-05 01:00:00,1171.51,1,4,0,1198.1,1205.5233333333326,1227.1200000000001,1274.17
2023-05-05 02:00:00,1274.17,2,4,0,1171.51,1214.5933333333326,1224.1016666666667,1284.23
2023-05-05 03:00:00,1284.23,3,4,0,1274.17,1243.3033333333326,1228.6016666666667,1309.24
2023-05-05 04:00:00,1309.24,4,4,0,1284.23,1289.2133333333327,1247.3683333333333,1348.32
2023-05-05 05:00:00,1348.32,5,4,0,1309.24,1313.9299999999994,1264.2616666666665,1403.41
2023-05-05 06:00:00,1403.41,6,4,0,1348.32,1353.656666666666,1298.48,1442.32
2023-05-05 07:00:00,1442.32,7,4,0,1403.41,1398.0166666666662,1343.615,1467.97
2023-05-05 08:00:00,1467.97,8,4,0,1442.32,1437.8999999999996,1375.915,1490.93
2023-05-05 09:00:00,1490.93,9,4,0,1467.97,1467.0733333333328,1410.365,1511.09
2023-05-05 10:00:00,1511.09,10,4,0,1490.93,1489.996666666666,1444.0066666666664,1521.19
2023-05-05 11:00:00,1521.19,11,4,0,1511.09,1507.736666666666,1472.8183333333334,1528.37
2023-05-05 12:00:00,1528.37,12,4,0,1521.19,1520.216666666666,1493.6450000000002,1495.95
2023-05-05 13:00:00,1495.95,13,4,0,1528.37,1515.1699999999994,1502.5833333333333,1475.35
2023-05-05 14:00:00,1475.35,14,4,0,1495.95,1499.8899999999994,1503.8133333333335,1464.06
2023-05-05 15:00:00,1464.06,15,4,0,1475.35,1478.4533333333327,1499.335,1399.98
2023-05-05 16:00:00,1399.98,16,4,0,1464.06,1446.463333333333,1480.8166666666666,1392.09
2023-05-05 17:00:00,1392.09,17,4,0,1399.98,1418.7099999999991,1459.3,1372.33
2023-05-05 18:00:00,1372.33,18,4,0,1392.09,1388.1333333333325,1433.2933333333333,1337.76
2023-05-05 19:00:00,1337.76,19,4,0,1372.33,1367.3933333333325,1406.9283333333333,1306.37
2023-05-05 20:00:00,1306.37,20,4,0,1337.76,1338.8199999999995,1378.765,1269.35
2023-05-05 21:00:00,1269.35,21,4,0,1306.37,1304.4933333333327,1346.3133333333333,1214.67
2023-05-05 22:00:00,1214.67,22,4,0,1269.35,1263.4633333333325,1315.4283333333333,1245.77
2023-05-05 23:00:00,1245.77,23,4,0,1214.67,1243.2633333333326,1291.0416666666667,1239.29
2023-05-06 00:00:00,1239.29,0,5,1,1245.77,1233.2433333333329,1268.868333333333,1204.78
2023-05-06 01:00:00,1204.78,1,5,1,1239.29,1229.946666666666,1246.705,1257.27
2023-05-06 02:00:00,1257.27,2,5,1,1204.78,1233.7799999999993,1238.5216666666668,1255.18
2023-05-06 03:00:00,1255.18,3,5,1,1257.27,1239.0766666666661,1236.16,1273.51
2023-05-06 04:00:00,1273.51,4,5,1,1255.18,1261.986666666666,1245.9666666666667,1329.92
2023-05-06 05:00:00,1329.92,5,5,1,1273.51,1286.2033333333327,1259.9916666666668,1354.04
2023-05-06 06:00:00,1354.04,6,5,1,1329.92,1319.156666666666,1279.1166666666666,1435.66
2023-05-06 07:00:00,1435.66,7,5,1,1354.04,1373.206666666666,1317.5966666666666,1424.88
2023-05-06 08:00:00,1424.88,8,5,1,1435.66,1404.8599999999994,1345.5316666666668,1475.51
2023-05-06 09:00:00,1475.51,9,5,1,1424.88,1445.3499999999995,1382.2533333333333,1475.73
2023-05-06 10:00:00,1475.73,10,5,1,1475.51,1458.7066666666663,1415.9566666666667,1471.22
2023-05-06 11:00:00,1471.22,11,5,1,1475.73,1474.1533333333327,1439.506666666667,1465.86
2023-05-06 12:00:00,1465.86,12,5,1,1471.22,1470.9366666666658,1458.1433333333334,1466.63
2023-05-06 13:00:00,1466.63,13,5,1,1465.86,1467.9033333333327,1463.305,1450.32
2023-05-06 14:00:00,1450.32,14,5,1,1466.63,1460.9366666666658,1467.545,1444.34
2023-05-06 15:00:00,1444.34,15,5,1,1450.32,1453.7633333333326,1462.3500000000001,1408.82
2023-05-06 16:00:00,1408.82,16,5,1,1444.34,1434.4933333333327,1451.1983333333335,1386.58
2023-05-06 17:00:00,1386.58,17,5,1,1408.82,1413.246666666666,1437.0916666666665,1355.03
2023-05-06 18:00:00,1355.03,18,5,1,1386.58,1383.4766666666662,1418.62,1288.52
2023-05-06 19:00:00,1288.52,19,5,1,1355.03,1343.376666666666,1388.9350000000002,1221.12
2023-05-06 20:00:00,1221.12,20,5,1,1288.52,1288.2233333333327,1350.735,1221.44
2023-05-06 21:00:00,1221.44,21,5,1,1221.12,1243.6933333333327,1313.585,1202.87
2023-05-06 22:00:00,1202.87,22,5,1,1221.44,1215.1433333333327,1279.26,1174.35
2023-05-06 23:00:00,1174.35,23,5,1,1202.87,1199.5533333333326,1243.888333333333,1212.83
2023-05-07 00:00:00,1212.83,0,6,1,1174.35,1196.6833333333327,1220.1883333333333,1206.64
2023-05-07 01:00:00,1206.64,1,6,1,1212.83,1197.9399999999994,1206.5416666666667,1234.09
2023-05-07 02:00:00,1234.09,2,6,1,1206.64,1217.8533333333328,1208.7033333333334,1255.74
2023-05-07 03:00:00,1255.74,3,6,1,1234.09,1232.156666666666,1214.4199999999998,1304.46
2023-05-07 04:00:00,1304.46,4,6,1,1255.74,1264.7633333333326,1231.3516666666667,1311.03
2023-05-07 05:00:00,1311.03,5,6,1,1304.46,1290.4099999999994,1254.1316666666667,1362.57
2023-05-07 06:00:00,1362.57,6,6,1,1311.03,1326.0199999999993,1279.0883333333334,1417.86
2023-05-07 07:00:00,1417.86,7,6,1,1362.57,1363.8199999999993,1314.2916666666667,1437.11
2023-05-07 08:00:00,1437.11,8,6,1,1417.86,1405.8466666666661,1348.1283333333333,1475.48
2023-05-07 09:00:00,1475.48,9,6,1,1437.11,1443.4833333333327,1384.7516666666668,1472.24
2023-05-07 10:00:00,1472.24,10,6,1,1475.48,1461.6099999999994,1412.715,1515.64
2023-05-07 11:00:00,1515.64,11,6,1,1472.24,1487.7866666666662,1446.8166666666666,1502.95
2023-05-07 12:00:00,1502.95,12,6,1,1515.64,1496.9433333333327,1470.2133333333334,1437.82
2023-05-07 13:00:00,1437.82,13,6,1,1502.95,1485.4699999999993,1473.54,1459.16
2023-05-07 14:00:00,1459.16,14,6,1,1437.82,1466.6433333333327,1477.2150000000001,1413.04
2023-05-07 15:00:00,1413.04,15,6,1,1459.16,1436.673333333333,1466.8083333333334,1383.62
2023-05-07 16:00:00,1383.62,16,6,1,1413.04,1418.606666666666,1452.0383333333332,1348.97
2023-05-07 17:00:00,1348.97,17,6,1,1383.62,1381.876666666666,1424.2600000000002,1320.46
2023-05-07 18:00:00,1320.46,18,6,1,1348.97,1351.0166666666662,1393.845,1272.84
2023-05-07 19:00:00,1272.84,19,6,1,1320.46,1314.0899999999995,1366.3483333333334,1244.74
2023-05-07 20:00:00,1244.74,20,6,1,1272.84,1279.3466666666661,1330.6116666666667,1210.92
2023-05-07 21:00:00,1210.92,21,6,1,1244.74,1242.8333333333328,1296.925,1219.62
2023-05-07 22:00:00,1219.62,22,6,1,1210.92,1225.0933333333326,1269.5916666666667,1218.22
2023-05-07 23:00:00,1218.22,23,6,1,1219.62,1216.2533333333329,1247.8,1235.21
2023-05-08 00:00:00,1235.21,0,0,0,1218.22,1224.3499999999995,1233.5916666666667,1243.73
2023-05-08 01:00:00,1243.73,1,0,0,1235.21,1232.386666666666,1228.74,1272.94
2023-05-08 02:00:00,1272.94,2,0,0,1243.73,1250.626666666666,1233.44,1281.4
2023-05-08 03:00:00,1281.4,3,0,0,1272.94,1266.0233333333329,1245.1866666666667,1319.64
2023-05-08 04:00:00,1319.64,4,0,0,1281.4,1291.3266666666661,1261.8566666666668,1354.47
2023-05-08 05:00:00,1354.47,5,0,0,1319.64,1318.5033333333329,1284.565,1394.84
2023-05-08 06:00:00,1394.84,6,0,0,1354.47,1356.316666666666,1311.17,1444.5
2023-05-08 07:00:00,1444.5,7,0,0,1394.84,1397.9366666666658,1344.631666666667,1470.35
2023-05-08 08:00:00,1470.35,8,0,0,1444.5,1436.5633333333326,1377.5333333333335,1489.17
2023-05-08 09:00:00,1489.17,9,0,0,1470.35,1468.006666666666,1412.1616666666669,1512.22
2023-05-08 10:00:00,1512.22,10,0,0,1489.17,1490.5799999999992,1444.2583333333332,1516.55
2023-05-08 11:00:00,1516.55,11,0,0,1512.22,1505.9799999999996,1471.2716666666665,1469.91
2023-05-08 12:00:00,1469.91,12,0,0,1516.55,1499.5599999999995,1483.783333333333,1516.38
2023-05-08 13:00:00,1516.38,13,0,0,1469.91,1500.946666666666,1495.7633333333333,1475.99
2023-05-08 14:00:00,1475.99,14,0,0,1516.38,1487.426666666666,1496.7033333333336,1482.83
2023-05-08 15:00:00,1482.83,15,0,0,1475.99,1491.7333333333327,1495.6466666666668,1420.64
2023-05-08 16:00:00,1420.64,16,0,0,1482.83,1459.8199999999995,1480.3833333333332,1380.01
2023-05-08 17:00:00,1380.01,17,0,0,1420.64,1427.8266666666661,1457.6266666666668,1364.38
2023-05-08 18:00:00,1364.38,18,0,0,1380.01,1388.343333333333,1440.0383333333332,1300.06
2023-05-08 19:00:00,1300.06,19,0,0,1364.38,1348.1499999999994,1403.985,1248.2
2023-05-08 20:00:00,1248.2,20,0,0,1300.06,1304.2133333333327,1366.0200000000002,1232.44
2023-05-08 21:00:00,1232.44,21,0,0,1248.2,1260.233333333333,1324.2883333333334,1236.07
2023-05-08 22:00:00,1236.07,22,0,0,1232.44,1238.9033333333327,1293.5266666666666,1229.35
2023-05-08 23:00:00,1229.35,23,0,0,1236.07,1232.6199999999992,1268.4166666666667,1243.0
2023-05-09 00:00:00,1243.0,0,1,0,1229.35,1236.1399999999994,1248.1866666666667,1229.4
2023-05-09 01:00:00,1229.4,1,1,0,1243.0,1233.916666666666,1236.41,1261.59
2023-05-09 02:00:00,1261.59,2,1,0,1229.4,1244.6633333333327,1238.6416666666667,1297.57
2023-05-09 03:00:00,1297.57,3,1,0,1261.59,1262.8533333333326,1249.4966666666667,1311.91
2023-05-09 04:00:00,1311.91,4,1,0,1297.57,1290.3566666666661,1262.1366666666665,1357.76
2023-05-09 05:00:00,1357.76,5,1,0,1311.91,1322.4133333333327,1283.5383333333332,1402.44
2023-05-09 06:00:00,1402.44,6,1,0,1357.76,1357.3699999999997,1310.1116666666667,1445.87
2023-05-09 07:00:00,1445.87,7,1,0,1402.44,1402.0233333333326,1346.1899999999998,1444.92
2023-05-09 08:00:00,1444.92,8,1,0,1445.87,1431.076666666666,1376.745,1504.39
2023-05-09 09:00:00,1504.39,9,1,0,1444.92,1465.0599999999995,1411.2150000000001,1504.96
2023-05-09 10:00:00,1504.96,10,1,0,1504.39,1484.7566666666662,1443.39,1533.32
2023-05-09 11:00:00,1533.32,11,1,0,1504.96,1514.2233333333327,1472.6499999999999,1502.13
2023-05-09 12:00:00,1502.13,12,1,0,1533.32,1513.4699999999993,1489.265,1515.39
2023-05-09 13:00:00,1515.39,13,1,0,1502.13,1516.946666666666,1500.8516666666667,1461.17
2023-05-09 14:00:00,1461.17,14,1,0,1515.39,1492.8966666666663,1503.5600000000002,1438.19
2023-05-09 15:00:00,1438.19,15,1,0,1461.17,1471.5833333333328,1492.5266666666666,1449.13
2023-05-09 16:00:00,1449.13,16,1,0,1438.19,1449.496666666666,1483.2216666666666,1410.94
2023-05-09 17:00:00,1410.94,17,1,0,1449.13,1432.7533333333329,1462.825,1317.69
2023-05-09 18:00:00,1317.69,18,1,0,1410.94,1392.5866666666661,1432.085,1326.17
2023-05-09 19:00:00,1326.17,19,1,0,1317.69,1351.5999999999995,1400.5483333333334,1287.02
2023-05-09 20:00:00,1287.02,20,1,0,1326.17,1310.2933333333328,1371.5233333333335,1281.63
2023-05-09 21:00:00,1281.63,21,1,0,1287.02,1298.2733333333329,1345.43,1228.64
2023-05-09 22:00:00,1228.64,22,1,0,1281.63,1265.7633333333326,1308.6816666666666,1199.34
2023-05-09 23:00:00,1199.34,23,1,0,1228.64,1236.5366666666662,1273.4150000000002,1189.71
2023-05-10 00:00:00,1189.71,0,2,0,1199.34,1205.896666666666,1252.085,1230.12
2023-05-10 01:00:00,1230.12,1,2,0,1189.71,1206.3899999999994,1236.0766666666666,1232.78
2023-05-10 02:00:00,1232.78,2,2,0,1230.12,1217.536666666666,1227.0366666666666,1292.77
2023-05-10 03:00:00,1292.77,3,2,0,1232.78,1251.8899999999994,1228.8933333333334,1322.81
2023-05-10 04:00:00,1322.81,4,2,0,1292.77,1282.786666666666,1244.5883333333334,1363.13
2023-05-10 05:00:00,1363.13,5,2,0,1322.81,1326.236666666666,1271.8866666666665,1374.06
2023-05-10 06:00:00,1374.06,6,2,0,1363.13,1353.3333333333328,1302.6116666666667,1382.77
2023-05-10 07:00:00,1382.77,7,2,0,1374.06,1373.3199999999995,1328.0533333333333,1431.48
2023-05-10 08:00:00,1431.48,8,2,0,1382.77,1396.1033333333328,1361.17,1472.03
2023-05-10 09:00:00,1472.03,9,2,0,1431.48,1428.7599999999993,1391.0466666666664,1501.41
2023-05-10 10:00:00,1501.41,10,2,0,1472.03,1468.3066666666662,1420.8133333333335,1495.83
2023-05-10 11:00:00,1495.83,11,2,0,1501.41,1489.756666666666,1442.93,1508.04
2023-05-10 12:00:00,1508.04,12,2,0,1495.83,1501.7599999999993,1465.2600000000002,1502.38
2023-05-10 13:00:00,1502.38,13,2,0,1508.04,1502.0833333333328,1485.195,1461.31
2023-05-10 14:00:00,1461.31,14,2,0,1502.38,1490.5766666666661,1490.1666666666667,1460.5
2023-05-10 15:00:00,1460.5,15,2,0,1461.31,1474.7299999999996,1488.245,1429.38
2023-05-10 16:00:00,1429.38,16,2,0,1460.5,1450.3966666666663,1476.24,1371.27
2023-05-10 17:00:00,1371.27,17,2,0,1429.38,1420.3833333333325,1455.4800000000002,1330.64
2023-05-10 18:00:00,1330.64,18,2,0,1371.27,1377.0966666666661,1425.9133333333332,1262.87
2023-05-10 19:00:00,1262.87,19,2,0,1330.64,1321.5933333333326,1385.995,1257.87
2023-05-10 20:00:00,1257.87,20,2,0,1262.87,1283.7933333333328,1352.0883333333334,1249.84
2023-05-10 21:00:00,1249.84,21,2,0,1257.87,1256.8599999999994,1316.9783333333335,1239.28
2023-05-10 22:00:00,1239.28,22,2,0,1249.84,1248.996666666666,1285.2949999999998,1242.84
2023-05-10 23:00:00,1242.84,23,2,0,1239.28,1243.986666666666,1263.89,1221.71
2023-05-11 00:00:00,1221.71,0,3,0,1242.84,1234.6099999999994,1245.735,1255.9
2023-05-11 01:00:00,1255.9,1,3,0,1221.71,1240.1499999999994,1244.5733333333333,1228.14
2023-05-11 02:00:00,1228.14,2,3,0,1255.9,1235.2499999999993,1239.6183333333333,1284.17
2023-05-11 03:00:00,1284.17,3,3,0,1228.14,1256.0699999999995,1245.3400000000001,1317.28
2023-05-11 04:00:00,1317.28,4,3,0,1284.17,1276.5299999999995,1258.34,1379.31
2023-05-11 05:00:00,1379.31,5,3,0,1317.28,1326.9199999999994,1281.085,1370.89
2023-05-11 06:00:00,1370.89,6,3,0,1379.31,1355.8266666666661,1305.9483333333333,1424.33
2023-05-11 07:00:00,1424.33,7,3,0,1370.89,1391.5099999999993,1334.02,1444.22
2023-05-11 08:00:00,1444.22,8,3,0,1424.33,1413.1466666666663,1370.0333333333335,1481.81
2023-05-11 09:00:00,1481.81,9,3,0,1444.22,1450.1199999999992,1402.9733333333334,1506.99
2023-05-11 10:00:00,1506.99,10,3,0,1481.81,1477.673333333333,1434.5916666666665,1554.03
2023-05-11 11:00:00,1554.03,11,3,0,1506.99,1514.276666666666,1463.7116666666668,1519.13
2023-05-11 12:00:00,1519.13,12,3,0,1554.03,1526.7166666666662,1488.4183333333333,1523.6
2023-05-11 13:00:00,1523.6,13,3,0,1519.13,1532.2533333333329,1504.9633333333334,1457.25
2023-05-11 14:00:00,1457.25,14,3,0,1523.6,1499.9933333333329,1507.135,1432.33
2023-05-11 15:00:00,1432.33,15,3,0,1457.25,1471.0599999999995,1498.8883333333333,1415.97
2023-05-11 16:00:00,1415.97,16,3,0,1432.33,1435.1833333333325,1483.7183333333332,1365.34
2023-05-11 17:00:00,1365.34,17,3,0,1415.97,1404.546666666666,1452.2699999999998,1369.54
2023-05-11 18:00:00,1369.54,18,3,0,1365.34,1383.6166666666659,1427.3383333333331,1322.89
2023-05-11 19:00:00,1322.89,19,3,0,1369.54,1352.5899999999995,1393.8866666666665,1279.89
2023-05-11 20:00:00,1279.89,20,3,0,1322.89,1324.1066666666663,1364.3266666666666,1192.41
2023-05-11 21:00:00,1192.41,21,3,0,1279.89,1265.0633333333328,1324.34,1208.81
2023-05-11 22:00:00,1208.81,22,3,0,1192.41,1227.0366666666662,1289.8133333333333,1214.23
2023-05-11 23:00:00,1214.23,23,3,0,1208.81,1205.1499999999994,1264.6283333333333,1220.77
2023-05-12 00:00:00,1220.77,0,4,0,1214.23,1214.6033333333328,1239.8333333333333,1218.39
2023-05-12 01:00:00,1218.39,1,4,0,1220.77,1217.7966666666662,1222.4166666666667,1243.75
2023-05-12 02:00:00,1243.75,2,4,0,1218.39,1227.636666666666,1216.3933333333334,1269.49
2023-05-12 03:00:00,1269.49,3,4,0,1243.75,1243.876666666666,1229.24,1301.1
2023-05-12 04:00:00,1301.1,4,4,0,1269.49,1271.446666666666,1244.6216666666667,1336.27
2023-05-12 05:00:00,1336.27,5,4,0,1301.1,1302.2866666666662,1264.9616666666666,1384.02
2023-05-12 06:00:00,1384.02,6,4,0,1336.27,1340.4633333333327,1292.17,1402.17
2023-05-12 07:00:00,1402.17,7,4,0,1384.02,1374.1533333333327,1322.8,1456.21
2023-05-12 08:00:00,1456.21,8,4,0,1402.17,1414.1333333333325,1358.21,1496.84
2023-05-12 09:00:00,1496.84,9,4,0,1456.21,1451.7399999999996,1396.1016666666667,1484.43
2023-05-12 10:00:00,1484.43,10,4,0,1496.84,1479.1599999999992,1426.6566666666668,1517.02
2023-05-12 11:00:00,1517.02,11,4,0,1484.43,1499.4299999999994,1456.7816666666668,1502.0
2023-05-12 12:00:00,1502.0,12,4,0,1517.02,1501.1499999999994,1476.445,1496.48
2023-05-12 13:00:00,1496.48,13,4,0,1502.0,1505.166666666666,1492.1633333333332,1464.09
2023-05-12 14:00:00,1464.09,14,4,0,1496.48,1487.5233333333326,1493.4766666666667,1463.01
2023-05-12 15:00:00,1463.01,15,4,0,1464.09,1474.526666666666,1487.8383333333331,1415.68
2023-05-12 16:00:00,1415.68,16,4,0,1463.01,1447.5933333333326,1476.38,1384.34
2023-05-12 17:00:00,1384.34,17,4,0,1415.68,1421.0099999999993,1454.2666666666667,1368.89
2023-05-12 18:00:00,1368.89,18,4,0,1384.34,1389.636666666666,1432.0816666666667,1303.87
2023-05-12 19:00:00,1303.87,19,4,0,1368.89,1352.3666666666659,1399.9800000000002,1290.04
2023-05-12 20:00:00,1290.04,20,4,0,1303.87,1320.9333333333327,1370.9716666666666,1237.79
2023-05-12 21:00:00,1237.79,21,4,0,1290.04,1277.2333333333327,1333.435,1248.05
2023-05-12 22:00:00,1248.05,22,4,0,1237.79,1258.6266666666659,1305.4966666666667,1220.42
2023-05-12 23:00:00,1220.42,23,4,0,1248.05,1235.4199999999994,1278.1766666666667,1197.6
2023-05-13 00:00:00,1197.6,0,5,1,1220.42,1222.0233333333329,1249.6283333333333,1218.64
2023-05-13 01:00:00,1218.64,1,5,1,1197.6,1212.2199999999993,1235.4233333333334,1228.79
2023-05-13 02:00:00,1228.79,2,5,1,1218.64,1215.0099999999993,1225.215,1278.78
2023-05-13 03:00:00,1278.78,3,5,1,1228.79,1242.0699999999995,1232.0466666666666,1303.84
2023-05-13 04:00:00,1303.84,4,5,1,1278.78,1270.4699999999993,1241.345,1334.16
2023-05-13 05:00:00,1334.16,5,5,1,1303.84,1305.5933333333326,1260.3016666666665,1375.31
2023-05-13 06:00:00,1375.31,6,5,1,1334.16,1337.7699999999993,1289.92,1409.08
2023-05-13 07:00:00,1409.08,7,5,1,1375.31,1372.8499999999995,1321.66,1446.69
2023-05-13 08:00:00,1446.69,8,5,1,1409.08,1410.3599999999994,1357.9766666666667,1467.39
2023-05-13 09:00:00,1467.39,9,5,1,1446.69,1441.0533333333326,1389.4116666666669,1483.29
2023-05-13 10:00:00,1483.29,10,5,1,1467.39,1465.7899999999993,1419.32,1497.37
2023-05-13 11:00:00,1497.37,11,5,1,1483.29,1482.6833333333327,1446.5216666666668,1504.47
2023-05-13 12:00:00,1504.47,12,5,1,1497.37,1495.0433333333324,1468.0483333333332,1449.77
2023-05-13 13:00:00,1449.77,13,5,1,1504.47,1483.8699999999992,1474.83,1459.46
2023-05-13 14:00:00,1459.46,14,5,1,1449.77,1471.2333333333327,1476.9583333333333,1448.03
2023-05-13 15:00:00,1448.03,15,5,1,1459.46,1452.4199999999994,1473.7316666666666,1370.46
2023-05-13 16:00:00,1370.46,16,5,1,1448.03,1425.9833333333327,1454.9266666666665,1338.09
2023-05-13 17:00:00,1338.09,17,5,1,1370.46,1385.526666666666,1428.38,1314.5
2023-05-13 18:00:00,1314.5,18,5,1,1338.09,1341.0166666666662,1396.7183333333332,1300.97
2023-05-13 19:00:00,1300.97,19,5,1,1314.5,1317.8533333333328,1371.9183333333333,1236.06
2023-05-13 20:00:00,1236.06,20,5,1,1300.97,1283.8433333333326,1334.6850000000002,1255.79
2023-05-13 21:00:00,1255.79,21,5,1,1236.06,1264.2733333333326,1302.6449999999998,1209.39
2023-05-13 22:00:00,1209.39,22,5,1,1255.79,1233.746666666666,1275.8,1205.67
2023-05-13 23:00:00,1205.67,23,5,1,1209.39,1223.616666666666,1253.73,1192.11
2023-05-14 00:00:00,1192.11,0,6,1,1205.67,1202.3899999999994,1233.3316666666667,1184.34
2023-05-14 01:00:00,1184.34,1,6,1,1192.11,1194.0399999999993,1213.8933333333332,1255.46
2023-05-14 02:00:00,1255.46,2,6,1,1184.34,1210.636666666666,1217.1266666666666,1270.55
2023-05-14 03:00:00,1270.55,3,6,1,1255.46,1236.7833333333328,1219.5866666666666,1269.03
2023-05-14 04:00:00,1269.03,4,6,1,1270.55,1265.0133333333326,1229.5266666666666,1313.15
2023-05-14 05:00:00,1313.15,5,6,1,1269.03,1284.2433333333327,1247.44,1360.02
2023-05-14 06:00:00,1360.02,6,6,1,1313.15,1314.0666666666662,1275.425,1386.15
2023-05-14 07:00:00,1386.15,7,6,1,1360.02,1353.1066666666661,1309.0600000000002,1438.73
2023-05-14 08:00:00,1438.73,8,6,1,1386.15,1394.966666666666,1339.605,1456.16
2023-05-14 09:00:00,1456.16,9,6,1,1438.73,1427.0133333333326,1370.54,1451.04
2023-05-14 10:00:00,1451.04,10,6,1,1456.16,1448.6433333333327,1400.875,1515.44
2023-05-14 11:00:00,1515.44,11,6,1,1451.04,1474.213333333333,1434.5900000000001,1484.43
2023-05-14 12:00:00,1484.43,12,6,1,1515.44,1483.636666666666,1455.325,1475.74
2023-05-14 13:00:00,1475.74,13,6,1,1484.43,1491.8699999999997,1470.256666666667,1476.41
2023-05-14 14:00:00,1476.41,14,6,1,1475.74,1478.8599999999994,1476.5366666666669,1429.85
2023-05-14 15:00:00,1429.85,15,6,1,1476.41,1460.666666666666,1472.1516666666666,1389.2
2023-05-14 16:00:00,1389.2,16,6,1,1429.85,1431.8199999999995,1461.845,1322.73
2023-05-14 17:00:00,1322.73,17,6,1,1389.2,1380.5933333333326,1429.7266666666667,1307.99
2023-05-14 18:00:00,1307.99,18,6,1,1322.73,1339.9733333333327,1400.32,1258.12
2023-05-14 19:00:00,1258.12,19,6,1,1307.99,1296.2799999999995,1364.05,1249.14
2023-05-14 20:00:00,1249.14,20,6,1,1258.12,1271.7499999999993,1326.1716666666669,1221.48
2023-05-14 21:00:00,1221.48,21,6,1,1249.14,1242.9133333333327,1291.4433333333334,1197.63
2023-05-14 22:00:00,1197.63,22,6,1,1221.48,1222.7499999999993,1259.515,1195.66
2023-05-14 23:00:00,1195.66,23,6,1,1197.63,1204.9233333333327,1238.3366666666668,1228.27
2023-05-15 00:00:00,1228.27,0,0,0,1195.66,1207.186666666666,1225.05,1227.62
2023-05-15 01:00:00,1227.62,1,0,0,1228.27,1217.1833333333327,1219.9666666666667,1261.57
2023-05-15 02:00:00,1261.57,2,0,0,1227.62,1239.1533333333327,1222.0383333333332,1259.55
2023-05-15 03:00:00,1259.55,3,0,0,1261.57,1249.5799999999992,1228.3833333333334,1315.55
2023-05-15 04:00:00,1315.55,4,0,0,1259.55,1278.8899999999994,1248.0366666666666,1324.88
2023-05-15 05:00:00,1324.88,5,0,0,1315.55,1299.9933333333329,1269.5733333333335,1375.33
2023-05-15 06:00:00,1375.33,6,0,0,1324.88,1338.5866666666661,1294.0833333333333,1402.1
2023-05-15 07:00:00,1402.1,7,0,0,1375.33,1367.4366666666658,1323.1633333333332,1461.98
2023-05-15 08:00:00,1461.98,8,0,0,1402.1,1413.136666666666,1356.5649999999998,1492.26
2023-05-15 09:00:00,1492.26,9,0,0,1461.98,1452.1133333333328,1395.3500000000001,1495.53
2023-05-15 10:00:00,1495.53,10,0,0,1492.26,1483.2566666666662,1425.3466666666666,1513.53
2023-05-15 11:00:00,1513.53,11,0,0,1495.53,1500.4399999999994,1456.7883333333332,1478.33
2023-05-15 12:00:00,1478.33,12,0,0,1513.53,1495.796666666666,1473.955,1503.3
2023-05-15 13:00:00,1503.3,13,0,0,1478.33,1498.386666666666,1490.8216666666667,1488.29
2023-05-15 14:00:00,1488.29,14,0,0,1503.3,1489.9733333333327,1495.2066666666667,1445.64
2023-05-15 15:00:00,1445.64,15,0,0,1488.29,1479.076666666666,1487.4366666666667,1454.31
2023-05-15 16:00:00,1454.31,16,0,0,1445.64,1462.746666666666,1480.5666666666666,1406.43
2023-05-15 17:00:00,1406.43,17,0,0,1454.31,1435.4599999999994,1462.7166666666665,1351.49
2023-05-15 18:00:00,1351.49,18,0,0,1406.43,1404.076666666666,1441.5766666666666,1305.61
2023-05-15 19:00:00,1305.61,19,0,0,1351.49,1354.5099999999993,1408.6283333333333,1296.19
2023-05-15 20:00:00,1296.19,20,0,0,1305.61,1317.7633333333326,1376.6116666666667,1252.54
2023-05-15 21:00:00,1252.54,21,0,0,1296.19,1284.7799999999995,1344.4283333333333,1240.86
2023-05-15 22:00:00,1240.86,22,0,0,1252.54,1263.196666666666,1308.8533333333332,1253.37
2023-05-15 23:00:00,1253.37,23,0,0,1240.86,1248.9233333333325,1283.3433333333335,1217.24
2023-05-16 00:00:00,1217.24,0,1,0,1253.37,1237.1566666666658,1260.9683333333332,1280.41
2023-05-16 01:00:00,1280.41,1,1,0,1217.24,1250.3399999999995,1256.7683333333332,1277.65
2023-05-16 02:00:00,1277.65,2,1,0,1280.41,1258.4333333333327,1253.6783333333335,1311.24
2023-05-16 03:00:00,1311.24,3,1,0,1277.65,1289.7666666666662,1263.4616666666668,1326.51
2023-05-16 04:00:00,1326.51,4,1,0,1311.24,1305.1333333333328,1277.7366666666667,1353.85
2023-05-16 05:00:00,1353.85,5,1,0,1326.51,1330.5333333333326,1294.4833333333333,1392.54
2023-05-16 06:00:00,1392.54,6,1,0,1353.85,1357.6333333333325,1323.7,1421.8
2023-05-16 07:00:00,1421.8,7,1,0,1392.54,1389.3966666666659,1347.265,1478.35
2023-05-16 08:00:00,1478.35,8,1,0,1421.8,1430.8966666666659,1380.715,1458.73
2023-05-16 09:00:00,1458.73,9,1,0,1478.35,1452.9599999999994,1405.2966666666664,1512.9
2023-05-16 10:00:00,1512.9,10,1,0,1458.73,1483.326666666666,1436.3616666666667,1514.82
2023-05-16 11:00:00,1514.82,11,1,0,1512.9,1495.483333333333,1463.1899999999998,1492.92
2023-05-16 12:00:00,1492.92,12,1,0,1514.82,1506.8799999999992,1479.92,1510.85
2023-05-16 13:00:00,1510.85,13,1,0,1492.92,1506.196666666666,1494.7616666666665,1516.3
2023-05-16 14:00:00,1516.3,14,1,0,1510.85,1506.6899999999994,1501.0866666666668,1471.04
2023-05-16 15:00:00,1471.04,15,1,0,1516.3,1499.3966666666659,1503.1383333333333,1423.6
2023-05-16 16:00:00,1423.6,16,1,0,1471.04,1470.3133333333326,1488.255,1358.73
2023-05-16 17:00:00,1358.73,17,1,0,1423.6,1417.7899999999993,1462.2399999999998,1357.38
2023-05-16 18:00:00,1357.38,18,1,0,1358.73,1379.9033333333327,1439.6499999999999,1312.16
2023-05-16 19:00:00,1312.16,19,1,0,1357.38,1342.7566666666662,1406.535,1265.09
2023-05-16 20:00:00,1265.09,20,1,0,1312.16,1311.5433333333328,1364.6666666666667,1254.23
2023-05-16 21:00:00,1254.23,21,1,0,1265.09,1277.1599999999992,1328.5316666666668,1226.4
2023-05-16 22:00:00,1226.4,22,1,0,1254.23,1248.5733333333328,1295.665,1237.06
2023-05-16 23:00:00,1237.06,23,1,0,1226.4,1239.2299999999993,1275.3866666666665,1268.47
2023-05-17 00:00:00,1268.47,0,2,0,1237.06,1243.9766666666662,1260.5683333333334,1251.79
2023-05-17 01:00:00,1251.79,1,2,0,1268.47,1252.4399999999994,1250.5066666666667,1228.44
2023-05-17 02:00:00,1228.44,2,2,0,1251.79,1249.5666666666662,1244.3983333333333,1256.3
2023-05-17 03:00:00,1256.3,3,2,0,1228.44,1245.5099999999993,1244.743333333333,1322.07
2023-05-17 04:00:00,1322.07,4,2,0,1256.3,1268.936666666666,1260.6883333333333,1362.59
2023-05-17 05:00:00,1362.59,5,2,0,1322.07,1313.6533333333327,1281.61,1397.4
2023-05-17 06:00:00,1397.4,6,2,0,1362.59,1360.6866666666658,1303.0983333333334,1418.07
2023-05-17 07:00:00,1418.07,7,2,0,1397.4,1392.6866666666658,1330.8116666666667,1471.16
2023-05-17 08:00:00,1471.16,8,2,0,1418.07,1428.876666666666,1371.265,1497.34
2023-05-17 09:00:00,1497.34,9,2,0,1471.16,1462.1899999999994,1411.4383333333335,1539.05
2023-05-17 10:00:00,1539.05,10,2,0,1497.34,1502.5166666666662,1447.6016666666667,1512.73
2023-05-17 11:00:00,1512.73,11,2,0,1539.05,1516.3733333333328,1472.625,1541.71
2023-05-17 12:00:00,1541.71,12,2,0,1512.73,1531.1633333333327,1496.6766666666665,1518.54
2023-05-17 13:00:00,1518.54,13,2,0,1541.71,1524.326666666666,1513.4216666666669,1471.34
2023-05-17 14:00:00,1471.34,14,2,0,1518.54,1510.5299999999995,1513.4516666666668,1439.91
2023-05-17 15:00:00,1439.91,15,2,0,1471.34,1476.5966666666661,1503.88,1413.23
2023-05-17 16:00:00,1413.23,16,2,0,1439.91,1441.4933333333329,1482.9099999999999,1389.75
2023-05-17 17:00:00,1389.75,17,2,0,1413.23,1414.2966666666662,1462.4133333333332,1335.13
2023-05-17 18:00:00,1335.13,18,2,0,1389.75,1379.3699999999997,1427.9833333333333,1281.57
2023-05-17 19:00:00,1281.57,19,2,0,1335.13,1335.4833333333327,1388.4883333333335,1268.24
2023-05-17 20:00:00,1268.24,20,2,0,1281.57,1294.9799999999993,1354.6383333333333,1226.62
2023-05-17 21:00:00,1226.62,21,2,0,1268.24,1258.8099999999993,1319.0900000000001,1254.95
2023-05-17 22:00:00,1254.95,22,2,0,1226.62,1249.936666666666,1292.71,1249.76
2023-05-17 23:00:00,1249.76,23,2,0,1254.95,1243.776666666666,1269.3783333333333,1218.22
2023-05-18 00:00:00,1218.22,0,3,0,1249.76,1240.976666666666,1249.8933333333332,1257.18
2023-05-18 01:00:00,1257.18,1,3,0,1218.22,1241.7199999999993,1245.8283333333334,1288.42
2023-05-18 02:00:00,1288.42,2,3,0,1257.18,1254.606666666666,1249.1916666666666,1280.45
2023-05-18 03:00:00,1280.45,3,3,0,1288.42,1275.3499999999995,1258.1633333333334,1321.93
2023-05-18 04:00:00,1321.93,4,3,0,1280.45,1296.9333333333327,1269.3266666666666,1364.98
2023-05-18 05:00:00,1364.98,5,3,0,1321.93,1322.4533333333327,1288.53,1354.75
2023-05-18 06:00:00,1354.75,6,3,0,1364.98,1347.2199999999993,1311.285,1416.18
2023-05-18 07:00:00,1416.18,7,3,0,1354.75,1378.636666666666,1337.785,1444.82
2023-05-18 08:00:00,1444.82,8,3,0,1416.18,1405.2499999999993,1363.8516666666667,1466.9
2023-05-18 09:00:00,1466.9,9,3,0,1444.82,1442.633333333333,1394.926666666667,1507.89
2023-05-18 10:00:00,1507.89,10,3,0,1466.9,1473.203333333333,1425.92,1527.71
2023-05-18 11:00:00,1527.71,11,3,0,1507.89,1500.8333333333328,1453.0416666666667,1512.91
2023-05-18 12:00:00,1512.91,12,3,0,1527.71,1516.1699999999994,1479.4016666666666,1486.52
2023-05-18 13:00:00,1486.52,13,3,0,1512.91,1509.0466666666662,1491.125,1517.88
2023-05-18 14:00:00,1517.88,14,3,0,1486.52,1505.7699999999995,1503.301666666667,1450.71
2023-05-18 15:00:00,1450.71,15,3,0,1517.88,1485.0366666666662,1500.6033333333335,1389.83
2023-05-18 16:00:00,1389.83,16,3,0,1450.71,1452.8066666666662,1480.9266666666665,1394.66
2023-05-18 17:00:00,1394.66,17,3,0,1389.83,1411.7333333333327,1458.7516666666668,1378.26
2023-05-18 18:00:00,1378.26,18,3,0,1394.66,1387.5833333333328,1436.3100000000002,1316.07
2023-05-18 19:00:00,1316.07,19,3,0,1378.26,1362.996666666666,1407.9016666666666,1254.24
2023-05-18 20:00:00,1254.24,20,3,0,1316.07,1316.1899999999994,1363.9616666666668,1213.54
2023-05-18 21:00:00,1213.54,21,3,0,1254.24,1261.2833333333326,1324.4333333333332,1238.04
2023-05-18 22:00:00,1238.04,22,3,0,1213.54,1235.2733333333326,1299.135,1184.03
2023-05-18 23:00:00,1184.03,23,3,0,1238.04,1211.8699999999994,1264.03,1217.97
2023-05-19 00:00:00,1217.97,0,4,0,1184.03,1213.3466666666661,1237.315,1200.33
2023-05-19 01:00:00,1200.33,1,4,0,1217.97,1200.776666666666,1218.0249999999999,1256.64
2023-05-19 02:00:00,1256.64,2,4,0,1200.33,1224.9799999999993,1218.425,1294.07
2023-05-19 03:00:00,1294.07,3,4,0,1256.64,1250.3466666666661,1231.8466666666666,1328.33
2023-05-19 04:00:00,1328.33,4,4,0,1294.07,1293.0133333333326,1246.895,1335.99
2023-05-19 05:00:00,1335.99,5,4,0,1328.33,1319.4633333333327,1272.2216666666666,1398.91
2023-05-19 06:00:00,1398.91,6,4,0,1335.99,1354.4099999999992,1302.3783333333333,1459.94
2023-05-19 07:00:00,1459.94,7,4,0,1398.91,1398.2799999999995,1345.6466666666668,1445.02
2023-05-19 08:00:00,1445.02,8,4,0,1459.94,1434.6233333333328,1377.0433333333333,1472.28
2023-05-19 09:00:00,1472.28,9,4,0,1445.02,1459.0799999999992,1406.745,1525.41
2023-05-19 10:00:00,1525.41,10,4,0,1472.28,1480.9033333333327,1439.5916666666665,1478.02
2023-05-19 11:00:00,1478.02,11,4,0,1525.41,1491.9033333333327,1463.2633333333333,1527.93
2023-05-19 12:00:00,1527.93,12,4,0,1478.02,1510.453333333333,1484.7666666666667,1506.69
2023-05-19 13:00:00,1506.69,13,4,0,1527.93,1504.213333333333,1492.5583333333334,1512.77
2023-05-19 14:00:00,1512.77,14,4,0,1506.69,1515.796666666666,1503.8500000000001,1448.14
2023-05-19 15:00:00,1448.14,15,4,0,1512.77,1489.1999999999996,1499.8266666666666,1422.44
2023-05-19 16:00:00,1422.44,16,4,0,1448.14,1461.116666666666,1482.665,1388.92
2023-05-19 17:00:00,1388.92,17,4,0,1422.44,1419.8333333333328,1467.8149999999998,1352.32
2023-05-19 18:00:00,1352.32,18,4,0,1388.92,1387.8933333333327,1438.5466666666669,1305.68
2023-05-19 19:00:00,1305.68,19,4,0,1352.32,1348.9733333333327,1405.045,1308.59
2023-05-19 20:00:00,1308.59,20,4,0,1305.68,1322.196666666666,1371.015,1271.76
2023-05-19 21:00:00,1271.76,21,4,0,1308.59,1295.3433333333326,1341.6183333333333,1224.52
2023-05-19 22:00:00,1224.52,22,4,0,1271.76,1268.2899999999993,1308.631666666667,1238.75
2023-05-19 23:00:00,1238.75,23,4,0,1224.52,1245.0099999999993,1283.6033333333335,1188.96
2023-05-20 00:00:00,1188.96,0,5,1,1238.75,1217.4099999999992,1256.3766666666668,1202.0
2023-05-20 01:00:00,1202.0,1,5,1,1188.96,1209.9033333333327,1239.0966666666666,1223.41
2023-05-20 02:00:00,1223.41,2,5,1,1202.0,1204.7899999999995,1224.9,1285.46
2023-05-20 03:00:00,1285.46,3,5,1,1223.41,1236.956666666666,1227.1833333333334,1279.75
2023-05-20 04:00:00,1279.75,4,5,1,1285.46,1262.8733333333328,1236.3883333333333,1296.8
2023-05-20 05:00:00,1296.8,5,5,1,1279.75,1287.3366666666661,1246.0633333333333,1394.88
2023-05-20 06:00:00,1394.88,6,5,1,1296.8,1323.8099999999995,1280.3833333333334,1403.41
2023-05-20 07:00:00,1403.41,7,5,1,1394.88,1365.0299999999995,1313.9516666666668,1427.4
2023-05-20 08:00:00,1427.4,8,5,1,1403.41,1408.5633333333328,1347.95,1452.49
2023-05-20 09:00:00,1452.49,9,5,1,1427.4,1427.7666666666662,1375.7883333333332,1463.54
2023-05-20 10:00:00,1463.54,10,5,1,1452.49,1447.8099999999995,1406.42,1468.0
2023-05-20 11:00:00,1468.0,11,5,1,1463.54,1461.3433333333326,1434.9533333333336,1469.86
2023-05-20 12:00:00,1469.86,12,5,1,1468.0,1467.1333333333325,1447.4499999999998,1483.23
2023-05-20 13:00:00,1483.23,13,5,1,1469.86,1473.696666666666,1460.7533333333333,1461.24
2023-05-20 14:00:00,1461.24,14,5,1,1483.23,1471.4433333333327,1466.3933333333334,1434.34
2023-05-20 15:00:00,1434.34,15,5,1,1461.24,1459.6033333333326,1463.3683333333336,1393.64
2023-05-20 16:00:00,1393.64,16,5,1,1434.34,1429.7399999999996,1451.7183333333332,1371.91
2023-05-20 17:00:00,1371.91,17,5,1,1393.64,1399.963333333333,1435.7033333333331,1317.9
2023-05-20 18:00:00,1317.9,18,5,1,1371.91,1361.1499999999994,1410.3766666666668,1284.05
2023-05-20 19:00:00,1284.05,19,5,1,1317.9,1324.6199999999997,1377.18,1267.99
2023-05-20 20:00:00,1267.99,20,5,1,1284.05,1289.9799999999993,1344.9716666666668,1218.0
2023-05-20 21:00:00,1218.0,21,5,1,1267.99,1256.6799999999994,1308.9150000000002,1193.62
2023-05-20 22:00:00,1193.62,22,5,1,1218.0,1226.536666666666,1275.5783333333334,1186.63
2023-05-20 23:00:00,1186.63,23,5,1,1193.62,1199.416666666666,1244.6983333333335,1198.83
2023-05-21 00:00:00,1198.83,0,6,1,1186.63,1193.026666666666,1224.8533333333332,1176.57
2023-05-21 01:00:00,1176.57,1,6,1,1198.83,1187.3433333333326,1206.9399999999998,1217.94
2023-05-21 02:00:00,1217.94,2,6,1,1176.57,1197.7799999999995,1198.5983333333334,1247.96
2023-05-21 03:00:00,1247.96,3,6,1,1217.94,1214.156666666666,1203.5916666666665,1260.45
2023-05-21 04:00:00,1260.45,4,6,1,1247.96,1242.116666666666,1214.73,1346.08
2023-05-21 05:00:00,1346.08,5,6,1,1260.45,1284.8299999999992,1241.305,1349.7
2023-05-21 06:00:00,1349.7,6,6,1,1346.08,1318.7433333333327,1266.45,1401.76
2023-05-21 07:00:00,1401.76,7,6,1,1349.7,1365.8466666666661,1303.9816666666668,1421.82
2023-05-21 08:00:00,1421.82,8,6,1,1401.76,1391.0933333333326,1337.9616666666668,1462.78
2023-05-21 09:00:00,1462.78,9,6,1,1421.82,1428.7866666666662,1373.765,1449.72
2023-05-21 10:00:00,1449.72,10,6,1,1462.78,1444.7733333333326,1405.3100000000002,1471.25
2023-05-21 11:00:00,1471.25,11,6,1,1449.72,1461.2499999999993,1426.1716666666664,1499.06
2023-05-21 12:00:00,1499.06,12,6,1,1471.25,1473.3433333333326,1451.0649999999998,1448.81
2023-05-21 13:00:00,1448.81,13,6,1,1499.06,1473.0399999999993,1458.9066666666665,1449.41
2023-05-21 14:00:00,1449.41,14,6,1,1448.81,1465.7599999999993,1463.505,1400.73
2023-05-21 15:00:00,1400.73,15,6,1,1449.41,1432.983333333333,1453.1633333333332,1413.98
2023-05-21 16:00:00,1413.98,16,6,1,1400.73,1421.3733333333328,1447.2066666666667,1351.77
2023-05-21 17:00:00,1351.77,17,6,1,1413.98,1388.826666666666,1427.2933333333333,1301.68
2023-05-21 18:00:00,1301.68,18,6,1,1351.77,1355.8099999999995,1394.3966666666668,1290.17
2023-05-21 19:00:00,1290.17,19,6,1,1301.68,1314.5399999999993,1367.9566666666667,1217.88
2023-05-21 20:00:00,1217.88,20,6,1,1290.17,1269.9099999999996,1329.3683333333336,1222.95
2023-05-21 21:00:00,1222.95,21,6,1,1217.88,1243.666666666666,1299.7383333333335,1199.93
2023-05-21 22:00:00,1199.93,22,6,1,1222.95,1213.5866666666661,1264.0633333333335,1200.21
2023-05-21 23:00:00,1200.21,23,6,1,1199.93,1207.696666666666,1238.8033333333333,1236.42
2023-05-22 00:00:00,1236.42,0,0,0,1200.21,1212.1866666666663,1227.9266666666665,1267.65
2023-05-22 01:00:00,1267.65,1,0,0,1236.42,1234.7599999999993,1224.1733333333334,1254.76
2023-05-22 02:00:00,1254.76,2,0,0,1267.65,1252.9433333333327,1230.32,1268.54
2023-05-22 03:00:00,1268.54,3,0,0,1254.76,1263.6499999999994,1237.9183333333333,1316.05
2023-05-22 04:00:00,1316.05,4,0,0,1268.54,1279.7833333333328,1257.2716666666665,1333.1
2023-05-22 05:00:00,1333.1,5,0,0,1316.05,1305.8966666666659,1279.42,1371.45
2023-05-22 06:00:00,1371.45,6,0,0,1333.1,1340.1999999999994,1301.925,1421.13
2023-05-22 07:00:00,1421.13,7,0,0,1371.45,1375.2266666666662,1327.5049999999999,1429.84
2023-05-22 08:00:00,1429.84,8,0,0,1421.13,1407.4733333333327,1356.685,1489.59
2023-05-22 09:00:00,1489.59,9,0,0,1429.84,1446.8533333333326,1393.5266666666666,1482.12
2023-05-22 10:00:00,1482.12,10,0,0,1489.59,1467.1833333333325,1421.205,1490.25
2023-05-22 11:00:00,1490.25,11,0,0,1482.12,1487.319999999999,1447.3966666666665,1509.58
2023-05-22 12:00:00,1509.58,12,0,0,1490.25,1493.9833333333327,1470.4183333333333,1481.26
2023-05-22 13:00:00,1481.26,13,0,0,1509.58,1493.696666666666,1480.4399999999998,1465.45
2023-05-22 14:00:00,1465.45,14,0,0,1481.26,1485.4299999999994,1486.375,1437.65
2023-05-22 15:00:00,1437.65,15,0,0,1465.45,1461.453333333333,1477.7183333333332,1407.64
2023-05-22 16:00:00,1407.64,16,0,0,1437.65,1436.9133333333327,1465.305,1387.65
2023-05-22 17:00:00,1387.65,17,0,0,1407.64,1410.9799999999996,1448.205,1381.0
2023-05-22 18:00:00,1381.0,18,0,0,1387.65,1392.0966666666661,1426.7749999999999,1329.09
2023-05-22 19:00:00,1329.09,19,0,0,1381.0,1365.9133333333327,1401.4133333333332,1270.55
2023-05-22 20:00:00,1270.55,20,0,0,1329.09,1326.8799999999994,1368.93,1256.89
2023-05-22 21:00:00,1256.89,21,0,0,1270.55,1285.5099999999995,1338.8033333333335,1222.73
2023-05-22 22:00:00,1222.73,22,0,0,1256.89,1250.0566666666662,1307.985,1243.53
2023-05-22 23:00:00,1243.53,23,0,0,1222.73,1241.0499999999993,1283.9650000000001,1247.54
2023-05-23 00:00:00,1247.54,0,1,0,1243.53,1237.9333333333327,1261.7216666666666,1236.92
2023-05-23 01:00:00,1236.92,1,1,0,1247.54,1242.6633333333327,1246.36,1244.29
2023-05-23 02:00:00,1244.29,2,1,0,1236.92,1242.916666666666,1241.9833333333333,1250.51
2023-05-23 03:00:00,1250.51,3,1,0,1244.29,1243.906666666666,1240.9199999999998,1309.09
2023-05-23 04:00:00,1309.09,4,1,0,1250.51,1267.963333333333,1255.3133333333333,1394.32
2023-05-23 05:00:00,1394.32,5,1,0,1309.09,1317.9733333333327,1280.445,1404.77
2023-05-23 06:00:00,1404.77,6,1,0,1394.32,1369.3933333333327,1306.6499999999999,1414.81
2023-05-23 07:00:00,1414.81,7,1,0,1404.77,1404.6333333333325,1336.2983333333332,1450.92
2023-05-23 08:00:00,1450.92,8,1,0,1414.81,1423.4999999999993,1370.7366666666667,1481.63
2023-05-23 09:00:00,1481.63,9,1,0,1450.92,1449.1199999999997,1409.256666666667,1514.2
2023-05-23 10:00:00,1514.2,10,1,0,1481.63,1482.2499999999993,1443.4416666666666,1497.36
2023-05-23 11:00:00,1497.36,11,1,0,1514.2,1497.7299999999996,1460.615,1513.54
2023-05-23 12:00:00,1513.54,12,1,0,1497.36,1508.366666666666,1478.743333333333,1499.23
2023-05-23 13:00:00,1499.23,13,1,0,1513.54,1503.376666666666,1492.8133333333335,1496.98
2023-05-23 14:00:00,1496.98,14,1,0,1499.23,1503.2499999999993,1500.49,1444.14
2023-05-23 15:00:00,1444.14,15,1,0,1496.98,1480.116666666666,1494.2416666666668,1429.18
2023-05-23 16:00:00,1429.18,16,1,0,1444.14,1456.7666666666662,1480.0716666666667,1387.81
2023-05-23 17:00:00,1387.81,17,1,0,1429.18,1420.376666666666,1461.8133333333333,1359.16
2023-05-23 18:00:00,1359.16,18,1,0,1387.81,1392.0499999999993,1436.0833333333333,1298.46
2023-05-23 19:00:00,1298.46,19,1,0,1359.16,1348.4766666666662,1402.6216666666667,1267.46
2023-05-23 20:00:00,1267.46,20,1,0,1298.46,1308.3599999999994,1364.3683333333333,1261.22
2023-05-23 21:00:00,1261.22,21,1,0,1267.46,1275.713333333333,1333.8816666666667,1233.34
2023-05-23 22:00:00,1233.34,22,1,0,1261.22,1254.0066666666662,1301.2416666666668,1237.52
2023-05-23 23:00:00,1237.52,23,1,0,1233.34,1244.026666666666,1276.1933333333334,1253.87
2023-05-24 00:00:00,1253.87,0,2,0,1237.52,1241.576666666666,1258.645,1264.24
2023-05-24 01:00:00,1264.24,1,2,0,1253.87,1251.8766666666659,1252.9416666666666,1255.99
2023-05-24 02:00:00,1255.99,2,2,0,1264.24,1258.0333333333326,1251.03,1288.01
2023-05-24 03:00:00,1288.01,3,2,0,1255.99,1269.4133333333327,1255.495,1310.94
2023-05-24 04:00:00,1310.94,4,2,0,1288.01,1284.9799999999993,1268.4283333333333,1359.22
2023-05-24 05:00:00,1359.22,5,2,0,1310.94,1319.3899999999994,1288.7116666666668,1377.62
2023-05-24 06:00:00,1377.62,6,2,0,1359.22,1349.2599999999993,1309.3366666666668,1418.4
2023-05-24 07:00:00,1418.4,7,2,0,1377.62,1385.0799999999992,1335.03,1459.6
2023-05-24 08:00:00,1459.6,8,2,0,1418.4,1418.5399999999993,1368.9650000000001,1477.78
2023-05-24 09:00:00,1477.78,9,2,0,1459.6,1451.926666666666,1400.5933333333332,1511.31
2023-05-24 10:00:00,1511.31,10,2,0,1477.78,1482.8966666666663,1433.9883333333335,1502.93
2023-05-24 11:00:00,1502.93,11,2,0,1511.31,1497.3399999999992,1457.9399999999998,1508.53
2023-05-24 12:00:00,1508.53,12,2,0,1502.93,1507.5899999999995,1479.7583333333332,1483.95
2023-05-24 13:00:00,1483.95,13,2,0,1508.53,1498.4699999999993,1490.6833333333334,1471.97
2023-05-24 14:00:00,1471.97,14,2,0,1483.95,1488.1499999999994,1492.745,1431.08
2023-05-24 15:00:00,1431.08,15,2,0,1471.97,1462.3333333333328,1484.9616666666668,1398.93
2023-05-24 16:00:00,1398.93,16,2,0,1431.08,1433.9933333333329,1466.2316666666666,1405.39
2023-05-24 17:00:00,1405.39,17,2,0,1398.93,1411.7999999999993,1449.9750000000001,1342.19
2023-05-24 18:00:00,1342.19,18,2,0,1405.39,1382.1699999999994,1422.2516666666668,1326.87
2023-05-24 19:00:00,1326.87,19,2,0,1342.19,1358.1499999999994,1396.0716666666667,1255.51
2023-05-24 20:00:00,1255.51,20,2,0,1326.87,1308.1899999999994,1359.9950000000001,1254.6
2023-05-24 21:00:00,1254.6,21,2,0,1255.51,1278.9933333333327,1330.5816666666667,1262.69
2023-05-24 22:00:00,1262.69,22,2,0,1254.6,1257.5999999999995,1307.875,1204.16
2023-05-24 23:00:00,1204.16,23,2,0,1262.69,1240.4833333333327,1274.3366666666666,1230.26
2023-05-25 00:00:00,1230.26,0,3,0,1204.16,1232.3699999999997,1255.6816666666666,1251.59
2023-05-25 01:00:00,1251.59,1,3,0,1230.26,1228.6699999999994,1243.135,1251.46
2023-05-25 02:00:00,1251.46,2,3,0,1251.59,1244.436666666666,1242.46,1279.23
2023-05-25 03:00:00,1279.23,3,3,0,1251.46,1260.7599999999995,1246.5649999999998,1337.75
2023-05-25 04:00:00,1337.75,4,3,0,1279.23,1289.4799999999993,1259.075,1339.31
2023-05-25 05:00:00,1339.31,5,3,0,1337.75,1318.7633333333326,1281.6000000000001,1364.94
2023-05-25 06:00:00,1364.94,6,3,0,1339.31,1347.3333333333328,1304.0466666666666,1464.18
2023-05-25 07:00:00,1464.18,7,3,0,1364.94,1389.4766666666662,1339.4783333333332,1436.72
2023-05-25 08:00:00,1436.72,8,3,0,1464.18,1421.946666666666,1370.3549999999998,1514.07
2023-05-25 09:00:00,1514.07,9,3,0,1436.72,1471.656666666666,1409.4950000000001,1480.28
2023-05-25 10:00:00,1480.28,10,3,0,1514.07,1477.0233333333326,1433.25,1481.67
2023-05-25 11:00:00,1481.67,11,3,0,1480.28,1492.0066666666662,1456.9766666666667,1527.38
2023-05-25 12:00:00,1527.38,12,3,0,1481.67,1496.4433333333327,1484.0500000000002,1484.49
2023-05-25 13:00:00,1484.49,13,3,0,1527.38,1497.8466666666661,1487.4350000000002,1483.83
2023-05-25 14:00:00,1483.83,14,3,0,1484.49,1498.566666666666,1495.2866666666666,1469.9
2023-05-25 15:00:00,1469.9,15,3,0,1483.83,1479.406666666666,1487.925,1409.03
2023-05-25 16:00:00,1409.03,16,3,0,1469.9,1454.2533333333329,1476.0500000000002,1340.27
2023-05-25 17:00:00,1340.27,17,3,0,1409.03,1406.3999999999996,1452.4833333333333,1354.8
2023-05-25 18:00:00,1354.8,18,3,0,1340.27,1368.0333333333326,1423.72,1291.48
2023-05-25 19:00:00,1291.48,19,3,0,1354.8,1328.8499999999995,1391.551666666667,1287.97
2023-05-25 20:00:00,1287.97,20,3,0,1291.48,1311.416666666666,1358.9083333333335,1278.9
2023-05-25 21:00:00,1278.9,21,3,0,1287.97,1286.116666666666,1327.075,1244.7
2023-05-25 22:00:00,1244.7,22,3,0,1278.9,1270.5233333333326,1299.6866666666667,1221.83
2023-05-25 23:00:00,1221.83,23,3,0,1244.7,1248.4766666666662,1279.9466666666667,1225.07
2023-05-26 00:00:00,1225.07,0,4,0,1221.83,1230.5333333333326,1258.325,1278.24
2023-05-26 01:00:00,1278.24,1,4,0,1225.07,1241.7133333333325,1256.1183333333333,1267.77
2023-05-26 02:00:00,1267.77,2,4,0,1278.24,1257.026666666666,1252.7516666666668,1307.7
2023-05-26 03:00:00,1307.7,3,4,0,1267.77,1284.5699999999995,1257.5516666666667,1314.1
2023-05-26 04:00:00,1314.1,4,4,0,1307.7,1296.5233333333329,1269.1183333333333,1340.58
2023-05-26 05:00:00,1340.58,5,4,0,1314.1,1320.7933333333328,1288.9099999999999,1385.97
2023-05-26 06:00:00,1385.97,6,4,0,1340.58,1346.8833333333325,1315.7266666666667,1438.27
2023-05-26 07:00:00,1438.27,7,4,0,1385.97,1388.2733333333326,1342.3983333333333,1497.88
2023-05-26 08:00:00,1497.88,8,4,0,1438.27,1440.706666666666,1380.75,1507.2
2023-05-26 09:00:00,1507.2,9,4,0,1497.88,1481.116666666666,1414.0,1481.57
2023-05-26 10:00:00,1481.57,10,4,0,1507.2,1495.5499999999995,1441.9116666666669,1502.4
2023-05-26 11:00:00,1502.4,11,4,0,1481.57,1497.0566666666662,1468.881666666667,1543.66
2023-05-26 12:00:00,1543.66,12,4,0,1502.4,1509.2099999999994,1495.1633333333332,1445.46
2023-05-26 13:00:00,1445.46,13,4,0,1543.66,1497.173333333333,1496.3616666666667,1470.34
2023-05-26 14:00:00,1470.34,14,4,0,1445.46,1486.486666666666,1491.7716666666668,1445.05
2023-05-26 15:00:00,1445.05,15,4,0,1470.34,1453.616666666666,1481.4133333333332,1423.5
2023-05-26 16:00:00,1423.5,16,4,0,1445.05,1446.296666666666,1471.735,1359.85
2023-05-26 17:00:00,1359.85,17,4,0,1423.5,1409.466666666666,1447.9766666666667,1344.6
2023-05-26 18:00:00,1344.6,18,4,0,1359.85,1375.9833333333327,1414.8,1321.91
2023-05-26 19:00:00,1321.91,19,4,0,1344.6,1342.1199999999992,1394.2083333333333,1273.18
2023-05-26 20:00:00,1273.18,20,4,0,1321.91,1313.2299999999993,1361.3483333333331,1259.45
2023-05-26 21:00:00,1259.45,21,4,0,1273.18,1284.8466666666661,1330.415,1258.21
2023-05-26 22:00:00,1258.21,22,4,0,1259.45,1263.6133333333328,1302.8666666666668,1244.13
2023-05-26 23:00:00,1244.13,23,4,0,1258.21,1253.9299999999994,1283.58,1240.97
2023-05-27 00:00:00,1240.97,0,5,1,1244.13,1247.7699999999995,1266.3083333333334,1235.91
2023-05-27 01:00:00,1235.91,1,5,1,1240.97,1240.3366666666661,1251.9750000000001,1242.3
2023-05-27 02:00:00,1242.3,2,5,1,1235.91,1239.7266666666662,1246.8283333333334,1273.23
2023-05-27 03:00:00,1273.23,3,5,1,1242.3,1250.4799999999993,1249.1250000000002,1305.04
2023-05-27 04:00:00,1305.04,4,5,1,1273.23,1273.5233333333326,1256.93,1319.83
2023-05-27 05:00:00,1319.83,5,5,1,1305.04,1299.366666666666,1269.5466666666669,1352.13
2023-05-27 06:00:00,1352.13,6,5,1,1319.83,1325.666666666666,1288.0733333333335,1380.3
2023-05-27 07:00:00,1380.3,7,5,1,1352.13,1350.7533333333329,1312.1383333333333,1423.57
2023-05-27 08:00:00,1423.57,8,5,1,1380.3,1385.3333333333328,1342.3500000000001,1435.28
2023-05-27 09:00:00,1435.28,9,5,1,1423.57,1413.0499999999993,1369.3583333333333,1461.74
2023-05-27 10:00:00,1461.74,10,5,1,1435.28,1440.196666666666,1395.4750000000001,1487.61
2023-05-27 11:00:00,1487.61,11,5,1,1461.74,1461.5433333333328,1423.4383333333333,1472.71
2023-05-27 12:00:00,1472.71,12,5,1,1487.61,1474.0199999999995,1443.5349999999999,1465.01
2023-05-27 13:00:00,1465.01,13,5,1,1472.71,1475.1099999999994,1457.6533333333334,1435.76
2023-05-27 14:00:00,1435.76,14,5,1,1465.01,1457.8266666666661,1459.6850000000002,1426.73
2023-05-27 15:00:00,1426.73,15,5,1,1435.76,1442.4999999999993,1458.26,1392.9
2023-05-27 16:00:00,1392.9,16,5,1,1426.73,1418.463333333333,1446.7866666666669,1373.58
2023-05-27 17:00:00,1373.58,17,5,1,1392.9,1397.736666666666,1427.7816666666665,1329.93
2023-05-27 18:00:00,1329.93,18,5,1,1373.58,1365.4699999999993,1403.985,1263.42
2023-05-27 19:00:00,1263.42,19,5,1,1329.93,1322.3099999999993,1370.3866666666665,1269.94
2023-05-27 20:00:00,1269.94,20,5,1,1263.42,1287.7633333333329,1342.75,1230.66
2023-05-27 21:00:00,1230.66,21,5,1,1269.94,1254.673333333333,1310.0716666666667,1184.89
2023-05-27 22:00:00,1184.89,22,5,1,1230.66,1228.4966666666662,1275.4033333333334,1219.22
2023-05-27 23:00:00,1219.22,23,5,1,1184.89,1211.5899999999995,1249.6766666666667,1204.15
2023-05-28 00:00:00,1204.15,0,6,1,1219.22,1202.7533333333329,1228.7133333333334,1197.74
2023-05-28 01:00:00,1197.74,1,6,1,1204.15,1207.0366666666662,1217.7666666666667,1223.52
2023-05-28 02:00:00,1223.52,2,6,1,1197.74,1208.4699999999996,1210.03,1221.75
2023-05-28 03:00:00,1221.75,3,6,1,1223.52,1214.3366666666661,1208.545,1284.25
2023-05-28 04:00:00,1284.25,4,6,1,1221.75,1243.1733333333327,1225.105,1320.13
2023-05-28 05:00:00,1320.13,5,6,1,1284.25,1275.376666666666,1241.9233333333334,1349.91
2023-05-28 06:00:00,1349.91,6,6,1,1320.13,1318.0966666666661,1266.2166666666665,1396.24
2023-05-28 07:00:00,1396.24,7,6,1,1349.91,1355.426666666666,1299.3,1456.08
2023-05-28 08:00:00,1456.08,8,6,1,1396.24,1400.7433333333327,1338.0600000000002,1456.2
2023-05-28 09:00:00,1456.2,9,6,1,1456.08,1436.173333333333,1377.1350000000002,1476.14
2023-05-28 10:00:00,1476.14,10,6,1,1456.2,1462.8066666666662,1409.1166666666668,1481.26
2023-05-28 11:00:00,1481.26,11,6,1,1476.14,1471.1999999999996,1435.9716666666666,1448.55
2023-05-28 12:00:00,1448.55,12,6,1,1481.26,1468.6499999999996,1452.4116666666669,1466.53
2023-05-28 13:00:00,1466.53,13,6,1,1448.55,1465.446666666666,1464.1266666666668,1456.27
2023-05-28 14:00:00,1456.27,14,6,1,1466.53,1457.1166666666659,1464.1583333333335,1395.65
2023-05-28 15:00:00,1395.65,15,6,1,1456.27,1439.4833333333327,1454.0666666666666,1387.77
2023-05-28 16:00:00,1387.77,16,6,1,1395.65,1413.2299999999996,1439.3383333333331,1358.67
2023-05-28 17:00:00,1358.67,17,6,1,1387.77,1380.696666666666,1418.9066666666665,1338.3
2023-05-28 18:00:00,1338.3,18,6,1,1358.67,1361.5799999999995,1400.5316666666668,1275.27
2023-05-28 19:00:00,1275.27,19,6,1,1338.3,1324.0799999999995,1368.655,1270.54
2023-05-28 20:00:00,1270.54,20,6,1,1275.27,1294.7033333333327,1337.7,1205.47
2023-05-28 21:00:00,1205.47,21,6,1,1270.54,1250.426666666666,1306.0033333333333,1214.82
2023-05-28 22:00:00,1214.82,22,6,1,1205.47,1230.276666666666,1277.1783333333333,1206.67
2023-05-28 23:00:00,1206.67,23,6,1,1214.82,1208.986666666666,1251.845,1224.06
2023-05-29 00:00:00,1224.06,0,0,0,1206.67,1215.1833333333327,1232.805,1231.02
2023-05-29 01:00:00,1231.02,1,0,0,1224.06,1220.5833333333328,1225.43,1256.07
2023-05-29 02:00:00,1256.07,2,0,0,1231.02,1237.0499999999993,1223.0183333333334,1328.11
2023-05-29 03:00:00,1328.11,3,0,0,1256.07,1271.7333333333327,1243.4583333333333,1324.77
2023-05-29 04:00:00,1324.77,4,0,0,1328.11,1302.9833333333327,1261.7833333333333,1397.82
2023-05-29 05:00:00,1397.82,5,0,0,1324.77,1350.2333333333327,1293.6416666666667,1352.78
2023-05-29 06:00:00,1352.78,6,0,0,1397.82,1358.456666666666,1315.095,1439.68
2023-05-29 07:00:00,1439.68,7,0,0,1352.78,1396.7599999999993,1349.8716666666667,1442.38
2023-05-29 08:00:00,1442.38,8,0,0,1439.68,1411.6133333333328,1380.9233333333334,1481.44
2023-05-29 09:00:00,1481.44,9,0,0,1442.38,1454.4999999999993,1406.4783333333332,1528.09
2023-05-29 10:00:00,1528.09,10,0,0,1481.44,1483.9699999999993,1440.365,1548.15
2023-05-29 11:00:00,1548.15,11,0,0,1528.09,1519.2266666666662,1465.42,1476.13
2023-05-29 12:00:00,1476.13,12,0,0,1548.15,1517.4566666666663,1485.9783333333335,1538.16
2023-05-29 13:00:00,1538.16,13,0,0,1476.13,1520.8133333333328,1502.3916666666667,1486.38
2023-05-29 14:00:00,1486.38,14,0,0,1538.16,1500.2233333333327,1509.7250000000001,1465.83
2023-05-29 15:00:00,1465.83,15,0,0,1486.38,1496.7899999999993,1507.1233333333332,1448.08
2023-05-29 16:00:00,1448.08,16,0,0,1465.83,1466.7633333333326,1493.7883333333332,1373.43
2023-05-29 17:00:00,1373.43,17,0,0,1448.08,1429.1133333333328,1464.6683333333333,1368.08
2023-05-29 18:00:00,1368.08,18,0,0,1373.43,1396.5299999999995,1446.66,1327.18
2023-05-29 19:00:00,1327.18,19,0,0,1368.08,1356.2299999999996,1411.4966666666667,1287.31
2023-05-29 20:00:00,1287.31,20,0,0,1327.18,1327.5233333333326,1378.3183333333334,1251.26
2023-05-29 21:00:00,1251.26,21,0,0,1287.31,1288.5833333333328,1342.5566666666666,1256.44
2023-05-29 22:00:00,1256.44,22,0,0,1251.26,1265.0033333333326,1310.6166666666668,1263.14
2023-05-29 23:00:00,1263.14,23,0,0,1256.44,1256.946666666666,1292.235,1241.79
2023-05-30 00:00:00,1241.79,0,1,0,1263.14,1253.7899999999993,1271.1866666666667,1207.64
2023-05-30 01:00:00,1207.64,1,1,0,1241.79,1237.5233333333329,1251.2633333333333,1237.2
2023-05-30 02:00:00,1237.2,2,1,0,1207.64,1228.876666666666,1242.9116666666669,1302.03
2023-05-30 03:00:00,1302.03,3,1,0,1237.2,1248.9566666666663,1251.3733333333334,1344.12
2023-05-30 04:00:00,1344.12,4,1,0,1302.03,1294.4499999999994,1265.9866666666667,1375.32
2023-05-30 05:00:00,1375.32,5,1,0,1344.12,1340.489999999999,1284.6833333333334,1382.39
2023-05-30 06:00:00,1382.39,6,1,0,1375.32,1367.276666666666,1308.1166666666666,1449.43
2023-05-30 07:00:00,1449.43,7,1,0,1382.39,1402.3799999999994,1348.415,1447.51
2023-05-30 08:00:00,1447.51,8,1,0,1449.43,1426.4433333333327,1383.4666666666665,1519.73
2023-05-30 09:00:00,1519.73,9,1,0,1447.51,1472.2233333333327,1419.75,1510.34
2023-05-30 10:00:00,1510.34,10,1,0,1519.73,1492.526666666666,1447.4533333333331,1503.35
2023-05-30 11:00:00,1503.35,11,1,0,1510.34,1511.1399999999994,1468.7916666666667,1476.15
2023-05-30 12:00:00,1476.15,12,1,0,1503.35,1496.6133333333328,1484.4183333333333,1492.71
2023-05-30 13:00:00,1492.71,13,1,0,1476.15,1490.736666666666,1491.6316666666664,1515.7
2023-05-30 14:00:00,1515.7,14,1,0,1492.71,1494.8533333333328,1502.9966666666667,1452.83
2023-05-30 15:00:00,1452.83,15,1,0,1515.7,1487.0799999999992,1491.8466666666666,1428.59
2023-05-30 16:00:00,1428.59,16,1,0,1452.83,1465.706666666666,1478.2216666666666,1325.83
2023-05-30 17:00:00,1325.83,17,1,0,1428.59,1402.416666666666,1448.635,1345.04
2023-05-30 18:00:00,1345.04,18,1,0,1325.83,1366.486666666666,1426.7833333333335,1330.61
2023-05-30 19:00:00,1330.61,19,1,0,1345.04,1333.826666666666,1399.7666666666664,1283.22
2023-05-30 20:00:00,1283.22,20,1,0,1330.61,1319.6233333333328,1361.0199999999998,1256.08
2023-05-30 21:00:00,1256.08,21,1,0,1283.22,1289.9699999999993,1328.2283333333332,1226.43
2023-05-30 22:00:00,1226.43,22,1,0,1256.08,1255.2433333333327,1294.5349999999999,1256.33
2023-05-30 23:00:00,1256.33,23,1,0,1226.43,1246.2799999999995,1282.9516666666666,1239.98
2023-05-31 00:00:00,1239.98,0,2,0,1256.33,1240.9133333333327,1265.4416666666668,1237.17
2023-05-31 01:00:00,1237.17,1,2,0,1239.98,1244.4933333333327,1249.8683333333333,1291.46
2023-05-31 02:00:00,1291.46,2,2,0,1237.17,1256.2033333333327,1251.2416666666666,1265.0
2023-05-31 03:00:00,1265.0,3,2,0,1291.46,1264.5433333333328,1252.7283333333335,1299.08
2023-05-31 04:00:00,1299.08,4,2,0,1265.0,1285.1799999999994,1264.8366666666668,1407.77
2023-05-31 05:00:00,1407.77,5,2,0,1299.08,1323.9499999999994,1290.0766666666666,1369.46
2023-05-31 06:00:00,1369.46,6,2,0,1407.77,1358.7699999999993,1311.6566666666665,1459.91
2023-05-31 07:00:00,1459.91,7,2,0,1369.46,1412.3799999999994,1348.78,1457.6
2023-05-31 08:00:00,1457.6,8,2,0,1459.91,1428.9899999999996,1376.47,1479.63
2023-05-31 09:00:00,1479.63,9,2,0,1457.6,1465.713333333333,1412.2416666666668,1498.87
2023-05-31 10:00:00,1498.87,10,2,0,1479.63,1478.6999999999996,1445.54,1507.28
2023-05-31 11:00:00,1507.28,11,2,0,1498.87,1495.2599999999993,1462.125,1526.12
2023-05-31 12:00:00,1526.12,12,2,0,1507.28,1510.756666666666,1488.235,1509.98
2023-05-31 13:00:00,1509.98,13,2,0,1526.12,1514.4599999999991,1496.58,1455.39
2023-05-31 14:00:00,1455.39,14,2,0,1509.98,1497.1633333333327,1496.2116666666668,1469.36
2023-05-31 15:00:00,1469.36,15,2,0,1455.39,1478.2433333333327,1494.5,1413.43
2023-05-31 16:00:00,1413.43,16,2,0,1469.36,1446.0599999999995,1480.26,1377.48
2023-05-31 17:00:00,1377.48,17,2,0,1413.43,1420.0899999999992,1458.6266666666668,1363.24
2023-05-31 18:00:00,1363.24,18,2,0,1377.48,1384.716666666666,1431.4800000000002,1297.06
2023-05-31 19:00:00,1297.06,19,2,0,1363.24,1345.926666666666,1395.993333333333,1291.57
2023-05-31 20:00:00,1291.57,20,2,0,1297.06,1317.2899999999993,1368.6899999999998,1245.65
2023-05-31 21:00:00,1245.65,21,2,0,1291.57,1278.0933333333326,1331.405,1226.48
2023-05-31 22:00:00,1226.48,22,2,0,1245.65,1254.566666666666,1300.2466666666667,1243.33
2023-05-31 23:00:00,1243.33,23,2,0,1226.48,1238.486666666666,1277.8883333333333,1231.43
2023-06-01 00:00:00,1231.43,0,3,0,1243.33,1233.746666666666,1255.92,1281.7
2023-06-01 01:00:00,1281.7,1,3,0,1231.43,1252.1533333333327,1253.36,1267.06
2023-06-01 02:00:00,1267.06,2,3,0,1281.7,1260.0633333333328,1249.2749999999999,1268.3
2023-06-01 03:00:00,1268.3,3,3,0,1267.06,1272.3533333333328,1253.05,1329.35
2023-06-01 04:00:00,1329.35,4,3,0,1268.3,1288.236666666666,1270.195,1384.99
2023-06-01 05:00:00,1384.99,5,3,0,1329.35,1327.546666666666,1293.805,1392.39
2023-06-01 06:00:00,1392.39,6,3,0,1384.99,1368.9099999999992,1320.6316666666667,1420.65
2023-06-01 07:00:00,1420.65,7,3,0,1392.39,1399.343333333333,1343.79,1456.61
2023-06-01 08:00:00,1456.61,8,3,0,1420.65,1423.2166666666662,1375.381666666667,1497.88
2023-06-01 09:00:00,1497.88,9,3,0,1456.61,1458.3799999999994,1413.6450000000002,1490.76
2023-06-01 10:00:00,1490.76,10,3,0,1497.88,1481.7499999999993,1440.5466666666669,1544.23
2023-06-01 11:00:00,1544.23,11,3,0,1490.76,1510.9566666666663,1467.0866666666668,1524.77
2023-06-01 12:00:00,1524.77,12,3,0,1544.23,1519.9199999999994,1489.1499999999999,1465.03
2023-06-01 13:00:00,1465.03,13,3,0,1524.77,1511.3433333333326,1496.5466666666669,1458.07
2023-06-01 14:00:00,1458.07,14,3,0,1465.03,1482.6233333333328,1496.79,1453.12
2023-06-01 15:00:00,1453.12,15,3,0,1458.07,1458.739999999999,1489.33,1425.49
2023-06-01 16:00:00,1425.49,16,3,0,1453.12,1445.5599999999995,1478.4516666666666,1387.79
2023-06-01 17:00:00,1387.79,17,3,0,1425.49,1422.1333333333325,1452.3783333333333,1340.54
2023-06-01 18:00:00,1340.54,18,3,0,1387.79,1384.606666666666,1421.6733333333334,1342.99
2023-06-01 19:00:00,1342.99,19,3,0,1340.54,1357.1066666666661,1401.3333333333333,1307.17
2023-06-01 20:00:00,1307.17,20,3,0,1342.99,1330.2333333333327,1376.1833333333334,1237.17
2023-06-01 21:00:00,1237.17,21,3,0,1307.17,1295.776666666666,1340.1916666666666,1207.73
2023-06-01 22:00:00,1207.73,22,3,0,1237.17,1250.6899999999994,1303.8983333333333,1272.33
2023-06-01 23:00:00,1272.33,23,3,0,1207.73,1239.0766666666661,1284.655,1221.72
2023-06-02 00:00:00,1221.72,0,4,0,1272.33,1233.926666666666,1264.8516666666667,1240.8
2023-06-02 01:00:00,1240.8,1,4,0,1221.72,1244.9499999999994,1247.82,1232.57
2023-06-02 02:00:00,1232.57,2,4,0,1240.8,1231.696666666666,1235.3866666666665,1295.11
2023-06-02 03:00:00,1295.11,3,4,0,1232.57,1256.1599999999992,1245.0433333333333,1314.7
2023-06-02 04:00:00,1314.7,4,4,0,1295.11,1280.7933333333328,1262.8716666666667,1370.02
2023-06-02 05:00:00,1370.02,5,4,0,1314.7,1326.6099999999994,1279.1533333333334,1360.67
2023-06-02 06:00:00,1360.67,6,4,0,1370.02,1348.463333333333,1302.3116666666667,1428.54
2023-06-02 07:00:00,1428.54,7,4,0,1360.67,1386.4099999999996,1333.6016666666667,1458.55
2023-06-02 08:00:00,1458.55,8,4,0,1428.54,1415.9199999999994,1371.265,1488.12
2023-06-02 09:00:00,1488.12,9,4,0,1458.55,1458.4033333333325,1403.4333333333334,1508.31
2023-06-02 10:00:00,1508.31,10,4,0,1488.12,1484.9933333333327,1435.7016666666666,1509.44
2023-06-02 11:00:00,1509.44,11,4,0,1508.31,1501.956666666666,1458.9383333333333,1532.67
2023-06-02 12:00:00,1532.67,12,4,0,1509.44,1516.8066666666662,1487.6049999999998,1461.73
2023-06-02 13:00:00,1461.73,13,4,0,1532.67,1501.2799999999995,1493.1366666666665,1514.76
2023-06-02 14:00:00,1514.76,14,4,0,1461.73,1503.0533333333326,1502.505,1474.74
2023-06-02 15:00:00,1474.74,15,4,0,1514.76,1483.7433333333327,1500.2749999999999,1423.8
2023-06-02 16:00:00,1423.8,16,4,0,1474.74,1471.0999999999995,1486.1899999999998,1376.14
2023-06-02 17:00:00,1376.14,17,4,0,1423.8,1424.8933333333327,1463.9733333333334,1328.93
2023-06-02 18:00:00,1328.93,18,4,0,1376.14,1376.2899999999993,1430.0166666666667,1317.75
2023-06-02 19:00:00,1317.75,19,4,0,1328.93,1340.9399999999994,1406.0199999999998,1293.49
2023-06-02 20:00:00,1293.49,20,4,0,1317.75,1313.3899999999994,1369.1416666666667,1262.4
2023-06-02 21:00:00,1262.4,21,4,0,1293.49,1291.2133333333327,1333.7516666666668,1247.53
2023-06-02 22:00:00,1247.53,22,4,0,1262.4,1267.8066666666662,1304.3733333333334,1226.39
2023-06-02 23:00:00,1226.39,23,4,0,1247.53,1245.4399999999994,1279.4150000000002,1200.61
2023-06-03 00:00:00,1200.61,0,5,1,1226.39,1224.8433333333326,1258.0283333333334,1195.54
2023-06-03 01:00:00,1195.54,1,5,1,1200.61,1207.5133333333326,1237.66,1266.75
2023-06-03 02:00:00,1266.75,2,5,1,1195.54,1220.966666666666,1233.2033333333334,1257.58
2023-06-03 03:00:00,1257.58,3,5,1,1266.75,1239.956666666666,1232.3999999999999,1312.17
2023-06-03 04:00:00,1312.17,4,5,1,1257.58,1278.8333333333328,1243.1733333333334,1324.12
2023-06-03 05:00:00,1324.12,5,5,1,1312.17,1297.956666666666,1259.4616666666666,1358.07
2023-06-03 06:00:00,1358.07,6,5,1,1324.12,1331.4533333333327,1285.705,1404.64
2023-06-03 07:00:00,1404.64,7,5,1,1358.07,1362.276666666666,1320.555,1415.01
2023-06-03 08:00:00,1415.01,8,5,1,1404.64,1392.5733333333326,1345.265,1435.71
2023-06-03 09:00:00,1435.71,9,5,1,1415.01,1418.453333333333,1374.9533333333331,1480.68
2023-06-03 10:00:00,1480.68,10,5,1,1435.71,1443.7999999999993,1403.0383333333332,1479.56
2023-06-03 11:00:00,1479.56,11,5,1,1480.68,1465.316666666666,1428.945,1495.88
2023-06-03 12:00:00,1495.88,12,5,1,1479.56,1485.3733333333328,1451.9133333333332,1533.03
2023-06-03 13:00:00,1533.03,13,5,1,1495.88,1502.8233333333326,1473.3116666666667,1437.29
2023-06-03 14:00:00,1437.29,14,5,1,1533.03,1488.733333333333,1477.0249999999999,1442.27
2023-06-03 15:00:00,1442.27,15,5,1,1437.29,1470.8633333333328,1478.118333333333,1396.14
2023-06-03 16:00:00,1396.14,16,5,1,1442.27,1425.2333333333327,1464.0283333333334,1385.88
2023-06-03 17:00:00,1385.88,17,5,1,1396.14,1408.0966666666661,1448.415,1317.83
2023-06-03 18:00:00,1317.83,18,5,1,1385.88,1366.616666666666,1418.74,1277.27
2023-06-03 19:00:00,1277.27,19,5,1,1317.83,1326.9933333333327,1376.1133333333335,1245.7
2023-06-03 20:00:00,1245.7,20,5,1,1277.27,1280.266666666666,1344.1816666666666,1260.9
2023-06-03 21:00:00,1260.9,21,5,1,1245.7,1261.2899999999995,1313.9533333333334,1230.0
2023-06-03 22:00:00,1230.0,22,5,1,1260.9,1245.5333333333328,1286.2633333333333,1206.15
2023-06-03 23:00:00,1206.15,23,5,1,1230.0,1232.3499999999995,1256.3083333333334,1220.46
2023-06-04 00:00:00,1220.46,0,6,1,1206.15,1218.8699999999994,1240.0800000000002,1210.95
2023-06-04 01:00:00,1210.95,1,6,1,1220.46,1212.5199999999995,1229.0266666666666,1192.61
2023-06-04 02:00:00,1192.61,2,6,1,1210.95,1208.006666666666,1220.1783333333335,1284.67
2023-06-04 03:00:00,1284.67,3,6,1,1192.61,1229.4099999999994,1224.14,1292.71
2023-06-04 04:00:00,1292.71,4,6,1,1284.67,1256.6633333333327,1234.5916666666667,1291.68
2023-06-04 05:00:00,1291.68,5,6,1,1292.71,1289.6866666666663,1248.8466666666666,1379.03
2023-06-04 06:00:00,1379.03,6,6,1,1291.68,1321.1399999999994,1275.275,1377.2
2023-06-04 07:00:00,1377.2,7,6,1,1379.03,1349.3033333333326,1302.9833333333333,1412.03
2023-06-04 08:00:00,1412.03,8,6,1,1377.2,1389.4199999999994,1339.5533333333333,1470.03
2023-06-04 09:00:00,1470.03,9,6,1,1412.03,1419.7533333333329,1370.4466666666667,1491.58
2023-06-04 10:00:00,1491.58,10,6,1,1470.03,1457.8799999999994,1403.5916666666665,1469.56
2023-06-04 11:00:00,1469.56,11,6,1,1491.58,1477.0566666666662,1433.2383333333335,1480.38
2023-06-04 12:00:00,1480.38,12,6,1,1469.56,1480.5066666666662,1450.1299999999999,1474.87
2023-06-04 13:00:00,1474.87,13,6,1,1480.38,1474.9366666666663,1466.4083333333335,1449.68
2023-06-04 14:00:00,1449.68,14,6,1,1474.87,1468.3099999999995,1472.6833333333334,1404.86
2023-06-04 15:00:00,1404.86,15,6,1,1449.68,1443.136666666666,1461.8216666666667,1380.45
2023-06-04 16:00:00,1380.45,16,6,1,1404.86,1411.6633333333327,1443.3,1377.1
2023-06-04 17:00:00,1377.1,17,6,1,1380.45,1387.4699999999993,1427.89,1311.61
2023-06-04 18:00:00,1311.61,18,6,1,1377.1,1356.386666666666,1399.7616666666665,1273.61
2023-06-04 19:00:00,1273.61,19,6,1,1311.61,1320.7733333333326,1366.2183333333332,1246.93
2023-06-04 20:00:00,1246.93,20,6,1,1273.61,1277.3833333333325,1332.4266666666665,1229.55
2023-06-04 21:00:00,1229.55,21,6,1,1246.93,1250.0299999999995,1303.2083333333333,1236.06
2023-06-04 22:00:00,1236.06,22,6,1,1229.55,1237.5133333333326,1279.1433333333332,1176.95
2023-06-04 23:00:00,1176.95,23,6,1,1236.06,1214.1866666666658,1245.7849999999999,1228.11
2023-06-05 00:00:00,1228.11,0,0,0,1176.95,1213.706666666666,1231.8683333333333,1232.57
2023-06-05 01:00:00,1232.57,1,0,0,1228.11,1212.5433333333328,1225.0283333333334,1280.5
2023-06-05 02:00:00,1280.5,2,0,0,1232.57,1247.0599999999995,1230.6233333333332,1295.49
2023-06-05 03:00:00,1295.49,3,0,0,1280.5,1269.5199999999993,1241.6133333333332,1325.87
2023-06-05 04:00:00,1325.87,4,0,0,1295.49,1300.6199999999992,1256.5816666666667,1357.73
2023-06-05 05:00:00,1357.73,5,0,0,1325.87,1326.3633333333325,1286.7116666666666,1425.11
2023-06-05 06:00:00,1425.11,6,0,0,1357.73,1369.5699999999995,1319.5449999999998,1420.26
2023-06-05 07:00:00,1420.26,7,0,0,1425.11,1401.0333333333328,1350.8266666666666,1458.59
2023-06-05 08:00:00,1458.59,8,0,0,1420.26,1434.6533333333327,1380.5083333333332,1512.77
2023-06-05 09:00:00,1512.77,9,0,0,1458.59,1463.8733333333328,1416.7216666666666,1497.23
2023-06-05 10:00:00,1497.23,10,0,0,1512.77,1489.5299999999995,1445.2816666666668,1519.42
2023-06-05 11:00:00,1519.42,11,0,0,1497.23,1509.8066666666662,1472.2299999999998,1507.01
2023-06-05 12:00:00,1507.01,12,0,0,1519.42,1507.886666666666,1485.88,1518.38
2023-06-05 13:00:00,1518.38,13,0,0,1507.01,1514.9366666666658,1502.2333333333333,1478.35
2023-06-05 14:00:00,1478.35,14,0,0,1518.38,1501.246666666666,1505.5266666666666,1436.07
2023-06-05 15:00:00,1436.07,15,0,0,1478.35,1477.5999999999995,1492.743333333333,1425.2
2023-06-05 16:00:00,1425.2,16,0,0,1436.07,1446.5399999999993,1480.7383333333335,1385.66
2023-06-05 17:00:00,1385.66,17,0,0,1425.2,1415.6433333333327,1458.445,1327.6
2023-06-05 18:00:00,1327.6,18,0,0,1385.66,1379.486666666666,1428.5433333333333,1302.06
2023-06-05 19:00:00,1302.06,19,0,0,1327.6,1338.4399999999994,1392.49,1287.34
2023-06-05 20:00:00,1287.34,20,0,0,1302.06,1305.666666666666,1360.655,1237.03
2023-06-05 21:00:00,1237.03,21,0,0,1287.34,1275.4766666666658,1327.4816666666666,1237.68
2023-06-05 22:00:00,1237.68,22,0,0,1237.03,1254.0166666666662,1296.2283333333332,1217.33
2023-06-05 23:00:00,1217.33,23,0,0,1237.68,1230.6799999999994,1268.1733333333332,1248.79
2023-06-06 00:00:00,1248.79,0,1,0,1217.33,1234.5999999999995,1255.0383333333332,1239.3
2023-06-06 01:00:00,1239.3,1,1,0,1248.79,1235.1399999999994,1244.5783333333334,1263.98
2023-06-06 02:00:00,1263.98,2,1,0,1239.3,1250.6899999999994,1240.6850000000002,1298.31
2023-06-06 03:00:00,1298.31,3,1,0,1263.98,1267.196666666666,1250.8983333333333,1324.62
2023-06-06 04:00:00,1324.62,4,1,0,1298.31,1295.636666666666,1265.3883333333333,1371.76
2023-06-06 05:00:00,1371.76,5,1,0,1324.62,1331.5633333333328,1291.1266666666668,1411.5
2023-06-06 06:00:00,1411.5,6,1,0,1371.76,1369.2933333333328,1318.2450000000001,1448.36
2023-06-06 07:00:00,1448.36,7,1,0,1411.5,1410.5399999999993,1353.0883333333334,1449.2
2023-06-06 08:00:00,1449.2,8,1,0,1448.36,1436.3533333333326,1383.9583333333333,1443.25
2023-06-06 09:00:00,1443.25,9,1,0,1449.2,1446.9366666666658,1408.115,1466.31
2023-06-06 10:00:00,1466.31,10,1,0,1443.25,1452.9199999999994,1431.7299999999998,1502.61
2023-06-06 11:00:00,1502.61,11,1,0,1466.31,1470.7233333333327,1453.5383333333332,1522.33
2023-06-06 12:00:00,1522.33,12,1,0,1502.61,1497.0833333333328,1472.01,1493.32
2023-06-06 13:00:00,1493.32,13,1,0,1522.33,1506.0866666666661,1479.5033333333333,1459.97
2023-06-06 14:00:00,1459.97,14,1,0,1493.32,1491.8733333333328,1481.2983333333334,1489.23
2023-06-06 15:00:00,1489.23,15,1,0,1459.97,1480.8399999999995,1488.9616666666668,1424.69
2023-06-06 16:00:00,1424.69,16,1,0,1489.23,1457.963333333333,1482.0249999999999,1394.13
2023-06-06 17:00:00,1394.13,17,1,0,1424.69,1436.0166666666662,1463.945,1343.46
2023-06-06 18:00:00,1343.46,18,1,0,1394.13,1387.4266666666663,1434.1333333333332,1349.78
2023-06-06 19:00:00,1349.78,19,1,0,1343.46,1362.456666666666,1410.21,1293.23
2023-06-06 20:00:00,1293.23,20,1,0,1349.78,1328.8233333333326,1382.42,1251.24
2023-06-06 21:00:00,1251.24,21,1,0,1293.23,1298.0833333333328,1342.755,1215.12
2023-06-06 22:00:00,1215.12,22,1,0,1251.24,1253.196666666666,1307.8266666666666,1259.47
2023-06-06 23:00:00,1259.47,23,1,0,1215.12,1241.9433333333327,1285.3833333333334,1219.13
2023-06-07 00:00:00,1219.13,0,2,0,1259.47,1231.2399999999996,1264.6616666666666,1239.61
2023-06-07 01:00:00,1239.61,1,2,0,1219.13,1239.4033333333327,1246.3,1270.36
2023-06-07 02:00:00,1270.36,2,2,0,1239.61,1243.0333333333326,1242.4883333333332,1254.51
2023-06-07 03:00:00,1254.51,3,2,0,1270.36,1254.826666666666,1243.0333333333333,1325.94
2023-06-07 04:00:00,1325.94,4,2,0,1254.51,1283.6033333333328,1261.5033333333333,1382.13
2023-06-07 05:00:00,1382.13,5,2,0,1325.94,1320.8599999999994,1281.9466666666667,1392.22
2023-06-07 06:00:00,1392.22,6,2,0,1382.13,1366.7633333333326,1310.7949999999998,1391.57
2023-06-07 07:00:00,1391.57,7,2,0,1392.22,1388.6399999999994,1336.1216666666667,1428.5
2023-06-07 08:00:00,1428.5,8,2,0,1391.57,1404.0966666666661,1362.4783333333335,1460.06
2023-06-07 09:00:00,1460.06,9,2,0,1428.5,1426.7099999999994,1396.7366666666667,1501.83
2023-06-07 10:00:00,1501.83,10,2,0,1460.06,1463.463333333333,1426.0516666666665,1496.57
2023-06-07 11:00:00,1496.57,11,2,0,1501.83,1486.1533333333327,1445.125,1513.66
2023-06-07 12:00:00,1513.66,12,2,0,1496.57,1504.0199999999993,1465.365,1471.59
2023-06-07 13:00:00,1471.59,13,2,0,1513.66,1493.9399999999994,1478.7016666666668,1494.1
2023-06-07 14:00:00,1494.1,14,2,0,1471.59,1493.116666666666,1489.635,1451.2
2023-06-07 15:00:00,1451.2,15,2,0,1494.1,1472.2966666666662,1488.1583333333335,1390.24
2023-06-07 16:00:00,1390.24,16,2,0,1451.2,1445.1799999999994,1469.5600000000002,1407.01
2023-06-07 17:00:00,1407.01,17,2,0,1390.24,1416.1499999999994,1454.6333333333332,1357.62
2023-06-07 18:00:00,1357.62,18,2,0,1407.01,1384.956666666666,1428.6266666666668,1317.44
2023-06-07 19:00:00,1317.44,19,2,0,1357.62,1360.6899999999994,1402.9350000000002,1268.86
2023-06-07 20:00:00,1268.86,20,2,0,1317.44,1314.6399999999992,1365.3949999999998,1259.21
2023-06-07 21:00:00,1259.21,21,2,0,1268.86,1281.8366666666661,1333.3966666666668,1238.71
2023-06-07 22:00:00,1238.71,22,2,0,1259.21,1255.5933333333326,1308.1416666666667,1243.47
2023-06-07 23:00:00,1243.47,23,2,0,1238.71,1247.1299999999994,1280.885,1206.37
2023-06-08 00:00:00,1206.37,0,3,0,1243.47,1229.5166666666662,1255.6766666666665,1202.6
2023-06-08 01:00:00,1202.6,1,3,0,1206.37,1217.4799999999993,1236.5366666666666,1227.8
2023-06-08 02:00:00,1227.8,2,3,0,1202.6,1212.256666666666,1229.6933333333334,1282.57
2023-06-08 03:00:00,1282.57,3,3,0,1227.8,1237.6566666666658,1233.5866666666666,1313.01
2023-06-08 04:00:00,1313.01,4,3,0,1282.57,1274.4599999999994,1245.97,1364.06
2023-06-08 05:00:00,1364.06,5,3,0,1313.01,1319.8799999999994,1266.0683333333334,1391.75
2023-06-08 06:00:00,1391.75,6,3,0,1364.06,1356.2733333333326,1296.965,1406.92
2023-06-08 07:00:00,1406.92,7,3,0,1391.75,1387.576666666666,1331.0183333333332,1428.88
2023-06-08 08:00:00,1428.88,8,3,0,1406.92,1409.1833333333327,1364.5316666666665,1478.28
2023-06-08 09:00:00,1478.28,9,3,0,1428.88,1438.026666666666,1397.1499999999999,1517.5
2023-06-08 10:00:00,1517.5,10,3,0,1478.28,1474.886666666666,1431.2316666666666,1530.26
2023-06-08 11:00:00,1530.26,11,3,0,1517.5,1508.6799999999994,1458.9316666666666,1490.84
2023-06-08 12:00:00,1490.84,12,3,0,1530.26,1512.866666666666,1475.4466666666667,1469.94
2023-06-08 13:00:00,1469.94,13,3,0,1490.84,1497.0133333333326,1485.95,1501.42
2023-06-08 14:00:00,1501.42,14,3,0,1469.94,1487.3999999999994,1498.04,1449.37
2023-06-08 15:00:00,1449.37,15,3,0,1501.42,1473.576666666666,1493.2216666666666,1426.43
2023-06-08 16:00:00,1426.43,16,3,0,1449.37,1459.0733333333328,1478.0433333333333,1402.19
2023-06-08 17:00:00,1402.19,17,3,0,1426.43,1425.996666666666,1456.6983333333335,1337.27
2023-06-08 18:00:00,1337.27,18,3,0,1402.19,1388.6299999999994,1431.1033333333335,1326.77
2023-06-08 19:00:00,1326.77,19,3,0,1337.27,1355.4099999999994,1407.2416666666666,1303.6
2023-06-08 20:00:00,1303.6,20,3,0,1326.77,1322.546666666666,1374.2716666666665,1261.14
2023-06-08 21:00:00,1261.14,21,3,0,1303.6,1297.1699999999994,1342.9,1241.58
2023-06-08 22:00:00,1241.58,22,3,0,1261.14,1268.7733333333326,1312.0916666666667,1272.95
2023-06-08 23:00:00,1272.95,23,3,0,1241.58,1258.5566666666662,1290.5516666666665,1218.16
2023-06-09 00:00:00,1218.16,0,4,0,1272.95,1244.2299999999993,1270.7,1264.64
2023-06-09 01:00:00,1264.64,1,4,0,1218.16,1251.916666666666,1260.345,1259.49
2023-06-09 02:00:00,1259.49,2,4,0,1264.64,1247.4299999999994,1252.9933333333336,1286.53
2023-06-09 03:00:00,1286.53,3,4,0,1259.49,1270.2199999999996,1257.2250000000001,1319.5
2023-06-09 04:00:00,1319.5,4,4,0,1286.53,1288.506666666666,1270.2116666666668,1360.76
2023-06-09 05:00:00,1360.76,5,4,0,1319.5,1322.2633333333326,1284.8466666666666,1414.04
2023-06-09 06:00:00,1414.04,6,4,0,1360.76,1364.7666666666662,1317.4933333333336,1440.61
2023-06-09 07:00:00,1440.61,7,4,0,1414.04,1405.136666666666,1346.8216666666667,1461.98
2023-06-09 08:00:00,1461.98,8,4,0,1440.61,1438.8766666666659,1380.57,1460.91
2023-06-09 09:00:00,1460.91,9,4,0,1461.98,1454.4999999999993,1409.6333333333332,1553.52
2023-06-09 10:00:00,1553.52,10,4,0,1460.91,1492.136666666666,1448.6366666666665,1509.33
2023-06-09 11:00:00,1509.33,11,4,0,1553.52,1507.9199999999994,1473.3983333333333,1480.74
2023-06-09 12:00:00,1480.74,12,4,0,1509.33,1514.5299999999995,1484.515,1506.44
2023-06-09 13:00:00,1506.44,13,4,0,1480.74,1498.8366666666661,1495.4866666666667,1485.58
2023-06-09 14:00:00,1485.58,14,4,0,1506.44,1490.9199999999994,1499.42,1463.53
2023-06-09 15:00:00,1463.53,15,4,0,1485.58,1485.1833333333327,1499.8566666666666,1431.13
2023-06-09 16:00:00,1431.13,16,4,0,1463.53,1460.0799999999992,1479.4583333333333,1420.68
2023-06-09 17:00:00,1420.68,17,4,0,1431.13,1438.446666666666,1464.6833333333334,1352.64
2023-06-09 18:00:00,1352.64,18,4,0,1420.68,1401.483333333333,1443.3333333333333,1311.96
2023-06-09 19:00:00,1311.96,19,4,0,1352.64,1361.7599999999995,1410.92,1292.7
2023-06-09 20:00:00,1292.7,20,4,0,1311.96,1319.0999999999995,1378.7733333333333,1253.39
2023-06-09 21:00:00,1253.39,21,4,0,1292.7,1286.0166666666662,1343.75,1244.66
2023-06-09 22:00:00,1244.66,22,4,0,1253.39,1263.5833333333328,1312.6716666666669,1245.42
2023-06-09 23:00:00,1245.42,23,4,0,1244.66,1247.8233333333328,1283.4616666666668,1225.27
2023-06-10 00:00:00,1225.27,0,5,1,1245.42,1238.4499999999994,1262.2333333333333,1282.85
2023-06-10 01:00:00,1282.85,1,5,1,1225.27,1251.1799999999994,1257.381666666667,1215.51
2023-06-10 02:00:00,1215.51,2,5,1,1282.85,1241.2099999999994,1244.5166666666667,1315.24
2023-06-10 03:00:00,1315.24,3,5,1,1215.51,1271.1999999999994,1254.825,1330.57
2023-06-10 04:00:00,1330.57,4,5,1,1315.24,1287.106666666666,1269.1433333333332,1306.21
2023-06-10 05:00:00,1306.21,5,5,1,1330.57,1317.3399999999992,1279.2749999999999,1366.07
2023-06-10 06:00:00,1366.07,6,5,1,1306.21,1334.2833333333326,1302.7416666666666,1415.28
2023-06-10 07:00:00,1415.28,7,5,1,1366.07,1362.5199999999993,1324.8133333333333,1393.36
2023-06-10 08:00:00,1393.36,8,5,1,1415.28,1391.569999999999,1354.455,1418.44
2023-06-10 09:00:00,1418.44,9,5,1,1393.36,1409.026666666666,1371.655,1471.03
2023-06-10 10:00:00,1471.03,10,5,1,1418.44,1427.6099999999994,1395.0649999999998,1451.78
2023-06-10 11:00:00,1451.78,11,5,1,1471.03,1447.0833333333328,1419.3266666666666,1487.74
2023-06-10 12:00:00,1487.74,12,5,1,1451.78,1470.1833333333327,1439.6050000000002,1480.9
2023-06-10 13:00:00,1480.9,13,5,1,1487.74,1473.4733333333327,1450.5416666666667,1448.48
2023-06-10 14:00:00,1448.48,14,5,1,1480.9,1472.3733333333328,1459.7283333333332,1408.95
2023-06-10 15:00:00,1408.95,15,5,1,1448.48,1446.1099999999994,1458.1466666666668,1375.09
2023-06-10 16:00:00,1375.09,16,5,1,1408.95,1410.8399999999992,1442.1566666666665,1384.87
2023-06-10 17:00:00,1384.87,17,5,1,1375.09,1389.636666666666,1431.0049999999999,1314.22
2023-06-10 18:00:00,1314.22,18,5,1,1384.87,1358.0599999999993,1402.085,1297.49
2023-06-10 19:00:00,1297.49,19,5,1,1314.22,1332.1933333333327,1371.5166666666667,1234.05
2023-06-10 20:00:00,1234.05,20,5,1,1297.49,1281.9199999999994,1335.7783333333334,1247.51
2023-06-10 21:00:00,1247.51,21,5,1,1234.05,1259.6833333333327,1308.8716666666667,1187.44
2023-06-10 22:00:00,1187.44,22,5,1,1247.51,1222.9999999999993,1277.5966666666666,1210.84
2023-06-10 23:00:00,1210.84,23,5,1,1187.44,1215.2633333333326,1248.5916666666667,1204.35
2023-06-11 00:00:00,1204.35,0,6,1,1210.84,1200.8766666666659,1230.28,1210.29
2023-06-11 01:00:00,1210.29,1,6,1,1204.35,1208.4933333333327,1215.7466666666667,1207.44
2023-06-11 02:00:00,1207.44,2,6,1,1210.29,1207.3599999999994,1211.3116666666667,1276.72
2023-06-11 03:00:00,1276.72,3,6,1,1207.44,1231.4833333333327,1216.18,1269.11
2023-06-11 04:00:00,1269.11,4,6,1,1276.72,1251.0899999999995,1229.7916666666667,1371.06
2023-06-11 05:00:00,1371.06,5,6,1,1269.11,1305.6299999999994,1256.495,1369.54
2023-06-11 06:00:00,1369.54,6,6,1,1371.06,1336.5699999999995,1284.0266666666666,1391.34
2023-06-11 07:00:00,1391.34,7,6,1,1369.54,1377.3133333333326,1314.2016666666666,1430.13
2023-06-11 08:00:00,1430.13,8,6,1,1391.34,1397.0033333333329,1351.3166666666666,1473.69
2023-06-11 09:00:00,1473.69,9,6,1,1430.13,1431.7199999999993,1384.1450000000002,1461.7
2023-06-11 10:00:00,1461.7,10,6,1,1473.69,1455.173333333333,1416.243333333333,1460.34
2023-06-11 11:00:00,1460.34,11,6,1,1461.7,1465.2433333333327,1431.1233333333332,1475.78
2023-06-11 12:00:00,1475.78,12,6,1,1460.34,1465.9399999999994,1448.83,1477.19
2023-06-11 13:00:00,1477.19,13,6,1,1475.78,1471.1033333333326,1463.1383333333333,1441.7
2023-06-11 14:00:00,1441.7,14,6,1,1477.19,1464.8899999999994,1465.0666666666666,1431.91
2023-06-11 15:00:00,1431.91,15,6,1,1441.7,1450.2666666666662,1458.1033333333332,1393.89
2023-06-11 16:00:00,1393.89,16,6,1,1431.91,1422.4999999999993,1446.8016666666665,1363.9
2023-06-11 17:00:00,1363.9,17,6,1,1393.89,1396.5666666666664,1430.7283333333332,1311.33
2023-06-11 18:00:00,1311.33,18,6,1,1363.9,1356.3733333333328,1403.32,1274.85
2023-06-11 19:00:00,1274.85,19,6,1,1311.33,1316.6933333333327,1369.5966666666666,1283.21
2023-06-11 20:00:00,1283.21,20,6,1,1274.85,1289.7966666666662,1343.1816666666666,1242.92
2023-06-11 21:00:00,1242.92,21,6,1,1283.21,1266.9933333333329,1311.6833333333334,1204.09
2023-06-11 22:00:00,1204.09,22,6,1,1242.92,1243.406666666666,1280.05,1230.99
2023-06-11 23:00:00,1230.99,23,6,1,1204.09,1225.9999999999993,1257.8983333333333,1228.99
2023-06-12 00:00:00,1228.99,0,0,0,1230.99,1221.3566666666661,1244.175,1234.41
2023-06-12 01:00:00,1234.41,1,0,0,1228.99,1231.463333333333,1237.4350000000002,1274.39
2023-06-12 02:00:00,1274.39,2,0,0,1234.41,1245.9299999999996,1235.965,1276.13
2023-06-12 03:00:00,1276.13,3,0,0,1274.39,1261.6433333333327,1241.5000000000002,1319.04
2023-06-12 04:00:00,1319.04,4,0,0,1276.13,1289.8533333333328,1260.6583333333335,1328.17
2023-06-12 05:00:00,1328.17,5,0,0,1319.04,1307.7799999999995,1276.8550000000002,1393.39
2023-06-12 06:00:00,1393.39,6,0,0,1328.17,1346.866666666666,1304.255,1420.11
2023-06-12 07:00:00,1420.11,7,0,0,1393.39,1380.5566666666662,1335.2050000000002,1464.47
2023-06-12 08:00:00,1464.47,8,0,0,1420.11,1425.9899999999996,1366.885,1456.13
2023-06-12 09:00:00,1456.13,9,0,0,1464.47,1446.9033333333327,1396.885,1518.09
2023-06-12 10:00:00,1518.09,10,0,0,1456.13,1479.5633333333328,1430.0600000000002,1510.51
2023-06-12 11:00:00,1510.51,11,0,0,1518.09,1494.9099999999992,1460.45,1504.93
2023-06-12 12:00:00,1504.93,12,0,0,1510.51,1511.176666666666,1479.04,1526.39
2023-06-12 13:00:00,1526.39,13,0,0,1504.93,1513.9433333333327,1496.7533333333333,1478.71
2023-06-12 14:00:00,1478.71,14,0,0,1526.39,1503.3433333333326,1499.1266666666668,1461.86
2023-06-12 15:00:00,1461.86,15,0,0,1478.71,1488.986666666666,1500.0816666666667,1422.25
2023-06-12 16:00:00,1422.25,16,0,0,1461.86,1454.2733333333326,1484.1083333333333,1352.13
2023-06-12 17:00:00,1352.13,17,0,0,1422.25,1412.0799999999992,1457.7116666666668,1360.91
2023-06-12 18:00:00,1360.91,18,0,0,1352.13,1378.4299999999994,1433.7083333333333,1320.07
2023-06-12 19:00:00,1320.07,19,0,0,1360.91,1344.3699999999994,1399.3216666666667,1265.38
2023-06-12 20:00:00,1265.38,20,0,0,1320.07,1315.4533333333327,1363.7666666666667,1260.45
2023-06-12 21:00:00,1260.45,21,0,0,1265.38,1281.966666666666,1330.1983333333335,1253.8
2023-06-12 22:00:00,1253.8,22,0,0,1260.45,1259.876666666666,1302.1233333333332,1244.49
2023-06-12 23:00:00,1244.49,23,0,0,1253.8,1252.9133333333327,1284.1833333333334,1234.96
2023-06-13 00:00:00,1234.96,0,1,0,1244.49,1244.416666666666,1263.1916666666666,1225.92
2023-06-13 01:00:00,1225.92,1,1,0,1234.96,1235.1233333333328,1247.5,1251.52
2023-06-13 02:00:00,1251.52,2,1,0,1225.92,1237.4666666666662,1245.19,1301.84
2023-06-13 03:00:00,1301.84,3,1,0,1251.52,1259.7599999999995,1252.0883333333334,1311.53
2023-06-13 04:00:00,1311.53,4,1,0,1301.84,1288.296666666666,1261.71,1374.55
2023-06-13 05:00:00,1374.55,5,1,0,1311.53,1329.3066666666662,1283.3866666666668,1396.89
2023-06-13 06:00:00,1396.89,6,1,0,1374.55,1360.9899999999996,1310.375,1433.01
2023-06-13 07:00:00,1433.01,7,1,0,1396.89,1401.483333333333,1344.89,1484.23
2023-06-13 08:00:00,1484.23,8,1,0,1433.01,1438.0433333333328,1383.675,1466.6
2023-06-13 09:00:00,1466.6,9,1,0,1484.23,1461.2799999999995,1411.135,1476.22
2023-06-13 10:00:00,1476.22,10,1,0,1466.6,1475.6833333333327,1438.5833333333333,1493.49
2023-06-13 11:00:00,1493.49,11,1,0,1476.22,1478.7699999999993,1458.4066666666668,1511.19
2023-06-13 12:00:00,1511.19,12,1,0,1493.49,1493.6333333333325,1477.4566666666667,1522.52
2023-06-13 13:00:00,1522.52,13,1,0,1511.19,1509.066666666666,1492.375,1475.25
2023-06-13 14:00:00,1475.25,14,1,0,1522.52,1502.986666666666,1490.8783333333333,1419.46
2023-06-13 15:00:00,1419.46,15,1,0,1475.25,1472.4099999999992,1483.0216666666668,1421.58
2023-06-13 16:00:00,1421.58,16,1,0,1419.46,1438.7633333333326,1473.915,1394.43
2023-06-13 17:00:00,1394.43,17,1,0,1421.58,1411.8233333333328,1457.405,1323.89
2023-06-13 18:00:00,1323.89,18,1,0,1394.43,1379.966666666666,1426.1883333333333,1324.14
2023-06-13 19:00:00,1324.14,19,1,0,1323.89,1347.486666666666,1393.125,1289.66
2023-06-13 20:00:00,1289.66,20,1,0,1324.14,1312.5633333333328,1362.1933333333334,1232.49
2023-06-13 21:00:00,1232.49,21,1,0,1289.66,1282.0966666666661,1331.0316666666668,1227.34
2023-06-13 22:00:00,1227.34,22,1,0,1232.49,1249.8299999999992,1298.6583333333335,1223.58
2023-06-13 23:00:00,1223.58,23,1,0,1227.34,1227.8033333333326,1270.1833333333334,1244.27
2023-06-14 00:00:00,1244.27,0,2,0,1223.58,1231.7299999999993,1256.9133333333332,1242.1
2023-06-14 01:00:00,1242.1,1,2,0,1244.27,1236.6499999999994,1243.24,1255.06
2023-06-14 02:00:00,1255.06,2,2,0,1242.1,1247.1433333333327,1237.4733333333331,1275.55
2023-06-14 03:00:00,1275.55,3,2,0,1255.06,1257.5699999999995,1244.6499999999999,1320.86
2023-06-14 04:00:00,1320.86,4,2,0,1275.55,1283.8233333333326,1260.2366666666665,1352.56
2023-06-14 05:00:00,1352.56,5,2,0,1320.86,1316.3233333333326,1281.7333333333333,1405.21
2023-06-14 06:00:00,1405.21,6,2,0,1352.56,1359.5433333333328,1308.5566666666666,1428.54
2023-06-14 07:00:00,1428.54,7,2,0,1405.21,1395.4366666666658,1339.6299999999999,1478.31
2023-06-14 08:00:00,1478.31,8,2,0,1428.54,1437.3533333333326,1376.8383333333334,1461.87
2023-06-14 09:00:00,1461.87,9,2,0,1478.31,1456.239999999999,1407.8916666666667,1505.08
2023-06-14 10:00:00,1505.08,10,2,0,1461.87,1481.7533333333329,1438.595,1478.21
2023-06-14 11:00:00,1478.21,11,2,0,1505.08,1481.7199999999993,1459.5366666666666,1482.73
2023-06-14 12:00:00,1482.73,12,2,0,1478.21,1488.673333333333,1472.4566666666667,1507.24
2023-06-14 13:00:00,1507.24,13,2,0,1482.73,1489.3933333333327,1485.573333333333,1461.97
2023-06-14 14:00:00,1461.97,14,2,0,1507.24,1483.9799999999996,1482.8500000000001,1428.24
2023-06-14 15:00:00,1428.24,15,2,0,1461.97,1465.816666666666,1477.2450000000001,1398.29
2023-06-14 16:00:00,1398.29,16,2,0,1428.24,1429.4999999999993,1459.4466666666667,1372.39
2023-06-14 17:00:00,1372.39,17,2,0,1398.29,1399.6399999999994,1441.8100000000002,1346.83
2023-06-14 18:00:00,1346.83,18,2,0,1372.39,1372.5033333333329,1419.1599999999999,1299.62
2023-06-14 19:00:00,1299.62,19,2,0,1346.83,1339.6133333333328,1384.5566666666666,1328.05
2023-06-14 20:00:00,1328.05,20,2,0,1299.62,1324.8333333333328,1362.2366666666667,1279.94
2023-06-14 21:00:00,1279.94,21,2,0,1328.05,1302.536666666666,1337.52,1238.49
2023-06-14 22:00:00,1238.49,22,2,0,1279.94,1282.1599999999994,1310.8866666666665,1235.81
2023-06-14 23:00:00,1235.81,23,2,0,1238.49,1251.4133333333327,1288.1233333333332,1237.08
2023-06-15 00:00:00,1237.08,0,3,0,1235.81,1237.126666666666,1269.8316666666667,1242.42
2023-06-15 01:00:00,1242.42,1,3,0,1237.08,1238.436666666666,1260.2983333333334,1255.19
2023-06-15 02:00:00,1255.19,2,3,0,1242.42,1244.896666666666,1248.155,1263.5
2023-06-15 03:00:00,1263.5,3,3,0,1255.19,1253.7033333333327,1245.415,1294.01
2023-06-15 04:00:00,1294.01,4,3,0,1263.5,1270.8999999999994,1254.6683333333333,1332.46
2023-06-15 05:00:00,1332.46,5,3,0,1294.01,1296.656666666666,1270.7766666666666,1415.7
2023-06-15 06:00:00,1415.7,6,3,0,1332.46,1347.3899999999994,1300.5466666666666,1421.6
2023-06-15 07:00:00,1421.6,7,3,0,1415.7,1389.9199999999994,1330.41,1486.39
2023-06-15 08:00:00,1486.39,8,3,0,1421.6,1441.2299999999993,1368.9433333333334,1463.05
2023-06-15 09:00:00,1463.05,9,3,0,1486.39,1457.0133333333326,1402.2016666666668,1516.07
2023-06-15 10:00:00,1516.07,10,3,0,1463.05,1488.5033333333329,1439.2116666666668,1544.3
2023-06-15 11:00:00,1544.3,11,3,0,1516.07,1507.8066666666662,1474.5183333333334,1483.07
2023-06-15 12:00:00,1483.07,12,3,0,1544.3,1514.4799999999993,1485.7466666666667,1477.41
2023-06-15 13:00:00,1477.41,13,3,0,1483.07,1501.593333333333,1495.0483333333332,1457.6
2023-06-15 14:00:00,1457.6,14,3,0,1477.41,1472.6933333333327,1490.25,1444.4
2023-06-15 15:00:00,1444.4,15,3,0,1457.6,1459.8033333333326,1487.1416666666667,1411.7
2023-06-15 16:00:00,1411.7,16,3,0,1444.4,1437.8999999999994,1469.7466666666667,1416.82
2023-06-15 17:00:00,1416.82,17,3,0,1411.7,1424.3066666666662,1448.5,1356.61
2023-06-15 18:00:00,1356.61,18,3,0,1416.82,1395.0433333333328,1427.4233333333334,1306.49
2023-06-15 19:00:00,1306.49,19,3,0,1356.61,1359.9733333333327,1398.9366666666665,1289.14
2023-06-15 20:00:00,1289.14,20,3,0,1306.49,1317.4133333333327,1370.86,1278.6
2023-06-15 21:00:00,1278.6,21,3,0,1289.14,1291.4099999999996,1343.2266666666667,1240.91
2023-06-15 22:00:00,1240.91,22,3,0,1278.6,1269.5499999999995,1314.7616666666665,1198.01
2023-06-15 23:00:00,1198.01,23,3,0,1240.91,1239.173333333333,1278.2933333333333,1214.22
2023-06-16 00:00:00,1214.22,0,4,0,1198.01,1217.7133333333327,1254.5616666666667,1259.07
2023-06-16 01:00:00,1259.07,1,4,0,1214.22,1223.7666666666662,1246.6583333333333,1232.76
2023-06-16 02:00:00,1232.76,2,4,0,1259.07,1235.3499999999992,1237.2616666666665,1295.74
2023-06-16 03:00:00,1295.74,3,4,0,1232.76,1262.5233333333326,1240.1183333333333,1342.66
2023-06-16 04:00:00,1342.66,4,4,0,1295.74,1290.386666666666,1257.0766666666666,1382.24
2023-06-16 05:00:00,1382.24,5,4,0,1342.66,1340.213333333333,1287.7816666666668,1399.06
2023-06-16 06:00:00,1399.06,6,4,0,1382.24,1374.6533333333327,1318.5883333333334,1419.64
2023-06-16 07:00:00,1419.64,7,4,0,1399.06,1400.3133333333328,1345.3500000000001,1468.47
2023-06-16 08:00:00,1468.47,8,4,0,1419.64,1429.0566666666662,1384.635,1482.98
2023-06-16 09:00:00,1482.98,9,4,0,1468.47,1457.0299999999995,1415.8416666666665,1508.45
2023-06-16 10:00:00,1508.45,10,4,0,1482.98,1486.6333333333325,1443.4733333333334,1520.02
2023-06-16 11:00:00,1520.02,11,4,0,1508.45,1503.816666666666,1466.4366666666667,1499.82
2023-06-16 12:00:00,1499.82,12,4,0,1520.02,1509.4299999999994,1483.2300000000002,1503.48
2023-06-16 13:00:00,1503.48,13,4,0,1499.82,1507.7733333333326,1497.2033333333331,1481.93
2023-06-16 14:00:00,1481.93,14,4,0,1503.48,1495.076666666666,1499.4466666666667,1405.72
2023-06-16 15:00:00,1405.72,15,4,0,1481.93,1463.7099999999994,1486.57,1414.45
2023-06-16 16:00:00,1414.45,16,4,0,1405.72,1434.0333333333328,1470.9033333333334,1398.94
2023-06-16 17:00:00,1398.94,17,4,0,1414.45,1406.3699999999997,1450.7233333333334,1362.36
2023-06-16 18:00:00,1362.36,18,4,0,1398.94,1391.916666666666,1427.8133333333335,1329.13
2023-06-16 19:00:00,1329.13,19,4,0,1362.36,1363.4766666666662,1398.755,1258.67
2023-06-16 20:00:00,1258.67,20,4,0,1329.13,1316.7199999999993,1361.545,1236.58
2023-06-16 21:00:00,1236.58,21,4,0,1258.67,1274.7933333333328,1333.355,1233.41
2023-06-16 22:00:00,1233.41,22,4,0,1236.58,1242.886666666666,1303.1816666666666,1202.27
2023-06-16 23:00:00,1202.27,23,4,0,1233.41,1224.086666666666,1270.4033333333334,1179.69
2023-06-17 00:00:00,1179.69,0,5,1,1202.27,1205.1233333333328,1239.9583333333333,1240.28
2023-06-17 01:00:00,1240.28,1,5,1,1179.69,1207.4133333333327,1225.1499999999999,1230.45
2023-06-17 02:00:00,1230.45,2,5,1,1240.28,1216.8066666666662,1220.4466666666667,1237.66
2023-06-17 03:00:00,1237.66,3,5,1,1230.45,1236.1299999999994,1220.6266666666668,1314.66
2023-06-17 04:00:00,1314.66,4,5,1,1237.66,1260.923333333333,1234.1683333333333,1340.83
2023-06-17 05:00:00,1340.83,5,5,1,1314.66,1297.716666666666,1257.2616666666665,1317.08
2023-06-17 06:00:00,1317.08,6,5,1,1340.83,1324.1899999999994,1280.16,1388.85
2023-06-17 07:00:00,1388.85,7,5,1,1317.08,1348.9199999999994,1304.9216666666669,1447.06
2023-06-17 08:00:00,1447.06,8,5,1,1388.85,1384.3299999999992,1341.0233333333333,1451.88
2023-06-17 09:00:00,1451.88,9,5,1,1447.06,1429.2633333333326,1376.7266666666667,1464.91
2023-06-17 10:00:00,1464.91,10,5,1,1451.88,1454.616666666666,1401.7683333333334,1449.49
2023-06-17 11:00:00,1449.49,11,5,1,1464.91,1455.4266666666663,1419.8783333333333,1515.64
2023-06-17 12:00:00,1515.64,12,5,1,1449.49,1476.6799999999994,1452.9716666666666,1483.31
2023-06-17 13:00:00,1483.31,13,5,1,1515.64,1482.8133333333328,1468.7150000000001,1449.29
2023-06-17 14:00:00,1449.29,14,5,1,1483.31,1482.746666666666,1469.0866666666668,1423.47
2023-06-17 15:00:00,1423.47,15,5,1,1449.29,1452.0233333333326,1464.3516666666667,1423.21
2023-06-17 16:00:00,1423.21,16,5,1,1423.47,1431.9899999999996,1457.4016666666666,1337.39
2023-06-17 17:00:00,1337.39,17,5,1,1423.21,1394.6899999999996,1438.7183333333332,1356.12
2023-06-17 18:00:00,1356.12,18,5,1,1337.39,1372.2399999999996,1412.131666666667,1269.77
2023-06-17 19:00:00,1269.77,19,5,1,1356.12,1321.0933333333326,1376.5416666666667,1240.93
2023-06-17 20:00:00,1240.93,20,5,1,1269.77,1288.9399999999994,1341.815,1217.21
2023-06-17 21:00:00,1217.21,21,5,1,1240.93,1242.636666666666,1307.4383333333333,1217.57
2023-06-17 22:00:00,1217.57,22,5,1,1217.21,1225.236666666666,1273.165,1179.22
2023-06-17 23:00:00,1179.22,23,5,1,1217.57,1204.666666666666,1246.8033333333335,1229.71
2023-06-18 00:00:00,1229.71,0,6,1,1179.22,1208.8333333333328,1225.7350000000001,1212.47
2023-06-18 01:00:00,1212.47,1,6,1,1229.71,1207.133333333333,1216.1850000000002,1245.99
2023-06-18 02:00:00,1245.99,2,6,1,1212.47,1229.3899999999994,1217.0283333333334,1253.13
2023-06-18 03:00:00,1253.13,3,6,1,1245.99,1237.196666666666,1223.015,1310.57
2023-06-18 04:00:00,1310.57,4,6,1,1253.13,1269.8966666666659,1238.515,1358.42
2023-06-18 05:00:00,1358.42,5,6,1,1310.57,1307.3733333333328,1268.3816666666667,1348.64
2023-06-18 06:00:00,1348.64,6,6,1,1358.42,1339.2099999999994,1288.2033333333334,1416.32
2023-06-18 07:00:00,1416.32,7,6,1,1348.64,1374.4599999999994,1322.1783333333333,1439.54
2023-06-18 08:00:00,1439.54,8,6,1,1416.32,1401.4999999999993,1354.4366666666667,1457.3
2023-06-18 09:00:00,1457.3,9,6,1,1439.54,1437.7199999999993,1388.465,1480.45
2023-06-18 10:00:00,1480.45,10,6,1,1457.3,1459.0966666666661,1416.7783333333334,1486.99
2023-06-18 11:00:00,1486.99,11,6,1,1480.45,1474.9133333333327,1438.2066666666667,1466.33
2023-06-18 12:00:00,1466.33,12,6,1,1486.99,1477.923333333333,1457.8216666666667,1461.7
2023-06-18 13:00:00,1461.7,13,6,1,1466.33,1471.673333333333,1465.385,1457.85
2023-06-18 14:00:00,1457.85,14,6,1,1461.7,1461.9599999999994,1468.4366666666665,1409.05
2023-06-18 15:00:00,1409.05,15,6,1,1457.85,1442.866666666666,1460.3949999999998,1369.78
2023-06-18 16:00:00,1369.78,16,6,1,1409.05,1412.2266666666662,1441.95,1358.9
2023-06-18 17:00:00,1358.9,17,6,1,1369.78,1379.2433333333327,1420.6016666666667,1324.31
2023-06-18 18:00:00,1324.31,18,6,1,1358.9,1350.996666666666,1396.9316666666666,1282.16
2023-06-18 19:00:00,1282.16,19,6,1,1324.31,1321.7899999999995,1367.0083333333332,1264.19
2023-06-18 20:00:00,1264.19,20,6,1,1282.16,1290.2199999999996,1334.7316666666668,1245.81
2023-06-18 21:00:00,1245.81,21,6,1,1264.19,1264.0533333333328,1307.5249999999999,1196.09
2023-06-18 22:00:00,1196.09,22,6,1,1245.81,1235.3633333333328,1278.5766666666666,1167.91
2023-06-18 23:00:00,1167.91,23,6,1,1196.09,1203.2699999999993,1246.745,1210.9
2023-06-19 00:00:00,1210.9,0,0,0,1167.91,1191.6333333333328,1227.8433333333335,1239.4
2023-06-19 01:00:00,1239.4,1,0,0,1210.9,1206.0699999999995,1220.7166666666667,1244.2
2023-06-19 02:00:00,1244.2,2,0,0,1239.4,1231.4999999999993,1217.385,1266.12
2023-06-19 03:00:00,1266.12,3,0,0,1244.2,1249.906666666666,1220.7700000000002,1314.54
2023-06-19 04:00:00,1314.54,4,0,0,1266.12,1274.9533333333327,1240.5116666666665,1344.65
2023-06-19 05:00:00,1344.65,5,0,0,1314.54,1308.4366666666663,1269.9683333333335,1373.7
2023-06-19 06:00:00,1373.7,6,0,0,1344.65,1344.2966666666662,1297.1016666666667,1411.83
2023-06-19 07:00:00,1411.83,7,0,0,1373.7,1376.7266666666662,1325.84,1437.94
2023-06-19 08:00:00,1437.94,8,0,0,1411.83,1407.8233333333326,1358.13,1476.87
2023-06-19 09:00:00,1476.87,9,0,0,1437.94,1442.2133333333325,1393.2549999999999,1496.51
2023-06-19 10:00:00,1496.51,10,0,0,1476.87,1470.4399999999994,1423.5833333333333,1507.08
2023-06-19 11:00:00,1507.08,11,0,0,1496.51,1493.486666666666,1450.655,1522.72
2023-06-19 12:00:00,1522.72,12,0,0,1507.08,1508.7699999999993,1475.4916666666668,1494.69
2023-06-19 13:00:00,1494.69,13,0,0,1522.72,1508.1633333333327,1489.3016666666665,1474.99
2023-06-19 14:00:00,1474.99,14,0,0,1494.69,1497.466666666666,1495.4766666666667,1469.98
2023-06-19 15:00:00,1469.98,15,0,0,1474.99,1479.886666666666,1494.3283333333331,1413.03
2023-06-19 16:00:00,1413.03,16,0,0,1469.98,1452.666666666666,1480.415,1349.68
2023-06-19 17:00:00,1349.68,17,0,0,1413.03,1410.8966666666663,1454.1816666666666,1344.1
2023-06-19 18:00:00,1344.1,18,0,0,1349.68,1368.9366666666658,1424.4116666666669,1310.25
2023-06-19 19:00:00,1310.25,19,0,0,1344.1,1334.676666666666,1393.6716666666664,1287.13
2023-06-19 20:00:00,1287.13,20,0,0,1310.25,1313.826666666666,1362.3616666666667,1246.15
2023-06-19 21:00:00,1246.15,21,0,0,1287.13,1281.1766666666663,1325.0566666666666,1243.18
2023-06-19 22:00:00,1243.18,22,0,0,1246.15,1258.8199999999995,1296.7483333333332,1239.1
2023-06-19 23:00:00,1239.1,23,0,0,1243.18,1242.8099999999993,1278.3183333333334,1228.28
2023-06-20 00:00:00,1228.28,0,1,0,1239.1,1236.8533333333326,1259.015,1241.42
2023-06-20 01:00:00,1241.42,1,1,0,1228.28,1236.2666666666662,1247.5433333333333,1242.93
2023-06-20 02:00:00,1242.93,2,1,0,1241.42,1237.5433333333328,1240.1766666666667,1252.05
2023-06-20 03:00:00,1252.05,3,1,0,1242.93,1245.4666666666662,1241.1599999999999,1307.18
2023-06-20 04:00:00,1307.18,4,1,0,1252.05,1267.386666666666,1251.8266666666666,1367.18
2023-06-20 05:00:00,1367.18,5,1,0,1307.18,1308.8033333333326,1273.1733333333334,1410.33
2023-06-20 06:00:00,1410.33,6,1,0,1367.18,1361.5633333333326,1303.515,1443.2
2023-06-20 07:00:00,1443.2,7,1,0,1410.33,1406.9033333333327,1337.145,1459.16
2023-06-20 08:00:00,1459.16,8,1,0,1443.2,1437.5633333333326,1373.1833333333334,1482.67
2023-06-20 09:00:00,1482.67,9,1,0,1459.16,1461.676666666666,1411.6200000000001,1518.87
2023-06-20 10:00:00,1518.87,10,1,0,1482.67,1486.8999999999994,1446.9016666666666,1504.72
2023-06-20 11:00:00,1504.72,11,1,0,1518.87,1502.0866666666661,1469.825,1516.78
2023-06-20 12:00:00,1516.78,12,1,0,1504.72,1513.456666666666,1487.5666666666666,1501.21
2023-06-20 13:00:00,1501.21,13,1,0,1516.78,1507.5699999999995,1497.235,1482.25
2023-06-20 14:00:00,1482.25,14,1,0,1501.21,1500.0799999999992,1501.0833333333333,1463.17
2023-06-20 15:00:00,1463.17,15,1,0,1482.25,1482.2099999999994,1497.8333333333333,1443.74
2023-06-20 16:00:00,1443.74,16,1,0,1463.17,1463.0533333333326,1485.3116666666665,1400.47
2023-06-20 17:00:00,1400.47,17,1,0,1443.74,1435.7933333333328,1467.9366666666667,1335.34
2023-06-20 18:00:00,1335.34,18,1,0,1400.47,1393.1833333333327,1437.6966666666667,1311.36
2023-06-20 19:00:00,1311.36,19,1,0,1335.34,1349.0566666666662,1406.055,1276.51
2023-06-20 20:00:00,1276.51,20,1,0,1311.36,1307.736666666666,1371.765,1260.76
2023-06-20 21:00:00,1260.76,21,1,0,1276.51,1282.876666666666,1338.03,1224.82
2023-06-20 22:00:00,1224.82,22,1,0,1260.76,1254.0299999999995,1301.5433333333333,1241.43
2023-06-20 23:00:00,1241.43,23,1,0,1224.82,1242.3366666666661,1275.0366666666666,1260.78
2023-06-21 00:00:00,1260.78,0,2,0,1241.43,1242.3433333333326,1262.61,1255.76
2023-06-21 01:00:00,1255.76,1,2,0,1260.78,1252.656666666666,1253.3433333333332,1271.08
2023-06-21 02:00:00,1271.08,2,2,0,1255.76,1262.5399999999993,1252.4383333333333,1287.04
2023-06-21 03:00:00,1287.04,3,2,0,1271.08,1271.2933333333328,1256.8183333333334,1314.48
2023-06-21 04:00:00,1314.48,4,2,0,1287.04,1290.8666666666659,1271.7616666666665,1348.26
2023-06-21 05:00:00,1348.26,5,2,0,1314.48,1316.5933333333326,1289.5666666666666,1401.51
2023-06-21 06:00:00,1401.51,6,2,0,1348.26,1354.7499999999993,1313.0216666666668,1429.36
2023-06-21 07:00:00,1429.36,7,2,0,1401.51,1393.0433333333328,1341.955,1447.1
2023-06-21 08:00:00,1447.1,8,2,0,1429.36,1425.989999999999,1371.2916666666667,1476.6
2023-06-21 09:00:00,1476.6,9,2,0,1447.1,1451.0199999999993,1402.885,1504.65
2023-06-21 10:00:00,1504.65,10,2,0,1476.6,1476.116666666666,1434.58,1544.69
2023-06-21 11:00:00,1544.69,11,2,0,1504.65,1508.6466666666663,1467.3183333333334,1523.31
2023-06-21 12:00:00,1523.31,12,2,0,1544.69,1524.216666666666,1487.618333333333,1474.15
2023-06-21 13:00:00,1474.15,13,2,0,1523.31,1514.0499999999993,1495.0833333333333,1482.13
2023-06-21 14:00:00,1482.13,14,2,0,1474.15,1493.196666666666,1500.9216666666669,1446.46
2023-06-21 15:00:00,1446.46,15,2,0,1482.13,1467.5799999999992,1495.8983333333335,1426.83
2023-06-21 16:00:00,1426.83,16,2,0,1446.46,1451.8066666666662,1482.9283333333333,1391.87
2023-06-21 17:00:00,1391.87,17,2,0,1426.83,1421.7199999999993,1457.4583333333333,1377.43
2023-06-21 18:00:00,1377.43,18,2,0,1391.87,1398.7099999999994,1433.1449999999998,1309.72
2023-06-21 19:00:00,1309.72,19,2,0,1377.43,1359.6733333333327,1405.74,1305.15
2023-06-21 20:00:00,1305.15,20,2,0,1309.72,1330.7666666666662,1376.2433333333336,1265.15
2023-06-21 21:00:00,1265.15,21,2,0,1305.15,1293.3399999999995,1346.025,1211.65
2023-06-21 22:00:00,1211.65,22,2,0,1265.15,1260.6499999999994,1310.1616666666666,1276.82
2023-06-21 23:00:00,1276.82,23,2,0,1211.65,1251.206666666666,1290.9866666666667,1225.87
2023-06-22 00:00:00,1225.87,0,3,0,1276.82,1238.1133333333328,1265.7266666666667,1258.8
2023-06-22 01:00:00,1258.8,1,3,0,1225.87,1253.8299999999992,1257.24,1235.32
2023-06-22 02:00:00,1235.32,2,3,0,1258.8,1239.996666666666,1245.6016666666667,1283.08
2023-06-22 03:00:00,1283.08,3,3,0,1235.32,1259.066666666666,1248.59,1308.37
2023-06-22 04:00:00,1308.37,4,3,0,1283.08,1275.5899999999992,1264.71,1348.72
2023-06-22 05:00:00,1348.72,5,3,0,1308.37,1313.3899999999994,1276.6933333333334,1382.58
2023-06-22 06:00:00,1382.58,6,3,0,1348.72,1346.5566666666662,1302.8116666666665,1421.52
2023-06-22 07:00:00,1421.52,7,3,0,1382.58,1384.2733333333326,1329.9316666666666,1432.29
2023-06-22 08:00:00,1432.29,8,3,0,1421.52,1412.1299999999992,1362.76,1510.43
2023-06-22 09:00:00,1510.43,9,3,0,1432.29,1454.746666666666,1400.6516666666666,1506.22
2023-06-22 10:00:00,1506.22,10,3,0,1510.43,1482.9799999999996,1433.6266666666668,1469.15
2023-06-22 11:00:00,1469.15,11,3,0,1506.22,1495.2666666666662,1453.6983333333335,1496.5
2023-06-22 12:00:00,1496.5,12,3,0,1469.15,1490.6233333333328,1472.6850000000002,1501.39
2023-06-22 13:00:00,1501.39,13,3,0,1496.5,1489.0133333333326,1485.9966666666667,1478.92
2023-06-22 14:00:00,1478.92,14,3,0,1501.39,1492.2699999999995,1493.7683333333334,1485.78
2023-06-22 15:00:00,1485.78,15,3,0,1478.92,1488.696666666666,1489.6599999999999,1426.2
2023-06-22 16:00:00,1426.2,16,3,0,1485.78,1463.6333333333325,1476.3233333333335,1359.63
2023-06-22 17:00:00,1359.63,17,3,0,1426.2,1423.8699999999992,1458.07,1365.01
2023-06-22 18:00:00,1365.01,18,3,0,1359.63,1383.6133333333328,1436.155,1337.3
2023-06-22 19:00:00,1337.3,19,3,0,1365.01,1353.9799999999996,1408.8066666666666,1269.4
2023-06-22 20:00:00,1269.4,20,3,0,1337.3,1323.9033333333327,1373.8866666666665,1247.83
2023-06-22 21:00:00,1247.83,21,3,0,1269.4,1284.8433333333326,1334.2283333333332,1235.07
2023-06-22 22:00:00,1235.07,22,3,0,1247.83,1250.766666666666,1302.3733333333332,1233.78
2023-06-22 23:00:00,1233.78,23,3,0,1235.07,1238.8933333333325,1281.3983333333333,1214.59
2023-06-23 00:00:00,1214.59,0,4,0,1233.78,1227.8133333333326,1256.3283333333331,1234.3
2023-06-23 01:00:00,1234.3,1,4,0,1214.59,1227.5566666666662,1239.1616666666666,1223.36
2023-06-23 02:00:00,1223.36,2,4,0,1234.3,1224.0833333333328,1231.4883333333332,1294.64
2023-06-23 03:00:00,1294.64,3,4,0,1223.36,1250.7666666666662,1239.29,1322.71
2023-06-23 04:00:00,1322.71,4,4,0,1294.64,1280.236666666666,1253.8966666666668,1354.32
2023-06-23 05:00:00,1354.32,5,4,0,1322.71,1323.8899999999994,1273.9866666666667,1410.77
2023-06-23 06:00:00,1410.77,6,4,0,1354.32,1362.5999999999992,1306.6833333333334,1413.05
2023-06-23 07:00:00,1413.05,7,4,0,1410.77,1392.713333333333,1336.4750000000001,1473.87
2023-06-23 08:00:00,1473.87,8,4,0,1413.05,1432.5633333333326,1378.2266666666667,1490.19
2023-06-23 09:00:00,1490.19,9,4,0,1473.87,1459.036666666666,1410.8183333333334,1502.23
2023-06-23 10:00:00,1502.23,10,4,0,1490.19,1488.7633333333326,1440.7383333333335,1544.37
2023-06-23 11:00:00,1544.37,11,4,0,1502.23,1512.2633333333326,1472.4133333333332,1537.62
2023-06-23 12:00:00,1537.62,12,4,0,1544.37,1528.0733333333328,1493.555,1480.77
2023-06-23 13:00:00,1480.77,13,4,0,1537.62,1520.9199999999992,1504.8416666666665,1471.34
2023-06-23 14:00:00,1471.34,14,4,0,1480.77,1496.576666666666,1504.4199999999998,1423.27
2023-06-23 15:00:00,1423.27,15,4,0,1471.34,1458.4599999999991,1493.2666666666667,1421.82
2023-06-23 16:00:00,1421.82,16,4,0,1423.27,1438.8099999999995,1479.865,1373.52
2023-06-23 17:00:00,1373.52,17,4,0,1421.82,1406.2033333333327,1451.39,1353.3
2023-06-23 18:00:00,1353.3,18,4,0,1373.52,1382.8799999999992,1420.67,1325.78
2023-06-23 19:00:00,1325.78,19,4,0,1353.3,1350.866666666666,1394.8383333333331,1300.5
2023-06-23 20:00:00,1300.5,20,4,0,1325.78,1326.526666666666,1366.3649999999998,1245.51
2023-06-23 21:00:00,1245.51,21,4,0,1300.5,1290.5966666666661,1336.7383333333335,1226.93
2023-06-23 22:00:00,1226.93,22,4,0,1245.51,1257.6466666666663,1304.256666666667,1247.1
2023-06-23 23:00:00,1247.1,23,4,0,1226.93,1239.8466666666661,1283.1866666666667,1198.65
2023-06-24 00:00:00,1198.65,0,5,1,1247.1,1224.2266666666662,1257.4116666666666,1262.01
2023-06-24 01:00:00,1262.01,1,5,1,1198.65,1235.9199999999994,1246.7833333333333,1237.07
2023-06-24 02:00:00,1237.07,2,5,1,1262.01,1232.576666666666,1236.2116666666668,1220.15
2023-06-24 03:00:00,1220.15,3,5,1,1237.07,1239.7433333333329,1231.985,1323.03
2023-06-24 04:00:00,1323.03,4,5,1,1220.15,1260.0833333333328,1248.0016666666666,1351.41
2023-06-24 05:00:00,1351.41,5,5,1,1323.03,1298.196666666666,1265.3866666666665,1357.61
2023-06-24 06:00:00,1357.61,6,5,1,1351.41,1344.016666666666,1291.88,1393.96
2023-06-24 07:00:00,1393.96,7,5,1,1357.61,1367.6599999999992,1313.8716666666667,1411.02
2023-06-24 08:00:00,1411.02,8,5,1,1393.96,1387.5299999999995,1342.8633333333332,1452.72
2023-06-24 09:00:00,1452.72,9,5,1,1411.02,1419.2333333333327,1381.625,1457.47
2023-06-24 10:00:00,1457.47,10,5,1,1452.72,1440.4033333333327,1404.0316666666668,1497.44
2023-06-24 11:00:00,1497.44,11,5,1,1457.47,1469.2099999999994,1428.3700000000001,1484.42
2023-06-24 12:00:00,1484.42,12,5,1,1497.44,1479.776666666666,1449.505,1488.22
2023-06-24 13:00:00,1488.22,13,5,1,1484.42,1490.026666666666,1465.2150000000001,1474.81
2023-06-24 14:00:00,1474.81,14,5,1,1488.22,1482.4833333333327,1475.8466666666666,1414.18
2023-06-24 15:00:00,1414.18,15,5,1,1474.81,1459.0699999999995,1469.4233333333334,1350.8
2023-06-24 16:00:00,1350.8,16,5,1,1414.18,1413.2633333333326,1451.6449999999998,1339.57
2023-06-24 17:00:00,1339.57,17,5,1,1350.8,1368.1833333333327,1425.3333333333333,1319.75
2023-06-24 18:00:00,1319.75,18,5,1,1339.57,1336.706666666666,1397.8883333333333,1313.96
2023-06-24 19:00:00,1313.96,19,5,1,1319.75,1324.426666666666,1368.845,1244.17
2023-06-24 20:00:00,1244.17,20,5,1,1313.96,1292.626666666666,1330.405,1210.6
2023-06-24 21:00:00,1210.6,21,5,1,1244.17,1256.2433333333327,1296.4750000000001,1232.95
2023-06-24 22:00:00,1232.95,22,5,1,1210.6,1229.2399999999996,1276.8333333333333,1214.22
2023-06-24 23:00:00,1214.22,23,5,1,1232.95,1219.256666666666,1255.9416666666668,1204.35
2023-06-25 00:00:00,1204.35,0,6,1,1214.22,1217.1733333333327,1236.7083333333333,1219.66
2023-06-25 01:00:00,1219.66,1,6,1,1204.35,1212.7433333333327,1220.9916666666668,1161.14
2023-06-25 02:00:00,1161.14,2,6,1,1219.66,1195.0499999999995,1207.1533333333334,1234.25
2023-06-25 03:00:00,1234.25,3,6,1,1161.14,1205.0166666666662,1211.095,1307.97
2023-06-25 04:00:00,1307.97,4,6,1,1234.25,1234.453333333333,1223.5983333333334,1310.71
2023-06-25 05:00:00,1310.71,5,6,1,1307.97,1284.3099999999995,1239.68,1372.67
2023-06-25 06:00:00,1372.67,6,6,1,1310.71,1330.4499999999996,1267.7333333333333,1367.69
2023-06-25 07:00:00,1367.69,7,6,1,1372.67,1350.356666666666,1292.405,1402.88
2023-06-25 08:00:00,1402.88,8,6,1,1367.69,1381.0799999999992,1332.695,1460.71
2023-06-25 09:00:00,1460.71,9,6,1,1402.88,1410.426666666666,1370.4383333333335,1473.21
2023-06-25 10:00:00,1473.21,10,6,1,1460.71,1445.5999999999995,1397.9783333333335,1461.68
2023-06-25 11:00:00,1461.68,11,6,1,1473.21,1465.1999999999996,1423.14,1499.59
2023-06-25 12:00:00,1499.59,12,6,1,1461.68,1478.1599999999996,1444.2933333333333,1476.14
2023-06-25 13:00:00,1476.14,13,6,1,1499.59,1479.136666666666,1462.368333333333,1464.48
2023-06-25 14:00:00,1464.48,14,6,1,1476.14,1480.0699999999995,1472.6350000000002,1445.62
2023-06-25 15:00:00,1445.62,15,6,1,1464.48,1462.0799999999992,1470.12,1388.12
2023-06-25 16:00:00,1388.12,16,6,1,1445.62,1432.739999999999,1455.9383333333335,1352.51
2023-06-25 17:00:00,1352.51,17,6,1,1388.12,1395.416666666666,1437.743333333333,1308.57
2023-06-25 18:00:00,1308.57,18,6,1,1352.51,1349.7333333333327,1405.9066666666668,1316.61
2023-06-25 19:00:00,1316.61,19,6,1,1308.57,1325.8966666666659,1379.3183333333334,1263.08
2023-06-25 20:00:00,1263.08,20,6,1,1316.61,1296.086666666666,1345.7516666666668,1221.65
2023-06-25 21:00:00,1221.65,21,6,1,1263.08,1267.1133333333328,1308.4233333333334,1200.18
2023-06-25 22:00:00,1200.18,22,6,1,1221.65,1228.3033333333328,1277.1000000000001,1203.67
2023-06-25 23:00:00,1203.67,23,6,1,1200.18,1208.4999999999993,1252.2933333333333,1194.3
2023-06-26 00:00:00,1194.3,0,0,0,1203.67,1199.383333333333,1233.2483333333332,1238.44
2023-06-26 01:00:00,1238.44,1,0,0,1194.3,1212.136666666666,1220.22,1238.8
2023-06-26 02:00:00,1238.8,2,0,0,1238.44,1223.8466666666661,1216.1733333333334,1305.14
2023-06-26 03:00:00,1305.14,3,0,0,1238.8,1260.7933333333328,1230.0883333333334,1317.73
2023-06-26 04:00:00,1317.73,4,0,0,1305.14,1287.2233333333327,1249.68,1318.77
2023-06-26 05:00:00,1318.77,5,0,0,1317.73,1313.8799999999994,1268.8633333333335,1413.24
2023-06-26 06:00:00,1413.24,6,0,0,1318.77,1349.9133333333327,1305.3533333333335,1416.49
2023-06-26 07:00:00,1416.49,7,0,0,1413.24,1382.8333333333328,1335.0283333333334,1442.21
2023-06-26 08:00:00,1442.21,8,0,0,1416.49,1423.9799999999993,1368.93,1483.35
2023-06-26 09:00:00,1483.35,9,0,0,1442.21,1447.3499999999995,1398.631666666667,1543.98
2023-06-26 10:00:00,1543.98,10,0,0,1483.35,1489.8466666666661,1436.3400000000001,1493.79
2023-06-26 11:00:00,1493.79,11,0,0,1543.98,1507.0399999999993,1465.51,1508.77
2023-06-26 12:00:00,1508.77,12,0,0,1493.79,1515.5133333333326,1481.4316666666666,1524.65
2023-06-26 13:00:00,1524.65,13,0,0,1508.77,1509.0699999999995,1499.4583333333333,1536.38
2023-06-26 14:00:00,1536.38,14,0,0,1524.65,1523.2666666666662,1515.1533333333334,1441.0
2023-06-26 15:00:00,1441.0,15,0,0,1536.38,1500.676666666666,1508.095,1401.33
2023-06-26 16:00:00,1401.33,16,0,0,1441.0,1459.5699999999995,1484.32,1386.67
2023-06-26 17:00:00,1386.67,17,0,0,1401.33,1409.666666666666,1466.4666666666665,1359.04
2023-06-26 18:00:00,1359.04,18,0,0,1386.67,1382.3466666666661,1441.5116666666665,1336.46
2023-06-26 19:00:00,1336.46,19,0,0,1359.04,1360.7233333333327,1410.1466666666668,1259.66
2023-06-26 20:00:00,1259.66,20,0,0,1336.46,1318.386666666666,1364.0266666666666,1241.88
2023-06-26 21:00:00,1241.88,21,0,0,1259.66,1279.3333333333328,1330.84,1215.82
2023-06-26 22:00:00,1215.82,22,0,0,1241.88,1239.1199999999992,1299.9216666666669,1258.62
2023-06-26 23:00:00,1258.62,23,0,0,1215.82,1238.7733333333326,1278.58,1244.36
2023-06-27 00:00:00,1244.36,0,1,0,1258.62,1239.5999999999992,1259.4666666666667,1220.37
2023-06-27 01:00:00,1220.37,1,1,0,1244.36,1241.1166666666659,1240.1183333333333,1235.86
2023-06-27 02:00:00,1235.86,2,1,0,1220.37,1233.529999999999,1236.1516666666666,1284.64
2023-06-27 03:00:00,1284.64,3,1,0,1235.86,1246.956666666666,1243.2783333333334,1292.96
2023-06-27 04:00:00,1292.96,4,1,0,1284.64,1271.1533333333327,1256.135,1322.06
2023-06-27 05:00:00,1322.06,5,1,0,1292.96,1299.886666666666,1266.7083333333333,1390.4
2023-06-27 06:00:00,1390.4,6,1,0,1322.06,1335.1399999999994,1291.0483333333334,1426.14
2023-06-27 07:00:00,1426.14,7,1,0,1390.4,1379.5333333333328,1325.3433333333332,1440.76
2023-06-27 08:00:00,1440.76,8,1,0,1426.14,1419.0999999999995,1359.4933333333333,1461.49
2023-06-27 09:00:00,1461.49,9,1,0,1440.76,1442.7966666666662,1388.9683333333332,1510.21
2023-06-27 10:00:00,1510.21,10,1,0,1461.49,1470.8199999999995,1425.1766666666665,1531.1
2023-06-27 11:00:00,1531.1,11,1,0,1510.21,1500.9333333333327,1460.0166666666667,1511.23
2023-06-27 12:00:00,1511.23,12,1,0,1531.1,1517.5133333333326,1480.155,1499.92
2023-06-27 13:00:00,1499.92,13,1,0,1511.23,1514.0833333333328,1492.4516666666668,1459.03
2023-06-27 14:00:00,1459.03,14,1,0,1499.92,1490.0599999999995,1495.4966666666667,1479.31
2023-06-27 15:00:00,1479.31,15,1,0,1459.03,1479.4199999999994,1498.466666666667,1431.09
2023-06-27 16:00:00,1431.09,16,1,0,1479.31,1456.4766666666662,1485.28,1354.26
2023-06-27 17:00:00,1354.26,17,1,0,1431.09,1421.5533333333326,1455.8066666666666,1347.86
2023-06-27 18:00:00,1347.86,18,1,0,1354.26,1377.736666666666,1428.5783333333336,1290.12
2023-06-27 19:00:00,1290.12,19,1,0,1347.86,1330.746666666666,1393.6116666666667,1292.23
2023-06-27 20:00:00,1292.23,20,1,0,1290.12,1310.0699999999995,1365.8116666666665,1272.34
2023-06-27 21:00:00,1272.34,21,1,0,1292.23,1284.896666666666,1331.3166666666666,1219.49
2023-06-27 22:00:00,1219.49,22,1,0,1272.34,1261.3533333333326,1296.05,1235.28
2023-06-27 23:00:00,1235.28,23,1,0,1219.49,1242.3699999999994,1276.22,1257.68
2023-06-28 00:00:00,1257.68,0,2,0,1235.28,1237.4833333333327,1261.1899999999998,1229.38
2023-06-28 01:00:00,1229.38,1,2,0,1257.68,1240.7799999999995,1251.0666666666666,1263.09
2023-06-28 02:00:00,1263.09,2,2,0,1229.38,1250.0499999999995,1246.21,1278.19
2023-06-28 03:00:00,1278.19,3,2,0,1263.09,1256.886666666666,1247.1850000000002,1292.55
2023-06-28 04:00:00,1292.55,4,2,0,1278.19,1277.9433333333327,1259.3616666666667,1349.48
2023-06-28 05:00:00,1349.48,5,2,0,1292.55,1306.7399999999996,1278.395,1370.1
2023-06-28 06:00:00,1370.1,6,2,0,1349.48,1337.376666666666,1297.131666666667,1438.9
2023-06-28 07:00:00,1438.9,7,2,0,1370.1,1386.1599999999992,1332.0516666666665,1452.21
2023-06-28 08:00:00,1452.21,8,2,0,1438.9,1420.4033333333327,1363.5716666666667,1501.91
2023-06-28 09:00:00,1501.91,9,2,0,1452.21,1464.3399999999995,1400.8583333333333,1460.29
2023-06-28 10:00:00,1460.29,10,2,0,1501.91,1471.4699999999993,1428.8150000000003,1513.07
2023-06-28 11:00:00,1513.07,11,2,0,1460.29,1491.7566666666662,1456.08,1517.4
2023-06-28 12:00:00,1517.4,12,2,0,1513.07,1496.9199999999994,1480.6299999999999,1486.54
2023-06-28 13:00:00,1486.54,13,2,0,1517.4,1505.6699999999994,1488.57,1479.54
2023-06-28 14:00:00,1479.54,14,2,0,1486.54,1494.4933333333329,1493.125,1463.51
2023-06-28 15:00:00,1463.51,15,2,0,1479.54,1476.5299999999995,1486.7250000000001,1430.41
2023-06-28 16:00:00,1430.41,16,2,0,1463.51,1457.8199999999995,1481.7450000000001,1367.03
2023-06-28 17:00:00,1367.03,17,2,0,1430.41,1420.316666666666,1457.405,1377.8
2023-06-28 18:00:00,1377.8,18,2,0,1367.03,1391.746666666666,1434.1383333333333,1312.95
2023-06-28 19:00:00,1312.95,19,2,0,1377.8,1352.5933333333328,1405.2066666666667,1289.23
2023-06-28 20:00:00,1289.23,20,2,0,1312.95,1326.6599999999994,1373.4883333333335,1258.87
2023-06-28 21:00:00,1258.87,21,2,0,1289.23,1287.0166666666662,1339.3816666666667,1244.23
2023-06-28 22:00:00,1244.23,22,2,0,1258.87,1264.1099999999994,1308.3516666666667,1221.31
2023-06-28 23:00:00,1221.31,23,2,0,1244.23,1241.4699999999993,1284.065,1233.25
2023-06-29 00:00:00,1233.25,0,3,0,1221.31,1232.9299999999994,1259.9733333333334,1217.04
2023-06-29 01:00:00,1217.04,1,3,0,1233.25,1223.866666666666,1243.9883333333335,1222.14
2023-06-29 02:00:00,1222.14,2,3,0,1217.04,1224.1433333333327,1232.8066666666666,1293.22
2023-06-29 03:00:00,1293.22,3,3,0,1222.14,1244.1333333333328,1238.5316666666665,1289.06
2023-06-29 04:00:00,1289.06,4,3,0,1293.22,1268.1399999999994,1246.0033333333333,1346.72
2023-06-29 05:00:00,1346.72,5,3,0,1289.06,1309.666666666666,1266.905,1407.67
2023-06-29 06:00:00,1407.67,6,3,0,1346.72,1347.816666666666,1295.9750000000001,1439.26
2023-06-29 07:00:00,1439.26,7,3,0,1407.67,1397.8833333333325,1333.0116666666665,1461.15
2023-06-29 08:00:00,1461.15,8,3,0,1439.26,1436.026666666666,1372.8466666666666,1474.77
2023-06-29 09:00:00,1474.77,9,3,0,1461.15,1458.3933333333327,1403.1050000000002,1499.62
2023-06-29 10:00:00,1499.62,10,3,0,1474.77,1478.5133333333326,1438.1983333333335,1513.39
2023-06-29 11:00:00,1513.39,11,3,0,1499.62,1495.926666666666,1465.9766666666667,1499.67
2023-06-29 12:00:00,1499.67,12,3,0,1513.39,1504.2266666666662,1481.3100000000002,1523.25
2023-06-29 13:00:00,1523.25,13,3,0,1499.67,1512.1033333333328,1495.3083333333334,1461.61
2023-06-29 14:00:00,1461.61,14,3,0,1523.25,1494.8433333333326,1495.385,1458.75
2023-06-29 15:00:00,1458.75,15,3,0,1461.61,1481.2033333333327,1492.7150000000001,1424.76
2023-06-29 16:00:00,1424.76,16,3,0,1458.75,1448.3733333333328,1480.2383333333335,1409.69
2023-06-29 17:00:00,1409.69,17,3,0,1424.76,1431.066666666666,1462.955,1345.33
2023-06-29 18:00:00,1345.33,18,3,0,1409.69,1393.2599999999993,1437.2316666666666,1334.36
2023-06-29 19:00:00,1334.36,19,3,0,1345.33,1363.1266666666659,1405.75,1273.46
2023-06-29 20:00:00,1273.46,20,3,0,1334.36,1317.716666666666,1374.3916666666667,1244.37
2023-06-29 21:00:00,1244.37,21,3,0,1273.46,1284.0633333333326,1338.6616666666666,1236.84
2023-06-29 22:00:00,1236.84,22,3,0,1244.37,1251.5566666666662,1307.3416666666665,1226.02
2023-06-29 23:00:00,1226.02,23,3,0,1236.84,1235.7433333333327,1276.7299999999998,1233.28
2023-06-30 00:00:00,1233.28,0,4,0,1226.02,1232.046666666666,1258.0549999999998,1232.62
2023-06-30 01:00:00,1232.62,1,4,0,1233.28,1230.6399999999994,1241.0983333333331,1270.89
2023-06-30 02:00:00,1270.89,2,4,0,1232.62,1245.5966666666661,1240.6699999999998,1262.39
2023-06-30 03:00:00,1262.39,3,4,0,1270.89,1255.2999999999995,1243.6733333333334,1301.1
2023-06-30 04:00:00,1301.1,4,4,0,1262.39,1278.126666666666,1254.3833333333334,1362.66
2023-06-30 05:00:00,1362.66,5,4,0,1301.1,1308.716666666666,1277.1566666666668,1381.28
2023-06-30 06:00:00,1381.28,6,4,0,1362.66,1348.3466666666661,1301.8233333333335,1426.7
2023-06-30 07:00:00,1426.7,7,4,0,1381.28,1390.213333333333,1334.17,1461.87
2023-06-30 08:00:00,1461.87,8,4,0,1426.7,1423.2833333333328,1366.0,1504.42
2023-06-30 09:00:00,1504.42,9,4,0,1461.87,1464.3299999999992,1406.3383333333331,1510.62
2023-06-30 10:00:00,1510.62,10,4,0,1504.42,1492.3033333333326,1441.2583333333332,1483.28
2023-06-30 11:00:00,1483.28,11,4,0,1510.62,1499.4399999999994,1461.3616666666667,1527.44
2023-06-30 12:00:00,1527.44,12,4,0,1483.28,1507.1133333333328,1485.7216666666666,1517.81
2023-06-30 13:00:00,1517.81,13,4,0,1527.44,1509.5099999999995,1500.9066666666668,1474.12
2023-06-30 14:00:00,1474.12,14,4,0,1517.81,1506.456666666666,1502.9483333333335,1446.53
2023-06-30 15:00:00,1446.53,15,4,0,1474.12,1479.486666666666,1493.3,1442.95
2023-06-30 16:00:00,1442.95,16,4,0,1446.53,1454.5333333333328,1482.0216666666665,1409.84
2023-06-30 17:00:00,1409.84,17,4,0,1442.95,1433.106666666666,1469.7816666666668,1342.68
2023-06-30 18:00:00,1342.68,18,4,0,1409.84,1398.4899999999996,1438.9883333333335,1268.03
2023-06-30 19:00:00,1268.03,19,4,0,1342.68,1340.1833333333327,1397.3583333333333,1267.91
2023-06-30 20:00:00,1267.91,20,4,0,1268.03,1292.8733333333328,1362.99,1280.5
2023-06-30 21:00:00,1280.5,21,4,0,1267.91,1272.146666666666,1335.3183333333334,1201.56
2023-06-30 22:00:00,1201.56,22,4,0,1280.5,1249.9899999999993,1295.0866666666666,1226.37
2023-06-30 23:00:00,1226.37,23,4,0,1201.56,1236.1433333333327,1264.5083333333334,1171.22
2023-07-01 00:00:00,1171.22,0,5,1,1226.37,1199.716666666666,1235.9316666666666,1146.09
2023-07-01 01:00:00,1146.09,1,5,1,1171.22,1181.226666666666,1215.6083333333333,1192.62
2023-07-01 02:00:00,1192.62,2,5,1,1146.09,1169.976666666666,1203.06,1205.35
2023-07-01 03:00:00,1205.35,3,5,1,1192.62,1181.3533333333328,1190.5349999999999,1217.35
2023-07-01 04:00:00,1217.35,4,5,1,1205.35,1205.106666666666,1193.1666666666667,1258.28
2023-07-01 05:00:00,1258.28,5,5,1,1217.35,1226.9933333333327,1198.485,1288.85
2023-07-01 06:00:00,1288.85,6,5,1,1258.28,1254.826666666666,1218.09,1311.9
2023-07-01 07:00:00,1311.9,7,5,1,1288.85,1286.3433333333326,1245.725,1336.37
2023-07-01 08:00:00,1336.37,8,5,1,1311.9,1312.3733333333328,1269.6833333333332,1380.12
2023-07-01 09:00:00,1380.12,9,5,1,1336.37,1342.796666666666,1298.8116666666667,1391.64
2023-07-01 10:00:00,1391.64,10,5,1,1380.12,1369.376666666666,1327.86,1411.62
2023-07-01 11:00:00,1411.62,11,5,1,1391.64,1394.4599999999994,1353.4166666666667,1373.34
2023-07-01 12:00:00,1373.34,12,5,1,1411.62,1392.1999999999996,1367.4983333333332,1379.76
2023-07-01 13:00:00,1379.76,13,5,1,1373.34,1388.239999999999,1378.8083333333334,1352.4
2023-07-01 14:00:00,1352.4,14,5,1,1379.76,1368.4999999999993,1381.4799999999998,1349.91
2023-07-01 15:00:00,1349.91,15,5,1,1352.4,1360.6899999999994,1376.445,1350.34
2023-07-01 16:00:00,1350.34,16,5,1,1349.91,1350.8833333333328,1369.5616666666665,1283.89
2023-07-01 17:00:00,1283.89,17,5,1,1350.34,1328.0466666666662,1348.2733333333333,1253.59
2023-07-01 18:00:00,1253.59,18,5,1,1283.89,1295.9399999999994,1328.3149999999998,1221.18
2023-07-01 19:00:00,1221.18,19,5,1,1253.59,1252.886666666666,1301.885,1188.23
2023-07-01 20:00:00,1188.23,20,5,1,1221.18,1220.9999999999993,1274.5233333333333,1176.07
2023-07-01 21:00:00,1176.07,21,5,1,1188.23,1195.1599999999994,1245.55,1153.88
2023-07-01 22:00:00,1153.88,22,5,1,1176.07,1172.7266666666662,1212.8066666666666,1164.28
2023-07-01 23:00:00,1164.28,23,5,1,1153.88,1164.7433333333327,1192.8716666666667,1149.76
2023-07-02 00:00:00,1149.76,0,6,1,1164.28,1155.9733333333327,1175.5666666666668,1200.68
2023-07-02 01:00:00,1200.68,1,6,1,1149.76,1171.5733333333328,1172.1499999999999,1192.69
2023-07-02 02:00:00,1192.69,2,6,1,1200.68,1181.0433333333328,1172.8933333333334,1205.65
2023-07-02 03:00:00,1205.65,3,6,1,1192.69,1199.673333333333,1177.8233333333335,1227.45
2023-07-02 04:00:00,1227.45,4,6,1,1205.65,1208.5966666666661,1190.085,1268.21
2023-07-02 05:00:00,1268.21,5,6,1,1227.45,1233.7699999999995,1207.4066666666668,1293.07
2023-07-02 06:00:00,1293.07,6,6,1,1268.21,1262.9099999999992,1231.2916666666667,1314.06
2023-07-02 07:00:00,1314.06,7,6,1,1293.07,1291.7799999999995,1250.1883333333333,1345.82
2023-07-02 08:00:00,1345.82,8,6,1,1314.06,1317.6499999999994,1275.71,1390.94
2023-07-02 09:00:00,1390.94,9,6,1,1345.82,1350.2733333333329,1306.5916666666667,1385.78
2023-07-02 10:00:00,1385.78,10,6,1,1390.94,1374.1799999999994,1332.9799999999998,1367.83
2023-07-02 11:00:00,1367.83,11,6,1,1385.78,1381.5166666666662,1349.5833333333333,1379.83
2023-07-02 12:00:00,1379.83,12,6,1,1367.83,1377.8133333333326,1364.0433333333333,1385.29
2023-07-02 13:00:00,1385.29,13,6,1,1379.83,1377.6499999999994,1375.915,1381.94
2023-07-02 14:00:00,1381.94,14,6,1,1385.29,1382.3533333333328,1381.9350000000002,1362.23
2023-07-02 15:00:00,1362.23,15,6,1,1381.94,1376.486666666666,1377.1499999999999,1299.71
2023-07-02 16:00:00,1299.71,16,6,1,1362.23,1347.9599999999994,1362.805,1303.24
2023-07-02 17:00:00,1303.24,17,6,1,1299.71,1321.726666666666,1352.04,1236.12
2023-07-02 18:00:00,1236.12,18,6,1,1303.24,1279.6899999999994,1328.0883333333334,1226.81
2023-07-02 19:00:00,1226.81,19,6,1,1236.12,1255.3899999999992,1301.675,1208.44
2023-07-02 20:00:00,1208.44,20,6,1,1226.81,1223.7899999999993,1272.7583333333334,1159.49
2023-07-02 21:00:00,1159.49,21,6,1,1208.44,1198.246666666666,1238.9683333333332,1152.59
2023-07-02 22:00:00,1152.59,22,6,1,1159.49,1173.506666666666,1214.4483333333335,1151.14
2023-07-02 23:00:00,1151.14,23,6,1,1152.59,1154.406666666666,1189.0983333333334,1170.81
2023-07-03 00:00:00,1170.81,0,0,0,1151.14,1158.1799999999994,1178.2133333333334,1194.39
2023-07-03 01:00:00,1194.39,1,0,0,1170.81,1172.1133333333328,1172.8100000000002,1220.82
2023-07-03 02:00:00,1220.82,2,0,0,1194.39,1195.3399999999992,1174.8733333333332,1207.88
2023-07-03 03:00:00,1207.88,3,0,0,1220.82,1207.696666666666,1182.9383333333333,1254.96
2023-07-03 04:00:00,1254.96,4,0,0,1207.88,1227.886666666666,1200.0,1284.3
2023-07-03 05:00:00,1284.3,5,0,0,1254.96,1249.0466666666662,1222.1933333333334,1320.16
2023-07-03 06:00:00,1320.16,6,0,0,1284.3,1286.4733333333327,1247.085,1362.01
2023-07-03 07:00:00,1362.01,7,0,0,1320.16,1322.156666666666,1275.0216666666668,1392.33
2023-07-03 08:00:00,1392.33,8,0,0,1362.01,1358.166666666666,1303.6066666666668,1408.3
2023-07-03 09:00:00,1408.3,9,0,0,1392.33,1387.5466666666662,1337.01,1402.17
2023-07-03 10:00:00,1402.17,10,0,0,1408.3,1400.9333333333327,1361.545,1378.95
2023-07-03 11:00:00,1378.95,11,0,0,1402.17,1396.4733333333327,1377.32,1415.07
2023-07-03 12:00:00,1415.07,12,0,0,1378.95,1398.7299999999993,1393.1383333333333,1412.32
2023-07-03 13:00:00,1412.32,13,0,0,1415.07,1402.1133333333328,1401.5233333333333,1426.64
2023-07-03 14:00:00,1426.64,14,0,0,1412.32,1418.0099999999993,1407.2416666666668,1366.6
2023-07-03 15:00:00,1366.6,15,0,0,1426.64,1401.8533333333328,1400.2916666666667,1360.07
2023-07-03 16:00:00,1360.07,16,0,0,1366.6,1384.4366666666658,1393.2749999999999,1300.39
2023-07-03 17:00:00,1300.39,17,0,0,1360.07,1342.3533333333326,1380.1816666666666,1298.18
2023-07-03 18:00:00,1298.18,18,0,0,1300.39,1319.5466666666662,1360.7,1244.8
2023-07-03 19:00:00,1244.8,19,0,0,1298.18,1281.1233333333328,1332.78,1243.5
2023-07-03 20:00:00,1243.5,20,0,0,1244.8,1262.1599999999992,1302.2566666666667,1230.81
2023-07-03 21:00:00,1230.81,21,0,0,1243.5,1239.7033333333327,1279.625,1176.42
2023-07-03 22:00:00,1176.42,22,0,0,1230.81,1216.9099999999992,1249.0166666666667,1200.7
2023-07-03 23:00:00,1200.7,23,0,0,1176.42,1202.6433333333327,1232.4016666666669,1175.2
2023-07-04 00:00:00,1175.2,0,1,0,1200.7,1184.106666666666,1211.905,1213.35
2023-07-04 01:00:00,1213.35,1,1,0,1175.2,1196.416666666666,1206.6633333333332,1185.45
2023-07-04 02:00:00,1185.45,2,1,0,1213.35,1191.3333333333328,1196.9883333333335,1222.78
2023-07-04 03:00:00,1222.78,3,1,0,1185.45,1207.1933333333327,1195.65,1243.09
2023-07-04 04:00:00,1243.09,4,1,0,1222.78,1217.106666666666,1206.7616666666665,1297.05
2023-07-04 05:00:00,1297.05,5,1,0,1243.09,1254.3066666666662,1222.82,1302.53
2023-07-04 06:00:00,1302.53,6,1,0,1297.05,1280.8899999999994,1244.0416666666667,1331.82
2023-07-04 07:00:00,1331.82,7,1,0,1302.53,1310.466666666666,1263.7866666666666,1355.6
2023-07-04 08:00:00,1355.6,8,1,0,1331.82,1329.9833333333327,1292.1449999999998,1426.68
2023-07-04 09:00:00,1426.68,9,1,0,1355.6,1371.366666666666,1326.1283333333333,1412.65
2023-07-04 10:00:00,1412.65,10,1,0,1426.68,1398.3099999999995,1354.3883333333333,1424.86
2023-07-04 11:00:00,1424.86,11,1,0,1412.65,1421.3966666666659,1375.6899999999998,1440.0
2023-07-04 12:00:00,1440.0,12,1,0,1424.86,1425.8366666666661,1398.6016666666667,1411.44
2023-07-04 13:00:00,1411.44,13,1,0,1440.0,1425.4333333333327,1411.8716666666667,1399.92
2023-07-04 14:00:00,1399.92,14,1,0,1411.44,1417.1199999999997,1419.2583333333332,1373.3
2023-07-04 15:00:00,1373.3,15,1,0,1399.92,1394.886666666666,1410.3616666666667,1324.81
2023-07-04 16:00:00,1324.81,16,1,0,1373.3,1366.0099999999993,1395.7216666666666,1313.51
2023-07-04 17:00:00,1313.51,17,1,0,1324.81,1337.206666666666,1377.1633333333332,1267.71
2023-07-04 18:00:00,1267.71,18,1,0,1313.51,1302.0099999999993,1348.4483333333335,1244.85
2023-07-04 19:00:00,1244.85,19,1,0,1267.71,1275.356666666666,1320.6833333333332,1214.44
2023-07-04 20:00:00,1214.44,20,1,0,1244.85,1242.3333333333328,1289.7700000000002,1249.35
2023-07-04 21:00:00,1249.35,21,1,0,1214.44,1236.2133333333325,1269.1116666666667,1207.72
2023-07-04 22:00:00,1207.72,22,1,0,1249.35,1223.8366666666661,1249.5966666666666,1176.75
2023-07-04 23:00:00,1176.75,23,1,0,1207.72,1211.2733333333326,1226.8033333333333,1161.63
2023-07-05 00:00:00,1161.63,0,2,0,1176.75,1182.0333333333328,1209.1233333333334,1215.4
2023-07-05 01:00:00,1215.4,1,2,0,1161.63,1184.5933333333328,1204.215,1223.45
2023-07-05 02:00:00,1223.45,2,2,0,1215.4,1200.1599999999996,1205.716666666667,1237.58
2023-07-05 03:00:00,1237.58,3,2,0,1223.45,1225.4766666666662,1203.755,1286.03
2023-07-05 04:00:00,1286.03,4,2,0,1237.58,1249.0199999999993,1216.8066666666666,1262.97
2023-07-05 05:00:00,1262.97,5,2,0,1286.03,1262.1933333333327,1231.1766666666665,1306.7
2023-07-05 06:00:00,1306.7,6,2,0,1262.97,1285.2333333333327,1255.355,1368.77
2023-07-05 07:00:00,1368.77,7,2,0,1306.7,1312.8133333333328,1280.9166666666667,1350.79
2023-07-05 08:00:00,1350.79,8,2,0,1368.77,1342.0866666666661,1302.1399999999999,1403.11
2023-07-05 09:00:00,1403.11,9,2,0,1350.79,1374.2233333333327,1329.7283333333335,1399.33
2023-07-05 10:00:00,1399.33,10,2,0,1403.11,1384.4099999999992,1348.6116666666667,1423.16
2023-07-05 11:00:00,1423.16,11,2,0,1399.33,1408.5333333333328,1375.3100000000002,1417.63
2023-07-05 12:00:00,1417.63,12,2,0,1423.16,1413.373333333333,1393.7983333333332,1402.86
2023-07-05 13:00:00,1402.86,13,2,0,1417.63,1414.5499999999995,1399.4800000000002,1396.98
2023-07-05 14:00:00,1396.98,14,2,0,1402.86,1405.8233333333328,1407.1783333333333,1365.75
2023-07-05 15:00:00,1365.75,15,2,0,1396.98,1388.5299999999995,1400.9516666666666,1352.0
2023-07-05 16:00:00,1352.0,16,2,0,1365.75,1371.5766666666661,1393.0633333333333,1321.83
2023-07-05 17:00:00,1321.83,17,2,0,1352.0,1346.526666666666,1376.175,1295.93
2023-07-05 18:00:00,1295.93,18,2,0,1321.83,1323.2533333333326,1355.8916666666667,1224.55
2023-07-05 19:00:00,1224.55,19,2,0,1295.93,1280.7699999999995,1326.1733333333334,1234.55
2023-07-05 20:00:00,1234.55,20,2,0,1224.55,1251.676666666666,1299.1016666666667,1181.84
2023-07-05 21:00:00,1181.84,21,2,0,1234.55,1213.6466666666659,1268.45,1209.0
2023-07-05 22:00:00,1209.0,22,2,0,1181.84,1208.4633333333325,1244.6166666666668,1160.08
2023-07-05 23:00:00,1160.08,23,2,0,1209.0,1183.6399999999994,1217.6583333333335,1154.64
2023-07-06 00:00:00,1154.64,0,3,0,1160.08,1174.5733333333326,1194.11,1192.95
2023-07-06 01:00:00,1192.95,1,3,0,1154.64,1169.2233333333327,1188.8433333333332,1172.86
2023-07-06 02:00:00,1172.86,2,3,0,1192.95,1173.483333333333,1178.5616666666667,1235.23
2023-07-06 03:00:00,1235.23,3,3,0,1172.86,1200.3466666666661,1187.46,1255.95
2023-07-06 04:00:00,1255.95,4,3,0,1235.23,1221.3466666666661,1195.285,1307.71
2023-07-06 05:00:00,1307.71,5,3,0,1255.95,1266.2966666666662,1219.89,1295.72
2023-07-06 06:00:00,1295.72,6,3,0,1307.71,1286.4599999999994,1243.4033333333334,1403.39
2023-07-06 07:00:00,1403.39,7,3,0,1295.72,1335.6066666666663,1278.4766666666667,1384.07
2023-07-06 08:00:00,1384.07,8,3,0,1403.39,1361.0599999999995,1313.6783333333333,1422.51
2023-07-06 09:00:00,1422.51,9,3,0,1384.07,1403.3233333333328,1344.8916666666667,1390.9
2023-07-06 10:00:00,1390.9,10,3,0,1422.51,1399.1599999999992,1367.3833333333332,1449.48
2023-07-06 11:00:00,1449.48,11,3,0,1390.9,1420.963333333333,1391.0116666666665,1432.81
2023-07-06 12:00:00,1432.81,12,3,0,1449.48,1424.3966666666659,1413.86,1396.41
2023-07-06 13:00:00,1396.41,13,3,0,1432.81,1426.233333333333,1412.6966666666667,1385.83
2023-07-06 14:00:00,1385.83,14,3,0,1396.41,1405.0166666666657,1412.99,1362.36
2023-07-06 15:00:00,1362.36,15,3,0,1385.83,1381.5333333333328,1402.9650000000001,1355.09
2023-07-06 16:00:00,1355.09,16,3,0,1362.36,1367.7599999999993,1396.9966666666667,1296.27
2023-07-06 17:00:00,1296.27,17,3,0,1355.09,1337.906666666666,1371.4616666666668,1296.27
2023-07-06 18:00:00,1296.27,18,3,0,1296.27,1315.8766666666659,1348.7050000000002,1230.03
2023-07-06 19:00:00,1230.03,19,3,0,1296.27,1274.1899999999994,1320.975,1205.4
2023-07-06 20:00:00,1205.4,20,3,0,1230.03,1243.8999999999994,1290.9033333333334,1197.23
2023-07-06 21:00:00,1197.23,21,3,0,1205.4,1210.886666666666,1263.3816666666667,1164.43
2023-07-06 22:00:00,1164.43,22,3,0,1197.23,1189.0199999999995,1231.605,1191.21
2023-07-06 23:00:00,1191.21,23,3,0,1164.43,1184.2899999999993,1214.095,1196.53
2023-07-07 00:00:00,1196.53,0,4,0,1191.21,1184.0566666666662,1197.4716666666666,1188.8
2023-07-07 01:00:00,1188.8,1,4,0,1196.53,1192.1799999999994,1190.6000000000001,1202.0
2023-07-07 02:00:00,1202.0,2,4,0,1188.8,1195.776666666666,1190.0333333333335,1229.96
2023-07-07 03:00:00,1229.96,3,4,0,1202.0,1206.9199999999994,1195.4883333333335,1268.43
2023-07-07 04:00:00,1268.43,4,4,0,1229.96,1233.463333333333,1212.8216666666667,1246.38
2023-07-07 05:00:00,1246.38,5,4,0,1268.43,1248.2566666666662,1222.0166666666667,1357.19
2023-07-07 06:00:00,1357.19,6,4,0,1246.38,1290.666666666666,1248.7933333333333,1361.4
2023-07-07 07:00:00,1361.4,7,4,0,1357.19,1321.656666666666,1277.5600000000002,1373.16
2023-07-07 08:00:00,1373.16,8,4,0,1361.4,1363.916666666666,1306.0866666666668,1386.47
2023-07-07 09:00:00,1386.47,9,4,0,1373.16,1373.6766666666663,1332.1716666666669,1386.64
2023-07-07 10:00:00,1386.64,10,4,0,1386.47,1382.0899999999995,1351.8733333333332,1404.7
2023-07-07 11:00:00,1404.7,11,4,0,1386.64,1392.6033333333328,1378.2600000000002,1444.51
2023-07-07 12:00:00,1444.51,12,4,0,1404.7,1411.9499999999996,1392.8133333333335,1370.38
2023-07-07 13:00:00,1370.38,13,4,0,1444.51,1406.5299999999995,1394.3100000000002,1389.63
2023-07-07 14:00:00,1389.63,14,4,0,1370.38,1401.5066666666662,1397.055,1406.69
2023-07-07 15:00:00,1406.69,15,4,0,1389.63,1388.8999999999996,1400.4250000000002,1345.26
2023-07-07 16:00:00,1345.26,16,4,0,1406.69,1380.526666666666,1393.5283333333334,1332.43
2023-07-07 17:00:00,1332.43,17,4,0,1345.26,1361.4599999999994,1381.4833333333333,1307.19
2023-07-07 18:00:00,1307.19,18,4,0,1332.43,1328.2933333333328,1358.5966666666668,1259.54
2023-07-07 19:00:00,1259.54,19,4,0,1307.19,1299.7199999999993,1340.1233333333334,1268.94
2023-07-07 20:00:00,1268.94,20,4,0,1259.54,1278.5566666666662,1320.0083333333334,1191.7
2023-07-07 21:00:00,1191.7,21,4,0,1268.94,1240.0599999999995,1284.1766666666665,1190.93
2023-07-07 22:00:00,1190.93,22,4,0,1191.7,1217.1899999999994,1258.455,1195.32
2023-07-07 23:00:00,1195.32,23,4,0,1190.93,1192.6499999999994,1235.6033333333335,1145.89
2023-07-08 00:00:00,1145.89,0,5,1,1195.32,1177.3799999999994,1208.72,1177.87
2023-07-08 01:00:00,1177.87,1,5,1,1145.89,1173.026666666666,1195.1083333333333,1198.02
2023-07-08 02:00:00,1198.02,2,5,1,1177.87,1173.926666666666,1183.2883333333334,1194.32
2023-07-08 03:00:00,1194.32,3,5,1,1198.02,1190.0699999999995,1183.7250000000001,1254.5
2023-07-08 04:00:00,1254.5,4,5,1,1194.32,1215.6133333333328,1194.32,1254.3
2023-07-08 05:00:00,1254.3,5,5,1,1254.5,1234.3733333333328,1204.15,1282.42
2023-07-08 06:00:00,1282.42,6,5,1,1254.3,1263.7399999999996,1226.905,1348.27
2023-07-08 07:00:00,1348.27,7,5,1,1282.42,1294.9966666666662,1255.305,1318.43
2023-07-08 08:00:00,1318.43,8,5,1,1348.27,1316.3733333333328,1275.3733333333332,1384.08
2023-07-08 09:00:00,1384.08,9,5,1,1318.43,1350.2599999999993,1307.0,1372.98
2023-07-08 10:00:00,1372.98,10,5,1,1384.08,1358.496666666666,1326.7466666666667,1380.0
2023-07-08 11:00:00,1380.0,11,5,1,1372.98,1379.0199999999993,1347.6966666666667,1427.2
2023-07-08 12:00:00,1427.2,12,5,1,1380.0,1393.3933333333327,1371.8266666666666,1408.33
2023-07-08 13:00:00,1408.33,13,5,1,1427.2,1405.1766666666663,1381.8366666666668,1379.71
2023-07-08 14:00:00,1379.71,14,5,1,1408.33,1405.0799999999992,1392.05,1337.6
2023-07-08 15:00:00,1337.6,15,5,1,1379.71,1375.2133333333325,1384.3033333333333,1345.68
2023-07-08 16:00:00,1345.68,16,5,1,1337.6,1354.3299999999992,1379.7533333333333,1257.75
2023-07-08 17:00:00,1257.75,17,5,1,1345.68,1313.676666666666,1359.3783333333333,1272.15
2023-07-08 18:00:00,1272.15,18,5,1,1257.75,1291.8599999999994,1333.5366666666666,1220.95
2023-07-08 19:00:00,1220.95,19,5,1,1272.15,1250.2833333333326,1302.3066666666666,1168.22
2023-07-08 20:00:00,1168.22,20,5,1,1220.95,1220.4399999999996,1267.0583333333334,1185.73
2023-07-08 21:00:00,1185.73,21,5,1,1168.22,1191.6333333333325,1241.7466666666667,1154.95
2023-07-08 22:00:00,1154.95,22,5,1,1185.73,1169.6333333333328,1209.9583333333333,1153.78
2023-07-08 23:00:00,1153.78,23,5,1,1154.95,1164.8199999999995,1192.63,1179.22
2023-07-09 00:00:00,1179.22,0,6,1,1153.78,1162.6499999999994,1177.1416666666667,1199.64
2023-07-09 01:00:00,1199.64,1,6,1,1179.22,1177.5466666666662,1173.59,1173.25
2023-07-09 02:00:00,1173.25,2,6,1,1199.64,1184.0366666666662,1174.4283333333333,1220.06
2023-07-09 03:00:00,1220.06,3,6,1,1173.25,1197.6499999999994,1180.1499999999999,1241.17
2023-07-09 04:00:00,1241.17,4,6,1,1220.06,1211.4933333333327,1194.5200000000002,1269.61
2023-07-09 05:00:00,1269.61,5,6,1,1241.17,1243.6133333333325,1213.825,1270.12
2023-07-09 06:00:00,1270.12,6,6,1,1269.61,1260.2999999999993,1228.9750000000001,1303.64
2023-07-09 07:00:00,1303.64,7,6,1,1270.12,1281.1233333333328,1246.3083333333334,1318.18
2023-07-09 08:00:00,1318.18,8,6,1,1303.64,1297.3133333333328,1270.4633333333334,1403.13
2023-07-09 09:00:00,1403.13,9,6,1,1318.18,1341.6499999999994,1300.975,1379.04
2023-07-09 10:00:00,1379.04,10,6,1,1403.13,1366.7833333333328,1323.9533333333334,1378.36
2023-07-09 11:00:00,1378.36,11,6,1,1379.04,1386.8433333333326,1342.0783333333331,1390.02
2023-07-09 12:00:00,1390.02,12,6,1,1378.36,1382.4733333333327,1362.0616666666667,1370.29
2023-07-09 13:00:00,1370.29,13,6,1,1390.02,1379.5566666666662,1373.17,1373.77
2023-07-09 14:00:00,1373.77,14,6,1,1370.29,1378.026666666666,1382.4350000000002,1331.2
2023-07-09 15:00:00,1331.2,15,6,1,1373.77,1358.4199999999994,1370.4466666666667,1316.38
2023-07-09 16:00:00,1316.38,16,6,1,1331.2,1340.4499999999996,1360.0033333333333,1300.0
2023-07-09 17:00:00,1300.0,17,6,1,1316.38,1315.8599999999994,1346.9433333333334,1248.26
2023-07-09 18:00:00,1248.26,18,6,1,1300.0,1288.213333333333,1323.3166666666666,1224.96
2023-07-09 19:00:00,1224.96,19,6,1,1248.26,1257.7399999999996,1299.095,1216.64
2023-07-09 20:00:00,1216.64,20,6,1,1224.96,1229.9533333333327,1272.9066666666665,1121.42
2023-07-09 21:00:00,1121.42,21,6,1,1216.64,1187.673333333333,1237.9433333333334,1135.31
2023-07-09 22:00:00,1135.31,22,6,1,1121.42,1157.7899999999995,1207.765,1144.37
2023-07-09 23:00:00,1144.37,23,6,1,1135.31,1133.6999999999994,1181.8266666666666,1184.78
2023-07-10 00:00:00,1184.78,0,0,0,1144.37,1154.8199999999995,1171.2466666666667,1210.6
2023-07-10 01:00:00,1210.6,1,0,0,1184.78,1179.916666666666,1168.8533333333335,1210.57
2023-07-10 02:00:00,1210.57,2,0,0,1210.6,1201.9833333333327,1167.8416666666667,1184.92
2023-07-10 03:00:00,1184.92,3,0,0,1210.57,1202.0299999999995,1178.425,1258.47
2023-07-10 04:00:00,1258.47,4,0,0,1184.92,1217.986666666666,1198.9516666666666,1269.17
2023-07-10 05:00:00,1269.17,5,0,0,1258.47,1237.5199999999995,1219.7516666666668,1312.96
2023-07-10 06:00:00,1312.96,6,0,0,1269.17,1280.1999999999996,1241.115,1353.72
2023-07-10 07:00:00,1353.72,7,0,0,1312.96,1311.9499999999994,1264.9683333333332,1379.22
2023-07-10 08:00:00,1379.22,8,0,0,1353.72,1348.633333333333,1293.0766666666666,1403.51
2023-07-10 09:00:00,1403.51,9,0,0,1379.22,1378.8166666666664,1329.5083333333334,1399.33
2023-07-10 10:00:00,1399.33,10,0,0,1403.51,1394.0199999999993,1352.985,1440.76
2023-07-10 11:00:00,1440.76,11,0,0,1399.33,1414.5333333333326,1381.5833333333333,1425.81
2023-07-10 12:00:00,1425.81,12,0,0,1440.76,1421.966666666666,1400.3916666666667,1426.78
2023-07-10 13:00:00,1426.78,13,0,0,1425.81,1431.116666666666,1412.5683333333334,1391.92
2023-07-10 14:00:00,1391.92,14,0,0,1426.78,1414.8366666666661,1414.6850000000002,1365.27
2023-07-10 15:00:00,1365.27,15,0,0,1391.92,1394.656666666666,1408.3116666666665,1347.94
2023-07-10 16:00:00,1347.94,16,0,0,1365.27,1368.376666666666,1399.7466666666667,1316.48
2023-07-10 17:00:00,1316.48,17,0,0,1347.94,1343.2299999999993,1379.033333333333,1302.01
2023-07-10 18:00:00,1302.01,18,0,0,1316.48,1322.1433333333327,1358.3999999999999,1231.51
2023-07-10 19:00:00,1231.51,19,0,0,1302.01,1283.3333333333328,1325.855,1219.58
2023-07-10 20:00:00,1219.58,20,0,0,1231.51,1251.0333333333326,1297.1316666666667,1173.84
2023-07-10 21:00:00,1173.84,21,0,0,1219.58,1208.3099999999995,1265.2266666666667,1225.71
2023-07-10 22:00:00,1225.71,22,0,0,1173.84,1206.376666666666,1244.855,1168.25
2023-07-10 23:00:00,1168.25,23,0,0,1225.71,1189.2666666666662,1220.1499999999999,1196.42
2023-07-11 00:00:00,1196.42,0,1,0,1168.25,1196.7933333333328,1202.5516666666665,1206.42
2023-07-11 01:00:00,1206.42,1,1,0,1196.42,1190.3633333333328,1198.3700000000001,1207.49
2023-07-11 02:00:00,1207.49,2,1,0,1206.42,1203.4433333333327,1196.355,1185.05
2023-07-11 03:00:00,1185.05,3,1,0,1207.49,1199.6533333333327,1198.2233333333334,1289.51
2023-07-11 04:00:00,1289.51,4,1,0,1185.05,1227.3499999999992,1208.8566666666668,1332.83
2023-07-11 05:00:00,1332.83,5,1,0,1289.51,1269.1299999999994,1236.2866666666666,1325.8
2023-07-11 06:00:00,1325.8,6,1,0,1332.83,1316.0466666666662,1257.8500000000001,1347.62
2023-07-11 07:00:00,1347.62,7,1,0,1325.8,1335.416666666666,1281.3833333333332,1358.27
2023-07-11 08:00:00,1358.27,8,1,0,1347.62,1343.8966666666659,1306.5133333333333,1378.17
2023-07-11 09:00:00,1378.17,9,1,0,1358.27,1361.3533333333326,1338.7,1396.08
2023-07-11 10:00:00,1396.08,10,1,0,1378.17,1377.506666666666,1356.4616666666666,1406.99
2023-07-11 11:00:00,1406.99,11,1,0,1396.08,1393.746666666666,1368.8216666666667,1428.31
2023-07-11 12:00:00,1428.31,12,1,0,1406.99,1410.4599999999994,1385.9066666666668,1398.01
2023-07-11 13:00:00,1398.01,13,1,0,1428.31,1411.1033333333328,1394.305,1428.23
2023-07-11 14:00:00,1428.23,14,1,0,1398.01,1418.1833333333327,1405.9650000000001,1349.75
2023-07-11 15:00:00,1349.75,15,1,0,1428.23,1391.996666666666,1401.2283333333332,1346.18
2023-07-11 16:00:00,1346.18,16,1,0,1349.75,1374.7199999999993,1392.9116666666666,1299.43
2023-07-11 17:00:00,1299.43,17,1,0,1346.18,1331.7866666666662,1374.985,1290.38
2023-07-11 18:00:00,1290.38,18,1,0,1299.43,1311.9966666666662,1351.9966666666667,1253.73
2023-07-11 19:00:00,1253.73,19,1,0,1290.38,1281.1799999999994,1327.95,1246.78
2023-07-11 20:00:00,1246.78,20,1,0,1253.73,1263.6299999999994,1297.7083333333333,1209.31
2023-07-11 21:00:00,1209.31,21,1,0,1246.78,1236.6066666666661,1274.3016666666667,1161.06
2023-07-11 22:00:00,1161.06,22,1,0,1209.31,1205.716666666666,1243.4483333333333,1179.87
2023-07-11 23:00:00,1179.87,23,1,0,1161.06,1183.4133333333327,1223.5216666666668,1184.05
2023-07-12 00:00:00,1184.05,0,2,0,1179.87,1174.9933333333327,1205.8,1168.21
2023-07-12 01:00:00,1168.21,1,2,0,1184.05,1177.376666666666,1191.5466666666666,1213.01
2023-07-12 02:00:00,1213.01,2,2,0,1168.21,1188.4233333333327,1185.9183333333333,1263.49
2023-07-12 03:00:00,1263.49,3,2,0,1213.01,1214.9033333333327,1194.9483333333333,1239.49
2023-07-12 04:00:00,1239.49,4,2,0,1263.49,1238.6633333333327,1208.02,1290.24
2023-07-12 05:00:00,1290.24,5,2,0,1239.49,1264.406666666666,1226.415,1332.73
2023-07-12 06:00:00,1332.73,6,2,0,1290.24,1287.486666666666,1251.195,1389.41
2023-07-12 07:00:00,1389.41,7,2,0,1332.73,1337.4599999999994,1288.0616666666667,1373.73
2023-07-12 08:00:00,1373.73,8,2,0,1389.41,1365.2899999999995,1314.8483333333334,1413.46
2023-07-12 09:00:00,1413.46,9,2,0,1373.73,1392.1999999999996,1339.8433333333335,1389.31
2023-07-12 10:00:00,1389.31,10,2,0,1413.46,1392.166666666666,1364.8133333333333,1360.93
2023-07-12 11:00:00,1360.93,11,2,0,1389.31,1387.8999999999994,1376.595,1425.97
2023-07-12 12:00:00,1425.97,12,2,0,1360.93,1392.0699999999995,1392.135,1406.06
2023-07-12 13:00:00,1406.06,13,2,0,1425.97,1397.6533333333327,1394.91,1387.39
2023-07-12 14:00:00,1387.39,14,2,0,1406.06,1406.4733333333327,1397.1866666666665,1432.78
2023-07-12 15:00:00,1432.78,15,2,0,1387.39,1408.7433333333327,1400.4066666666668,1337.88
2023-07-12 16:00:00,1337.88,16,2,0,1432.78,1386.0166666666662,1391.835,1316.1
2023-07-12 17:00:00,1316.1,17,2,0,1337.88,1362.2533333333326,1384.3633333333335,1301.38
2023-07-12 18:00:00,1301.38,18,2,0,1316.1,1318.4533333333327,1363.5983333333334,1253.74
2023-07-12 19:00:00,1253.74,19,2,0,1301.38,1290.406666666666,1338.2116666666668,1234.41
2023-07-12 20:00:00,1234.41,20,2,0,1253.74,1263.176666666666,1312.715,1188.24
2023-07-12 21:00:00,1188.24,21,2,0,1234.41,1225.463333333333,1271.9583333333333,1201.78
2023-07-12 22:00:00,1201.78,22,2,0,1188.24,1208.1433333333327,1249.275,1176.64
2023-07-12 23:00:00,1176.64,23,2,0,1201.78,1188.886666666666,1226.0316666666668,1160.19
2023-07-13 00:00:00,1160.19,0,3,0,1176.64,1179.5366666666662,1202.5,1203.3
2023-07-13 01:00:00,1203.3,1,3,0,1160.19,1180.0433333333328,1194.0933333333335,1193.41
2023-07-13 02:00:00,1193.41,2,3,0,1203.3,1185.6333333333325,1187.26,1245.51
2023-07-13 03:00:00,1245.51,3,3,0,1193.41,1214.0733333333328,1196.805,1255.22
2023-07-13 04:00:00,1255.22,4,3,0,1245.51,1231.3799999999994,1205.7116666666668,1285.24
2023-07-13 05:00:00,1285.24,5,3,0,1255.22,1261.9899999999996,1223.8116666666667,1325.4
2023-07-13 06:00:00,1325.4,6,3,0,1285.24,1288.6199999999994,1251.3466666666666,1374.33
2023-07-13 07:00:00,1374.33,7,3,0,1325.4,1328.3233333333328,1279.8516666666667,1348.55
2023-07-13 08:00:00,1348.55,8,3,0,1374.33,1349.426666666666,1305.7083333333333,1375.73
2023-07-13 09:00:00,1375.73,9,3,0,1348.55,1366.2033333333327,1327.4116666666666,1403.52
2023-07-13 10:00:00,1403.52,10,3,0,1375.73,1375.9333333333327,1352.1283333333333,1402.66
2023-07-13 11:00:00,1402.66,11,3,0,1403.52,1393.9699999999993,1371.6983333333335,1401.12
2023-07-13 12:00:00,1401.12,12,3,0,1402.66,1402.4333333333327,1384.3183333333334,1412.89
2023-07-13 13:00:00,1412.89,13,3,0,1401.12,1405.5566666666662,1390.7450000000001,1381.28
2023-07-13 14:00:00,1381.28,14,3,0,1412.89,1398.4299999999994,1396.2,1382.19
2023-07-13 15:00:00,1382.19,15,3,0,1381.28,1392.1199999999997,1397.2766666666666,1324.59
2023-07-13 16:00:00,1324.59,16,3,0,1382.19,1362.6866666666658,1384.1216666666667,1331.48
2023-07-13 17:00:00,1331.48,17,3,0,1324.59,1346.0866666666661,1372.2583333333332,1292.5
2023-07-13 18:00:00,1292.5,18,3,0,1331.48,1316.1899999999994,1354.155,1223.47
2023-07-13 19:00:00,1223.47,19,3,0,1292.5,1282.4833333333327,1322.585,1197.57
2023-07-13 20:00:00,1197.57,20,3,0,1223.47,1237.8466666666661,1291.9666666666667,1198.56
2023-07-13 21:00:00,1198.56,21,3,0,1197.57,1206.5333333333328,1261.3616666666667,1177.71
2023-07-13 22:00:00,1177.71,22,3,0,1198.56,1191.2799999999995,1236.8816666666664,1205.36
2023-07-13 23:00:00,1205.36,23,3,0,1177.71,1193.876666666666,1215.8616666666667,1182.13
2023-07-14 00:00:00,1182.13,0,4,0,1205.36,1188.3999999999994,1197.4666666666667,1170.81
2023-07-14 01:00:00,1170.81,1,4,0,1182.13,1186.0999999999992,1188.6899999999998,1211.06
2023-07-14 02:00:00,1211.06,2,4,0,1170.81,1187.9999999999993,1190.9383333333333,1219.27
2023-07-14 03:00:00,1219.27,3,4,0,1211.06,1200.3799999999994,1194.3899999999999,1239.56
2023-07-14 04:00:00,1239.56,4,4,0,1219.27,1223.296666666666,1204.6983333333333,1297.38
2023-07-14 05:00:00,1297.38,5,4,0,1239.56,1252.0699999999995,1220.035,1366.71
2023-07-14 06:00:00,1366.71,6,4,0,1297.38,1301.216666666666,1250.7983333333334,1325.31
2023-07-14 07:00:00,1325.31,7,4,0,1366.71,1329.7999999999995,1276.5483333333334,1369.63
2023-07-14 08:00:00,1369.63,8,4,0,1325.31,1353.8833333333328,1302.9766666666667,1424.72
2023-07-14 09:00:00,1424.72,9,4,0,1369.63,1373.2199999999993,1337.2183333333335,1400.36
2023-07-14 10:00:00,1400.36,10,4,0,1424.72,1398.236666666666,1364.0183333333332,1399.22
2023-07-14 11:00:00,1399.22,11,4,0,1400.36,1408.0999999999995,1380.9916666666668,1439.74
2023-07-14 12:00:00,1439.74,12,4,0,1399.22,1413.106666666666,1393.1633333333332,1414.81
2023-07-14 13:00:00,1414.81,13,4,0,1439.74,1417.923333333333,1408.08,1387.55
2023-07-14 14:00:00,1387.55,14,4,0,1414.81,1414.0333333333326,1411.0666666666666,1372.44
2023-07-14 15:00:00,1372.44,15,4,0,1387.55,1391.5999999999995,1402.3533333333332,1361.91
2023-07-14 16:00:00,1361.91,16,4,0,1372.44,1373.966666666666,1395.945,1330.69
2023-07-14 17:00:00,1330.69,17,4,0,1361.91,1355.0133333333326,1384.5233333333333,1280.26
2023-07-14 18:00:00,1280.26,18,4,0,1330.69,1324.2866666666662,1357.9433333333334,1269.86
2023-07-14 19:00:00,1269.86,19,4,0,1280.26,1293.6033333333328,1333.785,1227.04
2023-07-14 20:00:00,1227.04,20,4,0,1269.86,1259.0533333333326,1307.0333333333333,1177.88
2023-07-14 21:00:00,1177.88,21,4,0,1227.04,1224.926666666666,1274.6066666666668,1175.63
2023-07-14 22:00:00,1175.63,22,4,0,1177.88,1193.5166666666662,1243.5600000000002,1173.14
2023-07-14 23:00:00,1173.14,23,4,0,1175.63,1175.5499999999995,1217.3016666666665,1179.34
2023-07-15 00:00:00,1179.34,0,5,1,1173.14,1176.0366666666662,1200.4816666666666,1163.09
2023-07-15 01:00:00,1163.09,1,5,1,1179.34,1171.856666666666,1182.6866666666667,1181.32
2023-07-15 02:00:00,1181.32,2,5,1,1163.09,1174.5833333333326,1175.0666666666666,1226.62
2023-07-15 03:00:00,1226.62,3,5,1,1181.32,1190.3433333333326,1183.1899999999998,1219.91
2023-07-15 04:00:00,1219.91,4,5,1,1226.62,1209.2833333333326,1190.57,1262.27
2023-07-15 05:00:00,1262.27,5,5,1,1219.91,1236.2666666666662,1205.425,1286.31
2023-07-15 06:00:00,1286.31,6,5,1,1262.27,1256.1633333333327,1223.2533333333333,1329.28
2023-07-15 07:00:00,1329.28,7,5,1,1286.31,1292.6199999999994,1250.9516666666666,1407.84
2023-07-15 08:00:00,1407.84,8,5,1,1329.28,1341.1433333333327,1288.705,1369.9
2023-07-15 09:00:00,1369.9,9,5,1,1407.84,1369.006666666666,1312.585,1394.51
2023-07-15 10:00:00,1394.51,10,5,1,1369.9,1390.7499999999993,1341.6850000000002,1382.05
2023-07-15 11:00:00,1382.05,11,5,1,1394.51,1382.1533333333327,1361.6483333333333,1377.29
2023-07-15 12:00:00,1377.29,12,5,1,1382.05,1384.616666666666,1376.8116666666667,1379.68
2023-07-15 13:00:00,1379.68,13,5,1,1377.29,1379.673333333333,1385.2116666666668,1366.95
2023-07-15 14:00:00,1366.95,14,5,1,1379.68,1374.6399999999994,1378.3966666666665,1344.57
2023-07-15 15:00:00,1344.57,15,5,1,1366.95,1363.7333333333327,1374.175,1266.95
2023-07-15 16:00:00,1266.95,16,5,1,1344.57,1326.156666666666,1352.915,1272.4
2023-07-15 17:00:00,1272.4,17,5,1,1266.95,1294.6399999999994,1334.64,1244.01
2023-07-15 18:00:00,1244.01,18,5,1,1272.4,1261.1199999999994,1312.4266666666665,1232.2
2023-07-15 19:00:00,1232.2,19,5,1,1244.01,1249.536666666666,1287.8466666666666,1198.97
2023-07-15 20:00:00,1198.97,20,5,1,1232.2,1225.0599999999995,1259.85,1189.44
2023-07-15 21:00:00,1189.44,21,5,1,1198.97,1206.8699999999994,1233.9950000000001,1172.35
2023-07-15 22:00:00,1172.35,22,5,1,1189.44,1186.9199999999994,1218.2283333333332,1146.34
2023-07-15 23:00:00,1146.34,23,5,1,1172.35,1169.376666666666,1197.2183333333332,1176.12
2023-07-16 00:00:00,1176.12,0,6,1,1146.34,1164.9366666666658,1185.9033333333334,1162.74
2023-07-16 01:00:00,1162.74,1,6,1,1176.12,1161.7333333333327,1174.3266666666666,1163.15
2023-07-16 02:00:00,1163.15,2,6,1,1162.74,1167.336666666666,1168.3566666666668,1186.72
2023-07-16 03:00:00,1186.72,3,6,1,1163.15,1170.8699999999997,1167.9033333333334,1218.62
2023-07-16 04:00:00,1218.62,4,6,1,1186.72,1189.496666666666,1175.615,1269.9
2023-07-16 05:00:00,1269.9,5,6,1,1218.62,1225.0799999999992,1196.2083333333333,1316.35
2023-07-16 06:00:00,1316.35,6,6,1,1269.9,1268.2899999999993,1219.58,1312.98
2023-07-16 07:00:00,1312.98,7,6,1,1316.35,1299.7433333333327,1244.6200000000001,1321.6
2023-07-16 08:00:00,1321.6,8,6,1,1312.98,1316.9766666666662,1271.0283333333334,1365.42
2023-07-16 09:00:00,1365.42,9,6,1,1321.6,1333.3333333333328,1300.8116666666667,1389.72
2023-07-16 10:00:00,1389.72,10,6,1,1365.42,1358.9133333333327,1329.3283333333331,1383.57
2023-07-16 11:00:00,1383.57,11,6,1,1389.72,1379.5699999999995,1348.2733333333333,1423.27
2023-07-16 12:00:00,1423.27,12,6,1,1383.57,1398.8533333333328,1366.0933333333332,1363.17
2023-07-16 13:00:00,1363.17,13,6,1,1423.27,1390.0033333333329,1374.4583333333333,1346.91
2023-07-16 14:00:00,1346.91,14,6,1,1363.17,1377.7833333333328,1378.6766666666665,1366.93
2023-07-16 15:00:00,1366.93,15,6,1,1346.91,1359.0033333333329,1378.9283333333333,1297.8
2023-07-16 16:00:00,1297.8,16,6,1,1366.93,1337.2133333333327,1363.6083333333333,1272.71
2023-07-16 17:00:00,1272.71,17,6,1,1297.8,1312.4799999999993,1345.1316666666667,1239.39
2023-07-16 18:00:00,1239.39,18,6,1,1272.71,1269.9666666666662,1314.485,1213.35
2023-07-16 19:00:00,1213.35,19,6,1,1239.39,1241.816666666666,1289.515,1180.41
2023-07-16 20:00:00,1180.41,20,6,1,1213.35,1211.0499999999995,1261.765,1205.72
2023-07-16 21:00:00,1205.72,21,6,1,1180.41,1199.8266666666661,1234.8966666666668,1183.53
2023-07-16 22:00:00,1183.53,22,6,1,1205.72,1189.886666666666,1215.8516666666667,1135.79
2023-07-16 23:00:00,1135.79,23,6,1,1183.53,1175.0133333333326,1193.0316666666665,1159.77
2023-07-17 00:00:00,1159.77,0,0,0,1135.79,1159.696666666666,1179.7616666666665,1201.8
2023-07-17 01:00:00,1201.8,1,0,0,1159.77,1165.786666666666,1177.8366666666668,1186.73
2023-07-17 02:00:00,1186.73,2,0,0,1201.8,1182.7666666666662,1178.89,1207.64
2023-07-17 03:00:00,1207.64,3,0,0,1186.73,1198.7233333333327,1179.21,1243.7
2023-07-17 04:00:00,1243.7,4,0,0,1207.64,1212.6899999999994,1189.2383333333335,1288.38
2023-07-17 05:00:00,1288.38,5,0,0,1243.7,1246.5733333333328,1214.67,1318.18
2023-07-17 06:00:00,1318.18,6,0,0,1288.38,1283.4199999999994,1241.0716666666667,1351.15
2023-07-17 07:00:00,1351.15,7,0,0,1318.18,1319.2366666666662,1265.9633333333334,1380.89
2023-07-17 08:00:00,1380.89,8,0,0,1351.15,1350.0733333333328,1298.3233333333335,1378.69
2023-07-17 09:00:00,1378.69,9,0,0,1380.89,1370.2433333333329,1326.8316666666667,1411.13
2023-07-17 10:00:00,1411.13,10,0,0,1378.69,1390.236666666666,1354.7366666666667,1422.53
2023-07-17 11:00:00,1422.53,11,0,0,1411.13,1404.116666666666,1377.095,1450.23
2023-07-17 12:00:00,1450.23,12,0,0,1422.53,1427.963333333333,1399.1033333333335,1366.31
2023-07-17 13:00:00,1366.31,13,0,0,1450.23,1413.0233333333326,1401.63,1400.55
2023-07-17 14:00:00,1400.55,14,0,0,1366.31,1405.696666666666,1404.9066666666668,1346.01
2023-07-17 15:00:00,1346.01,15,0,0,1400.55,1370.956666666666,1399.46,1367.58
2023-07-17 16:00:00,1367.58,16,0,0,1346.01,1371.3799999999992,1392.2016666666668,1309.86
2023-07-17 17:00:00,1309.86,17,0,0,1367.58,1341.1499999999994,1373.4233333333332,1279.14
2023-07-17 18:00:00,1279.14,18,0,0,1309.86,1318.8599999999994,1344.9083333333333,1237.93
2023-07-17 19:00:00,1237.93,19,0,0,1279.14,1275.6433333333327,1323.5116666666665,1231.71
2023-07-17 20:00:00,1231.71,20,0,0,1237.93,1249.593333333333,1295.3716666666667,1205.0
2023-07-17 21:00:00,1205.0,21,0,0,1231.71,1224.8799999999994,1271.8700000000001,1179.3
2023-07-17 22:00:00,1179.3,22,0,0,1205.0,1205.336666666666,1240.49,1182.21
2023-07-17 23:00:00,1182.21,23,0,0,1179.3,1188.8366666666661,1219.215,1168.43
2023-07-18 00:00:00,1168.43,0,1,0,1182.21,1176.6466666666663,1200.7633333333333,1203.89
2023-07-18 01:00:00,1203.89,1,1,0,1168.43,1184.8433333333328,1195.09,1207.72
2023-07-18 02:00:00,1207.72,2,1,0,1203.89,1193.3466666666661,1191.0916666666667,1230.19
2023-07-18 03:00:00,1230.19,3,1,0,1207.72,1213.9333333333327,1195.29,1281.82
2023-07-18 04:00:00,1281.82,4,1,0,1230.19,1239.9099999999994,1212.3766666666668,1295.31
2023-07-18 05:00:00,1295.31,5,1,0,1281.82,1269.1066666666661,1231.2266666666667,1331.5
2023-07-18 06:00:00,1331.5,6,1,0,1295.31,1302.876666666666,1258.405,1378.88
2023-07-18 07:00:00,1378.88,7,1,0,1331.5,1335.2299999999993,1287.57,1364.02
2023-07-18 08:00:00,1364.02,8,1,0,1378.88,1358.1333333333328,1313.6200000000001,1397.77
2023-07-18 09:00:00,1397.77,9,1,0,1364.02,1380.2233333333327,1341.55,1418.98
2023-07-18 10:00:00,1418.98,10,1,0,1397.77,1393.5899999999995,1364.41,1410.37
2023-07-18 11:00:00,1410.37,11,1,0,1418.98,1409.0399999999993,1383.5866666666668,1441.79
2023-07-18 12:00:00,1441.79,12,1,0,1410.37,1423.7133333333325,1401.9683333333332,1398.7
2023-07-18 13:00:00,1398.7,13,1,0,1441.79,1416.9533333333327,1405.2716666666668,1380.69
2023-07-18 14:00:00,1380.69,14,1,0,1398.7,1407.0599999999995,1408.05,1373.68
2023-07-18 15:00:00,1373.68,15,1,0,1380.69,1384.356666666666,1404.035,1361.96
2023-07-18 16:00:00,1361.96,16,1,0,1373.68,1372.1099999999994,1394.5316666666668,1305.65
2023-07-18 17:00:00,1305.65,17,1,0,1361.96,1347.0966666666661,1377.0783333333331,1269.89
2023-07-18 18:00:00,1269.89,18,1,0,1305.65,1312.4999999999993,1348.4283333333333,1243.09
2023-07-18 19:00:00,1243.09,19,1,0,1269.89,1272.876666666666,1322.4933333333333,1185.72
2023-07-18 20:00:00,1185.72,20,1,0,1243.09,1232.8999999999994,1289.9983333333334,1180.68
2023-07-18 21:00:00,1180.68,21,1,0,1185.72,1203.1633333333327,1257.8316666666667,1201.49
2023-07-18 22:00:00,1201.49,22,1,0,1180.68,1189.2966666666662,1231.0866666666668,1194.81
2023-07-18 23:00:00,1194.81,23,1,0,1201.49,1192.326666666666,1212.6133333333335,1172.6
2023-07-19 00:00:00,1172.6,0,2,0,1194.81,1189.6333333333325,1196.3983333333333,1215.3
2023-07-19 01:00:00,1215.3,1,2,0,1172.6,1194.236666666666,1191.7666666666667,1222.63
2023-07-19 02:00:00,1222.63,2,2,0,1215.3,1203.5099999999993,1197.9183333333333,1236.39
2023-07-19 03:00:00,1236.39,3,2,0,1222.63,1224.7733333333329,1207.2033333333331,1280.12
2023-07-19 04:00:00,1280.12,4,2,0,1236.39,1246.3799999999994,1220.3083333333334,1305.45
2023-07-19 05:00:00,1305.45,5,2,0,1280.12,1273.986666666666,1238.7483333333334,1277.91
2023-07-19 06:00:00,1277.91,6,2,0,1305.45,1287.826666666666,1256.3,1317.61
2023-07-19 07:00:00,1317.61,7,2,0,1277.91,1300.3233333333326,1273.3516666666667,1342.42
2023-07-19 08:00:00,1342.42,8,2,0,1317.61,1312.646666666666,1293.3166666666666,1404.32
2023-07-19 09:00:00,1404.32,9,2,0,1342.42,1354.7833333333326,1321.305,1426.78
2023-07-19 10:00:00,1426.78,10,2,0,1404.32,1391.173333333333,1345.7483333333332,1383.3
2023-07-19 11:00:00,1383.3,11,2,0,1426.78,1404.7999999999993,1358.7233333333334,1407.58
2023-07-19 12:00:00,1407.58,12,2,0,1383.3,1405.886666666666,1380.335,1398.89
2023-07-19 13:00:00,1398.89,13,2,0,1407.58,1396.5899999999995,1393.881666666667,1411.97
2023-07-19 14:00:00,1411.97,14,2,0,1398.89,1406.1466666666659,1405.4733333333334,1351.78
2023-07-19 15:00:00,1351.78,15,2,0,1411.97,1387.546666666666,1396.716666666667,1317.33
2023-07-19 16:00:00,1317.33,16,2,0,1351.78,1360.3599999999994,1378.4750000000001,1315.39
2023-07-19 17:00:00,1315.39,17,2,0,1317.33,1328.166666666666,1367.1566666666668,1292.15
2023-07-19 18:00:00,1292.15,18,2,0,1315.39,1308.2899999999993,1347.9183333333333,1253.21
2023-07-19 19:00:00,1253.21,19,2,0,1292.15,1286.916666666666,1323.6383333333333,1232.75
2023-07-19 20:00:00,1232.75,20,2,0,1253.21,1259.3699999999992,1293.7683333333334,1205.93
2023-07-19 21:00:00,1205.93,21,2,0,1232.75,1230.6299999999994,1269.46,1197.33
2023-07-19 22:00:00,1197.33,22,2,0,1205.93,1212.0033333333329,1249.46,1188.04
2023-07-19 23:00:00,1188.04,23,2,0,1197.33,1197.0999999999995,1228.235,1176.62
2023-07-20 00:00:00,1176.62,0,3,0,1188.04,1187.3299999999992,1208.98,1166.34
2023-07-20 01:00:00,1166.34,1,3,0,1176.62,1176.9999999999993,1194.5016666666668,1170.48
2023-07-20 02:00:00,1170.48,2,3,0,1166.34,1171.1466666666659,1184.1233333333332,1202.34
2023-07-20 03:00:00,1202.34,3,3,0,1170.48,1179.7199999999993,1183.5249999999999,1236.87
2023-07-20 04:00:00,1236.87,4,3,0,1202.34,1203.2299999999993,1190.115,1281.29
2023-07-20 05:00:00,1281.29,5,3,0,1236.87,1240.166666666666,1205.6566666666665,1331.61
2023-07-20 06:00:00,1331.61,6,3,0,1281.29,1283.256666666666,1231.4883333333335,1348.62
2023-07-20 07:00:00,1348.62,7,3,0,1331.61,1320.506666666666,1261.868333333333,1355.83
2023-07-20 08:00:00,1355.83,8,3,0,1348.62,1345.3533333333326,1292.76,1411.68
2023-07-20 09:00:00,1411.68,9,3,0,1355.83,1372.0433333333328,1327.6499999999999,1401.82
2023-07-20 10:00:00,1401.82,10,3,0,1411.68,1389.776666666666,1355.1416666666667,1446.44
2023-07-20 11:00:00,1446.44,11,3,0,1401.82,1419.9799999999996,1382.6666666666667,1427.77
2023-07-20 12:00:00,1427.77,12,3,0,1446.44,1425.3433333333326,1398.6933333333334,1380.23
2023-07-20 13:00:00,1380.23,13,3,0,1427.77,1418.1466666666663,1403.9616666666668,1391.31
2023-07-20 14:00:00,1391.31,14,3,0,1380.23,1399.7699999999993,1409.875,1374.67
2023-07-20 15:00:00,1374.67,15,3,0,1391.31,1382.0699999999995,1403.7066666666667,1352.52
2023-07-20 16:00:00,1352.52,16,3,0,1374.67,1372.8333333333328,1395.49,1285.44
2023-07-20 17:00:00,1285.44,17,3,0,1352.52,1337.5433333333328,1368.6566666666668,1270.18
2023-07-20 18:00:00,1270.18,18,3,0,1285.44,1302.713333333333,1342.3916666666667,1294.55
2023-07-20 19:00:00,1294.55,19,3,0,1270.18,1283.3899999999994,1328.1116666666667,1211.18
2023-07-20 20:00:00,1211.18,20,3,0,1294.55,1258.636666666666,1298.0900000000001,1211.66
2023-07-20 21:00:00,1211.66,21,3,0,1211.18,1239.1299999999994,1270.9216666666669,1171.38
2023-07-20 22:00:00,1171.38,22,3,0,1211.66,1198.0733333333328,1240.7316666666668,1139.26
2023-07-20 23:00:00,1139.26,23,3,0,1171.38,1174.0999999999995,1216.3683333333336,1200.94
2023-07-21 00:00:00,1200.94,0,4,0,1139.26,1170.5266666666662,1204.8283333333334,1180.67
2023-07-21 01:00:00,1180.67,1,4,0,1200.94,1173.6233333333328,1185.8483333333334,1258.96
2023-07-21 02:00:00,1258.96,2,4,0,1180.67,1213.5233333333329,1193.8116666666667,1254.55
2023-07-21 03:00:00,1254.55,3,4,0,1258.96,1231.3933333333327,1200.96,1260.2
2023-07-21 04:00:00,1260.2,4,4,0,1254.55,1257.9033333333327,1215.7633333333333,1289.63
2023-07-21 05:00:00,1289.63,5,4,0,1260.2,1268.126666666666,1240.825,1345.91
2023-07-21 06:00:00,1345.91,6,4,0,1289.63,1298.5799999999992,1264.9866666666667,1359.58
2023-07-21 07:00:00,1359.58,7,4,0,1345.91,1331.706666666666,1294.805,1362.65
2023-07-21 08:00:00,1362.65,8,4,0,1359.58,1356.0466666666662,1312.0866666666668,1419.41
2023-07-21 09:00:00,1419.41,9,4,0,1362.65,1380.5466666666662,1339.5633333333333,1421.77
2023-07-21 10:00:00,1421.77,10,4,0,1419.41,1401.276666666666,1366.4916666666668,1395.87
2023-07-21 11:00:00,1395.87,11,4,0,1421.77,1412.3499999999992,1384.1983333333335,1420.27
2023-07-21 12:00:00,1420.27,12,4,0,1395.87,1412.636666666666,1396.591666666667,1396.46
2023-07-21 13:00:00,1396.46,13,4,0,1420.27,1404.1999999999996,1402.7383333333335,1396.52
2023-07-21 14:00:00,1396.52,14,4,0,1396.46,1404.416666666666,1408.3833333333332,1400.83
2023-07-21 15:00:00,1400.83,15,4,0,1396.52,1397.9366666666658,1405.2866666666666,1358.27
2023-07-21 16:00:00,1358.27,16,4,0,1400.83,1385.206666666666,1394.7033333333331,1328.72
2023-07-21 17:00:00,1328.72,17,4,0,1358.27,1362.606666666666,1383.5116666666665,1274.31
2023-07-21 18:00:00,1274.31,18,4,0,1328.72,1320.4333333333327,1359.1850000000002,1242.05
2023-07-21 19:00:00,1242.05,19,4,0,1274.31,1281.6933333333327,1333.45,1242.79
2023-07-21 20:00:00,1242.79,20,4,0,1242.05,1253.0499999999993,1307.8283333333331,1196.22
2023-07-21 21:00:00,1196.22,21,4,0,1242.79,1227.0199999999995,1273.7266666666667,1219.7
2023-07-21 22:00:00,1219.7,22,4,0,1196.22,1219.5699999999995,1250.6316666666667,1195.6
2023-07-21 23:00:00,1195.6,23,4,0,1219.7,1203.8399999999995,1228.445,1170.23
2023-07-22 00:00:00,1170.23,0,5,1,1195.6,1195.176666666666,1211.0983333333334,1168.57
2023-07-22 01:00:00,1168.57,1,5,1,1170.23,1178.1333333333325,1198.8516666666667,1164.72
2023-07-22 02:00:00,1164.72,2,5,1,1168.57,1167.8399999999995,1185.84,1169.84
2023-07-22 03:00:00,1169.84,3,5,1,1164.72,1167.7099999999994,1181.4433333333334,1218.38
2023-07-22 04:00:00,1218.38,4,5,1,1169.84,1184.3133333333328,1181.2233333333334,1259.89
2023-07-22 05:00:00,1259.89,5,5,1,1218.38,1216.0366666666662,1191.9383333333333,1306.18
2023-07-22 06:00:00,1306.18,6,5,1,1259.89,1261.483333333333,1214.5966666666666,1294.02
2023-07-22 07:00:00,1294.02,7,5,1,1306.18,1286.696666666666,1235.505,1335.99
2023-07-22 08:00:00,1335.99,8,5,1,1294.02,1312.0633333333328,1264.05,1359.08
2023-07-22 09:00:00,1359.08,9,5,1,1335.99,1329.696666666666,1295.59,1407.85
2023-07-22 10:00:00,1407.85,10,5,1,1359.08,1367.6399999999994,1327.1683333333333,1360.49
2023-07-22 11:00:00,1360.49,11,5,1,1407.85,1375.8066666666662,1343.935,1421.43
2023-07-22 12:00:00,1421.43,12,5,1,1360.49,1396.5899999999995,1363.1433333333334,1362.07
2023-07-22 13:00:00,1362.07,13,5,1,1421.43,1381.3299999999992,1374.485,1384.11
2023-07-22 14:00:00,1384.11,14,5,1,1362.07,1389.203333333333,1382.505,1352.04
2023-07-22 15:00:00,1352.04,15,5,1,1384.11,1366.0733333333326,1381.3316666666667,1317.93
2023-07-22 16:00:00,1317.93,16,5,1,1352.04,1351.3599999999994,1366.345,1282.37
2023-07-22 17:00:00,1282.37,17,5,1,1317.93,1317.446666666666,1353.325,1257.43
2023-07-22 18:00:00,1257.43,18,5,1,1282.37,1285.9099999999994,1325.9916666666666,1209.37
2023-07-22 19:00:00,1209.37,19,5,1,1257.43,1249.7233333333327,1300.5416666666667,1217.71
2023-07-22 20:00:00,1217.71,20,5,1,1209.37,1228.1699999999994,1272.8083333333334,1182.72
2023-07-22 21:00:00,1182.72,21,5,1,1217.71,1203.2666666666662,1244.5883333333334,1189.67
2023-07-22 22:00:00,1189.67,22,5,1,1182.72,1196.6999999999996,1223.2116666666668,1143.64
2023-07-22 23:00:00,1143.64,23,5,1,1189.67,1172.0099999999995,1200.09,1133.71
2023-07-23 00:00:00,1133.71,0,6,1,1143.64,1155.673333333333,1179.47,1140.28
2023-07-23 01:00:00,1140.28,1,6,1,1133.71,1139.2099999999994,1167.955,1219.6
2023-07-23 02:00:00,1219.6,2,6,1,1140.28,1164.5299999999995,1168.27,1187.31
2023-07-23 03:00:00,1187.31,3,6,1,1219.6,1182.3966666666659,1169.0349999999999,1222.15
2023-07-23 04:00:00,1222.15,4,6,1,1187.31,1209.6866666666663,1174.4483333333333,1242.82
2023-07-23 05:00:00,1242.82,5,6,1,1222.15,1217.426666666666,1190.9783333333332,1302.71
2023-07-23 06:00:00,1302.71,6,6,1,1242.82,1255.8933333333327,1219.145,1301.19
2023-07-23 07:00:00,1301.19,7,6,1,1302.71,1282.2399999999993,1245.9633333333334,1352.56
2023-07-23 08:00:00,1352.56,8,6,1,1301.19,1318.8199999999995,1268.1233333333332,1355.03
2023-07-23 09:00:00,1355.03,9,6,1,1352.56,1336.2599999999993,1296.0766666666668,1386.91
2023-07-23 10:00:00,1386.91,10,6,1,1355.03,1364.8333333333328,1323.5366666666666,1384.7
2023-07-23 11:00:00,1384.7,11,6,1,1386.91,1375.5466666666662,1347.1833333333334,1377.33
2023-07-23 12:00:00,1377.33,12,6,1,1384.7,1382.9799999999996,1359.6200000000001,1391.4
2023-07-23 13:00:00,1391.4,13,6,1,1377.33,1384.4766666666662,1374.655,1369.02
2023-07-23 14:00:00,1369.02,14,6,1,1391.4,1379.2499999999993,1377.3983333333333,1356.68
2023-07-23 15:00:00,1356.68,15,6,1,1369.02,1372.366666666666,1377.6733333333332,1331.39
2023-07-23 16:00:00,1331.39,16,6,1,1356.68,1352.3633333333328,1368.42,1265.72
2023-07-23 17:00:00,1265.72,17,6,1,1331.39,1317.9299999999996,1348.59,1256.18
2023-07-23 18:00:00,1256.18,18,6,1,1265.72,1284.4299999999994,1328.3983333333333,1229.29
2023-07-23 19:00:00,1229.29,19,6,1,1256.18,1250.3966666666659,1301.3799999999999,1182.2
2023-07-23 20:00:00,1182.2,20,6,1,1229.29,1222.5566666666662,1270.2433333333333,1198.65
2023-07-23 21:00:00,1198.65,21,6,1,1182.2,1203.3799999999994,1243.905,1128.62
2023-07-23 22:00:00,1128.62,22,6,1,1198.65,1169.8233333333328,1210.1100000000001,1145.34
2023-07-23 23:00:00,1145.34,23,6,1,1128.62,1157.536666666666,1190.0466666666669,1161.33
2023-07-24 00:00:00,1161.33,0,0,0,1145.34,1145.0966666666661,1174.2383333333335,1194.65
2023-07-24 01:00:00,1194.65,1,0,0,1161.33,1167.106666666666,1168.465,1192.64
2023-07-24 02:00:00,1192.64,2,0,0,1194.65,1182.8733333333328,1170.2050000000002,1230.03
2023-07-24 03:00:00,1230.03,3,0,0,1192.64,1205.7733333333326,1175.435,1264.15
2023-07-24 04:00:00,1264.15,4,0,0,1230.03,1228.9399999999996,1198.0233333333333,1307.2
2023-07-24 05:00:00,1307.2,5,0,0,1264.15,1267.126666666666,1225.0,1296.8
2023-07-24 06:00:00,1296.8,6,0,0,1307.2,1289.383333333333,1247.5783333333331,1329.1
2023-07-24 07:00:00,1329.1,7,0,0,1296.8,1311.0333333333326,1269.9866666666667,1378.36
2023-07-24 08:00:00,1378.36,8,0,0,1329.1,1334.7533333333326,1300.9399999999998,1386.33
2023-07-24 09:00:00,1386.33,9,0,0,1378.36,1364.5966666666661,1326.99,1422.37
2023-07-24 10:00:00,1422.37,10,0,0,1386.33,1395.6866666666658,1353.36,1437.82
2023-07-24 11:00:00,1437.82,11,0,0,1422.37,1415.506666666666,1375.1299999999999,1413.83
2023-07-24 12:00:00,1413.83,12,0,0,1437.82,1424.6733333333325,1394.635,1416.11
2023-07-24 13:00:00,1416.11,13,0,0,1413.83,1422.5866666666661,1409.1366666666665,1380.05
2023-07-24 14:00:00,1380.05,14,0,0,1416.11,1403.3299999999992,1409.4183333333333,1371.18
2023-07-24 15:00:00,1371.18,15,0,0,1380.05,1389.1133333333328,1406.8933333333334,1389.59
2023-07-24 16:00:00,1389.59,16,0,0,1371.18,1380.2733333333326,1401.43,1328.6
2023-07-24 17:00:00,1328.6,17,0,0,1389.59,1363.1233333333328,1383.2266666666667,1293.04
2023-07-24 18:00:00,1293.04,18,0,0,1328.6,1337.076666666666,1363.095,1255.63
2023-07-24 19:00:00,1255.63,19,0,0,1293.04,1292.4233333333325,1336.3483333333334,1237.85
2023-07-24 20:00:00,1237.85,20,0,0,1255.63,1262.173333333333,1312.6483333333333,1198.15
2023-07-24 21:00:00,1198.15,21,0,0,1237.85,1230.5433333333328,1283.8100000000002,1169.32
2023-07-24 22:00:00,1169.32,22,0,0,1198.15,1201.7733333333329,1247.0983333333334,1159.4
2023-07-24 23:00:00,1159.4,23,0,0,1169.32,1175.6233333333328,1218.8983333333333,1184.14
2023-07-25 00:00:00,1184.14,0,1,0,1159.4,1170.953333333333,1200.7483333333334,1189.27
2023-07-25 01:00:00,1189.27,1,1,0,1184.14,1177.6033333333328,1189.6883333333335,1211.62
2023-07-25 02:00:00,1211.62,2,1,0,1189.27,1195.0099999999993,1185.3166666666666,1245.04
2023-07-25 03:00:00,1245.04,3,1,0,1211.62,1215.3099999999993,1193.131666666667,1275.42
2023-07-25 04:00:00,1275.42,4,1,0,1245.04,1244.026666666666,1210.8149999999998,1283.88
2023-07-25 05:00:00,1283.88,5,1,0,1275.42,1268.1133333333328,1231.5616666666667,1302.91
2023-07-25 06:00:00,1302.91,6,1,0,1283.88,1287.403333333333,1251.3566666666668,1322.29
2023-07-25 07:00:00,1322.29,7,1,0,1302.91,1303.026666666666,1273.5266666666669,1363.19
2023-07-25 08:00:00,1363.19,8,1,0,1322.29,1329.4633333333327,1298.7883333333334,1397.12
2023-07-25 09:00:00,1397.12,9,1,0,1363.19,1360.866666666666,1324.135,1414.37
2023-07-25 10:00:00,1414.37,10,1,0,1397.12,1391.5599999999995,1347.2933333333333,1392.6
2023-07-25 11:00:00,1392.6,11,1,0,1414.37,1401.3633333333328,1365.4133333333332,1417.75
2023-07-25 12:00:00,1417.75,12,1,0,1392.6,1408.239999999999,1384.5533333333333,1402.92
2023-07-25 13:00:00,1402.92,13,1,0,1417.75,1404.423333333333,1397.9916666666666,1419.96
2023-07-25 14:00:00,1419.96,14,1,0,1402.92,1413.5433333333328,1407.4533333333331,1335.51
2023-07-25 15:00:00,1335.51,15,1,0,1419.96,1386.1299999999994,1397.1850000000002,1330.75
2023-07-25 16:00:00,1330.75,16,1,0,1335.51,1362.0733333333328,1383.2483333333332,1297.54
2023-07-25 17:00:00,1297.54,17,1,0,1330.75,1321.2666666666662,1367.405,1255.25
2023-07-25 18:00:00,1255.25,18,1,0,1297.54,1294.5133333333326,1340.3216666666667,1226.61
2023-07-25 19:00:00,1226.61,19,1,0,1255.25,1259.7999999999993,1310.9366666666667,1259.78
2023-07-25 20:00:00,1259.78,20,1,0,1226.61,1247.2133333333325,1284.24,1191.65
2023-07-25 21:00:00,1191.65,21,1,0,1259.78,1226.0133333333326,1260.2633333333333,1206.82
2023-07-25 22:00:00,1206.82,22,1,0,1191.65,1219.416666666666,1239.6083333333333,1189.82
2023-07-25 23:00:00,1189.82,23,1,0,1206.82,1196.0966666666661,1221.655,1177.73
2023-07-26 00:00:00,1177.73,0,2,0,1189.82,1191.456666666666,1208.735,1189.45
2023-07-26 01:00:00,1189.45,1,2,0,1177.73,1185.666666666666,1202.5416666666667,1205.66
2023-07-26 02:00:00,1205.66,2,2,0,1189.45,1190.946666666666,1193.5216666666668,1211.34
2023-07-26 03:00:00,1211.34,3,2,0,1205.66,1202.1499999999994,1196.8033333333333,1254.93
2023-07-26 04:00:00,1254.93,4,2,0,1211.34,1223.9766666666662,1204.8216666666667,1293.52
2023-07-26 05:00:00,1293.52,5,2,0,1254.93,1253.2633333333326,1222.105,1301.0
2023-07-26 06:00:00,1301.0,6,2,0,1293.52,1283.1499999999994,1242.6499999999999,1339.86
2023-07-26 07:00:00,1339.86,7,2,0,1301.0,1311.4599999999994,1267.7183333333332,1362.41
2023-07-26 08:00:00,1362.41,8,2,0,1339.86,1334.4233333333325,1293.8433333333332,1397.77
2023-07-26 09:00:00,1397.77,9,2,0,1362.41,1366.6799999999994,1324.915,1410.46
2023-07-26 10:00:00,1410.46,10,2,0,1397.77,1390.213333333333,1350.8366666666666,1408.51
2023-07-26 11:00:00,1408.51,11,2,0,1410.46,1405.5799999999992,1370.0016666666668,1399.64
2023-07-26 12:00:00,1399.64,12,2,0,1408.51,1406.2033333333327,1386.4416666666666,1401.81
2023-07-26 13:00:00,1401.81,13,2,0,1399.64,1403.3199999999995,1396.7666666666667,1436.35
2023-07-26 14:00:00,1436.35,14,2,0,1401.81,1412.5999999999995,1409.0900000000001,1375.81
2023-07-26 15:00:00,1375.81,15,2,0,1436.35,1404.6566666666658,1405.43,1334.1
2023-07-26 16:00:00,1334.1,16,2,0,1375.81,1382.0866666666661,1392.7033333333331,1306.04
2023-07-26 17:00:00,1306.04,17,2,0,1334.1,1338.6499999999994,1375.625,1250.87
2023-07-26 18:00:00,1250.87,18,2,0,1306.04,1297.0033333333329,1350.83,1199.95
2023-07-26 19:00:00,1199.95,19,2,0,1250.87,1252.286666666666,1317.1866666666667,1227.59
2023-07-26 20:00:00,1227.59,20,2,0,1199.95,1226.136666666666,1282.3933333333334,1189.18
2023-07-26 21:00:00,1189.18,21,2,0,1227.59,1205.5733333333326,1251.2883333333332,1204.8
2023-07-26 22:00:00,1204.8,22,2,0,1189.18,1207.1899999999994,1229.7383333333332,1166.48
2023-07-26 23:00:00,1166.48,23,2,0,1204.8,1186.8199999999995,1206.4783333333332,1180.8
2023-07-27 00:00:00,1180.8,0,3,0,1166.48,1184.026666666666,1194.8,1158.26
2023-07-27 01:00:00,1158.26,1,3,0,1180.8,1168.5133333333326,1187.8516666666667,1199.03
2023-07-27 02:00:00,1199.03,2,3,0,1158.26,1179.3633333333328,1183.0916666666667,1232.22
2023-07-27 03:00:00,1232.22,3,3,0,1199.03,1196.5033333333329,1190.265,1276.19
2023-07-27 04:00:00,1276.19,4,3,0,1232.22,1235.8133333333326,1202.1633333333332,1306.39
2023-07-27 05:00:00,1306.39,5,3,0,1276.19,1271.5999999999995,1225.4816666666668,1331.33
2023-07-27 06:00:00,1331.33,6,3,0,1306.39,1304.636666666666,1250.57,1347.77
2023-07-27 07:00:00,1347.77,7,3,0,1331.33,1328.4966666666662,1282.155,1383.4
2023-07-27 08:00:00,1383.4,8,3,0,1347.77,1354.166666666666,1312.8833333333334,1356.16
2023-07-27 09:00:00,1356.16,9,3,0,1383.4,1362.4433333333327,1333.54,1411.99
2023-07-27 10:00:00,1411.99,10,3,0,1356.16,1383.8499999999995,1356.1733333333334,1403.66
2023-07-27 11:00:00,1403.66,11,3,0,1411.99,1390.6033333333328,1372.3850000000002,1382.86
2023-07-27 12:00:00,1382.86,12,3,0,1403.66,1399.5033333333329,1380.9733333333334,1399.02
2023-07-27 13:00:00,1399.02,13,3,0,1382.86,1395.1799999999994,1389.515,1411.8
2023-07-27 14:00:00,1411.8,14,3,0,1399.02,1397.8933333333327,1394.2483333333332,1401.45
2023-07-27 15:00:00,1401.45,15,3,0,1411.8,1404.0899999999995,1401.7966666666669,1342.91
2023-07-27 16:00:00,1342.91,16,3,0,1401.45,1385.386666666666,1390.2833333333335,1301.08
2023-07-27 17:00:00,1301.08,17,3,0,1342.91,1348.4799999999993,1373.1866666666665,1273.97
2023-07-27 18:00:00,1273.97,18,3,0,1301.08,1305.986666666666,1355.0383333333334,1234.04
2023-07-27 19:00:00,1234.04,19,3,0,1273.97,1269.696666666666,1327.5416666666667,1220.08
2023-07-27 20:00:00,1220.08,20,3,0,1234.04,1242.696666666666,1295.5883333333334,1220.21
2023-07-27 21:00:00,1220.21,21,3,0,1220.08,1224.776666666666,1265.3816666666667,1197.98
2023-07-27 22:00:00,1197.98,22,3,0,1220.21,1212.756666666666,1241.2266666666667,1181.8
2023-07-27 23:00:00,1181.8,23,3,0,1197.98,1199.996666666666,1221.3466666666666,1191.0
2023-07-28 00:00:00,1191.0,0,4,0,1181.8,1190.2599999999993,1207.5183333333332,1198.68
2023-07-28 01:00:00,1198.68,1,4,0,1191.0,1190.4933333333327,1201.625,1213.66
2023-07-28 02:00:00,1213.66,2,4,0,1198.68,1201.1133333333328,1200.555,1280.68
2023-07-28 03:00:00,1280.68,3,4,0,1213.66,1231.0066666666662,1210.6333333333334,1270.32
2023-07-28 04:00:00,1270.32,4,4,0,1280.68,1254.886666666666,1222.69,1249.43
2023-07-28 05:00:00,1249.43,5,4,0,1270.32,1266.8099999999995,1233.9616666666668,1331.48
2023-07-28 06:00:00,1331.48,6,4,0,1249.43,1283.7433333333327,1257.375,1331.88
2023-07-28 07:00:00,1331.88,7,4,0,1331.48,1304.2633333333326,1279.575,1396.49
2023-07-28 08:00:00,1396.49,8,4,0,1331.88,1353.2833333333328,1310.0466666666669,1389.27
2023-07-28 09:00:00,1389.27,9,4,0,1396.49,1372.5466666666662,1328.145,1420.75
2023-07-28 10:00:00,1420.75,10,4,0,1389.27,1402.1699999999994,1353.2166666666667,1419.38
2023-07-28 11:00:00,1419.38,11,4,0,1420.75,1409.7999999999995,1381.5416666666667,1411.33
2023-07-28 12:00:00,1411.33,12,4,0,1419.38,1417.1533333333327,1394.8500000000001,1417.11
2023-07-28 13:00:00,1417.11,13,4,0,1411.33,1415.9399999999994,1409.055,1358.38
2023-07-28 14:00:00,1358.38,14,4,0,1417.11,1395.606666666666,1402.7033333333336,1359.44
2023-07-28 15:00:00,1359.44,15,4,0,1358.38,1378.3099999999995,1397.7316666666666,1371.03
2023-07-28 16:00:00,1371.03,16,4,0,1359.44,1362.9499999999996,1389.445,1300.48
2023-07-28 17:00:00,1300.48,17,4,0,1371.03,1343.6499999999994,1369.6283333333333,1324.02
2023-07-28 18:00:00,1324.02,18,4,0,1300.48,1331.8433333333326,1355.0766666666666,1229.72
2023-07-28 19:00:00,1229.72,19,4,0,1324.02,1284.7399999999996,1323.845,1186.37
2023-07-28 20:00:00,1186.37,20,4,0,1229.72,1246.7033333333327,1295.1766666666667,1217.82
2023-07-28 21:00:00,1217.82,21,4,0,1186.37,1211.3033333333326,1271.5733333333333,1192.83
2023-07-28 22:00:00,1192.83,22,4,0,1217.82,1199.006666666666,1241.8733333333332,1192.93
2023-07-28 23:00:00,1192.93,23,4,0,1192.83,1201.1933333333327,1223.9483333333335,1163.72
2023-07-29 00:00:00,1163.72,0,5,1,1192.93,1183.1599999999996,1197.2316666666666,1152.36
2023-07-29 01:00:00,1152.36,1,5,1,1163.72,1169.6699999999994,1184.3383333333334,1194.78
2023-07-29 02:00:00,1194.78,2,5,1,1152.36,1170.286666666666,1185.74,1171.08
2023-07-29 03:00:00,1171.08,3,5,1,1194.78,1172.739999999999,1177.95,1214.08
2023-07-29 04:00:00,1214.08,4,5,1,1171.08,1193.3133333333326,1181.4916666666666,1248.17
2023-07-29 05:00:00,1248.17,5,5,1,1214.08,1211.1099999999994,1190.6983333333333,1258.78
2023-07-29 06:00:00,1258.78,6,5,1,1248.17,1240.3433333333328,1206.5416666666665,1304.8
2023-07-29 07:00:00,1304.8,7,5,1,1258.78,1270.5833333333328,1231.9483333333333,1337.58
2023-07-29 08:00:00,1337.58,8,5,1,1304.8,1300.386666666666,1255.7483333333332,1343.5
2023-07-29 09:00:00,1343.5,9,5,1,1337.58,1328.626666666666,1284.485,1385.93
2023-07-29 10:00:00,1385.93,10,5,1,1343.5,1355.6699999999994,1313.1266666666668,1428.76
2023-07-29 11:00:00,1428.76,11,5,1,1385.93,1386.0633333333328,1343.2250000000001,1401.28
2023-07-29 12:00:00,1401.28,12,5,1,1428.76,1405.3233333333328,1366.9750000000001,1368.54
2023-07-29 13:00:00,1368.54,13,5,1,1401.28,1399.526666666666,1377.5983333333334,1348.67
2023-07-29 14:00:00,1348.67,14,5,1,1368.54,1372.8299999999992,1379.4466666666667,1311.44
2023-07-29 15:00:00,1311.44,15,5,1,1348.67,1342.8833333333328,1374.1033333333335,1331.65
2023-07-29 16:00:00,1331.65,16,5,1,1311.44,1330.5866666666661,1365.0566666666666,1294.08
2023-07-29 17:00:00,1294.08,17,5,1,1331.65,1312.3899999999994,1342.61,1249.14
2023-07-29 18:00:00,1249.14,18,5,1,1294.08,1291.6233333333328,1317.2533333333333,1239.19
2023-07-29 19:00:00,1239.19,19,5,1,1249.14,1260.8033333333326,1295.695,1203.07
2023-07-29 20:00:00,1203.07,20,5,1,1239.19,1230.466666666666,1271.4283333333333,1178.67
2023-07-29 21:00:00,1178.67,21,5,1,1203.07,1206.9766666666662,1249.3,1156.58
2023-07-29 22:00:00,1156.58,22,5,1,1178.67,1179.4399999999994,1220.1216666666667,1165.17
2023-07-29 23:00:00,1165.17,23,5,1,1156.58,1166.8066666666662,1198.6366666666665,1135.78
2023-07-30 00:00:00,1135.78,0,6,1,1165.17,1152.5099999999993,1179.7433333333336,1141.82
2023-07-30 01:00:00,1141.82,1,6,1,1135.78,1147.5899999999995,1163.515,1161.53
2023-07-30 02:00:00,1161.53,2,6,1,1141.82,1146.376666666666,1156.5916666666667,1218.97
2023-07-30 03:00:00,1218.97,3,6,1,1161.53,1174.1066666666661,1163.3083333333334,1256.17
2023-07-30 04:00:00,1256.17,4,6,1,1218.97,1212.2233333333327,1179.9066666666668,1210.82
2023-07-30 05:00:00,1210.82,5,6,1,1256.17,1228.6533333333327,1187.515,1265.93
2023-07-30 06:00:00,1265.93,6,6,1,1210.82,1244.3066666666662,1209.2066666666667,1311.42
2023-07-30 07:00:00,1311.42,7,6,1,1265.93,1262.7233333333327,1237.4733333333334,1374.74
2023-07-30 08:00:00,1374.74,8,6,1,1311.42,1317.3633333333328,1273.0083333333334,1350.9
2023-07-30 09:00:00,1350.9,9,6,1,1374.74,1345.6866666666663,1294.9966666666667,1356.1
2023-07-30 10:00:00,1356.1,10,6,1,1350.9,1360.5799999999992,1311.6516666666666,1353.49
2023-07-30 11:00:00,1353.49,11,6,1,1356.1,1353.4966666666662,1335.43,1427.34
2023-07-30 12:00:00,1427.34,12,6,1,1353.49,1378.9766666666662,1362.3316666666667,1358.48
2023-07-30 13:00:00,1358.48,13,6,1,1427.34,1379.7699999999993,1370.175,1344.3
2023-07-30 14:00:00,1344.3,14,6,1,1358.48,1376.706666666666,1365.1016666666667,1332.05
2023-07-30 15:00:00,1332.05,15,6,1,1344.3,1344.9433333333327,1361.9599999999998,1301.51
2023-07-30 16:00:00,1301.51,16,6,1,1332.05,1325.9533333333327,1352.8616666666667,1305.76
2023-07-30 17:00:00,1305.76,17,6,1,1301.51,1313.106666666666,1344.9066666666668,1259.5
2023-07-30 18:00:00,1259.5,18,6,1,1305.76,1288.9233333333325,1316.9333333333334,1208.59
2023-07-30 19:00:00,1208.59,19,6,1,1259.5,1257.9499999999994,1291.9516666666666,1191.88
2023-07-30 20:00:00,1191.88,20,6,1,1208.59,1219.9899999999996,1266.5483333333334,1194.39
2023-07-30 21:00:00,1194.39,21,6,1,1191.88,1198.2866666666662,1243.605,1161.71
2023-07-30 22:00:00,1161.71,22,6,1,1194.39,1182.6599999999996,1220.305,1132.75
2023-07-30 23:00:00,1132.75,23,6,1,1161.71,1162.9499999999996,1191.47,1194.38
2023-07-31 00:00:00,1194.38,0,0,0,1132.75,1162.946666666666,1180.6166666666666,1191.38
2023-07-31 01:00:00,1191.38,1,0,0,1194.38,1172.8366666666661,1177.7483333333334,1241.19
2023-07-31 02:00:00,1241.19,2,0,0,1191.38,1208.9833333333327,1185.966666666667,1261.94
2023-07-31 03:00:00,1261.94,3,0,0,1241.19,1231.5033333333329,1197.2250000000001,1269.71
2023-07-31 04:00:00,1269.71,4,0,0,1261.94,1257.6133333333328,1215.2250000000001,1300.86
2023-07-31 05:00:00,1300.86,5,0,0,1269.71,1277.5033333333329,1243.2433333333333,1335.41
2023-07-31 06:00:00,1335.41,6,0,0,1300.86,1301.9933333333327,1266.7483333333332,1368.9
2023-07-31 07:00:00,1368.9,7,0,0,1335.41,1335.0566666666662,1296.335,1403.19
2023-07-31 08:00:00,1403.19,8,0,0,1368.9,1369.166666666666,1323.335,1402.8
2023-07-31 09:00:00,1402.8,9,0,0,1403.19,1391.6299999999994,1346.8116666666667,1427.65
2023-07-31 10:00:00,1427.65,10,0,0,1402.8,1411.2133333333325,1373.135,1436.02
2023-07-31 11:00:00,1436.02,11,0,0,1427.65,1422.156666666666,1395.6616666666669,1418.84
2023-07-31 12:00:00,1418.84,12,0,0,1436.02,1427.5033333333329,1409.5666666666668,1386.36
2023-07-31 13:00:00,1386.36,13,0,0,1418.84,1413.739999999999,1412.4766666666667,1397.51
2023-07-31 14:00:00,1397.51,14,0,0,1386.36,1400.9033333333327,1411.53,1395.25
2023-07-31 15:00:00,1395.25,15,0,0,1397.51,1393.0399999999993,1410.2716666666668,1346.46
2023-07-31 16:00:00,1346.46,16,0,0,1395.25,1379.7399999999996,1396.7399999999998,1331.96
2023-07-31 17:00:00,1331.96,17,0,0,1346.46,1357.8899999999994,1379.3966666666668,1290.69
2023-07-31 18:00:00,1290.69,18,0,0,1331.96,1323.036666666666,1358.0383333333332,1246.35
2023-07-31 19:00:00,1246.35,19,0,0,1290.69,1289.666666666666,1334.7033333333334,1244.53
2023-07-31 20:00:00,1244.53,20,0,0,1246.35,1260.5233333333326,1309.2066666666667,1188.24
2023-07-31 21:00:00,1188.24,21,0,0,1244.53,1226.3733333333328,1274.705,1172.23
2023-07-31 22:00:00,1172.23,22,0,0,1188.24,1201.666666666666,1245.6666666666667,1185.54
2023-07-31 23:00:00,1185.54,23,0,0,1172.23,1182.0033333333329,1221.2633333333333,1139.94
2023-08-01 00:00:00,1139.94,0,1,0,1185.54,1165.9033333333327,1196.1383333333333,1180.87
2023-08-01 01:00:00,1180.87,1,1,0,1139.94,1168.7833333333326,1185.2250000000001,1212.8
2023-08-01 02:00:00,1212.8,2,1,0,1180.87,1177.8699999999992,1179.9366666666667,1190.19
2023-08-01 03:00:00,1190.19,3,1,0,1212.8,1194.6199999999994,1180.2616666666665,1230.33
2023-08-01 04:00:00,1230.33,4,1,0,1190.19,1211.106666666666,1189.945,1295.1
2023-08-01 05:00:00,1295.1,5,1,0,1230.33,1238.5399999999993,1208.205,1308.23
2023-08-01 06:00:00,1308.23,6,1,0,1295.1,1277.886666666666,1236.2533333333333,1330.56
2023-08-01 07:00:00,1330.56,7,1,0,1308.23,1311.296666666666,1261.2016666666666,1344.62
2023-08-01 08:00:00,1344.62,8,1,0,1330.56,1327.8033333333326,1283.1716666666666,1377.6
2023-08-01 09:00:00,1377.6,9,1,0,1344.62,1350.926666666666,1314.4066666666665,1426.46
2023-08-01 10:00:00,1426.46,10,1,0,1377.6,1382.8933333333327,1347.095,1450.31
2023-08-01 11:00:00,1450.31,11,1,0,1426.46,1418.1233333333328,1372.9633333333334,1433.29
2023-08-01 12:00:00,1433.29,12,1,0,1450.31,1436.6866666666658,1393.8066666666666,1445.34
2023-08-01 13:00:00,1445.34,13,1,0,1433.29,1442.9799999999993,1412.9366666666665,1393.06
2023-08-01 14:00:00,1393.06,14,1,0,1445.34,1423.8966666666659,1421.01,1364.25
2023-08-01 15:00:00,1364.25,15,1,0,1393.06,1400.8833333333325,1418.7849999999999,1353.85
2023-08-01 16:00:00,1353.85,16,1,0,1364.25,1370.386666666666,1406.6833333333332,1297.47
2023-08-01 17:00:00,1297.47,17,1,0,1353.85,1338.5233333333329,1381.21,1302.05
2023-08-01 18:00:00,1302.05,18,1,0,1297.47,1317.7899999999993,1359.3366666666668,1262.87
2023-08-01 19:00:00,1262.87,19,1,0,1302.05,1287.463333333333,1328.925,1237.25
2023-08-01 20:00:00,1237.25,20,1,0,1262.87,1267.3899999999994,1302.9566666666667,1235.37
2023-08-01 21:00:00,1235.37,21,1,0,1237.25,1245.1633333333327,1281.4766666666667,1203.98
2023-08-01 22:00:00,1203.98,22,1,0,1235.37,1225.5333333333326,1256.4983333333332,1163.46
2023-08-01 23:00:00,1163.46,23,1,0,1203.98,1200.9366666666658,1234.1633333333332,1168.36
2023-08-02 00:00:00,1168.36,0,2,0,1163.46,1178.5999999999992,1211.8816666666667,1164.71
2023-08-02 01:00:00,1164.71,1,2,0,1168.36,1165.5099999999993,1195.5216666666668,1186.87
2023-08-02 02:00:00,1186.87,2,2,0,1164.71,1173.3133333333326,1187.1249999999998,1210.78
2023-08-02 03:00:00,1210.78,3,2,0,1186.87,1187.4533333333327,1183.0266666666666,1265.93
2023-08-02 04:00:00,1265.93,4,2,0,1210.78,1221.1933333333327,1193.3516666666667,1272.66
2023-08-02 05:00:00,1272.66,5,2,0,1265.93,1249.7899999999993,1211.5516666666665,1300.98
2023-08-02 06:00:00,1300.98,6,2,0,1272.66,1279.8566666666663,1233.655,1384.54
2023-08-02 07:00:00,1384.54,7,2,0,1300.98,1319.3933333333327,1270.2933333333333,1386.05
2023-08-02 08:00:00,1386.05,8,2,0,1384.54,1357.1899999999994,1303.49,1392.05
2023-08-02 09:00:00,1392.05,9,2,0,1386.05,1387.5466666666662,1333.7016666666666,1417.59
2023-08-02 10:00:00,1417.59,10,2,0,1392.05,1398.5633333333328,1358.9783333333332,1452.46
2023-08-02 11:00:00,1452.46,11,2,0,1417.59,1420.6999999999996,1388.945,1438.27
2023-08-02 12:00:00,1438.27,12,2,0,1452.46,1436.106666666666,1411.8266666666666,1418.75
2023-08-02 13:00:00,1418.75,13,2,0,1438.27,1436.4933333333327,1417.5283333333334,1407.0
2023-08-02 14:00:00,1407.0,14,2,0,1418.75,1421.3399999999995,1421.0199999999998,1401.37
2023-08-02 15:00:00,1401.37,15,2,0,1407.0,1409.0399999999993,1422.5733333333335,1344.87
2023-08-02 16:00:00,1344.87,16,2,0,1401.37,1384.4133333333327,1410.4533333333331,1295.81
2023-08-02 17:00:00,1295.81,17,2,0,1344.87,1347.3499999999992,1384.345,1319.63
2023-08-02 18:00:00,1319.63,18,2,0,1295.81,1320.1033333333328,1364.5716666666665,1268.96
2023-08-02 19:00:00,1268.96,19,2,0,1319.63,1294.7999999999995,1339.6066666666666,1233.29
2023-08-02 20:00:00,1233.29,20,2,0,1268.96,1273.9599999999994,1310.655,1199.82
2023-08-02 21:00:00,1199.82,21,2,0,1233.29,1234.0233333333326,1277.0633333333333,1212.83
2023-08-02 22:00:00,1212.83,22,2,0,1199.82,1215.3133333333326,1255.0566666666666,1179.89
2023-08-02 23:00:00,1179.89,23,2,0,1212.83,1197.5133333333326,1235.7366666666667,1187.05
2023-08-03 00:00:00,1187.05,0,3,0,1179.89,1193.2566666666662,1213.64,1176.93
2023-08-03 01:00:00,1176.93,1,3,0,1187.05,1181.2899999999995,1198.3016666666667,1202.8
2023-08-03 02:00:00,1202.8,2,3,0,1176.93,1188.926666666666,1193.22,1213.15
2023-08-03 03:00:00,1213.15,3,3,0,1202.8,1197.626666666666,1195.4416666666668,1211.82
2023-08-03 04:00:00,1211.82,4,3,0,1213.15,1209.256666666666,1195.2733333333333,1278.06
2023-08-03 05:00:00,1278.06,5,3,0,1211.82,1234.3433333333328,1211.635,1342.16
2023-08-03 06:00:00,1342.16,6,3,0,1278.06,1277.3466666666661,1237.4866666666667,1374.73
2023-08-03 07:00:00,1374.73,7,3,0,1342.16,1331.6499999999994,1270.4533333333331,1362.82
2023-08-03 08:00:00,1362.82,8,3,0,1374.73,1359.9033333333327,1297.1233333333334,1411.16
2023-08-03 09:00:00,1411.16,9,3,0,1362.82,1382.9033333333327,1330.125,1412.81
2023-08-03 10:00:00,1412.81,10,3,0,1411.16,1395.5966666666661,1363.6233333333332,1448.86
2023-08-03 11:00:00,1448.86,11,3,0,1412.81,1424.276666666666,1392.09,1416.26
2023-08-03 12:00:00,1416.26,12,3,0,1448.86,1425.9766666666662,1404.4399999999998,1402.59
2023-08-03 13:00:00,1402.59,13,3,0,1416.26,1422.569999999999,1409.0833333333333,1430.55
2023-08-03 14:00:00,1430.55,14,3,0,1402.59,1416.466666666666,1420.3716666666667,1374.68
2023-08-03 15:00:00,1374.68,15,3,0,1430.55,1402.606666666666,1414.2916666666667,1330.38
2023-08-03 16:00:00,1330.38,16,3,0,1374.68,1378.5366666666662,1400.5533333333333,1297.41
2023-08-03 17:00:00,1297.41,17,3,0,1330.38,1334.156666666666,1375.3116666666665,1285.58
2023-08-03 18:00:00,1285.58,18,3,0,1297.41,1304.456666666666,1353.5316666666665,1237.79
2023-08-03 19:00:00,1237.79,19,3,0,1285.58,1273.5933333333326,1326.065,1200.4
2023-08-03 20:00:00,1200.4,20,3,0,1237.79,1241.2566666666662,1287.7066666666667,1192.71
2023-08-03 21:00:00,1192.71,21,3,0,1200.4,1210.2999999999995,1257.3783333333333,1189.74
2023-08-03 22:00:00,1189.74,22,3,0,1192.71,1194.2833333333328,1233.9383333333333,1201.37
2023-08-03 23:00:00,1201.37,23,3,0,1189.74,1194.606666666666,1217.9316666666666,1177.58
2023-08-04 00:00:00,1177.58,0,4,0,1201.37,1189.5633333333326,1199.9316666666666,1194.16
2023-08-04 01:00:00,1194.16,1,4,0,1177.58,1191.036666666666,1192.66,1196.34
2023-08-04 02:00:00,1196.34,2,4,0,1194.16,1189.3599999999994,1191.9833333333333,1255.06
2023-08-04 03:00:00,1255.06,3,4,0,1196.34,1215.186666666666,1202.375,1245.32
2023-08-04 04:00:00,1245.32,4,4,0,1255.06,1232.239999999999,1211.6383333333333,1294.51
2023-08-04 05:00:00,1294.51,5,4,0,1245.32,1264.9633333333327,1227.1616666666666,1319.5
2023-08-04 06:00:00,1319.5,6,4,0,1294.51,1286.4433333333327,1250.8149999999998,1369.83
2023-08-04 07:00:00,1369.83,7,4,0,1319.5,1327.946666666666,1280.0933333333332,1377.3
2023-08-04 08:00:00,1377.3,8,4,0,1369.83,1355.5433333333328,1310.2533333333333,1391.59
2023-08-04 09:00:00,1391.59,9,4,0,1377.3,1379.5733333333326,1333.0083333333334,1401.09
2023-08-04 10:00:00,1401.09,10,4,0,1391.59,1389.9933333333327,1358.97,1418.66
2023-08-04 11:00:00,1418.66,11,4,0,1401.09,1403.7799999999995,1379.6616666666666,1437.03
2023-08-04 12:00:00,1437.03,12,4,0,1418.66,1418.926666666666,1399.25,1399.3
2023-08-04 13:00:00,1399.3,13,4,0,1437.03,1418.3299999999992,1404.1616666666666,1398.33
2023-08-04 14:00:00,1398.33,14,4,0,1399.3,1411.5533333333326,1407.6666666666667,1356.24
2023-08-04 15:00:00,1356.24,15,4,0,1398.33,1384.6233333333328,1401.7749999999999,1314.61
2023-08-04 16:00:00,1314.61,16,4,0,1356.24,1356.3933333333327,1387.3616666666667,1275.88
2023-08-04 17:00:00,1275.88,17,4,0,1314.61,1315.5766666666661,1363.5649999999998,1311.99
2023-08-04 18:00:00,1311.99,18,4,0,1275.88,1300.826666666666,1342.7250000000001,1261.72
2023-08-04 19:00:00,1261.72,19,4,0,1311.99,1283.196666666666,1319.7949999999998,1221.84
2023-08-04 20:00:00,1221.84,20,4,0,1261.72,1265.1833333333327,1290.3799999999999,1185.41
2023-08-04 21:00:00,1185.41,21,4,0,1221.84,1222.9899999999996,1261.9083333333333,1228.66
2023-08-04 22:00:00,1228.66,22,4,0,1185.41,1211.9699999999993,1247.5833333333333,1181.94
2023-08-04 23:00:00,1181.94,23,4,0,1228.66,1198.6699999999994,1231.9266666666667,1131.02
2023-08-05 00:00:00,1131.02,0,5,1,1181.94,1180.5399999999993,1201.765,1150.73
2023-08-05 01:00:00,1150.73,1,5,1,1131.02,1154.5633333333328,1183.2666666666667,1174.91
2023-08-05 02:00:00,1174.91,2,5,1,1150.73,1152.2199999999993,1175.445,1178.16
2023-08-05 03:00:00,1178.16,3,5,1,1174.91,1167.9333333333327,1174.2366666666667,1214.17
2023-08-05 04:00:00,1214.17,4,5,1,1178.16,1189.0799999999992,1171.8216666666667,1251.98
2023-08-05 05:00:00,1251.98,5,5,1,1214.17,1214.7699999999995,1183.4950000000001,1285.83
2023-08-05 06:00:00,1285.83,6,5,1,1251.98,1250.6599999999996,1209.2966666666669,1332.64
2023-08-05 07:00:00,1332.64,7,5,1,1285.83,1290.1499999999994,1239.615,1328.16
2023-08-05 08:00:00,1328.16,8,5,1,1332.64,1315.5433333333328,1265.1566666666668,1365.5
2023-08-05 09:00:00,1365.5,9,5,1,1328.16,1342.0999999999995,1296.38,1399.82
2023-08-05 10:00:00,1399.82,10,5,1,1365.5,1364.4933333333327,1327.3216666666667,1414.95
2023-08-05 11:00:00,1414.95,11,5,1,1399.82,1393.4233333333325,1354.4833333333333,1370.6
2023-08-05 12:00:00,1370.6,12,5,1,1414.95,1395.1233333333328,1368.6116666666667,1388.47
2023-08-05 13:00:00,1388.47,13,5,1,1370.6,1391.3399999999995,1377.9166666666667,1372.82
2023-08-05 14:00:00,1372.82,14,5,1,1388.47,1377.2966666666662,1385.36,1325.59
2023-08-05 15:00:00,1325.59,15,5,1,1372.82,1362.2933333333326,1378.7083333333333,1318.74
2023-08-05 16:00:00,1318.74,16,5,1,1325.59,1339.0499999999993,1365.195,1277.94
2023-08-05 17:00:00,1277.94,17,5,1,1318.74,1307.423333333333,1342.36,1261.57
2023-08-05 18:00:00,1261.57,18,5,1,1277.94,1286.0833333333328,1324.1883333333333,1216.3
2023-08-05 19:00:00,1216.3,19,5,1,1261.57,1251.9366666666663,1295.493333333333,1185.27
2023-08-05 20:00:00,1185.27,20,5,1,1216.3,1221.046666666666,1264.235,1161.09
2023-08-05 21:00:00,1161.09,21,5,1,1185.27,1187.5533333333326,1236.8183333333334,1168.3
2023-08-05 22:00:00,1168.3,22,5,1,1161.09,1171.5533333333326,1211.745,1155.82
2023-08-05 23:00:00,1155.82,23,5,1,1168.3,1161.736666666666,1191.3916666666667,1146.37
2023-08-06 00:00:00,1146.37,0,6,1,1155.82,1156.8299999999992,1172.1916666666666,1193.17
2023-08-06 01:00:00,1193.17,1,6,1,1146.37,1165.1199999999992,1168.3366666666668,1192.25
2023-08-06 02:00:00,1192.25,2,6,1,1193.17,1177.2633333333326,1169.5,1187.72
2023-08-06 03:00:00,1187.72,3,6,1,1192.25,1191.0466666666662,1173.9383333333333,1237.9
2023-08-06 04:00:00,1237.9,4,6,1,1187.72,1205.956666666666,1185.5383333333334,1272.42
2023-08-06 05:00:00,1272.42,5,6,1,1237.9,1232.6799999999994,1204.9716666666666,1339.89
2023-08-06 06:00:00,1339.89,6,6,1,1272.42,1283.4033333333327,1237.2250000000001,1328.16
2023-08-06 07:00:00,1328.16,7,6,1,1339.89,1313.4899999999996,1259.7233333333334,1360.13
2023-08-06 08:00:00,1360.13,8,6,1,1328.16,1342.7266666666662,1287.7033333333334,1373.27
2023-08-06 09:00:00,1373.27,9,6,1,1360.13,1353.8533333333328,1318.6283333333333,1380.47
2023-08-06 10:00:00,1380.47,10,6,1,1373.27,1371.2899999999997,1342.39,1373.3
2023-08-06 11:00:00,1373.3,11,6,1,1380.47,1375.6799999999994,1359.2033333333334,1394.58
2023-08-06 12:00:00,1394.58,12,6,1,1373.3,1382.7833333333326,1368.3183333333334,1400.61
2023-08-06 13:00:00,1400.61,13,6,1,1394.58,1389.496666666666,1380.3933333333334,1356.91
2023-08-06 14:00:00,1356.91,14,6,1,1400.61,1384.0333333333326,1379.8566666666666,1356.78
2023-08-06 15:00:00,1356.78,15,6,1,1356.91,1371.4333333333325,1377.1083333333333,1299.01
2023-08-06 16:00:00,1299.01,16,6,1,1356.78,1337.566666666666,1363.5316666666668,1293.64
2023-08-06 17:00:00,1293.64,17,6,1,1299.01,1316.4766666666662,1350.2549999999999,1271.71
2023-08-06 18:00:00,1271.71,18,6,1,1293.64,1288.1199999999994,1329.7766666666666,1237.17
2023-08-06 19:00:00,1237.17,19,6,1,1271.71,1267.5066666666662,1302.5366666666666,1181.44
2023-08-06 20:00:00,1181.44,20,6,1,1237.17,1230.1066666666661,1273.2916666666667,1162.42
2023-08-06 21:00:00,1162.42,21,6,1,1181.44,1193.676666666666,1240.8983333333333,1163.52
2023-08-06 22:00:00,1163.52,22,6,1,1162.42,1169.126666666666,1218.3166666666668,1131.1
2023-08-06 23:00:00,1131.1,23,6,1,1163.52,1152.3466666666661,1191.2266666666667,1214.59
2023-08-07 00:00:00,1214.59,0,0,0,1131.1,1169.736666666666,1181.7066666666667,1214.72
2023-08-07 01:00:00,1214.72,1,0,0,1214.59,1186.8033333333326,1177.965,1211.81
2023-08-07 02:00:00,1211.81,2,0,0,1214.72,1213.706666666666,1183.0266666666666,1210.07
2023-08-07 03:00:00,1210.07,3,0,0,1211.81,1212.1999999999991,1190.9683333333332,1262.71
2023-08-07 04:00:00,1262.71,4,0,0,1210.07,1228.196666666666,1207.5,1282.68
2023-08-07 05:00:00,1282.68,5,0,0,1262.71,1251.8199999999995,1232.7633333333333,1306.42
2023-08-07 06:00:00,1306.42,6,0,0,1282.68,1283.9366666666663,1248.0683333333334,1355.13
2023-08-07 07:00:00,1355.13,7,0,0,1306.42,1314.7433333333329,1271.47,1365.67
2023-08-07 08:00:00,1365.67,8,0,0,1355.13,1342.406666666666,1297.1133333333335,1389.35
2023-08-07 09:00:00,1389.35,9,0,0,1365.67,1370.0499999999993,1326.9933333333333,1431.73
2023-08-07 10:00:00,1431.73,10,0,0,1389.35,1395.5833333333328,1355.1633333333334,1437.99
2023-08-07 11:00:00,1437.99,11,0,0,1431.73,1419.6899999999994,1381.0483333333334,1400.36
2023-08-07 12:00:00,1400.36,12,0,0,1437.99,1423.3599999999994,1396.705,1391.61
2023-08-07 13:00:00,1391.61,13,0,0,1400.36,1409.986666666666,1402.7849999999999,1379.81
2023-08-07 14:00:00,1379.81,14,0,0,1391.61,1390.5933333333326,1405.1416666666664,1370.17
2023-08-07 15:00:00,1370.17,15,0,0,1379.81,1380.5299999999995,1401.945,1350.52
2023-08-07 16:00:00,1350.52,16,0,0,1370.17,1366.8333333333328,1388.4099999999999,1282.53
2023-08-07 17:00:00,1282.53,17,0,0,1350.52,1334.406666666666,1362.5,1277.31
2023-08-07 18:00:00,1277.31,18,0,0,1282.53,1303.4533333333327,1341.9916666666666,1276.97
2023-08-07 19:00:00,1276.97,19,0,0,1277.31,1278.9366666666663,1322.885,1257.35
2023-08-07 20:00:00,1257.35,20,0,0,1276.97,1270.5433333333328,1302.4750000000001,1232.14
2023-08-07 21:00:00,1232.14,21,0,0,1257.35,1255.486666666666,1279.47,1188.7
2023-08-07 22:00:00,1188.7,22,0,0,1232.14,1226.0633333333326,1252.5,1166.93
2023-08-07 23:00:00,1166.93,23,0,0,1188.7,1195.923333333333,1233.2333333333333,1164.5
2023-08-08 00:00:00,1164.5,0,1,0,1166.93,1173.376666666666,1214.4316666666666,1208.35
2023-08-08 01:00:00,1208.35,1,1,0,1164.5,1179.926666666666,1202.9950000000001,1198.23
2023-08-08 02:00:00,1198.23,2,1,0,1208.35,1190.3599999999994,1193.1416666666667,1217.56
2023-08-08 03:00:00,1217.56,3,1,0,1198.23,1208.046666666666,1190.7116666666668,1230.19
2023-08-08 04:00:00,1230.19,4,1,0,1217.56,1215.3266666666661,1197.6266666666666,1326.72
2023-08-08 05:00:00,1326.72,5,1,0,1230.19,1258.156666666666,1224.2583333333334,1306.93
2023-08-08 06:00:00,1306.93,6,1,0,1326.72,1287.946666666666,1247.9966666666667,1328.29
2023-08-08 07:00:00,1328.29,7,1,0,1306.93,1320.646666666666,1267.9866666666667,1351.87
2023-08-08 08:00:00,1351.87,8,1,0,1328.29,1329.0299999999995,1293.5933333333335,1406.42
2023-08-08 09:00:00,1406.42,9,1,0,1351.87,1362.1933333333327,1325.07,1383.61
2023-08-08 10:00:00,1383.61,10,1,0,1406.42,1380.6333333333325,1350.64,1398.69
2023-08-08 11:00:00,1398.69,11,1,0,1383.61,1396.2399999999996,1362.635,1402.98
2023-08-08 12:00:00,1402.98,12,1,0,1398.69,1395.0933333333326,1378.6433333333334,1421.86
2023-08-08 13:00:00,1421.86,13,1,0,1402.98,1407.843333333333,1394.2383333333335,1391.36
2023-08-08 14:00:00,1391.36,14,1,0,1421.86,1405.3999999999994,1400.82,1396.81
2023-08-08 15:00:00,1396.81,15,1,0,1391.36,1403.3433333333326,1399.2183333333332,1342.27
2023-08-08 16:00:00,1342.27,16,1,0,1396.81,1376.8133333333326,1392.3283333333331,1287.7
2023-08-08 17:00:00,1287.7,17,1,0,1342.27,1342.2599999999995,1373.83,1297.74
2023-08-08 18:00:00,1297.74,18,1,0,1287.7,1309.236666666666,1356.29,1260.65
2023-08-08 19:00:00,1260.65,19,1,0,1297.74,1282.0299999999995,1329.4216666666669,1256.51
2023-08-08 20:00:00,1256.51,20,1,0,1260.65,1271.6333333333328,1306.9466666666665,1202.01
2023-08-08 21:00:00,1202.01,21,1,0,1256.51,1239.7233333333327,1274.48,1185.14
2023-08-08 22:00:00,1185.14,22,1,0,1202.01,1214.5533333333328,1248.2916666666667,1192.48
2023-08-08 23:00:00,1192.48,23,1,0,1185.14,1193.2099999999994,1232.4216666666666,1185.21
2023-08-09 00:00:00,1185.21,0,2,0,1192.48,1187.6099999999994,1213.6666666666667,1176.45
2023-08-09 01:00:00,1176.45,1,2,0,1185.21,1184.713333333333,1199.6333333333334,1215.51
2023-08-09 02:00:00,1215.51,2,2,0,1176.45,1192.3899999999994,1192.8,1216.1
2023-08-09 03:00:00,1216.1,3,2,0,1215.51,1202.686666666666,1195.1483333333333,1248.95
2023-08-09 04:00:00,1248.95,4,2,0,1216.1,1226.8533333333326,1205.7833333333333,1303.52
2023-08-09 05:00:00,1303.52,5,2,0,1248.95,1256.1899999999994,1224.29,1349.36
2023-08-09 06:00:00,1349.36,6,2,0,1303.52,1300.6099999999994,1251.6483333333333,1366.08
2023-08-09 07:00:00,1366.08,7,2,0,1349.36,1339.6533333333327,1283.2533333333333,1366.13
2023-08-09 08:00:00,1366.13,8,2,0,1366.08,1360.5233333333326,1308.3566666666668,1396.91
2023-08-09 09:00:00,1396.91,9,2,0,1366.13,1376.3733333333328,1338.4916666666666,1405.66
2023-08-09 10:00:00,1405.66,10,2,0,1396.91,1389.5666666666664,1364.61,1415.17
2023-08-09 11:00:00,1415.17,11,2,0,1405.66,1405.9133333333327,1383.2183333333332,1389.15
2023-08-09 12:00:00,1389.15,12,2,0,1415.17,1403.3266666666661,1389.8500000000001,1409.87
2023-08-09 13:00:00,1409.87,13,2,0,1389.15,1404.7299999999996,1397.1483333333333,1383.87
2023-08-09 14:00:00,1383.87,14,2,0,1409.87,1394.296666666666,1400.1049999999998,1366.99
2023-08-09 15:00:00,1366.99,15,2,0,1383.87,1386.9099999999992,1395.118333333333,1367.17
2023-08-09 16:00:00,1367.17,16,2,0,1366.99,1372.676666666666,1388.7033333333336,1296.82
2023-08-09 17:00:00,1296.82,17,2,0,1367.17,1343.6599999999994,1368.9783333333335,1271.44
2023-08-09 18:00:00,1271.44,18,2,0,1296.82,1311.8099999999993,1349.36,1264.12
2023-08-09 19:00:00,1264.12,19,2,0,1271.44,1277.4599999999994,1325.0683333333334,1222.25
2023-08-09 20:00:00,1222.25,20,2,0,1264.12,1252.6033333333328,1298.1316666666667,1188.09
2023-08-09 21:00:00,1188.09,21,2,0,1222.25,1224.8199999999995,1268.3149999999998,1176.73
2023-08-09 22:00:00,1176.73,22,2,0,1188.09,1195.6899999999994,1236.575,1200.62
2023-08-09 23:00:00,1200.62,23,2,0,1176.73,1188.4799999999993,1220.5416666666667,1221.08
2023-08-10 00:00:00,1221.08,0,3,0,1200.62,1199.4766666666658,1212.1483333333333,1185.53
2023-08-10 01:00:00,1185.53,1,3,0,1221.08,1202.4099999999994,1199.05,1227.7
2023-08-10 02:00:00,1227.7,2,3,0,1185.53,1211.4366666666658,1199.9583333333333,1251.73
2023-08-10 03:00:00,1251.73,3,3,0,1227.7,1221.6533333333327,1210.5649999999998,1259.4
2023-08-10 04:00:00,1259.4,4,3,0,1251.73,1246.276666666666,1224.3433333333332,1271.52
2023-08-10 05:00:00,1271.52,5,3,0,1259.4,1260.883333333333,1236.16,1325.87
2023-08-10 06:00:00,1325.87,6,3,0,1271.52,1285.5966666666661,1253.625,1343.37
2023-08-10 07:00:00,1343.37,7,3,0,1325.87,1313.5866666666661,1279.9316666666666,1402.41
2023-08-10 08:00:00,1402.41,8,3,0,1343.37,1357.216666666666,1309.05,1382.32
2023-08-10 09:00:00,1382.32,9,3,0,1402.41,1376.0333333333326,1330.8149999999998,1400.19
2023-08-10 10:00:00,1400.19,10,3,0,1382.32,1394.9733333333327,1354.28,1408.46
2023-08-10 11:00:00,1408.46,11,3,0,1400.19,1396.9899999999996,1377.1033333333332,1450.85
2023-08-10 12:00:00,1450.85,12,3,0,1408.46,1419.8333333333328,1397.9333333333334,1401.57
2023-08-10 13:00:00,1401.57,13,3,0,1450.85,1420.2933333333324,1407.6333333333332,1417.64
2023-08-10 14:00:00,1417.64,14,3,0,1401.57,1423.3533333333326,1410.1716666666669,1377.84
2023-08-10 15:00:00,1377.84,15,3,0,1417.64,1399.0166666666662,1409.4250000000002,1374.26
2023-08-10 16:00:00,1374.26,16,3,0,1377.84,1389.9133333333327,1405.1033333333332,1301.1
2023-08-10 17:00:00,1301.1,17,3,0,1374.26,1351.066666666666,1387.21,1291.33
2023-08-10 18:00:00,1291.33,18,3,0,1301.1,1322.2299999999993,1360.6233333333332,1275.38
2023-08-10 19:00:00,1275.38,19,3,0,1291.33,1289.2699999999993,1339.5916666666665,1201.07
2023-08-10 20:00:00,1201.07,20,3,0,1275.38,1255.926666666666,1303.4966666666667,1229.88
2023-08-10 21:00:00,1229.88,21,3,0,1201.07,1235.4433333333327,1278.8366666666668,1200.67
2023-08-10 22:00:00,1200.67,22,3,0,1229.88,1210.5399999999993,1249.905,1193.12
2023-08-10 23:00:00,1193.12,23,3,0,1200.67,1207.8899999999994,1231.9083333333333,1153.09
2023-08-11 00:00:00,1153.09,0,4,0,1193.12,1182.2933333333328,1208.8683333333336,1207.78
2023-08-11 01:00:00,1207.78,1,4,0,1153.09,1184.6633333333327,1197.6016666666667,1201.21
2023-08-11 02:00:00,1201.21,2,4,0,1207.78,1187.3599999999994,1197.625,1198.04
2023-08-11 03:00:00,1198.04,3,4,0,1201.21,1202.3433333333326,1192.3183333333334,1284.35
2023-08-11 04:00:00,1284.35,4,4,0,1198.04,1227.866666666666,1206.2649999999999,1271.15
2023-08-11 05:00:00,1271.15,5,4,0,1284.35,1251.1799999999994,1219.27,1277.57
2023-08-11 06:00:00,1277.57,6,4,0,1271.15,1277.6899999999994,1240.0166666666667,1356.71
2023-08-11 07:00:00,1356.71,7,4,0,1277.57,1301.8099999999995,1264.8383333333334,1350.17
2023-08-11 08:00:00,1350.17,8,4,0,1356.71,1328.1499999999994,1289.665,1395.94
2023-08-11 09:00:00,1395.94,9,4,0,1350.17,1367.6066666666663,1322.6483333333333,1410.82
2023-08-11 10:00:00,1410.82,10,4,0,1395.94,1385.6433333333327,1343.7266666666667,1425.35
2023-08-11 11:00:00,1425.35,11,4,0,1410.82,1410.703333333333,1369.4266666666665,1415.73
2023-08-11 12:00:00,1415.73,12,4,0,1425.35,1417.2999999999993,1392.4533333333331,1416.18
2023-08-11 13:00:00,1416.18,13,4,0,1415.73,1419.0866666666661,1402.365,1388.57
2023-08-11 14:00:00,1388.57,14,4,0,1416.18,1406.826666666666,1408.765,1348.22
2023-08-11 15:00:00,1348.22,15,4,0,1388.57,1384.3233333333328,1400.8116666666665,1350.11
2023-08-11 16:00:00,1350.11,16,4,0,1348.22,1362.2999999999993,1390.6933333333334,1310.77
2023-08-11 17:00:00,1310.77,17,4,0,1350.11,1336.366666666666,1371.5966666666666,1250.23
2023-08-11 18:00:00,1250.23,18,4,0,1310.77,1303.7033333333327,1344.0133333333333,1255.11
2023-08-11 19:00:00,1255.11,19,4,0,1250.23,1272.036666666666,1317.1683333333333,1219.22
2023-08-11 20:00:00,1219.22,20,4,0,1255.11,1241.5199999999993,1288.9433333333334,1201.6
2023-08-11 21:00:00,1201.6,21,4,0,1219.22,1225.3099999999993,1264.5066666666667,1180.71
2023-08-11 22:00:00,1180.71,22,4,0,1201.6,1200.5099999999993,1236.2733333333333,1123.51
2023-08-11 23:00:00,1123.51,23,4,0,1180.71,1168.606666666666,1205.0633333333333,1148.21
2023-08-12 00:00:00,1148.21,0,5,1,1123.51,1150.8099999999995,1188.06,1177.76
2023-08-12 01:00:00,1177.76,1,5,1,1148.21,1149.8266666666661,1175.1683333333333,1153.65
2023-08-12 02:00:00,1153.65,2,5,1,1177.76,1159.8733333333328,1164.24,1204.55
2023-08-12 03:00:00,1204.55,3,5,1,1153.65,1178.6533333333327,1164.7316666666668,1253.79
2023-08-12 04:00:00,1253.79,4,5,1,1204.55,1203.996666666666,1176.9116666666666,1265.12
2023-08-12 05:00:00,1265.12,5,5,1,1253.79,1241.1533333333327,1200.5133333333333,1266.91
2023-08-12 06:00:00,1266.91,6,5,1,1265.12,1261.9399999999994,1220.2966666666666,1295.43
2023-08-12 07:00:00,1295.43,7,5,1,1266.91,1275.8199999999995,1239.9083333333333,1316.66
2023-08-12 08:00:00,1316.66,8,5,1,1295.43,1292.9999999999993,1267.0766666666666,1373.93
2023-08-12 09:00:00,1373.93,9,5,1,1316.66,1328.673333333333,1295.3066666666666,1390.06
2023-08-12 10:00:00,1390.06,10,5,1,1373.93,1360.216666666666,1318.0183333333334,1393.2
2023-08-12 11:00:00,1393.2,11,5,1,1390.06,1385.7299999999996,1339.365,1393.95
2023-08-12 12:00:00,1393.95,12,5,1,1393.2,1392.4033333333327,1360.5383333333334,1422.27
2023-08-12 13:00:00,1422.27,13,5,1,1393.95,1403.1399999999994,1381.6783333333333,1385.25
2023-08-12 14:00:00,1385.25,14,5,1,1422.27,1400.4899999999996,1393.11,1367.61
2023-08-12 15:00:00,1367.61,15,5,1,1385.25,1391.7099999999994,1392.0566666666666,1336.76
2023-08-12 16:00:00,1336.76,16,5,1,1367.61,1363.206666666666,1383.1733333333334,1246.7
2023-08-12 17:00:00,1246.7,17,5,1,1336.76,1317.0233333333326,1358.7566666666667,1257.45
2023-08-12 18:00:00,1257.45,18,5,1,1246.7,1280.3033333333326,1336.0066666666667,1243.14
2023-08-12 19:00:00,1243.14,19,5,1,1257.45,1249.0966666666661,1306.1516666666669,1182.34
2023-08-12 20:00:00,1182.34,20,5,1,1243.14,1227.6433333333327,1272.3333333333333,1209.49
2023-08-12 21:00:00,1209.49,21,5,1,1182.34,1211.656666666666,1245.98,1180.22
2023-08-12 22:00:00,1180.22,22,5,1,1209.49,1190.6833333333327,1219.89,1167.92
2023-08-12 23:00:00,1167.92,23,5,1,1180.22,1185.876666666666,1206.76,1140.01
2023-08-13 00:00:00,1140.01,0,6,1,1167.92,1162.716666666666,1187.1866666666667,1160.24
2023-08-13 01:00:00,1160.24,1,6,1,1140.01,1156.0566666666662,1173.37,1088.94
2023-08-13 02:00:00,1088.94,2,6,1,1160.24,1129.7299999999996,1157.8033333333333,1209.69
2023-08-13 03:00:00,1209.69,3,6,1,1088.94,1152.956666666666,1157.8366666666668,1246.36
2023-08-13 04:00:00,1246.36,4,6,1,1209.69,1181.6633333333327,1168.8600000000001,1267.67
2023-08-13 05:00:00,1267.67,5,6,1,1246.36,1241.2399999999996,1185.485,1293.86
2023-08-13 06:00:00,1293.86,6,6,1,1267.67,1269.296666666666,1211.1266666666668,1321.79
2023-08-13 07:00:00,1321.79,7,6,1,1293.86,1294.4399999999994,1238.0516666666667,1335.06
2023-08-13 08:00:00,1335.06,8,6,1,1321.79,1316.9033333333327,1279.0716666666667,1372.86
2023-08-13 09:00:00,1372.86,9,6,1,1335.06,1343.236666666666,1306.2666666666667,1407.48
2023-08-13 10:00:00,1407.48,10,6,1,1372.86,1371.7999999999993,1333.12,1387.62
2023-08-13 11:00:00,1387.62,11,6,1,1407.48,1389.319999999999,1353.1116666666665,1364.41
2023-08-13 12:00:00,1364.41,12,6,1,1387.62,1386.5033333333329,1364.87,1397.75
2023-08-13 13:00:00,1397.75,13,6,1,1364.41,1383.2599999999993,1377.53,1367.95
2023-08-13 14:00:00,1367.95,14,6,1,1397.75,1376.703333333333,1383.0116666666665,1361.14
2023-08-13 15:00:00,1361.14,15,6,1,1367.95,1375.6133333333328,1381.0583333333334,1311.49
2023-08-13 16:00:00,1311.49,16,6,1,1361.14,1346.8599999999994,1365.0600000000002,1280.94
2023-08-13 17:00:00,1280.94,17,6,1,1311.49,1317.8566666666661,1347.28,1265.9
2023-08-13 18:00:00,1265.9,18,6,1,1280.94,1286.1099999999994,1330.861666666667,1273.29
2023-08-13 19:00:00,1273.29,19,6,1,1265.9,1273.376666666666,1310.1183333333333,1197.5
2023-08-13 20:00:00,1197.5,20,6,1,1273.29,1245.5633333333328,1281.71,1198.25
2023-08-13 21:00:00,1198.25,21,6,1,1197.5,1223.0133333333326,1254.5616666666667,1145.84
2023-08-13 22:00:00,1145.84,22,6,1,1198.25,1180.5299999999995,1226.9533333333331,1159.36
2023-08-13 23:00:00,1159.36,23,6,1,1145.84,1167.816666666666,1206.69,1202.02
2023-08-14 00:00:00,1202.02,0,0,0,1159.36,1169.0733333333326,1196.0433333333333,1194.98
2023-08-14 01:00:00,1194.98,1,0,0,1202.02,1185.4533333333327,1182.9916666666666,1210.1
2023-08-14 02:00:00,1210.1,2,0,0,1194.98,1202.366666666666,1185.0916666666665,1259.87
2023-08-14 03:00:00,1259.87,3,0,0,1210.1,1221.6499999999994,1195.3616666666665,1235.64
2023-08-14 04:00:00,1235.64,4,0,0,1259.87,1235.2033333333327,1210.3283333333334,1299.64
2023-08-14 05:00:00,1299.64,5,0,0,1235.64,1265.0499999999995,1233.7083333333333,1302.9
2023-08-14 06:00:00,1302.9,6,0,0,1299.64,1279.3933333333327,1250.5216666666668,1357.1
2023-08-14 07:00:00,1357.1,7,0,0,1302.9,1319.8799999999994,1277.5416666666667,1397.41
2023-08-14 08:00:00,1397.41,8,0,0,1357.1,1352.4699999999993,1308.76,1400.14
2023-08-14 09:00:00,1400.14,9,0,0,1397.41,1384.8833333333325,1332.1383333333335,1407.1
2023-08-14 10:00:00,1407.1,10,0,0,1400.14,1401.5499999999993,1360.715,1452.72
2023-08-14 11:00:00,1452.72,11,0,0,1407.1,1419.986666666666,1386.2283333333332,1406.21
2023-08-14 12:00:00,1406.21,12,0,0,1452.72,1422.0099999999993,1403.4466666666667,1410.88
2023-08-14 13:00:00,1410.88,13,0,0,1406.21,1423.2699999999995,1412.4099999999999,1386.16
2023-08-14 14:00:00,1386.16,14,0,0,1410.88,1401.0833333333328,1410.535,1383.92
2023-08-14 15:00:00,1383.92,15,0,0,1386.16,1393.6533333333327,1407.8316666666667,1347.15
2023-08-14 16:00:00,1347.15,16,0,0,1383.92,1372.4099999999992,1397.8400000000001,1310.09
2023-08-14 17:00:00,1310.09,17,0,0,1347.15,1347.0533333333326,1374.0683333333334,1272.86
2023-08-14 18:00:00,1272.86,18,0,0,1310.09,1310.0333333333326,1351.8433333333335,1234.24
2023-08-14 19:00:00,1234.24,19,0,0,1272.86,1272.3966666666659,1322.4033333333334,1207.38
2023-08-14 20:00:00,1207.38,20,0,0,1234.24,1238.1599999999992,1292.6066666666668,1192.2
2023-08-14 21:00:00,1192.2,21,0,0,1207.38,1211.2733333333329,1260.6533333333334,1175.18
2023-08-14 22:00:00,1175.18,22,0,0,1192.2,1191.5866666666661,1231.9916666666666,1164.18
2023-08-14 23:00:00,1164.18,23,0,0,1175.18,1177.186666666666,1207.6733333333334,1202.45
2023-08-15 00:00:00,1202.45,0,1,0,1164.18,1180.6033333333328,1195.9383333333333,1183.58
2023-08-15 01:00:00,1183.58,1,1,0,1202.45,1183.4033333333327,1187.4950000000001,1214.06
2023-08-15 02:00:00,1214.06,2,1,0,1183.58,1200.0299999999995,1188.6083333333333,1239.17
2023-08-15 03:00:00,1239.17,3,1,0,1214.06,1212.2699999999995,1196.4366666666667,1234.41
2023-08-15 04:00:00,1234.41,4,1,0,1239.17,1229.213333333333,1206.3083333333334,1265.38
2023-08-15 05:00:00,1265.38,5,1,0,1234.41,1246.3199999999995,1223.175,1339.28
2023-08-15 06:00:00,1339.28,6,1,0,1265.38,1279.6899999999994,1245.98,1337.89
2023-08-15 07:00:00,1337.89,7,1,0,1339.28,1314.1833333333327,1271.6983333333335,1371.38
2023-08-15 08:00:00,1371.38,8,1,0,1337.89,1349.5166666666662,1297.9183333333335,1411.3
2023-08-15 09:00:00,1411.3,9,1,0,1371.38,1373.5233333333329,1326.6066666666666,1408.46
2023-08-15 10:00:00,1408.46,10,1,0,1411.3,1397.0466666666662,1355.615,1437.75
2023-08-15 11:00:00,1437.75,11,1,0,1408.46,1419.1699999999994,1384.3433333333332,1430.21
2023-08-15 12:00:00,1430.21,12,1,0,1437.75,1425.4733333333327,1399.4983333333332,1416.11
2023-08-15 13:00:00,1416.11,13,1,0,1430.21,1428.0233333333326,1412.5349999999999,1352.53
2023-08-15 14:00:00,1352.53,14,1,0,1416.11,1399.6166666666659,1409.3933333333334,1386.68
2023-08-15 15:00:00,1386.68,15,1,0,1352.53,1385.106666666666,1405.29,1330.25
2023-08-15 16:00:00,1330.25,16,1,0,1386.68,1356.486666666666,1392.2549999999999,1307.53
2023-08-15 17:00:00,1307.53,17,1,0,1330.25,1341.486666666666,1370.5516666666665,1283.79
2023-08-15 18:00:00,1283.79,18,1,0,1307.53,1307.1899999999994,1346.1483333333333,1230.94
2023-08-15 19:00:00,1230.94,19,1,0,1283.79,1274.0866666666661,1315.2866666666666,1237.89
2023-08-15 20:00:00,1237.89,20,1,0,1230.94,1250.8733333333328,1296.18,1186.49
2023-08-15 21:00:00,1186.49,21,1,0,1237.89,1218.4399999999994,1262.8149999999998,1162.96
2023-08-15 22:00:00,1162.96,22,1,0,1186.49,1195.7799999999995,1234.9333333333334,1198.54
2023-08-15 23:00:00,1198.54,23,1,0,1162.96,1182.6633333333327,1216.7683333333334,1158.6
2023-08-16 00:00:00,1158.6,0,2,0,1198.54,1173.366666666666,1195.9033333333334,1225.28
2023-08-16 01:00:00,1225.28,1,2,0,1158.6,1194.1399999999994,1194.9599999999998,1211.24
2023-08-16 02:00:00,1211.24,2,2,0,1225.28,1198.3733333333328,1190.5183333333334,1202.75
2023-08-16 03:00:00,1202.75,3,2,0,1211.24,1213.0899999999992,1193.2283333333335,1256.49
2023-08-16 04:00:00,1256.49,4,2,0,1202.75,1223.4933333333327,1208.8166666666666,1260.22
2023-08-16 05:00:00,1260.22,5,2,0,1256.49,1239.8199999999995,1219.0966666666666,1347.8
2023-08-16 06:00:00,1347.8,6,2,0,1260.22,1288.1699999999994,1250.6299999999999,1363.7
2023-08-16 07:00:00,1363.7,7,2,0,1347.8,1323.906666666666,1273.7,1362.13
2023-08-16 08:00:00,1362.13,8,2,0,1363.7,1357.876666666666,1298.8483333333334,1410.9
2023-08-16 09:00:00,1410.9,9,2,0,1362.13,1378.9099999999996,1333.5400000000002,1439.03
2023-08-16 10:00:00,1439.03,10,2,0,1410.9,1404.0199999999995,1363.9633333333334,1382.52
2023-08-16 11:00:00,1382.52,11,2,0,1439.03,1410.8166666666664,1384.3466666666666,1430.83
2023-08-16 12:00:00,1430.83,12,2,0,1382.52,1417.4599999999991,1398.1850000000002,1397.89
2023-08-16 13:00:00,1397.89,13,2,0,1430.83,1403.746666666666,1403.8833333333332,1402.38
2023-08-16 14:00:00,1402.38,14,2,0,1397.89,1410.366666666666,1410.591666666667,1385.79
2023-08-16 15:00:00,1385.79,15,2,0,1402.38,1395.3533333333328,1406.4066666666668,1355.22
2023-08-16 16:00:00,1355.22,16,2,0,1385.79,1381.1299999999992,1392.4383333333335,1299.93
2023-08-16 17:00:00,1299.93,17,2,0,1355.22,1346.9799999999993,1378.6733333333334,1266.2
2023-08-16 18:00:00,1266.2,18,2,0,1299.93,1307.116666666666,1351.235,1230.19
2023-08-16 19:00:00,1230.19,19,2,0,1266.2,1265.4399999999994,1323.285,1184.31
2023-08-16 20:00:00,1184.31,20,2,0,1230.19,1226.8999999999994,1286.9399999999998,1216.17
2023-08-16 21:00:00,1216.17,21,2,0,1184.31,1210.2233333333327,1258.67,1198.19
2023-08-16 22:00:00,1198.19,22,2,0,1216.17,1199.5566666666662,1232.4983333333334,1181.04
2023-08-16 23:00:00,1181.04,23,2,0,1198.19,1198.466666666666,1212.6833333333334,1169.73
2023-08-17 00:00:00,1169.73,0,3,0,1181.04,1182.986666666666,1196.605,1169.09
2023-08-17 01:00:00,1169.09,1,3,0,1169.73,1173.286666666666,1186.4216666666666,1196.75
2023-08-17 02:00:00,1196.75,2,3,0,1169.09,1178.5233333333326,1188.4950000000001,1210.71
2023-08-17 03:00:00,1210.71,3,3,0,1196.75,1192.1833333333327,1187.585,1247.67
2023-08-17 04:00:00,1247.67,4,3,0,1210.71,1218.376666666666,1195.8316666666667,1306.7
2023-08-17 05:00:00,1306.7,5,3,0,1247.67,1255.026666666666,1216.7749999999999,1300.26
2023-08-17 06:00:00,1300.26,6,3,0,1306.7,1284.876666666666,1238.53,1339.33
2023-08-17 07:00:00,1339.33,7,3,0,1300.26,1315.4299999999994,1266.9033333333334,1349.26
2023-08-17 08:00:00,1349.26,8,3,0,1339.33,1329.616666666666,1292.3216666666667,1378.52
2023-08-17 09:00:00,1378.52,9,3,0,1349.26,1355.7033333333327,1320.29,1395.47
2023-08-17 10:00:00,1395.47,10,3,0,1378.52,1374.416666666666,1344.9233333333334,1432.5
2023-08-17 11:00:00,1432.5,11,3,0,1395.47,1402.1633333333327,1365.89,1410.41
2023-08-17 12:00:00,1410.41,12,3,0,1432.5,1412.7933333333328,1384.2483333333332,1389.57
2023-08-17 13:00:00,1389.57,13,3,0,1410.41,1410.826666666666,1392.6216666666667,1374.0
2023-08-17 14:00:00,1374.0,14,3,0,1389.57,1391.326666666666,1396.745,1377.46
2023-08-17 15:00:00,1377.46,15,3,0,1374.0,1380.3433333333326,1396.5683333333334,1324.09
2023-08-17 16:00:00,1324.09,16,3,0,1377.46,1358.5166666666662,1384.6716666666669,1334.97
2023-08-17 17:00:00,1334.97,17,3,0,1324.09,1345.5066666666662,1368.4166666666667,1242.65
2023-08-17 18:00:00,1242.65,18,3,0,1334.97,1300.5699999999995,1340.4566666666667,1222.29
2023-08-17 19:00:00,1222.29,19,3,0,1242.65,1266.636666666666,1312.5766666666668,1199.71
2023-08-17 20:00:00,1199.71,20,3,0,1222.29,1221.5499999999993,1283.5283333333334,1188.17
2023-08-17 21:00:00,1188.17,21,3,0,1199.71,1203.3899999999994,1251.9799999999998,1174.2
2023-08-17 22:00:00,1174.2,22,3,0,1188.17,1187.3599999999994,1226.9983333333334,1160.23
2023-08-17 23:00:00,1160.23,23,3,0,1174.2,1174.1999999999994,1197.875,1187.64
2023-08-18 00:00:00,1187.64,0,4,0,1160.23,1174.0233333333329,1188.7066666666667,1180.5
2023-08-18 01:00:00,1180.5,1,4,0,1187.64,1176.1233333333328,1181.7416666666668,1199.35
2023-08-18 02:00:00,1199.35,2,4,0,1180.5,1189.1633333333327,1181.6816666666666,1221.23
2023-08-18 03:00:00,1221.23,3,4,0,1199.35,1200.3599999999994,1187.1916666666666,1256.9
2023-08-18 04:00:00,1256.9,4,4,0,1221.23,1225.826666666666,1200.9750000000001,1258.47
2023-08-18 05:00:00,1258.47,5,4,0,1256.9,1245.5333333333328,1217.3483333333334,1299.83
2023-08-18 06:00:00,1299.83,6,4,0,1258.47,1271.7333333333327,1236.0466666666666,1361.12
2023-08-18 07:00:00,1361.12,7,4,0,1299.83,1306.4733333333327,1266.1499999999999,1360.24
2023-08-18 08:00:00,1360.24,8,4,0,1361.12,1340.3966666666659,1292.965,1393.22
2023-08-18 09:00:00,1393.22,9,4,0,1360.24,1371.526666666666,1321.6299999999999,1405.75
2023-08-18 10:00:00,1405.75,10,4,0,1393.22,1386.4033333333327,1346.4383333333333,1439.38
2023-08-18 11:00:00,1439.38,11,4,0,1405.75,1412.7833333333328,1376.5900000000001,1444.9
2023-08-18 12:00:00,1444.9,12,4,0,1439.38,1430.0099999999995,1400.7683333333334,1441.64
2023-08-18 13:00:00,1441.64,13,4,0,1444.9,1441.9733333333327,1414.1883333333335,1412.57
2023-08-18 14:00:00,1412.57,14,4,0,1441.64,1433.0366666666662,1422.91,1362.62
2023-08-18 15:00:00,1362.62,15,4,0,1412.57,1405.6099999999994,1417.8100000000002,1298.2
2023-08-18 16:00:00,1298.2,16,4,0,1362.62,1357.796666666666,1399.8850000000002,1329.1
2023-08-18 17:00:00,1329.1,17,4,0,1298.2,1329.9733333333327,1381.505,1264.91
2023-08-18 18:00:00,1264.91,18,4,0,1329.1,1297.4033333333327,1351.5066666666667,1253.26
2023-08-18 19:00:00,1253.26,19,4,0,1264.91,1282.423333333333,1320.11,1198.28
2023-08-18 20:00:00,1198.28,20,4,0,1253.26,1238.816666666666,1284.395,1194.79
2023-08-18 21:00:00,1194.79,21,4,0,1198.28,1215.4433333333327,1256.4233333333334,1197.36
2023-08-18 22:00:00,1197.36,22,4,0,1194.79,1196.8099999999993,1239.6166666666666,1217.63
2023-08-18 23:00:00,1217.63,23,4,0,1197.36,1203.2599999999993,1221.0383333333334,1155.57
2023-08-19 00:00:00,1155.57,0,5,1,1217.63,1190.186666666666,1202.8149999999998,1173.96
2023-08-19 01:00:00,1173.96,1,5,1,1155.57,1182.386666666666,1189.5983333333331,1180.01
2023-08-19 02:00:00,1180.01,2,5,1,1173.96,1169.8466666666661,1186.5533333333333,1214.11
2023-08-19 03:00:00,1214.11,3,5,1,1180.01,1189.3599999999994,1189.7733333333333,1208.12
2023-08-19 04:00:00,1208.12,4,5,1,1214.11,1200.746666666666,1191.5666666666666,1260.22
2023-08-19 05:00:00,1260.22,5,5,1,1208.12,1227.4833333333327,1198.665,1287.52
2023-08-19 06:00:00,1287.52,6,5,1,1260.22,1251.9533333333327,1220.6566666666668,1294.88
2023-08-19 07:00:00,1294.88,7,5,1,1287.52,1280.8733333333328,1240.8100000000002,1341.98
2023-08-19 08:00:00,1341.98,8,5,1,1294.88,1308.126666666666,1267.805,1348.97
2023-08-19 09:00:00,1348.97,9,5,1,1341.98,1328.6099999999994,1290.2816666666668,1415.45
2023-08-19 10:00:00,1415.45,10,5,1,1348.97,1368.7999999999993,1324.8366666666668,1378.42
2023-08-19 11:00:00,1378.42,11,5,1,1415.45,1380.946666666666,1344.5366666666666,1383.46
2023-08-19 12:00:00,1383.46,12,5,1,1378.42,1392.4433333333327,1360.5266666666669,1416.49
2023-08-19 13:00:00,1416.49,13,5,1,1383.46,1392.7899999999997,1380.795,1353.71
2023-08-19 14:00:00,1353.71,14,5,1,1416.49,1384.5533333333326,1382.75,1377.37
2023-08-19 15:00:00,1377.37,15,5,1,1353.71,1382.5233333333326,1387.4833333333333,1317.29
2023-08-19 16:00:00,1317.29,16,5,1,1377.37,1349.456666666666,1371.1233333333332,1290.58
2023-08-19 17:00:00,1290.58,17,5,1,1317.29,1328.4133333333327,1356.4833333333333,1246.49
2023-08-19 18:00:00,1246.49,18,5,1,1290.58,1284.786666666666,1333.655,1199.44
2023-08-19 19:00:00,1199.44,19,5,1,1246.49,1245.5033333333329,1297.48,1222.6
2023-08-19 20:00:00,1222.6,20,5,1,1199.44,1222.8433333333326,1275.6283333333333,1172.49
2023-08-19 21:00:00,1172.49,21,5,1,1222.6,1198.176666666666,1241.4816666666668,1176.6
2023-08-19 22:00:00,1176.6,22,5,1,1172.49,1190.5633333333328,1218.0333333333333,1111.1
2023-08-19 23:00:00,1111.1,23,5,1,1176.6,1153.396666666666,1188.1200000000001,1144.58
2023-08-20 00:00:00,1144.58,0,6,1,1111.1,1144.0933333333326,1171.135,1193.69
2023-08-20 01:00:00,1193.69,1,6,1,1144.58,1149.7899999999993,1170.1766666666665,1190.18
2023-08-20 02:00:00,1190.18,2,6,1,1193.69,1176.1499999999994,1164.7733333333333,1215.96
2023-08-20 03:00:00,1215.96,3,6,1,1190.18,1199.9433333333327,1172.0183333333332,1227.6
2023-08-20 04:00:00,1227.6,4,6,1,1215.96,1211.246666666666,1180.5183333333334,1253.23
2023-08-20 05:00:00,1253.23,5,6,1,1227.6,1232.2633333333326,1204.2066666666667,1297.45
2023-08-20 06:00:00,1297.45,6,6,1,1253.23,1259.426666666666,1229.685,1343.71
2023-08-20 07:00:00,1343.71,7,6,1,1297.45,1298.1299999999994,1254.6883333333333,1367.21
2023-08-20 08:00:00,1367.21,8,6,1,1343.71,1336.1233333333328,1284.1933333333334,1380.39
2023-08-20 09:00:00,1380.39,9,6,1,1367.21,1363.7699999999995,1311.5983333333334,1357.13
2023-08-20 10:00:00,1357.13,10,6,1,1380.39,1368.2433333333329,1333.1866666666667,1403.97
2023-08-20 11:00:00,1403.97,11,6,1,1357.13,1380.496666666666,1358.3100000000002,1387.22
2023-08-20 12:00:00,1387.22,12,6,1,1403.97,1382.7733333333326,1373.2716666666668,1401.06
2023-08-20 13:00:00,1401.06,13,6,1,1387.22,1397.416666666666,1382.83,1354.98
2023-08-20 14:00:00,1354.98,14,6,1,1401.06,1381.0866666666661,1380.7916666666667,1352.04
2023-08-20 15:00:00,1352.04,15,6,1,1354.98,1369.3599999999994,1376.0666666666666,1328.53
2023-08-20 16:00:00,1328.53,16,6,1,1352.04,1345.1833333333327,1371.3,1305.04
2023-08-20 17:00:00,1305.04,17,6,1,1328.53,1328.536666666666,1354.8116666666667,1258.71
2023-08-20 18:00:00,1258.71,18,6,1,1305.04,1297.426666666666,1333.3933333333332,1231.67
2023-08-20 19:00:00,1231.67,19,6,1,1258.71,1265.1399999999994,1305.1616666666666,1192.97
2023-08-20 20:00:00,1192.97,20,6,1,1231.67,1227.7833333333328,1278.1599999999999,1201.33
2023-08-20 21:00:00,1201.33,21,6,1,1192.97,1208.656666666666,1253.0416666666667,1170.27
2023-08-20 22:00:00,1170.27,22,6,1,1201.33,1188.1899999999994,1226.665,1188.99
2023-08-20 23:00:00,1188.99,23,6,1,1170.27,1186.8633333333325,1207.3233333333333,1139.05
2023-08-21 00:00:00,1139.05,0,0,0,1188.99,1166.1033333333328,1187.3799999999999,1154.22
2023-08-21 01:00:00,1154.22,1,0,0,1139.05,1160.7533333333326,1174.4716666666666,1218.14
2023-08-21 02:00:00,1218.14,2,0,0,1154.22,1170.4699999999993,1178.6666666666667,1192.07
2023-08-21 03:00:00,1192.07,3,0,0,1218.14,1188.1433333333327,1177.1233333333334,1258.59
2023-08-21 04:00:00,1258.59,4,0,0,1192.07,1222.9333333333327,1191.8433333333332,1311.45
2023-08-21 05:00:00,1311.45,5,0,0,1258.59,1254.036666666666,1212.2533333333333,1293.48
2023-08-21 06:00:00,1293.48,6,0,0,1311.45,1287.8399999999995,1237.9916666666666,1364.21
2023-08-21 07:00:00,1364.21,7,0,0,1293.48,1323.0466666666662,1272.99,1388.96
2023-08-21 08:00:00,1388.96,8,0,0,1364.21,1348.8833333333328,1301.4599999999998,1401.0
2023-08-21 09:00:00,1401.0,9,0,0,1388.96,1384.7233333333327,1336.2816666666665,1400.31
2023-08-21 10:00:00,1400.31,10,0,0,1401.0,1396.7566666666662,1359.9016666666669,1417.37
2023-08-21 11:00:00,1417.37,11,0,0,1400.31,1406.2266666666662,1377.555,1414.69
2023-08-21 12:00:00,1414.69,12,0,0,1417.37,1410.7899999999993,1397.756666666667,1418.28
2023-08-21 13:00:00,1418.28,13,0,0,1414.69,1416.7799999999995,1406.7683333333334,1418.97
2023-08-21 14:00:00,1418.97,14,0,0,1418.28,1417.3133333333328,1411.7700000000002,1370.9
2023-08-21 15:00:00,1370.9,15,0,0,1418.97,1402.716666666666,1406.7533333333333,1323.64
2023-08-21 16:00:00,1323.64,16,0,0,1370.9,1371.1699999999994,1393.9750000000001,1311.13
2023-08-21 17:00:00,1311.13,17,0,0,1323.64,1335.2233333333327,1376.2683333333334,1289.94
2023-08-21 18:00:00,1289.94,18,0,0,1311.13,1308.236666666666,1355.4766666666667,1246.24
2023-08-21 19:00:00,1246.24,19,0,0,1289.94,1282.436666666666,1326.8033333333333,1220.86
2023-08-21 20:00:00,1220.86,20,0,0,1246.24,1252.3466666666661,1293.785,1196.06
2023-08-21 21:00:00,1196.06,21,0,0,1220.86,1221.0533333333326,1264.645,1181.6
2023-08-21 22:00:00,1181.6,22,0,0,1196.06,1199.506666666666,1240.9716666666666,1158.05
2023-08-21 23:00:00,1158.05,23,0,0,1181.6,1178.5699999999995,1215.4583333333333,1189.76
2023-08-22 00:00:00,1189.76,0,1,0,1158.05,1176.4699999999993,1198.7616666666665,1188.65
2023-08-22 01:00:00,1188.65,1,1,0,1189.76,1178.8199999999995,1189.1633333333332,1215.43
2023-08-22 02:00:00,1215.43,2,1,0,1188.65,1197.946666666666,1188.2583333333332,1229.96
2023-08-22 03:00:00,1229.96,3,1,0,1215.43,1211.3466666666661,1193.9083333333333,1248.61
2023-08-22 04:00:00,1248.61,4,1,0,1229.96,1231.3333333333328,1205.0766666666668,1326.45
2023-08-22 05:00:00,1326.45,5,1,0,1248.61,1268.3399999999995,1233.1433333333334,1337.48
2023-08-22 06:00:00,1337.48,6,1,0,1326.45,1304.1799999999994,1257.7633333333333,1352.17
2023-08-22 07:00:00,1352.17,7,1,0,1337.48,1338.6999999999996,1285.0166666666667,1363.91
2023-08-22 08:00:00,1363.91,8,1,0,1352.17,1351.1866666666663,1309.7633333333333,1424.95
2023-08-22 09:00:00,1424.95,9,1,0,1363.91,1380.343333333333,1342.2616666666668,1425.92
2023-08-22 10:00:00,1425.92,10,1,0,1424.95,1404.9266666666663,1371.8133333333335,1406.2
2023-08-22 11:00:00,1406.2,11,1,0,1425.92,1419.0233333333329,1385.1050000000002,1426.82
2023-08-22 12:00:00,1426.82,12,1,0,1406.2,1419.6466666666663,1399.9950000000001,1421.51
2023-08-22 13:00:00,1421.51,13,1,0,1426.82,1418.176666666666,1411.551666666667,1366.69
2023-08-22 14:00:00,1366.69,14,1,0,1421.51,1405.0066666666662,1412.015,1372.45
2023-08-22 15:00:00,1372.45,15,1,0,1366.69,1386.8833333333325,1403.265,1347.91
2023-08-22 16:00:00,1347.91,16,1,0,1372.45,1362.3499999999995,1390.2633333333333,1306.9
2023-08-22 17:00:00,1306.9,17,1,0,1347.91,1342.4199999999994,1373.7133333333334,1281.88
2023-08-22 18:00:00,1281.88,18,1,0,1306.9,1312.2299999999996,1349.5566666666666,1230.17
2023-08-22 19:00:00,1230.17,19,1,0,1281.88,1272.983333333333,1317.6666666666667,1207.88
2023-08-22 20:00:00,1207.88,20,1,0,1230.17,1239.9766666666662,1291.1983333333335,1202.96
2023-08-22 21:00:00,1202.96,21,1,0,1207.88,1213.6699999999994,1262.95,1171.12
2023-08-22 22:00:00,1171.12,22,1,0,1202.96,1193.986666666666,1233.485,1153.76
2023-08-22 23:00:00,1153.76,23,1,0,1171.12,1175.946666666666,1207.9616666666668,1200.5
2023-08-23 00:00:00,1200.5,0,2,0,1153.76,1175.126666666666,1194.3983333333333,1196.54
2023-08-23 01:00:00,1196.54,1,2,0,1200.5,1183.5999999999995,1188.7933333333333,1188.04
2023-08-23 02:00:00,1188.04,2,2,0,1196.54,1195.026666666666,1185.4866666666665,1208.83
2023-08-23 03:00:00,1208.83,3,2,0,1188.04,1197.8033333333326,1186.465,1282.32
2023-08-23 04:00:00,1282.32,4,2,0,1208.83,1226.3966666666659,1204.9983333333332,1255.47
2023-08-23 05:00:00,1255.47,5,2,0,1282.32,1248.8733333333328,1221.95,1292.2
2023-08-23 06:00:00,1292.2,6,2,0,1255.47,1276.6633333333327,1237.2333333333333,1384.89
2023-08-23 07:00:00,1384.89,7,2,0,1292.2,1310.8533333333328,1268.625,1360.87
2023-08-23 08:00:00,1360.87,8,2,0,1384.89,1345.986666666666,1297.43,1395.89
2023-08-23 09:00:00,1395.89,9,2,0,1360.87,1380.5499999999995,1328.6066666666668,1455.49
2023-08-23 10:00:00,1455.49,10,2,0,1395.89,1404.0833333333328,1357.4683333333332,1398.36
2023-08-23 11:00:00,1398.36,11,2,0,1455.49,1416.5799999999992,1381.2833333333335,1401.58
2023-08-23 12:00:00,1401.58,12,2,0,1398.36,1418.4766666666658,1399.5133333333333,1416.94
2023-08-23 13:00:00,1416.94,13,2,0,1401.58,1405.626666666666,1404.8550000000002,1398.35
2023-08-23 14:00:00,1398.35,14,2,0,1416.94,1405.6233333333328,1411.1016666666667,1368.91
2023-08-23 15:00:00,1368.91,15,2,0,1398.35,1394.733333333333,1406.6049999999998,1322.32
2023-08-23 16:00:00,1322.32,16,2,0,1368.91,1363.1933333333327,1384.4099999999999,1306.99
2023-08-23 17:00:00,1306.99,17,2,0,1322.32,1332.7399999999996,1369.1816666666666,1303.23
2023-08-23 18:00:00,1303.23,18,2,0,1306.99,1310.8466666666661,1352.79,1233.84
2023-08-23 19:00:00,1233.84,19,2,0,1303.23,1281.3533333333328,1322.2733333333333,1238.15
2023-08-23 20:00:00,1238.15,20,2,0,1233.84,1258.406666666666,1295.5733333333333,1202.65
2023-08-23 21:00:00,1202.65,21,2,0,1238.15,1224.8799999999994,1267.8633333333335,1197.43
2023-08-23 22:00:00,1197.43,22,2,0,1202.65,1212.7433333333327,1247.0483333333334,1166.93
2023-08-23 23:00:00,1166.93,23,2,0,1197.43,1189.0033333333329,1223.7050000000002,1186.73
2023-08-24 00:00:00,1186.73,0,3,0,1166.93,1183.696666666666,1204.2883333333332,1167.6
2023-08-24 01:00:00,1167.6,1,3,0,1186.73,1173.7533333333329,1193.2483333333332,1206.97
2023-08-24 02:00:00,1206.97,2,3,0,1167.6,1187.0999999999992,1188.0516666666667,1192.63
2023-08-24 03:00:00,1192.63,3,3,0,1206.97,1189.066666666666,1186.3816666666667,1243.09
2023-08-24 04:00:00,1243.09,4,3,0,1192.63,1214.2299999999996,1193.9916666666668,1276.6
2023-08-24 05:00:00,1276.6,5,3,0,1243.09,1237.4399999999994,1212.27,1354.25
2023-08-24 06:00:00,1354.25,6,3,0,1276.6,1291.3133333333326,1240.1899999999998,1385.7
2023-08-24 07:00:00,1385.7,7,3,0,1354.25,1338.8499999999992,1276.54,1376.44
2023-08-24 08:00:00,1376.44,8,3,0,1385.7,1372.1299999999992,1304.785,1383.28
2023-08-24 09:00:00,1383.28,9,3,0,1376.44,1381.8066666666662,1336.56,1431.05
2023-08-24 10:00:00,1431.05,10,3,0,1383.28,1396.923333333333,1367.8866666666665,1424.11
2023-08-24 11:00:00,1424.11,11,3,0,1431.05,1412.8133333333326,1392.4716666666666,1390.94
2023-08-24 12:00:00,1390.94,12,3,0,1424.11,1415.366666666666,1398.5866666666668,1380.39
2023-08-24 13:00:00,1380.39,13,3,0,1390.94,1398.4799999999996,1397.7016666666668,1408.63
2023-08-24 14:00:00,1408.63,14,3,0,1380.39,1393.3199999999997,1403.0666666666666,1349.02
2023-08-24 15:00:00,1349.02,15,3,0,1408.63,1379.3466666666661,1397.3566666666666,1322.53
2023-08-24 16:00:00,1322.53,16,3,0,1349.02,1360.0599999999995,1379.2699999999998,1325.87
2023-08-24 17:00:00,1325.87,17,3,0,1322.53,1332.4733333333327,1362.8966666666668,1286.06
2023-08-24 18:00:00,1286.06,18,3,0,1325.87,1311.486666666666,1345.4166666666667,1255.53
2023-08-24 19:00:00,1255.53,19,3,0,1286.06,1289.1533333333327,1324.6066666666668,1218.19
2023-08-24 20:00:00,1218.19,20,3,0,1255.53,1253.2599999999995,1292.8666666666666,1202.39
2023-08-24 21:00:00,1202.39,21,3,0,1218.19,1225.3699999999997,1268.4283333333333,1220.87
2023-08-24 22:00:00,1220.87,22,3,0,1202.39,1213.816666666666,1251.485,1157.53
2023-08-24 23:00:00,1157.53,23,3,0,1220.87,1193.5966666666661,1223.4283333333333,1172.3
2023-08-25 00:00:00,1172.3,0,4,0,1157.53,1183.566666666666,1204.4683333333335,1207.55
2023-08-25 01:00:00,1207.55,1,4,0,1172.3,1179.1266666666659,1196.4716666666666,1177.22
2023-08-25 02:00:00,1177.22,2,4,0,1207.55,1185.6899999999994,1189.6433333333334,1209.82
2023-08-25 03:00:00,1209.82,3,4,0,1177.22,1198.196666666666,1190.8816666666667,1272.11
2023-08-25 04:00:00,1272.11,4,4,0,1209.82,1219.716666666666,1199.4216666666666,1283.7
2023-08-25 05:00:00,1283.7,5,4,0,1272.11,1255.2099999999994,1220.45,1320.49
2023-08-25 06:00:00,1320.49,6,4,0,1283.7,1292.0999999999995,1245.1483333333333,1360.94
2023-08-25 07:00:00,1360.94,7,4,0,1320.49,1321.7099999999994,1270.7133333333334,1403.71
2023-08-25 08:00:00,1403.71,8,4,0,1360.94,1361.713333333333,1308.4616666666666,1422.48
2023-08-25 09:00:00,1422.48,9,4,0,1403.71,1395.7099999999994,1343.905,1421.98
2023-08-25 10:00:00,1421.98,10,4,0,1422.48,1416.0566666666662,1368.8833333333332,1419.14
2023-08-25 11:00:00,1419.14,11,4,0,1421.98,1421.1999999999996,1391.4566666666667,1443.26
2023-08-25 12:00:00,1443.26,12,4,0,1419.14,1428.126666666666,1411.9183333333333,1374.72
2023-08-25 13:00:00,1374.72,13,4,0,1443.26,1412.3733333333328,1414.2150000000001,1435.59
2023-08-25 14:00:00,1435.59,14,4,0,1374.72,1417.856666666666,1419.5283333333334,1376.74
2023-08-25 15:00:00,1376.74,15,4,0,1435.59,1395.6833333333325,1411.905,1322.32
2023-08-25 16:00:00,1322.32,16,4,0,1376.74,1378.216666666666,1395.295,1312.03
2023-08-25 17:00:00,1312.03,17,4,0,1322.32,1337.0299999999993,1377.4433333333334,1265.93
2023-08-25 18:00:00,1265.93,18,4,0,1312.03,1300.0933333333326,1347.8883333333333,1278.41
2023-08-25 19:00:00,1278.41,19,4,0,1265.93,1285.4566666666663,1331.8366666666668,1225.73
2023-08-25 20:00:00,1225.73,20,4,0,1278.41,1256.6899999999994,1296.86,1174.03
2023-08-25 21:00:00,1174.03,21,4,0,1225.73,1226.0566666666662,1263.075,1206.27
2023-08-25 22:00:00,1206.27,22,4,0,1174.03,1202.0099999999993,1243.7333333333333,1208.91
2023-08-25 23:00:00,1208.91,23,4,0,1206.27,1196.4033333333327,1226.5466666666666,1164.37
2023-08-26 00:00:00,1164.37,0,5,1,1208.91,1193.1833333333327,1209.6200000000001,1152.28
2023-08-26 01:00:00,1152.28,1,5,1,1164.37,1175.1866666666658,1188.5983333333334,1148.87
2023-08-26 02:00:00,1148.87,2,5,1,1152.28,1155.1733333333325,1175.7883333333332,1192.98
2023-08-26 03:00:00,1192.98,3,5,1,1148.87,1164.7099999999994,1178.9466666666665,1220.61
2023-08-26 04:00:00,1220.61,4,5,1,1192.98,1187.486666666666,1181.3366666666666,1271.66
2023-08-26 05:00:00,1271.66,5,5,1,1220.61,1228.416666666666,1191.795,1294.36
2023-08-26 06:00:00,1294.36,6,5,1,1271.66,1262.2099999999994,1213.46,1306.7
2023-08-26 07:00:00,1306.7,7,5,1,1294.36,1290.906666666666,1239.1966666666665,1363.76
2023-08-26 08:00:00,1363.76,8,5,1,1306.7,1321.6066666666661,1275.0116666666665,1369.53
2023-08-26 09:00:00,1369.53,9,5,1,1363.76,1346.6633333333327,1304.4366666666667,1374.12
2023-08-26 10:00:00,1374.12,10,5,1,1369.53,1369.136666666666,1330.0216666666668,1381.99
2023-08-26 11:00:00,1381.99,11,5,1,1374.12,1375.2133333333325,1348.4099999999999,1428.9
2023-08-26 12:00:00,1428.9,12,5,1,1381.99,1395.0033333333329,1370.8333333333333,1371.21
2023-08-26 13:00:00,1371.21,13,5,1,1428.9,1394.0333333333328,1381.585,1341.47
2023-08-26 14:00:00,1341.47,14,5,1,1371.21,1380.526666666666,1377.87,1354.31
2023-08-26 15:00:00,1354.31,15,5,1,1341.47,1355.6633333333327,1375.3333333333333,1284.86
2023-08-26 16:00:00,1284.86,16,5,1,1354.31,1326.8799999999994,1360.4566666666667,1275.23
2023-08-26 17:00:00,1275.23,17,5,1,1284.86,1304.7999999999995,1342.6633333333334,1263.45
2023-08-26 18:00:00,1263.45,18,5,1,1275.23,1274.5133333333326,1315.0883333333334,1189.19
2023-08-26 19:00:00,1189.19,19,5,1,1263.45,1242.6233333333328,1284.7516666666668,1195.94
2023-08-26 20:00:00,1195.94,20,5,1,1189.19,1216.1933333333327,1260.4966666666667,1228.23
2023-08-26 21:00:00,1228.23,21,5,1,1195.94,1204.453333333333,1239.4833333333333,1160.81
2023-08-26 22:00:00,1160.81,22,5,1,1228.23,1194.9933333333327,1218.8083333333334,1166.34
2023-08-26 23:00:00,1166.34,23,5,1,1160.81,1185.126666666666,1200.66,1152.99
2023-08-27 00:00:00,1152.99,0,6,1,1166.34,1160.046666666666,1182.25,1154.67
2023-08-27 01:00:00,1154.67,1,6,1,1152.99,1157.9999999999993,1176.4966666666667,1176.09
2023-08-27 02:00:00,1176.09,2,6,1,1154.67,1161.2499999999993,1173.1883333333333,1188.1
2023-08-27 03:00:00,1188.1,3,6,1,1176.09,1172.9533333333327,1166.4999999999998,1215.8
2023-08-27 04:00:00,1215.8,4,6,1,1188.1,1193.3299999999992,1175.665,1269.76
2023-08-27 05:00:00,1269.76,5,6,1,1215.8,1224.5533333333326,1192.9016666666666,1305.4
2023-08-27 06:00:00,1305.4,6,6,1,1269.76,1263.6533333333327,1218.3033333333333,1321.11
2023-08-27 07:00:00,1321.11,7,6,1,1305.4,1298.756666666666,1246.0433333333333,1339.96
2023-08-27 08:00:00,1339.96,8,6,1,1321.11,1322.156666666666,1273.3549999999998,1381.55
2023-08-27 09:00:00,1381.55,9,6,1,1339.96,1347.5399999999993,1305.5966666666666,1382.7
2023-08-27 10:00:00,1382.7,10,6,1,1381.55,1368.0699999999995,1333.4133333333332,1392.58
2023-08-27 11:00:00,1392.58,11,6,1,1382.7,1385.6099999999994,1353.8833333333332,1403.25
2023-08-27 12:00:00,1403.25,12,6,1,1392.58,1392.8433333333326,1370.1916666666666,1409.73
2023-08-27 13:00:00,1409.73,13,6,1,1403.25,1401.8533333333328,1384.9616666666668,1343.4
2023-08-27 14:00:00,1343.4,14,6,1,1409.73,1385.4599999999994,1385.535,1363.75
2023-08-27 15:00:00,1363.75,15,6,1,1343.4,1372.2933333333328,1382.5683333333334,1323.17
2023-08-27 16:00:00,1323.17,16,6,1,1363.75,1343.4399999999994,1372.6466666666665,1249.8
2023-08-27 17:00:00,1249.8,17,6,1,1323.17,1312.2399999999996,1348.85,1277.35
2023-08-27 18:00:00,1277.35,18,6,1,1249.8,1283.4399999999994,1327.8666666666668,1226.36
2023-08-27 19:00:00,1226.36,19,6,1,1277.35,1251.1699999999992,1297.305,1205.03
2023-08-27 20:00:00,1205.03,20,6,1,1226.36,1236.246666666666,1274.2433333333333,1167.02
2023-08-27 21:00:00,1167.02,21,6,1,1205.03,1199.4699999999993,1241.455,1164.45
2023-08-27 22:00:00,1164.45,22,6,1,1167.02,1178.8333333333328,1215.0016666666666,1119.95
2023-08-27 23:00:00,1119.95,23,6,1,1164.45,1150.4733333333327,1193.36,1207.17
2023-08-28 00:00:00,1207.17,0,0,0,1119.95,1163.8566666666661,1181.6633333333332,1184.28
2023-08-28 01:00:00,1184.28,1,0,0,1207.17,1170.466666666666,1174.6499999999999,1211.24
2023-08-28 02:00:00,1211.24,2,0,0,1184.28,1200.896666666666,1175.6850000000002,1230.01
2023-08-28 03:00:00,1230.01,3,0,0,1211.24,1208.5099999999993,1186.1833333333334,1291.44
2023-08-28 04:00:00,1291.44,4,0,0,1230.01,1244.2299999999996,1207.3483333333334,1241.93
2023-08-28 05:00:00,1241.93,5,0,0,1291.44,1254.4599999999994,1227.6783333333335,1310.21
2023-08-28 06:00:00,1310.21,6,0,0,1241.93,1281.1933333333327,1244.8516666666667,1349.5
2023-08-28 07:00:00,1349.5,7,0,0,1310.21,1300.5466666666662,1272.3883333333333,1384.53
2023-08-28 08:00:00,1384.53,8,0,0,1349.5,1348.0799999999992,1301.27,1405.01
2023-08-28 09:00:00,1405.01,9,0,0,1384.53,1379.6799999999994,1330.4366666666667,1420.82
2023-08-28 10:00:00,1420.82,10,0,0,1405.01,1403.4533333333327,1352.0,1397.01
2023-08-28 11:00:00,1397.01,11,0,0,1420.82,1407.6133333333328,1377.8466666666666,1431.75
2023-08-28 12:00:00,1431.75,12,0,0,1397.01,1416.526666666666,1398.1033333333332,1388.75
2023-08-28 13:00:00,1388.75,13,0,0,1431.75,1405.8366666666661,1404.6449999999998,1408.81
2023-08-28 14:00:00,1408.81,14,0,0,1388.75,1409.7699999999993,1408.6916666666666,1377.01
2023-08-28 15:00:00,1377.01,15,0,0,1408.81,1391.5233333333326,1404.0249999999999,1340.48
2023-08-28 16:00:00,1340.48,16,0,0,1377.01,1375.4333333333327,1390.635,1299.37
2023-08-28 17:00:00,1299.37,17,0,0,1340.48,1338.9533333333327,1374.3616666666667,1290.59
2023-08-28 18:00:00,1290.59,18,0,0,1299.37,1310.1466666666659,1350.8349999999998,1265.5
2023-08-28 19:00:00,1265.5,19,0,0,1290.59,1285.1533333333327,1330.2933333333333,1228.01
2023-08-28 20:00:00,1228.01,20,0,0,1265.5,1261.366666666666,1300.16,1177.77
2023-08-28 21:00:00,1177.77,21,0,0,1228.01,1223.7599999999993,1266.9533333333331,1176.48
2023-08-28 22:00:00,1176.48,22,0,0,1177.77,1194.0866666666661,1239.6200000000001,1170.18
2023-08-28 23:00:00,1170.18,23,0,0,1176.48,1174.8099999999993,1218.0883333333334,1161.11
2023-08-29 00:00:00,1161.11,0,1,0,1170.18,1169.256666666666,1196.5083333333334,1153.45
2023-08-29 01:00:00,1153.45,1,1,0,1161.11,1161.5799999999995,1177.8333333333333,1195.33
2023-08-29 02:00:00,1195.33,2,1,0,1153.45,1169.9633333333327,1172.3866666666665,1212.01
2023-08-29 03:00:00,1212.01,3,1,0,1195.33,1186.9299999999994,1178.0933333333332,1238.94
2023-08-29 04:00:00,1238.94,4,1,0,1212.01,1215.426666666666,1188.5033333333333,1297.24
2023-08-29 05:00:00,1297.24,5,1,0,1238.94,1249.396666666666,1209.68,1329.19
2023-08-29 06:00:00,1329.19,6,1,0,1297.24,1288.4566666666663,1237.6933333333334,1350.4
2023-08-29 07:00:00,1350.4,7,1,0,1329.19,1325.6099999999994,1270.5183333333334,1401.38
2023-08-29 08:00:00,1401.38,8,1,0,1350.4,1360.3233333333328,1304.8600000000001,1423.18
2023-08-29 09:00:00,1423.18,9,1,0,1401.38,1391.6533333333327,1340.055,1384.57
2023-08-29 10:00:00,1384.57,10,1,0,1423.18,1403.0433333333328,1364.3266666666666,1397.06
2023-08-29 11:00:00,1397.06,11,1,0,1384.57,1401.6033333333326,1380.9633333333334,1412.84
2023-08-29 12:00:00,1412.84,12,1,0,1397.06,1398.1566666666658,1394.905,1435.42
2023-08-29 13:00:00,1435.42,13,1,0,1412.84,1415.106666666666,1409.075,1381.85
2023-08-29 14:00:00,1381.85,14,1,0,1435.42,1410.036666666666,1405.82,1348.52
2023-08-29 15:00:00,1348.52,15,1,0,1381.85,1388.5966666666661,1393.3766666666663,1320.55
2023-08-29 16:00:00,1320.55,16,1,0,1348.52,1350.306666666666,1382.7066666666667,1317.31
2023-08-29 17:00:00,1317.31,17,1,0,1320.55,1328.7933333333326,1369.415,1277.91
2023-08-29 18:00:00,1277.91,18,1,0,1317.31,1305.256666666666,1346.9266666666665,1252.88
2023-08-29 19:00:00,1252.88,19,1,0,1277.91,1282.6999999999996,1316.5033333333333,1228.17
2023-08-29 20:00:00,1228.17,20,1,0,1252.88,1252.986666666666,1290.89,1187.18
2023-08-29 21:00:00,1187.18,21,1,0,1228.17,1222.7433333333329,1264.0,1210.37
2023-08-29 22:00:00,1210.37,22,1,0,1187.18,1208.5733333333328,1245.6366666666665,1137.29
2023-08-29 23:00:00,1137.29,23,1,0,1210.37,1178.2799999999995,1215.6333333333334,1197.91
2023-08-30 00:00:00,1197.91,0,2,0,1137.29,1181.856666666666,1202.3,1196.97
2023-08-30 01:00:00,1196.97,1,2,0,1197.91,1177.3899999999994,1192.9816666666668,1169.98
2023-08-30 02:00:00,1169.98,2,2,0,1196.97,1188.2866666666662,1183.2833333333333,1260.85
2023-08-30 03:00:00,1260.85,3,2,0,1169.98,1209.266666666666,1195.5616666666667,1269.41
2023-08-30 04:00:00,1269.41,4,2,0,1260.85,1233.4133333333327,1205.4016666666666,1264.56
2023-08-30 05:00:00,1264.56,5,2,0,1269.41,1264.9399999999994,1226.6133333333335,1321.83
2023-08-30 06:00:00,1321.83,6,2,0,1264.56,1285.2666666666662,1247.2666666666667,1375.71
2023-08-30 07:00:00,1375.71,7,2,0,1321.83,1320.6999999999996,1277.0566666666666,1388.06
2023-08-30 08:00:00,1388.06,8,2,0,1375.71,1361.8666666666659,1313.4033333333334,1399.37
2023-08-30 09:00:00,1399.37,9,2,0,1388.06,1387.7133333333325,1336.49,1415.33
2023-08-30 10:00:00,1415.33,10,2,0,1399.37,1400.9199999999992,1360.8100000000002,1415.87
2023-08-30 11:00:00,1415.87,11,2,0,1415.33,1410.1899999999994,1386.0283333333334,1435.48
2023-08-30 12:00:00,1435.48,12,2,0,1415.87,1422.2266666666662,1404.97,1422.56
2023-08-30 13:00:00,1422.56,13,2,0,1435.48,1424.636666666666,1412.7783333333334,1366.41
2023-08-30 14:00:00,1366.41,14,2,0,1422.56,1408.1499999999996,1409.17,1382.32
2023-08-30 15:00:00,1382.32,15,2,0,1366.41,1390.4299999999994,1406.3283333333331,1333.82
2023-08-30 16:00:00,1333.82,16,2,0,1382.32,1360.8499999999995,1392.743333333333,1330.35
2023-08-30 17:00:00,1330.35,17,2,0,1333.82,1348.8299999999992,1378.49,1263.4
2023-08-30 18:00:00,1263.4,18,2,0,1330.35,1309.1899999999994,1349.81,1228.97
2023-08-30 19:00:00,1228.97,19,2,0,1263.4,1274.2399999999996,1317.5449999999998,1260.02
2023-08-30 20:00:00,1260.02,20,2,0,1228.97,1250.7966666666662,1299.8133333333333,1197.89
2023-08-30 21:00:00,1197.89,21,2,0,1260.02,1228.9599999999994,1269.075,1175.88
2023-08-30 22:00:00,1175.88,22,2,0,1197.89,1211.2633333333326,1242.7516666666668,1171.99
2023-08-30 23:00:00,1171.99,23,2,0,1175.88,1181.9199999999994,1216.3583333333333,1189.76
2023-08-31 00:00:00,1189.76,0,3,0,1171.99,1179.2099999999994,1204.085,1192.16
2023-08-31 01:00:00,1192.16,1,3,0,1189.76,1184.636666666666,1197.95,1205.4
2023-08-31 02:00:00,1205.4,2,3,0,1192.16,1195.7733333333329,1188.8466666666666,1248.54
2023-08-31 03:00:00,1248.54,3,3,0,1205.4,1215.366666666666,1197.2883333333334,1229.36
2023-08-31 04:00:00,1229.36,4,3,0,1248.54,1227.7666666666662,1206.2016666666666,1286.53
2023-08-31 05:00:00,1286.53,5,3,0,1229.36,1254.8099999999993,1225.2916666666667,1297.1
2023-08-31 06:00:00,1297.1,6,3,0,1286.53,1270.996666666666,1243.1816666666666,1376.32
2023-08-31 07:00:00,1376.32,7,3,0,1297.1,1319.9833333333327,1273.875,1400.24
2023-08-31 08:00:00,1400.24,8,3,0,1376.32,1357.886666666666,1306.3483333333334,1417.5
2023-08-31 09:00:00,1417.5,9,3,0,1400.24,1398.0199999999993,1334.5083333333332,1414.31
2023-08-31 10:00:00,1414.31,10,3,0,1417.5,1410.6833333333327,1365.3333333333333,1430.83
2023-08-31 11:00:00,1430.83,11,3,0,1414.31,1420.8799999999994,1389.3833333333332,1418.49
2023-08-31 12:00:00,1418.49,12,3,0,1430.83,1421.2099999999994,1409.615,1423.12
2023-08-31 13:00:00,1423.12,13,3,0,1418.49,1424.1466666666659,1417.415,1387.2
2023-08-31 14:00:00,1387.2,14,3,0,1423.12,1409.6033333333326,1415.2416666666668,1376.9
2023-08-31 15:00:00,1376.9,15,3,0,1387.2,1395.7399999999996,1408.4750000000001,1334.37
2023-08-31 16:00:00,1334.37,16,3,0,1376.9,1366.156666666666,1395.1516666666666,1330.37
2023-08-31 17:00:00,1330.37,17,3,0,1334.37,1347.213333333333,1378.4083333333335,1285.06
2023-08-31 18:00:00,1285.06,18,3,0,1330.37,1316.5999999999992,1356.17,1251.78
2023-08-31 19:00:00,1251.78,19,3,0,1285.06,1289.0699999999993,1327.6133333333335,1232.01
2023-08-31 20:00:00,1232.01,20,3,0,1251.78,1256.2833333333328,1301.7483333333332,1200.54
2023-08-31 21:00:00,1200.54,21,3,0,1232.01,1228.1099999999994,1272.3549999999998,1177.17
2023-08-31 22:00:00,1177.17,22,3,0,1200.54,1203.2399999999996,1246.155,1203.3
2023-08-31 23:00:00,1203.3,23,3,0,1177.17,1193.6699999999994,1224.9766666666667,1184.32
2023-09-01 00:00:00,1184.32,0,4,0,1203.3,1188.2633333333326,1208.1866666666665,1202.18
2023-09-01 01:00:00,1202.18,1,4,0,1184.32,1196.5999999999995,1199.9199999999998,1195.83
2023-09-01 02:00:00,1195.83,2,4,0,1202.18,1194.1099999999994,1193.89,1253.81
2023-09-01 03:00:00,1253.81,3,4,0,1195.83,1217.2733333333329,1202.7683333333332,1275.38
2023-09-01 04:00:00,1275.38,4,4,0,1253.81,1241.6733333333327,1219.1366666666668,1289.19
2023-09-01 05:00:00,1289.19,5,4,0,1275.38,1272.7933333333328,1233.4516666666666,1319.46
2023-09-01 06:00:00,1319.46,6,4,0,1289.19,1294.676666666666,1255.975,1354.73
2023-09-01 07:00:00,1354.73,7,4,0,1319.46,1321.126666666666,1281.4,1323.3
2023-09-01 08:00:00,1323.3,8,4,0,1354.73,1332.496666666666,1302.6450000000002,1409.07
2023-09-01 09:00:00,1409.07,9,4,0,1323.3,1362.366666666666,1328.5216666666668,1395.2
2023-09-01 10:00:00,1395.2,10,4,0,1409.07,1375.856666666666,1348.4916666666666,1438.07
2023-09-01 11:00:00,1438.07,11,4,0,1395.2,1414.1133333333328,1373.305,1426.78
2023-09-01 12:00:00,1426.78,12,4,0,1438.07,1420.0166666666662,1391.1916666666666,1414.95
2023-09-01 13:00:00,1414.95,13,4,0,1426.78,1426.5999999999995,1401.2283333333332,1437.92
2023-09-01 14:00:00,1437.92,14,4,0,1414.95,1426.5499999999993,1420.3316666666667,1344.52
2023-09-01 15:00:00,1344.52,15,4,0,1437.92,1399.1299999999994,1409.5733333333335,1328.2
2023-09-01 16:00:00,1328.2,16,4,0,1344.52,1370.213333333333,1398.4066666666668,1304.47
2023-09-01 17:00:00,1304.47,17,4,0,1328.2,1325.7299999999993,1376.14,1265.57
2023-09-01 18:00:00,1265.57,18,4,0,1304.47,1299.4133333333327,1349.2716666666665,1241.2
2023-09-01 19:00:00,1241.2,19,4,0,1265.57,1270.4133333333327,1320.3133333333333,1193.81
2023-09-01 20:00:00,1193.81,20,4,0,1241.2,1233.526666666666,1279.6283333333333,1198.86
2023-09-01 21:00:00,1198.86,21,4,0,1193.81,1211.2899999999993,1255.3516666666667,1177.2
2023-09-01 22:00:00,1177.2,22,4,0,1198.86,1189.956666666666,1230.185,1177.65
2023-09-01 23:00:00,1177.65,23,4,0,1177.2,1184.5699999999995,1209.0483333333334,1131.27
2023-09-02 00:00:00,1131.27,0,5,1,1177.65,1162.0399999999995,1186.665,1141.47
2023-09-02 01:00:00,1141.47,1,5,1,1131.27,1150.1299999999994,1170.0433333333333,1180.86
2023-09-02 02:00:00,1180.86,2,5,1,1141.47,1151.1999999999994,1167.885,1223.27
2023-09-02 03:00:00,1223.27,3,5,1,1180.86,1181.866666666666,1171.9533333333334,1238.75
2023-09-02 04:00:00,1238.75,4,5,1,1223.27,1214.2933333333328,1182.2116666666666,1266.18
2023-09-02 05:00:00,1266.18,5,5,1,1238.75,1242.7333333333327,1196.9666666666667,1316.16
2023-09-02 06:00:00,1316.16,6,5,1,1266.18,1273.696666666666,1227.7816666666665,1314.8
2023-09-02 07:00:00,1314.8,7,5,1,1316.16,1299.0466666666662,1256.6699999999998,1385.95
2023-09-02 08:00:00,1385.95,8,5,1,1314.8,1338.9699999999993,1290.8516666666667,1372.51
2023-09-02 09:00:00,1372.51,9,5,1,1385.95,1357.7533333333329,1315.7250000000001,1441.65
2023-09-02 10:00:00,1441.65,10,5,1,1372.51,1400.036666666666,1349.5416666666667,1398.62
2023-09-02 11:00:00,1398.62,11,5,1,1441.65,1404.2599999999993,1371.615,1411.97
2023-09-02 12:00:00,1411.97,12,5,1,1398.62,1417.4133333333327,1387.5833333333333,1369.13
2023-09-02 13:00:00,1369.13,13,5,1,1411.97,1393.2399999999996,1396.6383333333333,1366.27
2023-09-02 14:00:00,1366.27,14,5,1,1369.13,1382.4566666666663,1393.3583333333333,1352.01
2023-09-02 15:00:00,1352.01,15,5,1,1366.27,1362.4699999999993,1389.9416666666666,1300.95
2023-09-02 16:00:00,1300.95,16,5,1,1352.01,1339.7433333333327,1366.4916666666668,1262.42
2023-09-02 17:00:00,1262.42,17,5,1,1300.95,1305.126666666666,1343.7916666666667,1289.03
2023-09-02 18:00:00,1289.03,18,5,1,1262.42,1284.1333333333325,1323.3016666666667,1268.83
2023-09-02 19:00:00,1268.83,19,5,1,1289.03,1273.426666666666,1306.585,1209.99
2023-09-02 20:00:00,1209.99,20,5,1,1268.83,1255.9499999999994,1280.5383333333332,1172.1
2023-09-02 21:00:00,1172.1,21,5,1,1209.99,1216.9733333333327,1250.5533333333333,1162.1
2023-09-02 22:00:00,1162.1,22,5,1,1172.1,1181.396666666666,1227.4116666666666,1148.28
2023-09-02 23:00:00,1148.28,23,5,1,1162.1,1160.826666666666,1208.3883333333333,1113.09
2023-09-03 00:00:00,1113.09,0,6,1,1148.28,1141.156666666666,1179.0649999999998,1196.29
2023-09-03 01:00:00,1196.29,1,6,1,1113.09,1152.5533333333326,1166.975,1175.5
2023-09-03 02:00:00,1175.5,2,6,1,1196.29,1161.626666666666,1161.2266666666667,1234.95
2023-09-03 03:00:00,1234.95,3,6,1,1175.5,1202.246666666666,1171.7016666666666,1114.08
2023-09-03 04:00:00,1114.08,4,6,1,1234.95,1174.8433333333326,1163.6983333333335,1156.53
2023-09-03 05:00:00,1156.53,5,6,1,1114.08,1168.5199999999993,1165.0733333333333,1312.42
2023-09-03 06:00:00,1312.42,6,6,1,1156.53,1194.3433333333326,1198.295,1362.98
2023-09-03 07:00:00,1362.98,7,6,1,1312.42,1277.3099999999993,1226.0766666666666,1374.92
2023-09-03 08:00:00,1374.92,8,6,1,1362.98,1350.1066666666661,1259.3133333333333,1359.53
2023-09-03 09:00:00,1359.53,9,6,1,1374.92,1365.8099999999995,1280.0766666666668,1368.97
2023-09-03 10:00:00,1368.97,10,6,1,1359.53,1367.8066666666662,1322.5583333333334,1378.16
2023-09-03 11:00:00,1378.16,11,6,1,1368.97,1368.886666666666,1359.4966666666667,1400.5
2023-09-03 12:00:00,1400.5,12,6,1,1378.16,1382.5433333333328,1374.1766666666665,1374.68
2023-09-03 13:00:00,1374.68,13,6,1,1400.5,1384.446666666666,1376.1266666666668,1376.18
2023-09-03 14:00:00,1376.18,14,6,1,1374.68,1383.7866666666662,1376.3366666666668,1364.55
2023-09-03 15:00:00,1364.55,15,6,1,1376.18,1371.8033333333326,1377.1733333333332,1327.24
2023-09-03 16:00:00,1327.24,16,6,1,1364.55,1355.9899999999996,1370.2183333333335,1243.08
2023-09-03 17:00:00,1243.08,17,6,1,1327.24,1311.6233333333328,1347.7050000000002,1261.73
2023-09-03 18:00:00,1261.73,18,6,1,1243.08,1277.3499999999995,1324.5766666666666,1254.29
2023-09-03 19:00:00,1254.29,19,6,1,1261.73,1253.0333333333328,1304.5116666666665,1235.32
2023-09-03 20:00:00,1235.32,20,6,1,1254.29,1250.446666666666,1281.035,1167.39
2023-09-03 21:00:00,1167.39,21,6,1,1235.32,1218.9999999999993,1248.175,1192.69
2023-09-03 22:00:00,1192.69,22,6,1,1167.39,1198.466666666666,1225.75,1166.15
2023-09-03 23:00:00,1166.15,23,6,1,1192.69,1175.4099999999996,1212.9283333333333,1194.21
2023-09-04 00:00:00,1194.21,0,0,0,1166.15,1184.3499999999995,1201.6750000000002,1176.83
2023-09-04 01:00:00,1176.83,1,0,0,1194.21,1179.0633333333328,1188.765,1235.35
2023-09-04 02:00:00,1235.35,2,0,0,1176.83,1202.1299999999992,1188.77,1259.87
2023-09-04 03:00:00,1259.87,3,0,0,1235.35,1224.0166666666657,1204.1833333333332,1234.86
2023-09-04 04:00:00,1234.86,4,0,0,1259.87,1243.3599999999992,1211.2116666666666,1274.76
2023-09-04 05:00:00,1274.76,5,0,0,1234.86,1256.496666666666,1229.3133333333333,1334.2
2023-09-04 06:00:00,1334.2,6,0,0,1274.76,1281.2733333333326,1252.645,1394.2
2023-09-04 07:00:00,1394.2,7,0,0,1334.2,1334.386666666666,1288.8733333333332,1351.3
2023-09-04 08:00:00,1351.3,8,0,0,1394.2,1359.8999999999994,1308.1983333333333,1395.83
2023-09-04 09:00:00,1395.83,9,0,0,1351.3,1380.4433333333327,1330.8583333333333,1396.99
2023-09-04 10:00:00,1396.99,10,0,0,1395.83,1381.3733333333328,1357.88,1427.61
2023-09-04 11:00:00,1427.61,11,0,0,1396.99,1406.8099999999995,1383.3549999999998,1405.67
2023-09-04 12:00:00,1405.67,12,0,0,1427.61,1410.0899999999995,1395.2666666666667,1398.92
2023-09-04 13:00:00,1398.92,13,0,0,1405.67,1410.733333333333,1396.0533333333333,1358.61
2023-09-04 14:00:00,1358.61,14,0,0,1398.92,1387.7333333333327,1397.2716666666668,1365.54
2023-09-04 15:00:00,1365.54,15,0,0,1358.61,1374.356666666666,1392.2233333333334,1354.46
2023-09-04 16:00:00,1354.46,16,0,0,1365.54,1359.536666666666,1385.1350000000002,1304.2
2023-09-04 17:00:00,1304.2,17,0,0,1354.46,1341.3999999999994,1364.5666666666666,1298.44
2023-09-04 18:00:00,1298.44,18,0,0,1304.2,1319.0333333333326,1346.695,1231.02
2023-09-04 19:00:00,1231.02,19,0,0,1298.44,1277.886666666666,1318.7116666666666,1243.75
2023-09-04 20:00:00,1243.75,20,0,0,1231.02,1257.736666666666,1299.5683333333334,1203.85
2023-09-04 21:00:00,1203.85,21,0,0,1243.75,1226.206666666666,1272.6200000000001,1169.28
2023-09-04 22:00:00,1169.28,22,0,0,1203.85,1205.626666666666,1241.7566666666667,1180.01
2023-09-04 23:00:00,1180.01,23,0,0,1169.28,1184.3799999999994,1221.0583333333334,1180.63
2023-09-05 00:00:00,1180.63,0,1,0,1180.01,1176.6399999999994,1201.4233333333334,1180.87
2023-09-05 01:00:00,1180.87,1,1,0,1180.63,1180.5033333333329,1193.065,1190.29
2023-09-05 02:00:00,1190.29,2,1,0,1180.87,1183.9299999999994,1184.155,1222.73
2023-09-05 03:00:00,1222.73,3,1,0,1190.29,1197.9633333333327,1187.3016666666665,1250.48
2023-09-05 04:00:00,1250.48,4,1,0,1222.73,1221.166666666666,1200.835,1289.48
2023-09-05 05:00:00,1289.48,5,1,0,1250.48,1254.2299999999993,1219.08,1317.46
2023-09-05 06:00:00,1317.46,6,1,0,1289.48,1285.8066666666662,1241.885,1348.09
2023-09-05 07:00:00,1348.09,7,1,0,1317.46,1318.3433333333326,1269.7549999999999,1330.93
2023-09-05 08:00:00,1330.93,8,1,0,1348.09,1332.1599999999994,1293.195,1392.47
2023-09-05 09:00:00,1392.47,9,1,0,1330.93,1357.1633333333327,1321.485,1391.85
2023-09-05 10:00:00,1391.85,10,1,0,1392.47,1371.7499999999993,1345.0466666666666,1368.99
2023-09-05 11:00:00,1368.99,11,1,0,1391.85,1384.4366666666658,1358.2983333333334,1426.46
2023-09-05 12:00:00,1426.46,12,1,0,1368.99,1395.7666666666657,1376.4650000000001,1425.75
2023-09-05 13:00:00,1425.75,13,1,0,1426.46,1407.0666666666664,1389.4083333333335,1405.82
2023-09-05 14:00:00,1405.82,14,1,0,1425.75,1419.3433333333326,1401.89,1325.37
2023-09-05 15:00:00,1325.37,15,1,0,1405.82,1385.6466666666659,1390.7066666666667,1333.26
2023-09-05 16:00:00,1333.26,16,1,0,1325.37,1354.816666666666,1380.9416666666666,1299.03
2023-09-05 17:00:00,1299.03,17,1,0,1333.26,1319.2199999999993,1369.2816666666668,1250.98
2023-09-05 18:00:00,1250.98,18,1,0,1299.03,1294.423333333333,1340.035,1248.11
2023-09-05 19:00:00,1248.11,19,1,0,1250.98,1266.0399999999993,1310.4283333333333,1218.25
2023-09-05 20:00:00,1218.25,20,1,0,1248.11,1239.1133333333328,1279.1666666666667,1197.44
2023-09-05 21:00:00,1197.44,21,1,0,1218.25,1221.266666666666,1257.845,1161.08
2023-09-05 22:00:00,1161.08,22,1,0,1197.44,1192.256666666666,1229.1483333333333,1161.09
2023-09-05 23:00:00,1161.09,23,1,0,1161.08,1173.2033333333327,1206.1583333333335,1170.69
2023-09-06 00:00:00,1170.69,0,2,0,1161.09,1164.286666666666,1192.7766666666666,1208.85
2023-09-06 01:00:00,1208.85,1,2,0,1170.69,1180.2099999999994,1186.2333333333333,1183.06
2023-09-06 02:00:00,1183.06,2,2,0,1208.85,1187.5333333333326,1180.3683333333333,1216.68
2023-09-06 03:00:00,1216.68,3,2,0,1183.06,1202.8633333333328,1183.575,1254.97
2023-09-06 04:00:00,1254.97,4,2,0,1216.68,1218.236666666666,1199.2233333333334,1293.11
2023-09-06 05:00:00,1293.11,5,2,0,1254.97,1254.9199999999994,1221.2266666666667,1324.03
2023-09-06 06:00:00,1324.03,6,2,0,1293.11,1290.7033333333327,1246.7833333333333,1346.33
2023-09-06 07:00:00,1346.33,7,2,0,1324.03,1321.1566666666658,1269.6966666666667,1386.58
2023-09-06 08:00:00,1386.58,8,2,0,1346.33,1352.3133333333326,1303.6166666666666,1395.24
2023-09-06 09:00:00,1395.24,9,2,0,1386.58,1376.0499999999993,1333.3766666666666,1439.55
2023-09-06 10:00:00,1439.55,10,2,0,1395.24,1407.1233333333328,1364.1399999999999,1409.64
2023-09-06 11:00:00,1409.64,11,2,0,1439.55,1414.8099999999995,1383.5616666666665,1419.73
2023-09-06 12:00:00,1419.73,12,2,0,1409.64,1422.9733333333327,1399.5116666666665,1424.56
2023-09-06 13:00:00,1424.56,13,2,0,1419.73,1417.9766666666662,1412.55,1394.46
2023-09-06 14:00:00,1394.46,14,2,0,1424.56,1412.916666666666,1413.8633333333335,1378.32
2023-09-06 15:00:00,1378.32,15,2,0,1394.46,1399.1133333333328,1411.0433333333333,1364.05
2023-09-06 16:00:00,1364.05,16,2,0,1378.32,1378.9433333333327,1398.46,1302.15
2023-09-06 17:00:00,1302.15,17,2,0,1364.05,1348.1733333333327,1380.545,1318.57
2023-09-06 18:00:00,1318.57,18,2,0,1302.15,1328.256666666666,1363.6850000000002,1247.25
2023-09-06 19:00:00,1247.25,19,2,0,1318.57,1289.3233333333328,1334.1333333333332,1241.17
2023-09-06 20:00:00,1241.17,20,2,0,1247.25,1268.996666666666,1308.585,1172.31
2023-09-06 21:00:00,1172.31,21,2,0,1241.17,1220.2433333333329,1274.25,1207.86
2023-09-06 22:00:00,1207.86,22,2,0,1172.31,1207.1133333333328,1248.2183333333332,1200.09
2023-09-06 23:00:00,1200.09,23,2,0,1207.86,1193.4199999999994,1231.2083333333333,1167.24
2023-09-07 00:00:00,1167.24,0,3,0,1200.09,1191.7299999999993,1205.9866666666667,1185.16
2023-09-07 01:00:00,1185.16,1,3,0,1167.24,1184.1633333333327,1195.6383333333333,1232.55
2023-09-07 02:00:00,1232.55,2,3,0,1185.16,1194.9833333333327,1194.2016666666666,1231.57
2023-09-07 03:00:00,1231.57,3,3,0,1232.55,1216.426666666666,1204.0783333333331,1267.49
2023-09-07 04:00:00,1267.49,4,3,0,1231.57,1243.8699999999994,1214.0166666666667,1278.26
2023-09-07 05:00:00,1278.26,5,3,0,1267.49,1259.106666666666,1227.045,1313.65
2023-09-07 06:00:00,1313.65,6,3,0,1278.26,1286.4666666666662,1251.4466666666667,1355.51
2023-09-07 07:00:00,1355.51,7,3,0,1313.65,1315.8066666666662,1279.8383333333334,1377.06
2023-09-07 08:00:00,1377.06,8,3,0,1355.51,1348.7399999999993,1303.9233333333334,1406.29
2023-09-07 09:00:00,1406.29,9,3,0,1377.06,1379.6199999999992,1333.0433333333333,1459.01
2023-09-07 10:00:00,1459.01,10,3,0,1406.29,1414.1199999999992,1364.9633333333334,1395.32
2023-09-07 11:00:00,1395.32,11,3,0,1459.01,1420.206666666666,1384.4733333333334,1450.0
2023-09-07 12:00:00,1450.0,12,3,0,1395.32,1434.776666666666,1407.1983333333335,1385.12
2023-09-07 13:00:00,1385.12,13,3,0,1450.0,1410.1466666666659,1412.1333333333332,1378.48
2023-09-07 14:00:00,1378.48,14,3,0,1385.12,1404.5333333333328,1412.37,1351.13
2023-09-07 15:00:00,1351.13,15,3,0,1378.48,1371.576666666666,1403.1766666666665,1359.73
2023-09-07 16:00:00,1359.73,16,3,0,1351.13,1363.1133333333328,1386.63,1334.75
2023-09-07 17:00:00,1334.75,17,3,0,1359.73,1348.5366666666662,1376.535,1285.1
2023-09-07 18:00:00,1285.1,18,3,0,1334.75,1326.526666666666,1349.0516666666667,1291.01
2023-09-07 19:00:00,1291.01,19,3,0,1285.1,1303.6199999999992,1333.3666666666668,1200.82
2023-09-07 20:00:00,1200.82,20,3,0,1291.01,1258.976666666666,1303.7566666666667,1238.65
2023-09-07 21:00:00,1238.65,21,3,0,1200.82,1243.4933333333327,1285.01,1166.38
2023-09-07 22:00:00,1166.38,22,3,0,1238.65,1201.9499999999996,1252.785,1171.68
2023-09-07 23:00:00,1171.68,23,3,0,1166.38,1192.236666666666,1225.6066666666668,1174.35
2023-09-08 00:00:00,1174.35,0,4,0,1171.68,1170.8033333333326,1207.1483333333333,1198.1
2023-09-08 01:00:00,1198.1,1,4,0,1174.35,1181.376666666666,1191.6633333333332,1210.45
2023-09-08 02:00:00,1210.45,2,4,0,1198.1,1194.2999999999993,1193.2683333333332,1241.52
2023-09-08 03:00:00,1241.52,3,4,0,1210.45,1216.6899999999994,1193.7466666666667,1254.6
2023-09-08 04:00:00,1254.6,4,4,0,1241.52,1235.5233333333329,1208.45,1298.54
2023-09-08 05:00:00,1298.54,5,4,0,1254.6,1264.886666666666,1229.5933333333332,1298.37
2023-09-08 06:00:00,1298.37,6,4,0,1298.54,1283.836666666666,1250.263333333333,1314.5
2023-09-08 07:00:00,1314.5,7,4,0,1298.37,1303.8033333333326,1269.6633333333332,1377.11
2023-09-08 08:00:00,1377.11,8,4,0,1314.5,1329.9933333333327,1297.4399999999998,1410.67
2023-09-08 09:00:00,1410.67,9,4,0,1377.11,1367.426666666666,1325.6316666666664,1419.87
2023-09-08 10:00:00,1419.87,10,4,0,1410.67,1402.5499999999993,1353.1766666666665,1423.6
2023-09-08 11:00:00,1423.6,11,4,0,1419.87,1418.0466666666662,1374.0199999999998,1389.83
2023-09-08 12:00:00,1389.83,12,4,0,1423.6,1411.0999999999995,1389.2633333333333,1415.29
2023-09-08 13:00:00,1415.29,13,4,0,1389.83,1409.5733333333328,1406.0616666666665,1395.32
2023-09-08 14:00:00,1395.32,14,4,0,1415.29,1400.1466666666659,1409.0966666666666,1362.4
2023-09-08 15:00:00,1362.4,15,4,0,1395.32,1391.0033333333329,1401.0516666666665,1352.83
2023-09-08 16:00:00,1352.83,16,4,0,1362.4,1370.1833333333325,1389.8783333333333,1319.01
2023-09-08 17:00:00,1319.01,17,4,0,1352.83,1344.746666666666,1372.4466666666667,1300.96
2023-09-08 18:00:00,1300.96,18,4,0,1319.01,1324.2666666666662,1357.635,1232.83
2023-09-08 19:00:00,1232.83,19,4,0,1300.96,1284.2666666666662,1327.2250000000001,1250.42
2023-09-08 20:00:00,1250.42,20,4,0,1232.83,1261.4033333333327,1303.075,1210.41
2023-09-08 21:00:00,1210.41,21,4,0,1250.42,1231.2199999999993,1277.7433333333333,1171.13
2023-09-08 22:00:00,1171.13,22,4,0,1210.41,1210.6533333333327,1247.46,1169.16
2023-09-08 23:00:00,1169.16,23,4,0,1171.13,1183.566666666666,1222.485,1183.19
2023-09-09 00:00:00,1183.19,0,5,1,1169.16,1174.4933333333329,1202.8566666666668,1167.4
2023-09-09 01:00:00,1167.4,1,5,1,1183.19,1173.2499999999993,1191.9516666666668,1185.31
2023-09-09 02:00:00,1185.31,2,5,1,1167.4,1178.633333333333,1181.1000000000001,1216.96
2023-09-09 03:00:00,1216.96,3,5,1,1185.31,1189.8899999999994,1182.1916666666666,1235.37
2023-09-09 04:00:00,1235.37,4,5,1,1216.96,1212.5466666666662,1192.8983333333333,1276.35
2023-09-09 05:00:00,1276.35,5,5,1,1235.37,1242.8933333333325,1210.7633333333333,1256.99
2023-09-09 06:00:00,1256.99,6,5,1,1276.35,1256.236666666666,1223.0633333333333,1306.5
2023-09-09 07:00:00,1306.5,7,5,1,1256.99,1279.946666666666,1246.2466666666667,1335.54
2023-09-09 08:00:00,1335.54,8,5,1,1306.5,1299.676666666666,1271.285,1378.3
2023-09-09 09:00:00,1378.3,9,5,1,1335.54,1340.1133333333328,1298.175,1388.44
2023-09-09 10:00:00,1388.44,10,5,1,1378.3,1367.426666666666,1323.6866666666667,1399.26
2023-09-09 11:00:00,1399.26,11,5,1,1388.44,1388.666666666666,1344.1716666666666,1397.52
2023-09-09 12:00:00,1397.52,12,5,1,1399.26,1395.0733333333326,1367.5933333333332,1388.11
2023-09-09 13:00:00,1388.11,13,5,1,1397.52,1394.963333333333,1381.195,1379.38
2023-09-09 14:00:00,1379.38,14,5,1,1388.11,1388.3366666666661,1388.5016666666668,1387.81
2023-09-09 15:00:00,1387.81,15,5,1,1379.38,1385.0999999999995,1390.0866666666668,1324.99
2023-09-09 16:00:00,1324.99,16,5,1,1387.81,1364.0599999999995,1379.5116666666665,1299.59
2023-09-09 17:00:00,1299.59,17,5,1,1324.99,1337.463333333333,1362.8999999999999,1276.63
2023-09-09 18:00:00,1276.63,18,5,1,1299.59,1300.4033333333327,1342.7516666666668,1241.16
2023-09-09 19:00:00,1241.16,19,5,1,1276.63,1272.4599999999994,1318.26,1183.59
2023-09-09 20:00:00,1183.59,20,5,1,1241.16,1233.7933333333328,1285.6283333333333,1200.74
2023-09-09 21:00:00,1200.74,21,5,1,1183.59,1208.496666666666,1254.45,1152.22
2023-09-09 22:00:00,1152.22,22,5,1,1200.74,1178.8499999999995,1225.655,1158.26
2023-09-09 23:00:00,1158.26,23,5,1,1152.22,1170.406666666666,1202.1,1117.94
2023-09-10 00:00:00,1117.94,0,6,1,1158.26,1142.8066666666662,1175.6516666666666,1171.8
2023-09-10 01:00:00,1171.8,1,6,1,1117.94,1149.3333333333328,1164.0916666666665,1181.39
2023-09-10 02:00:00,1181.39,2,6,1,1171.8,1157.0433333333328,1163.725,1220.93
2023-09-10 03:00:00,1220.93,3,6,1,1181.39,1191.3733333333328,1167.09,1224.46
2023-09-10 04:00:00,1224.46,4,6,1,1220.93,1208.926666666666,1179.1299999999999,1275.76
2023-09-10 05:00:00,1275.76,5,6,1,1224.46,1240.3833333333328,1198.7133333333334,1275.86
2023-09-10 06:00:00,1275.86,6,6,1,1275.76,1258.6933333333327,1225.0333333333333,1330.62
2023-09-10 07:00:00,1330.62,7,6,1,1275.86,1294.0799999999992,1251.5033333333333,1329.63
2023-09-10 08:00:00,1329.63,8,6,1,1330.62,1312.036666666666,1276.21,1380.76
2023-09-10 09:00:00,1380.76,9,6,1,1329.63,1347.0033333333329,1302.8483333333334,1418.86
2023-09-10 10:00:00,1418.86,10,6,1,1380.76,1376.416666666666,1335.2483333333332,1362.99
2023-09-10 11:00:00,1362.99,11,6,1,1418.86,1387.5366666666662,1349.7866666666666,1372.47
2023-09-10 12:00:00,1372.47,12,6,1,1362.99,1384.7733333333326,1365.8883333333333,1379.78
2023-09-10 13:00:00,1379.78,13,6,1,1372.47,1371.746666666666,1374.0816666666667,1345.98
2023-09-10 14:00:00,1345.98,14,6,1,1379.78,1366.076666666666,1376.8066666666666,1329.97
2023-09-10 15:00:00,1329.97,15,6,1,1345.98,1351.9099999999992,1368.3416666666665,1316.46
2023-09-10 16:00:00,1316.46,16,6,1,1329.97,1330.8033333333326,1351.2749999999999,1269.25
2023-09-10 17:00:00,1269.25,17,6,1,1316.46,1305.2266666666662,1335.6516666666666,1240.4
2023-09-10 18:00:00,1240.4,18,6,1,1269.25,1275.3699999999992,1313.64,1231.96
2023-09-10 19:00:00,1231.96,19,6,1,1240.4,1247.2033333333327,1289.0033333333333,1194.95
2023-09-10 20:00:00,1194.95,20,6,1,1231.96,1222.436666666666,1263.8316666666667,1174.85
2023-09-10 21:00:00,1174.85,21,6,1,1194.95,1200.586666666666,1237.9783333333335,1166.02
2023-09-10 22:00:00,1166.02,22,6,1,1174.85,1178.6066666666661,1212.905,1177.73
2023-09-10 23:00:00,1177.73,23,6,1,1166.02,1172.866666666666,1197.6516666666669,1163.96
2023-09-11 00:00:00,1163.96,0,0,0,1177.73,1169.236666666666,1184.9116666666666,1163.51
2023-09-11 01:00:00,1163.51,1,0,0,1163.96,1168.3999999999994,1173.5033333333333,1233.81
2023-09-11 02:00:00,1233.81,2,0,0,1163.51,1187.0933333333326,1179.98,1220.33
2023-09-11 03:00:00,1220.33,3,0,0,1233.81,1205.8833333333325,1187.56,1268.37
2023-09-11 04:00:00,1268.37,4,0,0,1220.33,1240.836666666666,1204.6183333333333,1309.98
2023-09-11 05:00:00,1309.98,5,0,0,1268.37,1266.2266666666662,1226.6599999999999,1291.76
2023-09-11 06:00:00,1291.76,6,0,0,1309.98,1290.0366666666662,1247.9599999999998,1358.58
2023-09-11 07:00:00,1358.58,7,0,0,1291.76,1320.106666666666,1280.4716666666666,1391.85
2023-09-11 08:00:00,1391.85,8,0,0,1358.58,1347.396666666666,1306.8116666666667,1399.75
2023-09-11 09:00:00,1399.75,9,0,0,1391.85,1383.3933333333327,1336.715,1423.91
2023-09-11 10:00:00,1423.91,10,0,0,1399.75,1405.1699999999994,1362.6383333333333,1430.96
2023-09-11 11:00:00,1430.96,11,0,0,1423.91,1418.206666666666,1382.801666666667,1419.04
2023-09-11 12:00:00,1419.04,12,0,0,1430.96,1424.636666666666,1404.015,1380.83
2023-09-11 13:00:00,1380.83,13,0,0,1419.04,1410.276666666666,1407.7233333333334,1400.08
2023-09-11 14:00:00,1400.08,14,0,0,1380.83,1399.9833333333327,1409.095,1350.96
2023-09-11 15:00:00,1350.96,15,0,0,1400.08,1377.2899999999993,1400.9633333333331,1344.66
2023-09-11 16:00:00,1344.66,16,0,0,1350.96,1365.233333333333,1387.755,1306.71
2023-09-11 17:00:00,1306.71,17,0,0,1344.66,1334.1099999999994,1367.0466666666669,1252.47
2023-09-11 18:00:00,1252.47,18,0,0,1306.71,1301.2799999999995,1339.285,1262.51
2023-09-11 19:00:00,1262.51,19,0,0,1252.47,1273.896666666666,1319.565,1239.01
2023-09-11 20:00:00,1239.01,20,0,0,1262.51,1251.3299999999992,1292.72,1162.69
2023-09-11 21:00:00,1162.69,21,0,0,1239.01,1221.4033333333327,1261.3416666666667,1196.2
2023-09-11 22:00:00,1196.2,22,0,0,1162.69,1199.2999999999995,1236.5983333333334,1187.25
2023-09-11 23:00:00,1187.25,23,0,0,1196.2,1182.0466666666662,1216.6883333333333,1151.81
2023-09-12 00:00:00,1151.81,0,1,0,1187.25,1178.4199999999994,1199.9116666666666,1213.84
2023-09-12 01:00:00,1213.84,1,1,0,1151.81,1184.2999999999993,1191.8,1176.9
2023-09-12 02:00:00,1176.9,2,1,0,1213.84,1180.8499999999995,1181.4483333333333,1253.45
2023-09-12 03:00:00,1253.45,3,1,0,1176.9,1214.7299999999993,1196.575,1265.31
2023-09-12 04:00:00,1265.31,4,1,0,1253.45,1231.886666666666,1208.0933333333335,1307.57
2023-09-12 05:00:00,1307.57,5,1,0,1265.31,1275.4433333333327,1228.1466666666668,1360.72
2023-09-12 06:00:00,1360.72,6,1,0,1307.57,1311.1999999999994,1262.965,1340.13
2023-09-12 07:00:00,1340.13,7,1,0,1360.72,1336.1399999999994,1284.0133333333335,1357.89
2023-09-12 08:00:00,1357.89,8,1,0,1340.13,1352.913333333333,1314.1783333333333,1406.2
2023-09-12 09:00:00,1406.2,9,1,0,1357.89,1368.0733333333328,1339.6366666666668,1386.79
2023-09-12 10:00:00,1386.79,10,1,0,1406.2,1383.626666666666,1359.8833333333334,1427.86
2023-09-12 11:00:00,1427.86,11,1,0,1386.79,1406.9499999999991,1379.9316666666666,1410.44
2023-09-12 12:00:00,1410.44,12,1,0,1427.86,1408.3633333333328,1388.2183333333332,1394.13
2023-09-12 13:00:00,1394.13,13,1,0,1410.44,1410.8099999999995,1397.2183333333332,1422.63
2023-09-12 14:00:00,1422.63,14,1,0,1394.13,1409.0666666666664,1408.0083333333334,1349.88
2023-09-12 15:00:00,1349.88,15,1,0,1422.63,1388.8799999999994,1398.6216666666667,1335.31
2023-09-12 16:00:00,1335.31,16,1,0,1349.88,1369.2733333333326,1390.0416666666667,1296.44
2023-09-12 17:00:00,1296.44,17,1,0,1335.31,1327.2099999999994,1368.1383333333333,1303.01
2023-09-12 18:00:00,1303.01,18,1,0,1296.44,1311.586666666666,1350.2333333333333,1252.65
2023-09-12 19:00:00,1252.65,19,1,0,1303.01,1284.0333333333326,1326.6533333333334,1212.37
2023-09-12 20:00:00,1212.37,20,1,0,1252.65,1256.0099999999993,1291.6100000000001,1185.34
2023-09-12 21:00:00,1185.34,21,1,0,1212.37,1216.786666666666,1264.1866666666667,1177.99
2023-09-12 22:00:00,1177.99,22,1,0,1185.34,1191.8999999999994,1237.9666666666667,1165.19
2023-09-12 23:00:00,1165.19,23,1,0,1177.99,1176.1733333333327,1216.0916666666667,1178.6
2023-09-13 00:00:00,1178.6,0,2,0,1165.19,1173.926666666666,1195.3566666666668,1184.18
2023-09-13 01:00:00,1184.18,1,2,0,1178.6,1175.9899999999996,1183.945,1217.51
2023-09-13 02:00:00,1217.51,2,2,0,1184.18,1193.4299999999994,1184.8016666666665,1269.03
2023-09-13 03:00:00,1269.03,3,2,0,1217.51,1223.5733333333328,1198.75,1299.73
2023-09-13 04:00:00,1299.73,4,2,0,1269.03,1262.0899999999992,1219.04,1300.73
2023-09-13 05:00:00,1300.73,5,2,0,1299.73,1289.8299999999992,1241.63,1315.78
2023-09-13 06:00:00,1315.78,6,2,0,1300.73,1305.4133333333327,1264.4933333333333,1334.66
2023-09-13 07:00:00,1334.66,7,2,0,1315.78,1317.0566666666662,1289.5733333333335,1377.72
2023-09-13 08:00:00,1377.72,8,2,0,1334.66,1342.7199999999993,1316.275,1392.63
2023-09-13 09:00:00,1392.63,9,2,0,1377.72,1368.3366666666661,1336.8750000000002,1381.56
2023-09-13 10:00:00,1381.56,10,2,0,1392.63,1383.9699999999993,1350.5133333333333,1434.92
2023-09-13 11:00:00,1434.92,11,2,0,1381.56,1403.0366666666662,1372.8783333333333,1411.35
2023-09-13 12:00:00,1411.35,12,2,0,1434.92,1409.276666666666,1388.8066666666666,1408.25
2023-09-13 13:00:00,1408.25,13,2,0,1411.35,1418.173333333333,1401.0716666666667,1398.71
2023-09-13 14:00:00,1398.71,14,2,0,1408.25,1406.1033333333326,1404.57,1379.58
2023-09-13 15:00:00,1379.58,15,2,0,1398.71,1395.5133333333326,1402.3949999999998,1367.6
2023-09-13 16:00:00,1367.6,16,2,0,1379.58,1381.9633333333325,1400.0683333333334,1290.87
2023-09-13 17:00:00,1290.87,17,2,0,1367.6,1346.016666666666,1376.0600000000002,1271.93
2023-09-13 18:00:00,1271.93,18,2,0,1290.87,1310.1333333333325,1352.8233333333333,1269.86
2023-09-13 19:00:00,1269.86,19,2,0,1271.93,1277.5533333333326,1329.7583333333332,1204.16
2023-09-13 20:00:00,1204.16,20,2,0,1269.86,1248.6499999999994,1297.3333333333333,1201.59
2023-09-13 21:00:00,1201.59,21,2,0,1204.16,1225.2033333333327,1267.6683333333333,1195.81
2023-09-13 22:00:00,1195.81,22,2,0,1201.59,1200.5199999999993,1239.0366666666666,1178.2
2023-09-13 23:00:00,1178.2,23,2,0,1195.81,1191.8666666666659,1220.2583333333334,1167.53
2023-09-14 00:00:00,1167.53,0,3,0,1178.2,1180.5133333333326,1202.8583333333333,1158.49
2023-09-14 01:00:00,1158.49,1,3,0,1167.53,1168.0733333333328,1184.2966666666669,1206.31
2023-09-14 02:00:00,1206.31,2,3,0,1158.49,1177.4433333333327,1184.655,1237.38
2023-09-14 03:00:00,1237.38,3,3,0,1206.31,1200.7266666666662,1190.6200000000001,1266.07
2023-09-14 04:00:00,1266.07,4,3,0,1237.38,1236.5866666666661,1202.33,1305.67
2023-09-14 05:00:00,1305.67,5,3,0,1266.07,1269.706666666666,1223.575,1315.47
2023-09-14 06:00:00,1315.47,6,3,0,1305.67,1295.736666666666,1248.2316666666668,1350.93
2023-09-14 07:00:00,1350.93,7,3,0,1315.47,1324.0233333333329,1280.305,1399.45
2023-09-14 08:00:00,1399.45,8,3,0,1350.93,1355.2833333333328,1312.4950000000001,1400.56
2023-09-14 09:00:00,1400.56,9,3,0,1399.45,1383.6466666666659,1339.6916666666666,1461.98
2023-09-14 10:00:00,1461.98,10,3,0,1400.56,1420.6633333333327,1372.3433333333335,1453.72
2023-09-14 11:00:00,1453.72,11,3,0,1461.98,1438.7533333333329,1397.0183333333334,1418.86
2023-09-14 12:00:00,1418.86,12,3,0,1453.72,1444.8533333333326,1414.25,1440.84
2023-09-14 13:00:00,1440.84,13,3,0,1418.86,1437.8066666666662,1429.235,1398.71
2023-09-14 14:00:00,1398.71,14,3,0,1440.84,1419.4699999999993,1429.1116666666667,1332.06
2023-09-14 15:00:00,1332.06,15,3,0,1398.71,1390.5366666666662,1417.695,1348.07
2023-09-14 16:00:00,1348.07,16,3,0,1332.06,1359.6133333333328,1398.71,1337.09
2023-09-14 17:00:00,1337.09,17,3,0,1348.07,1339.0733333333326,1379.2716666666665,1271.76
2023-09-14 18:00:00,1271.76,18,3,0,1337.09,1318.9733333333327,1354.7549999999999,1257.52
2023-09-14 19:00:00,1257.52,19,3,0,1271.76,1288.7899999999993,1324.2016666666666,1215.04
2023-09-14 20:00:00,1215.04,20,3,0,1257.52,1248.106666666666,1293.59,1177.5
2023-09-14 21:00:00,1177.5,21,3,0,1215.04,1216.6866666666658,1267.83,1201.56
2023-09-14 22:00:00,1201.56,22,3,0,1177.5,1198.0333333333328,1243.4116666666666,1216.27
2023-09-14 23:00:00,1216.27,23,3,0,1201.56,1198.4433333333327,1223.2749999999999,1174.0
2023-09-15 00:00:00,1174.0,0,4,0,1216.27,1197.276666666666,1206.9816666666666,1214.2
2023-09-15 01:00:00,1214.2,1,4,0,1174.0,1201.4899999999993,1199.7616666666665,1223.1
2023-09-15 02:00:00,1223.1,2,4,0,1214.2,1203.766666666666,1201.105,1228.67
2023-09-15 03:00:00,1228.67,3,4,0,1223.1,1221.9899999999996,1209.6333333333332,1214.88
2023-09-15 04:00:00,1214.88,4,4,0,1228.67,1222.216666666666,1211.8533333333332,1276.12
2023-09-15 05:00:00,1276.12,5,4,0,1214.88,1239.8899999999994,1221.8283333333334,1309.35
2023-09-15 06:00:00,1309.35,6,4,0,1276.12,1266.7833333333326,1244.3866666666665,1353.64
2023-09-15 07:00:00,1353.64,7,4,0,1309.35,1313.036666666666,1267.6266666666668,1377.26
2023-09-15 08:00:00,1377.26,8,4,0,1353.64,1346.7499999999993,1293.32,1411.26
2023-09-15 09:00:00,1411.26,9,4,0,1377.26,1380.7199999999993,1323.7516666666668,1393.79
2023-09-15 10:00:00,1393.79,10,4,0,1411.26,1394.1033333333326,1353.57,1391.78
2023-09-15 11:00:00,1391.78,11,4,0,1393.79,1398.9433333333327,1372.8466666666666,1415.85
2023-09-15 12:00:00,1415.85,12,4,0,1391.78,1400.4733333333327,1390.5966666666666,1425.77
2023-09-15 13:00:00,1425.77,13,4,0,1415.85,1411.1333333333325,1402.6183333333336,1359.04
2023-09-15 14:00:00,1359.04,14,4,0,1425.77,1400.2199999999993,1399.5816666666667,1339.98
2023-09-15 15:00:00,1339.98,15,4,0,1359.04,1374.9299999999994,1387.7016666666666,1335.78
2023-09-15 16:00:00,1335.78,16,4,0,1339.98,1344.9333333333327,1378.0333333333335,1308.66
2023-09-15 17:00:00,1308.66,17,4,0,1335.78,1328.1399999999994,1364.18,1280.62
2023-09-15 18:00:00,1280.62,18,4,0,1308.66,1308.3533333333328,1341.6416666666667,1235.36
2023-09-15 19:00:00,1235.36,19,4,0,1280.62,1274.8799999999992,1309.9066666666668,1239.72
2023-09-15 20:00:00,1239.72,20,4,0,1235.36,1251.8999999999994,1290.02,1216.72
2023-09-15 21:00:00,1216.72,21,4,0,1239.72,1230.5999999999995,1269.4766666666667,1200.1
2023-09-15 22:00:00,1200.1,22,4,0,1216.72,1218.8466666666661,1246.8633333333335,1173.2
2023-09-15 23:00:00,1173.2,23,4,0,1200.1,1196.6733333333327,1224.2866666666666,1153.92
2023-09-16 00:00:00,1153.92,0,5,1,1173.2,1175.7399999999996,1203.17,1156.03
2023-09-16 01:00:00,1156.03,1,5,1,1153.92,1161.0499999999993,1189.9483333333333,1209.96
2023-09-16 02:00:00,1209.96,2,5,1,1156.03,1173.3033333333326,1184.9883333333335,1233.24
2023-09-16 03:00:00,1233.24,3,5,1,1209.96,1199.7433333333327,1187.7416666666666,1228.19
2023-09-16 04:00:00,1228.19,4,5,1,1233.24,1223.796666666666,1192.4233333333334,1259.24
2023-09-16 05:00:00,1259.24,5,5,1,1228.19,1240.2233333333327,1206.7633333333333,1264.92
2023-09-16 06:00:00,1264.92,6,5,1,1259.24,1250.7833333333328,1225.2633333333333,1325.14
2023-09-16 07:00:00,1325.14,7,5,1,1264.92,1283.0999999999995,1253.4483333333335,1363.18
2023-09-16 08:00:00,1363.18,8,5,1,1325.14,1317.7466666666662,1278.985,1350.93
2023-09-16 09:00:00,1350.93,9,5,1,1363.18,1346.4166666666663,1298.6000000000001,1373.33
2023-09-16 10:00:00,1373.33,10,5,1,1350.93,1362.4799999999993,1322.79,1397.52
2023-09-16 11:00:00,1397.52,11,5,1,1373.33,1373.9266666666663,1345.8366666666668,1402.35
2023-09-16 12:00:00,1402.35,12,5,1,1397.52,1391.066666666666,1368.7416666666668,1371.68
2023-09-16 13:00:00,1371.68,13,5,1,1402.35,1390.5166666666662,1376.4983333333332,1379.47
2023-09-16 14:00:00,1379.47,14,5,1,1371.68,1384.4999999999993,1379.2133333333331,1333.66
2023-09-16 15:00:00,1333.66,15,5,1,1379.47,1361.6033333333328,1376.335,1324.27
2023-09-16 16:00:00,1324.27,16,5,1,1333.66,1345.7999999999993,1368.1583333333335,1305.55
2023-09-16 17:00:00,1305.55,17,5,1,1324.27,1321.1599999999994,1352.83,1251.9
2023-09-16 18:00:00,1251.9,18,5,1,1305.55,1293.906666666666,1327.755,1225.01
2023-09-16 19:00:00,1225.01,19,5,1,1251.9,1260.8199999999995,1303.3100000000002,1215.44
2023-09-16 20:00:00,1215.44,20,5,1,1225.01,1230.7833333333328,1275.9716666666666,1176.29
2023-09-16 21:00:00,1176.29,21,5,1,1215.44,1205.5799999999992,1249.7433333333333,1152.84
2023-09-16 22:00:00,1152.84,22,5,1,1176.29,1181.5233333333326,1221.1716666666669,1181.99
2023-09-16 23:00:00,1181.99,23,5,1,1152.84,1170.3733333333328,1200.5783333333334,1187.72
2023-09-17 00:00:00,1187.72,0,6,1,1181.99,1174.1833333333327,1189.8816666666667,1173.45
2023-09-17 01:00:00,1173.45,1,6,1,1187.72,1181.0533333333326,1181.2883333333334,1041.24
2023-09-17 02:00:00,1041.24,2,6,1,1173.45,1134.136666666666,1152.2549999999999,1171.25
2023-09-17 03:00:00,1171.25,3,6,1,1041.24,1128.646666666666,1151.415,1235.47
2023-09-17 04:00:00,1235.47,4,6,1,1171.25,1149.3199999999995,1165.1866666666667,1160.33
2023-09-17 05:00:00,1160.33,5,6,1,1235.47,1189.0166666666662,1161.5766666666666,1320.22
2023-09-17 06:00:00,1320.22,6,6,1,1160.33,1238.6733333333327,1183.66,1322.48
2023-09-17 07:00:00,1322.48,7,6,1,1320.22,1267.676666666666,1208.4983333333332,1366.36
2023-09-17 08:00:00,1366.36,8,6,1,1322.48,1336.3533333333326,1262.6850000000002,1349.15
2023-09-17 09:00:00,1349.15,9,6,1,1366.36,1345.996666666666,1292.335,1388.01
2023-09-17 10:00:00,1388.01,10,6,1,1349.15,1367.8399999999995,1317.7583333333334,1389.44
2023-09-17 11:00:00,1389.44,11,6,1,1388.01,1375.5333333333328,1355.9433333333334,1401.31
2023-09-17 12:00:00,1401.31,12,6,1,1389.44,1392.9199999999994,1369.4583333333333,1347.67
2023-09-17 13:00:00,1347.67,13,6,1,1401.31,1379.4733333333327,1373.6566666666668,1356.3
2023-09-17 14:00:00,1356.3,14,6,1,1347.67,1368.426666666666,1371.9799999999998,1342.84
2023-09-17 15:00:00,1342.84,15,6,1,1356.3,1348.936666666666,1370.9283333333333,1307.46
2023-09-17 16:00:00,1307.46,16,6,1,1342.84,1335.5333333333326,1357.5033333333333,1295.48
2023-09-17 17:00:00,1295.48,17,6,1,1307.46,1315.2599999999995,1341.8433333333335,1223.25
2023-09-17 18:00:00,1223.25,18,6,1,1295.48,1275.396666666666,1312.1666666666667,1234.14
2023-09-17 19:00:00,1234.14,19,6,1,1223.25,1250.956666666666,1293.245,1208.16
2023-09-17 20:00:00,1208.16,20,6,1,1234.14,1221.8499999999995,1268.555,1164.36
2023-09-17 21:00:00,1164.36,21,6,1,1208.16,1202.2199999999993,1238.8083333333334,1138.03
2023-09-17 22:00:00,1138.03,22,6,1,1164.36,1170.1833333333327,1210.57,1144.08
2023-09-17 23:00:00,1144.08,23,6,1,1138.03,1148.8233333333326,1185.3366666666666,1172.83
2023-09-18 00:00:00,1172.83,0,0,0,1144.08,1151.6466666666659,1176.9333333333332,1204.94
2023-09-18 01:00:00,1204.94,1,0,0,1172.83,1173.9499999999994,1172.0666666666666,1195.98
2023-09-18 02:00:00,1195.98,2,0,0,1204.94,1191.2499999999993,1170.0366666666666,1229.27
2023-09-18 03:00:00,1229.27,3,0,0,1195.98,1210.0633333333328,1180.855,1228.26
2023-09-18 04:00:00,1228.26,4,0,0,1229.27,1217.8366666666661,1195.8933333333334,1288.79
2023-09-18 05:00:00,1288.79,5,0,0,1228.26,1248.7733333333326,1220.0116666666665,1355.26
2023-09-18 06:00:00,1355.26,6,0,0,1288.79,1290.7699999999993,1250.4166666666667,1328.29
2023-09-18 07:00:00,1328.29,7,0,0,1355.26,1324.1133333333328,1270.975,1387.7
2023-09-18 08:00:00,1387.7,8,0,0,1328.29,1357.0833333333328,1302.9283333333333,1381.54
2023-09-18 09:00:00,1381.54,9,0,0,1387.7,1365.8433333333326,1328.3066666666666,1391.61
2023-09-18 10:00:00,1391.61,10,0,0,1381.54,1386.9499999999996,1355.5316666666665,1416.99
2023-09-18 11:00:00,1416.99,11,0,0,1391.61,1396.713333333333,1376.8983333333333,1441.04
2023-09-18 12:00:00,1441.04,12,0,0,1416.99,1416.5466666666662,1391.195,1415.78
2023-09-18 13:00:00,1415.78,13,0,0,1441.04,1424.6033333333326,1405.7766666666666,1379.81
2023-09-18 14:00:00,1379.81,14,0,0,1415.78,1412.2099999999994,1404.4616666666664,1389.65
2023-09-18 15:00:00,1389.65,15,0,0,1379.81,1395.0799999999992,1405.8133333333335,1334.92
2023-09-18 16:00:00,1334.92,16,0,0,1389.65,1368.126666666666,1396.365,1301.83
2023-09-18 17:00:00,1301.83,17,0,0,1334.92,1342.1333333333328,1377.1716666666669,1277.13
2023-09-18 18:00:00,1277.13,18,0,0,1301.83,1304.626666666666,1349.8533333333332,1221.7
2023-09-18 19:00:00,1221.7,19,0,0,1277.13,1266.886666666666,1317.506666666667,1185.19
2023-09-18 20:00:00,1185.19,20,0,0,1221.7,1228.0066666666662,1285.07,1194.59
2023-09-18 21:00:00,1194.59,21,0,0,1185.19,1200.4933333333327,1252.5600000000002,1202.54
2023-09-18 22:00:00,1202.54,22,0,0,1194.59,1194.106666666666,1230.4966666666667,1182.5
2023-09-18 23:00:00,1182.5,23,0,0,1202.54,1193.2099999999994,1210.6083333333333,1181.15
2023-09-19 00:00:00,1181.15,0,1,0,1182.5,1188.7299999999993,1194.6116666666667,1204.04
2023-09-19 01:00:00,1204.04,1,1,0,1181.15,1189.2299999999993,1191.6683333333333,1216.54
2023-09-19 02:00:00,1216.54,2,1,0,1204.04,1200.5766666666661,1196.8933333333332,1218.58
2023-09-19 03:00:00,1218.58,3,1,0,1216.54,1213.0533333333326,1200.8916666666667,1276.25
2023-09-19 04:00:00,1276.25,4,1,0,1218.58,1237.1233333333328,1213.1766666666665,1309.52
2023-09-19 05:00:00,1309.52,5,1,0,1276.25,1268.116666666666,1234.3466666666666,1333.86
2023-09-19 06:00:00,1333.86,6,1,0,1309.52,1306.5433333333328,1259.7983333333334,1351.37
2023-09-19 07:00:00,1351.37,7,1,0,1333.86,1331.5833333333328,1284.3533333333332,1396.36
2023-09-19 08:00:00,1396.36,8,1,0,1351.37,1360.5299999999993,1314.3233333333333,1386.8
2023-09-19 09:00:00,1386.8,9,1,0,1396.36,1378.176666666666,1342.36,1375.4
2023-09-19 10:00:00,1375.4,10,1,0,1386.8,1386.1866666666658,1358.885,1401.02
2023-09-19 11:00:00,1401.02,11,1,0,1375.4,1387.7399999999996,1374.135,1444.18
2023-09-19 12:00:00,1444.18,12,1,0,1401.02,1406.866666666666,1392.5216666666665,1411.97
2023-09-19 13:00:00,1411.97,13,1,0,1444.18,1419.0566666666662,1402.6216666666667,1396.86
2023-09-19 14:00:00,1396.86,14,1,0,1411.97,1417.6699999999994,1402.705,1352.96
2023-09-19 15:00:00,1352.96,15,1,0,1396.86,1387.2633333333326,1397.0649999999998,1314.02
2023-09-19 16:00:00,1314.02,16,1,0,1352.96,1354.6133333333325,1386.835,1271.6
2023-09-19 17:00:00,1271.6,17,1,0,1314.02,1312.8599999999994,1365.265,1303.02
2023-09-19 18:00:00,1303.02,18,1,0,1271.6,1296.2133333333327,1341.7383333333332,1240.17
2023-09-19 19:00:00,1240.17,19,1,0,1303.02,1271.5966666666661,1313.1049999999998,1223.98
2023-09-19 20:00:00,1223.98,20,1,0,1240.17,1255.7233333333327,1284.2916666666667,1206.23
2023-09-19 21:00:00,1206.23,21,1,0,1223.98,1223.4599999999994,1259.8366666666666,1160.26
2023-09-19 22:00:00,1160.26,22,1,0,1206.23,1196.8233333333328,1234.21,1147.61
2023-09-19 23:00:00,1147.61,23,1,0,1160.26,1171.366666666666,1213.5449999999998,1150.05
2023-09-20 00:00:00,1150.05,0,2,0,1147.61,1152.6399999999994,1188.05,1189.28
2023-09-20 01:00:00,1189.28,1,2,0,1150.05,1162.3133333333326,1179.5683333333334,1234.32
2023-09-20 02:00:00,1234.32,2,2,0,1189.28,1191.216666666666,1181.2916666666667,1213.66
2023-09-20 03:00:00,1213.66,3,2,0,1234.32,1212.4199999999994,1182.53,1246.48
2023-09-20 04:00:00,1246.48,4,2,0,1213.66,1231.486666666666,1196.8999999999999,1286.63
2023-09-20 05:00:00,1286.63,5,2,0,1246.48,1248.923333333333,1220.07,1309.9
2023-09-20 06:00:00,1309.9,6,2,0,1286.63,1281.0033333333329,1246.7116666666668,1337.13
2023-09-20 07:00:00,1337.13,7,2,0,1309.9,1311.2199999999996,1271.3533333333335,1381.04
2023-09-20 08:00:00,1381.04,8,2,0,1337.13,1342.6899999999994,1295.8066666666668,1412.76
2023-09-20 09:00:00,1412.76,9,2,0,1381.04,1376.9766666666662,1328.99,1385.35
2023-09-20 10:00:00,1385.35,10,2,0,1412.76,1393.0499999999993,1352.135,1407.92
2023-09-20 11:00:00,1407.92,11,2,0,1385.35,1402.0099999999993,1372.3500000000001,1399.28
2023-09-20 12:00:00,1399.28,12,2,0,1407.92,1397.5166666666657,1387.2466666666667,1421.21
2023-09-20 13:00:00,1421.21,13,2,0,1399.28,1409.4699999999993,1401.26,1413.43
2023-09-20 14:00:00,1413.43,14,2,0,1421.21,1411.3066666666662,1406.6583333333335,1386.12
2023-09-20 15:00:00,1386.12,15,2,0,1413.43,1406.9199999999994,1402.2183333333332,1322.8
2023-09-20 16:00:00,1322.8,16,2,0,1386.12,1374.116666666666,1391.7933333333333,1297.91
2023-09-20 17:00:00,1297.91,17,2,0,1322.8,1335.6099999999994,1373.4583333333333,1303.04
2023-09-20 18:00:00,1303.04,18,2,0,1297.91,1307.916666666666,1357.4183333333333,1255.71
2023-09-20 19:00:00,1255.71,19,2,0,1303.04,1285.5533333333326,1329.835,1201.65
2023-09-20 20:00:00,1201.65,20,2,0,1255.71,1253.4666666666662,1294.5383333333332,1183.52
2023-09-20 21:00:00,1183.52,21,2,0,1201.65,1213.626666666666,1260.7716666666668,1193.03
2023-09-20 22:00:00,1193.03,22,2,0,1183.52,1192.733333333333,1239.1433333333332,1215.49
2023-09-20 23:00:00,1215.49,23,2,0,1193.03,1197.3466666666661,1225.4066666666668,1153.33
2023-09-21 00:00:00,1153.33,0,3,0,1215.49,1187.2833333333326,1200.455,1196.58
2023-09-21 01:00:00,1196.58,1,3,0,1153.33,1188.466666666666,1190.6000000000001,1203.78
2023-09-21 02:00:00,1203.78,2,3,0,1196.58,1184.5633333333328,1190.9550000000002,1227.96
2023-09-21 03:00:00,1227.96,3,3,0,1203.78,1209.4399999999994,1198.3616666666667,1244.91
2023-09-21 04:00:00,1244.91,4,3,0,1227.96,1225.5499999999993,1207.0083333333334,1317.73
2023-09-21 05:00:00,1317.73,5,3,0,1244.91,1263.5333333333328,1224.0483333333332,1310.23
2023-09-21 06:00:00,1310.23,6,3,0,1317.73,1290.956666666666,1250.1983333333333,1336.88
2023-09-21 07:00:00,1336.88,7,3,0,1310.23,1321.6133333333328,1273.5816666666667,1396.1
2023-09-21 08:00:00,1396.1,8,3,0,1336.88,1347.736666666666,1305.635,1420.94
2023-09-21 09:00:00,1420.94,9,3,0,1396.1,1384.6399999999994,1337.7983333333334,1424.52
2023-09-21 10:00:00,1424.52,10,3,0,1420.94,1413.8533333333328,1367.7333333333333,1452.66
2023-09-21 11:00:00,1452.66,11,3,0,1424.52,1432.706666666666,1390.2216666666666,1433.34
2023-09-21 12:00:00,1433.34,12,3,0,1452.66,1436.8399999999995,1410.74,1379.91
2023-09-21 13:00:00,1379.91,13,3,0,1433.34,1421.9699999999993,1417.9116666666666,1410.03
2023-09-21 14:00:00,1410.03,14,3,0,1379.91,1407.7599999999993,1420.2333333333333,1366.47
2023-09-21 15:00:00,1366.47,15,3,0,1410.03,1385.4699999999993,1411.155,1339.81
2023-09-21 16:00:00,1339.81,16,3,0,1366.47,1372.1033333333326,1397.0366666666666,1278.33
2023-09-21 17:00:00,1278.33,17,3,0,1339.81,1328.2033333333327,1367.9816666666666,1288.28
2023-09-21 18:00:00,1288.28,18,3,0,1278.33,1302.1399999999994,1343.805,1262.12
2023-09-21 19:00:00,1262.12,19,3,0,1288.28,1276.2433333333327,1324.1733333333332,1203.98
2023-09-21 20:00:00,1203.98,20,3,0,1262.12,1251.4599999999994,1289.8316666666667,1154.64
2023-09-21 21:00:00,1154.64,21,3,0,1203.98,1206.9133333333327,1254.5266666666666,1179.03
2023-09-21 22:00:00,1179.03,22,3,0,1154.64,1179.216666666666,1227.73,1168.25
2023-09-21 23:00:00,1168.25,23,3,0,1179.03,1167.3066666666662,1209.3833333333334,1190.59
2023-09-22 00:00:00,1190.59,0,4,0,1168.25,1179.2899999999993,1193.1016666666667,1190.44
2023-09-22 01:00:00,1190.44,1,4,0,1190.59,1183.0933333333328,1181.155,1225.8
2023-09-22 02:00:00,1225.8,2,4,0,1190.44,1202.276666666666,1184.7916666666667,1204.11
2023-09-22 03:00:00,1204.11,3,4,0,1225.8,1206.7833333333326,1193.0366666666666,1293.32
2023-09-22 04:00:00,1293.32,4,4,0,1204.11,1241.076666666666,1212.085,1272.92
2023-09-22 05:00:00,1272.92,5,4,0,1293.32,1256.7833333333326,1229.53,1300.1
2023-09-22 06:00:00,1300.1,6,4,0,1272.92,1288.7799999999995,1247.7816666666665,1352.76
2023-09-22 07:00:00,1352.76,7,4,0,1300.1,1308.5933333333328,1274.835,1378.27
2023-09-22 08:00:00,1378.27,8,4,0,1352.76,1343.7099999999994,1300.2466666666667,1443.9
2023-09-22 09:00:00,1443.9,9,4,0,1378.27,1391.6433333333327,1340.2116666666668,1402.0
2023-09-22 10:00:00,1402.0,10,4,0,1443.9,1408.0566666666662,1358.325,1405.32
2023-09-22 11:00:00,1405.32,11,4,0,1402.0,1417.0733333333328,1380.3916666666667,1424.31
2023-09-22 12:00:00,1424.31,12,4,0,1405.32,1410.5433333333328,1401.0933333333332,1417.0
2023-09-22 13:00:00,1417.0,13,4,0,1424.31,1415.5433333333328,1411.8,1430.6
2023-09-22 14:00:00,1430.6,14,4,0,1417.0,1423.9699999999993,1420.5216666666668,1353.41
2023-09-22 15:00:00,1353.41,15,4,0,1430.6,1400.3366666666661,1405.4399999999998,1323.27
2023-09-22 16:00:00,1323.27,16,4,0,1353.41,1369.0933333333326,1392.3183333333334,1328.7
2023-09-22 17:00:00,1328.7,17,4,0,1323.27,1335.126666666666,1379.5483333333334,1296.19
2023-09-22 18:00:00,1296.19,18,4,0,1328.7,1316.0533333333326,1358.195,1223.12
2023-09-22 19:00:00,1223.12,19,4,0,1296.19,1282.6699999999994,1325.881666666667,1217.21
2023-09-22 20:00:00,1217.21,20,4,0,1223.12,1245.5066666666662,1290.3166666666666,1208.77
2023-09-22 21:00:00,1208.77,21,4,0,1217.21,1216.3666666666659,1266.21,1200.4
2023-09-22 22:00:00,1200.4,22,4,0,1208.77,1208.7933333333328,1245.7316666666666,1172.66
2023-09-22 23:00:00,1172.66,23,4,0,1200.4,1193.9433333333327,1219.7250000000001,1153.5
2023-09-23 00:00:00,1153.5,0,5,1,1172.66,1175.5199999999995,1195.9433333333334,1150.08
2023-09-23 01:00:00,1150.08,1,5,1,1153.5,1158.746666666666,1183.7700000000002,1171.48
2023-09-23 02:00:00,1171.48,2,5,1,1150.08,1158.3533333333328,1176.1483333333333,1213.52
2023-09-23 03:00:00,1213.52,3,5,1,1171.48,1178.3599999999994,1176.94,1232.62
2023-09-23 04:00:00,1232.62,4,5,1,1213.52,1205.8733333333328,1182.31,1282.29
2023-09-23 05:00:00,1282.29,5,5,1,1232.62,1242.8099999999993,1200.5816666666667,1287.31
2023-09-23 06:00:00,1287.31,6,5,1,1282.29,1267.406666666666,1222.8833333333332,1309.45
2023-09-23 07:00:00,1309.45,7,5,1,1287.31,1293.0166666666662,1249.445,1352.1
2023-09-23 08:00:00,1352.1,8,5,1,1309.45,1316.286666666666,1279.5483333333334,1365.53
2023-09-23 09:00:00,1365.53,9,5,1,1352.1,1342.3599999999994,1304.8833333333332,1413.23
2023-09-23 10:00:00,1413.23,10,5,1,1365.53,1376.953333333333,1334.985,1411.52
2023-09-23 11:00:00,1411.52,11,5,1,1413.23,1396.7599999999993,1356.5233333333333,1330.17
2023-09-23 12:00:00,1330.17,12,5,1,1411.52,1384.9733333333327,1363.6666666666667,1383.17
2023-09-23 13:00:00,1383.17,13,5,1,1330.17,1374.953333333333,1375.9533333333331,1370.22
2023-09-23 14:00:00,1370.22,14,5,1,1383.17,1361.1866666666663,1378.9733333333334,1323.2
2023-09-23 15:00:00,1323.2,15,5,1,1370.22,1358.8633333333328,1371.9183333333333,1308.8
2023-09-23 16:00:00,1308.8,16,5,1,1323.2,1334.0733333333328,1354.5133333333333,1282.76
2023-09-23 17:00:00,1282.76,17,5,1,1308.8,1304.9199999999994,1333.0533333333335,1239.9
2023-09-23 18:00:00,1239.9,18,5,1,1282.76,1277.1533333333327,1318.0083333333334,1193.79
2023-09-23 19:00:00,1193.79,19,5,1,1239.9,1238.816666666666,1286.445,1199.43
2023-09-23 20:00:00,1199.43,20,5,1,1193.79,1211.0399999999993,1257.98,1185.28
2023-09-23 21:00:00,1185.28,21,5,1,1199.43,1192.8333333333328,1234.9933333333333,1153.73
2023-09-23 22:00:00,1153.73,22,5,1,1185.28,1179.4799999999993,1209.1483333333333,1157.83
2023-09-23 23:00:00,1157.83,23,5,1,1153.73,1165.6133333333328,1188.3266666666666,1142.48
2023-09-24 00:00:00,1142.48,0,6,1,1157.83,1151.3466666666661,1172.09,1175.19
2023-09-24 01:00:00,1175.19,1,6,1,1142.48,1158.4999999999993,1168.99,1164.05
2023-09-24 02:00:00,1164.05,2,6,1,1175.19,1160.5733333333328,1163.0933333333332,1196.33
2023-09-24 03:00:00,1196.33,3,6,1,1164.05,1178.5233333333326,1164.9350000000002,1206.4
2023-09-24 04:00:00,1206.4,4,6,1,1196.33,1188.926666666666,1173.7133333333334,1273.17
2023-09-24 05:00:00,1273.17,5,6,1,1206.4,1225.2999999999993,1192.9366666666667,1277.09
2023-09-24 06:00:00,1277.09,6,6,1,1273.17,1252.2199999999993,1215.3716666666667,1313.61
2023-09-24 07:00:00,1313.61,7,6,1,1277.09,1287.956666666666,1238.4416666666666,1357.11
2023-09-24 08:00:00,1357.11,8,6,1,1313.61,1315.936666666666,1270.6183333333333,1347.56
2023-09-24 09:00:00,1347.56,9,6,1,1357.11,1339.426666666666,1295.8233333333333,1389.76
2023-09-24 10:00:00,1389.76,10,6,1,1347.56,1364.8099999999995,1326.3833333333332,1407.69
2023-09-24 11:00:00,1407.69,11,6,1,1389.76,1381.6699999999994,1348.8033333333333,1332.41
2023-09-24 12:00:00,1332.41,12,6,1,1407.69,1376.6199999999997,1358.0233333333333,1344.79
2023-09-24 13:00:00,1344.79,13,6,1,1332.41,1361.6299999999994,1363.22,1376.31
2023-09-24 14:00:00,1376.31,14,6,1,1344.79,1351.1699999999994,1366.42,1324.21
2023-09-24 15:00:00,1324.21,15,6,1,1376.31,1348.436666666666,1362.5283333333334,1330.53
2023-09-24 16:00:00,1330.53,16,6,1,1324.21,1343.6833333333327,1352.6566666666665,1264.1
2023-09-24 17:00:00,1264.1,17,6,1,1330.53,1306.2799999999995,1328.7250000000001,1248.31
2023-09-24 18:00:00,1248.31,18,6,1,1264.1,1280.9799999999993,1314.7083333333333,1245.85
2023-09-24 19:00:00,1245.85,19,6,1,1248.31,1252.7533333333329,1298.2183333333332,1195.57
2023-09-24 20:00:00,1195.57,20,6,1,1245.85,1229.9099999999992,1268.095,1202.06
2023-09-24 21:00:00,1202.06,21,6,1,1195.57,1214.4933333333327,1247.7366666666665,1157.25
2023-09-24 22:00:00,1157.25,22,6,1,1202.06,1184.9599999999994,1218.8566666666666,1172.66
2023-09-24 23:00:00,1172.66,23,6,1,1157.25,1177.3233333333328,1203.6166666666666,1187.19
2023-09-25 00:00:00,1187.19,0,0,0,1172.66,1172.366666666666,1193.43,1193.51
2023-09-25 01:00:00,1193.51,1,0,0,1187.19,1184.4533333333327,1184.7066666666667,1234.71
2023-09-25 02:00:00,1234.71,2,0,0,1193.51,1205.136666666666,1191.23,1213.5
2023-09-25 03:00:00,1213.5,3,0,0,1234.71,1213.906666666666,1193.1366666666668,1251.48
2023-09-25 04:00:00,1251.48,4,0,0,1213.5,1233.2299999999993,1208.8416666666667,1278.03
2023-09-25 05:00:00,1278.03,5,0,0,1251.48,1247.6699999999994,1226.4033333333334,1317.09
2023-09-25 06:00:00,1317.09,6,0,0,1278.03,1282.1999999999994,1248.0533333333333,1307.08
2023-09-25 07:00:00,1307.08,7,0,0,1317.09,1300.7333333333327,1266.9816666666666,1363.15
2023-09-25 08:00:00,1363.15,8,0,0,1307.08,1329.1066666666661,1288.3883333333333,1349.04
2023-09-25 09:00:00,1349.04,9,0,0,1363.15,1339.756666666666,1310.9783333333332,1427.59
2023-09-25 10:00:00,1427.59,10,0,0,1349.04,1379.926666666666,1340.33,1419.13
2023-09-25 11:00:00,1419.13,11,0,0,1427.59,1398.5866666666661,1363.8466666666666,1424.91
2023-09-25 12:00:00,1424.91,12,0,0,1419.13,1423.876666666666,1381.8166666666666,1422.82
2023-09-25 13:00:00,1422.82,13,0,0,1424.91,1422.286666666666,1401.1066666666666,1391.83
2023-09-25 14:00:00,1391.83,14,0,0,1422.82,1413.1866666666658,1405.8866666666665,1352.79
2023-09-25 15:00:00,1352.79,15,0,0,1391.83,1389.1466666666659,1406.5116666666665,1284.22
2023-09-25 16:00:00,1284.22,16,0,0,1352.79,1342.946666666666,1382.6166666666666,1307.09
2023-09-25 17:00:00,1307.09,17,0,0,1284.22,1314.6999999999996,1363.9433333333334,1293.27
2023-09-25 18:00:00,1293.27,18,0,0,1307.09,1294.8599999999994,1342.0033333333333,1219.59
2023-09-25 19:00:00,1219.59,19,0,0,1293.27,1273.316666666666,1308.1316666666667,1203.89
2023-09-25 20:00:00,1203.89,20,0,0,1219.59,1238.916666666666,1276.8083333333334,1214.96
2023-09-25 21:00:00,1214.96,21,0,0,1203.89,1212.8133333333328,1253.8366666666668,1183.81
2023-09-25 22:00:00,1183.81,22,0,0,1214.96,1200.886666666666,1237.1016666666667,1212.64
2023-09-25 23:00:00,1212.64,23,0,0,1183.81,1203.8033333333326,1221.3600000000001,1179.12
2023-09-26 00:00:00,1179.12,0,1,0,1212.64,1191.856666666666,1202.335,1214.61
2023-09-26 01:00:00,1214.61,1,1,0,1179.12,1202.1233333333328,1201.5049999999999,1222.69
2023-09-26 02:00:00,1222.69,2,1,0,1214.61,1205.4733333333327,1204.6383333333333,1239.86
2023-09-26 03:00:00,1239.86,3,1,0,1222.69,1225.7199999999993,1208.7883333333334,1259.26
2023-09-26 04:00:00,1259.26,4,1,0,1239.86,1240.6033333333328,1221.3633333333335,1293.16
2023-09-26 05:00:00,1293.16,5,1,0,1259.26,1264.0933333333326,1234.7833333333333,1322.87
2023-09-26 06:00:00,1322.87,6,1,0,1293.16,1291.7633333333326,1258.7416666666666,1350.73
2023-09-26 07:00:00,1350.73,7,1,0,1322.87,1322.2533333333326,1281.4283333333333,1373.12
2023-09-26 08:00:00,1373.12,8,1,0,1350.73,1348.906666666666,1306.4999999999998,1407.12
2023-09-26 09:00:00,1407.12,9,1,0,1373.12,1376.989999999999,1334.3766666666666,1415.28
2023-09-26 10:00:00,1415.28,10,1,0,1407.12,1398.506666666666,1360.38,1409.46
2023-09-26 11:00:00,1409.46,11,1,0,1415.28,1410.6199999999992,1379.7633333333333,1422.7
2023-09-26 12:00:00,1422.7,12,1,0,1409.46,1415.8133333333328,1396.4016666666666,1420.44
2023-09-26 13:00:00,1420.44,13,1,0,1422.7,1417.5333333333328,1408.0200000000002,1376.81
2023-09-26 14:00:00,1376.81,14,1,0,1420.44,1406.6499999999996,1408.635,1372.15
2023-09-26 15:00:00,1372.15,15,1,0,1376.81,1389.7999999999993,1402.8066666666666,1358.2
2023-09-26 16:00:00,1358.2,16,1,0,1372.15,1369.0533333333326,1393.2933333333333,1307.35
2023-09-26 17:00:00,1307.35,17,1,0,1358.2,1345.8999999999994,1376.2750000000003,1321.86
2023-09-26 18:00:00,1321.86,18,1,0,1307.35,1329.136666666666,1359.4683333333332,1243.26
2023-09-26 19:00:00,1243.26,19,1,0,1321.86,1290.8233333333328,1329.9383333333333,1228.26
2023-09-26 20:00:00,1228.26,20,1,0,1243.26,1264.4599999999994,1305.18,1219.82
2023-09-26 21:00:00,1219.82,21,1,0,1228.26,1230.446666666666,1279.7916666666667,1174.2
2023-09-26 22:00:00,1174.2,22,1,0,1219.82,1207.426666666666,1249.1249999999998,1168.66
2023-09-26 23:00:00,1168.66,23,1,0,1174.2,1187.5599999999995,1226.01,1180.49
2023-09-27 00:00:00,1180.49,0,2,0,1168.66,1174.4499999999996,1202.4483333333335,1214.25
2023-09-27 01:00:00,1214.25,1,2,0,1180.49,1187.7999999999995,1197.6133333333335,1162.91
2023-09-27 02:00:00,1162.91,2,2,0,1214.25,1185.8833333333325,1186.7216666666666,1229.25
2023-09-27 03:00:00,1229.25,3,2,0,1162.91,1202.136666666666,1188.2933333333333,1257.4
2023-09-27 04:00:00,1257.4,4,2,0,1229.25,1216.5199999999995,1202.16,1281.12
2023-09-27 05:00:00,1281.12,5,2,0,1257.4,1255.923333333333,1220.9033333333334,1328.27
2023-09-27 06:00:00,1328.27,6,2,0,1281.12,1288.9299999999994,1245.5333333333333,1377.04
2023-09-27 07:00:00,1377.04,7,2,0,1328.27,1328.8099999999993,1272.665,1374.36
2023-09-27 08:00:00,1374.36,8,2,0,1377.04,1359.8899999999992,1307.9066666666665,1388.63
2023-09-27 09:00:00,1388.63,9,2,0,1374.36,1380.0099999999993,1334.47,1398.92
2023-09-27 10:00:00,1398.92,10,2,0,1388.63,1387.3033333333326,1358.0566666666666,1439.15
2023-09-27 11:00:00,1439.15,11,2,0,1398.92,1408.8999999999996,1384.3949999999998,1418.39
2023-09-27 12:00:00,1418.39,12,2,0,1439.15,1418.8199999999995,1399.415,1392.38
2023-09-27 13:00:00,1392.38,13,2,0,1418.39,1416.6399999999994,1401.9716666666666,1363.05
2023-09-27 14:00:00,1363.05,14,2,0,1392.38,1391.2733333333326,1400.0866666666668,1367.46
2023-09-27 15:00:00,1367.46,15,2,0,1363.05,1374.296666666666,1396.5583333333334,1346.66
2023-09-27 16:00:00,1346.66,16,2,0,1367.46,1359.0566666666662,1387.8483333333334,1267.53
2023-09-27 17:00:00,1267.53,17,2,0,1346.66,1327.216666666666,1359.2450000000001,1303.84
2023-09-27 18:00:00,1303.84,18,2,0,1267.53,1306.0099999999993,1340.1533333333334,1229.8
2023-09-27 19:00:00,1229.8,19,2,0,1303.84,1267.0566666666662,1313.0566666666666,1269.01
2023-09-27 20:00:00,1269.01,20,2,0,1229.8,1267.5499999999993,1297.3833333333334,1203.37
2023-09-27 21:00:00,1203.37,21,2,0,1269.01,1234.0599999999993,1270.035,1145.54
2023-09-27 22:00:00,1145.54,22,2,0,1203.37,1205.9733333333327,1236.5149999999999,1198.14
2023-09-27 23:00:00,1198.14,23,2,0,1145.54,1182.3499999999992,1224.95,1182.09
2023-09-28 00:00:00,1182.09,0,3,0,1198.14,1175.2566666666662,1204.6583333333335,1193.85
2023-09-28 01:00:00,1193.85,1,3,0,1182.09,1191.3599999999994,1198.6666666666667,1215.4
2023-09-28 02:00:00,1215.4,2,3,0,1193.85,1197.1133333333328,1189.7316666666666,1219.04
2023-09-28 03:00:00,1219.04,3,3,0,1215.4,1209.4299999999994,1192.3433333333332,1251.27
2023-09-28 04:00:00,1251.27,4,3,0,1219.04,1228.5699999999995,1209.965,1272.64
2023-09-28 05:00:00,1272.64,5,3,0,1251.27,1247.6499999999994,1222.3816666666667,1328.67
2023-09-28 06:00:00,1328.67,6,3,0,1272.64,1284.1933333333327,1246.8116666666667,1358.98
2023-09-28 07:00:00,1358.98,7,3,0,1328.67,1320.0966666666661,1274.3333333333333,1376.02
2023-09-28 08:00:00,1376.02,8,3,0,1358.98,1354.5566666666662,1301.1033333333335,1402.5
2023-09-28 09:00:00,1402.5,9,3,0,1376.02,1379.166666666666,1331.68,1410.4
2023-09-28 10:00:00,1410.4,10,3,0,1402.5,1396.3066666666662,1358.2016666666666,1408.34
2023-09-28 11:00:00,1408.34,11,3,0,1410.4,1407.0799999999992,1380.8183333333334,1414.39
2023-09-28 12:00:00,1414.39,12,3,0,1408.34,1411.0433333333328,1395.1049999999998,1433.9
2023-09-28 13:00:00,1433.9,13,3,0,1414.39,1418.876666666666,1407.591666666667,1400.59
2023-09-28 14:00:00,1400.59,14,3,0,1433.9,1416.2933333333328,1411.6866666666665,1351.02
2023-09-28 15:00:00,1351.02,15,3,0,1400.59,1395.1699999999994,1403.1066666666666,1342.9
2023-09-28 16:00:00,1342.9,16,3,0,1351.02,1364.8366666666661,1391.8566666666666,1310.16
2023-09-28 17:00:00,1310.16,17,3,0,1342.9,1334.6933333333327,1375.4933333333336,1264.0
2023-09-28 18:00:00,1264.0,18,3,0,1310.16,1305.6866666666663,1350.4283333333333,1284.02
2023-09-28 19:00:00,1284.02,19,3,0,1264.0,1286.0599999999993,1325.4483333333335,1245.31
2023-09-28 20:00:00,1245.31,20,3,0,1284.02,1264.4433333333327,1299.5683333333334,1228.25
2023-09-28 21:00:00,1228.25,21,3,0,1245.31,1252.526666666666,1279.1066666666666,1173.0
2023-09-28 22:00:00,1173.0,22,3,0,1228.25,1215.5199999999993,1250.79,1190.56
2023-09-28 23:00:00,1190.56,23,3,0,1173.0,1197.2699999999993,1230.8566666666668,1219.75
2023-09-29 00:00:00,1219.75,0,4,0,1190.56,1194.436666666666,1223.4816666666668,1218.19
2023-09-29 01:00:00,1218.19,1,4,0,1219.75,1209.4999999999993,1212.51,1200.71
2023-09-29 02:00:00,1200.71,2,4,0,1218.19,1212.8833333333328,1205.0766666666666,1238.71
2023-09-29 03:00:00,1238.71,3,4,0,1200.71,1219.2033333333327,1206.82,1268.73
2023-09-29 04:00:00,1268.73,4,4,0,1238.71,1236.0499999999995,1222.775,1300.17
2023-09-29 05:00:00,1300.17,5,4,0,1268.73,1269.2033333333327,1241.0433333333333,1331.17
2023-09-29 06:00:00,1331.17,6,4,0,1300.17,1300.0233333333329,1259.6133333333335,1366.1
2023-09-29 07:00:00,1366.1,7,4,0,1331.17,1332.4799999999993,1284.265,1378.79
2023-09-29 08:00:00,1378.79,8,4,0,1366.1,1358.686666666666,1313.945,1442.59
2023-09-29 09:00:00,1442.59,9,4,0,1378.79,1395.826666666666,1347.925,1407.41
2023-09-29 10:00:00,1407.41,10,4,0,1442.59,1409.5966666666661,1371.0383333333332,1433.03
2023-09-29 11:00:00,1433.03,11,4,0,1407.41,1427.676666666666,1393.1816666666666,1430.93
2023-09-29 12:00:00,1430.93,12,4,0,1433.03,1423.7899999999993,1409.8083333333334,1405.51
2023-09-29 13:00:00,1405.51,13,4,0,1430.93,1423.156666666666,1416.3766666666668,1394.86
2023-09-29 14:00:00,1394.86,14,4,0,1405.51,1410.4333333333327,1419.055,1363.58
2023-09-29 15:00:00,1363.58,15,4,0,1394.86,1387.9833333333327,1405.8866666666665,1327.88
2023-09-29 16:00:00,1327.88,16,4,0,1363.58,1362.106666666666,1392.631666666667,1329.6
2023-09-29 17:00:00,1329.6,17,4,0,1327.88,1340.3533333333328,1375.3933333333332,1262.87
2023-09-29 18:00:00,1262.87,18,4,0,1329.6,1306.7833333333326,1347.3833333333334,1277.18
2023-09-29 19:00:00,1277.18,19,4,0,1262.87,1289.8833333333325,1325.995,1219.33
2023-09-29 20:00:00,1219.33,20,4,0,1277.18,1253.126666666666,1296.74,1213.52
2023-09-29 21:00:00,1213.52,21,4,0,1219.33,1236.676666666666,1271.73,1211.6
2023-09-29 22:00:00,1211.6,22,4,0,1213.52,1214.816666666666,1252.3500000000001,1196.99
2023-09-29 23:00:00,1196.99,23,4,0,1211.6,1207.3699999999992,1230.2483333333332,1148.96
2023-09-30 00:00:00,1148.96,0,5,1,1196.99,1185.8499999999995,1211.2633333333333,1167.51
2023-09-30 01:00:00,1167.51,1,5,1,1148.96,1171.1533333333327,1192.985,1163.57
2023-09-30 02:00:00,1163.57,2,5,1,1167.51,1160.0133333333326,1183.6916666666666,1225.04
2023-09-30 03:00:00,1225.04,3,5,1,1163.57,1185.3733333333328,1185.6116666666667,1225.12
2023-09-30 04:00:00,1225.12,4,5,1,1225.04,1204.576666666666,1187.865,1276.56
2023-09-30 05:00:00,1276.56,5,5,1,1225.12,1242.2399999999993,1201.1266666666666,1274.86
2023-09-30 06:00:00,1274.86,6,5,1,1276.56,1258.8466666666661,1222.11,1338.47
2023-09-30 07:00:00,1338.47,7,5,1,1274.86,1296.6299999999994,1250.6033333333332,1330.17
2023-09-30 08:00:00,1330.17,8,5,1,1338.47,1314.4999999999993,1278.37,1365.17
2023-09-30 09:00:00,1365.17,9,5,1,1330.17,1344.6033333333328,1301.725,1393.5
2023-09-30 10:00:00,1393.5,10,5,1,1365.17,1362.946666666666,1329.7883333333332,1391.25
2023-09-30 11:00:00,1391.25,11,5,1,1393.5,1383.3066666666662,1348.9033333333334,1412.54
2023-09-30 12:00:00,1412.54,12,5,1,1391.25,1399.0966666666661,1371.8500000000001,1398.94
2023-09-30 13:00:00,1398.94,13,5,1,1412.54,1400.9099999999992,1381.9283333333333,1351.07
2023-09-30 14:00:00,1351.07,14,5,1,1398.94,1387.5166666666662,1385.4116666666669,1349.62
2023-09-30 15:00:00,1349.62,15,5,1,1351.07,1366.5433333333328,1382.82,1346.67
2023-09-30 16:00:00,1346.67,16,5,1,1349.62,1349.1199999999992,1375.015,1286.64
2023-09-30 17:00:00,1286.64,17,5,1,1346.67,1327.6433333333327,1357.5800000000002,1249.59
2023-09-30 18:00:00,1249.59,18,5,1,1286.64,1294.2999999999995,1330.4216666666669,1257.71
2023-09-30 19:00:00,1257.71,19,5,1,1249.59,1264.6466666666663,1306.8833333333332,1182.81
2023-09-30 20:00:00,1182.81,20,5,1,1257.71,1230.036666666666,1278.84,1194.23
2023-09-30 21:00:00,1194.23,21,5,1,1182.81,1211.5833333333328,1252.9416666666666,1142.45
2023-09-30 22:00:00,1142.45,22,5,1,1194.23,1173.1633333333327,1218.905,1142.42
2023-09-30 23:00:00,1142.42,23,5,1,1142.45,1159.6999999999996,1194.8683333333333,1105.32
2023-10-01 00:00:00,1105.32,0,6,1,1142.42,1130.0633333333326,1170.8233333333335,1094.54
2023-10-01 01:00:00,1094.54,1,6,1,1105.32,1114.0933333333326,1143.6283333333333,1090.66
2023-10-01 02:00:00,1090.66,2,6,1,1094.54,1096.8399999999995,1128.27,1130.62
2023-10-01 03:00:00,1130.62,3,6,1,1090.66,1105.2733333333326,1117.6683333333333,1134.3
2023-10-01 04:00:00,1134.3,4,6,1,1130.62,1118.526666666666,1116.31,1192.02
2023-10-01 05:00:00,1192.02,5,6,1,1134.3,1152.3133333333326,1124.5766666666666,1204.64
2023-10-01 06:00:00,1204.64,6,6,1,1192.02,1176.986666666666,1141.1299999999999,1208.61
2023-10-01 07:00:00,1208.61,7,6,1,1204.64,1201.756666666666,1160.1416666666667,1246.43
2023-10-01 08:00:00,1246.43,8,6,1,1208.61,1219.8933333333327,1186.1033333333332,1233.33
2023-10-01 09:00:00,1233.33,9,6,1,1246.43,1229.456666666666,1203.2216666666666,1258.67
2023-10-01 10:00:00,1258.67,10,6,1,1233.33,1246.1433333333327,1223.95,1269.47
2023-10-01 11:00:00,1269.47,11,6,1,1258.67,1253.8233333333328,1236.8583333333333,1282.36
2023-10-01 12:00:00,1282.36,12,6,1,1269.47,1270.166666666666,1249.8116666666667,1256.02
2023-10-01 13:00:00,1256.02,13,6,1,1282.36,1269.2833333333326,1257.7133333333334,1228.2
2023-10-01 14:00:00,1228.2,14,6,1,1256.02,1255.526666666666,1254.675,1208.2
2023-10-01 15:00:00,1208.2,15,6,1,1228.2,1230.8066666666662,1250.4866666666667,1203.94
2023-10-01 16:00:00,1203.94,16,6,1,1208.2,1213.446666666666,1241.365,1189.97
2023-10-01 17:00:00,1189.97,17,6,1,1203.94,1200.703333333333,1228.115,1147.63
2023-10-01 18:00:00,1147.63,18,6,1,1189.97,1180.5133333333326,1205.66,1112.31
2023-10-01 19:00:00,1112.31,19,6,1,1147.63,1149.9699999999993,1181.7083333333333,1129.53
2023-10-01 20:00:00,1129.53,20,6,1,1112.31,1129.8233333333326,1165.2633333333333,1076.0
2023-10-01 21:00:00,1076.0,21,6,1,1129.53,1105.946666666666,1143.23,1096.85
2023-10-01 22:00:00,1096.85,22,6,1,1076.0,1100.7933333333326,1125.3816666666667,1098.98
2023-10-01 23:00:00,1098.98,23,6,1,1096.85,1090.6099999999994,1110.2166666666665,1106.22
2023-10-02 00:00:00,1106.22,0,0,0,1098.98,1100.6833333333327,1103.315,1154.28
2023-10-02 01:00:00,1154.28,1,0,0,1106.22,1119.8266666666661,1110.31,1148.59
2023-10-02 02:00:00,1148.59,2,0,0,1154.28,1136.3633333333328,1113.4866666666667,1139.76
2023-10-02 03:00:00,1139.76,3,0,0,1148.59,1147.5433333333326,1124.1133333333335,1147.67
2023-10-02 04:00:00,1147.67,4,0,0,1139.76,1145.3399999999995,1132.5833333333333,1214.96
2023-10-02 05:00:00,1214.96,5,0,0,1147.67,1167.463333333333,1151.9133333333334,1182.72
2023-10-02 06:00:00,1182.72,6,0,0,1214.96,1181.7833333333328,1164.6633333333332,1246.22
2023-10-02 07:00:00,1246.22,7,0,0,1182.72,1214.6333333333328,1179.9866666666667,1221.98
2023-10-02 08:00:00,1221.98,8,0,0,1246.22,1216.9733333333327,1192.2183333333335,1263.52
2023-10-02 09:00:00,1263.52,9,0,0,1221.98,1243.906666666666,1212.845,1267.43
2023-10-02 10:00:00,1267.43,10,0,0,1263.52,1250.9766666666662,1232.805,1272.01
2023-10-02 11:00:00,1272.01,11,0,0,1267.43,1267.6533333333327,1242.3133333333333,1257.88
2023-10-02 12:00:00,1257.88,12,0,0,1272.01,1265.7733333333329,1254.84,1245.94
2023-10-02 13:00:00,1245.94,13,0,0,1257.88,1258.6099999999994,1254.7933333333333,1233.38
2023-10-02 14:00:00,1233.38,14,0,0,1245.94,1245.733333333333,1256.6933333333334,1247.47
2023-10-02 15:00:00,1247.47,15,0,0,1233.38,1242.2633333333326,1254.0183333333334,1217.76
2023-10-02 16:00:00,1217.76,16,0,0,1247.47,1232.8699999999994,1245.74,1198.8
2023-10-02 17:00:00,1198.8,17,0,0,1217.76,1221.3433333333326,1233.5383333333332,1184.82
2023-10-02 18:00:00,1184.82,18,0,0,1198.8,1200.4599999999994,1221.3616666666667,1115.89
2023-10-02 19:00:00,1115.89,19,0,0,1184.82,1166.5033333333329,1199.6866666666667,1138.86
2023-10-02 20:00:00,1138.86,20,0,0,1115.89,1146.5233333333326,1183.9333333333334,1140.22
2023-10-02 21:00:00,1140.22,21,0,0,1138.86,1131.656666666666,1166.0583333333334,1132.36
2023-10-02 22:00:00,1132.36,22,0,0,1140.22,1137.1466666666659,1151.825,1112.58
2023-10-02 23:00:00,1112.58,23,0,0,1132.36,1128.386666666666,1137.455,1111.27
2023-10-03 00:00:00,1111.27,0,1,0,1112.58,1118.736666666666,1125.1966666666665,1125.41
2023-10-03 01:00:00,1125.41,1,1,0,1111.27,1116.4199999999994,1126.783333333333,1147.61
2023-10-03 02:00:00,1147.61,2,1,0,1125.41,1128.0966666666661,1128.2416666666666,1175.79
2023-10-03 03:00:00,1175.79,3,1,0,1147.61,1149.6033333333328,1134.1699999999998,1165.58
2023-10-03 04:00:00,1165.58,4,1,0,1175.79,1162.9933333333327,1139.7066666666667,1209.43
2023-10-03 05:00:00,1209.43,5,1,0,1165.58,1183.5999999999995,1155.8483333333334,1222.01
2023-10-03 06:00:00,1222.01,6,1,0,1209.43,1199.006666666666,1174.305,1241.26
2023-10-03 07:00:00,1241.26,7,1,0,1222.01,1224.2333333333327,1193.6133333333335,1260.54
2023-10-03 08:00:00,1260.54,8,1,0,1241.26,1241.2699999999993,1212.435,1274.85
2023-10-03 09:00:00,1274.85,9,1,0,1260.54,1258.8833333333325,1228.945,1290.6
2023-10-03 10:00:00,1290.6,10,1,0,1274.85,1275.3299999999992,1249.7816666666665,1273.76
2023-10-03 11:00:00,1273.76,11,1,0,1290.6,1279.736666666666,1260.5033333333333,1285.43
2023-10-03 12:00:00,1285.43,12,1,0,1273.76,1283.2633333333326,1271.0733333333335,1259.81
2023-10-03 13:00:00,1259.81,13,1,0,1285.43,1272.9999999999993,1274.165,1255.48
2023-10-03 14:00:00,1255.48,14,1,0,1259.81,1266.906666666666,1273.3216666666667,1250.3
2023-10-03 15:00:00,1250.3,15,1,0,1255.48,1255.196666666666,1269.2299999999998,1197.31
2023-10-03 16:00:00,1197.31,16,1,0,1250.3,1234.3633333333325,1253.6816666666666,1182.56
2023-10-03 17:00:00,1182.56,17,1,0,1197.31,1210.056666666666,1238.4816666666666,1200.4
2023-10-03 18:00:00,1200.4,18,1,0,1182.56,1193.4233333333327,1224.31,1173.96
2023-10-03 19:00:00,1173.96,19,1,0,1200.4,1185.6399999999994,1210.0016666666668,1145.8
2023-10-03 20:00:00,1145.8,20,1,0,1173.96,1173.386666666666,1191.7216666666666,1119.19
2023-10-03 21:00:00,1119.19,21,1,0,1145.8,1146.316666666666,1169.8700000000001,1137.83
2023-10-03 22:00:00,1137.83,22,1,0,1119.19,1134.2733333333326,1159.9566666666667,1127.98
2023-10-03 23:00:00,1127.98,23,1,0,1137.83,1128.3333333333328,1150.86,1092.09
2023-10-04 00:00:00,1092.09,0,2,0,1127.98,1119.2999999999995,1132.8083333333332,1105.7
2023-10-04 01:00:00,1105.7,1,2,0,1092.09,1108.5899999999992,1121.4316666666666,1112.29
2023-10-04 02:00:00,1112.29,2,2,0,1105.7,1103.3599999999994,1115.8466666666666,1171.25
2023-10-04 03:00:00,1171.25,3,2,0,1112.29,1129.746666666666,1124.5233333333333,1158.27
2023-10-04 04:00:00,1158.27,4,2,0,1171.25,1147.2699999999995,1127.93,1184.59
2023-10-04 05:00:00,1184.59,5,2,0,1158.27,1171.3699999999994,1137.365,1204.65
2023-10-04 06:00:00,1204.65,6,2,0,1184.59,1182.5033333333326,1156.125,1266.54
2023-10-04 07:00:00,1266.54,7,2,0,1204.65,1218.5933333333326,1182.9316666666666,1220.17
2023-10-04 08:00:00,1220.17,8,2,0,1266.54,1230.4533333333327,1200.9116666666666,1246.17
2023-10-04 09:00:00,1246.17,9,2,0,1220.17,1244.2933333333328,1213.3983333333333,1270.18
2023-10-04 10:00:00,1270.18,10,2,0,1246.17,1245.5066666666662,1232.05,1303.84
2023-10-04 11:00:00,1303.84,11,2,0,1270.18,1273.396666666666,1251.925,1269.28
2023-10-04 12:00:00,1269.28,12,2,0,1303.84,1281.0999999999995,1262.6966666666667,1262.54
2023-10-04 13:00:00,1262.54,13,2,0,1269.28,1278.5533333333326,1262.03,1258.26
2023-10-04 14:00:00,1258.26,14,2,0,1262.54,1263.3599999999994,1268.3783333333333,1260.25
2023-10-04 15:00:00,1260.25,15,2,0,1258.26,1260.3499999999995,1270.7250000000001,1245.11
2023-10-04 16:00:00,1245.11,16,2,0,1260.25,1254.5399999999993,1266.5466666666666,1174.46
2023-10-04 17:00:00,1174.46,17,2,0,1245.11,1226.606666666666,1244.9833333333333,1193.45
2023-10-04 18:00:00,1193.45,18,2,0,1174.46,1204.3399999999995,1232.345,1185.83
2023-10-04 19:00:00,1185.83,19,2,0,1193.45,1184.5799999999992,1219.56,1100.75
2023-10-04 20:00:00,1100.75,20,2,0,1185.83,1160.0099999999993,1193.3083333333332,1108.27
2023-10-04 21:00:00,1108.27,21,2,0,1100.75,1131.616666666666,1167.9783333333332,1110.11
2023-10-04 22:00:00,1110.11,22,2,0,1108.27,1106.376666666666,1145.4783333333332,1106.69
2023-10-04 23:00:00,1106.69,23,2,0,1110.11,1108.356666666666,1134.1833333333334,1098.42
2023-10-05 00:00:00,1098.42,0,3,0,1106.69,1105.0733333333328,1118.345,1117.28
2023-10-05 01:00:00,1117.28,1,3,0,1098.42,1107.463333333333,1106.92,1131.55
2023-10-05 02:00:00,1131.55,2,3,0,1117.28,1115.7499999999993,1112.0533333333333,1126.11
2023-10-05 03:00:00,1126.11,3,3,0,1131.55,1124.9799999999993,1115.0266666666666,1155.4
2023-10-05 04:00:00,1155.4,4,3,0,1126.11,1137.686666666666,1122.575,1193.02
2023-10-05 05:00:00,1193.02,5,3,0,1155.4,1158.176666666666,1136.9633333333334,1221.86
2023-10-05 06:00:00,1221.86,6,3,0,1193.02,1190.0933333333326,1157.5366666666666,1265.7
2023-10-05 07:00:00,1265.7,7,3,0,1221.86,1226.8599999999994,1182.2733333333333,1257.45
2023-10-05 08:00:00,1257.45,8,3,0,1265.7,1248.3366666666661,1203.256666666667,1269.99
2023-10-05 09:00:00,1269.99,9,3,0,1257.45,1264.3799999999994,1227.2366666666667,1249.34
2023-10-05 10:00:00,1249.34,10,3,0,1269.99,1258.926666666666,1242.8933333333334,1304.62
2023-10-05 11:00:00,1304.62,11,3,0,1249.34,1274.6499999999994,1261.493333333333,1276.18
2023-10-05 12:00:00,1276.18,12,3,0,1304.62,1276.7133333333327,1270.5466666666666,1234.44
2023-10-05 13:00:00,1234.44,13,3,0,1276.18,1271.7466666666662,1265.3366666666668,1256.68
2023-10-05 14:00:00,1256.68,14,3,0,1234.44,1255.7666666666662,1265.2083333333333,1227.92
2023-10-05 15:00:00,1227.92,15,3,0,1256.68,1239.6799999999994,1258.1966666666667,1192.35
2023-10-05 16:00:00,1192.35,16,3,0,1227.92,1225.6499999999994,1248.6983333333333,1230.19
2023-10-05 17:00:00,1230.19,17,3,0,1192.35,1216.8199999999995,1236.2933333333333,1159.74
2023-10-05 18:00:00,1159.74,18,3,0,1230.19,1194.0933333333326,1216.8866666666668,1148.19
2023-10-05 19:00:00,1148.19,19,3,0,1159.74,1179.3733333333328,1202.5116666666665,1139.74
2023-10-05 20:00:00,1139.74,20,3,0,1148.19,1149.2233333333327,1183.0216666666665,1122.01
2023-10-05 21:00:00,1122.01,21,3,0,1139.74,1136.646666666666,1165.37,1147.03
2023-10-05 22:00:00,1147.03,22,3,0,1122.01,1136.2599999999993,1157.8166666666666,1111.88
2023-10-05 23:00:00,1111.88,23,3,0,1147.03,1126.9733333333327,1138.0983333333334,1148.75
2023-10-06 00:00:00,1148.75,0,4,0,1111.88,1135.886666666666,1136.2666666666667,1146.06
2023-10-06 01:00:00,1146.06,1,4,0,1148.75,1135.5633333333328,1135.9116666666666,1137.12
2023-10-06 02:00:00,1137.12,2,4,0,1146.06,1143.9766666666662,1135.475,1161.52
2023-10-06 03:00:00,1161.52,3,4,0,1137.12,1148.2333333333327,1142.0600000000002,1185.13
2023-10-06 04:00:00,1185.13,4,4,0,1161.52,1161.256666666666,1148.4099999999999,1219.09
2023-10-06 05:00:00,1219.09,5,4,0,1185.13,1188.5799999999992,1166.2783333333334,1200.02
2023-10-06 06:00:00,1200.02,6,4,0,1219.09,1201.4133333333327,1174.8233333333335,1232.82
2023-10-06 07:00:00,1232.82,7,4,0,1200.02,1217.3099999999993,1189.2833333333333,1271.68
2023-10-06 08:00:00,1271.68,8,4,0,1232.82,1234.8399999999995,1211.71,1272.51
2023-10-06 09:00:00,1272.51,9,4,0,1271.68,1259.0033333333329,1230.2083333333333,1269.56
2023-10-06 10:00:00,1269.56,10,4,0,1272.51,1271.2499999999993,1244.28,1299.33
2023-10-06 11:00:00,1299.33,11,4,0,1269.56,1280.466666666666,1257.6533333333334,1280.1
2023-10-06 12:00:00,1280.1,12,4,0,1299.33,1282.996666666666,1271.0,1300.24
2023-10-06 13:00:00,1300.24,13,4,0,1280.1,1293.2233333333327,1282.2366666666667,1248.47
2023-10-06 14:00:00,1248.47,14,4,0,1300.24,1276.2699999999995,1278.368333333333,1230.47
2023-10-06 15:00:00,1230.47,15,4,0,1248.47,1259.726666666666,1271.3616666666665,1230.98
2023-10-06 16:00:00,1230.98,16,4,0,1230.47,1236.6399999999994,1264.9316666666666,1180.06
2023-10-06 17:00:00,1180.06,17,4,0,1230.98,1213.836666666666,1245.0533333333333,1170.54
2023-10-06 18:00:00,1170.54,18,4,0,1180.06,1193.8599999999994,1226.7933333333333,1141.25
2023-10-06 19:00:00,1141.25,19,4,0,1170.54,1163.9499999999994,1200.2949999999998,1135.25
2023-10-06 20:00:00,1135.25,20,4,0,1141.25,1149.0133333333326,1181.425,1148.57
2023-10-06 21:00:00,1148.57,21,4,0,1135.25,1141.6899999999994,1167.7749999999999,1091.46
2023-10-06 22:00:00,1091.46,22,4,0,1148.57,1125.0933333333326,1144.5216666666665,1129.62
2023-10-06 23:00:00,1129.62,23,4,0,1091.46,1123.216666666666,1136.115,1090.61
2023-10-07 00:00:00,1090.61,0,5,1,1129.62,1103.896666666666,1122.7933333333333,1117.06
2023-10-07 01:00:00,1117.06,1,5,1,1090.61,1112.4299999999992,1118.7616666666665,1098.16
2023-10-07 02:00:00,1098.16,2,5,1,1117.06,1101.9433333333327,1112.58,1094.32
2023-10-07 03:00:00,1094.32,3,5,1,1098.16,1103.1799999999994,1103.5383333333334,1149.14
2023-10-07 04:00:00,1149.14,4,5,1,1094.32,1113.8733333333328,1113.1516666666666,1184.29
2023-10-07 05:00:00,1184.29,5,5,1,1149.14,1142.5833333333328,1122.2633333333333,1181.02
2023-10-07 06:00:00,1181.02,6,5,1,1184.29,1171.4833333333327,1137.3316666666667,1221.63
2023-10-07 07:00:00,1221.63,7,5,1,1181.02,1195.6466666666659,1154.76,1237.12
2023-10-07 08:00:00,1237.12,8,5,1,1221.63,1213.256666666666,1177.9199999999998,1237.77
2023-10-07 09:00:00,1237.77,9,5,1,1237.12,1232.173333333333,1201.8283333333331,1255.43
2023-10-07 10:00:00,1255.43,10,5,1,1237.77,1243.4399999999994,1219.5433333333333,1239.05
2023-10-07 11:00:00,1239.05,11,5,1,1255.43,1244.0833333333328,1228.6699999999998,1258.24
2023-10-07 12:00:00,1258.24,12,5,1,1239.05,1250.906666666666,1241.54,1232.06
2023-10-07 13:00:00,1232.06,13,5,1,1258.24,1243.116666666666,1243.2783333333334,1226.94
2023-10-07 14:00:00,1226.94,14,5,1,1232.06,1239.0799999999995,1241.5816666666667,1217.45
2023-10-07 15:00:00,1217.45,15,5,1,1226.94,1225.4833333333327,1238.195,1194.95
2023-10-07 16:00:00,1194.95,16,5,1,1217.45,1213.1133333333328,1228.115,1211.89
2023-10-07 17:00:00,1211.89,17,5,1,1194.95,1208.0966666666661,1223.5883333333334,1156.56
2023-10-07 18:00:00,1156.56,18,5,1,1211.89,1187.7999999999995,1206.6416666666667,1157.4
2023-10-07 19:00:00,1157.4,19,5,1,1156.56,1175.2833333333328,1194.1983333333335,1112.26
2023-10-07 20:00:00,1112.26,20,5,1,1157.4,1142.0733333333326,1175.085,1109.6
2023-10-07 21:00:00,1109.6,21,5,1,1112.26,1126.4199999999994,1157.11,1100.68
2023-10-07 22:00:00,1100.68,22,5,1,1109.6,1107.5133333333326,1141.3983333333333,1115.58
2023-10-07 23:00:00,1115.58,23,5,1,1100.68,1108.6199999999992,1125.3466666666666,1089.42
2023-10-08 00:00:00,1089.42,0,6,1,1115.58,1101.8933333333327,1114.1566666666668,1129.36
2023-10-08 01:00:00,1129.36,1,6,1,1089.42,1111.4533333333327,1109.4833333333333,1091.37
2023-10-08 02:00:00,1091.37,2,6,1,1129.36,1103.3833333333325,1106.0016666666668,1133.82
2023-10-08 03:00:00,1133.82,3,6,1,1091.37,1118.1833333333325,1110.0383333333332,1178.31
2023-10-08 04:00:00,1178.31,4,6,1,1133.82,1134.4999999999993,1122.9766666666665,1191.56
2023-10-08 05:00:00,1191.56,5,6,1,1178.31,1167.8966666666659,1135.6399999999999,1191.34
2023-10-08 06:00:00,1191.34,6,6,1,1191.56,1187.0699999999995,1152.6266666666668,1221.4
2023-10-08 07:00:00,1221.4,7,6,1,1191.34,1201.4333333333327,1167.9666666666665,1228.07
2023-10-08 08:00:00,1228.07,8,6,1,1221.4,1213.6033333333326,1190.75,1266.28
2023-10-08 09:00:00,1266.28,9,6,1,1228.07,1238.5833333333328,1212.8266666666666,1243.63
2023-10-08 10:00:00,1243.63,10,6,1,1266.28,1245.9933333333327,1223.7133333333334,1276.88
2023-10-08 11:00:00,1276.88,11,6,1,1243.63,1262.2633333333326,1237.9333333333334,1234.37
2023-10-08 12:00:00,1234.37,12,6,1,1276.88,1251.626666666666,1245.105,1258.34
2023-10-08 13:00:00,1258.34,13,6,1,1234.37,1256.5299999999995,1251.2616666666665,1237.5
2023-10-08 14:00:00,1237.5,14,6,1,1258.34,1243.4033333333327,1252.8333333333333,1218.8
2023-10-08 15:00:00,1218.8,15,6,1,1237.5,1238.2133333333327,1244.9199999999998,1207.53
2023-10-08 16:00:00,1207.53,16,6,1,1218.8,1221.276666666666,1238.9033333333334,1156.48
2023-10-08 17:00:00,1156.48,17,6,1,1207.53,1194.2699999999995,1218.8366666666666,1175.03
2023-10-08 18:00:00,1175.03,18,6,1,1156.48,1179.6799999999994,1208.9466666666665,1142.06
2023-10-08 19:00:00,1142.06,19,6,1,1175.03,1157.8566666666661,1189.5666666666668,1111.2
2023-10-08 20:00:00,1111.2,20,6,1,1142.06,1142.7633333333326,1168.5166666666667,1112.46
2023-10-08 21:00:00,1112.46,21,6,1,1111.2,1121.906666666666,1150.7933333333333,1105.85
2023-10-08 22:00:00,1105.85,22,6,1,1112.46,1109.8366666666661,1133.8466666666666,1079.32
2023-10-08 23:00:00,1079.32,23,6,1,1105.85,1099.2099999999994,1120.9866666666667,1106.74
2023-10-09 00:00:00,1106.74,0,0,0,1079.32,1097.3033333333326,1109.605,1131.34
2023-10-09 01:00:00,1131.34,1,0,0,1106.74,1105.7999999999993,1107.8183333333334,1142.35
2023-10-09 02:00:00,1142.35,2,0,0,1131.34,1126.8099999999993,1113.01,1156.8
2023-10-09 03:00:00,1156.8,3,0,0,1142.35,1143.496666666666,1120.3999999999999,1152.45
2023-10-09 04:00:00,1152.45,4,0,0,1156.8,1150.5333333333326,1128.1666666666665,1183.81
2023-10-09 05:00:00,1183.81,5,0,0,1152.45,1164.3533333333328,1145.5816666666667,1223.37
2023-10-09 06:00:00,1223.37,6,0,0,1183.81,1186.5433333333328,1165.02,1242.07
2023-10-09 07:00:00,1242.07,7,0,0,1223.37,1216.416666666666,1183.475,1237.8
2023-10-09 08:00:00,1237.8,8,0,0,1242.07,1234.4133333333327,1199.3833333333334,1280.62
2023-10-09 09:00:00,1280.62,9,0,0,1237.8,1253.496666666666,1220.02,1252.17
2023-10-09 10:00:00,1252.17,10,0,0,1280.62,1256.8633333333328,1236.64,1276.94
2023-10-09 11:00:00,1276.94,11,0,0,1252.17,1269.9099999999994,1252.1616666666666,1290.34
2023-10-09 12:00:00,1290.34,12,0,0,1276.94,1273.1499999999994,1263.3233333333333,1262.55
2023-10-09 13:00:00,1262.55,13,0,0,1290.34,1276.6099999999994,1266.7366666666667,1272.97
2023-10-09 14:00:00,1272.97,14,0,0,1262.55,1275.286666666666,1272.5983333333334,1232.37
2023-10-09 15:00:00,1232.37,15,0,0,1272.97,1255.9633333333325,1264.5566666666666,1208.06
2023-10-09 16:00:00,1208.06,16,0,0,1232.37,1237.7999999999993,1257.205,1219.32
2023-10-09 17:00:00,1219.32,17,0,0,1208.06,1219.9166666666658,1247.6016666666667,1174.99
2023-10-09 18:00:00,1174.99,18,0,0,1219.32,1200.7899999999993,1228.3766666666668,1173.75
2023-10-09 19:00:00,1173.75,19,0,0,1174.99,1189.3533333333326,1213.5766666666666,1175.81
2023-10-09 20:00:00,1175.81,20,0,0,1173.75,1174.8499999999995,1197.3833333333334,1108.0
2023-10-09 21:00:00,1108.0,21,0,0,1175.81,1152.5199999999995,1176.655,1102.85
2023-10-09 22:00:00,1102.85,22,0,0,1108.0,1128.886666666666,1159.12,1114.25
2023-10-09 23:00:00,1114.25,23,0,0,1102.85,1108.3666666666659,1141.6083333333333,1105.0
2023-10-10 00:00:00,1105.0,0,1,0,1114.25,1107.3666666666659,1129.9433333333334,1161.76
2023-10-10 01:00:00,1161.76,1,1,0,1105.0,1127.0033333333329,1127.945,1154.3
2023-10-10 02:00:00,1154.3,2,1,0,1161.76,1140.3533333333328,1124.36,1143.37
2023-10-10 03:00:00,1143.37,3,1,0,1154.3,1153.1433333333327,1130.2549999999999,1166.98
2023-10-10 04:00:00,1166.98,4,1,0,1143.37,1154.8833333333325,1140.9433333333334,1211.69
2023-10-10 05:00:00,1211.69,5,1,0,1166.98,1174.0133333333326,1157.1833333333334,1220.92
2023-10-10 06:00:00,1220.92,6,1,0,1211.69,1199.8633333333328,1176.5033333333333,1291.68
2023-10-10 07:00:00,1291.68,7,1,0,1220.92,1241.4299999999996,1198.1566666666668,1274.83
2023-10-10 08:00:00,1274.83,8,1,0,1291.68,1262.4766666666662,1218.2450000000001,1266.33
2023-10-10 09:00:00,1266.33,9,1,0,1274.83,1277.6133333333328,1238.7383333333335,1279.74
2023-10-10 10:00:00,1279.74,10,1,0,1266.33,1273.6333333333325,1257.5316666666668,1319.51
2023-10-10 11:00:00,1319.51,11,1,0,1279.74,1288.526666666666,1275.5016666666668,1283.32
2023-10-10 12:00:00,1283.32,12,1,0,1319.51,1294.1899999999994,1285.9016666666666,1255.84
2023-10-10 13:00:00,1255.84,13,1,0,1283.32,1286.2233333333327,1279.9283333333333,1307.15
2023-10-10 14:00:00,1307.15,14,1,0,1255.84,1282.1033333333328,1285.3149999999998,1219.31
2023-10-10 15:00:00,1219.31,15,1,0,1307.15,1260.766666666666,1277.4783333333332,1246.5
2023-10-10 16:00:00,1246.5,16,1,0,1219.31,1257.6533333333327,1271.9383333333333,1225.43
2023-10-10 17:00:00,1225.43,17,1,0,1246.5,1230.4133333333327,1256.2583333333332,1173.23
2023-10-10 18:00:00,1173.23,18,1,0,1225.43,1215.0533333333326,1237.91,1150.95
2023-10-10 19:00:00,1150.95,19,1,0,1173.23,1183.2033333333327,1220.4283333333333,1133.89
2023-10-10 20:00:00,1133.89,20,1,0,1150.95,1152.6899999999996,1191.5516666666667,1112.93
2023-10-10 21:00:00,1112.93,21,1,0,1133.89,1132.5899999999995,1173.8216666666667,1111.5
2023-10-10 22:00:00,1111.5,22,1,0,1112.93,1119.4399999999994,1151.3216666666667,1109.07
2023-10-10 23:00:00,1109.07,23,1,0,1111.5,1111.166666666666,1131.9283333333333,1149.18
2023-10-11 00:00:00,1149.18,0,2,0,1109.07,1123.2499999999993,1127.92,1114.73
2023-10-11 01:00:00,1114.73,1,2,0,1149.18,1124.3266666666661,1121.8833333333334,1142.91
2023-10-11 02:00:00,1142.91,2,2,0,1114.73,1135.606666666666,1123.3866666666665,1166.89
2023-10-11 03:00:00,1166.89,3,2,0,1142.91,1141.5099999999995,1132.3799999999999,1206.98
2023-10-11 04:00:00,1206.98,4,2,0,1166.89,1172.2599999999995,1148.2933333333333,1183.23
2023-10-11 05:00:00,1183.23,5,2,0,1206.98,1185.6999999999994,1160.6533333333334,1222.0
2023-10-11 06:00:00,1222.0,6,2,0,1183.23,1204.0699999999995,1172.79,1242.07
2023-10-11 07:00:00,1242.07,7,2,0,1222.0,1215.7666666666662,1194.0133333333333,1247.26
2023-10-11 08:00:00,1247.26,8,2,0,1242.07,1237.1099999999994,1211.405,1290.65
2023-10-11 09:00:00,1290.65,9,2,0,1247.26,1259.9933333333327,1232.0316666666668,1290.99
2023-10-11 10:00:00,1290.99,10,2,0,1290.65,1276.2999999999993,1246.0333333333333,1265.6
2023-10-11 11:00:00,1265.6,11,2,0,1290.99,1282.4133333333327,1259.7616666666665,1279.9
2023-10-11 12:00:00,1279.9,12,2,0,1265.6,1278.8299999999992,1269.4116666666666,1274.45
2023-10-11 13:00:00,1274.45,13,2,0,1279.9,1273.3166666666662,1274.8083333333332,1277.65
2023-10-11 14:00:00,1277.65,14,2,0,1274.45,1277.3333333333328,1279.8733333333334,1247.3
2023-10-11 15:00:00,1247.3,15,2,0,1277.65,1266.4666666666662,1272.6483333333333,1251.35
2023-10-11 16:00:00,1251.35,16,2,0,1247.3,1258.7666666666662,1266.0416666666667,1199.77
2023-10-11 17:00:00,1199.77,17,2,0,1251.35,1232.8066666666662,1255.07,1204.76
2023-10-11 18:00:00,1204.76,18,2,0,1199.77,1218.6266666666659,1242.5466666666666,1152.62
2023-10-11 19:00:00,1152.62,19,2,0,1204.76,1185.716666666666,1222.2416666666666,1096.23
2023-10-11 20:00:00,1096.23,20,2,0,1152.62,1151.2033333333327,1192.0049999999999,1133.73
2023-10-11 21:00:00,1133.73,21,2,0,1096.23,1127.526666666666,1173.0766666666666,1145.81
2023-10-11 22:00:00,1145.81,22,2,0,1133.73,1125.256666666666,1155.4866666666667,1090.44
2023-10-11 23:00:00,1090.44,23,2,0,1145.81,1123.3266666666661,1137.2649999999999,1113.5
2023-10-12 00:00:00,1113.5,0,3,0,1090.44,1116.5833333333328,1122.055,1118.95
2023-10-12 01:00:00,1118.95,1,3,0,1113.5,1107.6299999999994,1116.4433333333334,1142.92
2023-10-12 02:00:00,1142.92,2,3,0,1118.95,1125.1233333333328,1124.2250000000001,1168.03
2023-10-12 03:00:00,1168.03,3,3,0,1142.92,1143.2999999999995,1129.9416666666668,1131.18
2023-10-12 04:00:00,1131.18,4,3,0,1168.03,1147.376666666666,1127.5033333333333,1168.49
2023-10-12 05:00:00,1168.49,5,3,0,1131.18,1155.8999999999994,1140.5116666666668,1209.39
2023-10-12 06:00:00,1209.39,6,3,0,1168.49,1169.6866666666663,1156.4933333333336,1233.39
2023-10-12 07:00:00,1233.39,7,3,0,1209.39,1203.756666666666,1175.5666666666666,1245.66
2023-10-12 08:00:00,1245.66,8,3,0,1233.39,1229.4799999999996,1192.6899999999998,1284.08
2023-10-12 09:00:00,1284.08,9,3,0,1245.66,1254.376666666666,1212.0316666666668,1279.11
2023-10-12 10:00:00,1279.11,10,3,0,1284.08,1269.616666666666,1236.6866666666667,1286.19
2023-10-12 11:00:00,1286.19,11,3,0,1279.11,1283.1266666666659,1256.3033333333333,1281.2
2023-10-12 12:00:00,1281.2,12,3,0,1286.19,1282.166666666666,1268.2716666666668,1293.71
2023-10-12 13:00:00,1293.71,13,3,0,1281.2,1287.0333333333328,1278.325,1260.18
2023-10-12 14:00:00,1260.18,14,3,0,1293.71,1278.3633333333328,1280.7450000000001,1249.65
2023-10-12 15:00:00,1249.65,15,3,0,1260.18,1267.8466666666661,1275.0066666666667,1241.57
2023-10-12 16:00:00,1241.57,16,3,0,1249.65,1250.466666666666,1268.75,1170.86
2023-10-12 17:00:00,1170.86,17,3,0,1241.57,1220.6933333333327,1249.5283333333334,1183.21
2023-10-12 18:00:00,1183.21,18,3,0,1170.86,1198.546666666666,1233.1966666666665,1180.7
2023-10-12 19:00:00,1180.7,19,3,0,1183.21,1178.256666666666,1214.3616666666667,1133.09
2023-10-12 20:00:00,1133.09,20,3,0,1180.7,1165.666666666666,1193.18,1131.97
2023-10-12 21:00:00,1131.97,21,3,0,1133.09,1148.5866666666661,1173.5666666666666,1117.11
2023-10-12 22:00:00,1117.11,22,3,0,1131.97,1127.3899999999994,1152.8233333333333,1133.14
2023-10-12 23:00:00,1133.14,23,3,0,1117.11,1127.406666666666,1146.5366666666666,1109.98
2023-10-13 00:00:00,1109.98,0,4,0,1133.14,1120.076666666666,1134.3316666666667,1154.51
2023-10-13 01:00:00,1154.51,1,4,0,1109.98,1132.5433333333328,1129.9666666666665,1135.08
2023-10-13 02:00:00,1135.08,2,4,0,1154.51,1133.1899999999994,1130.2983333333334,1157.41
2023-10-13 03:00:00,1157.41,3,4,0,1135.08,1148.9999999999993,1134.5383333333332,1185.74
2023-10-13 04:00:00,1185.74,4,4,0,1157.41,1159.4099999999994,1145.9766666666667,1200.8
2023-10-13 05:00:00,1200.8,5,4,0,1185.74,1181.316666666666,1157.2533333333333,1166.15
2023-10-13 06:00:00,1166.15,6,4,0,1200.8,1184.2299999999996,1166.615,1217.9
2023-10-13 07:00:00,1217.9,7,4,0,1166.15,1194.9499999999996,1177.18,1264.8
2023-10-13 08:00:00,1264.8,8,4,0,1217.9,1216.2833333333326,1198.8,1215.81
2023-10-13 09:00:00,1215.81,9,4,0,1264.8,1232.836666666666,1208.5333333333333,1315.68
2023-10-13 10:00:00,1315.68,10,4,0,1215.81,1265.4299999999994,1230.1899999999998,1271.46
2023-10-13 11:00:00,1271.46,11,4,0,1315.68,1267.6499999999994,1241.966666666667,1245.87
2023-10-13 12:00:00,1245.87,12,4,0,1271.46,1277.6699999999994,1255.2533333333333,1273.93
2023-10-13 13:00:00,1273.93,13,4,0,1245.87,1263.7533333333326,1264.5916666666667,1261.15
2023-10-13 14:00:00,1261.15,14,4,0,1273.93,1260.3166666666662,1263.9833333333333,1245.32
2023-10-13 15:00:00,1245.32,15,4,0,1261.15,1260.1333333333325,1268.9016666666666,1246.08
2023-10-13 16:00:00,1246.08,16,4,0,1245.32,1250.8499999999995,1257.3016666666665,1215.69
2023-10-13 17:00:00,1215.69,17,4,0,1246.08,1235.696666666666,1248.006666666667,1193.34
2023-10-13 18:00:00,1193.34,18,4,0,1215.69,1218.3699999999994,1239.2516666666666,1183.87
2023-10-13 19:00:00,1183.87,19,4,0,1193.34,1197.6333333333325,1224.2416666666666,1149.77
2023-10-13 20:00:00,1149.77,20,4,0,1183.87,1175.6599999999994,1205.6783333333333,1093.41
2023-10-13 21:00:00,1093.41,21,4,0,1149.77,1142.3499999999995,1180.36,1128.0
2023-10-13 22:00:00,1128.0,22,4,0,1093.41,1123.7266666666662,1160.68,1141.99
2023-10-13 23:00:00,1141.99,23,4,0,1128.0,1121.1333333333328,1148.3966666666665,1138.73
2023-10-14 00:00:00,1138.73,0,5,1,1141.99,1136.2399999999993,1139.295,1092.64
2023-10-14 01:00:00,1092.64,1,5,1,1138.73,1124.453333333333,1124.0900000000001,1131.71
2023-10-14 02:00:00,1131.71,2,5,1,1092.64,1121.026666666666,1121.08,1125.48
2023-10-14 03:00:00,1125.48,3,5,1,1131.71,1116.6099999999994,1126.425,1150.51
2023-10-14 04:00:00,1150.51,4,5,1,1125.48,1135.8999999999994,1130.1766666666667,1156.85
2023-10-14 05:00:00,1156.85,5,5,1,1150.51,1144.2799999999993,1132.6533333333334,1210.11
2023-10-14 06:00:00,1210.11,6,5,1,1156.85,1172.489999999999,1144.55,1193.4
2023-10-14 07:00:00,1193.4,7,5,1,1210.11,1186.786666666666,1161.3433333333335,1217.13
2023-10-14 08:00:00,1217.13,8,5,1,1193.4,1206.8799999999994,1175.5800000000002,1242.22
2023-10-14 09:00:00,1242.22,9,5,1,1217.13,1217.5833333333328,1195.0366666666666,1243.07
2023-10-14 10:00:00,1243.07,10,5,1,1242.22,1234.1399999999994,1210.4633333333334,1271.51
2023-10-14 11:00:00,1271.51,11,5,1,1243.07,1252.2666666666662,1229.5733333333335,1254.62
2023-10-14 12:00:00,1254.62,12,5,1,1271.51,1256.3999999999994,1236.9916666666666,1262.72
2023-10-14 13:00:00,1262.72,13,5,1,1254.62,1262.9499999999996,1248.545,1203.83
2023-10-14 14:00:00,1203.83,14,5,1,1262.72,1240.3899999999994,1246.3283333333331,1223.58
2023-10-14 15:00:00,1223.58,15,5,1,1203.83,1230.0433333333328,1243.2216666666666,1182.98
2023-10-14 16:00:00,1182.98,16,5,1,1223.58,1203.4633333333325,1233.2066666666667,1162.06
2023-10-14 17:00:00,1162.06,17,5,1,1182.98,1189.5399999999993,1214.965,1144.61
2023-10-14 18:00:00,1144.61,18,5,1,1162.06,1163.216666666666,1196.6299999999999,1134.54
2023-10-14 19:00:00,1134.54,19,5,1,1144.61,1147.0699999999995,1175.2666666666667,1105.11
2023-10-14 20:00:00,1105.11,20,5,1,1134.54,1128.086666666666,1158.8133333333333,1146.42
2023-10-14 21:00:00,1146.42,21,5,1,1105.11,1128.6899999999994,1145.9533333333331,1112.51
2023-10-14 22:00:00,1112.51,22,5,1,1146.42,1121.3466666666661,1134.2083333333333,1119.5
2023-10-14 23:00:00,1119.5,23,5,1,1112.51,1126.1433333333327,1127.115,1094.73
2023-10-15 00:00:00,1094.73,0,6,1,1119.5,1108.9133333333327,1118.8016666666665,1122.62
2023-10-15 01:00:00,1122.62,1,6,1,1094.73,1112.2833333333326,1116.8149999999998,1124.79
2023-10-15 02:00:00,1124.79,2,6,1,1122.62,1114.046666666666,1120.095,1149.61
2023-10-15 03:00:00,1149.61,3,6,1,1124.79,1132.3399999999992,1120.6266666666668,1166.8
2023-10-15 04:00:00,1166.8,4,6,1,1149.61,1147.066666666666,1129.675,1170.19
2023-10-15 05:00:00,1170.19,5,6,1,1166.8,1162.1999999999994,1138.1233333333332,1226.83
2023-10-15 06:00:00,1226.83,6,6,1,1170.19,1187.9399999999994,1160.14,1185.19
2023-10-15 07:00:00,1185.19,7,6,1,1226.83,1194.0699999999995,1170.5683333333334,1210.13
2023-10-15 08:00:00,1210.13,8,6,1,1185.19,1207.3833333333328,1184.7916666666667,1248.34
2023-10-15 09:00:00,1248.34,9,6,1,1210.13,1214.5533333333326,1201.2466666666667,1267.48
2023-10-15 10:00:00,1267.48,10,6,1,1248.34,1241.9833333333327,1218.0266666666666,1277.08
2023-10-15 11:00:00,1277.08,11,6,1,1267.48,1264.2999999999993,1235.8416666666665,1256.7
2023-10-15 12:00:00,1256.7,12,6,1,1277.08,1267.086666666666,1240.82,1215.15
2023-10-15 13:00:00,1215.15,13,6,1,1256.7,1249.6433333333327,1245.8133333333333,1217.32
2023-10-15 14:00:00,1217.32,14,6,1,1215.15,1229.7233333333327,1247.0116666666665,1225.25
2023-10-15 15:00:00,1225.25,15,6,1,1217.32,1219.2399999999996,1243.1633333333332,1172.16
2023-10-15 16:00:00,1172.16,16,6,1,1225.25,1204.9099999999994,1227.2766666666669,1173.86
2023-10-15 17:00:00,1173.86,17,6,1,1172.16,1190.4233333333325,1210.0733333333333,1162.58
2023-10-15 18:00:00,1162.58,18,6,1,1173.86,1169.5333333333326,1194.3866666666665,1135.67
2023-10-15 19:00:00,1135.67,19,6,1,1162.58,1157.3699999999992,1181.14,1101.01
2023-10-15 20:00:00,1101.01,20,6,1,1135.67,1133.0866666666661,1161.755,1087.29
2023-10-15 21:00:00,1087.29,21,6,1,1101.01,1107.9899999999996,1138.7616666666668,1109.24
2023-10-15 22:00:00,1109.24,22,6,1,1087.29,1099.1799999999994,1128.2749999999999,1074.58
2023-10-15 23:00:00,1074.58,23,6,1,1109.24,1090.3699999999992,1111.7283333333332,1118.01
2023-10-16 00:00:00,1118.01,0,0,0,1074.58,1100.6099999999994,1104.3,1133.01
2023-10-16 01:00:00,1133.01,1,0,0,1118.01,1108.5333333333328,1103.8566666666666,1137.18
2023-10-16 02:00:00,1137.18,2,0,0,1133.01,1129.3999999999994,1109.885,1159.48
2023-10-16 03:00:00,1159.48,3,0,0,1137.18,1143.2233333333327,1121.9166666666667,1160.98
2023-10-16 04:00:00,1160.98,4,0,0,1159.48,1152.546666666666,1130.54,1190.42
2023-10-16 05:00:00,1190.42,5,0,0,1160.98,1170.2933333333328,1149.8466666666666,1233.62
2023-10-16 06:00:00,1233.62,6,0,0,1190.42,1195.006666666666,1169.115,1235.28
2023-10-16 07:00:00,1235.28,7,0,0,1233.62,1219.7733333333326,1186.16,1275.06
2023-10-16 08:00:00,1275.06,8,0,0,1235.28,1247.986666666666,1209.14,1257.72
2023-10-16 09:00:00,1257.72,9,0,0,1275.06,1256.0199999999993,1225.5133333333333,1293.81
2023-10-16 10:00:00,1293.81,10,0,0,1257.72,1275.5299999999993,1247.6516666666666,1309.0
2023-10-16 11:00:00,1309.0,11,0,0,1293.81,1286.8433333333326,1267.415,1292.59
2023-10-16 12:00:00,1292.59,12,0,0,1309.0,1298.466666666666,1277.2433333333333,1265.88
2023-10-16 13:00:00,1265.88,13,0,0,1292.59,1289.156666666666,1282.3433333333335,1250.54
2023-10-16 14:00:00,1250.54,14,0,0,1265.88,1269.6699999999994,1278.2566666666667,1265.33
2023-10-16 15:00:00,1265.33,15,0,0,1250.54,1260.5833333333328,1279.5249999999999,1231.16
2023-10-16 16:00:00,1231.16,16,0,0,1265.33,1249.0099999999993,1269.0833333333333,1191.41
2023-10-16 17:00:00,1191.41,17,0,0,1231.16,1229.2999999999993,1249.485,1162.04
2023-10-16 18:00:00,1162.04,18,0,0,1191.41,1194.8699999999992,1227.7266666666667,1123.41
2023-10-16 19:00:00,1123.41,19,0,0,1162.04,1158.9533333333327,1203.9816666666668,1129.23
2023-10-16 20:00:00,1129.23,20,0,0,1123.41,1138.226666666666,1183.7633333333333,1115.03
2023-10-16 21:00:00,1115.03,21,0,0,1129.23,1122.5566666666662,1158.7133333333334,1138.77
2023-10-16 22:00:00,1138.77,22,0,0,1115.03,1127.676666666666,1143.315,1144.64
2023-10-16 23:00:00,1144.64,23,0,0,1138.77,1132.8133333333328,1135.52,1092.97
2023-10-17 00:00:00,1092.97,0,1,0,1144.64,1125.4599999999994,1124.0083333333332,1132.06
2023-10-17 01:00:00,1132.06,1,1,0,1092.97,1123.2233333333327,1125.45,1158.27
2023-10-17 02:00:00,1158.27,2,1,0,1132.06,1127.7666666666662,1130.29,1152.56
2023-10-17 03:00:00,1152.56,3,1,0,1158.27,1147.6299999999992,1136.5449999999998,1181.0
2023-10-17 04:00:00,1181.0,4,1,0,1152.56,1163.9433333333327,1143.5833333333333,1179.04
2023-10-17 05:00:00,1179.04,5,1,0,1181.0,1170.8666666666659,1149.3166666666666,1218.14
2023-10-17 06:00:00,1218.14,6,1,0,1179.04,1192.7266666666662,1170.1783333333335,1232.61
2023-10-17 07:00:00,1232.61,7,1,0,1218.14,1209.9299999999994,1186.9366666666667,1244.07
2023-10-17 08:00:00,1244.07,8,1,0,1232.61,1231.6066666666661,1201.2366666666667,1228.22
2023-10-17 09:00:00,1228.22,9,1,0,1244.07,1234.966666666666,1213.8466666666666,1257.3
2023-10-17 10:00:00,1257.3,10,1,0,1228.22,1243.196666666666,1226.5633333333333,1275.44
2023-10-17 11:00:00,1275.44,11,1,0,1257.3,1253.6533333333327,1242.6299999999999,1265.46
2023-10-17 12:00:00,1265.46,12,1,0,1275.44,1266.066666666666,1250.5166666666667,1283.48
2023-10-17 13:00:00,1283.48,13,1,0,1265.46,1274.7933333333328,1258.9950000000001,1271.69
2023-10-17 14:00:00,1271.69,14,1,0,1283.48,1273.5433333333328,1263.5983333333334,1257.47
2023-10-17 15:00:00,1257.47,15,1,0,1271.69,1270.8799999999994,1268.4733333333334,1206.78
2023-10-17 16:00:00,1206.78,16,1,0,1257.47,1245.3133333333328,1260.0533333333333,1204.79
2023-10-17 17:00:00,1204.79,17,1,0,1206.78,1223.0133333333326,1248.2783333333334,1168.67
2023-10-17 18:00:00,1168.67,18,1,0,1204.79,1193.4133333333327,1232.1466666666668,1148.87
2023-10-17 19:00:00,1148.87,19,1,0,1168.67,1174.1099999999994,1209.7116666666666,1150.5
2023-10-17 20:00:00,1150.5,20,1,0,1148.87,1156.0133333333326,1189.5133333333333,1128.93
2023-10-17 21:00:00,1128.93,21,1,0,1150.5,1142.7666666666662,1168.09,1113.12
2023-10-17 22:00:00,1113.12,22,1,0,1128.93,1130.8499999999995,1152.48,1142.8
2023-10-17 23:00:00,1142.8,23,1,0,1113.12,1128.2833333333326,1142.1483333333333,1097.79
2023-10-18 00:00:00,1097.79,0,2,0,1142.8,1117.9033333333327,1130.335,1122.67
2023-10-18 01:00:00,1122.67,1,2,0,1097.79,1121.0866666666661,1125.9683333333335,1120.43
2023-10-18 02:00:00,1120.43,2,2,0,1122.67,1113.6299999999994,1120.9566666666667,1160.91
2023-10-18 03:00:00,1160.91,3,2,0,1120.43,1134.6699999999994,1126.2866666666666,1144.46
2023-10-18 04:00:00,1144.46,4,2,0,1160.91,1141.9333333333327,1131.51,1197.92
2023-10-18 05:00:00,1197.92,5,2,0,1144.46,1167.7633333333326,1140.6966666666667,1208.39
2023-10-18 06:00:00,1208.39,6,2,0,1197.92,1183.5899999999995,1159.13,1218.53
2023-10-18 07:00:00,1218.53,7,2,0,1208.39,1208.2799999999995,1175.1066666666668,1273.77
2023-10-18 08:00:00,1273.77,8,2,0,1218.53,1233.5633333333328,1200.6633333333334,1268.66
2023-10-18 09:00:00,1268.66,9,2,0,1273.77,1253.6533333333327,1218.6216666666667,1306.51
2023-10-18 10:00:00,1306.51,10,2,0,1268.66,1282.9799999999993,1245.6299999999999,1277.84
2023-10-18 11:00:00,1277.84,11,2,0,1306.51,1284.3366666666661,1258.95,1284.76
2023-10-18 12:00:00,1284.76,12,2,0,1277.84,1289.7033333333327,1271.6783333333333,1276.03
2023-10-18 13:00:00,1276.03,13,2,0,1284.76,1279.5433333333328,1281.2616666666665,1284.17
2023-10-18 14:00:00,1284.17,14,2,0,1276.03,1281.6533333333327,1282.9950000000001,1289.55
2023-10-18 15:00:00,1289.55,15,2,0,1284.17,1283.2499999999993,1286.4766666666667,1207.57
2023-10-18 16:00:00,1207.57,16,2,0,1289.55,1260.4299999999994,1269.9866666666667,1177.79
2023-10-18 17:00:00,1177.79,17,2,0,1207.57,1224.9699999999993,1253.3116666666667,1185.21
2023-10-18 18:00:00,1185.21,18,2,0,1177.79,1190.1899999999994,1236.72,1222.6
2023-10-18 19:00:00,1222.6,19,2,0,1185.21,1195.1999999999996,1227.8149999999998,1137.15
2023-10-18 20:00:00,1137.15,20,2,0,1222.6,1181.6533333333327,1203.3116666666667,1120.18
2023-10-18 21:00:00,1120.18,21,2,0,1137.15,1159.9766666666662,1175.0833333333333,1070.34
2023-10-18 22:00:00,1070.34,22,2,0,1120.18,1109.2233333333327,1152.2116666666668,1152.43
2023-10-18 23:00:00,1152.43,23,2,0,1070.34,1114.3166666666662,1147.985,1122.73
2023-10-19 00:00:00,1122.73,0,3,0,1152.43,1115.166666666666,1137.5716666666667,1129.87
2023-10-19 01:00:00,1129.87,1,3,0,1122.73,1135.0099999999993,1122.1166666666666,1150.49
2023-10-19 02:00:00,1150.49,2,3,0,1129.87,1134.3633333333328,1124.34,1183.4
2023-10-19 03:00:00,1183.4,3,3,0,1150.49,1154.5866666666661,1134.8766666666668,1158.17
2023-10-19 04:00:00,1158.17,4,3,0,1183.4,1164.0199999999995,1149.515,1199.31
2023-10-19 05:00:00,1199.31,5,3,0,1158.17,1180.2933333333328,1157.3283333333334,1222.18
2023-10-19 06:00:00,1222.18,6,3,0,1199.31,1193.2199999999993,1173.9033333333334,1225.2
2023-10-19 07:00:00,1225.2,7,3,0,1222.18,1215.5633333333326,1189.7916666666667,1260.3
2023-10-19 08:00:00,1260.3,8,3,0,1225.2,1235.8933333333327,1208.0933333333335,1288.08
2023-10-19 09:00:00,1288.08,9,3,0,1260.3,1257.8599999999994,1225.54,1260.4
2023-10-19 10:00:00,1260.4,10,3,0,1288.08,1269.5933333333328,1242.5783333333331,1284.33
2023-10-19 11:00:00,1284.33,11,3,0,1260.4,1277.6033333333328,1256.7483333333332,1295.68
2023-10-19 12:00:00,1295.68,12,3,0,1284.33,1280.136666666666,1268.9983333333332,1308.77
2023-10-19 13:00:00,1308.77,13,3,0,1295.68,1296.2599999999993,1282.9266666666665,1270.07
2023-10-19 14:00:00,1270.07,14,3,0,1308.77,1291.506666666666,1284.555,1253.1
2023-10-19 15:00:00,1253.1,15,3,0,1270.07,1277.3133333333328,1278.725,1243.73
2023-10-19 16:00:00,1243.73,16,3,0,1253.1,1255.6333333333328,1275.9466666666667,1210.97
2023-10-19 17:00:00,1210.97,17,3,0,1243.73,1235.9333333333327,1263.72,1175.04
2023-10-19 18:00:00,1175.04,18,3,0,1210.97,1209.9133333333327,1243.6133333333335,1159.85
2023-10-19 19:00:00,1159.85,19,3,0,1175.04,1181.9533333333327,1218.7933333333333,1124.63
2023-10-19 20:00:00,1124.63,20,3,0,1159.85,1153.1733333333325,1194.5533333333333,1131.88
2023-10-19 21:00:00,1131.88,21,3,0,1124.63,1138.786666666666,1174.3500000000001,1094.16
2023-10-19 22:00:00,1094.16,22,3,0,1131.88,1116.8899999999996,1149.4216666666666,1060.72
2023-10-19 23:00:00,1060.72,23,3,0,1094.16,1095.5866666666661,1124.3799999999999,1133.6
2023-10-20 00:00:00,1133.6,0,4,0,1060.72,1096.1599999999992,1117.4733333333334,1120.73
2023-10-20 01:00:00,1120.73,1,4,0,1133.6,1105.0166666666662,1110.9533333333334,1125.39
2023-10-20 02:00:00,1125.39,2,4,0,1120.73,1126.5733333333326,1111.0800000000002,1170.84
2023-10-20 03:00:00,1170.84,3,4,0,1125.39,1138.986666666666,1117.5733333333335,1206.42
2023-10-20 04:00:00,1206.42,4,4,0,1170.84,1167.5499999999995,1136.2833333333335,1190.38
2023-10-20 05:00:00,1190.38,5,4,0,1206.42,1189.213333333333,1157.8933333333334,1239.26
2023-10-20 06:00:00,1239.26,6,4,0,1190.38,1212.0199999999993,1175.5033333333333,1243.01
2023-10-20 07:00:00,1243.01,7,4,0,1239.26,1224.2166666666662,1195.8833333333334,1235.83
2023-10-20 08:00:00,1235.83,8,4,0,1243.01,1239.366666666666,1214.29,1265.09
2023-10-20 09:00:00,1265.09,9,4,0,1235.83,1247.976666666666,1229.9983333333332,1271.88
2023-10-20 10:00:00,1271.88,10,4,0,1265.09,1257.5999999999995,1240.9083333333333,1295.68
2023-10-20 11:00:00,1295.68,11,4,0,1271.88,1277.5499999999995,1258.4583333333333,1263.73
2023-10-20 12:00:00,1263.73,12,4,0,1295.68,1277.0966666666661,1262.5366666666666,1308.41
2023-10-20 13:00:00,1308.41,13,4,0,1263.73,1289.2733333333329,1273.4366666666667,1250.49
2023-10-20 14:00:00,1250.49,14,4,0,1308.41,1274.2099999999994,1275.88,1236.05
2023-10-20 15:00:00,1236.05,15,4,0,1250.49,1264.9833333333327,1271.04,1227.75
2023-10-20 16:00:00,1227.75,16,4,0,1236.05,1238.0966666666661,1263.685,1194.43
2023-10-20 17:00:00,1194.43,17,4,0,1227.75,1219.4099999999996,1246.8100000000002,1189.22
2023-10-20 18:00:00,1189.22,18,4,0,1194.43,1203.7999999999995,1234.3916666666667,1173.88
2023-10-20 19:00:00,1173.88,19,4,0,1189.22,1185.8433333333328,1211.97,1108.02
2023-10-20 20:00:00,1108.02,20,4,0,1173.88,1157.0399999999995,1188.225,1136.41
2023-10-20 21:00:00,1136.41,21,4,0,1108.02,1139.4366666666663,1171.6183333333336,1125.23
2023-10-20 22:00:00,1125.23,22,4,0,1136.41,1123.2199999999993,1154.5316666666668,1084.6
2023-10-20 23:00:00,1084.6,23,4,0,1125.23,1115.4133333333327,1136.2266666666667,1092.56
2023-10-21 00:00:00,1092.56,0,5,1,1084.6,1100.7966666666662,1120.1166666666666,1124.48
2023-10-21 01:00:00,1124.48,1,5,1,1092.56,1100.546666666666,1111.8833333333332,1096.92
2023-10-21 02:00:00,1096.92,2,5,1,1124.48,1104.6533333333327,1110.0333333333335,1147.36
2023-10-21 03:00:00,1147.36,3,5,1,1096.92,1122.9199999999994,1111.8583333333333,1156.31
2023-10-21 04:00:00,1156.31,4,5,1,1147.36,1133.5299999999993,1117.0383333333332,1163.49
2023-10-21 05:00:00,1163.49,5,5,1,1156.31,1155.7199999999993,1130.1866666666665,1195.22
2023-10-21 06:00:00,1195.22,6,5,1,1163.49,1171.6733333333327,1147.2966666666666,1204.83
2023-10-21 07:00:00,1204.83,7,5,1,1195.22,1187.8466666666661,1160.6883333333333,1239.99
2023-10-21 08:00:00,1239.99,8,5,1,1204.83,1213.3466666666661,1184.533333333333,1249.1
2023-10-21 09:00:00,1249.1,9,5,1,1239.99,1231.3066666666662,1201.49,1255.67
2023-10-21 10:00:00,1255.67,10,5,1,1249.1,1248.2533333333329,1218.05,1218.24
2023-10-21 11:00:00,1218.24,11,5,1,1255.67,1241.0033333333329,1227.175,1305.99
2023-10-21 12:00:00,1305.99,12,5,1,1218.24,1259.966666666666,1245.6366666666665,1260.97
2023-10-21 13:00:00,1260.97,13,5,1,1305.99,1261.7333333333327,1254.9933333333333,1254.85
2023-10-21 14:00:00,1254.85,14,5,1,1260.97,1273.936666666666,1257.47,1209.12
2023-10-21 15:00:00,1209.12,15,5,1,1254.85,1241.6466666666659,1250.8066666666666,1205.19
2023-10-21 16:00:00,1205.19,16,5,1,1209.12,1223.0533333333326,1242.3933333333332,1172.11
2023-10-21 17:00:00,1172.11,17,5,1,1205.19,1195.4733333333327,1234.705,1147.67
2023-10-21 18:00:00,1147.67,18,5,1,1172.11,1174.9899999999996,1208.3183333333334,1149.26
2023-10-21 19:00:00,1149.26,19,5,1,1147.67,1156.3466666666661,1189.7,1121.51
2023-10-21 20:00:00,1121.51,20,5,1,1149.26,1139.4799999999996,1167.4766666666667,1088.42
2023-10-21 21:00:00,1088.42,21,5,1,1121.51,1119.7299999999996,1147.36,1098.88
2023-10-21 22:00:00,1098.88,22,5,1,1088.42,1102.9366666666663,1129.6416666666667,1076.62
2023-10-21 23:00:00,1076.62,23,5,1,1098.88,1087.9733333333327,1113.7266666666667,1102.49
2023-10-22 00:00:00,1102.49,0,6,1,1076.62,1092.6633333333327,1106.1966666666667,1108.46
2023-10-22 01:00:00,1108.46,1,6,1,1102.49,1095.856666666666,1099.3966666666668,1132.56
2023-10-22 02:00:00,1132.56,2,6,1,1108.46,1114.5033333333326,1101.2383333333335,1134.36
2023-10-22 03:00:00,1134.36,3,6,1,1132.56,1125.126666666666,1108.895,1149.0
2023-10-22 04:00:00,1149.0,4,6,1,1134.36,1138.6399999999994,1117.2483333333332,1170.41
2023-10-22 05:00:00,1170.41,5,6,1,1149.0,1151.256666666666,1132.8799999999999,1196.99
2023-10-22 06:00:00,1196.99,6,6,1,1170.41,1172.1333333333325,1148.63,1224.93
2023-10-22 07:00:00,1224.93,7,6,1,1196.99,1197.4433333333327,1168.0416666666667,1228.89
2023-10-22 08:00:00,1228.89,8,6,1,1224.93,1216.9366666666663,1184.0966666666666,1251.55
2023-10-22 09:00:00,1251.55,9,6,1,1228.89,1235.1233333333328,1203.6283333333333,1218.6
2023-10-22 10:00:00,1218.6,10,6,1,1251.55,1233.0133333333326,1215.2283333333332,1291.83
2023-10-22 11:00:00,1291.83,11,6,1,1218.6,1253.9933333333327,1235.465,1236.94
2023-10-22 12:00:00,1236.94,12,6,1,1291.83,1249.1233333333328,1242.1233333333332,1241.7
2023-10-22 13:00:00,1241.7,13,6,1,1236.94,1256.8233333333328,1244.9183333333333,1223.64
2023-10-22 14:00:00,1223.64,14,6,1,1241.7,1234.0933333333328,1244.0433333333333,1201.66
2023-10-22 15:00:00,1201.66,15,6,1,1223.64,1222.3333333333328,1235.7283333333332,1202.52
2023-10-22 16:00:00,1202.52,16,6,1,1201.66,1209.2733333333329,1233.0483333333334,1182.01
2023-10-22 17:00:00,1182.01,17,6,1,1202.52,1195.396666666666,1214.7450000000001,1147.29
2023-10-22 18:00:00,1147.29,18,6,1,1182.01,1177.2733333333326,1199.8033333333333,1151.13
2023-10-22 19:00:00,1151.13,19,6,1,1147.29,1160.1433333333327,1184.7083333333333,1124.1
2023-10-22 20:00:00,1124.1,20,6,1,1151.13,1140.8399999999995,1168.1183333333333,1112.95
2023-10-22 21:00:00,1112.95,21,6,1,1124.1,1129.3933333333327,1153.3333333333333,1084.82
2023-10-22 22:00:00,1084.82,22,6,1,1112.95,1107.2899999999993,1133.7166666666665,1111.12
2023-10-22 23:00:00,1111.12,23,6,1,1084.82,1102.9633333333327,1121.9016666666666,1133.6
2023-10-23 00:00:00,1133.6,0,0,0,1111.12,1109.846666666666,1119.6200000000001,1132.94
2023-10-23 01:00:00,1132.94,1,0,0,1133.6,1125.886666666666,1116.5883333333334,1125.72
2023-10-23 02:00:00,1125.72,2,0,0,1132.94,1130.7533333333329,1116.8583333333333,1154.19
2023-10-23 03:00:00,1154.19,3,0,0,1125.72,1137.616666666666,1123.7316666666666,1173.0
2023-10-23 04:00:00,1173.0,4,0,0,1154.19,1150.9699999999993,1138.4283333333333,1217.35
2023-10-23 05:00:00,1217.35,5,0,0,1173.0,1181.5133333333326,1156.1333333333334,1214.65
2023-10-23 06:00:00,1214.65,6,0,0,1217.35,1201.666666666666,1169.6416666666667,1236.18
2023-10-23 07:00:00,1236.18,7,0,0,1214.65,1222.7266666666662,1186.8483333333334,1284.24
2023-10-23 08:00:00,1284.24,8,0,0,1236.18,1245.0233333333326,1213.2683333333334,1254.13
2023-10-23 09:00:00,1254.13,9,0,0,1284.24,1258.1833333333327,1229.925,1280.12
2023-10-23 10:00:00,1280.12,10,0,0,1254.13,1272.8299999999992,1247.7783333333334,1276.59
2023-10-23 11:00:00,1276.59,11,0,0,1280.12,1270.2799999999995,1257.6516666666666,1266.09
2023-10-23 12:00:00,1266.09,12,0,0,1276.59,1274.2666666666662,1266.2250000000001,1279.91
2023-10-23 13:00:00,1279.91,13,0,0,1266.09,1274.196666666666,1273.5133333333333,1249.12
2023-10-23 14:00:00,1249.12,14,0,0,1279.91,1265.0399999999993,1267.66,1244.19
2023-10-23 15:00:00,1244.19,15,0,0,1249.12,1257.7399999999993,1266.0033333333333,1233.81
2023-10-23 16:00:00,1233.81,16,0,0,1244.19,1242.3733333333328,1258.2849999999999,1199.44
2023-10-23 17:00:00,1199.44,17,0,0,1233.81,1225.8133333333328,1245.4266666666667,1181.28
2023-10-23 18:00:00,1181.28,18,0,0,1199.44,1204.8433333333326,1231.2916666666667,1157.73
2023-10-23 19:00:00,1157.73,19,0,0,1181.28,1179.4833333333327,1210.9283333333333,1134.31
2023-10-23 20:00:00,1134.31,20,0,0,1157.73,1157.7733333333326,1191.7933333333333,1141.15
2023-10-23 21:00:00,1141.15,21,0,0,1134.31,1144.3966666666663,1174.62,1104.23
2023-10-23 22:00:00,1104.23,22,0,0,1141.15,1126.5633333333326,1153.0233333333333,1116.84
2023-10-23 23:00:00,1116.84,23,0,0,1104.23,1120.7399999999996,1139.2566666666667,1134.33
2023-10-24 00:00:00,1134.33,0,1,0,1116.84,1118.466666666666,1131.4316666666666,1142.42
2023-10-24 01:00:00,1142.42,1,1,0,1134.33,1131.196666666666,1128.88,1151.89
2023-10-24 02:00:00,1151.89,2,1,0,1142.42,1142.8799999999994,1131.8100000000002,1177.15
2023-10-24 03:00:00,1177.15,3,1,0,1151.89,1157.1533333333327,1137.8100000000002,1174.53
2023-10-24 04:00:00,1174.53,4,1,0,1177.15,1167.8566666666661,1149.5266666666666,1217.39
2023-10-24 05:00:00,1217.39,5,1,0,1174.53,1189.6899999999996,1166.285,1217.93
2023-10-24 06:00:00,1217.93,6,1,0,1217.39,1203.2833333333326,1180.2183333333335,1241.88
2023-10-24 07:00:00,1241.88,7,1,0,1217.93,1225.733333333333,1196.795,1247.08
2023-10-24 08:00:00,1247.08,8,1,0,1241.88,1235.6299999999994,1212.66,1234.35
2023-10-24 09:00:00,1234.35,9,1,0,1247.08,1241.1033333333328,1222.1933333333334,1290.78
2023-10-24 10:00:00,1290.78,10,1,0,1234.35,1257.4033333333327,1241.5683333333334,1260.02
2023-10-24 11:00:00,1260.02,11,1,0,1290.78,1261.716666666666,1248.6733333333334,1247.0
2023-10-24 12:00:00,1247.0,12,1,0,1260.02,1265.9333333333327,1253.5183333333332,1270.43
2023-10-24 13:00:00,1270.43,13,1,0,1247.0,1259.1499999999994,1258.2766666666666,1253.42
2023-10-24 14:00:00,1253.42,14,1,0,1270.43,1256.9499999999996,1259.3333333333333,1248.31
2023-10-24 15:00:00,1248.31,15,1,0,1253.42,1257.386666666666,1261.66,1214.65
2023-10-24 16:00:00,1214.65,16,1,0,1248.31,1238.7933333333328,1248.9716666666668,1194.03
2023-10-24 17:00:00,1194.03,17,1,0,1214.65,1218.996666666666,1237.9733333333334,1174.73
2023-10-24 18:00:00,1174.73,18,1,0,1194.03,1194.4699999999993,1225.9283333333333,1141.18
2023-10-24 19:00:00,1141.18,19,1,0,1174.73,1169.9799999999993,1204.3866666666665,1189.43
2023-10-24 20:00:00,1189.43,20,1,0,1141.18,1168.446666666666,1193.7216666666666,1104.25
2023-10-24 21:00:00,1104.25,21,1,0,1189.43,1144.953333333333,1169.7116666666668,1111.44
2023-10-24 22:00:00,1111.44,22,1,0,1104.25,1135.0399999999993,1152.51,1128.8
2023-10-24 23:00:00,1128.8,23,1,0,1111.44,1114.8299999999992,1141.6383333333333,1142.05
2023-10-25 00:00:00,1142.05,0,2,0,1128.8,1127.4299999999994,1136.1916666666668,1123.09
2023-10-25 01:00:00,1123.09,1,2,0,1142.05,1131.3133333333328,1133.1766666666667,1158.48
2023-10-25 02:00:00,1158.48,2,2,0,1123.09,1141.206666666666,1128.0183333333332,1180.91
2023-10-25 03:00:00,1180.91,3,2,0,1158.48,1154.1599999999992,1140.795,1163.66
2023-10-25 04:00:00,1163.66,4,2,0,1180.91,1167.6833333333327,1149.4983333333332,1214.0
2023-10-25 05:00:00,1214.0,5,2,0,1163.66,1186.1899999999994,1163.6983333333335,1243.24
2023-10-25 06:00:00,1243.24,6,2,0,1214.0,1206.966666666666,1180.5633333333333,1226.21
2023-10-25 07:00:00,1226.21,7,2,0,1243.24,1227.816666666666,1197.75,1315.2
2023-10-25 08:00:00,1315.2,8,2,0,1226.21,1261.5499999999995,1223.8700000000001,1293.0
2023-10-25 09:00:00,1293.0,9,2,0,1315.2,1278.136666666666,1242.5516666666665,1299.82
2023-10-25 10:00:00,1299.82,10,2,0,1293.0,1302.6733333333325,1265.245,1257.62
2023-10-25 11:00:00,1257.62,11,2,0,1299.82,1283.4799999999993,1272.515,1314.84
2023-10-25 12:00:00,1314.84,12,2,0,1257.62,1290.7599999999993,1284.4483333333333,1286.66
2023-10-25 13:00:00,1286.66,13,2,0,1314.84,1286.3733333333328,1294.5233333333333,1254.47
2023-10-25 14:00:00,1254.47,14,2,0,1286.66,1285.3233333333328,1284.4016666666666,1246.51
2023-10-25 15:00:00,1246.51,15,2,0,1254.47,1262.5466666666662,1276.6533333333334,1203.95
2023-10-25 16:00:00,1203.95,16,2,0,1246.51,1234.9766666666662,1260.675,1226.36
2023-10-25 17:00:00,1226.36,17,2,0,1203.95,1225.606666666666,1255.4650000000001,1166.86
2023-10-25 18:00:00,1166.86,18,2,0,1226.36,1199.056666666666,1230.8016666666667,1134.83
2023-10-25 19:00:00,1134.83,19,2,0,1166.86,1176.016666666666,1205.4966666666667,1181.04
2023-10-25 20:00:00,1181.04,20,2,0,1134.83,1160.9099999999992,1193.2583333333334,1095.16
2023-10-25 21:00:00,1095.16,21,2,0,1181.04,1137.0099999999993,1168.0333333333333,1110.4
2023-10-25 22:00:00,1110.4,22,2,0,1095.16,1128.866666666666,1152.4416666666666,1120.52
2023-10-25 23:00:00,1120.52,23,2,0,1110.4,1108.6933333333327,1134.8016666666665,1084.71
2023-10-26 00:00:00,1084.71,0,3,0,1120.52,1105.2099999999994,1121.11,1099.72
2023-10-26 01:00:00,1099.72,1,3,0,1084.71,1101.6499999999994,1115.2583333333334,1138.0
2023-10-26 02:00:00,1138.0,2,3,0,1099.72,1107.4766666666662,1108.085,1174.2
2023-10-26 03:00:00,1174.2,3,3,0,1138.0,1137.3066666666662,1121.2583333333334,1197.33
2023-10-26 04:00:00,1197.33,4,3,0,1174.2,1169.8433333333326,1135.7466666666667,1189.42
2023-10-26 05:00:00,1189.42,5,3,0,1197.33,1186.9833333333327,1147.23,1220.02
2023-10-26 06:00:00,1220.02,6,3,0,1189.42,1202.2566666666662,1169.7816666666668,1254.97
2023-10-26 07:00:00,1254.97,7,3,0,1220.02,1221.4699999999996,1195.6566666666665,1237.95
2023-10-26 08:00:00,1237.95,8,3,0,1254.97,1237.6466666666659,1212.3149999999998,1305.12
2023-10-26 09:00:00,1305.12,9,3,0,1237.95,1266.0133333333326,1234.135,1271.72
2023-10-26 10:00:00,1271.72,10,3,0,1305.12,1271.5966666666661,1246.5333333333333,1298.74
2023-10-26 11:00:00,1298.74,11,3,0,1271.72,1291.8599999999994,1264.7533333333333,1243.97
2023-10-26 12:00:00,1243.97,12,3,0,1298.74,1271.4766666666662,1268.745,1297.64
2023-10-26 13:00:00,1297.64,13,3,0,1243.97,1280.116666666666,1275.8566666666668,1308.19
2023-10-26 14:00:00,1308.19,14,3,0,1297.64,1283.2666666666662,1287.5633333333335,1215.67
2023-10-26 15:00:00,1215.67,15,3,0,1308.19,1273.8333333333328,1272.655,1230.53
2023-10-26 16:00:00,1230.53,16,3,0,1215.67,1251.4633333333327,1265.7900000000002,1241.55
2023-10-26 17:00:00,1241.55,17,3,0,1230.53,1229.2499999999993,1256.2583333333332,1182.9
2023-10-26 18:00:00,1182.9,18,3,0,1241.55,1218.326666666666,1246.0800000000002,1208.2
2023-10-26 19:00:00,1208.2,19,3,0,1182.9,1210.8833333333328,1231.1733333333334,1124.5
2023-10-26 20:00:00,1124.5,20,3,0,1208.2,1171.866666666666,1200.5583333333334,1132.08
2023-10-26 21:00:00,1132.08,21,3,0,1124.5,1154.926666666666,1186.6266666666668,1144.88
2023-10-26 22:00:00,1144.88,22,3,0,1132.08,1133.8199999999995,1172.3516666666667,1087.87
2023-10-26 23:00:00,1087.87,23,3,0,1144.88,1121.6099999999994,1146.7383333333332,1129.33
2023-10-27 00:00:00,1129.33,0,4,0,1087.87,1120.6933333333327,1137.81,1115.8
2023-10-27 01:00:00,1115.8,1,4,0,1129.33,1110.9999999999993,1122.41,1146.45
2023-10-27 02:00:00,1146.45,2,4,0,1115.8,1130.526666666666,1126.0683333333334,1150.71
2023-10-27 03:00:00,1150.71,3,4,0,1146.45,1137.6533333333327,1129.1733333333334,1139.45
2023-10-27 04:00:00,1139.45,4,4,0,1150.71,1145.536666666666,1128.2683333333334,1212.01
2023-10-27 05:00:00,1212.01,5,4,0,1139.45,1167.3899999999994,1148.9583333333333,1200.07
2023-10-27 06:00:00,1200.07,6,4,0,1212.01,1183.8433333333326,1160.7483333333332,1247.38
2023-10-27 07:00:00,1247.38,7,4,0,1200.07,1219.8199999999995,1182.6783333333333,1298.93
2023-10-27 08:00:00,1298.93,8,4,0,1247.38,1248.7933333333328,1208.0916666666667,1285.14
2023-10-27 09:00:00,1285.14,9,4,0,1298.93,1277.1499999999996,1230.4966666666667,1287.74
2023-10-27 10:00:00,1287.74,10,4,0,1285.14,1290.6033333333328,1255.2116666666668,1277.99
2023-10-27 11:00:00,1277.99,11,4,0,1287.74,1283.6233333333328,1266.2083333333333,1247.53
2023-10-27 12:00:00,1247.53,12,4,0,1277.99,1271.086666666666,1274.1183333333336,1260.82
2023-10-27 13:00:00,1260.82,13,4,0,1247.53,1262.1133333333328,1276.3583333333333,1237.11
2023-10-27 14:00:00,1237.11,14,4,0,1260.82,1248.486666666666,1266.055,1257.12
2023-10-27 15:00:00,1257.12,15,4,0,1237.11,1251.6833333333327,1261.385,1210.8
2023-10-27 16:00:00,1210.8,16,4,0,1257.12,1235.0099999999993,1248.5616666666667,1198.74
2023-10-27 17:00:00,1198.74,17,4,0,1210.8,1222.2199999999993,1235.3533333333332,1181.27
2023-10-27 18:00:00,1181.27,18,4,0,1198.74,1196.936666666666,1224.31,1185.76
2023-10-27 19:00:00,1185.76,19,4,0,1181.27,1188.5899999999995,1211.8,1144.01
2023-10-27 20:00:00,1144.01,20,4,0,1185.76,1170.3466666666661,1196.2833333333333,1133.98
2023-10-27 21:00:00,1133.98,21,4,0,1144.01,1154.5833333333328,1175.76,1105.24
2023-10-27 22:00:00,1105.24,22,4,0,1133.98,1127.7433333333327,1158.1666666666667,1120.77
2023-10-27 23:00:00,1120.77,23,4,0,1105.24,1119.996666666666,1145.1716666666669,1121.46
2023-10-28 00:00:00,1121.46,0,5,1,1120.77,1115.8233333333328,1135.2033333333331,1124.4
2023-10-28 01:00:00,1124.4,1,5,1,1121.46,1122.2099999999994,1124.9766666666667,1133.65
2023-10-28 02:00:00,1133.65,2,5,1,1124.4,1126.5033333333329,1123.25,1123.7
2023-10-28 03:00:00,1123.7,3,5,1,1133.65,1127.2499999999993,1121.5366666666666,1149.81
2023-10-28 04:00:00,1149.81,4,5,1,1123.7,1135.7199999999996,1128.965,1162.16
2023-10-28 05:00:00,1162.16,5,5,1,1149.81,1145.2233333333327,1135.8633333333335,1198.36
2023-10-28 06:00:00,1198.36,6,5,1,1162.16,1170.1099999999994,1148.68,1224.03
2023-10-28 07:00:00,1224.03,7,5,1,1198.36,1194.8499999999995,1165.285,1194.86
2023-10-28 08:00:00,1194.86,8,5,1,1224.03,1205.7499999999993,1175.4866666666665,1245.0
2023-10-28 09:00:00,1245.0,9,5,1,1194.86,1221.296666666666,1195.7033333333331,1221.24
2023-10-28 10:00:00,1221.24,10,5,1,1245.0,1220.3666666666659,1207.6083333333333,1226.92
2023-10-28 11:00:00,1226.92,11,5,1,1221.24,1231.0533333333326,1218.4016666666666,1243.74
2023-10-28 12:00:00,1243.74,12,5,1,1226.92,1230.6333333333328,1225.965,1215.07
2023-10-28 13:00:00,1215.07,13,5,1,1243.74,1228.576666666666,1224.4716666666666,1222.74
2023-10-28 14:00:00,1222.74,14,5,1,1215.07,1227.1833333333327,1229.1183333333333,1200.93
2023-10-28 15:00:00,1200.93,15,5,1,1222.74,1212.9133333333327,1221.7733333333333,1210.01
2023-10-28 16:00:00,1210.01,16,5,1,1200.93,1211.2266666666662,1219.9016666666666,1154.92
2023-10-28 17:00:00,1154.92,17,5,1,1210.01,1188.6199999999994,1207.9016666666666,1157.23
2023-10-28 18:00:00,1157.23,18,5,1,1154.92,1174.0533333333328,1193.4833333333333,1147.98
2023-10-28 19:00:00,1147.98,19,5,1,1157.23,1153.376666666666,1182.3016666666667,1127.62
2023-10-28 20:00:00,1127.62,20,5,1,1147.98,1144.276666666666,1166.4483333333335,1109.28
2023-10-28 21:00:00,1109.28,21,5,1,1127.62,1128.2933333333328,1151.1733333333334,1086.44
2023-10-28 22:00:00,1086.44,22,5,1,1109.28,1107.7799999999995,1130.5783333333331,1094.6
2023-10-28 23:00:00,1094.6,23,5,1,1086.44,1096.7733333333326,1120.5249999999999,1120.22
2023-10-29 00:00:00,1120.22,0,6,1,1094.6,1100.4199999999994,1114.3566666666668,1072.01
2023-10-29 01:00:00,1072.01,1,6,1,1120.22,1095.6099999999994,1101.695,1023.07
2023-10-29 02:00:00,1023.07,2,6,1,1072.01,1071.7666666666662,1084.27,1162.38
2023-10-29 03:00:00,1162.38,3,6,1,1023.07,1085.8199999999995,1093.1200000000001,1140.68
2023-10-29 04:00:00,1140.68,4,6,1,1162.38,1108.7099999999994,1102.16,1160.43
2023-10-29 05:00:00,1160.43,5,6,1,1140.68,1154.4966666666662,1113.131666666667,1203.27
2023-10-29 06:00:00,1203.27,6,6,1,1160.43,1168.126666666666,1126.9733333333334,1237.6
2023-10-29 07:00:00,1237.6,7,6,1,1203.27,1200.4333333333327,1154.5716666666667,1247.11
2023-10-29 08:00:00,1247.11,8,6,1,1237.6,1229.326666666666,1191.9116666666666,1247.82
2023-10-29 09:00:00,1247.82,9,6,1,1247.11,1244.176666666666,1206.1516666666666,1240.15
2023-10-29 10:00:00,1240.15,10,6,1,1247.82,1245.026666666666,1222.7299999999998,1270.64
2023-10-29 11:00:00,1270.64,11,6,1,1240.15,1252.8699999999997,1241.0983333333331,1247.05
2023-10-29 12:00:00,1247.05,12,6,1,1270.64,1252.6133333333328,1248.395,1249.01
2023-10-29 13:00:00,1249.01,13,6,1,1247.05,1255.566666666666,1250.2966666666669,1251.58
2023-10-29 14:00:00,1251.58,14,6,1,1249.01,1249.2133333333325,1251.0416666666667,1201.24
2023-10-29 15:00:00,1201.24,15,6,1,1251.58,1233.9433333333327,1243.2783333333334,1209.73
2023-10-29 16:00:00,1209.73,16,6,1,1201.24,1220.8499999999992,1238.2083333333333,1167.32
2023-10-29 17:00:00,1167.32,17,6,1,1209.73,1192.7633333333326,1220.9883333333335,1149.84
2023-10-29 18:00:00,1149.84,18,6,1,1167.32,1175.6299999999994,1204.7866666666666,1099.91
2023-10-29 19:00:00,1099.91,19,6,1,1149.84,1139.0233333333326,1179.9366666666667,1119.88
2023-10-29 20:00:00,1119.88,20,6,1,1099.91,1123.2099999999994,1157.9866666666667,1110.27
2023-10-29 21:00:00,1110.27,21,6,1,1119.88,1110.0199999999995,1142.825,1099.42
2023-10-29 22:00:00,1099.42,22,6,1,1110.27,1109.8566666666663,1124.4399999999998,1095.75
2023-10-29 23:00:00,1095.75,23,6,1,1099.42,1101.8133333333328,1112.5116666666665,1093.52
2023-10-30 00:00:00,1093.52,0,0,0,1095.75,1096.2299999999993,1103.125,1114.65
2023-10-30 01:00:00,1114.65,1,0,0,1093.52,1101.3066666666662,1105.5816666666667,1100.41
2023-10-30 02:00:00,1100.41,2,0,0,1114.65,1102.8599999999994,1102.3366666666668,1170.51
2023-10-30 03:00:00,1170.51,3,0,0,1100.41,1128.5233333333329,1112.3766666666668,1164.82
2023-10-30 04:00:00,1164.82,4,0,0,1170.51,1145.246666666666,1123.2766666666666,1219.94
2023-10-30 05:00:00,1219.94,5,0,0,1164.82,1185.0899999999995,1143.9750000000001,1213.06
2023-10-30 06:00:00,1213.06,6,0,0,1219.94,1199.2733333333329,1163.8983333333333,1250.37
2023-10-30 07:00:00,1250.37,7,0,0,1213.06,1227.7899999999993,1186.5183333333334,1256.33
2023-10-30 08:00:00,1256.33,8,0,0,1250.37,1239.9199999999994,1212.505,1271.99
2023-10-30 09:00:00,1271.99,9,0,0,1256.33,1259.5633333333326,1229.4183333333333,1261.97
2023-10-30 10:00:00,1261.97,10,0,0,1271.99,1263.4299999999994,1245.61,1305.36
2023-10-30 11:00:00,1305.36,11,0,0,1261.97,1279.7733333333326,1259.8466666666666,1274.23
2023-10-30 12:00:00,1274.23,12,0,0,1305.36,1280.5199999999995,1270.0416666666667,1282.21
2023-10-30 13:00:00,1282.21,13,0,0,1274.23,1287.2666666666662,1275.3483333333331,1233.48
2023-10-30 14:00:00,1233.48,14,0,0,1282.21,1263.3066666666662,1271.5400000000002,1233.09
2023-10-30 15:00:00,1233.09,15,0,0,1233.48,1249.5933333333326,1265.0566666666666,1230.05
2023-10-30 16:00:00,1230.05,16,0,0,1233.09,1232.206666666666,1259.7366666666667,1184.91
2023-10-30 17:00:00,1184.91,17,0,0,1230.05,1216.0166666666662,1239.6616666666666,1177.96
2023-10-30 18:00:00,1177.96,18,0,0,1184.91,1197.6399999999994,1223.6166666666668,1146.1
2023-10-30 19:00:00,1146.1,19,0,0,1177.96,1169.656666666666,1200.9316666666666,1140.92
2023-10-30 20:00:00,1140.92,20,0,0,1146.1,1154.9933333333327,1185.5049999999999,1109.73
2023-10-30 21:00:00,1109.73,21,0,0,1140.92,1132.2499999999993,1164.945,1099.27
2023-10-30 22:00:00,1099.27,22,0,0,1109.73,1116.6399999999994,1143.1483333333333,1093.21
2023-10-30 23:00:00,1093.21,23,0,0,1099.27,1100.736666666666,1127.865,1117.23
2023-10-31 00:00:00,1117.23,0,1,0,1093.21,1103.236666666666,1117.743333333333,1132.33
2023-10-31 01:00:00,1132.33,1,1,0,1117.23,1114.256666666666,1115.4483333333335,1158.16
2023-10-31 02:00:00,1158.16,2,1,0,1132.33,1135.906666666666,1118.3216666666667,1150.64
2023-10-31 03:00:00,1150.64,3,1,0,1158.16,1147.0433333333328,1125.14,1172.32
2023-10-31 04:00:00,1172.32,4,1,0,1150.64,1160.3733333333328,1137.315,1182.42
2023-10-31 05:00:00,1182.42,5,1,0,1172.32,1168.4599999999994,1152.1833333333334,1198.07
2023-10-31 06:00:00,1198.07,6,1,0,1182.42,1184.2699999999993,1165.6566666666668,1258.17
2023-10-31 07:00:00,1258.17,7,1,0,1198.07,1212.886666666666,1186.63,1246.01
2023-10-31 08:00:00,1246.01,8,1,0,1258.17,1234.0833333333328,1201.2716666666668,1278.65
2023-10-31 09:00:00,1278.65,9,1,0,1246.01,1260.9433333333327,1222.6066666666666,1293.84
2023-10-31 10:00:00,1293.84,10,1,0,1278.65,1272.8333333333328,1242.86,1254.62
2023-10-31 11:00:00,1254.62,11,1,0,1293.84,1275.7033333333327,1254.8933333333332,1288.98
2023-10-31 12:00:00,1288.98,12,1,0,1254.62,1279.146666666666,1270.045,1257.26
2023-10-31 13:00:00,1257.26,13,1,0,1288.98,1266.9533333333327,1269.8933333333332,1241.89
2023-10-31 14:00:00,1241.89,14,1,0,1257.26,1262.7099999999994,1269.2066666666667,1227.41
2023-10-31 15:00:00,1227.41,15,1,0,1241.89,1242.1866666666663,1260.6666666666667,1242.97
2023-10-31 16:00:00,1242.97,16,1,0,1227.41,1237.4233333333327,1252.1883333333333,1225.71
2023-10-31 17:00:00,1225.71,17,1,0,1242.97,1232.0299999999995,1247.3700000000001,1189.62
2023-10-31 18:00:00,1189.62,18,1,0,1225.71,1219.4333333333327,1230.81,1175.39
2023-10-31 19:00:00,1175.39,19,1,0,1189.62,1196.906666666666,1217.1650000000002,1167.73
2023-10-31 20:00:00,1167.73,20,1,0,1175.39,1177.5799999999992,1204.805,1118.09
2023-10-31 21:00:00,1118.09,21,1,0,1167.73,1153.736666666666,1186.585,1142.33
2023-10-31 22:00:00,1142.33,22,1,0,1118.09,1142.716666666666,1169.8116666666667,1105.27
2023-10-31 23:00:00,1105.27,23,1,0,1142.33,1121.896666666666,1149.7383333333335,1127.51
2023-11-01 00:00:00,1127.51,0,2,0,1105.27,1125.036666666666,1139.3866666666665,1133.25
2023-11-01 01:00:00,1133.25,1,2,0,1127.51,1122.0099999999993,1132.3633333333332,1134.45
2023-11-01 02:00:00,1134.45,2,2,0,1133.25,1131.736666666666,1126.8166666666666,1164.91
2023-11-01 03:00:00,1164.91,3,2,0,1134.45,1144.2033333333327,1134.6200000000001,1165.47
2023-11-01 04:00:00,1165.47,4,2,0,1164.91,1154.9433333333327,1138.4766666666667,1204.51
2023-11-01 05:00:00,1204.51,5,2,0,1165.47,1178.2966666666662,1155.0166666666667,1184.44
2023-11-01 06:00:00,1184.44,6,2,0,1204.51,1184.8066666666662,1164.505,1255.91
2023-11-01 07:00:00,1255.91,7,2,0,1184.44,1214.9533333333327,1184.9483333333335,1245.75
2023-11-01 08:00:00,1245.75,8,2,0,1255.91,1228.6999999999996,1203.4983333333332,1285.73
2023-11-01 09:00:00,1285.73,9,2,0,1245.75,1262.4633333333327,1223.635,1268.77
2023-11-01 10:00:00,1268.77,10,2,0,1285.73,1266.7499999999993,1240.8516666666667,1270.87
2023-11-01 11:00:00,1270.87,11,2,0,1268.77,1275.1233333333328,1251.9116666666666,1296.32
2023-11-01 12:00:00,1296.32,12,2,0,1270.87,1278.6533333333327,1270.5583333333332,1248.31
2023-11-01 13:00:00,1248.31,13,2,0,1296.32,1271.8333333333328,1269.2916666666667,1273.9
2023-11-01 14:00:00,1273.9,14,2,0,1248.31,1272.8433333333326,1273.9833333333333,1233.62
2023-11-01 15:00:00,1233.62,15,2,0,1273.9,1251.9433333333327,1265.2983333333334,1219.23
2023-11-01 16:00:00,1219.23,16,2,0,1233.62,1242.2499999999993,1257.0416666666667,1204.01
2023-11-01 17:00:00,1204.01,17,2,0,1219.23,1218.9533333333327,1245.8983333333333,1161.16
2023-11-01 18:00:00,1161.16,18,2,0,1204.01,1194.7999999999993,1223.3716666666667,1139.03
2023-11-01 19:00:00,1139.03,19,2,0,1161.16,1168.0666666666662,1205.1583333333333,1121.55
2023-11-01 20:00:00,1121.55,20,2,0,1139.03,1140.5799999999992,1179.7666666666667,1134.5
2023-11-01 21:00:00,1134.5,21,2,0,1121.55,1131.6933333333327,1163.2466666666667,1117.46
2023-11-01 22:00:00,1117.46,22,2,0,1134.5,1124.5033333333329,1146.285,1139.61
2023-11-01 23:00:00,1139.61,23,2,0,1117.46,1130.5233333333326,1135.5516666666667,1108.76
2023-11-02 00:00:00,1108.76,0,3,0,1139.61,1121.9433333333327,1126.8183333333334,1089.8
2023-11-02 01:00:00,1089.8,1,3,0,1108.76,1112.7233333333327,1118.6133333333335,1123.79
2023-11-02 02:00:00,1123.79,2,3,0,1089.8,1107.4499999999994,1118.9866666666667,1182.82
2023-11-02 03:00:00,1182.82,3,3,0,1123.79,1132.136666666666,1127.04,1184.62
2023-11-02 04:00:00,1184.62,4,3,0,1182.82,1163.7433333333327,1138.2333333333333,1187.18
2023-11-02 05:00:00,1187.18,5,3,0,1184.62,1184.8733333333328,1146.1616666666666,1214.52
2023-11-02 06:00:00,1214.52,6,3,0,1187.18,1195.4399999999994,1163.7883333333332,1228.94
2023-11-02 07:00:00,1228.94,7,3,0,1214.52,1210.2133333333327,1186.9783333333335,1268.67
2023-11-02 08:00:00,1268.67,8,3,0,1228.94,1237.376666666666,1211.125,1247.84
2023-11-02 09:00:00,1247.84,9,3,0,1268.67,1248.4833333333327,1221.9616666666666,1278.53
2023-11-02 10:00:00,1278.53,10,3,0,1247.84,1265.0133333333326,1237.6133333333335,1277.72
2023-11-02 11:00:00,1277.72,11,3,0,1278.53,1268.0299999999995,1252.7033333333331,1284.07
2023-11-02 12:00:00,1284.07,12,3,0,1277.72,1280.106666666666,1264.295,1243.05
2023-11-02 13:00:00,1243.05,13,3,0,1284.07,1268.2799999999995,1266.6466666666665,1210.89
2023-11-02 14:00:00,1210.89,14,3,0,1243.05,1246.0033333333326,1257.0166666666667,1212.49
2023-11-02 15:00:00,1212.49,15,3,0,1210.89,1222.1433333333327,1251.125,1237.92
2023-11-02 16:00:00,1237.92,16,3,0,1212.49,1220.4333333333327,1244.3566666666666,1186.75
2023-11-02 17:00:00,1186.75,17,3,0,1237.92,1212.386666666666,1229.195,1146.97
2023-11-02 18:00:00,1146.97,18,3,0,1186.75,1190.5466666666662,1206.345,1168.96
2023-11-02 19:00:00,1168.96,19,3,0,1146.97,1167.5599999999995,1193.9966666666667,1121.23
2023-11-02 20:00:00,1121.23,20,3,0,1168.96,1145.7199999999996,1179.0533333333333,1132.89
2023-11-02 21:00:00,1132.89,21,3,0,1121.23,1141.026666666666,1165.7866666666666,1112.32
2023-11-02 22:00:00,1112.32,22,3,0,1132.89,1122.146666666666,1144.8533333333335,1051.03
2023-11-02 23:00:00,1051.03,23,3,0,1112.32,1098.746666666666,1122.2333333333333,1114.74
2023-11-03 00:00:00,1114.74,0,4,0,1051.03,1092.696666666666,1116.8616666666667,1127.91
2023-11-03 01:00:00,1127.91,1,4,0,1114.74,1097.8933333333327,1110.02,1135.88
2023-11-03 02:00:00,1135.88,2,4,0,1127.91,1126.1766666666663,1112.4616666666666,1154.0
2023-11-03 03:00:00,1154.0,3,4,0,1135.88,1139.2633333333326,1115.98,1168.32
2023-11-03 04:00:00,1168.32,4,4,0,1154.0,1152.733333333333,1125.3133333333333,1196.99
2023-11-03 05:00:00,1196.99,5,4,0,1168.32,1173.1033333333326,1149.64,1237.3
2023-11-03 06:00:00,1237.3,6,4,0,1196.99,1200.8699999999992,1170.0666666666666,1270.05
2023-11-03 07:00:00,1270.05,7,4,0,1237.3,1234.7799999999995,1193.7566666666667,1264.87
2023-11-03 08:00:00,1264.87,8,4,0,1270.05,1257.406666666666,1215.2549999999999,1289.43
2023-11-03 09:00:00,1289.43,9,4,0,1264.87,1274.7833333333326,1237.8266666666666,1272.75
2023-11-03 10:00:00,1272.75,10,4,0,1289.43,1275.6833333333327,1255.2316666666666,1297.84
2023-11-03 11:00:00,1297.84,11,4,0,1272.75,1286.673333333333,1272.04,1263.74
2023-11-03 12:00:00,1263.74,12,4,0,1297.84,1278.1099999999994,1276.4466666666667,1278.55
2023-11-03 13:00:00,1278.55,13,4,0,1263.74,1280.0433333333328,1277.8633333333335,1246.53
2023-11-03 14:00:00,1246.53,14,4,0,1278.55,1262.9399999999994,1274.8066666666666,1241.77
2023-11-03 15:00:00,1241.77,15,4,0,1246.53,1255.616666666666,1266.8633333333335,1197.37
2023-11-03 16:00:00,1197.37,16,4,0,1241.77,1228.5566666666662,1254.3,1243.85
2023-11-03 17:00:00,1243.85,17,4,0,1197.37,1227.6633333333327,1245.3016666666665,1186.99
2023-11-03 18:00:00,1186.99,18,4,0,1243.85,1209.4033333333327,1232.51,1176.47
2023-11-03 19:00:00,1176.47,19,4,0,1186.99,1202.436666666666,1215.4966666666667,1174.83
2023-11-03 20:00:00,1174.83,20,4,0,1176.47,1179.4299999999994,1203.5466666666666,1126.78
2023-11-03 21:00:00,1126.78,21,4,0,1174.83,1159.3599999999994,1184.3816666666667,1109.84
2023-11-03 22:00:00,1109.84,22,4,0,1126.78,1137.1499999999994,1169.7933333333333,1114.28
2023-11-03 23:00:00,1114.28,23,4,0,1109.84,1116.966666666666,1148.1983333333333,1071.19
2023-11-04 00:00:00,1071.19,0,5,1,1114.28,1098.4366666666663,1128.8983333333333,1073.88
2023-11-04 01:00:00,1073.88,1,5,1,1071.19,1086.4499999999996,1111.8,1082.86
2023-11-04 02:00:00,1082.86,2,5,1,1073.88,1075.9766666666662,1096.4716666666666,1138.85
2023-11-04 03:00:00,1138.85,3,5,1,1082.86,1098.5299999999993,1098.4833333333333,1138.69
2023-11-04 04:00:00,1138.69,4,5,1,1138.85,1120.1333333333328,1103.2916666666667,1172.86
2023-11-04 05:00:00,1172.86,5,5,1,1138.69,1150.1333333333325,1113.055,1150.92
2023-11-04 06:00:00,1150.92,6,5,1,1172.86,1154.156666666666,1126.3433333333332,1229.3
2023-11-04 07:00:00,1229.3,7,5,1,1150.92,1184.3599999999994,1152.2466666666667,1209.52
2023-11-04 08:00:00,1209.52,8,5,1,1229.3,1196.5799999999995,1173.3566666666666,1232.23
2023-11-04 09:00:00,1232.23,9,5,1,1209.52,1223.6833333333327,1188.9199999999998,1224.62
2023-11-04 10:00:00,1224.62,10,5,1,1232.23,1222.1233333333328,1203.2416666666666,1238.03
2023-11-04 11:00:00,1238.03,11,5,1,1224.62,1231.626666666666,1214.1033333333332,1247.92
2023-11-04 12:00:00,1247.92,12,5,1,1238.03,1236.856666666666,1230.27,1260.25
2023-11-04 13:00:00,1260.25,13,5,1,1247.92,1248.7333333333327,1235.4283333333333,1229.25
2023-11-04 14:00:00,1229.25,14,5,1,1260.25,1245.8066666666662,1238.7166666666665,1235.12
2023-11-04 15:00:00,1235.12,15,5,1,1229.25,1241.5399999999993,1239.1983333333333,1177.28
2023-11-04 16:00:00,1177.28,16,5,1,1235.12,1213.8833333333328,1231.3083333333334,1185.81
2023-11-04 17:00:00,1185.81,17,5,1,1177.28,1199.4033333333325,1222.605,1183.05
2023-11-04 18:00:00,1183.05,18,5,1,1185.81,1182.0466666666662,1211.7933333333333,1136.88
2023-11-04 19:00:00,1136.88,19,5,1,1183.05,1168.5799999999992,1191.2316666666668,1097.75
2023-11-04 20:00:00,1097.75,20,5,1,1136.88,1139.2266666666662,1169.315,1092.78
2023-11-04 21:00:00,1092.78,21,5,1,1097.75,1109.136666666666,1145.5916666666667,1129.9
2023-11-04 22:00:00,1129.9,22,5,1,1092.78,1106.8099999999993,1137.695,1078.67
2023-11-04 23:00:00,1078.67,23,5,1,1129.9,1100.4499999999996,1119.8383333333334,1092.68
2023-11-05 00:00:00,1092.68,0,6,1,1078.67,1100.416666666666,1104.7766666666666,1073.6
2023-11-05 01:00:00,1073.6,1,6,1,1092.68,1081.6499999999994,1094.23,1134.74
2023-11-05 02:00:00,1134.74,2,6,1,1073.6,1100.3399999999995,1100.395,1137.78
2023-11-05 03:00:00,1137.78,3,6,1,1134.74,1115.3733333333328,1107.895,1182.28
2023-11-05 04:00:00,1182.28,4,6,1,1137.78,1151.5999999999992,1116.625,1149.9
2023-11-05 05:00:00,1149.9,5,6,1,1182.28,1156.6533333333327,1128.4966666666667,1183.01
2023-11-05 06:00:00,1183.01,6,6,1,1149.9,1171.7299999999996,1143.5516666666667,1209.96
2023-11-05 07:00:00,1209.96,7,6,1,1183.01,1180.956666666666,1166.2783333333334,1241.26
2023-11-05 08:00:00,1241.26,8,6,1,1209.96,1211.4099999999994,1184.0316666666668,1240.89
2023-11-05 09:00:00,1240.89,9,6,1,1241.26,1230.703333333333,1201.2166666666667,1215.65
2023-11-05 10:00:00,1215.65,10,6,1,1240.89,1232.5999999999995,1206.7783333333334,1229.17
2023-11-05 11:00:00,1229.17,11,6,1,1215.65,1228.5699999999995,1219.99,1301.01
2023-11-05 12:00:00,1301.01,12,6,1,1229.17,1248.6099999999994,1239.6566666666668,1235.12
2023-11-05 13:00:00,1235.12,13,6,1,1301.01,1255.0999999999995,1243.8500000000001,1262.63
2023-11-05 14:00:00,1262.63,14,6,1,1235.12,1266.2533333333329,1247.4116666666666,1220.68
2023-11-05 15:00:00,1220.68,15,6,1,1262.63,1239.4766666666662,1244.0433333333333,1213.43
2023-11-05 16:00:00,1213.43,16,6,1,1220.68,1232.2466666666662,1243.6733333333334,1173.4
2023-11-05 17:00:00,1173.4,17,6,1,1213.43,1202.5033333333329,1234.3783333333333,1167.14
2023-11-05 18:00:00,1167.14,18,6,1,1173.4,1184.656666666666,1212.0666666666666,1158.48
2023-11-05 19:00:00,1158.48,19,6,1,1167.14,1166.3399999999995,1199.2933333333335,1145.48
2023-11-05 20:00:00,1145.48,20,6,1,1158.48,1157.0333333333328,1179.7683333333334,1108.47
2023-11-05 21:00:00,1108.47,21,6,1,1145.48,1137.476666666666,1161.0666666666668,1101.08
2023-11-05 22:00:00,1101.08,22,6,1,1108.47,1118.3433333333326,1142.3416666666667,1100.25
2023-11-05 23:00:00,1100.25,23,6,1,1101.08,1103.2666666666662,1130.1499999999999,1138.11
2023-11-06 00:00:00,1138.11,0,0,0,1100.25,1113.1466666666659,1125.3116666666667,1126.09
2023-11-06 01:00:00,1126.09,1,0,0,1138.11,1121.4833333333327,1119.9133333333332,1159.5
2023-11-06 02:00:00,1159.5,2,0,0,1126.09,1141.2333333333327,1122.25,1166.52
2023-11-06 03:00:00,1166.52,3,0,0,1159.5,1150.7033333333327,1131.925,1168.9
2023-11-06 04:00:00,1168.9,4,0,0,1166.52,1164.9733333333327,1143.2283333333332,1209.6
2023-11-06 05:00:00,1209.6,5,0,0,1168.9,1181.6733333333327,1161.4533333333331,1218.19
2023-11-06 06:00:00,1218.19,6,0,0,1209.6,1198.896666666666,1174.8,1230.76
2023-11-06 07:00:00,1230.76,7,0,0,1218.19,1219.5166666666662,1192.2450000000001,1257.83
2023-11-06 08:00:00,1257.83,8,0,0,1230.76,1235.5933333333326,1208.6333333333334,1283.83
2023-11-06 09:00:00,1283.83,9,0,0,1257.83,1257.4733333333327,1228.1850000000002,1281.29
2023-11-06 10:00:00,1281.29,10,0,0,1283.83,1274.316666666666,1246.9166666666667,1255.09
2023-11-06 11:00:00,1255.09,11,0,0,1281.29,1273.4033333333325,1254.4983333333332,1271.89
2023-11-06 12:00:00,1271.89,12,0,0,1255.09,1269.423333333333,1263.4483333333333,1264.0
2023-11-06 13:00:00,1264.0,13,0,0,1271.89,1263.6599999999996,1268.9883333333332,1241.75
2023-11-06 14:00:00,1241.75,14,0,0,1264.0,1259.213333333333,1266.3083333333332,1218.3
2023-11-06 15:00:00,1218.3,15,0,0,1241.75,1241.3499999999992,1255.3866666666665,1255.83
2023-11-06 16:00:00,1255.83,16,0,0,1218.3,1238.626666666666,1251.1433333333332,1200.2
2023-11-06 17:00:00,1200.2,17,0,0,1255.83,1224.776666666666,1241.9950000000001,1181.89
2023-11-06 18:00:00,1181.89,18,0,0,1200.2,1212.6399999999994,1226.9950000000001,1169.02
2023-11-06 19:00:00,1169.02,19,0,0,1181.89,1183.7033333333327,1211.165,1131.43
2023-11-06 20:00:00,1131.43,20,0,0,1169.02,1160.7799999999995,1192.7783333333334,1133.47
2023-11-06 21:00:00,1133.47,21,0,0,1131.43,1144.6399999999994,1178.64,1118.21
2023-11-06 22:00:00,1118.21,22,0,0,1133.47,1127.7033333333327,1155.7033333333334,1146.05
2023-11-06 23:00:00,1146.05,23,0,0,1118.21,1132.5766666666661,1146.6783333333335,1154.21
2023-11-07 00:00:00,1154.21,0,1,0,1146.05,1139.4899999999996,1142.065,1128.56
2023-11-07 01:00:00,1128.56,1,1,0,1154.21,1142.9399999999994,1135.3216666666667,1154.12
2023-11-07 02:00:00,1154.12,2,1,0,1128.56,1145.6299999999992,1139.1033333333332,1161.32
2023-11-07 03:00:00,1161.32,3,1,0,1154.12,1147.9999999999993,1143.745,1162.29
2023-11-07 04:00:00,1162.29,4,1,0,1161.32,1159.2433333333327,1151.0916666666665,1212.03
2023-11-07 05:00:00,1212.03,5,1,0,1162.29,1178.546666666666,1162.0883333333334,1247.35
2023-11-07 06:00:00,1247.35,6,1,0,1212.03,1207.2233333333327,1177.6116666666665,1244.86
2023-11-07 07:00:00,1244.86,7,1,0,1247.35,1234.746666666666,1196.995,1258.18
2023-11-07 08:00:00,1258.18,8,1,0,1244.86,1250.1299999999994,1214.3383333333334,1280.69
2023-11-07 09:00:00,1280.69,9,1,0,1258.18,1261.2433333333327,1234.2333333333333,1259.08
2023-11-07 10:00:00,1259.08,10,1,0,1280.69,1265.9833333333327,1250.365,1278.94
2023-11-07 11:00:00,1278.94,11,1,0,1259.08,1272.9033333333327,1261.5166666666667,1292.96
2023-11-07 12:00:00,1292.96,12,1,0,1278.94,1276.9933333333329,1269.1183333333333,1272.91
2023-11-07 13:00:00,1272.91,13,1,0,1292.96,1281.6033333333328,1273.7933333333333,1274.71
2023-11-07 14:00:00,1274.71,14,1,0,1272.91,1280.1933333333327,1276.5483333333334,1255.45
2023-11-07 15:00:00,1255.45,15,1,0,1274.71,1267.6899999999994,1272.3416666666667,1225.27
2023-11-07 16:00:00,1225.27,16,1,0,1255.45,1251.8099999999995,1266.7066666666667,1199.56
2023-11-07 17:00:00,1199.56,17,1,0,1225.27,1226.7599999999993,1253.4766666666667,1204.0
2023-11-07 18:00:00,1204.0,18,1,0,1199.56,1209.6099999999994,1238.65,1135.61
2023-11-07 19:00:00,1135.61,19,1,0,1204.0,1179.7233333333327,1215.7666666666667,1126.96
2023-11-07 20:00:00,1126.96,20,1,0,1135.61,1155.5233333333326,1191.1416666666667,1129.71
2023-11-07 21:00:00,1129.71,21,1,0,1126.96,1130.7599999999993,1170.185,1118.46
2023-11-07 22:00:00,1118.46,22,1,0,1129.71,1125.0433333333328,1152.3833333333334,1097.77
2023-11-07 23:00:00,1097.77,23,1,0,1118.46,1115.3133333333328,1135.4183333333333,1104.14
2023-11-08 00:00:00,1104.14,0,2,0,1097.77,1106.7899999999993,1118.7749999999999,1133.36
2023-11-08 01:00:00,1133.36,1,2,0,1104.14,1111.756666666666,1118.3999999999999,1157.9
2023-11-08 02:00:00,1157.9,2,2,0,1133.36,1131.7999999999995,1123.5566666666666,1188.03
2023-11-08 03:00:00,1188.03,3,2,0,1157.9,1159.7633333333326,1133.2766666666666,1163.79
2023-11-08 04:00:00,1163.79,4,2,0,1188.03,1169.906666666666,1140.8316666666667,1203.85
2023-11-08 05:00:00,1203.85,5,2,0,1163.79,1185.2233333333327,1158.5116666666665,1222.64
2023-11-08 06:00:00,1222.64,6,2,0,1203.85,1196.7599999999995,1178.2616666666665,1232.84
2023-11-08 07:00:00,1232.84,7,2,0,1222.64,1219.776666666666,1194.8416666666665,1236.68
2023-11-08 08:00:00,1236.68,8,2,0,1232.84,1230.7199999999996,1207.9716666666666,1276.15
2023-11-08 09:00:00,1276.15,9,2,0,1236.68,1248.5566666666662,1222.6583333333335,1291.83
2023-11-08 10:00:00,1291.83,10,2,0,1276.15,1268.2199999999993,1243.9983333333332,1290.35
2023-11-08 11:00:00,1290.35,11,2,0,1291.83,1286.1099999999994,1258.415,1309.14
2023-11-08 12:00:00,1309.14,12,2,0,1290.35,1297.106666666666,1272.8316666666667,1243.96
2023-11-08 13:00:00,1243.96,13,2,0,1309.14,1281.1499999999994,1274.6850000000002,1249.91
2023-11-08 14:00:00,1249.91,14,2,0,1243.96,1267.6699999999994,1276.89,1231.26
2023-11-08 15:00:00,1231.26,15,2,0,1249.91,1241.7099999999994,1269.4083333333335,1231.45
2023-11-08 16:00:00,1231.45,16,2,0,1231.26,1237.5399999999993,1259.345,1213.38
2023-11-08 17:00:00,1213.38,17,2,0,1231.45,1225.3633333333328,1246.5166666666667,1169.41
2023-11-08 18:00:00,1169.41,18,2,0,1213.38,1204.746666666666,1223.2283333333332,1151.45
2023-11-08 19:00:00,1151.45,19,2,0,1169.41,1178.0799999999995,1207.8100000000002,1141.06
2023-11-08 20:00:00,1141.06,20,2,0,1151.45,1153.9733333333327,1189.6683333333333,1130.34
2023-11-08 21:00:00,1130.34,21,2,0,1141.06,1140.9499999999996,1172.8483333333334,1151.1
2023-11-08 22:00:00,1151.1,22,2,0,1130.34,1140.8333333333328,1159.4566666666667,1131.3
2023-11-08 23:00:00,1131.3,23,2,0,1151.1,1137.5799999999992,1145.7766666666666,1094.25
2023-11-09 00:00:00,1094.25,0,3,0,1131.3,1125.5499999999993,1133.25,1133.14
2023-11-09 01:00:00,1133.14,1,3,0,1094.25,1119.5633333333328,1130.1983333333333,1134.16
2023-11-09 02:00:00,1134.16,2,3,0,1133.14,1120.5166666666662,1129.0483333333334,1154.43
2023-11-09 03:00:00,1154.43,3,3,0,1134.16,1140.5766666666661,1133.0633333333333,1153.63
2023-11-09 04:00:00,1153.63,4,3,0,1154.43,1147.406666666666,1133.4850000000001,1215.52
2023-11-09 05:00:00,1215.52,5,3,0,1153.63,1174.526666666666,1147.5216666666668,1214.63
2023-11-09 06:00:00,1214.63,6,3,0,1215.52,1194.5933333333326,1167.585,1240.28
2023-11-09 07:00:00,1240.28,7,3,0,1214.63,1223.476666666666,1185.4416666666666,1232.92
2023-11-09 08:00:00,1232.92,8,3,0,1240.28,1229.276666666666,1201.9016666666666,1274.82
2023-11-09 09:00:00,1274.82,9,3,0,1232.92,1249.3399999999992,1221.9666666666667,1283.39
2023-11-09 10:00:00,1283.39,10,3,0,1274.82,1263.7099999999994,1243.5933333333332,1252.3
2023-11-09 11:00:00,1252.3,11,3,0,1283.39,1270.1699999999994,1249.7233333333334,1284.64
2023-11-09 12:00:00,1284.64,12,3,0,1252.3,1273.443333333333,1261.3916666666667,1228.46
2023-11-09 13:00:00,1228.46,13,3,0,1284.64,1255.1333333333328,1259.4216666666666,1289.63
2023-11-09 14:00:00,1289.63,14,3,0,1228.46,1267.5766666666661,1268.8733333333334,1225.94
2023-11-09 15:00:00,1225.94,15,3,0,1289.63,1248.0099999999995,1260.7266666666667,1221.39
2023-11-09 16:00:00,1221.39,16,3,0,1225.94,1245.6533333333327,1250.3933333333334,1194.85
2023-11-09 17:00:00,1194.85,17,3,0,1221.39,1214.0599999999995,1240.8183333333334,1177.41
2023-11-09 18:00:00,1177.41,18,3,0,1194.85,1197.8833333333328,1222.9466666666667,1154.86
2023-11-09 19:00:00,1154.86,19,3,0,1177.41,1175.706666666666,1210.68,1173.56
2023-11-09 20:00:00,1173.56,20,3,0,1154.86,1168.6099999999994,1191.335,1105.97
2023-11-09 21:00:00,1105.97,21,3,0,1173.56,1144.796666666666,1171.34,1085.89
2023-11-09 22:00:00,1085.89,22,3,0,1105.97,1121.8066666666662,1148.7566666666667,1123.49
2023-11-09 23:00:00,1123.49,23,3,0,1085.89,1105.116666666666,1136.8633333333335,1136.77
2023-11-10 00:00:00,1136.77,0,4,0,1123.49,1115.3833333333328,1130.09,1135.63
2023-11-10 01:00:00,1135.63,1,4,0,1136.77,1131.963333333333,1126.885,1130.66
2023-11-10 02:00:00,1130.66,2,4,0,1135.63,1134.3533333333328,1119.735,1169.4
2023-11-10 03:00:00,1169.4,3,4,0,1130.66,1145.2299999999996,1130.3066666666668,1200.27
2023-11-10 04:00:00,1200.27,4,4,0,1169.4,1166.776666666666,1149.3700000000001,1177.88
2023-11-10 05:00:00,1177.88,5,4,0,1200.27,1182.5166666666662,1158.435,1206.68
2023-11-10 06:00:00,1206.68,6,4,0,1177.88,1194.9433333333327,1170.0866666666668,1221.99
2023-11-10 07:00:00,1221.99,7,4,0,1206.68,1202.1833333333327,1184.48,1290.2
2023-11-10 08:00:00,1290.2,8,4,0,1221.99,1239.6233333333328,1211.07,1280.4
2023-11-10 09:00:00,1280.4,9,4,0,1290.2,1264.196666666666,1229.57,1286.9
2023-11-10 10:00:00,1286.9,10,4,0,1280.4,1285.8333333333328,1244.0083333333334,1317.51
2023-11-10 11:00:00,1317.51,11,4,0,1286.9,1294.9366666666663,1267.28,1283.18
2023-11-10 12:00:00,1283.18,12,4,0,1317.51,1295.8633333333328,1280.03,1292.76
2023-11-10 13:00:00,1292.76,13,4,0,1283.18,1297.816666666666,1291.825,1273.38
2023-11-10 14:00:00,1273.38,14,4,0,1292.76,1283.106666666666,1289.0216666666668,1216.32
2023-11-10 15:00:00,1216.32,15,4,0,1273.38,1260.8199999999995,1278.3416666666667,1202.41
2023-11-10 16:00:00,1202.41,16,4,0,1216.32,1230.7033333333327,1264.26,1197.5
2023-11-10 17:00:00,1197.5,17,4,0,1202.41,1205.4099999999992,1244.2583333333334,1153.6
2023-11-10 18:00:00,1153.6,18,4,0,1197.5,1184.5033333333329,1222.6616666666666,1167.65
2023-11-10 19:00:00,1167.65,19,4,0,1153.6,1172.916666666666,1201.81,1147.27
2023-11-10 20:00:00,1147.27,20,4,0,1167.65,1156.173333333333,1180.7916666666667,1125.86
2023-11-10 21:00:00,1125.86,21,4,0,1147.27,1146.926666666666,1165.715,1085.86
2023-11-10 22:00:00,1085.86,22,4,0,1125.86,1119.6633333333327,1146.29,1112.64
2023-11-10 23:00:00,1112.64,23,4,0,1085.86,1108.1199999999992,1132.1466666666668,1105.32
2023-11-11 00:00:00,1105.32,0,5,1,1112.64,1101.2733333333326,1124.1,1119.92
2023-11-11 01:00:00,1119.92,1,5,1,1105.32,1112.626666666666,1116.145,1149.15
2023-11-11 02:00:00,1149.15,2,5,1,1119.92,1124.7966666666662,1116.4583333333333,1149.48
2023-11-11 03:00:00,1149.48,3,5,1,1149.15,1139.5166666666662,1120.395,1175.77
2023-11-11 04:00:00,1175.77,4,5,1,1149.48,1158.133333333333,1135.38,1216.77
2023-11-11 05:00:00,1216.77,5,5,1,1175.77,1180.6733333333325,1152.735,1175.94
2023-11-11 06:00:00,1175.94,6,5,1,1216.77,1189.4933333333329,1164.505,1213.55
2023-11-11 07:00:00,1213.55,7,5,1,1175.94,1202.086666666666,1180.11,1246.31
2023-11-11 08:00:00,1246.31,8,5,1,1213.55,1211.9333333333327,1196.3033333333333,1266.99
2023-11-11 09:00:00,1266.99,9,5,1,1246.31,1242.2833333333326,1215.8883333333333,1243.42
2023-11-11 10:00:00,1243.42,10,5,1,1266.99,1252.2399999999996,1227.1633333333332,1262.6
2023-11-11 11:00:00,1262.6,11,5,1,1243.42,1257.6699999999994,1234.8016666666667,1262.7
2023-11-11 12:00:00,1262.7,12,5,1,1262.6,1256.2399999999996,1249.2616666666665,1239.87
2023-11-11 13:00:00,1239.87,13,5,1,1262.7,1255.0566666666662,1253.6483333333333,1234.47
2023-11-11 14:00:00,1234.47,14,5,1,1239.87,1245.6799999999994,1251.675,1218.41
2023-11-11 15:00:00,1218.41,15,5,1,1234.47,1230.916666666666,1243.5783333333334,1177.84
2023-11-11 16:00:00,1177.84,16,5,1,1218.41,1210.2399999999996,1232.6483333333333,1169.07
2023-11-11 17:00:00,1169.07,17,5,1,1177.84,1188.4399999999994,1217.06,1162.24
2023-11-11 18:00:00,1162.24,18,5,1,1169.07,1169.716666666666,1200.3166666666666,1136.44
2023-11-11 19:00:00,1136.44,19,5,1,1162.24,1155.916666666666,1183.0783333333334,1144.33
2023-11-11 20:00:00,1144.33,20,5,1,1136.44,1147.6699999999994,1168.055,1122.72
2023-11-11 21:00:00,1122.72,21,5,1,1144.33,1134.4966666666662,1152.1066666666666,1136.65
2023-11-11 22:00:00,1136.65,22,5,1,1122.72,1134.5666666666662,1145.2416666666666,1120.9
2023-11-11 23:00:00,1120.9,23,5,1,1136.65,1126.756666666666,1137.2133333333334,1075.57
2023-11-12 00:00:00,1075.57,0,6,1,1120.9,1111.0399999999993,1122.7683333333334,1095.81
2023-11-12 01:00:00,1095.81,1,6,1,1075.57,1097.426666666666,1115.9966666666667,1093.35
2023-11-12 02:00:00,1093.35,2,6,1,1095.81,1088.2433333333327,1107.5,1152.62
2023-11-12 03:00:00,1152.62,3,6,1,1093.35,1113.926666666666,1112.4833333333333,1124.73
2023-11-12 04:00:00,1124.73,4,6,1,1152.62,1123.566666666666,1110.4966666666667,1171.13
2023-11-12 05:00:00,1171.13,5,6,1,1124.73,1149.4933333333329,1118.8683333333333,1177.51
2023-11-12 06:00:00,1177.51,6,6,1,1171.13,1157.7899999999995,1135.8583333333333,1208.68
2023-11-12 07:00:00,1208.68,7,6,1,1177.51,1185.7733333333329,1154.67,1239.53
2023-11-12 08:00:00,1239.53,8,6,1,1208.68,1208.5733333333328,1179.0333333333333,1233.33
2023-11-12 09:00:00,1233.33,9,6,1,1239.53,1227.1799999999994,1192.485,1261.15
2023-11-12 10:00:00,1261.15,10,6,1,1233.33,1244.6699999999994,1215.2216666666666,1244.48
2023-11-12 11:00:00,1244.48,11,6,1,1261.15,1246.3199999999995,1227.4466666666667,1238.45
2023-11-12 12:00:00,1238.45,12,6,1,1244.48,1248.026666666666,1237.6033333333332,1239.38
2023-11-12 13:00:00,1239.38,13,6,1,1238.45,1240.7699999999995,1242.72,1244.14
2023-11-12 14:00:00,1244.14,14,6,1,1239.38,1240.656666666666,1243.4883333333335,1182.86
2023-11-12 15:00:00,1182.86,15,6,1,1244.14,1222.126666666666,1235.0766666666666,1210.56
2023-11-12 16:00:00,1210.56,16,6,1,1182.86,1212.5199999999995,1226.645,1169.68
2023-11-12 17:00:00,1169.68,17,6,1,1210.56,1187.6999999999994,1214.1783333333333,1180.76
2023-11-12 18:00:00,1180.76,18,6,1,1169.68,1186.9999999999993,1204.5633333333333,1147.19
2023-11-12 19:00:00,1147.19,19,6,1,1180.76,1165.876666666666,1189.1983333333335,1126.38
2023-11-12 20:00:00,1126.38,20,6,1,1147.19,1151.4433333333327,1169.5716666666667,1147.85
2023-11-12 21:00:00,1147.85,21,6,1,1126.38,1140.4733333333327,1163.7366666666667,1093.84
2023-11-12 22:00:00,1093.84,22,6,1,1147.85,1122.6899999999994,1144.2833333333333,1089.91
2023-11-12 23:00:00,1089.91,23,6,1,1093.84,1110.5333333333326,1130.9883333333335,1098.18
2023-11-13 00:00:00,1098.18,0,0,0,1089.91,1093.9766666666662,1117.2250000000001,1099.52
2023-11-13 01:00:00,1099.52,1,0,0,1098.18,1095.8699999999994,1109.28,1135.43
2023-11-13 02:00:00,1135.43,2,0,0,1099.52,1111.0433333333328,1110.7883333333332,1174.73
2023-11-13 03:00:00,1174.73,3,0,0,1135.43,1136.5599999999995,1115.2683333333334,1185.45
2023-11-13 04:00:00,1185.45,4,0,0,1174.73,1165.2033333333327,1130.5366666666666,1198.54
2023-11-13 05:00:00,1198.54,5,0,0,1185.45,1186.2399999999996,1148.6416666666667,1215.81
2023-11-13 06:00:00,1215.81,6,0,0,1198.54,1199.9333333333327,1168.2466666666667,1218.79
2023-11-13 07:00:00,1218.79,7,0,0,1215.81,1211.046666666666,1188.125,1280.72
2023-11-13 08:00:00,1280.72,8,0,0,1218.79,1238.4399999999994,1212.34,1271.92
2023-11-13 09:00:00,1271.92,9,0,0,1280.72,1257.1433333333327,1228.5383333333332,1235.68
2023-11-13 10:00:00,1235.68,10,0,0,1271.92,1262.7733333333329,1236.91,1267.41
2023-11-13 11:00:00,1267.41,11,0,0,1235.68,1258.3366666666661,1248.3883333333333,1267.53
2023-11-13 12:00:00,1267.53,12,0,0,1267.41,1256.8733333333328,1257.0083333333334,1243.25
2023-11-13 13:00:00,1243.25,13,0,0,1267.53,1259.396666666666,1261.085,1280.81
2023-11-13 14:00:00,1280.81,14,0,0,1243.25,1263.8633333333325,1261.1000000000001,1253.58
2023-11-13 15:00:00,1253.58,15,0,0,1280.81,1259.2133333333327,1258.0433333333333,1246.61
2023-11-13 16:00:00,1246.61,16,0,0,1253.58,1260.3333333333328,1259.865,1198.26
2023-11-13 17:00:00,1198.26,17,0,0,1246.61,1232.816666666666,1248.34,1175.68
2023-11-13 18:00:00,1175.68,18,0,0,1198.26,1206.8499999999995,1233.0316666666668,1199.53
2023-11-13 19:00:00,1199.53,19,0,0,1175.68,1191.156666666666,1225.7450000000001,1139.84
2023-11-13 20:00:00,1139.84,20,0,0,1199.53,1171.6833333333327,1202.25,1129.42
2023-11-13 21:00:00,1129.42,21,0,0,1139.84,1156.2633333333326,1181.5566666666666,1126.56
2023-11-13 22:00:00,1126.56,22,0,0,1129.42,1131.9399999999994,1161.5483333333334,1131.33
2023-11-13 23:00:00,1131.33,23,0,0,1126.56,1129.1033333333326,1150.3933333333332,1115.23
2023-11-14 00:00:00,1115.23,0,1,0,1131.33,1124.3733333333328,1140.3183333333334,1131.33
2023-11-14 01:00:00,1131.33,1,1,0,1115.23,1125.963333333333,1128.9516666666666,1157.83
2023-11-14 02:00:00,1157.83,2,1,0,1131.33,1134.7966666666662,1131.95,1136.79
2023-11-14 03:00:00,1136.79,3,1,0,1157.83,1141.9833333333327,1133.1783333333333,1185.54
2023-11-14 04:00:00,1185.54,4,1,0,1136.79,1160.0533333333326,1143.0083333333334,1222.78
2023-11-14 05:00:00,1222.78,5,1,0,1185.54,1181.7033333333327,1158.25,1214.32
2023-11-14 06:00:00,1214.32,6,1,0,1222.78,1207.546666666666,1174.7649999999999,1246.91
2023-11-14 07:00:00,1246.91,7,1,0,1214.32,1228.0033333333326,1194.0283333333334,1265.5
2023-11-14 08:00:00,1265.5,8,1,0,1246.91,1242.2433333333327,1211.9733333333334,1299.65
2023-11-14 09:00:00,1299.65,9,1,0,1265.5,1270.686666666666,1239.1166666666666,1308.56
2023-11-14 10:00:00,1308.56,10,1,0,1299.65,1291.236666666666,1259.62,1287.49
2023-11-14 11:00:00,1287.49,11,1,0,1308.56,1298.566666666666,1270.405,1228.99
2023-11-14 12:00:00,1228.99,12,1,0,1287.49,1275.0133333333326,1272.8500000000001,1266.67
2023-11-14 13:00:00,1266.67,13,1,0,1228.99,1261.0499999999995,1276.1433333333334,1264.64
2023-11-14 14:00:00,1264.64,14,1,0,1266.67,1253.4333333333327,1276.0000000000002,1223.2
2023-11-14 15:00:00,1223.2,15,1,0,1264.64,1251.5033333333329,1263.2583333333334,1252.98
2023-11-14 16:00:00,1252.98,16,1,0,1223.2,1246.9399999999994,1253.995,1232.35
2023-11-14 17:00:00,1232.35,17,1,0,1252.98,1236.176666666666,1244.805,1145.77
2023-11-14 18:00:00,1145.77,18,1,0,1232.35,1210.366666666666,1230.9350000000002,1154.72
2023-11-14 19:00:00,1154.72,19,1,0,1145.77,1177.6133333333328,1212.2766666666666,1130.05
2023-11-14 20:00:00,1130.05,20,1,0,1154.72,1143.5133333333326,1189.845,1132.27
2023-11-14 21:00:00,1132.27,21,1,0,1130.05,1139.0133333333326,1174.6899999999998,1100.95
2023-11-14 22:00:00,1100.95,22,1,0,1132.27,1121.0899999999992,1149.3516666666667,1086.13
2023-11-14 23:00:00,1086.13,23,1,0,1100.95,1106.4499999999996,1124.9816666666668,1125.17
2023-11-15 00:00:00,1125.17,0,2,0,1086.13,1104.0833333333328,1121.5483333333334,1167.68
2023-11-15 01:00:00,1167.68,1,2,0,1125.17,1126.3266666666661,1123.7083333333333,1135.23
2023-11-15 02:00:00,1135.23,2,2,0,1167.68,1142.693333333333,1124.5716666666667,1156.01
2023-11-15 03:00:00,1156.01,3,2,0,1135.23,1152.9733333333327,1128.5283333333334,1172.13
2023-11-15 04:00:00,1172.13,4,2,0,1156.01,1154.456666666666,1140.3916666666667,1219.41
2023-11-15 05:00:00,1219.41,5,2,0,1172.13,1182.5166666666662,1162.605,1234.22
2023-11-15 06:00:00,1234.22,6,2,0,1219.41,1208.5866666666661,1180.78,1261.04
2023-11-15 07:00:00,1261.04,7,2,0,1234.22,1238.2233333333327,1196.34,1248.3
2023-11-15 08:00:00,1248.3,8,2,0,1261.04,1247.8533333333328,1215.1850000000002,1255.42
2023-11-15 09:00:00,1255.42,9,2,0,1248.3,1254.9199999999994,1231.7533333333333,1265.54
2023-11-15 10:00:00,1265.54,10,2,0,1255.42,1256.4199999999994,1247.3216666666667,1295.38
2023-11-15 11:00:00,1295.38,11,2,0,1265.54,1272.1133333333328,1259.9833333333333,1277.58
2023-11-15 12:00:00,1277.58,12,2,0,1295.38,1279.4999999999993,1267.21,1265.62
2023-11-15 13:00:00,1265.62,13,2,0,1277.58,1279.526666666666,1267.9733333333334,1287.82
2023-11-15 14:00:00,1287.82,14,2,0,1265.62,1277.006666666666,1274.5600000000002,1255.2
2023-11-15 15:00:00,1255.2,15,2,0,1287.82,1269.546666666666,1274.5233333333333,1219.38
2023-11-15 16:00:00,1219.38,16,2,0,1255.2,1254.1333333333328,1266.8300000000002,1199.59
2023-11-15 17:00:00,1199.59,17,2,0,1219.38,1224.7233333333327,1250.865,1177.65
2023-11-15 18:00:00,1177.65,18,2,0,1199.59,1198.8733333333328,1234.21,1156.66
2023-11-15 19:00:00,1156.66,19,2,0,1177.65,1177.966666666666,1216.05,1130.74
2023-11-15 20:00:00,1130.74,20,2,0,1156.66,1155.0166666666662,1189.8700000000001,1121.05
2023-11-15 21:00:00,1121.05,21,2,0,1130.74,1136.1499999999994,1167.5116666666665,1122.77
2023-11-15 22:00:00,1122.77,22,2,0,1121.05,1124.8533333333328,1151.41,1094.56
2023-11-15 23:00:00,1094.56,23,2,0,1122.77,1112.7933333333326,1133.905,1115.59
2023-11-16 00:00:00,1115.59,0,3,0,1094.56,1110.9733333333327,1123.5616666666667,1109.94
2023-11-16 01:00:00,1109.94,1,3,0,1115.59,1106.696666666666,1115.7749999999999,1151.57
2023-11-16 02:00:00,1151.57,2,3,0,1109.94,1125.6999999999994,1119.2466666666667,1135.38
2023-11-16 03:00:00,1135.38,3,3,0,1151.57,1132.2966666666662,1121.635,1176.82
2023-11-16 04:00:00,1176.82,4,3,0,1135.38,1154.5899999999992,1130.6433333333332,1217.32
2023-11-16 05:00:00,1217.32,5,3,0,1176.82,1176.506666666666,1151.1033333333332,1206.91
2023-11-16 06:00:00,1206.91,6,3,0,1217.32,1200.3499999999995,1166.3233333333335,1272.77
2023-11-16 07:00:00,1272.77,7,3,0,1206.91,1232.3333333333328,1193.4616666666666,1274.47
2023-11-16 08:00:00,1274.47,8,3,0,1272.77,1251.3833333333328,1213.945,1296.31
2023-11-16 09:00:00,1296.31,9,3,0,1274.47,1281.1833333333327,1240.7666666666667,1260.16
2023-11-16 10:00:00,1260.16,10,3,0,1296.31,1276.9799999999993,1254.6566666666668,1282.05
2023-11-16 11:00:00,1282.05,11,3,0,1260.16,1279.506666666666,1265.445,1267.68
2023-11-16 12:00:00,1267.68,12,3,0,1282.05,1269.963333333333,1275.5733333333333,1298.35
2023-11-16 13:00:00,1298.35,13,3,0,1267.68,1282.6933333333327,1279.8366666666668,1270.84
2023-11-16 14:00:00,1270.84,14,3,0,1298.35,1278.956666666666,1279.2316666666666,1224.63
2023-11-16 15:00:00,1224.63,15,3,0,1270.84,1264.606666666666,1267.285,1237.59
2023-11-16 16:00:00,1237.59,16,3,0,1224.63,1244.3533333333328,1263.5233333333333,1209.19
2023-11-16 17:00:00,1209.19,17,3,0,1237.59,1223.8033333333326,1251.38,1157.23
2023-11-16 18:00:00,1157.23,18,3,0,1209.19,1201.3366666666661,1232.9716666666666,1146.23
2023-11-16 19:00:00,1146.23,19,3,0,1157.23,1170.8833333333325,1207.6183333333333,1161.32
2023-11-16 20:00:00,1161.32,20,3,0,1146.23,1154.926666666666,1189.365,1108.27
2023-11-16 21:00:00,1108.27,21,3,0,1161.32,1138.6066666666661,1169.9716666666666,1138.74
2023-11-16 22:00:00,1138.74,22,3,0,1108.27,1136.1099999999994,1153.4966666666667,1098.34
2023-11-16 23:00:00,1098.34,23,3,0,1138.74,1115.116666666666,1135.0216666666665,1098.34
2023-11-17 00:00:00,1098.34,0,4,0,1098.34,1111.8066666666662,1125.2066666666667,1121.82
2023-11-17 01:00:00,1121.82,1,4,0,1098.34,1106.166666666666,1121.1383333333333,1152.68
2023-11-17 02:00:00,1152.68,2,4,0,1121.82,1124.2799999999995,1119.6983333333333,1148.37
2023-11-17 03:00:00,1148.37,3,4,0,1152.68,1140.956666666666,1126.3816666666667,1164.41
2023-11-17 04:00:00,1164.41,4,4,0,1148.37,1155.1533333333327,1130.6599999999999,1201.68
2023-11-17 05:00:00,1201.68,5,4,0,1164.41,1171.486666666666,1147.8833333333332,1218.83
2023-11-17 06:00:00,1218.83,6,4,0,1201.68,1194.9733333333327,1167.965,1255.19
2023-11-17 07:00:00,1255.19,7,4,0,1218.83,1225.2333333333327,1190.1933333333334,1254.22
2023-11-17 08:00:00,1254.22,8,4,0,1255.19,1242.746666666666,1207.1166666666668,1284.49
2023-11-17 09:00:00,1284.49,9,4,0,1254.22,1264.6333333333325,1229.8033333333335,1295.3
2023-11-17 10:00:00,1295.3,10,4,0,1284.49,1278.0033333333329,1251.618333333333,1286.95
2023-11-17 11:00:00,1286.95,11,4,0,1295.3,1288.9133333333327,1265.8300000000002,1299.63
2023-11-17 12:00:00,1299.63,12,4,0,1286.95,1293.9599999999994,1279.2966666666669,1294.42
2023-11-17 13:00:00,1294.42,13,4,0,1299.63,1293.666666666666,1285.835,1251.97
2023-11-17 14:00:00,1251.97,14,4,0,1294.42,1282.0066666666662,1285.46,1247.97
2023-11-17 15:00:00,1247.97,15,4,0,1251.97,1264.7866666666662,1279.3733333333332,1228.63
2023-11-17 16:00:00,1228.63,16,4,0,1247.97,1242.8566666666663,1268.2616666666668,1195.56
2023-11-17 17:00:00,1195.56,17,4,0,1228.63,1224.0533333333326,1253.03,1174.27
2023-11-17 18:00:00,1174.27,18,4,0,1195.56,1199.486666666666,1232.1366666666665,1141.1
2023-11-17 19:00:00,1141.1,19,4,0,1174.27,1170.3099999999993,1206.5833333333333,1142.97
2023-11-17 20:00:00,1142.97,20,4,0,1141.1,1152.7799999999995,1188.4166666666667,1133.75
2023-11-17 21:00:00,1133.75,21,4,0,1142.97,1139.2733333333326,1169.38,1132.4
2023-11-17 22:00:00,1132.4,22,4,0,1133.75,1136.3733333333328,1153.3416666666667,1127.86
2023-11-17 23:00:00,1127.86,23,4,0,1132.4,1131.3366666666661,1142.0583333333332,1137.5
2023-11-18 00:00:00,1137.5,0,5,1,1127.86,1132.5866666666661,1135.93,1094.67
2023-11-18 01:00:00,1094.67,1,5,1,1137.5,1120.0099999999993,1128.1916666666666,1107.0
2023-11-18 02:00:00,1107.0,2,5,1,1094.67,1113.0566666666662,1122.1966666666667,1135.94
2023-11-18 03:00:00,1135.94,3,5,1,1107.0,1112.5366666666662,1122.5616666666667,1127.66
2023-11-18 04:00:00,1127.66,4,5,1,1135.94,1123.5333333333328,1121.7716666666668,1180.05
2023-11-18 05:00:00,1180.05,5,5,1,1127.66,1147.883333333333,1130.47,1226.01
2023-11-18 06:00:00,1226.01,6,5,1,1180.05,1177.906666666666,1145.2216666666666,1227.57
2023-11-18 07:00:00,1227.57,7,5,1,1226.01,1211.2099999999994,1167.3716666666667,1266.58
2023-11-18 08:00:00,1266.58,8,5,1,1227.57,1240.0533333333326,1193.9683333333335,1256.55
2023-11-18 09:00:00,1256.55,9,5,1,1266.58,1250.2333333333327,1214.07,1261.81
2023-11-18 10:00:00,1261.81,10,5,1,1256.55,1261.646666666666,1236.4283333333333,1268.5
2023-11-18 11:00:00,1268.5,11,5,1,1261.81,1262.286666666666,1251.1699999999998,1244.0
2023-11-18 12:00:00,1244.0,12,5,1,1268.5,1258.1033333333328,1254.1683333333333,1230.38
2023-11-18 13:00:00,1230.38,13,5,1,1244.0,1247.626666666666,1254.6366666666665,1200.55
2023-11-18 14:00:00,1200.55,14,5,1,1230.38,1224.9766666666662,1243.6316666666667,1221.06
2023-11-18 15:00:00,1221.06,15,5,1,1200.55,1217.3299999999992,1237.7166666666665,1189.28
2023-11-18 16:00:00,1189.28,16,5,1,1221.06,1203.6299999999994,1225.6283333333333,1197.37
2023-11-18 17:00:00,1197.37,17,5,1,1189.28,1202.5699999999995,1213.7733333333333,1163.23
2023-11-18 18:00:00,1163.23,18,5,1,1197.37,1183.2933333333326,1200.3116666666667,1121.23
2023-11-18 19:00:00,1121.23,19,5,1,1163.23,1160.6099999999994,1182.12,1094.3
2023-11-18 20:00:00,1094.3,20,5,1,1121.23,1126.2533333333329,1164.4116666666666,1091.69
2023-11-18 21:00:00,1091.69,21,5,1,1094.3,1102.406666666666,1142.8500000000001,1102.18
2023-11-18 22:00:00,1102.18,22,5,1,1091.69,1096.0566666666662,1128.3333333333333,1107.53
2023-11-18 23:00:00,1107.53,23,5,1,1102.18,1100.466666666666,1113.3600000000001,1106.7
2023-11-19 00:00:00,1106.7,0,6,1,1107.53,1105.4699999999996,1103.9383333333333,1098.15
2023-11-19 01:00:00,1098.15,1,6,1,1106.7,1104.126666666666,1100.0916666666665,1139.92
2023-11-19 02:00:00,1139.92,2,6,1,1098.15,1114.923333333333,1107.695,1083.84
2023-11-19 03:00:00,1083.84,3,6,1,1139.92,1107.3033333333326,1106.3866666666665,1068.58
2023-11-19 04:00:00,1068.58,4,6,1,1083.84,1097.446666666666,1100.7866666666666,1156.64
2023-11-19 05:00:00,1156.64,5,6,1,1068.58,1103.0199999999993,1108.9716666666666,1180.86
2023-11-19 06:00:00,1180.86,6,6,1,1156.64,1135.3599999999994,1121.3316666666667,1198.19
2023-11-19 07:00:00,1198.19,7,6,1,1180.86,1178.5633333333328,1138.005,1217.96
2023-11-19 08:00:00,1217.96,8,6,1,1198.19,1199.0033333333329,1151.0116666666668,1251.59
2023-11-19 09:00:00,1251.59,9,6,1,1217.96,1222.5799999999995,1178.97,1250.9
2023-11-19 10:00:00,1250.9,10,6,1,1251.59,1240.1499999999994,1209.3566666666668,1251.11
2023-11-19 11:00:00,1251.11,11,6,1,1250.9,1251.1999999999991,1225.1016666666667,1270.47
2023-11-19 12:00:00,1270.47,12,6,1,1251.11,1257.4933333333327,1240.0366666666666,1256.66
2023-11-19 13:00:00,1256.66,13,6,1,1270.47,1259.4133333333327,1249.7816666666665,1225.99
2023-11-19 14:00:00,1225.99,14,6,1,1256.66,1251.0399999999995,1251.12,1194.08
2023-11-19 15:00:00,1194.08,15,6,1,1225.99,1225.5766666666661,1241.5349999999999,1252.84
2023-11-19 16:00:00,1252.84,16,6,1,1194.08,1224.3033333333326,1241.8583333333333,1156.7
2023-11-19 17:00:00,1156.7,17,6,1,1252.84,1201.206666666666,1226.1233333333332,1113.71
2023-11-19 18:00:00,1113.71,18,6,1,1156.7,1174.416666666666,1199.9966666666667,1170.28
2023-11-19 19:00:00,1170.28,19,6,1,1113.71,1146.8966666666659,1185.6000000000001,1082.17
2023-11-19 20:00:00,1082.17,20,6,1,1170.28,1122.0533333333326,1161.63,1116.11
2023-11-19 21:00:00,1116.11,21,6,1,1082.17,1122.8533333333328,1148.635,1100.28
2023-11-19 22:00:00,1100.28,22,6,1,1116.11,1099.5199999999993,1123.2083333333333,1101.72
2023-11-19 23:00:00,1101.72,23,6,1,1100.28,1106.036666666666,1114.0449999999998,1144.53
2023-11-20 00:00:00,1144.53,0,0,0,1101.72,1115.5099999999993,1119.1816666666666,1125.86
2023-11-20 01:00:00,1125.86,1,0,0,1144.53,1124.0366666666662,1111.7783333333334,1167.47
2023-11-20 02:00:00,1167.47,2,0,0,1125.86,1145.9533333333327,1125.995,1147.74
2023-11-20 03:00:00,1147.74,3,0,0,1167.47,1147.0233333333329,1131.2666666666667,1165.51
2023-11-20 04:00:00,1165.51,4,0,0,1147.74,1160.2399999999996,1142.1383333333333,1228.35
2023-11-20 05:00:00,1228.35,5,0,0,1165.51,1180.5333333333326,1163.2433333333333,1222.59
2023-11-20 06:00:00,1222.59,6,0,0,1228.35,1205.4833333333327,1176.2533333333333,1267.08
2023-11-20 07:00:00,1267.08,7,0,0,1222.59,1239.3399999999992,1199.79,1267.62
2023-11-20 08:00:00,1267.62,8,0,0,1267.08,1252.4299999999994,1216.4816666666666,1274.19
2023-11-20 09:00:00,1274.19,9,0,0,1267.62,1269.6299999999994,1237.5566666666666,1271.63
2023-11-20 10:00:00,1271.63,10,0,0,1274.19,1271.146666666666,1255.2433333333333,1306.58
2023-11-20 11:00:00,1306.58,11,0,0,1271.63,1284.1333333333328,1268.2816666666665,1255.26
2023-11-20 12:00:00,1255.26,12,0,0,1306.58,1277.8233333333328,1273.7266666666667,1267.89
2023-11-20 13:00:00,1267.89,13,0,0,1255.26,1276.5766666666661,1273.8616666666667,1251.82
2023-11-20 14:00:00,1251.82,14,0,0,1267.89,1258.3233333333328,1271.2283333333332,1239.1
2023-11-20 15:00:00,1239.1,15,0,0,1251.82,1252.9366666666658,1265.3799999999999,1230.82
2023-11-20 16:00:00,1230.82,16,0,0,1239.1,1240.5799999999992,1258.5783333333331,1199.33
2023-11-20 17:00:00,1199.33,17,0,0,1230.82,1223.0833333333328,1240.7033333333331,1156.14
2023-11-20 18:00:00,1156.14,18,0,0,1199.33,1195.4299999999994,1224.1833333333332,1152.97
2023-11-20 19:00:00,1152.97,19,0,0,1156.14,1169.4799999999993,1205.03,1126.42
2023-11-20 20:00:00,1126.42,20,0,0,1152.97,1145.176666666666,1184.1299999999999,1093.68
2023-11-20 21:00:00,1093.68,21,0,0,1126.42,1124.3566666666663,1159.8933333333334,1125.86
2023-11-20 22:00:00,1125.86,22,0,0,1093.68,1115.3199999999995,1142.4,1082.9
2023-11-20 23:00:00,1082.9,23,0,0,1125.86,1100.8133333333328,1122.995,1138.66
2023-11-21 00:00:00,1138.66,0,1,0,1082.9,1115.8066666666662,1120.0816666666667,1140.89
2023-11-21 01:00:00,1140.89,1,1,0,1138.66,1120.8166666666662,1118.0683333333334,1119.06
2023-11-21 02:00:00,1119.06,2,1,0,1140.89,1132.8699999999994,1116.8416666666667,1164.08
2023-11-21 03:00:00,1164.08,3,1,0,1119.06,1141.3433333333326,1128.575,1177.78
2023-11-21 04:00:00,1177.78,4,1,0,1164.08,1153.6399999999994,1137.2283333333332,1227.78
2023-11-21 05:00:00,1227.78,5,1,0,1177.78,1189.8799999999994,1161.375,1183.82
2023-11-21 06:00:00,1183.82,6,1,0,1227.78,1196.4599999999994,1168.9016666666666,1218.46
2023-11-21 07:00:00,1218.46,7,1,0,1183.82,1210.0199999999995,1181.8300000000002,1249.6
2023-11-21 08:00:00,1249.6,8,1,0,1218.46,1217.2933333333328,1203.5866666666666,1246.72
2023-11-21 09:00:00,1246.72,9,1,0,1249.6,1238.2599999999995,1217.36,1307.44
2023-11-21 10:00:00,1307.44,10,1,0,1246.72,1267.9199999999994,1238.97,1307.6
2023-11-21 11:00:00,1307.6,11,1,0,1307.44,1287.2533333333326,1252.2733333333333,1244.0
2023-11-21 12:00:00,1244.0,12,1,0,1307.6,1286.3466666666661,1262.3033333333333,1294.91
2023-11-21 13:00:00,1294.91,13,1,0,1244.0,1282.1699999999994,1275.0449999999998,1267.26
2023-11-21 14:00:00,1267.26,14,1,0,1294.91,1268.7233333333327,1277.9883333333335,1212.62
2023-11-21 15:00:00,1212.62,15,1,0,1267.26,1258.2633333333326,1272.305,1207.84
2023-11-21 16:00:00,1207.84,16,1,0,1212.62,1229.2399999999996,1255.705,1195.08
2023-11-21 17:00:00,1195.08,17,1,0,1207.84,1205.1799999999994,1236.9516666666666,1175.13
2023-11-21 18:00:00,1175.13,18,1,0,1195.08,1192.6833333333327,1225.4733333333334,1128.74
2023-11-21 19:00:00,1128.74,19,1,0,1175.13,1166.316666666666,1197.7783333333334,1130.44
2023-11-21 20:00:00,1130.44,20,1,0,1128.74,1144.7699999999993,1174.9750000000001,1105.76
2023-11-21 21:00:00,1105.76,21,1,0,1130.44,1121.6466666666663,1157.165,1105.3
2023-11-21 22:00:00,1105.3,22,1,0,1105.76,1113.8333333333328,1140.075,1109.15
2023-11-21 23:00:00,1109.15,23,1,0,1105.3,1106.736666666666,1125.7533333333333,1095.02
2023-11-22 00:00:00,1095.02,0,2,0,1109.15,1103.156666666666,1112.4016666666666,1135.61
2023-11-22 01:00:00,1135.61,1,2,0,1095.02,1113.2599999999993,1113.5466666666666,1106.34
2023-11-22 02:00:00,1106.34,2,2,0,1135.61,1112.3233333333326,1109.53,1166.28
2023-11-22 03:00:00,1166.28,3,2,0,1106.34,1136.076666666666,1119.6166666666666,1151.48
2023-11-22 04:00:00,1151.48,4,2,0,1166.28,1141.366666666666,1127.3133333333333,1191.56
2023-11-22 05:00:00,1191.56,5,2,0,1151.48,1169.7733333333326,1141.0483333333332,1232.09
2023-11-22 06:00:00,1232.09,6,2,0,1191.56,1191.7099999999994,1163.8933333333332,1253.03
2023-11-22 07:00:00,1253.03,7,2,0,1232.09,1225.5599999999993,1183.4633333333334,1249.46
2023-11-22 08:00:00,1249.46,8,2,0,1253.03,1244.8599999999994,1207.3166666666666,1305.71
2023-11-22 09:00:00,1305.71,9,2,0,1249.46,1269.3999999999994,1230.555,1283.19
2023-11-22 10:00:00,1283.19,10,2,0,1305.71,1279.453333333333,1252.5066666666667,1348.66
2023-11-22 11:00:00,1348.66,11,2,0,1283.19,1312.5199999999995,1278.69,1257.84
2023-11-22 12:00:00,1257.84,12,2,0,1348.66,1296.5633333333328,1282.9816666666668,1258.63
2023-11-22 13:00:00,1258.63,13,2,0,1257.84,1288.376666666666,1283.9150000000002,1279.95
2023-11-22 14:00:00,1279.95,14,2,0,1258.63,1265.4733333333327,1288.9966666666667,1245.7
2023-11-22 15:00:00,1245.7,15,2,0,1279.95,1261.426666666666,1278.9950000000001,1211.24
2023-11-22 16:00:00,1211.24,16,2,0,1245.7,1245.6299999999994,1267.0033333333333,1203.12
2023-11-22 17:00:00,1203.12,17,2,0,1211.24,1220.0199999999993,1242.7466666666667,1197.38
2023-11-22 18:00:00,1197.38,18,2,0,1203.12,1203.9133333333327,1232.67,1187.66
2023-11-22 19:00:00,1187.66,19,2,0,1197.38,1196.0533333333326,1220.8416666666667,1188.23
2023-11-22 20:00:00,1188.23,20,2,0,1187.66,1191.0899999999995,1205.555,1102.11
2023-11-22 21:00:00,1102.11,21,2,0,1188.23,1159.3333333333328,1181.6233333333332,1131.4
2023-11-22 22:00:00,1131.4,22,2,0,1102.11,1140.5799999999995,1168.3166666666668,1130.21
2023-11-22 23:00:00,1130.21,23,2,0,1131.4,1121.2399999999996,1156.1650000000002,1153.74
2023-11-23 00:00:00,1153.74,0,3,0,1130.21,1138.4499999999996,1148.8916666666667,1144.05
2023-11-23 01:00:00,1144.05,1,3,0,1153.74,1142.666666666666,1141.6233333333332,1152.36
2023-11-23 02:00:00,1152.36,2,3,0,1144.05,1150.0499999999993,1135.645,1153.42
2023-11-23 03:00:00,1153.42,3,3,0,1152.36,1149.9433333333327,1144.1966666666667,1134.83
2023-11-23 04:00:00,1134.83,4,3,0,1153.42,1146.8699999999992,1144.7683333333332,1174.34
2023-11-23 05:00:00,1174.34,5,3,0,1134.83,1154.196666666666,1152.1233333333332,1221.19
2023-11-23 06:00:00,1221.19,6,3,0,1174.34,1176.7866666666662,1163.365,1243.83
2023-11-23 07:00:00,1243.83,7,3,0,1221.19,1213.1199999999992,1179.995,1266.53
2023-11-23 08:00:00,1266.53,8,3,0,1243.83,1243.8499999999995,1199.0233333333333,1264.21
2023-11-23 09:00:00,1264.21,9,3,0,1266.53,1258.1899999999994,1217.4883333333335,1301.26
2023-11-23 10:00:00,1301.26,10,3,0,1264.21,1277.3333333333328,1245.2266666666667,1278.78
2023-11-23 11:00:00,1278.78,11,3,0,1301.26,1281.416666666666,1262.6333333333334,1269.24
2023-11-23 12:00:00,1269.24,12,3,0,1278.78,1283.0933333333328,1270.6416666666667,1283.58
2023-11-23 13:00:00,1283.58,13,3,0,1269.24,1277.1999999999994,1277.2666666666667,1251.06
2023-11-23 14:00:00,1251.06,14,3,0,1283.58,1267.9599999999994,1274.6883333333333,1240.72
2023-11-23 15:00:00,1240.72,15,3,0,1251.06,1258.4533333333327,1270.7733333333333,1238.06
2023-11-23 16:00:00,1238.06,16,3,0,1240.72,1243.2799999999995,1260.24,1215.25
2023-11-23 17:00:00,1215.25,17,3,0,1238.06,1231.3433333333326,1249.6516666666666,1185.61
2023-11-23 18:00:00,1185.61,18,3,0,1215.25,1212.9733333333327,1235.7133333333334,1172.18
2023-11-23 19:00:00,1172.18,19,3,0,1185.61,1191.0133333333326,1217.1466666666668,1136.09
2023-11-23 20:00:00,1136.09,20,3,0,1172.18,1164.6266666666659,1197.985,1145.9
2023-11-23 21:00:00,1145.9,21,3,0,1136.09,1151.3899999999994,1182.1816666666666,1082.31
2023-11-23 22:00:00,1082.31,22,3,0,1145.9,1121.4333333333327,1156.2233333333334,1100.09
2023-11-23 23:00:00,1100.09,23,3,0,1082.31,1109.4333333333327,1137.03,1137.96
2023-11-24 00:00:00,1137.96,0,4,0,1100.09,1106.786666666666,1129.0883333333334,1105.61
2023-11-24 01:00:00,1105.61,1,4,0,1137.96,1114.5533333333326,1117.993333333333,1119.51
2023-11-24 02:00:00,1119.51,2,4,0,1105.61,1121.026666666666,1115.2299999999998,1165.09
2023-11-24 03:00:00,1165.09,3,4,0,1119.51,1130.0699999999993,1118.4283333333333,1192.47
2023-11-24 04:00:00,1192.47,4,4,0,1165.09,1159.0233333333326,1136.7883333333334,1192.13
2023-11-24 05:00:00,1192.13,5,4,0,1192.47,1183.2299999999993,1152.1283333333333,1205.01
2023-11-24 06:00:00,1205.01,6,4,0,1192.13,1196.5366666666662,1163.3033333333333,1233.08
2023-11-24 07:00:00,1233.08,7,4,0,1205.01,1210.0733333333328,1184.5483333333332,1279.42
2023-11-24 08:00:00,1279.42,8,4,0,1233.08,1239.1699999999994,1211.2,1263.41
2023-11-24 09:00:00,1263.41,9,4,0,1279.42,1258.636666666666,1227.5866666666668,1275.98
2023-11-24 10:00:00,1275.98,10,4,0,1263.41,1272.9366666666663,1241.5049999999999,1291.73
2023-11-24 11:00:00,1291.73,11,4,0,1275.98,1277.0399999999993,1258.105,1283.35
2023-11-24 12:00:00,1283.35,12,4,0,1291.73,1283.6866666666663,1271.1616666666666,1279.67
2023-11-24 13:00:00,1279.67,13,4,0,1283.35,1284.916666666666,1278.9266666666665,1236.82
2023-11-24 14:00:00,1236.82,14,4,0,1279.67,1266.6133333333328,1271.8266666666666,1225.05
2023-11-24 15:00:00,1225.05,15,4,0,1236.82,1247.1799999999994,1265.4333333333332,1227.62
2023-11-24 16:00:00,1227.62,16,4,0,1225.05,1229.8299999999992,1257.3733333333332,1233.56
2023-11-24 17:00:00,1233.56,17,4,0,1227.62,1228.7433333333327,1247.6783333333333,1179.24
2023-11-24 18:00:00,1179.24,18,4,0,1233.56,1213.4733333333327,1230.3266666666666,1138.51
2023-11-24 19:00:00,1138.51,19,4,0,1179.24,1183.7699999999995,1206.8,1136.93
2023-11-24 20:00:00,1136.93,20,4,0,1138.51,1151.5599999999993,1190.1516666666666,1116.29
2023-11-24 21:00:00,1116.29,21,4,0,1136.93,1130.5766666666661,1172.0249999999999,1099.65
2023-11-24 22:00:00,1099.65,22,4,0,1116.29,1117.6233333333328,1150.6966666666667,1117.96
2023-11-24 23:00:00,1117.96,23,4,0,1099.65,1111.2999999999995,1131.43,1071.94
2023-11-25 00:00:00,1071.94,0,5,1,1117.96,1096.5166666666662,1113.5466666666669,1082.68
2023-11-25 01:00:00,1082.68,1,5,1,1071.94,1090.8599999999994,1104.2416666666666,1131.85
2023-11-25 02:00:00,1131.85,2,5,1,1082.68,1095.4899999999996,1103.3950000000002,1139.44
2023-11-25 03:00:00,1139.44,3,5,1,1131.85,1117.9899999999996,1107.2533333333333,1160.76
2023-11-25 04:00:00,1160.76,4,5,1,1139.44,1144.016666666666,1117.4383333333333,1149.69
2023-11-25 05:00:00,1149.69,5,5,1,1160.76,1149.9633333333327,1122.7266666666667,1178.38
2023-11-25 06:00:00,1178.38,6,5,1,1149.69,1162.9433333333327,1140.4666666666665,1211.04
2023-11-25 07:00:00,1211.04,7,5,1,1178.38,1179.7033333333327,1161.86,1258.29
2023-11-25 08:00:00,1258.29,8,5,1,1211.04,1215.9033333333327,1182.9333333333334,1290.78
2023-11-25 09:00:00,1290.78,9,5,1,1258.29,1253.3699999999992,1208.1566666666668,1261.54
2023-11-25 10:00:00,1261.54,10,5,1,1290.78,1270.2033333333327,1224.9533333333334,1259.04
2023-11-25 11:00:00,1259.04,11,5,1,1261.54,1270.4533333333327,1243.1783333333335,1262.1
2023-11-25 12:00:00,1262.1,12,5,1,1259.04,1260.8933333333327,1257.1316666666667,1256.59
2023-11-25 13:00:00,1256.59,13,5,1,1262.1,1259.2433333333327,1264.7233333333334,1222.83
2023-11-25 14:00:00,1222.83,14,5,1,1256.59,1247.1733333333325,1258.8133333333333,1226.62
2023-11-25 15:00:00,1226.62,15,5,1,1222.83,1235.3466666666661,1248.12,1185.7
2023-11-25 16:00:00,1185.7,16,5,1,1226.62,1211.716666666666,1235.4799999999998,1186.16
2023-11-25 17:00:00,1186.16,17,5,1,1185.7,1199.4933333333327,1223.3333333333333,1137.2
2023-11-25 18:00:00,1137.2,18,5,1,1186.16,1169.6866666666663,1202.5166666666667,1119.31
2023-11-25 19:00:00,1119.31,19,5,1,1137.2,1147.5566666666662,1179.6366666666665,1100.77
2023-11-25 20:00:00,1100.77,20,5,1,1119.31,1119.0933333333326,1159.2933333333333,1091.05
2023-11-25 21:00:00,1091.05,21,5,1,1100.77,1103.7099999999994,1136.6983333333335,1105.66
2023-11-25 22:00:00,1105.66,22,5,1,1091.05,1099.1599999999992,1123.3583333333333,1090.7
2023-11-25 23:00:00,1090.7,23,5,1,1105.66,1095.8033333333328,1107.4483333333333,1079.76
2023-11-26 00:00:00,1079.76,0,6,1,1090.7,1092.0399999999993,1097.875,1142.88
2023-11-26 01:00:00,1142.88,1,6,1,1079.76,1104.446666666666,1101.8033333333335,1112.5
2023-11-26 02:00:00,1112.5,2,6,1,1142.88,1111.713333333333,1103.7583333333334,1112.3
2023-11-26 03:00:00,1112.3,3,6,1,1112.5,1122.5599999999993,1107.3,1116.2
2023-11-26 04:00:00,1116.2,4,6,1,1112.3,1113.666666666666,1109.0566666666666,1171.15
2023-11-26 05:00:00,1171.15,5,6,1,1116.2,1133.2166666666662,1122.465,1216.76
2023-11-26 06:00:00,1216.76,6,6,1,1171.15,1168.0366666666662,1145.2983333333334,1181.49
2023-11-26 07:00:00,1181.49,7,6,1,1216.76,1189.7999999999993,1151.7333333333333,1219.92
2023-11-26 08:00:00,1219.92,8,6,1,1181.49,1206.0566666666662,1169.6366666666665,1266.41
2023-11-26 09:00:00,1266.41,9,6,1,1219.92,1222.6066666666661,1195.3216666666667,1252.88
2023-11-26 10:00:00,1252.88,10,6,1,1266.41,1246.4033333333327,1218.1016666666667,1260.15
2023-11-26 11:00:00,1260.15,11,6,1,1252.88,1259.8133333333328,1232.9350000000002,1213.84
2023-11-26 12:00:00,1213.84,12,6,1,1260.15,1242.2899999999993,1232.4483333333335,1240.17
2023-11-26 13:00:00,1240.17,13,6,1,1213.84,1238.0533333333326,1242.2283333333335,1206.99
2023-11-26 14:00:00,1206.99,14,6,1,1240.17,1220.3333333333328,1240.0733333333335,1245.43
2023-11-26 15:00:00,1245.43,15,6,1,1206.99,1230.8633333333328,1236.5766666666668,1203.51
2023-11-26 16:00:00,1203.51,16,6,1,1245.43,1218.6433333333327,1228.3483333333334,1222.4
2023-11-26 17:00:00,1222.4,17,6,1,1203.51,1223.7799999999995,1222.0566666666666,1117.46
2023-11-26 18:00:00,1117.46,18,6,1,1222.4,1181.1233333333328,1205.9933333333333,1097.71
2023-11-26 19:00:00,1097.71,19,6,1,1117.46,1145.8566666666661,1182.25,1125.97
2023-11-26 20:00:00,1125.97,20,6,1,1097.71,1113.713333333333,1168.7466666666667,1108.42
2023-11-26 21:00:00,1108.42,21,6,1,1125.97,1110.6999999999996,1145.9116666666666,1106.57
2023-11-26 22:00:00,1106.57,22,6,1,1108.42,1113.6533333333327,1129.755,1069.15
2023-11-26 23:00:00,1069.15,23,6,1,1106.57,1094.7133333333327,1104.2133333333334,1116.82
2023-11-27 00:00:00,1116.82,0,0,0,1069.15,1097.5133333333326,1104.1066666666668,1124.48
2023-11-27 01:00:00,1124.48,1,0,0,1116.82,1103.4833333333327,1108.5683333333334,1136.38
2023-11-27 02:00:00,1136.38,2,0,0,1124.48,1125.8933333333327,1110.3033333333333,1165.78
2023-11-27 03:00:00,1165.78,3,0,0,1136.38,1142.213333333333,1119.8633333333335,1169.17
2023-11-27 04:00:00,1169.17,4,0,0,1165.78,1157.1099999999994,1130.2966666666669,1209.99
2023-11-27 05:00:00,1209.99,5,0,0,1169.17,1181.6466666666659,1153.7700000000002,1216.92
2023-11-27 06:00:00,1216.92,6,0,0,1209.99,1198.6933333333327,1170.4533333333334,1257.98
2023-11-27 07:00:00,1257.98,7,0,0,1216.92,1228.2966666666662,1192.7033333333334,1247.61
2023-11-27 08:00:00,1247.61,8,0,0,1257.98,1240.8366666666661,1211.2416666666668,1246.97
2023-11-27 09:00:00,1246.97,9,0,0,1247.61,1250.8533333333328,1224.7733333333333,1289.02
2023-11-27 10:00:00,1289.02,10,0,0,1246.97,1261.1999999999991,1244.7483333333332,1286.89
2023-11-27 11:00:00,1286.89,11,0,0,1289.02,1274.2933333333328,1257.5649999999998,1255.07
2023-11-27 12:00:00,1255.07,12,0,0,1286.89,1276.9933333333327,1263.9233333333334,1294.99
2023-11-27 13:00:00,1294.99,13,0,0,1255.07,1278.983333333333,1270.0916666666667,1232.95
2023-11-27 14:00:00,1232.95,14,0,0,1294.99,1261.0033333333329,1267.6483333333333,1265.66
2023-11-27 15:00:00,1265.66,15,0,0,1232.95,1264.5333333333328,1270.7633333333333,1230.0
2023-11-27 16:00:00,1230.0,16,0,0,1265.66,1242.8699999999994,1260.9266666666665,1196.11
2023-11-27 17:00:00,1196.11,17,0,0,1230.0,1230.5899999999992,1245.7966666666669,1175.9
2023-11-27 18:00:00,1175.9,18,0,0,1196.11,1200.6699999999994,1232.6016666666667,1161.72
2023-11-27 19:00:00,1161.72,19,0,0,1175.9,1177.9099999999994,1210.39,1153.47
2023-11-27 20:00:00,1153.47,20,0,0,1161.72,1163.696666666666,1197.1433333333334,1144.02
2023-11-27 21:00:00,1144.02,21,0,0,1153.47,1153.0699999999995,1176.8700000000001,1096.99
2023-11-27 22:00:00,1096.99,22,0,0,1144.02,1131.4933333333327,1154.7016666666666,1134.02
2023-11-27 23:00:00,1134.02,23,0,0,1096.99,1125.0099999999995,1144.3533333333332,1112.8
2023-11-28 00:00:00,1112.8,0,1,0,1134.02,1114.6033333333328,1133.8366666666668,1131.14
2023-11-28 01:00:00,1131.14,1,1,0,1112.8,1125.986666666666,1128.74,1133.47
2023-11-28 02:00:00,1133.47,2,1,0,1131.14,1125.8033333333326,1125.4066666666665,1141.25
2023-11-28 03:00:00,1141.25,3,1,0,1133.47,1135.286666666666,1124.945,1183.24
2023-11-28 04:00:00,1183.24,4,1,0,1141.25,1152.6533333333327,1139.32,1205.08
2023-11-28 05:00:00,1205.08,5,1,0,1183.24,1176.5233333333326,1151.1633333333332,1223.65
2023-11-28 06:00:00,1223.65,6,1,0,1205.08,1203.9899999999993,1169.6383333333333,1232.53
2023-11-28 07:00:00,1232.53,7,1,0,1223.65,1220.4199999999994,1186.5366666666666,1264.91
2023-11-28 08:00:00,1264.91,8,1,0,1232.53,1240.3633333333328,1208.4433333333334,1294.1
2023-11-28 09:00:00,1294.1,9,1,0,1264.91,1263.8466666666661,1233.9183333333333,1271.74
2023-11-28 10:00:00,1271.74,10,1,0,1294.1,1276.916666666666,1248.6683333333333,1280.11
2023-11-28 11:00:00,1280.11,11,1,0,1271.74,1281.9833333333327,1261.1733333333334,1286.69
2023-11-28 12:00:00,1286.69,12,1,0,1280.11,1279.5133333333326,1271.68,1247.02
2023-11-28 13:00:00,1247.02,13,1,0,1286.69,1271.2733333333329,1274.095,1273.99
2023-11-28 14:00:00,1273.99,14,1,0,1247.02,1269.2333333333327,1275.6083333333333,1233.33
2023-11-28 15:00:00,1233.33,15,1,0,1273.99,1251.446666666666,1265.48,1231.8
2023-11-28 16:00:00,1231.8,16,1,0,1233.33,1246.3733333333328,1258.8233333333335,1230.66
2023-11-28 17:00:00,1230.66,17,1,0,1231.8,1231.9299999999994,1250.5816666666667,1180.6
2023-11-28 18:00:00,1180.6,18,1,0,1230.66,1214.3533333333328,1232.8999999999999,1163.21
2023-11-28 19:00:00,1163.21,19,1,0,1180.6,1191.4899999999996,1218.9316666666666,1166.0
2023-11-28 20:00:00,1166.0,20,1,0,1163.21,1169.9366666666663,1200.9333333333332,1130.31
2023-11-28 21:00:00,1130.31,21,1,0,1166.0,1153.1733333333325,1183.7633333333333,1153.87
2023-11-28 22:00:00,1153.87,22,1,0,1130.31,1150.0599999999993,1170.775,1105.01
2023-11-28 23:00:00,1105.01,23,1,0,1153.87,1129.7299999999993,1149.8333333333333,1129.23
2023-11-29 00:00:00,1129.23,0,2,0,1105.01,1129.3699999999994,1141.2716666666668,1109.34
2023-11-29 01:00:00,1109.34,1,2,0,1129.23,1114.526666666666,1132.2933333333333,1150.51
2023-11-29 02:00:00,1150.51,2,2,0,1109.34,1129.6933333333327,1129.7116666666668,1150.89
2023-11-29 03:00:00,1150.89,3,2,0,1150.51,1136.9133333333327,1133.1416666666667,1163.07
2023-11-29 04:00:00,1163.07,4,2,0,1150.89,1154.8233333333326,1134.675,1169.27
2023-11-29 05:00:00,1169.27,5,2,0,1163.07,1161.0766666666661,1145.385,1236.09
2023-11-29 06:00:00,1236.09,6,2,0,1169.27,1189.4766666666662,1163.195,1240.91
2023-11-29 07:00:00,1240.91,7,2,0,1236.09,1215.4233333333327,1185.1233333333332,1276.13
2023-11-29 08:00:00,1276.13,8,2,0,1240.91,1251.0433333333328,1206.06,1281.68
2023-11-29 09:00:00,1281.68,9,2,0,1276.13,1266.2399999999996,1227.8583333333333,1251.72
2023-11-29 10:00:00,1251.72,10,2,0,1281.68,1269.8433333333328,1242.6333333333332,1268.53
2023-11-29 11:00:00,1268.53,11,2,0,1251.72,1267.3099999999995,1259.1766666666667,1263.3
2023-11-29 12:00:00,1263.3,12,2,0,1268.53,1261.1833333333327,1263.7116666666668,1293.9
2023-11-29 13:00:00,1293.9,13,2,0,1263.3,1275.2433333333327,1272.5433333333333,1290.32
2023-11-29 14:00:00,1290.32,14,2,0,1293.9,1282.506666666666,1274.9083333333333,1231.39
2023-11-29 15:00:00,1231.39,15,2,0,1290.32,1271.8699999999994,1266.5266666666666,1252.37
2023-11-29 16:00:00,1252.37,16,2,0,1231.39,1258.026666666666,1266.635,1166.21
2023-11-29 17:00:00,1166.21,17,2,0,1252.37,1216.656666666666,1249.5816666666667,1179.17
2023-11-29 18:00:00,1179.17,18,2,0,1166.21,1199.2499999999993,1235.5600000000002,1167.15
2023-11-29 19:00:00,1167.15,19,2,0,1179.17,1170.8433333333328,1214.4350000000002,1115.52
2023-11-29 20:00:00,1115.52,20,2,0,1167.15,1153.946666666666,1185.3016666666667,1126.12
2023-11-29 21:00:00,1126.12,21,2,0,1115.52,1136.2633333333326,1167.7566666666667,1147.61
2023-11-29 22:00:00,1147.61,22,2,0,1126.12,1129.7499999999993,1150.2966666666666,1122.67
2023-11-29 23:00:00,1122.67,23,2,0,1147.61,1132.1333333333325,1143.04,1116.48
2023-11-30 00:00:00,1116.48,0,3,0,1122.67,1128.9199999999994,1132.5916666666667,1142.85
2023-11-30 01:00:00,1142.85,1,3,0,1116.48,1127.3333333333328,1128.5416666666665,1149.06
2023-11-30 02:00:00,1149.06,2,3,0,1142.85,1136.1299999999994,1134.1316666666667,1168.07
2023-11-30 03:00:00,1168.07,3,3,0,1149.06,1153.326666666666,1141.1233333333332,1165.43
2023-11-30 04:00:00,1165.43,4,3,0,1168.07,1160.8533333333328,1144.0933333333335,1185.09
2023-11-30 05:00:00,1185.09,5,3,0,1165.43,1172.8633333333325,1154.4966666666667,1255.0
2023-11-30 06:00:00,1255.0,6,3,0,1185.09,1201.8399999999995,1177.5833333333333,1212.52
2023-11-30 07:00:00,1212.52,7,3,0,1255.0,1217.5366666666662,1189.195,1256.16
2023-11-30 08:00:00,1256.16,8,3,0,1212.52,1241.2266666666662,1207.0449999999998,1291.86
2023-11-30 09:00:00,1291.86,9,3,0,1256.16,1253.5133333333326,1227.6766666666665,1288.2
2023-11-30 10:00:00,1288.2,10,3,0,1291.86,1278.7399999999996,1248.1383333333333,1270.73
2023-11-30 11:00:00,1270.73,11,3,0,1288.2,1283.5966666666661,1262.4116666666666,1262.44
2023-11-30 12:00:00,1262.44,12,3,0,1270.73,1273.7899999999993,1263.6516666666666,1291.72
2023-11-30 13:00:00,1291.72,13,3,0,1262.44,1274.963333333333,1276.8516666666667,1254.09
2023-11-30 14:00:00,1254.09,14,3,0,1291.72,1269.416666666666,1276.5066666666667,1220.31
2023-11-30 15:00:00,1220.31,15,3,0,1254.09,1255.3733333333328,1264.5816666666667,1227.01
2023-11-30 16:00:00,1227.01,16,3,0,1220.31,1233.8033333333326,1254.3833333333332,1206.89
2023-11-30 17:00:00,1206.89,17,3,0,1227.01,1218.0699999999995,1243.7433333333333,1188.12
2023-11-30 18:00:00,1188.12,18,3,0,1206.89,1207.3399999999995,1231.3566666666666,1144.71
2023-11-30 19:00:00,1144.71,19,3,0,1188.12,1179.906666666666,1206.855,1113.74
2023-11-30 20:00:00,1113.74,20,3,0,1144.71,1148.856666666666,1183.4633333333334,1150.74
2023-11-30 21:00:00,1150.74,21,3,0,1113.74,1136.3966666666659,1171.8683333333333,1115.44
2023-11-30 22:00:00,1115.44,22,3,0,1150.74,1126.6399999999994,1153.2733333333333,1113.38
2023-11-30 23:00:00,1113.38,23,3,0,1115.44,1126.5199999999995,1137.6883333333333,1062.44
2023-12-01 00:00:00,1062.44,0,4,0,1113.38,1097.0866666666661,1116.7416666666668,1066.6
2023-12-01 01:00:00,1066.6,1,4,0,1062.44,1080.8066666666662,1103.7233333333334,1056.16
2023-12-01 02:00:00,1056.16,2,4,0,1066.6,1061.7333333333327,1094.1266666666668,1081.09
2023-12-01 03:00:00,1081.09,3,4,0,1056.16,1067.9499999999996,1082.5183333333332,1078.71
2023-12-01 04:00:00,1078.71,4,4,0,1081.09,1071.986666666666,1076.3966666666668,1101.72
2023-12-01 05:00:00,1101.72,5,4,0,1078.71,1087.1733333333327,1074.4533333333334,1129.71
2023-12-01 06:00:00,1129.71,6,4,0,1101.72,1103.3799999999994,1085.665,1140.17
2023-12-01 07:00:00,1140.17,7,4,0,1129.71,1123.866666666666,1097.9266666666667,1152.53
2023-12-01 08:00:00,1152.53,8,4,0,1140.17,1140.8033333333326,1113.9883333333332,1155.61
2023-12-01 09:00:00,1155.61,9,4,0,1152.53,1149.436666666666,1126.4083333333335,1152.06
2023-12-01 10:00:00,1152.06,10,4,0,1155.61,1153.3999999999994,1138.6333333333334,1157.15
2023-12-01 11:00:00,1157.15,11,4,0,1152.06,1154.9399999999994,1147.8716666666667,1171.7
2023-12-01 12:00:00,1171.7,12,4,0,1157.15,1160.3033333333326,1154.8700000000001,1111.66
2023-12-01 13:00:00,1111.66,13,4,0,1171.7,1146.8366666666661,1150.1183333333333,1142.87
2023-12-01 14:00:00,1142.87,14,4,0,1111.66,1142.0766666666661,1148.5083333333334,1133.73
2023-12-01 15:00:00,1133.73,15,4,0,1142.87,1129.4199999999994,1144.8616666666667,1092.99
2023-12-01 16:00:00,1092.99,16,4,0,1133.73,1123.196666666666,1135.0166666666667,1102.01
2023-12-01 17:00:00,1102.01,17,4,0,1092.99,1109.5766666666661,1125.8266666666668,1105.01
2023-12-01 18:00:00,1105.01,18,4,0,1102.01,1100.0033333333329,1114.7116666666666,1084.25
2023-12-01 19:00:00,1084.25,19,4,0,1105.01,1097.0899999999995,1110.1433333333332,1040.9
2023-12-01 20:00:00,1040.9,20,4,0,1084.25,1076.7199999999993,1093.1483333333333,1034.28
2023-12-01 21:00:00,1034.28,21,4,0,1040.9,1053.1433333333327,1076.5733333333333,1043.21
2023-12-01 22:00:00,1043.21,22,4,0,1034.28,1039.463333333333,1068.2766666666666,1032.87
2023-12-01 23:00:00,1032.87,23,4,0,1043.21,1036.786666666666,1056.7533333333333,1043.39
2023-12-02 00:00:00,1043.39,0,5,1,1032.87,1039.8233333333328,1046.4833333333333,1046.39
2023-12-02 01:00:00,1046.39,1,5,1,1043.39,1040.8833333333328,1040.1733333333334,1042.55
2023-12-02 02:00:00,1042.55,2,5,1,1046.39,1044.1099999999994,1040.4483333333333,1051.76
2023-12-02 03:00:00,1051.76,3,5,1,1042.55,1046.8999999999994,1043.3616666666667,1032.83
2023-12-02 04:00:00,1032.83,4,5,1,1051.76,1042.3799999999994,1041.6316666666667,1073.2
2023-12-02 05:00:00,1073.2,5,5,1,1032.83,1052.5966666666661,1048.3533333333332,1118.05
2023-12-02 06:00:00,1118.05,6,5,1,1073.2,1074.6933333333327,1060.7966666666666,1087.66
2023-12-02 07:00:00,1087.66,7,5,1,1118.05,1092.9699999999993,1067.675,1106.7
2023-12-02 08:00:00,1106.7,8,5,1,1087.66,1104.136666666666,1078.3666666666668,1108.31
2023-12-02 09:00:00,1108.31,9,5,1,1106.7,1100.8899999999994,1087.7916666666667,1144.63
2023-12-02 10:00:00,1144.63,10,5,1,1108.31,1119.8799999999994,1106.425,1127.1
2023-12-02 11:00:00,1127.1,11,5,1,1144.63,1126.6799999999994,1115.4083333333335,1109.22
2023-12-02 12:00:00,1109.22,12,5,1,1127.1,1126.9833333333327,1113.9366666666667,1132.75
2023-12-02 13:00:00,1132.75,13,5,1,1109.22,1123.0233333333326,1121.4516666666666,1121.02
2023-12-02 14:00:00,1121.02,14,5,1,1132.75,1120.996666666666,1123.8383333333334,1130.74
2023-12-02 15:00:00,1130.74,15,5,1,1121.02,1128.1699999999994,1127.5766666666666,1107.33
2023-12-02 16:00:00,1107.33,16,5,1,1130.74,1119.696666666666,1121.36,1064.48
2023-12-02 17:00:00,1064.48,17,5,1,1107.33,1100.8499999999992,1110.9233333333332,1049.34
2023-12-02 18:00:00,1049.34,18,5,1,1064.48,1073.716666666666,1100.9433333333334,1038.53
2023-12-02 19:00:00,1038.53,19,5,1,1049.34,1050.7833333333326,1085.24,1049.26
2023-12-02 20:00:00,1049.26,20,5,1,1038.53,1045.7099999999994,1073.28,1057.51
2023-12-02 21:00:00,1057.51,21,5,1,1049.26,1048.4333333333327,1061.075,1002.98
2023-12-02 22:00:00,1002.98,22,5,1,1057.51,1036.5833333333328,1043.6833333333334,1027.37
2023-12-02 23:00:00,1027.37,23,5,1,1002.98,1029.286666666666,1037.4983333333332,1045.64
2023-12-03 00:00:00,1045.64,0,6,1,1027.37,1025.3299999999992,1036.8816666666667,1024.13
2023-12-03 01:00:00,1024.13,1,6,1,1045.64,1032.3799999999994,1034.4816666666668,1051.93
2023-12-03 02:00:00,1051.93,2,6,1,1024.13,1040.5666666666662,1034.9266666666667,1084.74
2023-12-03 03:00:00,1084.74,3,6,1,1051.93,1053.5999999999995,1039.465,1077.72
2023-12-03 04:00:00,1077.72,4,6,1,1084.74,1071.463333333333,1051.9216666666666,904.94
2023-12-03 05:00:00,904.94,5,6,1,1077.72,1022.4666666666661,1031.5166666666667,1105.32
2023-12-03 06:00:00,1105.32,6,6,1,904.94,1029.3266666666661,1041.4633333333334,1102.52
2023-12-03 07:00:00,1102.52,7,6,1,1105.32,1037.5933333333326,1054.5283333333334,1126.37
2023-12-03 08:00:00,1126.37,8,6,1,1102.52,1111.4033333333327,1066.935,1132.22
2023-12-03 09:00:00,1132.22,9,6,1,1126.37,1120.3699999999994,1074.8483333333334,1137.33
2023-12-03 10:00:00,1137.33,10,6,1,1132.22,1131.9733333333327,1084.7833333333333,1145.04
2023-12-03 11:00:00,1145.04,11,6,1,1137.33,1138.196666666666,1124.8,1107.69
2023-12-03 12:00:00,1107.69,12,6,1,1145.04,1130.0199999999993,1125.195,1134.1
2023-12-03 13:00:00,1134.1,13,6,1,1107.69,1128.9433333333327,1130.4583333333333,1125.12
2023-12-03 14:00:00,1125.12,14,6,1,1134.1,1122.3033333333326,1130.25,1104.71
2023-12-03 15:00:00,1104.71,15,6,1,1125.12,1121.3099999999993,1125.665,1093.92
2023-12-03 16:00:00,1093.92,16,6,1,1104.71,1107.916666666666,1118.43,1031.38
2023-12-03 17:00:00,1031.38,17,6,1,1093.92,1076.6699999999994,1099.4866666666667,1050.67
2023-12-03 18:00:00,1050.67,18,6,1,1031.38,1058.656666666666,1089.9833333333333,1036.74
2023-12-03 19:00:00,1036.74,19,6,1,1050.67,1039.5966666666661,1073.7566666666667,1018.51
2023-12-03 20:00:00,1018.51,20,6,1,1036.74,1035.3066666666662,1055.9883333333335,1063.2
2023-12-03 21:00:00,1063.2,21,6,1,1018.51,1039.4833333333327,1049.07,1025.67
2023-12-03 22:00:00,1025.67,22,6,1,1063.2,1035.7933333333328,1037.695,1028.08
2023-12-03 23:00:00,1028.08,23,6,1,1025.67,1038.9833333333327,1037.145,1047.7
2023-12-04 00:00:00,1047.7,0,0,0,1028.08,1033.8166666666662,1036.6499999999999,1056.89
2023-12-04 01:00:00,1056.89,1,0,0,1047.7,1044.2233333333327,1040.0083333333334,1100.85
2023-12-04 02:00:00,1100.85,2,0,0,1056.89,1068.4799999999993,1053.7316666666668,1106.4
2023-12-04 03:00:00,1106.4,3,0,0,1100.85,1088.0466666666662,1060.9316666666666,1054.4
2023-12-04 04:00:00,1054.4,4,0,0,1106.4,1087.216666666666,1065.72,1113.0
2023-12-04 05:00:00,1113.0,5,0,0,1054.4,1091.2666666666662,1079.8733333333334,1132.91
2023-12-04 06:00:00,1132.91,6,0,0,1113.0,1100.1033333333328,1094.075,1140.31
2023-12-04 07:00:00,1140.31,7,0,0,1132.91,1128.7399999999993,1107.9783333333335,1155.61
2023-12-04 08:00:00,1155.61,8,0,0,1140.31,1142.9433333333327,1117.105,1131.3
2023-12-04 09:00:00,1131.3,9,0,0,1155.61,1142.406666666666,1121.255,1175.63
2023-12-04 10:00:00,1175.63,10,0,0,1131.3,1154.1799999999994,1141.46,1155.77
2023-12-04 11:00:00,1155.77,11,0,0,1175.63,1154.233333333333,1148.5883333333334,1163.17
2023-12-04 12:00:00,1163.17,12,0,0,1155.77,1164.8566666666661,1153.6316666666667,1139.17
2023-12-04 13:00:00,1139.17,13,0,0,1163.17,1152.7033333333327,1153.4416666666666,1127.41
2023-12-04 14:00:00,1127.41,14,0,0,1139.17,1143.2499999999993,1148.7416666666666,1130.95
2023-12-04 15:00:00,1130.95,15,0,0,1127.41,1132.5099999999995,1148.6833333333334,1089.65
2023-12-04 16:00:00,1089.65,16,0,0,1130.95,1116.0033333333329,1134.3533333333335,1073.17
2023-12-04 17:00:00,1073.17,17,0,0,1089.65,1097.923333333333,1120.5866666666668,1079.36
2023-12-04 18:00:00,1079.36,18,0,0,1073.17,1080.7266666666662,1106.6183333333333,1091.3
2023-12-04 19:00:00,1091.3,19,0,0,1079.36,1081.276666666666,1098.64,1068.88
2023-12-04 20:00:00,1068.88,20,0,0,1091.3,1079.8466666666661,1088.885,1026.75
2023-12-04 21:00:00,1026.75,21,0,0,1068.88,1062.3099999999995,1071.5183333333334,1053.69
2023-12-04 22:00:00,1053.69,22,0,0,1026.75,1049.7733333333329,1065.5249999999999,1053.39
2023-12-04 23:00:00,1053.39,23,0,0,1053.69,1044.6099999999994,1062.2283333333332,1043.19
2023-12-05 00:00:00,1043.19,0,1,0,1053.39,1050.0899999999995,1056.2,1045.71
2023-12-05 01:00:00,1045.71,1,1,0,1043.19,1047.4299999999994,1048.6016666666667,1062.87
2023-12-05 02:00:00,1062.87,2,1,0,1045.71,1050.5899999999992,1047.6000000000001,1050.81
2023-12-05 03:00:00,1050.81,3,1,0,1062.87,1053.1299999999994,1051.61,1076.87
2023-12-05 04:00:00,1076.87,4,1,0,1050.81,1063.5166666666662,1055.4733333333331,1068.19
2023-12-05 05:00:00,1068.19,5,1,0,1076.87,1065.2899999999993,1057.94,1137.08
2023-12-05 06:00:00,1137.08,6,1,0,1068.19,1094.046666666666,1073.5883333333334,1106.77
2023-12-05 07:00:00,1106.77,7,1,0,1137.08,1104.0133333333326,1083.7649999999999,1149.86
2023-12-05 08:00:00,1149.86,8,1,0,1106.77,1131.236666666666,1098.2633333333333,1153.39
2023-12-05 09:00:00,1153.39,9,1,0,1149.86,1136.673333333333,1115.36,1164.08
2023-12-05 10:00:00,1164.08,10,1,0,1153.39,1155.776666666666,1129.895,1172.53
2023-12-05 11:00:00,1172.53,11,1,0,1164.08,1163.3333333333328,1147.2849999999999,1133.1
2023-12-05 12:00:00,1133.1,12,1,0,1172.53,1156.5699999999993,1146.6216666666667,1166.98
2023-12-05 13:00:00,1166.98,13,1,0,1133.1,1157.5366666666662,1156.6566666666668,1133.57
2023-12-05 14:00:00,1133.57,14,1,0,1166.98,1144.5499999999993,1153.9416666666666,1127.32
2023-12-05 15:00:00,1127.32,15,1,0,1133.57,1142.6233333333328,1149.5966666666666,1101.65
2023-12-05 16:00:00,1101.65,16,1,0,1127.32,1120.8466666666661,1139.1916666666666,1070.01
2023-12-05 17:00:00,1070.01,17,1,0,1101.65,1099.6599999999996,1122.1049999999998,1098.2
2023-12-05 18:00:00,1098.2,18,1,0,1070.01,1089.9533333333327,1116.2883333333332,1085.62
2023-12-05 19:00:00,1085.62,19,1,0,1098.2,1084.6099999999994,1102.7283333333335,1062.01
2023-12-05 20:00:00,1062.01,20,1,0,1085.62,1081.9433333333327,1090.8016666666665,1074.91
2023-12-05 21:00:00,1074.91,21,1,0,1062.01,1074.1799999999994,1082.0666666666666,1035.85
2023-12-05 22:00:00,1035.85,22,1,0,1074.91,1057.5899999999995,1071.1000000000001,1043.54
2023-12-05 23:00:00,1043.54,23,1,0,1035.85,1051.4333333333327,1066.6883333333333,1075.04
2023-12-06 00:00:00,1075.04,0,2,0,1043.54,1051.476666666666,1062.8283333333334,1053.37
2023-12-06 01:00:00,1053.37,1,2,0,1075.04,1057.316666666666,1057.4533333333334,1059.96
2023-12-06 02:00:00,1059.96,2,2,0,1053.37,1062.7899999999993,1057.1116666666667,1064.47
2023-12-06 03:00:00,1064.47,3,2,0,1059.96,1059.2666666666662,1055.3716666666667,1092.87
2023-12-06 04:00:00,1092.87,4,2,0,1064.47,1072.4333333333327,1064.875,1083.72
2023-12-06 05:00:00,1083.72,5,2,0,1092.87,1080.3533333333328,1071.5716666666667,1145.72
2023-12-06 06:00:00,1145.72,6,2,0,1083.72,1107.4366666666663,1083.3516666666667,1114.23
2023-12-06 07:00:00,1114.23,7,2,0,1145.72,1114.5566666666662,1093.4950000000001,1140.3
2023-12-06 08:00:00,1140.3,8,2,0,1114.23,1133.416666666666,1106.885,1145.47
2023-12-06 09:00:00,1145.47,9,2,0,1140.3,1133.3333333333328,1120.385,1151.68
2023-12-06 10:00:00,1151.68,10,2,0,1145.47,1145.8166666666662,1130.1866666666667,1143.45
2023-12-06 11:00:00,1143.45,11,2,0,1151.68,1146.866666666666,1140.1416666666667,1176.41
2023-12-06 12:00:00,1176.41,12,2,0,1143.45,1157.1799999999994,1145.256666666667,1166.8
2023-12-06 13:00:00,1166.8,13,2,0,1176.41,1162.2199999999993,1154.0183333333332,1094.45
2023-12-06 14:00:00,1094.45,14,2,0,1166.8,1145.886666666666,1146.3766666666668,1137.28
2023-12-06 15:00:00,1137.28,15,2,0,1094.45,1132.8433333333326,1145.0116666666668,1112.26
2023-12-06 16:00:00,1112.26,16,2,0,1137.28,1114.6633333333327,1138.4416666666666,1086.31
2023-12-06 17:00:00,1086.31,17,2,0,1112.26,1111.9499999999994,1128.9183333333333,1081.66
2023-12-06 18:00:00,1081.66,18,2,0,1086.31,1093.4099999999992,1113.1266666666668,1074.01
2023-12-06 19:00:00,1074.01,19,2,0,1081.66,1080.6599999999994,1097.6616666666666,1035.04
2023-12-06 20:00:00,1035.04,20,2,0,1074.01,1063.5699999999995,1087.76,1047.57
2023-12-06 21:00:00,1047.57,21,2,0,1035.04,1052.206666666666,1072.8083333333332,1041.0
2023-12-06 22:00:00,1041.0,22,2,0,1047.57,1041.2033333333327,1060.9316666666666,1045.44
2023-12-06 23:00:00,1045.44,23,2,0,1041.0,1044.6699999999994,1054.1200000000001,1057.13
2023-12-07 00:00:00,1057.13,0,3,0,1045.44,1047.8566666666663,1050.0316666666668,1054.45
2023-12-07 01:00:00,1054.45,1,3,0,1057.13,1052.3399999999995,1046.7716666666668,1058.31
2023-12-07 02:00:00,1058.31,2,3,0,1054.45,1056.6299999999994,1050.6499999999999,1066.96
2023-12-07 03:00:00,1066.96,3,3,0,1058.31,1059.906666666666,1053.881666666667,1085.4
2023-12-07 04:00:00,1085.4,4,3,0,1066.96,1070.2233333333327,1061.2816666666668,1090.12
2023-12-07 05:00:00,1090.12,5,3,0,1085.4,1080.8266666666661,1068.7283333333332,1070.7
2023-12-07 06:00:00,1070.7,6,3,0,1090.12,1082.0733333333328,1070.99,1137.78
2023-12-07 07:00:00,1137.78,7,3,0,1070.7,1099.5333333333326,1084.8783333333333,1122.66
2023-12-07 08:00:00,1122.66,8,3,0,1137.78,1110.3799999999994,1095.6033333333335,1148.4
2023-12-07 09:00:00,1148.4,9,3,0,1122.66,1136.2799999999995,1109.1766666666665,1167.49
2023-12-07 10:00:00,1167.49,10,3,0,1148.4,1146.1833333333327,1122.8583333333333,1140.64
2023-12-07 11:00:00,1140.64,11,3,0,1167.49,1152.1766666666663,1131.2783333333334,1119.13
2023-12-07 12:00:00,1119.13,12,3,0,1140.64,1142.4199999999994,1139.3500000000001,1166.99
2023-12-07 13:00:00,1166.99,13,3,0,1119.13,1142.2533333333329,1144.2183333333332,1134.59
2023-12-07 14:00:00,1134.59,14,3,0,1166.99,1140.236666666666,1146.2066666666667,1130.95
2023-12-07 15:00:00,1130.95,15,3,0,1134.59,1144.176666666666,1143.2983333333334,1094.64
2023-12-07 16:00:00,1094.64,16,3,0,1130.95,1120.0599999999995,1131.1566666666668,1109.36
2023-12-07 17:00:00,1109.36,17,3,0,1094.64,1111.6499999999994,1125.9433333333334,1069.57
2023-12-07 18:00:00,1069.57,18,3,0,1109.36,1091.1899999999994,1117.6833333333334,1089.4
2023-12-07 19:00:00,1089.4,19,3,0,1069.57,1089.4433333333327,1104.7516666666668,1036.9
2023-12-07 20:00:00,1036.9,20,3,0,1089.4,1065.2899999999993,1088.47,1038.11
2023-12-07 21:00:00,1038.11,21,3,0,1036.9,1054.8033333333328,1072.9966666666667,1065.13
2023-12-07 22:00:00,1065.13,22,3,0,1038.11,1046.713333333333,1068.0783333333334,1038.4
2023-12-07 23:00:00,1038.4,23,3,0,1065.13,1047.2133333333327,1056.2516666666668,1057.55
2023-12-08 00:00:00,1057.55,0,4,0,1038.4,1053.6933333333327,1054.2483333333332,1047.75
2023-12-08 01:00:00,1047.75,1,4,0,1057.55,1047.8999999999994,1047.3066666666666,1087.78
2023-12-08 02:00:00,1087.78,2,4,0,1047.75,1064.3599999999994,1055.7866666666666,1094.21
2023-12-08 03:00:00,1094.21,3,4,0,1087.78,1076.5799999999992,1065.1366666666665,1100.06
2023-12-08 04:00:00,1100.06,4,4,0,1094.21,1094.016666666666,1070.9583333333333,1135.29
2023-12-08 05:00:00,1135.29,5,4,0,1100.06,1109.8533333333328,1087.1066666666668,1116.42
2023-12-08 06:00:00,1116.42,6,4,0,1135.29,1117.256666666666,1096.9183333333333,1141.04
2023-12-08 07:00:00,1141.04,7,4,0,1116.42,1130.916666666666,1112.4666666666667,1153.18
2023-12-08 08:00:00,1153.18,8,4,0,1141.04,1136.8799999999994,1123.3666666666668,1177.66
2023-12-08 09:00:00,1177.66,9,4,0,1153.18,1157.2933333333328,1137.2749999999999,1152.33
2023-12-08 10:00:00,1152.33,10,4,0,1177.66,1161.0566666666662,1145.9866666666667,1154.08
2023-12-08 11:00:00,1154.08,11,4,0,1152.33,1161.356666666666,1149.1183333333333,1133.72
2023-12-08 12:00:00,1133.72,12,4,0,1154.08,1146.7099999999994,1152.0016666666668,1110.18
2023-12-08 13:00:00,1110.18,13,4,0,1133.72,1132.6599999999994,1146.8583333333333,1141.93
2023-12-08 14:00:00,1141.93,14,4,0,1110.18,1128.6099999999994,1144.9833333333333,1144.29
2023-12-08 15:00:00,1144.29,15,4,0,1141.93,1132.1333333333325,1139.4216666666666,1109.22
2023-12-08 16:00:00,1109.22,16,4,0,1144.29,1131.8133333333328,1132.2366666666667,1092.17
2023-12-08 17:00:00,1092.17,17,4,0,1109.22,1115.2266666666662,1121.9183333333333,1091.1
2023-12-08 18:00:00,1091.1,18,4,0,1092.17,1097.4966666666662,1114.8149999999998,1034.32
2023-12-08 19:00:00,1034.32,19,4,0,1091.1,1072.5299999999995,1102.1716666666666,1047.67
2023-12-08 20:00:00,1047.67,20,4,0,1034.32,1057.696666666666,1086.4616666666668,1049.21
2023-12-08 21:00:00,1049.21,21,4,0,1047.67,1043.7333333333327,1070.615,1045.89
2023-12-08 22:00:00,1045.89,22,4,0,1049.21,1047.5899999999995,1060.0600000000002,993.37
2023-12-08 23:00:00,993.37,23,4,0,1045.89,1029.4899999999996,1043.5933333333335,1057.59
2023-12-09 00:00:00,1057.59,0,5,1,993.37,1032.2833333333328,1038.0083333333334,1034.05
2023-12-09 01:00:00,1034.05,1,5,1,1057.59,1028.336666666666,1037.9633333333334,1043.1
2023-12-09 02:00:00,1043.1,2,5,1,1034.05,1044.9133333333327,1037.2016666666666,1069.51
2023-12-09 03:00:00,1069.51,3,5,1,1043.1,1048.886666666666,1040.585,1041.14
2023-12-09 04:00:00,1041.14,4,5,1,1069.51,1051.2499999999993,1039.7933333333333,1083.94
2023-12-09 05:00:00,1083.94,5,5,1,1041.14,1064.863333333333,1054.8883333333333,1071.01
2023-12-09 06:00:00,1071.01,6,5,1,1083.94,1065.3633333333328,1057.125,1089.65
2023-12-09 07:00:00,1089.65,7,5,1,1071.01,1081.5333333333328,1066.3916666666667,1128.78
2023-12-09 08:00:00,1128.78,8,5,1,1089.65,1096.4799999999996,1080.6716666666666,1143.42
2023-12-09 09:00:00,1143.42,9,5,1,1128.78,1120.616666666666,1092.99,1118.86
2023-12-09 10:00:00,1118.86,10,5,1,1143.42,1130.3533333333328,1105.9433333333334,1106.73
2023-12-09 11:00:00,1106.73,11,5,1,1118.86,1123.0033333333329,1109.7416666666666,1158.28
2023-12-09 12:00:00,1158.28,12,5,1,1106.73,1127.9566666666663,1124.2866666666666,1128.55
2023-12-09 13:00:00,1128.55,13,5,1,1158.28,1131.1866666666663,1130.77,1110.42
2023-12-09 14:00:00,1110.42,14,5,1,1128.55,1132.416666666666,1127.71,1078.48
2023-12-09 15:00:00,1078.48,15,5,1,1110.42,1105.8166666666664,1116.8866666666665,1091.34
2023-12-09 16:00:00,1091.34,16,5,1,1078.48,1093.4133333333327,1112.3,1076.97
2023-12-09 17:00:00,1076.97,17,5,1,1091.34,1082.2633333333326,1107.34,1028.9
2023-12-09 18:00:00,1028.9,18,5,1,1076.97,1065.736666666666,1085.7766666666666,995.77
2023-12-09 19:00:00,995.77,19,5,1,1028.9,1033.8799999999994,1063.6466666666668,1044.96
2023-12-09 20:00:00,1044.96,20,5,1,995.77,1023.2099999999995,1052.7366666666667,1023.95
2023-12-09 21:00:00,1023.95,21,5,1,1044.96,1021.5599999999995,1043.6483333333333,1000.79
2023-12-09 22:00:00,1000.79,22,5,1,1023.95,1023.2333333333328,1028.5566666666666,1021.09
2023-12-09 23:00:00,1021.09,23,5,1,1000.79,1015.2766666666662,1019.2433333333333,1017.5
2023-12-10 00:00:00,1017.5,0,6,1,1021.09,1013.1266666666661,1017.3433333333332,998.65
2023-12-10 01:00:00,998.65,1,6,1,1017.5,1012.4133333333328,1017.8233333333334,1047.24
2023-12-10 02:00:00,1047.24,2,6,1,998.65,1021.1299999999995,1018.2033333333334,1039.03
2023-12-10 03:00:00,1039.03,3,6,1,1047.24,1028.3066666666662,1020.7166666666667,1050.22
2023-12-10 04:00:00,1050.22,4,6,1,1039.03,1045.4966666666662,1028.9550000000002,1006.58
2023-12-10 05:00:00,1006.58,5,6,1,1050.22,1031.943333333333,1026.5366666666666,1096.74
2023-12-10 06:00:00,1096.74,6,6,1,1006.58,1051.1799999999994,1039.7433333333333,1123.17
2023-12-10 07:00:00,1123.17,7,6,1,1096.74,1075.4966666666662,1060.4966666666667,1105.1
2023-12-10 08:00:00,1105.1,8,6,1,1123.17,1108.3366666666661,1070.14,1125.06
2023-12-10 09:00:00,1125.06,9,6,1,1105.1,1117.776666666666,1084.4783333333332,1120.99
2023-12-10 10:00:00,1120.99,10,6,1,1125.06,1117.0499999999993,1096.2733333333333,1140.42
2023-12-10 11:00:00,1140.42,11,6,1,1120.99,1128.8233333333328,1118.58,1144.82
2023-12-10 12:00:00,1144.82,12,6,1,1140.42,1135.4099999999994,1126.5933333333332,1102.51
2023-12-10 13:00:00,1102.51,13,6,1,1144.82,1129.2499999999993,1123.1499999999999,1089.49
2023-12-10 14:00:00,1089.49,14,6,1,1102.51,1112.2733333333326,1120.5483333333332,1100.87
2023-12-10 15:00:00,1100.87,15,6,1,1089.49,1097.6233333333328,1116.5166666666667,1086.58
2023-12-10 16:00:00,1086.58,16,6,1,1100.87,1092.3133333333326,1110.7816666666668,1049.28
2023-12-10 17:00:00,1049.28,17,6,1,1086.58,1078.9099999999992,1095.5916666666667,1056.93
2023-12-10 18:00:00,1056.93,18,6,1,1049.28,1064.2633333333326,1080.9433333333334,1047.71
2023-12-10 19:00:00,1047.71,19,6,1,1056.93,1051.3066666666662,1071.8100000000002,1060.39
2023-12-10 20:00:00,1060.39,20,6,1,1047.71,1055.0099999999995,1066.96,1034.31
2023-12-10 21:00:00,1034.31,21,6,1,1060.39,1047.4699999999993,1055.8666666666666,1029.83
2023-12-10 22:00:00,1029.83,22,6,1,1034.31,1041.5099999999993,1046.4083333333335,1017.63
2023-12-10 23:00:00,1017.63,23,6,1,1029.83,1027.256666666666,1041.1333333333334,1036.55
2023-12-11 00:00:00,1036.55,0,0,0,1017.63,1028.0033333333329,1037.7366666666667,1057.93
2023-12-11 01:00:00,1057.93,1,0,0,1036.55,1037.3699999999994,1039.4399999999998,1077.19
2023-12-11 02:00:00,1077.19,2,0,0,1057.93,1057.2233333333327,1042.24,1071.48
2023-12-11 03:00:00,1071.48,3,0,0,1077.19,1068.866666666666,1048.435,1088.27
2023-12-11 04:00:00,1088.27,4,0,0,1071.48,1078.9799999999993,1058.175,1097.14
2023-12-11 05:00:00,1097.14,5,0,0,1088.27,1085.6299999999994,1071.4266666666665,1109.92
2023-12-11 06:00:00,1109.92,6,0,0,1097.14,1098.443333333333,1083.655,1119.65
2023-12-11 07:00:00,1119.65,7,0,0,1109.92,1108.9033333333327,1093.9416666666668,1125.25
2023-12-11 08:00:00,1125.25,8,0,0,1119.65,1118.2733333333329,1101.9516666666666,1152.01
2023-12-11 09:00:00,1152.01,9,0,0,1125.25,1132.3033333333328,1115.3733333333334,1169.16
2023-12-11 10:00:00,1169.16,10,0,0,1152.01,1148.8066666666662,1128.855,1154.27
2023-12-11 11:00:00,1154.27,11,0,0,1169.16,1158.4799999999996,1138.3766666666668,1144.33
2023-12-11 12:00:00,1144.33,12,0,0,1154.27,1155.9199999999994,1144.1116666666667,1141.52
2023-12-11 13:00:00,1141.52,13,0,0,1144.33,1146.706666666666,1147.7566666666667,1136.54
2023-12-11 14:00:00,1136.54,14,0,0,1141.52,1140.7966666666662,1149.6383333333333,1139.05
2023-12-11 15:00:00,1139.05,15,0,0,1136.54,1139.0366666666662,1147.4783333333332,1078.18
2023-12-11 16:00:00,1078.18,16,0,0,1139.05,1117.923333333333,1132.3149999999998,1087.59
2023-12-11 17:00:00,1087.59,17,0,0,1078.18,1101.6066666666661,1121.2016666666666,1110.25
2023-12-11 18:00:00,1110.25,18,0,0,1087.59,1092.0066666666662,1115.5216666666665,1060.67
2023-12-11 19:00:00,1060.67,19,0,0,1110.25,1086.1699999999994,1102.0466666666666,1058.78
2023-12-11 20:00:00,1058.78,20,0,0,1060.67,1076.566666666666,1089.0866666666668,1060.92
2023-12-11 21:00:00,1060.92,21,0,0,1058.78,1060.1233333333328,1076.0649999999998,1047.59
2023-12-11 22:00:00,1047.59,22,0,0,1060.92,1055.7633333333326,1070.9666666666665,1010.91
2023-12-11 23:00:00,1010.91,23,0,0,1047.59,1039.8066666666662,1058.1866666666667,1056.64
2023-12-12 00:00:00,1056.64,0,1,0,1010.91,1038.3799999999994,1049.2516666666668,1098.51
2023-12-12 01:00:00,1098.51,1,1,0,1056.64,1055.3533333333328,1055.5583333333334,1075.11
2023-12-12 02:00:00,1075.11,2,1,0,1098.51,1076.7533333333329,1058.28,1043.84
2023-12-12 03:00:00,1043.84,3,1,0,1075.11,1072.486666666666,1055.4333333333334,1083.85
2023-12-12 04:00:00,1083.85,4,1,0,1043.84,1067.5999999999995,1061.4766666666667,1106.36
2023-12-12 05:00:00,1106.36,5,1,0,1083.85,1078.0166666666662,1077.385,1123.63
2023-12-12 06:00:00,1123.63,6,1,0,1106.36,1104.6133333333328,1088.55,1100.11
2023-12-12 07:00:00,1100.11,7,1,0,1123.63,1110.0333333333328,1088.8166666666666,1156.77
2023-12-12 08:00:00,1156.77,8,1,0,1100.11,1126.8366666666661,1102.4266666666665,1140.05
2023-12-12 09:00:00,1140.05,9,1,0,1156.77,1132.3099999999995,1118.4616666666666,1184.5
2023-12-12 10:00:00,1184.5,10,1,0,1140.05,1160.4399999999996,1135.2366666666667,1136.92
2023-12-12 11:00:00,1136.92,11,1,0,1184.5,1153.8233333333328,1140.33,1132.83
2023-12-12 12:00:00,1132.83,12,1,0,1136.92,1151.4166666666663,1141.8633333333335,1164.89
2023-12-12 13:00:00,1164.89,13,1,0,1132.83,1144.8799999999994,1152.66,1141.53
2023-12-12 14:00:00,1141.53,14,1,0,1164.89,1146.4166666666663,1150.1200000000001,1118.02
2023-12-12 15:00:00,1118.02,15,1,0,1141.53,1141.4799999999996,1146.4483333333335,1105.26
2023-12-12 16:00:00,1105.26,16,1,0,1118.02,1121.6033333333328,1133.2416666666666,1085.38
2023-12-12 17:00:00,1085.38,17,1,0,1105.26,1102.8866666666663,1124.6516666666666,1070.73
2023-12-12 18:00:00,1070.73,18,1,0,1085.38,1087.123333333333,1114.3016666666667,1100.77
2023-12-12 19:00:00,1100.77,19,1,0,1070.73,1085.626666666666,1103.615,1046.8
2023-12-12 20:00:00,1046.8,20,1,0,1100.77,1072.7666666666662,1087.8266666666666,1043.56
2023-12-12 21:00:00,1043.56,21,1,0,1046.8,1063.7099999999996,1075.4166666666667,1031.64
2023-12-12 22:00:00,1031.64,22,1,0,1043.56,1040.6666666666663,1063.1466666666668,1027.79
2023-12-12 23:00:00,1027.79,23,1,0,1031.64,1034.3299999999997,1053.5483333333334,1053.82
2023-12-13 00:00:00,1053.82,0,2,0,1027.79,1037.7499999999995,1050.7299999999998,1039.86
2023-12-13 01:00:00,1039.86,1,2,0,1053.82,1040.4899999999996,1040.5783333333334,1085.7
2023-12-13 02:00:00,1085.7,2,2,0,1039.86,1059.7933333333328,1047.0616666666667,1059.46
2023-12-13 03:00:00,1059.46,3,2,0,1085.7,1061.673333333333,1049.7116666666666,1093.58
2023-12-13 04:00:00,1093.58,4,2,0,1059.46,1079.5799999999997,1060.035,1119.47
2023-12-13 05:00:00,1119.47,5,2,0,1093.58,1090.8366666666661,1075.315,1126.18
2023-12-13 06:00:00,1126.18,6,2,0,1119.47,1113.0766666666661,1087.375,1131.26
2023-12-13 07:00:00,1131.26,7,2,0,1126.18,1125.6366666666663,1102.6083333333333,1182.18
2023-12-13 08:00:00,1182.18,8,2,0,1131.26,1146.5399999999995,1118.6883333333333,1149.38
2023-12-13 09:00:00,1149.38,9,2,0,1182.18,1154.2733333333329,1133.675,1115.74
2023-12-13 10:00:00,1115.74,10,2,0,1149.38,1149.0999999999995,1137.3683333333333,1159.61
2023-12-13 11:00:00,1159.61,11,2,0,1115.74,1141.5766666666661,1144.0583333333334,1127.62
2023-12-13 12:00:00,1127.62,12,2,0,1159.61,1134.3233333333328,1144.2983333333332,1158.18
2023-12-13 13:00:00,1158.18,13,2,0,1127.62,1148.4699999999996,1148.785,1148.45
2023-12-13 14:00:00,1148.45,14,2,0,1158.18,1144.7499999999995,1143.1633333333332,1094.95
2023-12-13 15:00:00,1094.95,15,2,0,1148.45,1133.8599999999997,1134.0916666666667,1131.54
2023-12-13 16:00:00,1131.54,16,2,0,1094.95,1124.9799999999996,1136.7250000000001,1083.7
2023-12-13 17:00:00,1083.7,17,2,0,1131.54,1103.3966666666663,1124.0733333333333,1125.48
2023-12-13 18:00:00,1125.48,18,2,0,1083.7,1113.573333333333,1123.7166666666665,1071.67
2023-12-13 19:00:00,1071.67,19,2,0,1125.48,1093.616666666666,1109.2983333333334,1036.8
2023-12-13 20:00:00,1036.8,20,2,0,1071.67,1077.983333333333,1090.6899999999998,1035.65
2023-12-13 21:00:00,1035.65,21,2,0,1036.8,1048.0399999999997,1080.8066666666666,1062.28
2023-12-13 22:00:00,1062.28,22,2,0,1035.65,1044.9099999999996,1069.2633333333333,1071.78
2023-12-13 23:00:00,1071.78,23,2,0,1062.28,1056.5699999999995,1067.2766666666666,1059.04
2023-12-14 00:00:00,1059.04,0,3,0,1071.78,1064.366666666666,1056.2033333333334,1071.35
2023-12-14 01:00:00,1071.35,1,3,0,1059.04,1067.3899999999994,1056.1499999999999,1045.08
2023-12-14 02:00:00,1045.08,2,3,0,1071.35,1058.4899999999996,1057.53,1060.34
2023-12-14 03:00:00,1060.34,3,3,0,1045.08,1058.923333333333,1061.6449999999998,1107.1
2023-12-14 04:00:00,1107.1,4,3,0,1060.34,1070.8399999999995,1069.115,1095.37
2023-12-14 05:00:00,1095.37,5,3,0,1107.1,1087.6033333333328,1073.0466666666666,1113.92
2023-12-14 06:00:00,1113.92,6,3,0,1095.37,1105.463333333333,1082.1933333333334,1118.73
2023-12-14 07:00:00,1118.73,7,3,0,1113.92,1109.3399999999995,1090.09,1130.03
2023-12-14 08:00:00,1130.03,8,3,0,1118.73,1120.8933333333327,1104.2483333333332,1153.27
2023-12-14 09:00:00,1153.27,9,3,0,1130.03,1134.0099999999995,1119.7366666666665,1138.2
2023-12-14 10:00:00,1138.2,10,3,0,1153.27,1140.4999999999995,1124.92,1138.72
2023-12-14 11:00:00,1138.72,11,3,0,1138.2,1143.3966666666663,1132.145,1142.92
2023-12-14 12:00:00,1142.92,12,3,0,1138.72,1139.9466666666665,1136.9783333333332,1137.16
2023-12-14 13:00:00,1137.16,13,3,0,1142.92,1139.5999999999997,1140.05,1139.45
2023-12-14 14:00:00,1139.45,14,3,0,1137.16,1139.843333333333,1141.6200000000001,1126.9
2023-12-14 15:00:00,1126.9,15,3,0,1139.45,1134.503333333333,1137.2250000000001,1120.55
2023-12-14 16:00:00,1120.55,16,3,0,1126.9,1128.9666666666662,1134.2833333333333,1086.69
2023-12-14 17:00:00,1086.69,17,3,0,1120.55,1111.3799999999997,1125.6116666666667,1056.86
2023-12-14 18:00:00,1056.86,18,3,0,1086.69,1088.0333333333328,1111.2683333333334,1065.46
2023-12-14 19:00:00,1065.46,19,3,0,1056.86,1069.6699999999994,1099.3183333333334,1065.76
2023-12-14 20:00:00,1065.76,20,3,0,1065.46,1062.693333333333,1087.0366666666666,1035.21
2023-12-14 21:00:00,1035.21,21,3,0,1065.76,1055.4766666666662,1071.755,1072.48
2023-12-14 22:00:00,1072.48,22,3,0,1035.21,1057.8166666666662,1063.7433333333333,1046.51
2023-12-14 23:00:00,1046.51,23,3,0,1072.48,1051.3999999999996,1057.0466666666669,1040.89
2023-12-15 00:00:00,1040.89,0,4,0,1046.51,1053.2933333333328,1054.385,1063.88
2023-12-15 01:00:00,1063.88,1,4,0,1040.89,1050.4266666666663,1054.1216666666667,1048.81
2023-12-15 02:00:00,1048.81,2,4,0,1063.88,1051.193333333333,1051.2966666666666,1102.38
2023-12-15 03:00:00,1102.38,3,4,0,1048.81,1071.6899999999996,1062.4916666666666,1078.65
2023-12-15 04:00:00,1078.65,4,4,0,1102.38,1076.613333333333,1063.5200000000002,1137.07
2023-12-15 05:00:00,1137.07,5,4,0,1078.65,1106.0333333333328,1078.6133333333335,1112.92
2023-12-15 06:00:00,1112.92,6,4,0,1137.07,1109.5466666666662,1090.6183333333336,1096.79
2023-12-15 07:00:00,1096.79,7,4,0,1112.92,1115.593333333333,1096.1033333333332,1137.53
2023-12-15 08:00:00,1137.53,8,4,0,1096.79,1115.7466666666662,1110.89,1136.63
2023-12-15 09:00:00,1136.63,9,4,0,1137.53,1123.6499999999996,1116.5983333333334,1149.2
2023-12-15 10:00:00,1149.2,10,4,0,1136.63,1141.1199999999997,1128.3566666666668,1159.49
2023-12-15 11:00:00,1159.49,11,4,0,1149.2,1148.4399999999996,1132.0933333333332,1137.01
2023-12-15 12:00:00,1137.01,12,4,0,1159.49,1148.5666666666664,1136.1083333333333,1148.91
2023-12-15 13:00:00,1148.91,13,4,0,1137.01,1148.4699999999996,1144.795,1138.83
2023-12-15 14:00:00,1138.83,14,4,0,1148.91,1141.5833333333328,1145.0116666666665,1125.84
2023-12-15 15:00:00,1125.84,15,4,0,1138.83,1137.8599999999997,1143.2133333333334,1106.01
2023-12-15 16:00:00,1106.01,16,4,0,1125.84,1123.5599999999995,1136.015,1117.46
2023-12-15 17:00:00,1117.46,17,4,0,1106.01,1116.4366666666663,1129.01,1054.57
2023-12-15 18:00:00,1054.57,18,4,0,1117.46,1092.6799999999994,1115.27,1068.89
2023-12-15 19:00:00,1068.89,19,4,0,1054.57,1080.3066666666662,1101.9333333333332,1075.51
2023-12-15 20:00:00,1075.51,20,4,0,1068.89,1066.3233333333328,1091.38,1030.66
2023-12-15 21:00:00,1030.66,21,4,0,1075.51,1058.353333333333,1075.5166666666667,1052.05
2023-12-15 22:00:00,1052.05,22,4,0,1030.66,1052.7399999999996,1066.5233333333333,1071.64
2023-12-15 23:00:00,1071.64,23,4,0,1052.05,1051.4499999999996,1058.8866666666665,1018.69
2023-12-16 00:00:00,1018.69,0,5,1,1071.64,1047.4599999999996,1052.9066666666668,1050.57
2023-12-16 01:00:00,1050.57,1,5,1,1018.69,1046.9666666666662,1049.8533333333332,1027.48
2023-12-16 02:00:00,1027.48,2,5,1,1050.57,1032.2466666666662,1041.8483333333334,1054.93
2023-12-16 03:00:00,1054.93,3,5,1,1027.48,1044.3266666666661,1045.8933333333334,1047.12
2023-12-16 04:00:00,1047.12,4,5,1,1054.93,1043.1766666666663,1045.0716666666667,1118.12
2023-12-16 05:00:00,1118.12,5,5,1,1047.12,1073.3899999999994,1052.8183333333334,1126.53
2023-12-16 06:00:00,1126.53,6,5,1,1118.12,1097.2566666666662,1070.7916666666667,1114.4
2023-12-16 07:00:00,1114.4,7,5,1,1126.53,1119.6833333333327,1081.43,1118.35
2023-12-16 08:00:00,1118.35,8,5,1,1114.4,1119.7599999999995,1096.575,1135.23
2023-12-16 09:00:00,1135.23,9,5,1,1118.35,1122.6599999999996,1109.9583333333333,1149.94
2023-12-16 10:00:00,1149.94,10,5,1,1135.23,1134.5066666666662,1127.095,1108.33
2023-12-16 11:00:00,1108.33,11,5,1,1149.94,1131.1666666666663,1125.4633333333334,1091.79
2023-12-16 12:00:00,1091.79,12,5,1,1108.33,1116.6866666666663,1119.6733333333334,1142.33
2023-12-16 13:00:00,1142.33,13,5,1,1091.79,1114.1499999999996,1124.3283333333334,1112.44
2023-12-16 14:00:00,1112.44,14,5,1,1142.33,1115.5199999999995,1123.3433333333332,1073.54
2023-12-16 15:00:00,1073.54,15,5,1,1112.44,1109.4366666666663,1113.0616666666667,1102.38
2023-12-16 16:00:00,1102.38,16,5,1,1073.54,1096.1199999999997,1105.135,1069.13
2023-12-16 17:00:00,1069.13,17,5,1,1102.38,1081.6833333333327,1098.6016666666667,1035.44
2023-12-16 18:00:00,1035.44,18,5,1,1069.13,1068.983333333333,1089.21,1029.36
2023-12-16 19:00:00,1029.36,19,5,1,1035.44,1044.6433333333327,1070.3816666666667,1030.14
2023-12-16 20:00:00,1030.14,20,5,1,1029.36,1031.6466666666663,1056.6650000000002,1033.34
2023-12-16 21:00:00,1033.34,21,5,1,1030.14,1030.9466666666663,1049.9650000000001,1012.69
2023-12-16 22:00:00,1012.69,22,5,1,1033.34,1025.3899999999996,1035.0166666666667,1036.22
2023-12-16 23:00:00,1036.22,23,5,1,1012.69,1027.4166666666663,1029.5316666666668,1027.02
2023-12-17 00:00:00,1027.02,0,6,1,1036.22,1025.3099999999997,1028.1283333333333,1057.09
2023-12-17 01:00:00,1057.09,1,6,1,1027.02,1040.1099999999997,1032.75,1031.39
2023-12-17 02:00:00,1031.39,2,6,1,1057.09,1038.4999999999995,1032.9583333333333,1045.52
2023-12-17 03:00:00,1045.52,3,6,1,1031.39,1044.6666666666663,1034.9883333333332,1076.82
2023-12-17 04:00:00,1076.82,4,6,1,1045.52,1051.2433333333329,1045.6766666666665,1055.02
2023-12-17 05:00:00,1055.02,5,6,1,1076.82,1059.1199999999997,1048.81,1084.87
2023-12-17 06:00:00,1084.87,6,6,1,1055.02,1072.236666666666,1058.4516666666666,1109.24
2023-12-17 07:00:00,1109.24,7,6,1,1084.87,1083.0433333333328,1067.1433333333332,1089.22
2023-12-17 08:00:00,1089.22,8,6,1,1109.24,1094.443333333333,1076.7816666666665,1130.81
2023-12-17 09:00:00,1130.81,9,6,1,1089.22,1109.7566666666662,1090.9966666666667,1137.81
2023-12-17 10:00:00,1137.81,10,6,1,1130.81,1119.2799999999995,1101.1616666666666,1103.0
2023-12-17 11:00:00,1103.0,11,6,1,1137.81,1123.8733333333328,1109.1583333333333,1155.03
2023-12-17 12:00:00,1155.03,12,6,1,1103.0,1131.9466666666663,1120.8516666666667,1122.23
2023-12-17 13:00:00,1122.23,13,6,1,1155.03,1126.7533333333329,1123.0166666666667,1091.75
2023-12-17 14:00:00,1091.75,14,6,1,1122.23,1123.0033333333329,1123.4383333333333,1063.31
2023-12-17 15:00:00,1063.31,15,6,1,1091.75,1092.4299999999996,1112.1883333333333,1091.54
2023-12-17 16:00:00,1091.54,16,6,1,1063.31,1082.1999999999996,1104.4766666666667,1073.25
2023-12-17 17:00:00,1073.25,17,6,1,1091.54,1076.0333333333328,1099.5183333333332,1062.61
2023-12-17 18:00:00,1062.61,18,6,1,1073.25,1075.7999999999995,1084.115,1058.87
2023-12-17 19:00:00,1058.87,19,6,1,1062.61,1064.9099999999996,1073.555,1003.44
2023-12-17 20:00:00,1003.44,20,6,1,1058.87,1041.6399999999994,1058.8366666666666,1063.62
2023-12-17 21:00:00,1063.62,21,6,1,1003.44,1041.9766666666662,1058.8883333333333,1038.39
2023-12-17 22:00:00,1038.39,22,6,1,1063.62,1035.1499999999996,1050.03,1026.15
2023-12-17 23:00:00,1026.15,23,6,1,1038.39,1042.7199999999996,1042.18,1083.26
2023-12-18 00:00:00,1083.26,0,0,0,1026.15,1049.2666666666664,1045.6216666666667,1074.93
2023-12-18 01:00:00,1074.93,1,0,0,1083.26,1061.4466666666663,1048.2983333333334,1081.34
2023-12-18 02:00:00,1081.34,2,0,0,1074.93,1079.843333333333,1061.2816666666668,1080.46
2023-12-18 03:00:00,1080.46,3,0,0,1081.34,1078.9099999999996,1064.0883333333334,1103.86
2023-12-18 04:00:00,1103.86,4,0,0,1080.46,1088.5533333333328,1075.0,1081.75
2023-12-18 05:00:00,1081.75,5,0,0,1103.86,1088.6899999999996,1084.2666666666667,1116.49
2023-12-18 06:00:00,1116.49,6,0,0,1081.75,1100.6999999999996,1089.805,1149.14
2023-12-18 07:00:00,1149.14,7,0,0,1116.49,1115.7933333333328,1102.1733333333334,1143.5
2023-12-18 08:00:00,1143.5,8,0,0,1149.14,1136.3766666666663,1112.5333333333335,1141.61
2023-12-18 09:00:00,1141.61,9,0,0,1143.5,1144.7499999999993,1122.725,1159.62
2023-12-18 10:00:00,1159.62,10,0,0,1141.61,1148.2433333333329,1132.0183333333332,1161.78
2023-12-18 11:00:00,1161.78,11,0,0,1159.62,1154.3366666666661,1145.3566666666666,1155.95
2023-12-18 12:00:00,1155.95,12,0,0,1161.78,1159.116666666666,1151.9333333333334,1159.53
2023-12-18 13:00:00,1159.53,13,0,0,1155.95,1159.0866666666664,1153.665,1112.68
2023-12-18 14:00:00,1112.68,14,0,0,1159.53,1142.7199999999996,1148.5283333333334,1106.39
2023-12-18 15:00:00,1106.39,15,0,0,1112.68,1126.1999999999996,1142.6583333333333,1114.51
2023-12-18 16:00:00,1114.51,16,0,0,1106.39,1111.193333333333,1135.14,1064.03
2023-12-18 17:00:00,1064.03,17,0,0,1114.51,1094.9766666666662,1118.8483333333334,1148.41
2023-12-18 18:00:00,1148.41,18,0,0,1064.03,1108.983333333333,1117.5916666666665,1042.17
2023-12-18 19:00:00,1042.17,19,0,0,1148.41,1084.8699999999997,1098.0316666666668,1056.52
2023-12-18 20:00:00,1056.52,20,0,0,1042.17,1082.366666666666,1088.6716666666666,1040.42
2023-12-18 21:00:00,1040.42,21,0,0,1056.52,1046.3699999999997,1077.6766666666667,1060.78
2023-12-18 22:00:00,1060.78,22,0,0,1040.42,1052.573333333333,1068.7216666666666,1028.56
2023-12-18 23:00:00,1028.56,23,0,0,1060.78,1043.2533333333329,1062.8100000000002,1042.03
2023-12-19 00:00:00,1042.03,0,1,0,1028.56,1043.7899999999993,1045.0800000000002,1066.36
2023-12-19 01:00:00,1066.36,1,1,0,1042.03,1045.6499999999994,1049.1116666666665,1068.05
2023-12-19 02:00:00,1068.05,2,1,0,1066.36,1058.8133333333328,1051.0333333333333,1069.75
2023-12-19 03:00:00,1069.75,3,1,0,1068.05,1068.053333333333,1055.9216666666666,1073.21
2023-12-19 04:00:00,1073.21,4,1,0,1069.75,1070.3366666666661,1057.9933333333333,1141.48
2023-12-19 05:00:00,1141.48,5,1,0,1073.21,1094.8133333333328,1076.8133333333333,1099.05
2023-12-19 06:00:00,1099.05,6,1,0,1141.48,1104.5799999999995,1086.3166666666666,1119.51
2023-12-19 07:00:00,1119.51,7,1,0,1099.05,1120.013333333333,1095.175,1165.59
2023-12-19 08:00:00,1165.59,8,1,0,1119.51,1128.0499999999995,1111.4316666666666,1157.49
2023-12-19 09:00:00,1157.49,9,1,0,1165.59,1147.5299999999995,1126.055,1135.45
2023-12-19 10:00:00,1135.45,10,1,0,1157.49,1152.8433333333328,1136.4283333333333,1185.93
2023-12-19 11:00:00,1185.93,11,1,0,1135.45,1159.623333333333,1143.8366666666668,1152.85
2023-12-19 12:00:00,1152.85,12,1,0,1185.93,1158.0766666666661,1152.8033333333333,1175.49
2023-12-19 13:00:00,1175.49,13,1,0,1152.85,1171.423333333333,1162.1333333333334,1147.01
2023-12-19 14:00:00,1147.01,14,1,0,1175.49,1158.4499999999996,1159.0366666666666,1142.18
2023-12-19 15:00:00,1142.18,15,1,0,1147.01,1154.893333333333,1156.485,1104.39
2023-12-19 16:00:00,1104.39,16,1,0,1142.18,1131.193333333333,1151.3083333333334,1059.25
2023-12-19 17:00:00,1059.25,17,1,0,1104.39,1101.9399999999996,1130.195,1071.7
2023-12-19 18:00:00,1071.7,18,1,0,1059.25,1078.4466666666663,1116.6699999999998,1069.87
2023-12-19 19:00:00,1069.87,19,1,0,1071.7,1066.9399999999996,1099.0666666666666,1079.34
2023-12-19 20:00:00,1079.34,20,1,0,1069.87,1073.6366666666663,1087.7883333333332,1028.9
2023-12-19 21:00:00,1028.9,21,1,0,1079.34,1059.3699999999997,1068.9083333333335,1070.21
2023-12-19 22:00:00,1070.21,22,1,0,1028.9,1059.483333333333,1063.2116666666668,1052.14
2023-12-19 23:00:00,1052.14,23,1,0,1070.21,1050.4166666666663,1062.0266666666666,1006.46
2023-12-20 00:00:00,1006.46,0,2,0,1052.14,1042.9366666666663,1051.1533333333334,1020.98
2023-12-20 01:00:00,1020.98,1,2,0,1006.46,1026.5266666666662,1043.005,1082.5
2023-12-20 02:00:00,1082.5,2,2,0,1020.98,1036.6466666666663,1043.5316666666668,1066.44
2023-12-20 03:00:00,1066.44,3,2,0,1082.5,1056.6399999999996,1049.7883333333334,1038.47
2023-12-20 04:00:00,1038.47,4,2,0,1066.44,1062.4699999999996,1044.4983333333334,1132.43
2023-12-20 05:00:00,1132.43,5,2,0,1038.47,1079.113333333333,1057.88,1113.04
2023-12-20 06:00:00,1113.04,6,2,0,1132.43,1094.6466666666663,1075.6433333333334,1115.43
2023-12-20 07:00:00,1115.43,7,2,0,1113.04,1120.2999999999995,1091.385,1158.62
2023-12-20 08:00:00,1158.62,8,2,0,1115.43,1129.0299999999995,1104.0716666666667,1148.55
2023-12-20 09:00:00,1148.55,9,2,0,1158.62,1140.866666666666,1117.7566666666667,1139.55
2023-12-20 10:00:00,1139.55,10,2,0,1148.55,1148.906666666666,1134.6033333333332,1168.81
2023-12-20 11:00:00,1168.81,11,2,0,1139.55,1152.3033333333326,1140.6666666666667,1153.03
2023-12-20 12:00:00,1153.03,12,2,0,1168.81,1153.7966666666662,1147.3316666666667,1131.79
2023-12-20 13:00:00,1131.79,13,2,0,1153.03,1151.2099999999994,1150.0583333333332,1163.13
2023-12-20 14:00:00,1163.13,14,2,0,1131.79,1149.3166666666664,1150.81,1128.26
2023-12-20 15:00:00,1128.26,15,2,0,1163.13,1141.0599999999995,1147.4283333333333,1124.81
2023-12-20 16:00:00,1124.81,16,2,0,1128.26,1138.733333333333,1144.9716666666666,1080.46
2023-12-20 17:00:00,1080.46,17,2,0,1124.81,1111.1766666666663,1130.2466666666667,1075.46
2023-12-20 18:00:00,1075.46,18,2,0,1080.46,1093.5766666666661,1117.3183333333334,1059.06
2023-12-20 19:00:00,1059.06,19,2,0,1075.46,1071.6599999999996,1105.1966666666667,1083.29
2023-12-20 20:00:00,1083.29,20,2,0,1059.06,1072.6033333333328,1091.89,1037.42
2023-12-20 21:00:00,1037.42,21,2,0,1083.29,1059.923333333333,1076.75,1006.56
2023-12-20 22:00:00,1006.56,22,2,0,1037.42,1042.423333333333,1057.0416666666667,1057.02
2023-12-20 23:00:00,1057.02,23,2,0,1006.56,1033.6666666666663,1053.135,1037.09
2023-12-21 00:00:00,1037.09,0,3,0,1057.02,1033.5566666666662,1046.74,1058.95
2023-12-21 01:00:00,1058.95,1,3,0,1037.09,1051.0199999999995,1046.7216666666666,1069.24
2023-12-21 02:00:00,1069.24,2,3,0,1058.95,1055.093333333333,1044.38,1103.48
2023-12-21 03:00:00,1103.48,3,3,0,1069.24,1077.2233333333327,1055.39,1056.43
2023-12-21 04:00:00,1056.43,4,3,0,1103.48,1076.383333333333,1063.7016666666666,1133.52
2023-12-21 05:00:00,1133.52,5,3,0,1056.43,1097.8099999999997,1076.4516666666668,1134.2
2023-12-21 06:00:00,1134.2,6,3,0,1133.52,1108.0499999999995,1092.6366666666668,1136.48
2023-12-21 07:00:00,1136.48,7,3,0,1134.2,1134.733333333333,1105.5583333333334,1113.89
2023-12-21 08:00:00,1113.89,8,3,0,1136.48,1128.1899999999996,1113.0,1124.37
2023-12-21 09:00:00,1124.37,9,3,0,1113.89,1124.913333333333,1116.4816666666668,1147.1
2023-12-21 10:00:00,1147.1,10,3,0,1124.37,1128.4533333333327,1131.5933333333332,1153.23
2023-12-21 11:00:00,1153.23,11,3,0,1147.1,1141.5666666666662,1134.8783333333333,1175.68
2023-12-21 12:00:00,1175.68,12,3,0,1153.23,1158.6699999999994,1141.7916666666667,1124.04
2023-12-21 13:00:00,1124.04,13,3,0,1175.68,1150.983333333333,1139.7183333333335,1131.21
2023-12-21 14:00:00,1131.21,14,3,0,1124.04,1143.6433333333327,1142.605,1108.05
2023-12-21 15:00:00,1108.05,15,3,0,1131.21,1121.0999999999995,1139.885,1086.17
2023-12-21 16:00:00,1086.17,16,3,0,1108.05,1108.4766666666662,1129.7299999999998,1097.45
2023-12-21 17:00:00,1097.45,17,3,0,1086.17,1097.2233333333327,1120.4333333333334,1078.8
2023-12-21 18:00:00,1078.8,18,3,0,1097.45,1087.473333333333,1104.2866666666666,1051.69
2023-12-21 19:00:00,1051.69,19,3,0,1078.8,1075.9799999999996,1092.2283333333332,1046.87
2023-12-21 20:00:00,1046.87,20,3,0,1051.69,1059.1199999999997,1078.1716666666666,1058.59
2023-12-21 21:00:00,1058.59,21,3,0,1046.87,1052.383333333333,1069.9283333333333,1047.19
2023-12-21 22:00:00,1047.19,22,3,0,1058.59,1050.883333333333,1063.4316666666666,1050.82
2023-12-21 23:00:00,1050.82,23,3,0,1047.19,1052.1999999999996,1055.6599999999999,1069.1
2023-12-22 00:00:00,1069.1,0,4,0,1050.82,1055.7033333333327,1054.0433333333333,1074.44
2023-12-22 01:00:00,1074.44,1,4,0,1069.1,1064.7866666666662,1057.835,1033.51
2023-12-22 02:00:00,1033.51,2,4,0,1074.44,1059.0166666666662,1055.6083333333333,1066.26
2023-12-22 03:00:00,1066.26,3,4,0,1033.51,1058.0699999999995,1056.8866666666665,1094.43
2023-12-22 04:00:00,1094.43,4,4,0,1066.26,1064.733333333333,1064.76,1092.32
2023-12-22 05:00:00,1092.32,5,4,0,1094.43,1084.3366666666661,1071.6766666666665,1120.05
2023-12-22 06:00:00,1120.05,6,4,0,1092.32,1102.2666666666662,1080.1683333333333,1146.72
2023-12-22 07:00:00,1146.72,7,4,0,1120.05,1119.696666666666,1092.215,1129.24
2023-12-22 08:00:00,1129.24,8,4,0,1146.72,1132.0033333333329,1108.17,1154.85
2023-12-22 09:00:00,1154.85,9,4,0,1129.24,1143.6033333333328,1122.935,1163.18
2023-12-22 10:00:00,1163.18,10,4,0,1154.85,1149.0899999999995,1134.3933333333332,1114.17
2023-12-22 11:00:00,1114.17,11,4,0,1163.18,1144.0666666666664,1138.035,1135.61
2023-12-22 12:00:00,1135.61,12,4,0,1114.17,1137.6533333333327,1140.6283333333333,1112.3
2023-12-22 13:00:00,1112.3,13,4,0,1135.61,1120.693333333333,1134.8916666666667,1166.47
2023-12-22 14:00:00,1166.47,14,4,0,1112.3,1138.126666666666,1141.0966666666666,1127.97
2023-12-22 15:00:00,1127.97,15,4,0,1166.47,1135.5799999999997,1136.6166666666668,1101.28
2023-12-22 16:00:00,1101.28,16,4,0,1127.97,1131.906666666666,1126.3,1096.37
2023-12-22 17:00:00,1096.37,17,4,0,1101.28,1108.5399999999993,1123.3333333333333,1078.34
2023-12-22 18:00:00,1078.34,18,4,0,1096.37,1091.9966666666662,1113.7883333333332,1107.99
2023-12-22 19:00:00,1107.99,19,4,0,1078.34,1094.2333333333327,1113.07,1092.42
2023-12-22 20:00:00,1092.42,20,4,0,1107.99,1092.916666666666,1100.7283333333332,1046.06
2023-12-22 21:00:00,1046.06,21,4,0,1092.42,1082.156666666666,1087.0766666666666,1033.59
2023-12-22 22:00:00,1033.59,22,4,0,1046.06,1057.3566666666663,1075.7949999999998,1043.01
2023-12-22 23:00:00,1043.01,23,4,0,1033.59,1040.8866666666663,1066.9016666666666,1031.03
2023-12-23 00:00:00,1031.03,0,5,1,1043.01,1035.876666666666,1059.0166666666667,1053.92
2023-12-23 01:00:00,1053.92,1,5,1,1031.03,1042.653333333333,1050.0049999999999,1066.67
2023-12-23 02:00:00,1066.67,2,5,1,1053.92,1050.5399999999997,1045.7133333333334,1027.56
2023-12-23 03:00:00,1027.56,3,5,1,1066.67,1049.383333333333,1042.63,1053.49
2023-12-23 04:00:00,1053.49,4,5,1,1027.56,1049.2399999999996,1045.9466666666667,1066.53
2023-12-23 05:00:00,1066.53,5,5,1,1053.49,1049.193333333333,1049.8666666666666,1079.44
2023-12-23 06:00:00,1079.44,6,5,1,1066.53,1066.4866666666662,1057.9350000000002,1105.8
2023-12-23 07:00:00,1105.8,7,5,1,1079.44,1083.923333333333,1066.5816666666667,1131.67
2023-12-23 08:00:00,1131.67,8,5,1,1105.8,1105.6366666666663,1077.415,1122.65
2023-12-23 09:00:00,1122.65,9,5,1,1131.67,1120.0399999999997,1093.2633333333335,1160.21
2023-12-23 10:00:00,1160.21,10,5,1,1122.65,1138.1766666666663,1111.05,1099.63
2023-12-23 11:00:00,1099.63,11,5,1,1160.21,1127.4966666666662,1116.5666666666668,1143.84
2023-12-23 12:00:00,1143.84,12,5,1,1099.63,1134.5599999999997,1127.3000000000002,1140.47
2023-12-23 13:00:00,1140.47,13,5,1,1143.84,1127.9799999999996,1133.0783333333334,1118.28
2023-12-23 14:00:00,1118.28,14,5,1,1140.47,1134.196666666666,1130.8466666666666,1102.7
2023-12-23 15:00:00,1102.7,15,5,1,1118.28,1120.483333333333,1127.5216666666668,1093.6
2023-12-23 16:00:00,1093.6,16,5,1,1102.7,1104.8599999999994,1116.4199999999998,1077.13
2023-12-23 17:00:00,1077.13,17,5,1,1093.6,1091.1433333333327,1112.6699999999998,1058.86
2023-12-23 18:00:00,1058.86,18,5,1,1077.13,1076.5299999999995,1098.506666666667,1052.56
2023-12-23 19:00:00,1052.56,19,5,1,1058.86,1062.8499999999997,1083.855,1050.14
2023-12-23 20:00:00,1050.14,20,5,1,1052.56,1053.8533333333328,1072.4983333333334,1028.32
2023-12-23 21:00:00,1028.32,21,5,1,1050.14,1043.673333333333,1060.1016666666667,1001.14
2023-12-23 22:00:00,1001.14,22,5,1,1028.32,1026.5333333333328,1044.6916666666668,1022.54
2023-12-23 23:00:00,1022.54,23,5,1,1001.14,1017.3333333333329,1035.5933333333335,1021.8
2023-12-24 00:00:00,1021.8,0,6,1,1022.54,1015.1599999999995,1029.4166666666667,1033.32
2023-12-24 01:00:00,1033.32,1,6,1,1021.8,1025.886666666666,1026.21,1029.13
2023-12-24 02:00:00,1029.13,2,6,1,1033.32,1028.0833333333328,1022.7083333333334,1035.87
2023-12-24 03:00:00,1035.87,3,6,1,1029.13,1032.7733333333329,1023.9666666666666,1060.9
2023-12-24 04:00:00,1060.9,4,6,1,1035.87,1041.9666666666662,1033.9266666666665,1096.92
2023-12-24 05:00:00,1096.92,5,6,1,1060.9,1064.5633333333328,1046.3233333333333,1093.82
2023-12-24 06:00:00,1093.82,6,6,1,1096.92,1083.8799999999994,1058.3266666666666,1116.86
2023-12-24 07:00:00,1116.86,7,6,1,1093.82,1102.5333333333328,1072.25,1110.88
2023-12-24 08:00:00,1110.88,8,6,1,1116.86,1107.1866666666663,1085.875,1100.14
2023-12-24 09:00:00,1100.14,9,6,1,1110.88,1109.293333333333,1096.5866666666666,1156.04
2023-12-24 10:00:00,1156.04,10,6,1,1100.14,1122.3533333333328,1112.4433333333334,1144.73
2023-12-24 11:00:00,1144.73,11,6,1,1156.04,1133.6366666666663,1120.4116666666666,1114.29
2023-12-24 12:00:00,1114.29,12,6,1,1144.73,1138.3533333333328,1123.8233333333335,1130.07
2023-12-24 13:00:00,1130.07,13,6,1,1114.29,1129.696666666666,1126.0249999999999,1090.06
2023-12-24 14:00:00,1090.06,14,6,1,1130.07,1111.473333333333,1122.555,1108.77
2023-12-24 15:00:00,1108.77,15,6,1,1090.06,1109.6333333333328,1123.9933333333333,1067.8
2023-12-24 16:00:00,1067.8,16,6,1,1108.77,1088.876666666666,1109.2866666666666,1069.66
2023-12-24 17:00:00,1069.66,17,6,1,1067.8,1082.0766666666661,1096.7749999999999,1061.14
2023-12-24 18:00:00,1061.14,18,6,1,1069.66,1066.1999999999996,1087.9166666666667,1069.22
2023-12-24 19:00:00,1069.22,19,6,1,1061.14,1066.673333333333,1077.7749999999999,996.55
2023-12-24 20:00:00,996.55,20,6,1,1069.22,1042.303333333333,1062.19,1014.91
2023-12-24 21:00:00,1014.91,21,6,1,996.55,1026.8933333333327,1046.5466666666666,1032.47
2023-12-24 22:00:00,1032.47,22,6,1,1014.91,1014.6433333333329,1040.6583333333333,1017.85
2023-12-24 23:00:00,1017.85,23,6,1,1032.47,1021.7433333333329,1032.0233333333333,1029.7
2023-12-25 00:00:00,1029.7,0,0,0,1017.85,1026.673333333333,1026.7833333333333,1064.57
2023-12-25 01:00:00,1064.57,1,0,0,1029.7,1037.3733333333328,1026.0083333333332,1044.19
2023-12-25 02:00:00,1044.19,2,0,0,1064.57,1046.1533333333327,1033.9483333333335,1085.97
2023-12-25 03:00:00,1085.97,3,0,0,1044.19,1064.9099999999994,1045.7916666666667,1074.62
2023-12-25 04:00:00,1074.62,4,0,0,1085.97,1068.2599999999993,1052.8166666666666,1121.63
2023-12-25 05:00:00,1121.63,5,0,0,1074.62,1094.0733333333328,1070.1133333333335,1128.97
2023-12-25 06:00:00,1128.97,6,0,0,1121.63,1108.406666666666,1086.6583333333333,1129.55
2023-12-25 07:00:00,1129.55,7,0,0,1128.97,1126.716666666666,1097.4883333333335,1150.58
2023-12-25 08:00:00,1150.58,8,0,0,1129.55,1136.366666666666,1115.22,1140.78
2023-12-25 09:00:00,1140.78,9,0,0,1150.58,1140.3033333333326,1124.355,1141.89
2023-12-25 10:00:00,1141.89,10,0,0,1140.78,1144.416666666666,1135.5666666666668,1145.5
2023-12-25 11:00:00,1145.5,11,0,0,1141.89,1142.7233333333327,1139.545,1172.98
2023-12-25 12:00:00,1172.98,12,0,0,1145.5,1153.4566666666663,1146.88,1174.27
2023-12-25 13:00:00,1174.27,13,0,0,1172.98,1164.2499999999993,1154.3333333333333,1110.01
2023-12-25 14:00:00,1110.01,14,0,0,1174.27,1152.4199999999994,1147.5716666666667,1119.26
2023-12-25 15:00:00,1119.26,15,0,0,1110.01,1134.5133333333326,1143.985,1125.34
2023-12-25 16:00:00,1125.34,16,0,0,1119.26,1118.2033333333327,1141.2266666666667,1108.42
2023-12-25 17:00:00,1108.42,17,0,0,1125.34,1117.6733333333325,1135.0466666666666,1063.8
2023-12-25 18:00:00,1063.8,18,0,0,1108.42,1099.186666666666,1116.85,1087.04
2023-12-25 19:00:00,1087.04,19,0,0,1063.8,1086.4199999999994,1102.3116666666667,1065.51
2023-12-25 20:00:00,1065.51,20,0,0,1087.04,1072.116666666666,1094.895,1057.34
2023-12-25 21:00:00,1057.34,21,0,0,1065.51,1069.9633333333327,1084.575,1054.06
2023-12-25 22:00:00,1054.06,22,0,0,1057.34,1058.9699999999993,1072.695,1066.17
2023-12-25 23:00:00,1066.17,23,0,0,1054.06,1059.1899999999994,1065.6533333333334,1068.6
2023-12-26 00:00:00,1068.6,0,1,0,1066.17,1062.9433333333327,1066.4533333333331,1077.48
2023-12-26 01:00:00,1077.48,1,1,0,1068.6,1070.7499999999993,1064.86,1041.71
2023-12-26 02:00:00,1041.71,2,1,0,1077.48,1062.5966666666661,1060.8933333333332,1090.81
2023-12-26 03:00:00,1090.81,3,1,0,1041.71,1069.9999999999993,1066.4716666666666,1100.9
2023-12-26 04:00:00,1100.9,4,1,0,1090.81,1077.8066666666662,1074.2783333333334,1115.94
2023-12-26 05:00:00,1115.94,5,1,0,1100.9,1102.5499999999995,1082.5733333333335,1132.12
2023-12-26 06:00:00,1132.12,6,1,0,1115.94,1116.3199999999995,1093.1599999999999,1136.77
2023-12-26 07:00:00,1136.77,7,1,0,1132.12,1128.276666666666,1103.0416666666667,1123.2
2023-12-26 08:00:00,1123.2,8,1,0,1136.77,1130.696666666666,1116.6233333333332,1163.87
2023-12-26 09:00:00,1163.87,9,1,0,1123.2,1141.2799999999995,1128.8,1153.21
2023-12-26 10:00:00,1153.21,10,1,0,1163.87,1146.7599999999993,1137.5183333333332,1177.82
2023-12-26 11:00:00,1177.82,11,1,0,1153.21,1164.966666666666,1147.8316666666667,1140.49
2023-12-26 12:00:00,1140.49,12,1,0,1177.82,1157.1733333333325,1149.2266666666667,1158.59
2023-12-26 13:00:00,1158.59,13,1,0,1140.49,1158.966666666666,1152.8633333333335,1133.18
2023-12-26 14:00:00,1133.18,14,1,0,1158.59,1144.0866666666661,1154.5266666666666,1135.8
2023-12-26 15:00:00,1135.8,15,1,0,1133.18,1142.5233333333329,1149.8483333333334,1112.65
2023-12-26 16:00:00,1112.65,16,1,0,1135.8,1127.2099999999994,1143.0883333333334,1055.79
2023-12-26 17:00:00,1055.79,17,1,0,1112.65,1101.4133333333327,1122.75,1089.32
2023-12-26 18:00:00,1089.32,18,1,0,1055.79,1085.9199999999994,1114.2216666666666,1073.11
2023-12-26 19:00:00,1073.11,19,1,0,1089.32,1072.7399999999993,1099.975,1067.6
2023-12-26 20:00:00,1067.6,20,1,0,1073.11,1076.676666666666,1089.045,1063.01
2023-12-26 21:00:00,1063.01,21,1,0,1067.6,1067.906666666666,1076.9133333333332,1030.22
2023-12-26 22:00:00,1030.22,22,1,0,1063.01,1053.6099999999994,1063.175,1042.81
2023-12-26 23:00:00,1042.81,23,1,0,1030.22,1045.3466666666661,1061.0116666666665,1026.03
2023-12-27 00:00:00,1026.03,0,2,0,1042.81,1033.0199999999993,1050.4633333333334,1047.37
2023-12-27 01:00:00,1047.37,1,2,0,1026.03,1038.736666666666,1046.1733333333334,1101.05
2023-12-27 02:00:00,1101.05,2,2,0,1047.37,1058.1499999999994,1051.7483333333332,1088.1
2023-12-27 03:00:00,1088.1,3,2,0,1101.05,1078.8399999999995,1055.93,1072.14
2023-12-27 04:00:00,1072.14,4,2,0,1088.1,1087.0966666666661,1062.9166666666667,1096.34
2023-12-27 05:00:00,1096.34,5,2,0,1072.14,1085.526666666666,1071.8383333333334,1118.24
2023-12-27 06:00:00,1118.24,6,2,0,1096.34,1095.5733333333328,1087.2066666666667,1098.99
2023-12-27 07:00:00,1098.99,7,2,0,1118.24,1104.5233333333326,1095.81,1142.75
2023-12-27 08:00:00,1142.75,8,2,0,1098.99,1119.9933333333327,1102.76,1162.08
2023-12-27 09:00:00,1162.08,9,2,0,1142.75,1134.606666666666,1115.09,1151.68
2023-12-27 10:00:00,1151.68,10,2,0,1162.08,1152.1699999999994,1128.3466666666666,1129.48
2023-12-27 11:00:00,1129.48,11,2,0,1151.68,1147.746666666666,1133.87,1185.64
2023-12-27 12:00:00,1185.64,12,2,0,1129.48,1155.5999999999995,1145.1033333333332,1158.85
2023-12-27 13:00:00,1158.85,13,2,0,1185.64,1157.9899999999993,1155.08,1146.77
2023-12-27 14:00:00,1146.77,14,2,0,1158.85,1163.7533333333326,1155.75,1105.15
2023-12-27 15:00:00,1105.15,15,2,0,1146.77,1136.9233333333327,1146.2616666666665,1140.02
2023-12-27 16:00:00,1140.02,16,2,0,1105.15,1130.646666666666,1144.3183333333334,1106.64
2023-12-27 17:00:00,1106.64,17,2,0,1140.02,1117.2699999999995,1140.5116666666668,1060.77
2023-12-27 18:00:00,1060.77,18,2,0,1106.64,1102.4766666666662,1119.7,1103.07
2023-12-27 19:00:00,1103.07,19,2,0,1060.77,1090.1599999999994,1110.4033333333334,1021.58
2023-12-27 20:00:00,1021.58,20,2,0,1103.07,1061.8066666666662,1089.5383333333334,1079.06
2023-12-27 21:00:00,1079.06,21,2,0,1021.58,1067.9033333333325,1085.1899999999998,1022.17
2023-12-27 22:00:00,1022.17,22,2,0,1079.06,1040.936666666666,1065.5483333333334,1054.18
2023-12-27 23:00:00,1054.18,23,2,0,1022.17,1051.8033333333326,1056.805,1066.76
2023-12-28 00:00:00,1066.76,0,3,0,1054.18,1047.7033333333327,1057.8033333333333,1077.98
2023-12-28 01:00:00,1077.98,1,3,0,1066.76,1066.3066666666662,1053.6216666666667,1038.42
2023-12-28 02:00:00,1038.42,2,3,0,1077.98,1061.0533333333326,1056.4283333333333,1074.78
2023-12-28 03:00:00,1074.78,3,3,0,1038.42,1063.726666666666,1055.715,1094.9
2023-12-28 04:00:00,1094.9,4,3,0,1074.78,1069.366666666666,1067.8366666666668,1094.93
2023-12-28 05:00:00,1094.93,5,3,0,1094.9,1088.203333333333,1074.6283333333333,1144.23
2023-12-28 06:00:00,1144.23,6,3,0,1094.93,1111.3533333333328,1087.5400000000002,1136.99
2023-12-28 07:00:00,1136.99,7,3,0,1144.23,1125.3833333333328,1097.375,1142.41
2023-12-28 08:00:00,1142.41,8,3,0,1136.99,1141.2099999999994,1114.7066666666667,1168.04
2023-12-28 09:00:00,1168.04,9,3,0,1142.41,1149.1466666666659,1130.25,1165.43
2023-12-28 10:00:00,1165.43,10,3,0,1168.04,1158.626666666666,1142.005,1160.78
2023-12-28 11:00:00,1160.78,11,3,0,1165.43,1164.7499999999993,1152.98,1172.71
2023-12-28 12:00:00,1172.71,12,3,0,1160.78,1166.3066666666662,1157.7266666666667,1151.31
2023-12-28 13:00:00,1151.31,13,3,0,1172.71,1161.5999999999995,1160.1133333333335,1103.08
2023-12-28 14:00:00,1103.08,14,3,0,1151.31,1142.366666666666,1153.5583333333334,1090.83
2023-12-28 15:00:00,1090.83,15,3,0,1103.08,1115.0733333333328,1140.69,1109.58
2023-12-28 16:00:00,1109.58,16,3,0,1090.83,1101.1633333333327,1131.3816666666667,1114.3
2023-12-28 17:00:00,1114.3,17,3,0,1109.58,1104.9033333333325,1123.635,1072.27
2023-12-28 18:00:00,1072.27,18,3,0,1114.3,1098.716666666666,1106.895,1107.34
2023-12-28 19:00:00,1107.34,19,3,0,1072.27,1097.9699999999993,1099.5666666666666,1045.78
2023-12-28 20:00:00,1045.78,20,3,0,1107.34,1075.1299999999994,1090.0166666666667,1044.65
2023-12-28 21:00:00,1044.65,21,3,0,1045.78,1065.9233333333327,1082.32,1027.98
2023-12-28 22:00:00,1027.98,22,3,0,1044.65,1039.4699999999996,1068.72,1026.19
2023-12-28 23:00:00,1026.19,23,3,0,1027.98,1032.9399999999994,1054.035,1054.26
2023-12-29 00:00:00,1054.26,0,4,0,1026.19,1036.1433333333327,1051.0333333333333,1076.41
2023-12-29 01:00:00,1076.41,1,4,0,1054.26,1052.2866666666662,1045.8783333333333,1100.88
2023-12-29 02:00:00,1100.88,2,4,0,1076.41,1077.1833333333327,1055.0616666666667,1076.78
2023-12-29 03:00:00,1076.78,3,4,0,1100.88,1084.6899999999994,1060.4166666666667,1091.69
2023-12-29 04:00:00,1091.69,4,4,0,1076.78,1089.7833333333328,1071.035,1083.02
2023-12-29 05:00:00,1083.02,5,4,0,1091.69,1083.8299999999992,1080.506666666667,1137.5
2023-12-29 06:00:00,1137.5,6,4,0,1083.02,1104.0699999999995,1094.38,1133.52
2023-12-29 07:00:00,1133.52,7,4,0,1137.5,1118.0133333333326,1103.8983333333333,1157.36
2023-12-29 08:00:00,1157.36,8,4,0,1133.52,1142.7933333333328,1113.3116666666667,1151.77
2023-12-29 09:00:00,1151.77,9,4,0,1157.36,1147.5499999999995,1125.81,1178.52
2023-12-29 10:00:00,1178.52,10,4,0,1151.77,1162.5499999999995,1140.2816666666668,1177.93
2023-12-29 11:00:00,1177.93,11,4,0,1178.52,1169.406666666666,1156.1,1177.94
2023-12-29 12:00:00,1177.94,12,4,0,1177.93,1178.1299999999994,1162.84,1144.5
2023-12-29 13:00:00,1144.5,13,4,0,1177.94,1166.7899999999993,1164.67,1144.05
2023-12-29 14:00:00,1144.05,14,4,0,1144.5,1155.496666666666,1162.4516666666666,1105.29
2023-12-29 15:00:00,1105.29,15,4,0,1144.05,1131.2799999999995,1154.705,1092.55
2023-12-29 16:00:00,1092.55,16,4,0,1105.29,1113.963333333333,1140.3766666666666,1079.29
2023-12-29 17:00:00,1079.29,17,4,0,1092.55,1092.376666666666,1123.9366666666667,1080.87
2023-12-29 18:00:00,1080.87,18,4,0,1079.29,1084.236666666666,1107.7583333333332,1081.96
2023-12-29 19:00:00,1081.96,19,4,0,1080.87,1080.706666666666,1097.3349999999998,1077.57
2023-12-29 20:00:00,1077.57,20,4,0,1081.96,1080.1333333333325,1086.2549999999999,1054.71
2023-12-29 21:00:00,1054.71,21,4,0,1077.57,1071.4133333333327,1077.825,1011.35
2023-12-29 22:00:00,1011.35,22,4,0,1054.71,1047.8766666666659,1064.2916666666667,1060.85
2023-12-29 23:00:00,1060.85,23,4,0,1011.35,1042.3033333333326,1061.2183333333332,996.38
2023-12-30 00:00:00,996.38,0,5,1,1060.85,1022.8599999999993,1047.1366666666665,1009.68
2023-12-30 01:00:00,1009.68,1,5,1,996.38,1022.3033333333327,1035.09,1030.67
2023-12-30 02:00:00,1030.67,2,5,1,1009.68,1012.2433333333328,1027.2733333333333,1068.64
2023-12-30 03:00:00,1068.64,3,5,1,1030.67,1036.3299999999992,1029.595,1078.74
2023-12-30 04:00:00,1078.74,4,5,1,1068.64,1059.3499999999995,1040.8266666666666,1072.94
2023-12-30 05:00:00,1072.94,5,5,1,1078.74,1073.4399999999994,1042.841666666667,1086.66
2023-12-30 06:00:00,1086.66,6,5,1,1072.94,1079.446666666666,1057.8883333333335,1119.99
2023-12-30 07:00:00,1119.99,7,5,1,1086.66,1093.196666666666,1076.2733333333333,1119.05
2023-12-30 08:00:00,1119.05,8,5,1,1119.99,1108.566666666666,1091.0033333333333,1111.65
2023-12-30 09:00:00,1111.65,9,5,1,1119.05,1116.8966666666663,1098.1716666666666,1145.15
2023-12-30 10:00:00,1145.15,10,5,1,1111.65,1125.2833333333328,1109.24,1149.17
2023-12-30 11:00:00,1149.17,11,5,1,1145.15,1135.3233333333328,1121.945,1146.81
2023-12-30 12:00:00,1146.81,12,5,1,1149.17,1147.0433333333328,1131.97,1144.52
2023-12-30 13:00:00,1144.52,13,5,1,1146.81,1146.8333333333328,1136.0583333333334,1112.15
2023-12-30 14:00:00,1112.15,14,5,1,1144.52,1134.4933333333327,1134.9083333333333,1061.94
2023-12-30 15:00:00,1061.94,15,5,1,1112.15,1106.203333333333,1126.6233333333334,1064.21
2023-12-30 16:00:00,1064.21,16,5,1,1061.94,1079.4333333333327,1113.1333333333334,1088.77
2023-12-30 17:00:00,1088.77,17,5,1,1064.21,1071.6399999999994,1103.0666666666666,1044.76
2023-12-30 18:00:00,1044.76,18,5,1,1088.77,1065.9133333333327,1086.0583333333334,1060.61
2023-12-30 19:00:00,1060.61,19,5,1,1044.76,1064.7133333333325,1072.0733333333333,1017.99
2023-12-30 20:00:00,1017.99,20,5,1,1060.61,1041.1199999999994,1056.38,1051.63
2023-12-30 21:00:00,1051.63,21,5,1,1017.99,1043.4099999999994,1054.6616666666666,1008.33
2023-12-30 22:00:00,1008.33,22,5,1,1051.63,1025.9833333333327,1045.3483333333334,1012.93
2023-12-30 23:00:00,1012.93,23,5,1,1008.33,1024.2966666666662,1032.7083333333333,1022.31
2023-12-31 00:00:00,1022.31,0,6,1,1012.93,1014.5233333333326,1028.9666666666667,1035.17
2023-12-31 01:00:00,1035.17,1,6,1,1022.31,1023.4699999999993,1024.7266666666667,1052.79
2023-12-31 02:00:00,1052.79,2,6,1,1035.17,1036.756666666666,1030.5266666666669,1057.88
2023-12-31 03:00:00,1057.88,3,6,1,1052.79,1048.6133333333328,1031.5683333333334,1060.13
2023-12-31 04:00:00,1060.13,4,6,1,1057.88,1056.9333333333327,1040.2016666666666,1076.82
2023-12-31 05:00:00,1076.82,5,6,1,1060.13,1064.943333333333,1050.8500000000001,1084.12
2023-12-31 06:00:00,1084.12,6,6,1,1076.82,1073.6899999999994,1061.1516666666666,1154.48
2023-12-31 07:00:00,1154.48,7,6,1,1084.12,1105.1399999999992,1081.0366666666666,1105.63
2023-12-31 08:00:00,1105.63,8,6,1,1154.48,1114.7433333333327,1089.8433333333332,1130.95
2023-12-31 09:00:00,1130.95,9,6,1,1105.63,1130.3533333333328,1102.0216666666668,1111.11
2023-12-31 10:00:00,1111.11,10,6,1,1130.95,1115.896666666666,1110.5183333333332,1129.47
2023-12-31 11:00:00,1129.47,11,6,1,1111.11,1123.8433333333326,1119.2933333333333,1148.01
2023-12-31 12:00:00,1148.01,12,6,1,1129.47,1129.5299999999995,1129.9416666666666,1126.95
2023-12-31 13:00:00,1126.95,13,6,1,1148.01,1134.8099999999995,1125.3533333333335,1129.91
2023-12-31 14:00:00,1129.91,14,6,1,1126.95,1134.956666666666,1129.3999999999999,1103.6
2023-12-31 15:00:00,1103.6,15,6,1,1129.91,1120.1533333333327,1124.8416666666665,1080.9
2023-12-31 16:00:00,1080.9,16,6,1,1103.6,1104.8033333333328,1119.8066666666666,1067.73
2023-12-31 17:00:00,1067.73,17,6,1,1080.9,1084.0766666666661,1109.5166666666667,1052.16
2023-12-31 18:00:00,1052.16,18,6,1,1067.73,1066.9299999999994,1093.5416666666667,1037.48
2023-12-31 19:00:00,1037.48,19,6,1,1052.16,1052.456666666666,1078.6299999999999,1043.63
2023-12-31 20:00:00,1043.63,20,6,1,1037.48,1044.423333333333,1064.25,1012.76
2023-12-31 21:00:00,1012.76,21,6,1,1043.63,1031.2899999999995,1049.11,1019.59
2023-12-31 22:00:00,1019.59,22,6,1,1012.76,1025.3266666666661,1038.8916666666667,1038.84
