datetime,energy_kwh
2023-01-01 00:00:00,1154.9
2023-01-01 01:00:00,1150.6
2023-01-01 02:00:00,1187.93
2023-01-01 03:00:00,1226.0
2023-01-01 04:00:00,1182.34
2023-01-01 05:00:00,1188.03
2023-01-01 06:00:00,1244.38
2023-01-01 07:00:00,1218.08
2023-01-01 08:00:00,1175.28
2023-01-01 09:00:00,1196.58
2023-01-01 10:00:00,1154.6
2023-01-01 11:00:00,1140.78
2023-01-01 12:00:00,1147.26
2023-01-01 13:00:00,1067.85
2023-01-01 14:00:00,1059.75
2023-01-01 15:00:00,1082.83
2023-01-01 16:00:00,1060.25
2023-01-01 17:00:00,1094.37
2023-01-01 18:00:00,1055.76
2023-01-01 19:00:00,1042.57
2023-01-01 20:00:00,1134.61
2023-01-01 21:00:00,1092.92
2023-01-01 22:00:00,1113.53
2023-01-01 23:00:00,1082.5
2023-01-02 00:00:00,1183.67
2023-01-02 01:00:00,1218.86
2023-01-02 02:00:00,1195.47
2023-01-02 03:00:00,1253.7
2023-01-02 04:00:00,1233.94
2023-01-02 05:00:00,1249.2
2023-01-02 06:00:00,1241.95
2023-01-02 07:00:00,1313.52
2023-01-02 08:00:00,1251.56
2023-01-02 09:00:00,1210.7
2023-01-02 10:00:00,1254.68
2023-01-02 11:00:00,1178.9
2023-01-02 12:00:00,1206.27
2023-01-02 13:00:00,1125.68
2023-01-02 14:00:00,1130.15
2023-01-02 15:00:00,1163.48
2023-01-02 16:00:00,1170.19
2023-01-02 17:00:00,1147.19
2023-01-02 18:00:00,1136.53
2023-01-02 19:00:00,1133.01
2023-01-02 20:00:00,1103.68
2023-01-02 21:00:00,1135.98
2023-01-02 22:00:00,1156.18
2023-01-02 23:00:00,1216.18
2023-01-03 00:00:00,1210.31
2023-01-03 01:00:00,1162.64
2023-01-03 02:00:00,1239.72
2023-01-03 03:00:00,1230.87
2023-01-03 04:00:00,1231.65
2023-01-03 05:00:00,1276.31
2023-01-03 06:00:00,1290.93
2023-01-03 07:00:00,1285.89
2023-01-03 08:00:00,1226.78
2023-01-03 09:00:00,1233.15
2023-01-03 10:00:00,1239.94
2023-01-03 11:00:00,1244.8
2023-01-03 12:00:00,1185.62
2023-01-03 13:00:00,1178.9
2023-01-03 14:00:00,1136.81
2023-01-03 15:00:00,1121.69
2023-01-03 16:00:00,1172.41
2023-01-03 17:00:00,1182.73
2023-01-03 18:00:00,1137.84
2023-01-03 19:00:00,1172.15
2023-01-03 20:00:00,1158.89
2023-01-03 21:00:00,1138.22
2023-01-03 22:00:00,1180.84
2023-01-03 23:00:00,1230.61
2023-01-04 00:00:00,1198.93
2023-01-04 01:00:00,1262.47
2023-01-04 02:00:00,1151.41
2023-01-04 03:00:00,1267.08
2023-01-04 04:00:00,1254.57
2023-01-04 05:00:00,1248.99
2023-01-04 06:00:00,1262.75
2023-01-04 07:00:00,1198.33
2023-01-04 08:00:00,1245.37
2023-01-04 09:00:00,1253.14
2023-01-04 10:00:00,1274.34
2023-01-04 11:00:00,1199.98
2023-01-04 12:00:00,1175.75
2023-01-04 13:00:00,1169.42
2023-01-04 14:00:00,1197.46
2023-01-04 15:00:00,1167.44
2023-01-04 16:00:00,1132.15
2023-01-04 17:00:00,1157.44
2023-01-04 18:00:00,1142.91
2023-01-04 19:00:00,1171.1
2023-01-04 20:00:00,1126.98
2023-01-04 21:00:00,1147.74
2023-01-04 22:00:00,1158.24
2023-01-04 23:00:00,1140.57
2023-01-05 00:00:00,1208.88
2023-01-05 01:00:00,1223.36
2023-01-05 02:00:00,1230.15
2023-01-05 03:00:00,1235.39
2023-01-05 04:00:00,1209.5
2023-01-05 05:00:00,1245.34
2023-01-05 06:00:00,1249.72
2023-01-05 07:00:00,1233.89
2023-01-05 08:00:00,1247.12
2023-01-05 09:00:00,1254.55
2023-01-05 10:00:00,1286.59
2023-01-05 11:00:00,1220.77
2023-01-05 12:00:00,1207.73
2023-01-05 13:00:00,1182.24
2023-01-05 14:00:00,1112.44
2023-01-05 15:00:00,1156.78
2023-01-05 16:00:00,1149.85
2023-01-05 17:00:00,1215.94
2023-01-05 18:00:00,1134.23
2023-01-05 19:00:00,1151.09
2023-01-05 20:00:00,1147.0
2023-01-05 21:00:00,1122.51
2023-01-05 22:00:00,1204.28
2023-01-05 23:00:00,1207.03
2023-01-06 00:00:00,1223.73
2023-01-06 01:00:00,1188.25
2023-01-06 02:00:00,1272.08
2023-01-06 03:00:00,1200.37
2023-01-06 04:00:00,1269.57
2023-01-06 05:00:00,1323.67
2023-01-06 06:00:00,1230.28
2023-01-06 07:00:00,1240.97
2023-01-06 08:00:00,1254.95
2023-01-06 09:00:00,1227.32
2023-01-06 10:00:00,1183.48
2023-01-06 11:00:00,1217.59
2023-01-06 12:00:00,1168.13
2023-01-06 13:00:00,1198.68
2023-01-06 14:00:00,1142.42
2023-01-06 15:00:00,1204.07
2023-01-06 16:00:00,1124.54
2023-01-06 17:00:00,1132.38
2023-01-06 18:00:00,1164.41
2023-01-06 19:00:00,1105.12
2023-01-06 20:00:00,1154.86
2023-01-06 21:00:00,1196.79
2023-01-06 22:00:00,1121.78
2023-01-06 23:00:00,1190.01
2023-01-07 00:00:00,1147.8
2023-01-07 01:00:00,1178.21
2023-01-07 02:00:00,1131.39
2023-01-07 03:00:00,1140.69
2023-01-07 04:00:00,1205.02
2023-01-07 05:00:00,1203.97
2023-01-07 06:00:00,1204.51
2023-01-07 07:00:00,1205.45
2023-01-07 08:00:00,1168.96
2023-01-07 09:00:00,1187.27
2023-01-07 10:00:00,1177.29
2023-01-07 11:00:00,1133.32
2023-01-07 12:00:00,1195.97
2023-01-07 13:00:00,1139.46
2023-01-07 14:00:00,1075.76
2023-01-07 15:00:00,1119.39
2023-01-07 16:00:00,1061.4
2023-01-07 17:00:00,1108.55
2023-01-07 18:00:00,1117.76
2023-01-07 19:00:00,1060.32
2023-01-07 20:00:00,1119.54
2023-01-07 21:00:00,1112.08
2023-01-07 22:00:00,1136.16
2023-01-07 23:00:00,1182.15
2023-01-08 00:00:00,1132.64
2023-01-08 01:00:00,1132.14
2023-01-08 02:00:00,1141.81
2023-01-08 03:00:00,1155.83
2023-01-08 04:00:00,1187.05
2023-01-08 05:00:00,1205.29
2023-01-08 06:00:00,1205.3
2023-01-08 07:00:00,1219.87
2023-01-08 08:00:00,1189.75
2023-01-08 09:00:00,1223.91
2023-01-08 10:00:00,1160.56
2023-01-08 11:00:00,1236.36
2023-01-08 12:00:00,1158.77
2023-01-08 13:00:00,1099.53
2023-01-08 14:00:00,1079.37
2023-01-08 15:00:00,1114.17
2023-01-08 16:00:00,1083.93
2023-01-08 17:00:00,1106.36
2023-01-08 18:00:00,1097.2
2023-01-08 19:00:00,1082.76
2023-01-08 20:00:00,1065.23
2023-01-08 21:00:00,1054.25
2023-01-08 22:00:00,1098.1
2023-01-08 23:00:00,1150.94
2023-01-09 00:00:00,1206.42
2023-01-09 01:00:00,1178.16
2023-01-09 02:00:00,1235.2
2023-01-09 03:00:00,1253.99
2023-01-09 04:00:00,1225.45
2023-01-09 05:00:00,1262.57
2023-01-09 06:00:00,1261.75
2023-01-09 07:00:00,1223.67
2023-01-09 08:00:00,1262.7
2023-01-09 09:00:00,1259.25
2023-01-09 10:00:00,1262.49
2023-01-09 11:00:00,1247.14
2023-01-09 12:00:00,1158.67
2023-01-09 13:00:00,1156.34
2023-01-09 14:00:00,1185.45
2023-01-09 15:00:00,1172.99
2023-01-09 16:00:00,1163.49
2023-01-09 17:00:00,1257.63
2023-01-09 18:00:00,1157.13
2023-01-09 19:00:00,1176.11
2023-01-09 20:00:00,1176.66
2023-01-09 21:00:00,1177.12
2023-01-09 22:00:00,1160.54
2023-01-09 23:00:00,1207.24
2023-01-10 00:00:00,1176.82
2023-01-10 01:00:00,1208.42
2023-01-10 02:00:00,1215.44
2023-01-10 03:00:00,1244.88
2023-01-10 04:00:00,1321.4
2023-01-10 05:00:00,1201.94
2023-01-10 06:00:00,1280.59
2023-01-10 07:00:00,1209.57
2023-01-10 08:00:00,1237.8
2023-01-10 09:00:00,1275.09
2023-01-10 10:00:00,1231.93
2023-01-10 11:00:00,1183.2
2023-01-10 12:00:00,1178.54
2023-01-10 13:00:00,1204.86
2023-01-10 14:00:00,1148.09
2023-01-10 15:00:00,1164.07
2023-01-10 16:00:00,1149.41
2023-01-10 17:00:00,1122.5
2023-01-10 18:00:00,1204.32
2023-01-10 19:00:00,1161.06
2023-01-10 20:00:00,1087.28
2023-01-10 21:00:00,1163.17
2023-01-10 22:00:00,1150.15
2023-01-10 23:00:00,1210.04
2023-01-11 00:00:00,1176.22
2023-01-11 01:00:00,1212.09
2023-01-11 02:00:00,1245.15
2023-01-11 03:00:00,1268.4
2023-01-11 04:00:00,1215.95
2023-01-11 05:00:00,1247.92
2023-01-11 06:00:00,1245.75
2023-01-11 07:00:00,1238.36
2023-01-11 08:00:00,1304.93
2023-01-11 09:00:00,1254.58
2023-01-11 10:00:00,1192.17
2023-01-11 11:00:00,1243.07
2023-01-11 12:00:00,1263.66
2023-01-11 13:00:00,1215.44
2023-01-11 14:00:00,1124.42
2023-01-11 15:00:00,1143.05
2023-01-11 16:00:00,1186.05
2023-01-11 17:00:00,1120.81
2023-01-11 18:00:00,1153.31
2023-01-11 19:00:00,1165.28
2023-01-11 20:00:00,1120.23
2023-01-11 21:00:00,1155.79
2023-01-11 22:00:00,1072.76
2023-01-11 23:00:00,1153.74
2023-01-12 00:00:00,1192.42
2023-01-12 01:00:00,1178.1
2023-01-12 02:00:00,1278.97
2023-01-12 03:00:00,1199.52
2023-01-12 04:00:00,1238.76
2023-01-12 05:00:00,1261.88
2023-01-12 06:00:00,1303.24
2023-01-12 07:00:00,1214.88
2023-01-12 08:00:00,1286.86
2023-01-12 09:00:00,1242.73
2023-01-12 10:00:00,1200.55
2023-01-12 11:00:00,1229.39
2023-01-12 12:00:00,1205.97
2023-01-12 13:00:00,1166.46
2023-01-12 14:00:00,1172.09
2023-01-12 15:00:00,1146.01
2023-01-12 16:00:00,1151.44
2023-01-12 17:00:00,1161.91
2023-01-12 18:00:00,1187.58
2023-01-12 19:00:00,1104.91
2023-01-12 20:00:00,1212.03
2023-01-12 21:00:00,1099.01
2023-01-12 22:00:00,1165.45
2023-01-12 23:00:00,1202.12
2023-01-13 00:00:00,1208.43
2023-01-13 01:00:00,1196.85
2023-01-13 02:00:00,1223.76
2023-01-13 03:00:00,1227.64
2023-01-13 04:00:00,1234.28
2023-01-13 05:00:00,1283.44
2023-01-13 06:00:00,1270.71
2023-01-13 07:00:00,1237.17
2023-01-13 08:00:00,1278.95
2023-01-13 09:00:00,1251.65
2023-01-13 10:00:00,1254.39
2023-01-13 11:00:00,1234.42
2023-01-13 12:00:00,1175.13
2023-01-13 13:00:00,1167.67
2023-01-13 14:00:00,1192.42
2023-01-13 15:00:00,1175.88
2023-01-13 16:00:00,1147.41
2023-01-13 17:00:00,1145.56
2023-01-13 18:00:00,1178.33
2023-01-13 19:00:00,1124.3
2023-01-13 20:00:00,1164.45
2023-01-13 21:00:00,1151.51
2023-01-13 22:00:00,1163.47
2023-01-13 23:00:00,1217.43
2023-01-14 00:00:00,1164.76
2023-01-14 01:00:00,1179.16
2023-01-14 02:00:00,1207.66
2023-01-14 03:00:00,1180.94
2023-01-14 04:00:00,1209.82
2023-01-14 05:00:00,1185.75
2023-01-14 06:00:00,1206.72
2023-01-14 07:00:00,1191.15
2023-01-14 08:00:00,1192.27
2023-01-14 09:00:00,1198.16
2023-01-14 10:00:00,1143.95
2023-01-14 11:00:00,1217.52
2023-01-14 12:00:00,1109.82
2023-01-14 13:00:00,1088.82
2023-01-14 14:00:00,1146.24
2023-01-14 15:00:00,1123.44
2023-01-14 16:00:00,1109.36
2023-01-14 17:00:00,1103.79
2023-01-14 18:00:00,1082.63
2023-01-14 19:00:00,1058.02
2023-01-14 20:00:00,1092.91
2023-01-14 21:00:00,1079.38
2023-01-14 22:00:00,1140.75
2023-01-14 23:00:00,1120.84
2023-01-15 00:00:00,1115.24
2023-01-15 01:00:00,1145.11
2023-01-15 02:00:00,1180.89
2023-01-15 03:00:00,1163.39
2023-01-15 04:00:00,1164.7
2023-01-15 05:00:00,1202.37
2023-01-15 06:00:00,1204.35
2023-01-15 07:00:00,1179.85
2023-01-15 08:00:00,1175.23
2023-01-15 09:00:00,1187.27
2023-01-15 10:00:00,1125.06
2023-01-15 11:00:00,1112.53
2023-01-15 12:00:00,1118.45
2023-01-15 13:00:00,1118.84
2023-01-15 14:00:00,1120.83
2023-01-15 15:00:00,1143.96
2023-01-15 16:00:00,1116.37
2023-01-15 17:00:00,1080.14
2023-01-15 18:00:00,1082.43
2023-01-15 19:00:00,1054.87
2023-01-15 20:00:00,1090.08
2023-01-15 21:00:00,1091.04
2023-01-15 22:00:00,1121.18
2023-01-15 23:00:00,1100.43
2023-01-16 00:00:00,1215.58
2023-01-16 01:00:00,1261.51
2023-01-16 02:00:00,1226.74
2023-01-16 03:00:00,1254.48
2023-01-16 04:00:00,1272.67
2023-01-16 05:00:00,1245.92
2023-01-16 06:00:00,1266.72
2023-01-16 07:00:00,1258.33
2023-01-16 08:00:00,1254.89
2023-01-16 09:00:00,1219.24
2023-01-16 10:00:00,1230.74
2023-01-16 11:00:00,1230.47
2023-01-16 12:00:00,1243.53
2023-01-16 13:00:00,1213.25
2023-01-16 14:00:00,1234.6
2023-01-16 15:00:00,1134.55
2023-01-16 16:00:00,1174.21
2023-01-16 17:00:00,1147.54
2023-01-16 18:00:00,1205.69
2023-01-16 19:00:00,1117.8
2023-01-16 20:00:00,1122.85
2023-01-16 21:00:00,1139.59
2023-01-16 22:00:00,1106.28
2023-01-16 23:00:00,1168.7
2023-01-17 00:00:00,1177.23
2023-01-17 01:00:00,1220.04
2023-01-17 02:00:00,1240.25
2023-01-17 03:00:00,1298.71
2023-01-17 04:00:00,1280.47
2023-01-17 05:00:00,1240.65
2023-01-17 06:00:00,1233.05
2023-01-17 07:00:00,1272.71
2023-01-17 08:00:00,1212.35
2023-01-17 09:00:00,1297.37
2023-01-17 10:00:00,1265.38
2023-01-17 11:00:00,1201.45
2023-01-17 12:00:00,1148.61
2023-01-17 13:00:00,1225.09
2023-01-17 14:00:00,1166.56
2023-01-17 15:00:00,1194.71
2023-01-17 16:00:00,1100.21
2023-01-17 17:00:00,1124.06
2023-01-17 18:00:00,1140.16
2023-01-17 19:00:00,1143.45
2023-01-17 20:00:00,1134.54
2023-01-17 21:00:00,1176.26
2023-01-17 22:00:00,1137.97
2023-01-17 23:00:00,1180.2
2023-01-18 00:00:00,1203.61
2023-01-18 01:00:00,1230.96
2023-01-18 02:00:00,1251.35
2023-01-18 03:00:00,1208.69
2023-01-18 04:00:00,1205.94
2023-01-18 05:00:00,1296.29
2023-01-18 06:00:00,1269.97
2023-01-18 07:00:00,1235.5
2023-01-18 08:00:00,1298.5
2023-01-18 09:00:00,1245.9
2023-01-18 10:00:00,1265.38
2023-01-18 11:00:00,1217.55
2023-01-18 12:00:00,1261.82
2023-01-18 13:00:00,1237.13
2023-01-18 14:00:00,1162.53
2023-01-18 15:00:00,1186.72
2023-01-18 16:00:00,1167.4
2023-01-18 17:00:00,1183.1
2023-01-18 18:00:00,1111.05
2023-01-18 19:00:00,1162.63
2023-01-18 20:00:00,1179.79
2023-01-18 21:00:00,1104.81
2023-01-18 22:00:00,1134.5
2023-01-18 23:00:00,1123.29
2023-01-19 00:00:00,1191.92
2023-01-19 01:00:00,1237.06
2023-01-19 02:00:00,1275.07
2023-01-19 03:00:00,1244.65
2023-01-19 04:00:00,1300.82
2023-01-19 05:00:00,1216.55
2023-01-19 06:00:00,1208.9
2023-01-19 07:00:00,1256.29
2023-01-19 08:00:00,1263.48
2023-01-19 09:00:00,1241.45
2023-01-19 10:00:00,1167.98
2023-01-19 11:00:00,1212.86
2023-01-19 12:00:00,1160.87
2023-01-19 13:00:00,1204.56
2023-01-19 14:00:00,1181.0
2023-01-19 15:00:00,1129.38
2023-01-19 16:00:00,1132.62
2023-01-19 17:00:00,1110.27
2023-01-19 18:00:00,1138.12
2023-01-19 19:00:00,1170.7
2023-01-19 20:00:00,1118.47
2023-01-19 21:00:00,1172.69
2023-01-19 22:00:00,1154.09
2023-01-19 23:00:00,1160.68
2023-01-20 00:00:00,1196.79
2023-01-20 01:00:00,1184.47
2023-01-20 02:00:00,1213.39
2023-01-20 03:00:00,1206.49
2023-01-20 04:00:00,1310.9
2023-01-20 05:00:00,1259.01
2023-01-20 06:00:00,1239.01
2023-01-20 07:00:00,1264.37
2023-01-20 08:00:00,1248.59
2023-01-20 09:00:00,1235.8
2023-01-20 10:00:00,1248.43
2023-01-20 11:00:00,1238.25
2023-01-20 12:00:00,1184.08
2023-01-20 13:00:00,1167.2
2023-01-20 14:00:00,1161.75
2023-01-20 15:00:00,1088.52
2023-01-20 16:00:00,1102.58
2023-01-20 17:00:00,1183.05
2023-01-20 18:00:00,1189.35
2023-01-20 19:00:00,1134.57
2023-01-20 20:00:00,1165.34
2023-01-20 21:00:00,1166.91
2023-01-20 22:00:00,1262.37
2023-01-20 23:00:00,1218.06
2023-01-21 00:00:00,1136.16
2023-01-21 01:00:00,1126.09
2023-01-21 02:00:00,1120.31
2023-01-21 03:00:00,1186.41
2023-01-21 04:00:00,1166.67
2023-01-21 05:00:00,1152.39
2023-01-21 06:00:00,1177.6
2023-01-21 07:00:00,1162.61
2023-01-21 08:00:00,1239.98
2023-01-21 09:00:00,1206.75
2023-01-21 10:00:00,1168.26
2023-01-21 11:00:00,1199.15
2023-01-21 12:00:00,1142.32
2023-01-21 13:00:00,1099.41
2023-01-21 14:00:00,1157.19
2023-01-21 15:00:00,1115.86
2023-01-21 16:00:00,1059.52
2023-01-21 17:00:00,1079.23
2023-01-21 18:00:00,1056.73
2023-01-21 19:00:00,1043.46
2023-01-21 20:00:00,1118.42
2023-01-21 21:00:00,1156.98
2023-01-21 22:00:00,1069.54
2023-01-21 23:00:00,1142.14
2023-01-22 00:00:00,1120.48
2023-01-22 01:00:00,1140.14
2023-01-22 02:00:00,1150.73
2023-01-22 03:00:00,1154.39
2023-01-22 04:00:00,1190.82
2023-01-22 05:00:00,1170.13
2023-01-22 06:00:00,1205.11
2023-01-22 07:00:00,1193.55
2023-01-22 08:00:00,1182.2
2023-01-22 09:00:00,1153.08
2023-01-22 10:00:00,1151.2
2023-01-22 11:00:00,1177.41
2023-01-22 12:00:00,1155.03
2023-01-22 13:00:00,1095.92
2023-01-22 14:00:00,1114.48
2023-01-22 15:00:00,1122.24
2023-01-22 16:00:00,1040.55
2023-01-22 17:00:00,1101.24
2023-01-22 18:00:00,1063.12
2023-01-22 19:00:00,1102.06
2023-01-22 20:00:00,1067.74
2023-01-22 21:00:00,1045.55
2023-01-22 22:00:00,1062.67
2023-01-22 23:00:00,1126.69
2023-01-23 00:00:00,1207.79
2023-01-23 01:00:00,1188.4
2023-01-23 02:00:00,1249.16
2023-01-23 03:00:00,1192.58
2023-01-23 04:00:00,1249.98
2023-01-23 05:00:00,1221.63
2023-01-23 06:00:00,1240.44
2023-01-23 07:00:00,1259.38
2023-01-23 08:00:00,1226.15
2023-01-23 09:00:00,1230.89
2023-01-23 10:00:00,1260.19
2023-01-23 11:00:00,1198.22
2023-01-23 12:00:00,1225.07
2023-01-23 13:00:00,1150.58
2023-01-23 14:00:00,1185.89
2023-01-23 15:00:00,1200.82
2023-01-23 16:00:00,1073.89
2023-01-23 17:00:00,1118.14
2023-01-23 18:00:00,1157.31
2023-01-23 19:00:00,1135.95
2023-01-23 20:00:00,1159.17
2023-01-23 21:00:00,1139.45
2023-01-23 22:00:00,1172.6
2023-01-23 23:00:00,1179.8
2023-01-24 00:00:00,1235.03
2023-01-24 01:00:00,1223.16
2023-01-24 02:00:00,1240.13
2023-01-24 03:00:00,1230.07
2023-01-24 04:00:00,1237.33
2023-01-24 05:00:00,1244.98
2023-01-24 06:00:00,1271.83
2023-01-24 07:00:00,1245.33
2023-01-24 08:00:00,1260.65
2023-01-24 09:00:00,1304.69
2023-01-24 10:00:00,1256.13
2023-01-24 11:00:00,1205.75
2023-01-24 12:00:00,1236.04
2023-01-24 13:00:00,1172.23
2023-01-24 14:00:00,1108.86
2023-01-24 15:00:00,1127.33
2023-01-24 16:00:00,1091.91
2023-01-24 17:00:00,1131.5
2023-01-24 18:00:00,1140.55
2023-01-24 19:00:00,1192.34
2023-01-24 20:00:00,1157.85
2023-01-24 21:00:00,1151.0
2023-01-24 22:00:00,1194.88
2023-01-24 23:00:00,1118.14
2023-01-25 00:00:00,1207.07
2023-01-25 01:00:00,1238.66
2023-01-25 02:00:00,1185.64
2023-01-25 03:00:00,1276.74
2023-01-25 04:00:00,1262.12
2023-01-25 05:00:00,1245.5
2023-01-25 06:00:00,1278.98
2023-01-25 07:00:00,1326.08
2023-01-25 08:00:00,1257.42
2023-01-25 09:00:00,1249.87
2023-01-25 10:00:00,1216.22
2023-01-25 11:00:00,1190.03
2023-01-25 12:00:00,1224.91
2023-01-25 13:00:00,1158.79
2023-01-25 14:00:00,1172.15
2023-01-25 15:00:00,1143.24
2023-01-25 16:00:00,1162.41
2023-01-25 17:00:00,1152.05
2023-01-25 18:00:00,1171.13
2023-01-25 19:00:00,1126.74
2023-01-25 20:00:00,1139.94
2023-01-25 21:00:00,1128.21
2023-01-25 22:00:00,1156.67
2023-01-25 23:00:00,1195.79
2023-01-26 00:00:00,1222.71
2023-01-26 01:00:00,1187.86
2023-01-26 02:00:00,1256.09
2023-01-26 03:00:00,1283.1
2023-01-26 04:00:00,1264.36
2023-01-26 05:00:00,1314.26
2023-01-26 06:00:00,1236.79
2023-01-26 07:00:00,1220.62
2023-01-26 08:00:00,1198.6
2023-01-26 09:00:00,1287.31
2023-01-26 10:00:00,1249.63
2023-01-26 11:00:00,1213.86
2023-01-26 12:00:00,1208.4
2023-01-26 13:00:00,1150.71
2023-01-26 14:00:00,1243.37
2023-01-26 15:00:00,1161.45
2023-01-26 16:00:00,1151.32
2023-01-26 17:00:00,1163.82
2023-01-26 18:00:00,1154.43
2023-01-26 19:00:00,1148.76
2023-01-26 20:00:00,1124.32
2023-01-26 21:00:00,1171.72
2023-01-26 22:00:00,1226.46
2023-01-26 23:00:00,1224.83
2023-01-27 00:00:00,1247.8
2023-01-27 01:00:00,1200.19
2023-01-27 02:00:00,1200.31
2023-01-27 03:00:00,1238.65
2023-01-27 04:00:00,1253.63
2023-01-27 05:00:00,1290.78
2023-01-27 06:00:00,1209.23
2023-01-27 07:00:00,1303.84
2023-01-27 08:00:00,1247.22
2023-01-27 09:00:00,1229.62
2023-01-27 10:00:00,1199.64
2023-01-27 11:00:00,1165.88
2023-01-27 12:00:00,1224.7
2023-01-27 13:00:00,1186.67
2023-01-27 14:00:00,1131.3
2023-01-27 15:00:00,1118.72
2023-01-27 16:00:00,1137.96
2023-01-27 17:00:00,1192.12
2023-01-27 18:00:00,1132.21
2023-01-27 19:00:00,1096.95
2023-01-27 20:00:00,1140.67
2023-01-27 21:00:00,1149.39
2023-01-27 22:00:00,1089.09
2023-01-27 23:00:00,1182.84
2023-01-28 00:00:00,1133.07
2023-01-28 01:00:00,1175.64
2023-01-28 02:00:00,1223.97
2023-01-28 03:00:00,1214.1
2023-01-28 04:00:00,1181.3
2023-01-28 05:00:00,1161.86
2023-01-28 06:00:00,1274.2
2023-01-28 07:00:00,1196.83
2023-01-28 08:00:00,1189.78
2023-01-28 09:00:00,1179.58
2023-01-28 10:00:00,1174.44
2023-01-28 11:00:00,1150.42
2023-01-28 12:00:00,1122.79
2023-01-28 13:00:00,1108.84
2023-01-28 14:00:00,1110.52
2023-01-28 15:00:00,1083.39
2023-01-28 16:00:00,1069.25
2023-01-28 17:00:00,1088.14
2023-01-28 18:00:00,1075.35
2023-01-28 19:00:00,1130.06
2023-01-28 20:00:00,1011.11
2023-01-28 21:00:00,1132.44
2023-01-28 22:00:00,1148.88
2023-01-28 23:00:00,1063.05
2023-01-29 00:00:00,1129.72
2023-01-29 01:00:00,1143.61
2023-01-29 02:00:00,1126.27
2023-01-29 03:00:00,1156.97
2023-01-29 04:00:00,1156.05
2023-01-29 05:00:00,1247.63
2023-01-29 06:00:00,1225.07
2023-01-29 07:00:00,1233.2
2023-01-29 08:00:00,1211.01
2023-01-29 09:00:00,1146.43
2023-01-29 10:00:00,1152.76
2023-01-29 11:00:00,1169.43
2023-01-29 12:00:00,1103.34
2023-01-29 13:00:00,1146.64
2023-01-29 14:00:00,1104.29
2023-01-29 15:00:00,1088.45
2023-01-29 16:00:00,1111.97
2023-01-29 17:00:00,1098.27
2023-01-29 18:00:00,1072.17
2023-01-29 19:00:00,1119.72
2023-01-29 20:00:00,1058.2
2023-01-29 21:00:00,1118.17
2023-01-29 22:00:00,1129.29
2023-01-29 23:00:00,1115.96
2023-01-30 00:00:00,1209.78
2023-01-30 01:00:00,1178.0
2023-01-30 02:00:00,1257.72
2023-01-30 03:00:00,1236.88
2023-01-30 04:00:00,1236.28
2023-01-30 05:00:00,1289.43
2023-01-30 06:00:00,1238.87
2023-01-30 07:00:00,1215.7
2023-01-30 08:00:00,1205.26
2023-01-30 09:00:00,1260.61
2023-01-30 10:00:00,1191.59
2023-01-30 11:00:00,1268.17
2023-01-30 12:00:00,1137.54
2023-01-30 13:00:00,1235.36
2023-01-30 14:00:00,1176.33
2023-01-30 15:00:00,1154.67
2023-01-30 16:00:00,1131.69
2023-01-30 17:00:00,1154.02
2023-01-30 18:00:00,1138.87
2023-01-30 19:00:00,1175.14
2023-01-30 20:00:00,1151.47
2023-01-30 21:00:00,1162.08
2023-01-30 22:00:00,1159.09
2023-01-30 23:00:00,1182.76
2023-01-31 00:00:00,1209.23
2023-01-31 01:00:00,1164.22
2023-01-31 02:00:00,1189.55
2023-01-31 03:00:00,1264.72
2023-01-31 04:00:00,1257.09
2023-01-31 05:00:00,1252.44
2023-01-31 06:00:00,1260.55
2023-01-31 07:00:00,1268.38
2023-01-31 08:00:00,1235.77
2023-01-31 09:00:00,1219.08
2023-01-31 10:00:00,1235.88
2023-01-31 11:00:00,1186.18
2023-01-31 12:00:00,1212.25
2023-01-31 13:00:00,1133.39
2023-01-31 14:00:00,1200.87
2023-01-31 15:00:00,1171.75
2023-01-31 16:00:00,1155.72
2023-01-31 17:00:00,1171.53
2023-01-31 18:00:00,1189.96
2023-01-31 19:00:00,1172.48
2023-01-31 20:00:00,1092.81
2023-01-31 21:00:00,1119.19
2023-01-31 22:00:00,1151.26
2023-01-31 23:00:00,1185.25
2023-02-01 00:00:00,1215.53
2023-02-01 01:00:00,1193.76
2023-02-01 02:00:00,1235.6
2023-02-01 03:00:00,1219.76
2023-02-01 04:00:00,1233.62
2023-02-01 05:00:00,1215.76
2023-02-01 06:00:00,1232.3
2023-02-01 07:00:00,1217.41
2023-02-01 08:00:00,1222.69
2023-02-01 09:00:00,1274.04
2023-02-01 10:00:00,1201.52
2023-02-01 11:00:00,1294.5
2023-02-01 12:00:00,1214.8
2023-02-01 13:00:00,1190.02
2023-02-01 14:00:00,1144.25
2023-02-01 15:00:00,1178.58
2023-02-01 16:00:00,1130.77
2023-02-01 17:00:00,1145.7
2023-02-01 18:00:00,1216.8
2023-02-01 19:00:00,1139.16
2023-02-01 20:00:00,1182.52
2023-02-01 21:00:00,1136.48
2023-02-01 22:00:00,1168.95
2023-02-01 23:00:00,1237.59
2023-02-02 00:00:00,1181.19
2023-02-02 01:00:00,1269.9
2023-02-02 02:00:00,1251.23
2023-02-02 03:00:00,1225.55
2023-02-02 04:00:00,1270.93
2023-02-02 05:00:00,1287.13
2023-02-02 06:00:00,1278.65
2023-02-02 07:00:00,1210.85
2023-02-02 08:00:00,1230.15
2023-02-02 09:00:00,1235.0
2023-02-02 10:00:00,1227.77
2023-02-02 11:00:00,1234.15
2023-02-02 12:00:00,1205.33
2023-02-02 13:00:00,1144.41
2023-02-02 14:00:00,1181.41
2023-02-02 15:00:00,1175.89
2023-02-02 16:00:00,1164.83
2023-02-02 17:00:00,1174.47
2023-02-02 18:00:00,1165.02
2023-02-02 19:00:00,1155.82
2023-02-02 20:00:00,1145.93
2023-02-02 21:00:00,1107.74
2023-02-02 22:00:00,1182.89
2023-02-02 23:00:00,1190.7
2023-02-03 00:00:00,1208.15
2023-02-03 01:00:00,1177.23
2023-02-03 02:00:00,1197.57
2023-02-03 03:00:00,1274.02
2023-02-03 04:00:00,1250.77
2023-02-03 05:00:00,1278.4
2023-02-03 06:00:00,1260.85
2023-02-03 07:00:00,1258.85
2023-02-03 08:00:00,1280.11
2023-02-03 09:00:00,1226.95
2023-02-03 10:00:00,1232.88
2023-02-03 11:00:00,1201.66
2023-02-03 12:00:00,1186.97
2023-02-03 13:00:00,1175.2
2023-02-03 14:00:00,1176.66
2023-02-03 15:00:00,1143.21
2023-02-03 16:00:00,1185.71
2023-02-03 17:00:00,1115.21
2023-02-03 18:00:00,1134.39
2023-02-03 19:00:00,1128.85
2023-02-03 20:00:00,1191.45
2023-02-03 21:00:00,1163.47
2023-02-03 22:00:00,1200.96
2023-02-03 23:00:00,1139.9
2023-02-04 00:00:00,1148.01
2023-02-04 01:00:00,1181.44
2023-02-04 02:00:00,1170.97
2023-02-04 03:00:00,1212.27
2023-02-04 04:00:00,1173.84
2023-02-04 05:00:00,1237.34
2023-02-04 06:00:00,1265.97
2023-02-04 07:00:00,1184.17
2023-02-04 08:00:00,1176.0
2023-02-04 09:00:00,1223.91
2023-02-04 10:00:00,1215.89
2023-02-04 11:00:00,1139.07
2023-02-04 12:00:00,1127.39
2023-02-04 13:00:00,1116.79
2023-02-04 14:00:00,1071.17
2023-02-04 15:00:00,1072.14
2023-02-04 16:00:00,1060.51
2023-02-04 17:00:00,1061.91
2023-02-04 18:00:00,1081.96
2023-02-04 19:00:00,1091.97
2023-02-04 20:00:00,1137.15
2023-02-04 21:00:00,1069.74
2023-02-04 22:00:00,1141.03
2023-02-04 23:00:00,1118.83
2023-02-05 00:00:00,1138.52
2023-02-05 01:00:00,1175.0
2023-02-05 02:00:00,1134.82
2023-02-05 03:00:00,1191.78
2023-02-05 04:00:00,1194.36
2023-02-05 05:00:00,1209.83
2023-02-05 06:00:00,1205.68
2023-02-05 07:00:00,1268.72
2023-02-05 08:00:00,1170.23
2023-02-05 09:00:00,1164.38
2023-02-05 10:00:00,1149.81
2023-02-05 11:00:00,1138.09
2023-02-05 12:00:00,1120.88
2023-02-05 13:00:00,1160.92
2023-02-05 14:00:00,1154.12
2023-02-05 15:00:00,1082.57
2023-02-05 16:00:00,1065.67
2023-02-05 17:00:00,1099.08
2023-02-05 18:00:00,1066.43
2023-02-05 19:00:00,1103.93
2023-02-05 20:00:00,1096.72
2023-02-05 21:00:00,1054.22
2023-02-05 22:00:00,1157.93
2023-02-05 23:00:00,1179.12
2023-02-06 00:00:00,1181.62
2023-02-06 01:00:00,1203.9
2023-02-06 02:00:00,1238.58
2023-02-06 03:00:00,1252.46
2023-02-06 04:00:00,1271.72
2023-02-06 05:00:00,1318.26
2023-02-06 06:00:00,1254.69
2023-02-06 07:00:00,1234.01
2023-02-06 08:00:00,1210.58
2023-02-06 09:00:00,1220.5
2023-02-06 10:00:00,1229.01
2023-02-06 11:00:00,1269.37
2023-02-06 12:00:00,1184.47
2023-02-06 13:00:00,1191.18
2023-02-06 14:00:00,1169.51
2023-02-06 15:00:00,1193.23
2023-02-06 16:00:00,1223.85
2023-02-06 17:00:00,1126.12
2023-02-06 18:00:00,1125.32
2023-02-06 19:00:00,1173.37
2023-02-06 20:00:00,1168.5
2023-02-06 21:00:00,1212.97
2023-02-06 22:00:00,1187.52
2023-02-06 23:00:00,1173.69
2023-02-07 00:00:00,1217.72
2023-02-07 01:00:00,1248.79
2023-02-07 02:00:00,1254.61
2023-02-07 03:00:00,1257.64
2023-02-07 04:00:00,1283.96
2023-02-07 05:00:00,1293.03
2023-02-07 06:00:00,1301.46
2023-02-07 07:00:00,1277.42
2023-02-07 08:00:00,1246.95
2023-02-07 09:00:00,1246.83
2023-02-07 10:00:00,1266.2
2023-02-07 11:00:00,1191.02
2023-02-07 12:00:00,1211.06
2023-02-07 13:00:00,1172.67
2023-02-07 14:00:00,1170.86
2023-02-07 15:00:00,1195.93
2023-02-07 16:00:00,1153.77
2023-02-07 17:00:00,1143.44
2023-02-07 18:00:00,1099.2
2023-02-07 19:00:00,1164.43
2023-02-07 20:00:00,1167.4
2023-02-07 21:00:00,1222.47
2023-02-07 22:00:00,1160.77
2023-02-07 23:00:00,1191.05
2023-02-08 00:00:00,1207.48
2023-02-08 01:00:00,1262.85
2023-02-08 02:00:00,1227.14
2023-02-08 03:00:00,1250.8
2023-02-08 04:00:00,1270.2
2023-02-08 05:00:00,1263.55
2023-02-08 06:00:00,1246.61
2023-02-08 07:00:00,1263.78
2023-02-08 08:00:00,1284.17
2023-02-08 09:00:00,1211.63
2023-02-08 10:00:00,1233.99
2023-02-08 11:00:00,1194.53
2023-02-08 12:00:00,1235.85
2023-02-08 13:00:00,1138.78
2023-02-08 14:00:00,1153.23
2023-02-08 15:00:00,1168.89
2023-02-08 16:00:00,1195.0
2023-02-08 17:00:00,1140.07
2023-02-08 18:00:00,1123.34
2023-02-08 19:00:00,1198.48
2023-02-08 20:00:00,1104.6
2023-02-08 21:00:00,1091.61
2023-02-08 22:00:00,1183.2
2023-02-08 23:00:00,1169.41
2023-02-09 00:00:00,1169.36
2023-02-09 01:00:00,1236.78
2023-02-09 02:00:00,1237.31
2023-02-09 03:00:00,1225.5
2023-02-09 04:00:00,1213.55
2023-02-09 05:00:00,1284.13
2023-02-09 06:00:00,1279.51
2023-02-09 07:00:00,1254.98
2023-02-09 08:00:00,1307.36
2023-02-09 09:00:00,1210.32
2023-02-09 10:00:00,1184.23
2023-02-09 11:00:00,1194.77
2023-02-09 12:00:00,1198.63
2023-02-09 13:00:00,1191.77
2023-02-09 14:00:00,1162.76
2023-02-09 15:00:00,1168.14
2023-02-09 16:00:00,1110.49
2023-02-09 17:00:00,1185.36
2023-02-09 18:00:00,1137.54
2023-02-09 19:00:00,1175.56
2023-02-09 20:00:00,1158.32
2023-02-09 21:00:00,1171.28
2023-02-09 22:00:00,1187.09
2023-02-09 23:00:00,1197.9
2023-02-10 00:00:00,1219.28
2023-02-10 01:00:00,1255.4
2023-02-10 02:00:00,1235.9
2023-02-10 03:00:00,1263.7
2023-02-10 04:00:00,1249.27
2023-02-10 05:00:00,1301.16
2023-02-10 06:00:00,1239.71
2023-02-10 07:00:00,1311.98
2023-02-10 08:00:00,1250.76
2023-02-10 09:00:00,1199.5
2023-02-10 10:00:00,1233.84
2023-02-10 11:00:00,1195.1
2023-02-10 12:00:00,1225.22
2023-02-10 13:00:00,1164.89
2023-02-10 14:00:00,1156.61
2023-02-10 15:00:00,1100.89
2023-02-10 16:00:00,1134.47
2023-02-10 17:00:00,1069.33
2023-02-10 18:00:00,1092.48
2023-02-10 19:00:00,1164.86
2023-02-10 20:00:00,1171.61
2023-02-10 21:00:00,1170.34
2023-02-10 22:00:00,1140.99
2023-02-10 23:00:00,1183.04
2023-02-11 00:00:00,1139.89
2023-02-11 01:00:00,1120.0
2023-02-11 02:00:00,1213.6
2023-02-11 03:00:00,1206.63
2023-02-11 04:00:00,1182.73
2023-02-11 05:00:00,1195.86
2023-02-11 06:00:00,1203.25
2023-02-11 07:00:00,1133.81
2023-02-11 08:00:00,1181.95
2023-02-11 09:00:00,1159.85
2023-02-11 10:00:00,1138.45
2023-02-11 11:00:00,1146.32
2023-02-11 12:00:00,1193.93
2023-02-11 13:00:00,1144.47
2023-02-11 14:00:00,1094.36
2023-02-11 15:00:00,1116.87
2023-02-11 16:00:00,1132.62
2023-02-11 17:00:00,1112.68
2023-02-11 18:00:00,1084.79
2023-02-11 19:00:00,1065.53
2023-02-11 20:00:00,1111.58
2023-02-11 21:00:00,1111.5
2023-02-11 22:00:00,1138.36
2023-02-11 23:00:00,1144.3
2023-02-12 00:00:00,1171.49
2023-02-12 01:00:00,1138.7
2023-02-12 02:00:00,1208.02
2023-02-12 03:00:00,1186.23
2023-02-12 04:00:00,1251.62
2023-02-12 05:00:00,1174.38
2023-02-12 06:00:00,1249.08
2023-02-12 07:00:00,1201.0
2023-02-12 08:00:00,1169.82
2023-02-12 09:00:00,1165.79
2023-02-12 10:00:00,1158.89
2023-02-12 11:00:00,1167.48
2023-02-12 12:00:00,1155.69
2023-02-12 13:00:00,1108.04
2023-02-12 14:00:00,1110.77
2023-02-12 15:00:00,1163.96
2023-02-12 16:00:00,1142.46
2023-02-12 17:00:00,1098.03
2023-02-12 18:00:00,1084.14
2023-02-12 19:00:00,1088.54
2023-02-12 20:00:00,1109.04
2023-02-12 21:00:00,1069.01
2023-02-12 22:00:00,1103.78
2023-02-12 23:00:00,1075.19
2023-02-13 00:00:00,1211.98
2023-02-13 01:00:00,1234.95
2023-02-13 02:00:00,1215.5
2023-02-13 03:00:00,1289.65
2023-02-13 04:00:00,1215.19
2023-02-13 05:00:00,1214.02
2023-02-13 06:00:00,1266.73
2023-02-13 07:00:00,1289.37
2023-02-13 08:00:00,1302.48
2023-02-13 09:00:00,1228.66
2023-02-13 10:00:00,1262.36
2023-02-13 11:00:00,1214.37
2023-02-13 12:00:00,1194.82
2023-02-13 13:00:00,1210.98
2023-02-13 14:00:00,1189.57
2023-02-13 15:00:00,1110.28
2023-02-13 16:00:00,1192.33
2023-02-13 17:00:00,1183.45
2023-02-13 18:00:00,1121.23
2023-02-13 19:00:00,1153.92
2023-02-13 20:00:00,1162.86
2023-02-13 21:00:00,1165.39
2023-02-13 22:00:00,1153.49
2023-02-13 23:00:00,1164.32
2023-02-14 00:00:00,1199.23
2023-02-14 01:00:00,1250.71
2023-02-14 02:00:00,1246.31
2023-02-14 03:00:00,1231.31
2023-02-14 04:00:00,1275.11
2023-02-14 05:00:00,1172.5
2023-02-14 06:00:00,1294.46
2023-02-14 07:00:00,1205.76
2023-02-14 08:00:00,1241.09
2023-02-14 09:00:00,1208.84
2023-02-14 10:00:00,1191.16
2023-02-14 11:00:00,1250.35
2023-02-14 12:00:00,1185.97
2023-02-14 13:00:00,1194.87
2023-02-14 14:00:00,1168.59
2023-02-14 15:00:00,1171.88
2023-02-14 16:00:00,1150.34
2023-02-14 17:00:00,1103.55
2023-02-14 18:00:00,1169.89
2023-02-14 19:00:00,1127.23
2023-02-14 20:00:00,1101.34
2023-02-14 21:00:00,1144.73
2023-02-14 22:00:00,1215.02
2023-02-14 23:00:00,1209.98
2023-02-15 00:00:00,1189.54
2023-02-15 01:00:00,1205.05
2023-02-15 02:00:00,1220.35
2023-02-15 03:00:00,1304.73
2023-02-15 04:00:00,1263.42
2023-02-15 05:00:00,1270.86
2023-02-15 06:00:00,1290.91
2023-02-15 07:00:00,1265.12
2023-02-15 08:00:00,1244.19
2023-02-15 09:00:00,1236.54
2023-02-15 10:00:00,1227.85
2023-02-15 11:00:00,1214.41
2023-02-15 12:00:00,1221.83
2023-02-15 13:00:00,1186.03
2023-02-15 14:00:00,1191.98
2023-02-15 15:00:00,1155.15
2023-02-15 16:00:00,1150.4
2023-02-15 17:00:00,1082.1
2023-02-15 18:00:00,1167.49
2023-02-15 19:00:00,1152.44
2023-02-15 20:00:00,1177.98
2023-02-15 21:00:00,1070.69
2023-02-15 22:00:00,1232.65
2023-02-15 23:00:00,1180.28
2023-02-16 00:00:00,1233.25
2023-02-16 01:00:00,1184.33
2023-02-16 02:00:00,1248.38
2023-02-16 03:00:00,1210.82
2023-02-16 04:00:00,1233.25
2023-02-16 05:00:00,1315.38
2023-02-16 06:00:00,1254.28
2023-02-16 07:00:00,1264.48
2023-02-16 08:00:00,1278.06
2023-02-16 09:00:00,1257.3
2023-02-16 10:00:00,1234.51
2023-02-16 11:00:00,1226.48
2023-02-16 12:00:00,1272.1
2023-02-16 13:00:00,1182.74
2023-02-16 14:00:00,1176.03
2023-02-16 15:00:00,1189.09
2023-02-16 16:00:00,1181.2
2023-02-16 17:00:00,1177.66
2023-02-16 18:00:00,1159.16
2023-02-16 19:00:00,1107.75
2023-02-16 20:00:00,1197.04
2023-02-16 21:00:00,1123.18
2023-02-16 22:00:00,1179.08
2023-02-16 23:00:00,1161.84
2023-02-17 00:00:00,1198.08
2023-02-17 01:00:00,1225.39
2023-02-17 02:00:00,1239.64
2023-02-17 03:00:00,1255.08
2023-02-17 04:00:00,1300.37
2023-02-17 05:00:00,1271.56
2023-02-17 06:00:00,1252.68
2023-02-17 07:00:00,1286.88
2023-02-17 08:00:00,1287.65
2023-02-17 09:00:00,1205.6
2023-02-17 10:00:00,1247.92
2023-02-17 11:00:00,1236.56
2023-02-17 12:00:00,1191.07
2023-02-17 13:00:00,1225.74
2023-02-17 14:00:00,1165.5
2023-02-17 15:00:00,1161.34
2023-02-17 16:00:00,1142.85
2023-02-17 17:00:00,1142.51
2023-02-17 18:00:00,1107.11
2023-02-17 19:00:00,1098.84
2023-02-17 20:00:00,1195.87
2023-02-17 21:00:00,1132.16
2023-02-17 22:00:00,1140.26
2023-02-17 23:00:00,1119.87
2023-02-18 00:00:00,1120.83
2023-02-18 01:00:00,1115.06
2023-02-18 02:00:00,1217.76
2023-02-18 03:00:00,1210.6
2023-02-18 04:00:00,1168.72
2023-02-18 05:00:00,1262.63
2023-02-18 06:00:00,1226.45
2023-02-18 07:00:00,1185.31
2023-02-18 08:00:00,1114.38
2023-02-18 09:00:00,1249.03
2023-02-18 10:00:00,1126.81
2023-02-18 11:00:00,1105.39
2023-02-18 12:00:00,1170.68
2023-02-18 13:00:00,1198.44
2023-02-18 14:00:00,1153.03
2023-02-18 15:00:00,1116.61
2023-02-18 16:00:00,1108.48
2023-02-18 17:00:00,1110.54
2023-02-18 18:00:00,1105.77
2023-02-18 19:00:00,1093.38
2023-02-18 20:00:00,1093.76
2023-02-18 21:00:00,1097.82
2023-02-18 22:00:00,1088.88
2023-02-18 23:00:00,1116.83
2023-02-19 00:00:00,1089.21
2023-02-19 01:00:00,1151.8
2023-02-19 02:00:00,1138.84
2023-02-19 03:00:00,1147.2
2023-02-19 04:00:00,1194.76
2023-02-19 05:00:00,1236.82
2023-02-19 06:00:00,1224.55
2023-02-19 07:00:00,1147.94
2023-02-19 08:00:00,1159.67
2023-02-19 09:00:00,1208.53
2023-02-19 10:00:00,1139.03
2023-02-19 11:00:00,1148.01
2023-02-19 12:00:00,1156.5
2023-02-19 13:00:00,1096.2
2023-02-19 14:00:00,1114.66
2023-02-19 15:00:00,1059.67
2023-02-19 16:00:00,1072.6
2023-02-19 17:00:00,1094.54
2023-02-19 18:00:00,1035.21
2023-02-19 19:00:00,1098.16
2023-02-19 20:00:00,1090.05
2023-02-19 21:00:00,1116.27
2023-02-19 22:00:00,1118.22
2023-02-19 23:00:00,1166.17
2023-02-20 00:00:00,1203.76
2023-02-20 01:00:00,1202.65
2023-02-20 02:00:00,1233.67
2023-02-20 03:00:00,1258.73
2023-02-20 04:00:00,1253.43
2023-02-20 05:00:00,1259.17
2023-02-20 06:00:00,1238.94
2023-02-20 07:00:00,1238.07
2023-02-20 08:00:00,1209.88
2023-02-20 09:00:00,1294.91
2023-02-20 10:00:00,1192.68
2023-02-20 11:00:00,1194.74
2023-02-20 12:00:00,1178.45
2023-02-20 13:00:00,1211.32
2023-02-20 14:00:00,1161.15
2023-02-20 15:00:00,1195.01
2023-02-20 16:00:00,1127.83
2023-02-20 17:00:00,1150.41
2023-02-20 18:00:00,1114.94
2023-02-20 19:00:00,1206.4
2023-02-20 20:00:00,1112.41
2023-02-20 21:00:00,1166.87
2023-02-20 22:00:00,1189.01
2023-02-20 23:00:00,1196.88
2023-02-21 00:00:00,1194.44
2023-02-21 01:00:00,1211.63
2023-02-21 02:00:00,1231.31
2023-02-21 03:00:00,1238.02
2023-02-21 04:00:00,1280.88
2023-02-21 05:00:00,1324.27
2023-02-21 06:00:00,1243.28
2023-02-21 07:00:00,1216.86
2023-02-21 08:00:00,1249.31
2023-02-21 09:00:00,1319.82
2023-02-21 10:00:00,1205.89
2023-02-21 11:00:00,1264.7
2023-02-21 12:00:00,1250.33
2023-02-21 13:00:00,1167.86
2023-02-21 14:00:00,1187.07
2023-02-21 15:00:00,1206.43
2023-02-21 16:00:00,1136.66
2023-02-21 17:00:00,1135.94
2023-02-21 18:00:00,1122.55
2023-02-21 19:00:00,1111.6
2023-02-21 20:00:00,1128.56
2023-02-21 21:00:00,1120.86
2023-02-21 22:00:00,1171.02
2023-02-21 23:00:00,1161.37
2023-02-22 00:00:00,1207.01
2023-02-22 01:00:00,1168.85
2023-02-22 02:00:00,1239.93
2023-02-22 03:00:00,1267.43
2023-02-22 04:00:00,1192.15
2023-02-22 05:00:00,1269.18
2023-02-22 06:00:00,1296.83
2023-02-22 07:00:00,1221.67
2023-02-22 08:00:00,1302.14
2023-02-22 09:00:00,1255.0
2023-02-22 10:00:00,1208.85
2023-02-22 11:00:00,1213.86
2023-02-22 12:00:00,1216.75
2023-02-22 13:00:00,1186.75
2023-02-22 14:00:00,1186.16
2023-02-22 15:00:00,1129.95
2023-02-22 16:00:00,1153.12
2023-02-22 17:00:00,1099.63
2023-02-22 18:00:00,1136.66
2023-02-22 19:00:00,1114.93
2023-02-22 20:00:00,1125.97
2023-02-22 21:00:00,1194.66
2023-02-22 22:00:00,1202.74
2023-02-22 23:00:00,1202.75
2023-02-23 00:00:00,1167.23
2023-02-23 01:00:00,1206.04
2023-02-23 02:00:00,1266.39
2023-02-23 03:00:00,1246.68
2023-02-23 04:00:00,1321.54
2023-02-23 05:00:00,1269.76
2023-02-23 06:00:00,1265.76
2023-02-23 07:00:00,1248.68
2023-02-23 08:00:00,1255.97
2023-02-23 09:00:00,1237.85
2023-02-23 10:00:00,1251.24
2023-02-23 11:00:00,1244.23
2023-02-23 12:00:00,1176.42
2023-02-23 13:00:00,1144.53
2023-02-23 14:00:00,1114.91
2023-02-23 15:00:00,1172.81
2023-02-23 16:00:00,1114.94
2023-02-23 17:00:00,1077.46
2023-02-23 18:00:00,1151.66
2023-02-23 19:00:00,1216.83
2023-02-23 20:00:00,1147.86
2023-02-23 21:00:00,1182.73
2023-02-23 22:00:00,1172.45
2023-02-23 23:00:00,1181.5
2023-02-24 00:00:00,1227.57
2023-02-24 01:00:00,1206.82
2023-02-24 02:00:00,1238.02
2023-02-24 03:00:00,1252.08
2023-02-24 04:00:00,1231.92
2023-02-24 05:00:00,1287.72
2023-02-24 06:00:00,1254.75
2023-02-24 07:00:00,1235.28
2023-02-24 08:00:00,1268.06
2023-02-24 09:00:00,1215.47
2023-02-24 10:00:00,1230.85
2023-02-24 11:00:00,1215.26
2023-02-24 12:00:00,1232.58
2023-02-24 13:00:00,1198.71
2023-02-24 14:00:00,1169.25
2023-02-24 15:00:00,1182.11
2023-02-24 16:00:00,1189.74
2023-02-24 17:00:00,1158.78
2023-02-24 18:00:00,1140.31
2023-02-24 19:00:00,1102.69
2023-02-24 20:00:00,1116.09
2023-02-24 21:00:00,1148.42
2023-02-24 22:00:00,1151.71
2023-02-24 23:00:00,1178.86
2023-02-25 00:00:00,1141.7
2023-02-25 01:00:00,1170.64
2023-02-25 02:00:00,1166.39
2023-02-25 03:00:00,1194.9
2023-02-25 04:00:00,1191.3
2023-02-25 05:00:00,1135.79
2023-02-25 06:00:00,1168.82
2023-02-25 07:00:00,1190.74
2023-02-25 08:00:00,1153.07
2023-02-25 09:00:00,1198.3
2023-02-25 10:00:00,1214.42
2023-02-25 11:00:00,1191.32
2023-02-25 12:00:00,1133.6
2023-02-25 13:00:00,1169.97
2023-02-25 14:00:00,1115.96
2023-02-25 15:00:00,1089.58
2023-02-25 16:00:00,1072.23
2023-02-25 17:00:00,1075.87
2023-02-25 18:00:00,1071.35
2023-02-25 19:00:00,1090.05
2023-02-25 20:00:00,1095.45
2023-02-25 21:00:00,1099.79
2023-02-25 22:00:00,1124.61
2023-02-25 23:00:00,1160.97
2023-02-26 00:00:00,1168.49
2023-02-26 01:00:00,1110.21
2023-02-26 02:00:00,1091.88
2023-02-26 03:00:00,1208.33
2023-02-26 04:00:00,1148.36
2023-02-26 05:00:00,1188.31
2023-02-26 06:00:00,1161.9
2023-02-26 07:00:00,1141.0
2023-02-26 08:00:00,1205.61
2023-02-26 09:00:00,1203.08
2023-02-26 10:00:00,1151.2
2023-02-26 11:00:00,1077.02
2023-02-26 12:00:00,1123.61
2023-02-26 13:00:00,1137.0
2023-02-26 14:00:00,1067.13
2023-02-26 15:00:00,1105.2
2023-02-26 16:00:00,1090.18
2023-02-26 17:00:00,1102.32
2023-02-26 18:00:00,1086.59
2023-02-26 19:00:00,1055.75
2023-02-26 20:00:00,1126.53
2023-02-26 21:00:00,1094.94
2023-02-26 22:00:00,1110.68
2023-02-26 23:00:00,1097.25
2023-02-27 00:00:00,1186.7
2023-02-27 01:00:00,1188.99
2023-02-27 02:00:00,1224.81
2023-02-27 03:00:00,1293.78
2023-02-27 04:00:00,1210.8
2023-02-27 05:00:00,1209.55
2023-02-27 06:00:00,1304.14
2023-02-27 07:00:00,1251.68
2023-02-27 08:00:00,1231.89
2023-02-27 09:00:00,1273.62
2023-02-27 10:00:00,1211.83
2023-02-27 11:00:00,1270.31
2023-02-27 12:00:00,1220.34
2023-02-27 13:00:00,1169.83
2023-02-27 14:00:00,1234.72
2023-02-27 15:00:00,1139.4
2023-02-27 16:00:00,1170.3
2023-02-27 17:00:00,1151.02
2023-02-27 18:00:00,1179.05
2023-02-27 19:00:00,1188.89
2023-02-27 20:00:00,1149.0
2023-02-27 21:00:00,1134.97
2023-02-27 22:00:00,1183.8
2023-02-27 23:00:00,1164.14
2023-02-28 00:00:00,1260.4
2023-02-28 01:00:00,1219.63
2023-02-28 02:00:00,1219.04
2023-02-28 03:00:00,1247.97
2023-02-28 04:00:00,1211.55
2023-02-28 05:00:00,1228.81
2023-02-28 06:00:00,1296.01
2023-02-28 07:00:00,1238.25
2023-02-28 08:00:00,1220.55
2023-02-28 09:00:00,1258.53
2023-02-28 10:00:00,1265.57
2023-02-28 11:00:00,1237.1
2023-02-28 12:00:00,1229.88
2023-02-28 13:00:00,1161.77
2023-02-28 14:00:00,1127.35
2023-02-28 15:00:00,1202.61
2023-02-28 16:00:00,1138.36
2023-02-28 17:00:00,1134.52
2023-02-28 18:00:00,1179.85
2023-02-28 19:00:00,1158.73
2023-02-28 20:00:00,1161.72
2023-02-28 21:00:00,1222.52
2023-02-28 22:00:00,1150.69
2023-02-28 23:00:00,1212.31
2023-03-01 00:00:00,1201.71
2023-03-01 01:00:00,1223.59
2023-03-01 02:00:00,1275.85
2023-03-01 03:00:00,1257.66
2023-03-01 04:00:00,1268.11
2023-03-01 05:00:00,1290.13
2023-03-01 06:00:00,1249.05
2023-03-01 07:00:00,1232.78
2023-03-01 08:00:00,1220.62
2023-03-01 09:00:00,1183.44
2023-03-01 10:00:00,1291.69
2023-03-01 11:00:00,1182.43
2023-03-01 12:00:00,1193.36
2023-03-01 13:00:00,1176.17
2023-03-01 14:00:00,1179.22
2023-03-01 15:00:00,1182.05
2023-03-01 16:00:00,1173.85
2023-03-01 17:00:00,1124.55
2023-03-01 18:00:00,1134.99
2023-03-01 19:00:00,1150.52
2023-03-01 20:00:00,1140.58
2023-03-01 21:00:00,1205.79
2023-03-01 22:00:00,1184.73
2023-03-01 23:00:00,1206.52
2023-03-02 00:00:00,1219.89
2023-03-02 01:00:00,1250.73
2023-03-02 02:00:00,1235.43
2023-03-02 03:00:00,1203.52
2023-03-02 04:00:00,1263.95
2023-03-02 05:00:00,1238.41
2023-03-02 06:00:00,1244.14
2023-03-02 07:00:00,1275.55
2023-03-02 08:00:00,1289.11
2023-03-02 09:00:00,1243.06
2023-03-02 10:00:00,1239.26
2023-03-02 11:00:00,1266.6
2023-03-02 12:00:00,1207.22
2023-03-02 13:00:00,1262.52
2023-03-02 14:00:00,1186.97
2023-03-02 15:00:00,1104.75
2023-03-02 16:00:00,1170.64
2023-03-02 17:00:00,1153.48
2023-03-02 18:00:00,1178.69
2023-03-02 19:00:00,1162.24
2023-03-02 20:00:00,1143.88
2023-03-02 21:00:00,1120.84
2023-03-02 22:00:00,1163.73
2023-03-02 23:00:00,1158.96
2023-03-03 00:00:00,1182.58
2023-03-03 01:00:00,1233.19
2023-03-03 02:00:00,1280.1
2023-03-03 03:00:00,1254.27
2023-03-03 04:00:00,1216.09
2023-03-03 05:00:00,1271.29
2023-03-03 06:00:00,1295.9
2023-03-03 07:00:00,1239.66
2023-03-03 08:00:00,1247.94
2023-03-03 09:00:00,1242.87
2023-03-03 10:00:00,1206.45
2023-03-03 11:00:00,1234.98
2023-03-03 12:00:00,1196.37
2023-03-03 13:00:00,1197.06
2023-03-03 14:00:00,1143.38
2023-03-03 15:00:00,1144.45
2023-03-03 16:00:00,1169.71
2023-03-03 17:00:00,1130.86
2023-03-03 18:00:00,1191.81
2023-03-03 19:00:00,1130.06
2023-03-03 20:00:00,1154.78
2023-03-03 21:00:00,1185.55
2023-03-03 22:00:00,1127.45
2023-03-03 23:00:00,1131.65
2023-03-04 00:00:00,1094.23
2023-03-04 01:00:00,1192.63
2023-03-04 02:00:00,1151.94
2023-03-04 03:00:00,1257.05
2023-03-04 04:00:00,1172.44
2023-03-04 05:00:00,1200.59
2023-03-04 06:00:00,1243.26
2023-03-04 07:00:00,1255.24
2023-03-04 08:00:00,1251.21
2023-03-04 09:00:00,1216.56
2023-03-04 10:00:00,1199.22
2023-03-04 11:00:00,1172.53
2023-03-04 12:00:00,1163.35
2023-03-04 13:00:00,1108.71
2023-03-04 14:00:00,1086.95
2023-03-04 15:00:00,1099.59
2023-03-04 16:00:00,1085.53
2023-03-04 17:00:00,1071.35
2023-03-04 18:00:00,1103.89
2023-03-04 19:00:00,1113.6
2023-03-04 20:00:00,1093.29
2023-03-04 21:00:00,1144.02
2023-03-04 22:00:00,1077.25
2023-03-04 23:00:00,1119.44
2023-03-05 00:00:00,1118.5
2023-03-05 01:00:00,1098.76
2023-03-05 02:00:00,1166.02
2023-03-05 03:00:00,1176.65
2023-03-05 04:00:00,1234.77
2023-03-05 05:00:00,1213.98
2023-03-05 06:00:00,1166.27
2023-03-05 07:00:00,1250.68
2023-03-05 08:00:00,1225.99
2023-03-05 09:00:00,1197.77
2023-03-05 10:00:00,1161.71
2023-03-05 11:00:00,1125.97
2023-03-05 12:00:00,1128.83
2023-03-05 13:00:00,1157.91
2023-03-05 14:00:00,1168.04
2023-03-05 15:00:00,1145.99
2023-03-05 16:00:00,1075.97
2023-03-05 17:00:00,1051.35
2023-03-05 18:00:00,1087.23
2023-03-05 19:00:00,1031.89
2023-03-05 20:00:00,1100.33
2023-03-05 21:00:00,1095.27
2023-03-05 22:00:00,1097.52
2023-03-05 23:00:00,1077.41
2023-03-06 00:00:00,1215.41
2023-03-06 01:00:00,1199.55
2023-03-06 02:00:00,1194.9
2023-03-06 03:00:00,1156.26
2023-03-06 04:00:00,1251.14
2023-03-06 05:00:00,1311.12
2023-03-06 06:00:00,1309.84
2023-03-06 07:00:00,1244.24
2023-03-06 08:00:00,1233.9
2023-03-06 09:00:00,1256.49
2023-03-06 10:00:00,1200.05
2023-03-06 11:00:00,1224.58
2023-03-06 12:00:00,1222.98
2023-03-06 13:00:00,1221.28
2023-03-06 14:00:00,1167.0
2023-03-06 15:00:00,1151.46
2023-03-06 16:00:00,1121.7
2023-03-06 17:00:00,1117.24
2023-03-06 18:00:00,1133.21
2023-03-06 19:00:00,1153.07
2023-03-06 20:00:00,1175.45
2023-03-06 21:00:00,1133.48
2023-03-06 22:00:00,1214.78
2023-03-06 23:00:00,1176.34
2023-03-07 00:00:00,1199.36
2023-03-07 01:00:00,1193.11
2023-03-07 02:00:00,1157.27
2023-03-07 03:00:00,1268.95
2023-03-07 04:00:00,1274.07
2023-03-07 05:00:00,1249.52
2023-03-07 06:00:00,1262.01
2023-03-07 07:00:00,1273.43
2023-03-07 08:00:00,1205.09
2023-03-07 09:00:00,1226.55
2023-03-07 10:00:00,1253.83
2023-03-07 11:00:00,1177.9
2023-03-07 12:00:00,1208.81
2023-03-07 13:00:00,1143.77
2023-03-07 14:00:00,1183.99
2023-03-07 15:00:00,1156.5
2023-03-07 16:00:00,1099.58
2023-03-07 17:00:00,1176.99
2023-03-07 18:00:00,1117.96
2023-03-07 19:00:00,1117.74
2023-03-07 20:00:00,1154.06
2023-03-07 21:00:00,1192.03
2023-03-07 22:00:00,1139.53
2023-03-07 23:00:00,1186.32
2023-03-08 00:00:00,1212.86
2023-03-08 01:00:00,1236.32
2023-03-08 02:00:00,1235.29
2023-03-08 03:00:00,1231.42
2023-03-08 04:00:00,1227.13
2023-03-08 05:00:00,1260.54
2023-03-08 06:00:00,1227.84
2023-03-08 07:00:00,1170.32
2023-03-08 08:00:00,1265.06
2023-03-08 09:00:00,1269.54
2023-03-08 10:00:00,1159.11
2023-03-08 11:00:00,1185.24
2023-03-08 12:00:00,1218.57
2023-03-08 13:00:00,1246.2
2023-03-08 14:00:00,1170.62
2023-03-08 15:00:00,1135.73
2023-03-08 16:00:00,1142.55
2023-03-08 17:00:00,1183.29
2023-03-08 18:00:00,1120.62
2023-03-08 19:00:00,1118.07
2023-03-08 20:00:00,1133.56
2023-03-08 21:00:00,1128.97
2023-03-08 22:00:00,1173.68
2023-03-08 23:00:00,1233.21
2023-03-09 00:00:00,1209.69
2023-03-09 01:00:00,1207.96
2023-03-09 02:00:00,1221.25
2023-03-09 03:00:00,1195.53
2023-03-09 04:00:00,1278.45
2023-03-09 05:00:00,1255.62
2023-03-09 06:00:00,1254.59
2023-03-09 07:00:00,1353.75
2023-03-09 08:00:00,1260.92
2023-03-09 09:00:00,1219.87
2023-03-09 10:00:00,1217.21
2023-03-09 11:00:00,1249.98
2023-03-09 12:00:00,1203.4
2023-03-09 13:00:00,1141.32
2023-03-09 14:00:00,1197.58
2023-03-09 15:00:00,1137.53
2023-03-09 16:00:00,1204.24
2023-03-09 17:00:00,1174.45
2023-03-09 18:00:00,1126.58
2023-03-09 19:00:00,1180.47
2023-03-09 20:00:00,1150.07
2023-03-09 21:00:00,1183.16
2023-03-09 22:00:00,1184.54
2023-03-09 23:00:00,1159.08
2023-03-10 00:00:00,1180.69
2023-03-10 01:00:00,1246.43
2023-03-10 02:00:00,1219.96
2023-03-10 03:00:00,1230.32
2023-03-10 04:00:00,1223.31
2023-03-10 05:00:00,1270.66
2023-03-10 06:00:00,1321.88
2023-03-10 07:00:00,1225.93
2023-03-10 08:00:00,1252.69
2023-03-10 09:00:00,1284.79
2023-03-10 10:00:00,1227.61
2023-03-10 11:00:00,1229.1
2023-03-10 12:00:00,1168.13
2023-03-10 13:00:00,1197.32
2023-03-10 14:00:00,1164.39
2023-03-10 15:00:00,1187.15
2023-03-10 16:00:00,1183.66
2023-03-10 17:00:00,1219.73
2023-03-10 18:00:00,1157.39
2023-03-10 19:00:00,1151.82
2023-03-10 20:00:00,1153.87
2023-03-10 21:00:00,1146.98
2023-03-10 22:00:00,1180.15
2023-03-10 23:00:00,1175.61
2023-03-11 00:00:00,1145.05
2023-03-11 01:00:00,1194.28
2023-03-11 02:00:00,1138.3
2023-03-11 03:00:00,1214.5
2023-03-11 04:00:00,1228.88
2023-03-11 05:00:00,1191.52
2023-03-11 06:00:00,1133.34
2023-03-11 07:00:00,1176.82
2023-03-11 08:00:00,1228.27
2023-03-11 09:00:00,1179.62
2023-03-11 10:00:00,1138.52
2023-03-11 11:00:00,1139.61
2023-03-11 12:00:00,1165.22
2023-03-11 13:00:00,1141.65
2023-03-11 14:00:00,1104.33
2023-03-11 15:00:00,1088.69
2023-03-11 16:00:00,1078.88
2023-03-11 17:00:00,1057.27
2023-03-11 18:00:00,1131.46
2023-03-11 19:00:00,1075.27
2023-03-11 20:00:00,1127.15
2023-03-11 21:00:00,1145.33
2023-03-11 22:00:00,1141.45
2023-03-11 23:00:00,1112.3
2023-03-12 00:00:00,1152.11
2023-03-12 01:00:00,1154.03
2023-03-12 02:00:00,1141.39
2023-03-12 03:00:00,1190.04
2023-03-12 04:00:00,1153.99
2023-03-12 05:00:00,1230.69
2023-03-12 06:00:00,1183.06
2023-03-12 07:00:00,1201.09
2023-03-12 08:00:00,1197.86
2023-03-12 09:00:00,1172.54
2023-03-12 10:00:00,1186.1
2023-03-12 11:00:00,1140.51
2023-03-12 12:00:00,1166.14
2023-03-12 13:00:00,1084.87
2023-03-12 14:00:00,1115.29
2023-03-12 15:00:00,1157.86
2023-03-12 16:00:00,1060.63
2023-03-12 17:00:00,1064.61
2023-03-12 18:00:00,1098.42
2023-03-12 19:00:00,1090.33
2023-03-12 20:00:00,1101.16
2023-03-12 21:00:00,1114.37
2023-03-12 22:00:00,1130.54
2023-03-12 23:00:00,1158.54
2023-03-13 00:00:00,1212.29
2023-03-13 01:00:00,1208.29
2023-03-13 02:00:00,1250.18
2023-03-13 03:00:00,1299.42
2023-03-13 04:00:00,1247.98
2023-03-13 05:00:00,1228.72
2023-03-13 06:00:00,1293.21
2023-03-13 07:00:00,1254.34
2023-03-13 08:00:00,1186.78
2023-03-13 09:00:00,1267.85
2023-03-13 10:00:00,1213.94
2023-03-13 11:00:00,1212.81
2023-03-13 12:00:00,1209.96
2023-03-13 13:00:00,1190.19
2023-03-13 14:00:00,1191.28
2023-03-13 15:00:00,1144.51
2023-03-13 16:00:00,1163.43
2023-03-13 17:00:00,1134.26
2023-03-13 18:00:00,1162.16
2023-03-13 19:00:00,1160.51
2023-03-13 20:00:00,1119.98
2023-03-13 21:00:00,1190.15
2023-03-13 22:00:00,1153.92
2023-03-13 23:00:00,1208.71
2023-03-14 00:00:00,1211.02
2023-03-14 01:00:00,1270.67
2023-03-14 02:00:00,1223.3
2023-03-14 03:00:00,1231.95
2023-03-14 04:00:00,1251.38
2023-03-14 05:00:00,1248.86
2023-03-14 06:00:00,1284.0
2023-03-14 07:00:00,1209.47
2023-03-14 08:00:00,1220.35
2023-03-14 09:00:00,1210.39
2023-03-14 10:00:00,1258.51
2023-03-14 11:00:00,1266.85
2023-03-14 12:00:00,1196.87
2023-03-14 13:00:00,1179.41
2023-03-14 14:00:00,1172.1
2023-03-14 15:00:00,1192.43
2023-03-14 16:00:00,1120.22
2023-03-14 17:00:00,1149.2
2023-03-14 18:00:00,1169.26
2023-03-14 19:00:00,1157.08
2023-03-14 20:00:00,1153.73
2023-03-14 21:00:00,1187.6
2023-03-14 22:00:00,1088.9
2023-03-14 23:00:00,1204.81
2023-03-15 00:00:00,1180.38
2023-03-15 01:00:00,1160.61
2023-03-15 02:00:00,1245.34
2023-03-15 03:00:00,1283.64
2023-03-15 04:00:00,1247.84
2023-03-15 05:00:00,1286.54
2023-03-15 06:00:00,1308.37
2023-03-15 07:00:00,1297.4
2023-03-15 08:00:00,1301.16
2023-03-15 09:00:00,1264.69
2023-03-15 10:00:00,1232.26
2023-03-15 11:00:00,1167.47
2023-03-15 12:00:00,1192.62
2023-03-15 13:00:00,1159.17
2023-03-15 14:00:00,1235.13
2023-03-15 15:00:00,1152.3
2023-03-15 16:00:00,1151.73
2023-03-15 17:00:00,1158.59
2023-03-15 18:00:00,1141.31
2023-03-15 19:00:00,1192.9
2023-03-15 20:00:00,1129.36
2023-03-15 21:00:00,1163.41
2023-03-15 22:00:00,1147.73
2023-03-15 23:00:00,1144.87
2023-03-16 00:00:00,1181.65
2023-03-16 01:00:00,1214.42
2023-03-16 02:00:00,1217.12
2023-03-16 03:00:00,1221.65
2023-03-16 04:00:00,1209.77
2023-03-16 05:00:00,1255.46
2023-03-16 06:00:00,1214.86
2023-03-16 07:00:00,1280.76
2023-03-16 08:00:00,1254.43
2023-03-16 09:00:00,1198.7
2023-03-16 10:00:00,1220.72
2023-03-16 11:00:00,1192.96
2023-03-16 12:00:00,1209.58
2023-03-16 13:00:00,1224.68
2023-03-16 14:00:00,1113.74
2023-03-16 15:00:00,1161.02
2023-03-16 16:00:00,1143.23
2023-03-16 17:00:00,1162.18
2023-03-16 18:00:00,1146.4
2023-03-16 19:00:00,1119.49
2023-03-16 20:00:00,1138.47
2023-03-16 21:00:00,1133.69
2023-03-16 22:00:00,1202.28
2023-03-16 23:00:00,1185.11
2023-03-17 00:00:00,1257.04
2023-03-17 01:00:00,1213.71
2023-03-17 02:00:00,1208.75
2023-03-17 03:00:00,1197.01
2023-03-17 04:00:00,1197.87
2023-03-17 05:00:00,1210.43
2023-03-17 06:00:00,1268.01
2023-03-17 07:00:00,1273.22
2023-03-17 08:00:00,1204.53
2023-03-17 09:00:00,1269.28
2023-03-17 10:00:00,1215.51
2023-03-17 11:00:00,1219.93
2023-03-17 12:00:00,1248.37
2023-03-17 13:00:00,1211.38
2023-03-17 14:00:00,1161.94
2023-03-17 15:00:00,1130.84
2023-03-17 16:00:00,1083.48
2023-03-17 17:00:00,1120.47
2023-03-17 18:00:00,1133.67
2023-03-17 19:00:00,1112.43
2023-03-17 20:00:00,1144.1
2023-03-17 21:00:00,1159.88
2023-03-17 22:00:00,1163.25
2023-03-17 23:00:00,1164.97
2023-03-18 00:00:00,1145.06
2023-03-18 01:00:00,1168.01
2023-03-18 02:00:00,1135.79
2023-03-18 03:00:00,1222.63
2023-03-18 04:00:00,1186.41
2023-03-18 05:00:00,1195.62
2023-03-18 06:00:00,1218.25
2023-03-18 07:00:00,1202.05
2023-03-18 08:00:00,1217.96
2023-03-18 09:00:00,1188.92
2023-03-18 10:00:00,1150.13
2023-03-18 11:00:00,1165.6
2023-03-18 12:00:00,1105.69
2023-03-18 13:00:00,1128.5
2023-03-18 14:00:00,1110.5
2023-03-18 15:00:00,1093.45
2023-03-18 16:00:00,1086.78
2023-03-18 17:00:00,1028.49
2023-03-18 18:00:00,1066.54
2023-03-18 19:00:00,1087.73
2023-03-18 20:00:00,1095.43
2023-03-18 21:00:00,1068.86
2023-03-18 22:00:00,1149.47
2023-03-18 23:00:00,1099.26
2023-03-19 00:00:00,1169.08
2023-03-19 01:00:00,1167.57
2023-03-19 02:00:00,1149.11
2023-03-19 03:00:00,1233.56
2023-03-19 04:00:00,1153.55
2023-03-19 05:00:00,1222.63
2023-03-19 06:00:00,1227.02
2023-03-19 07:00:00,1174.94
2023-03-19 08:00:00,1231.14
2023-03-19 09:00:00,1172.8
2023-03-19 10:00:00,1177.16
2023-03-19 11:00:00,1162.56
2023-03-19 12:00:00,1135.97
2023-03-19 13:00:00,1149.57
2023-03-19 14:00:00,1135.3
2023-03-19 15:00:00,1047.24
2023-03-19 16:00:00,1129.77
2023-03-19 17:00:00,1035.07
2023-03-19 18:00:00,1113.98
2023-03-19 19:00:00,1118.74
2023-03-19 20:00:00,1057.91
2023-03-19 21:00:00,1087.37
2023-03-19 22:00:00,1078.33
2023-03-19 23:00:00,1118.8
2023-03-20 00:00:00,1190.76
2023-03-20 01:00:00,1238.92
2023-03-20 02:00:00,1269.31
2023-03-20 03:00:00,1284.3
2023-03-20 04:00:00,1235.1
2023-03-20 05:00:00,1251.68
2023-03-20 06:00:00,1209.5
2023-03-20 07:00:00,1233.78
2023-03-20 08:00:00,1280.91
2023-03-20 09:00:00,1290.89
2023-03-20 10:00:00,1192.97
2023-03-20 11:00:00,1197.76
2023-03-20 12:00:00,1199.21
2023-03-20 13:00:00,1192.88
2023-03-20 14:00:00,1145.71
2023-03-20 15:00:00,1170.3
2023-03-20 16:00:00,1133.82
2023-03-20 17:00:00,1141.61
2023-03-20 18:00:00,1156.39
2023-03-20 19:00:00,1142.24
2023-03-20 20:00:00,1134.95
2023-03-20 21:00:00,1154.29
2023-03-20 22:00:00,1167.35
2023-03-20 23:00:00,1173.37
2023-03-21 00:00:00,1192.24
2023-03-21 01:00:00,1263.49
2023-03-21 02:00:00,1246.83
2023-03-21 03:00:00,1233.56
2023-03-21 04:00:00,1272.87
2023-03-21 05:00:00,1247.94
2023-03-21 06:00:00,1295.19
2023-03-21 07:00:00,1269.04
2023-03-21 08:00:00,1248.74
2023-03-21 09:00:00,1255.86
2023-03-21 10:00:00,1182.87
2023-03-21 11:00:00,1181.73
2023-03-21 12:00:00,1164.18
2023-03-21 13:00:00,1188.76
2023-03-21 14:00:00,1221.98
2023-03-21 15:00:00,1224.51
2023-03-21 16:00:00,1167.18
2023-03-21 17:00:00,1157.07
2023-03-21 18:00:00,1085.97
2023-03-21 19:00:00,1125.76
2023-03-21 20:00:00,1124.4
2023-03-21 21:00:00,1138.95
2023-03-21 22:00:00,1164.96
2023-03-21 23:00:00,1170.31
2023-03-22 00:00:00,1140.62
2023-03-22 01:00:00,1237.97
2023-03-22 02:00:00,1197.82
2023-03-22 03:00:00,1249.6
2023-03-22 04:00:00,1314.18
2023-03-22 05:00:00,1230.37
2023-03-22 06:00:00,1184.09
2023-03-22 07:00:00,1249.38
2023-03-22 08:00:00,1284.99
2023-03-22 09:00:00,1301.18
2023-03-22 10:00:00,1193.11
2023-03-22 11:00:00,1230.43
2023-03-22 12:00:00,1186.04
2023-03-22 13:00:00,1181.29
2023-03-22 14:00:00,1249.33
2023-03-22 15:00:00,1112.48
2023-03-22 16:00:00,1155.65
2023-03-22 17:00:00,1156.08
2023-03-22 18:00:00,1172.57
2023-03-22 19:00:00,1144.98
2023-03-22 20:00:00,1157.28
2023-03-22 21:00:00,1145.82
2023-03-22 22:00:00,1178.07
2023-03-22 23:00:00,1174.18
2023-03-23 00:00:00,1218.65
2023-03-23 01:00:00,1204.44
2023-03-23 02:00:00,1241.31
2023-03-23 03:00:00,1241.55
2023-03-23 04:00:00,1285.74
2023-03-23 05:00:00,1256.41
2023-03-23 06:00:00,1206.81
2023-03-23 07:00:00,1295.81
2023-03-23 08:00:00,1224.79
2023-03-23 09:00:00,1222.81
2023-03-23 10:00:00,1212.13
2023-03-23 11:00:00,1256.76
2023-03-23 12:00:00,1135.93
2023-03-23 13:00:00,1278.6
2023-03-23 14:00:00,1201.68
2023-03-23 15:00:00,1164.27
2023-03-23 16:00:00,1146.39
2023-03-23 17:00:00,1150.61
2023-03-23 18:00:00,1155.63
2023-03-23 19:00:00,1161.4
2023-03-23 20:00:00,1164.71
2023-03-23 21:00:00,1160.26
2023-03-23 22:00:00,1164.08
2023-03-23 23:00:00,1179.93
2023-03-24 00:00:00,1194.15
2023-03-24 01:00:00,1249.54
2023-03-24 02:00:00,1247.81
2023-03-24 03:00:00,1154.21
2023-03-24 04:00:00,1271.64
2023-03-24 05:00:00,1263.8
2023-03-24 06:00:00,1259.44
2023-03-24 07:00:00,1246.3
2023-03-24 08:00:00,1285.68
2023-03-24 09:00:00,1270.85
2023-03-24 10:00:00,1206.81
2023-03-24 11:00:00,1227.74
2023-03-24 12:00:00,1170.85
2023-03-24 13:00:00,1143.08
2023-03-24 14:00:00,1151.2
2023-03-24 15:00:00,1183.45
2023-03-24 16:00:00,1176.63
2023-03-24 17:00:00,1157.44
2023-03-24 18:00:00,1161.75
2023-03-24 19:00:00,1157.53
2023-03-24 20:00:00,1128.79
2023-03-24 21:00:00,1170.53
2023-03-24 22:00:00,1194.01
2023-03-24 23:00:00,1207.1
2023-03-25 00:00:00,1175.67
2023-03-25 01:00:00,1176.0
2023-03-25 02:00:00,1179.04
2023-03-25 03:00:00,1212.41
2023-03-25 04:00:00,1188.57
2023-03-25 05:00:00,1168.6
2023-03-25 06:00:00,1192.11
2023-03-25 07:00:00,1172.71
2023-03-25 08:00:00,1169.11
2023-03-25 09:00:00,1175.97
2023-03-25 10:00:00,1144.73
2023-03-25 11:00:00,1145.51
2023-03-25 12:00:00,1083.19
2023-03-25 13:00:00,1131.65
2023-03-25 14:00:00,1111.54
2023-03-25 15:00:00,1075.18
2023-03-25 16:00:00,1110.41
2023-03-25 17:00:00,1113.07
2023-03-25 18:00:00,1034.77
2023-03-25 19:00:00,1062.06
2023-03-25 20:00:00,1067.56
2023-03-25 21:00:00,1071.5
2023-03-25 22:00:00,1136.38
2023-03-25 23:00:00,1119.43
2023-03-26 00:00:00,1132.06
2023-03-26 01:00:00,1094.64
2023-03-26 02:00:00,1187.56
2023-03-26 03:00:00,1143.13
2023-03-26 04:00:00,1191.16
2023-03-26 05:00:00,1203.38
2023-03-26 06:00:00,1237.82
2023-03-26 07:00:00,1155.79
2023-03-26 08:00:00,1098.78
2023-03-26 09:00:00,1185.82
2023-03-26 10:00:00,1222.52
2023-03-26 11:00:00,1191.92
2023-03-26 12:00:00,1146.29
2023-03-26 13:00:00,1110.5
2023-03-26 14:00:00,1135.71
2023-03-26 15:00:00,1070.49
2023-03-26 16:00:00,1104.93
2023-03-26 17:00:00,1100.11
2023-03-26 18:00:00,1114.81
2023-03-26 19:00:00,1167.73
2023-03-26 20:00:00,1102.41
2023-03-26 21:00:00,1084.43
2023-03-26 22:00:00,1110.73
2023-03-26 23:00:00,1072.18
2023-03-27 00:00:00,1179.16
2023-03-27 01:00:00,1203.25
2023-03-27 02:00:00,1214.28
2023-03-27 03:00:00,1247.0
2023-03-27 04:00:00,1227.29
2023-03-27 05:00:00,1291.59
2023-03-27 06:00:00,1260.01
2023-03-27 07:00:00,1257.68
2023-03-27 08:00:00,1242.12
2023-03-27 09:00:00,1247.08
2023-03-27 10:00:00,1254.75
2023-03-27 11:00:00,1189.52
2023-03-27 12:00:00,1180.26
2023-03-27 13:00:00,1175.36
2023-03-27 14:00:00,1129.62
2023-03-27 15:00:00,1133.0
2023-03-27 16:00:00,1133.75
2023-03-27 17:00:00,1168.28
2023-03-27 18:00:00,1147.88
2023-03-27 19:00:00,1147.85
2023-03-27 20:00:00,1173.57
2023-03-27 21:00:00,1153.45
2023-03-27 22:00:00,1181.71
2023-03-27 23:00:00,1181.37
2023-03-28 00:00:00,1207.96
2023-03-28 01:00:00,1198.05
2023-03-28 02:00:00,1156.84
2023-03-28 03:00:00,1238.4
2023-03-28 04:00:00,1294.64
2023-03-28 05:00:00,1285.74
2023-03-28 06:00:00,1288.96
2023-03-28 07:00:00,1295.04
2023-03-28 08:00:00,1254.62
2023-03-28 09:00:00,1248.35
2023-03-28 10:00:00,1211.47
2023-03-28 11:00:00,1206.05
2023-03-28 12:00:00,1218.47
2023-03-28 13:00:00,1220.59
2023-03-28 14:00:00,1165.82
2023-03-28 15:00:00,1144.07
2023-03-28 16:00:00,1148.05
2023-03-28 17:00:00,1160.08
2023-03-28 18:00:00,1096.68
2023-03-28 19:00:00,1073.16
2023-03-28 20:00:00,1131.52
2023-03-28 21:00:00,1120.95
2023-03-28 22:00:00,1154.76
2023-03-28 23:00:00,1180.04
2023-03-29 00:00:00,1186.4
2023-03-29 01:00:00,1259.1
2023-03-29 02:00:00,1239.8
2023-03-29 03:00:00,1251.44
2023-03-29 04:00:00,1270.63
2023-03-29 05:00:00,1223.79
2023-03-29 06:00:00,1291.17
2023-03-29 07:00:00,1255.68
2023-03-29 08:00:00,1272.08
2023-03-29 09:00:00,1210.27
2023-03-29 10:00:00,1183.39
2023-03-29 11:00:00,1240.07
2023-03-29 12:00:00,1211.29
2023-03-29 13:00:00,1157.41
2023-03-29 14:00:00,1143.91
2023-03-29 15:00:00,1191.34
2023-03-29 16:00:00,1112.36
2023-03-29 17:00:00,1191.32
2023-03-29 18:00:00,1112.98
2023-03-29 19:00:00,1161.2
2023-03-29 20:00:00,1138.18
2023-03-29 21:00:00,1175.67
2023-03-29 22:00:00,1153.68
2023-03-29 23:00:00,1179.59
2023-03-30 00:00:00,1201.23
2023-03-30 01:00:00,1185.46
2023-03-30 02:00:00,1252.22
2023-03-30 03:00:00,1227.03
2023-03-30 04:00:00,1245.1
2023-03-30 05:00:00,1228.13
2023-03-30 06:00:00,1183.13
2023-03-30 07:00:00,1252.22
2023-03-30 08:00:00,1324.34
2023-03-30 09:00:00,1265.96
2023-03-30 10:00:00,1229.42
2023-03-30 11:00:00,1207.64
2023-03-30 12:00:00,1200.67
2023-03-30 13:00:00,1200.88
2023-03-30 14:00:00,1134.58
2023-03-30 15:00:00,1191.0
2023-03-30 16:00:00,1169.5
2023-03-30 17:00:00,1163.59
2023-03-30 18:00:00,1153.15
2023-03-30 19:00:00,1142.63
2023-03-30 20:00:00,1168.22
2023-03-30 21:00:00,1175.33
2023-03-30 22:00:00,1159.38
2023-03-30 23:00:00,1167.26
2023-03-31 00:00:00,1203.06
2023-03-31 01:00:00,1262.0
2023-03-31 02:00:00,1192.83
2023-03-31 03:00:00,1198.4
2023-03-31 04:00:00,1256.9
2023-03-31 05:00:00,1259.48
2023-03-31 06:00:00,1265.2
2023-03-31 07:00:00,1265.27
2023-03-31 08:00:00,1245.27
2023-03-31 09:00:00,1287.12
2023-03-31 10:00:00,1181.97
2023-03-31 11:00:00,1190.67
2023-03-31 12:00:00,1196.9
2023-03-31 13:00:00,1135.18
2023-03-31 14:00:00,1164.72
2023-03-31 15:00:00,1207.42
2023-03-31 16:00:00,1148.67
2023-03-31 17:00:00,1148.97
2023-03-31 18:00:00,1102.2
2023-03-31 19:00:00,1123.55
2023-03-31 20:00:00,1136.78
2023-03-31 21:00:00,1148.04
2023-03-31 22:00:00,1208.45
2023-03-31 23:00:00,1201.2
2023-04-01 00:00:00,1106.66
2023-04-01 01:00:00,1162.15
2023-04-01 02:00:00,1183.45
2023-04-01 03:00:00,1214.51
2023-04-01 04:00:00,1236.78
2023-04-01 05:00:00,1164.6
2023-04-01 06:00:00,1172.67
2023-04-01 07:00:00,1157.33
2023-04-01 08:00:00,1182.34
2023-04-01 09:00:00,1194.3
2023-04-01 10:00:00,1198.12
2023-04-01 11:00:00,1152.47
2023-04-01 12:00:00,1130.4
2023-04-01 13:00:00,1129.8
2023-04-01 14:00:00,1086.45
2023-04-01 15:00:00,1162.38
2023-04-01 16:00:00,1042.41
2023-04-01 17:00:00,1090.48
2023-04-01 18:00:00,1143.71
2023-04-01 19:00:00,1085.15
2023-04-01 20:00:00,1084.94
2023-04-01 21:00:00,1088.97
2023-04-01 22:00:00,1106.09
2023-04-01 23:00:00,1166.43
2023-04-02 00:00:00,1073.64
2023-04-02 01:00:00,1200.76
2023-04-02 02:00:00,1125.78
2023-04-02 03:00:00,1172.31
2023-04-02 04:00:00,1176.49
2023-04-02 05:00:00,1212.71
2023-04-02 06:00:00,1149.06
2023-04-02 07:00:00,1208.92
2023-04-02 08:00:00,1250.09
2023-04-02 09:00:00,1139.41
2023-04-02 10:00:00,1174.19
2023-04-02 11:00:00,1134.89
2023-04-02 12:00:00,1152.78
2023-04-02 13:00:00,1125.82
2023-04-02 14:00:00,1092.26
2023-04-02 15:00:00,1114.33
2023-04-02 16:00:00,1144.77
2023-04-02 17:00:00,1079.22
2023-04-02 18:00:00,1104.59
2023-04-02 19:00:00,1046.14
2023-04-02 20:00:00,1061.94
2023-04-02 21:00:00,1113.87
2023-04-02 22:00:00,1156.02
2023-04-02 23:00:00,1135.92
2023-04-03 00:00:00,1190.61
2023-04-03 01:00:00,1215.51
2023-04-03 02:00:00,1192.49
2023-04-03 03:00:00,1260.56
2023-04-03 04:00:00,1278.43
2023-04-03 05:00:00,1244.39
2023-04-03 06:00:00,1245.9
2023-04-03 07:00:00,1265.93
2023-04-03 08:00:00,1238.86
2023-04-03 09:00:00,1240.44
2023-04-03 10:00:00,1292.99
2023-04-03 11:00:00,1208.12
2023-04-03 12:00:00,1189.25
2023-04-03 13:00:00,1165.04
2023-04-03 14:00:00,1192.33
2023-04-03 15:00:00,1152.14
2023-04-03 16:00:00,1128.56
2023-04-03 17:00:00,1181.68
2023-04-03 18:00:00,1182.59
2023-04-03 19:00:00,1124.03
2023-04-03 20:00:00,1092.04
2023-04-03 21:00:00,1187.8
2023-04-03 22:00:00,1149.46
2023-04-03 23:00:00,1208.19
2023-04-04 00:00:00,1140.9
2023-04-04 01:00:00,1242.31
2023-04-04 02:00:00,1193.66
2023-04-04 03:00:00,1264.35
2023-04-04 04:00:00,1252.39
2023-04-04 05:00:00,1229.34
2023-04-04 06:00:00,1247.79
2023-04-04 07:00:00,1278.55
2023-04-04 08:00:00,1255.14
2023-04-04 09:00:00,1259.96
2023-04-04 10:00:00,1289.29
2023-04-04 11:00:00,1168.6
2023-04-04 12:00:00,1248.52
2023-04-04 13:00:00,1187.6
2023-04-04 14:00:00,1143.04
2023-04-04 15:00:00,1117.66
2023-04-04 16:00:00,1142.36
2023-04-04 17:00:00,1169.69
2023-04-04 18:00:00,1136.17
2023-04-04 19:00:00,1187.38
2023-04-04 20:00:00,1104.5
2023-04-04 21:00:00,1157.21
2023-04-04 22:00:00,1132.43
2023-04-04 23:00:00,1195.38
2023-04-05 00:00:00,1226.61
2023-04-05 01:00:00,1202.91
2023-04-05 02:00:00,1151.87
2023-04-05 03:00:00,1248.39
2023-04-05 04:00:00,1265.06
2023-04-05 05:00:00,1270.08
2023-04-05 06:00:00,1297.07
2023-04-05 07:00:00,1225.82
2023-04-05 08:00:00,1272.37
2023-04-05 09:00:00,1278.2
2023-04-05 10:00:00,1176.64
2023-04-05 11:00:00,1225.12
2023-04-05 12:00:00,1184.87
2023-04-05 13:00:00,1182.03
2023-04-05 14:00:00,1180.43
2023-04-05 15:00:00,1142.96
2023-04-05 16:00:00,1127.77
2023-04-05 17:00:00,1143.07
2023-04-05 18:00:00,1107.38
2023-04-05 19:00:00,1109.47
2023-04-05 20:00:00,1168.42
2023-04-05 21:00:00,1123.11
2023-04-05 22:00:00,1189.99
2023-04-05 23:00:00,1198.35
2023-04-06 00:00:00,1148.23
2023-04-06 01:00:00,1195.2
2023-04-06 02:00:00,1265.82
2023-04-06 03:00:00,1212.99
2023-04-06 04:00:00,1238.03
2023-04-06 05:00:00,1271.82
2023-04-06 06:00:00,1283.5
2023-04-06 07:00:00,1250.41
2023-04-06 08:00:00,1234.04
2023-04-06 09:00:00,1285.1
2023-04-06 10:00:00,1282.17
2023-04-06 11:00:00,1244.89
2023-04-06 12:00:00,1202.56
2023-04-06 13:00:00,1160.22
2023-04-06 14:00:00,1145.09
2023-04-06 15:00:00,1173.25
2023-04-06 16:00:00,1160.59
2023-04-06 17:00:00,1184.09
2023-04-06 18:00:00,1159.51
2023-04-06 19:00:00,1096.95
2023-04-06 20:00:00,1179.6
2023-04-06 21:00:00,1127.63
2023-04-06 22:00:00,1158.48
2023-04-06 23:00:00,1191.98
2023-04-07 00:00:00,1259.87
2023-04-07 01:00:00,1308.83
2023-04-07 02:00:00,1248.2
2023-04-07 03:00:00,1236.93
2023-04-07 04:00:00,1268.0
2023-04-07 05:00:00,1284.59
2023-04-07 06:00:00,1250.38
2023-04-07 07:00:00,1311.81
2023-04-07 08:00:00,1258.86
2023-04-07 09:00:00,1257.36
2023-04-07 10:00:00,1249.98
2023-04-07 11:00:00,1228.18
2023-04-07 12:00:00,1225.17
2023-04-07 13:00:00,1165.95
2023-04-07 14:00:00,1153.25
2023-04-07 15:00:00,1124.57
2023-04-07 16:00:00,1161.22
2023-04-07 17:00:00,1165.41
2023-04-07 18:00:00,1153.73
2023-04-07 19:00:00,1192.28
2023-04-07 20:00:00,1147.87
2023-04-07 21:00:00,1177.64
2023-04-07 22:00:00,1137.25
2023-04-07 23:00:00,1172.86
2023-04-08 00:00:00,1160.87
2023-04-08 01:00:00,1180.23
2023-04-08 02:00:00,1159.68
2023-04-08 03:00:00,1178.16
2023-04-08 04:00:00,1143.83
2023-04-08 05:00:00,1184.35
2023-04-08 06:00:00,1223.71
2023-04-08 07:00:00,1212.31
2023-04-08 08:00:00,1204.38
2023-04-08 09:00:00,1181.8
2023-04-08 10:00:00,1168.71
2023-04-08 11:00:00,1134.94
2023-04-08 12:00:00,1160.96
2023-04-08 13:00:00,1137.88
2023-04-08 14:00:00,1126.26
2023-04-08 15:00:00,1083.91
2023-04-08 16:00:00,1026.04
2023-04-08 17:00:00,1117.86
2023-04-08 18:00:00,1068.63
2023-04-08 19:00:00,1059.06
2023-04-08 20:00:00,1111.44
2023-04-08 21:00:00,1087.93
2023-04-08 22:00:00,1143.3
2023-04-08 23:00:00,1143.76
2023-04-09 00:00:00,1160.51
2023-04-09 01:00:00,1113.77
2023-04-09 02:00:00,1204.86
2023-04-09 03:00:00,1188.14
2023-04-09 04:00:00,1178.29
2023-04-09 05:00:00,1199.36
2023-04-09 06:00:00,1143.71
2023-04-09 07:00:00,1207.32
2023-04-09 08:00:00,1158.48
2023-04-09 09:00:00,1139.72
2023-04-09 10:00:00,1122.83
2023-04-09 11:00:00,1188.13
2023-04-09 12:00:00,1121.12
2023-04-09 13:00:00,1171.26
2023-04-09 14:00:00,1095.43
2023-04-09 15:00:00,1048.47
2023-04-09 16:00:00,1057.14
2023-04-09 17:00:00,1122.02
2023-04-09 18:00:00,1078.32
2023-04-09 19:00:00,1068.49
2023-04-09 20:00:00,1095.44
2023-04-09 21:00:00,1114.75
2023-04-09 22:00:00,1145.02
2023-04-09 23:00:00,1168.7
2023-04-10 00:00:00,1189.21
2023-04-10 01:00:00,1175.75
2023-04-10 02:00:00,1217.6
2023-04-10 03:00:00,1250.23
2023-04-10 04:00:00,1223.05
2023-04-10 05:00:00,1229.24
2023-04-10 06:00:00,1270.31
2023-04-10 07:00:00,1256.5
2023-04-10 08:00:00,1252.95
2023-04-10 09:00:00,1219.67
2023-04-10 10:00:00,1223.09
2023-04-10 11:00:00,1187.8
2023-04-10 12:00:00,1226.71
2023-04-10 13:00:00,1215.53
2023-04-10 14:00:00,1114.61
2023-04-10 15:00:00,1129.69
2023-04-10 16:00:00,1103.14
2023-04-10 17:00:00,1122.54
2023-04-10 18:00:00,1137.5
2023-04-10 19:00:00,1098.56
2023-04-10 20:00:00,1120.38
2023-04-10 21:00:00,1127.45
2023-04-10 22:00:00,1176.22
2023-04-10 23:00:00,1186.55
2023-04-11 00:00:00,1178.35
2023-04-11 01:00:00,1220.83
2023-04-11 02:00:00,1213.6
2023-04-11 03:00:00,1234.28
2023-04-11 04:00:00,1302.17
2023-04-11 05:00:00,1298.17
2023-04-11 06:00:00,1221.01
2023-04-11 07:00:00,1282.85
2023-04-11 08:00:00,1276.3
2023-04-11 09:00:00,1207.98
2023-04-11 10:00:00,1254.56
2023-04-11 11:00:00,1261.67
2023-04-11 12:00:00,1166.32
2023-04-11 13:00:00,1156.95
2023-04-11 14:00:00,1200.53
2023-04-11 15:00:00,1165.72
2023-04-11 16:00:00,1164.58
2023-04-11 17:00:00,1152.26
2023-04-11 18:00:00,1151.72
2023-04-11 19:00:00,1102.25
2023-04-11 20:00:00,1179.46
2023-04-11 21:00:00,1192.66
2023-04-11 22:00:00,1163.12
2023-04-11 23:00:00,1183.17
2023-04-12 00:00:00,1154.07
2023-04-12 01:00:00,1230.96
2023-04-12 02:00:00,1247.16
2023-04-12 03:00:00,1240.56
2023-04-12 04:00:00,1285.69
2023-04-12 05:00:00,1247.93
2023-04-12 06:00:00,1276.94
2023-04-12 07:00:00,1227.37
2023-04-12 08:00:00,1251.25
2023-04-12 09:00:00,1237.2
2023-04-12 10:00:00,1236.76
2023-04-12 11:00:00,1204.44
2023-04-12 12:00:00,1196.06
2023-04-12 13:00:00,1209.25
2023-04-12 14:00:00,1156.9
2023-04-12 15:00:00,1109.38
2023-04-12 16:00:00,1200.53
2023-04-12 17:00:00,1183.49
2023-04-12 18:00:00,1101.23
2023-04-12 19:00:00,1162.74
2023-04-12 20:00:00,1132.95
2023-04-12 21:00:00,1165.48
2023-04-12 22:00:00,1178.83
2023-04-12 23:00:00,1177.44
2023-04-13 00:00:00,1176.49
2023-04-13 01:00:00,1194.81
2023-04-13 02:00:00,1202.51
2023-04-13 03:00:00,1217.47
2023-04-13 04:00:00,1249.95
2023-04-13 05:00:00,1236.48
2023-04-13 06:00:00,1280.46
2023-04-13 07:00:00,1302.57
2023-04-13 08:00:00,1234.56
2023-04-13 09:00:00,1249.61
2023-04-13 10:00:00,1244.99
2023-04-13 11:00:00,1229.69
2023-04-13 12:00:00,1202.28
2023-04-13 13:00:00,1206.75
2023-04-13 14:00:00,1184.47
2023-04-13 15:00:00,1120.44
2023-04-13 16:00:00,1174.11
2023-04-13 17:00:00,1168.66
2023-04-13 18:00:00,1117.1
2023-04-13 19:00:00,1143.18
2023-04-13 20:00:00,1168.54
2023-04-13 21:00:00,1151.29
2023-04-13 22:00:00,1202.19
2023-04-13 23:00:00,1255.39
2023-04-14 00:00:00,1176.42
2023-04-14 01:00:00,1174.1
2023-04-14 02:00:00,1239.11
2023-04-14 03:00:00,1264.07
2023-04-14 04:00:00,1245.04
2023-04-14 05:00:00,1301.55
2023-04-14 06:00:00,1219.84
2023-04-14 07:00:00,1278.74
2023-04-14 08:00:00,1233.79
2023-04-14 09:00:00,1294.01
2023-04-14 10:00:00,1289.78
2023-04-14 11:00:00,1192.53
2023-04-14 12:00:00,1183.51
2023-04-14 13:00:00,1210.26
2023-04-14 14:00:00,1158.39
2023-04-14 15:00:00,1156.21
2023-04-14 16:00:00,1148.8
2023-04-14 17:00:00,1084.45
2023-04-14 18:00:00,1139.58
2023-04-14 19:00:00,1121.35
2023-04-14 20:00:00,1133.24
2023-04-14 21:00:00,1200.88
2023-04-14 22:00:00,1132.3
2023-04-14 23:00:00,1208.87
2023-04-15 00:00:00,1131.63
2023-04-15 01:00:00,1146.36
2023-04-15 02:00:00,1192.21
2023-04-15 03:00:00,1190.51
2023-04-15 04:00:00,1206.48
2023-04-15 05:00:00,1224.1
2023-04-15 06:00:00,1187.06
2023-04-15 07:00:00,1176.69
2023-04-15 08:00:00,1156.81
2023-04-15 09:00:00,1155.54
2023-04-15 10:00:00,1256.97
2023-04-15 11:00:00,1192.09
2023-04-15 12:00:00,1099.47
2023-04-15 13:00:00,1085.57
2023-04-15 14:00:00,1125.96
2023-04-15 15:00:00,1116.11
2023-04-15 16:00:00,1107.1
2023-04-15 17:00:00,1077.29
2023-04-15 18:00:00,1079.24
2023-04-15 19:00:00,1094.78
2023-04-15 20:00:00,1093.21
2023-04-15 21:00:00,1033.12
2023-04-15 22:00:00,1104.61
2023-04-15 23:00:00,1099.71
2023-04-16 00:00:00,1145.26
2023-04-16 01:00:00,1244.31
2023-04-16 02:00:00,1179.52
2023-04-16 03:00:00,1170.9
2023-04-16 04:00:00,1217.02
2023-04-16 05:00:00,1209.54
2023-04-16 06:00:00,1209.6
2023-04-16 07:00:00,1213.26
2023-04-16 08:00:00,1251.06
2023-04-16 09:00:00,1146.38
2023-04-16 10:00:00,1182.71
2023-04-16 11:00:00,1126.96
2023-04-16 12:00:00,1156.67
2023-04-16 13:00:00,1097.69
2023-04-16 14:00:00,1098.98
2023-04-16 15:00:00,1090.84
2023-04-16 16:00:00,1119.91
2023-04-16 17:00:00,1112.5
2023-04-16 18:00:00,1045.63
2023-04-16 19:00:00,1086.59
2023-04-16 20:00:00,1069.35
2023-04-16 21:00:00,1061.94
2023-04-16 22:00:00,1104.99
2023-04-16 23:00:00,1115.99
2023-04-17 00:00:00,1272.8
2023-04-17 01:00:00,1228.52
2023-04-17 02:00:00,1188.67
2023-04-17 03:00:00,1225.48
2023-04-17 04:00:00,1282.6
2023-04-17 05:00:00,1320.61
2023-04-17 06:00:00,1212.42
2023-04-17 07:00:00,1201.56
2023-04-17 08:00:00,1308.09
2023-04-17 09:00:00,1254.11
2023-04-17 10:00:00,1203.95
2023-04-17 11:00:00,1231.57
2023-04-17 12:00:00,1120.93
2023-04-17 13:00:00,1184.57
2023-04-17 14:00:00,1179.83
2023-04-17 15:00:00,1185.3
2023-04-17 16:00:00,1117.62
2023-04-17 17:00:00,1144.62
2023-04-17 18:00:00,1112.24
2023-04-17 19:00:00,1149.71
2023-04-17 20:00:00,1121.18
2023-04-17 21:00:00,1145.33
2023-04-17 22:00:00,1140.13
2023-04-17 23:00:00,1204.0
2023-04-18 00:00:00,1225.75
2023-04-18 01:00:00,1208.49
2023-04-18 02:00:00,1231.15
2023-04-18 03:00:00,1198.97
2023-04-18 04:00:00,1242.97
2023-04-18 05:00:00,1256.45
2023-04-18 06:00:00,1338.62
2023-04-18 07:00:00,1224.6
2023-04-18 08:00:00,1295.89
2023-04-18 09:00:00,1272.33
2023-04-18 10:00:00,1238.42
2023-04-18 11:00:00,1268.29
2023-04-18 12:00:00,1211.16
2023-04-18 13:00:00,1196.15
2023-04-18 14:00:00,1168.41
2023-04-18 15:00:00,1194.28
2023-04-18 16:00:00,1180.93
2023-04-18 17:00:00,1123.27
2023-04-18 18:00:00,1100.42
2023-04-18 19:00:00,1135.96
2023-04-18 20:00:00,1124.04
2023-04-18 21:00:00,1155.67
2023-04-18 22:00:00,1207.12
2023-04-18 23:00:00,1170.75
2023-04-19 00:00:00,1198.72
2023-04-19 01:00:00,1217.27
2023-04-19 02:00:00,1255.45
2023-04-19 03:00:00,1175.02
2023-04-19 04:00:00,1233.76
2023-04-19 05:00:00,1264.29
2023-04-19 06:00:00,1296.0
2023-04-19 07:00:00,1243.2
2023-04-19 08:00:00,1195.66
2023-04-19 09:00:00,1261.02
2023-04-19 10:00:00,1210.94
2023-04-19 11:00:00,1179.84
2023-04-19 12:00:00,1181.27
2023-04-19 13:00:00,1178.94
2023-04-19 14:00:00,1151.86
2023-04-19 15:00:00,1091.41
2023-04-19 16:00:00,1174.95
2023-04-19 17:00:00,1180.29
2023-04-19 18:00:00,1159.55
2023-04-19 19:00:00,1107.91
2023-04-19 20:00:00,1141.99
2023-04-19 21:00:00,1157.38
2023-04-19 22:00:00,1187.96
2023-04-19 23:00:00,1204.52
2023-04-20 00:00:00,1177.97
2023-04-20 01:00:00,1217.99
2023-04-20 02:00:00,1243.72
2023-04-20 03:00:00,1286.1
2023-04-20 04:00:00,1273.1
2023-04-20 05:00:00,1281.63
2023-04-20 06:00:00,1262.51
2023-04-20 07:00:00,1300.27
2023-04-20 08:00:00,1264.25
2023-04-20 09:00:00,1216.59
2023-04-20 10:00:00,1272.1
2023-04-20 11:00:00,1236.47
2023-04-20 12:00:00,1186.71
2023-04-20 13:00:00,1170.09
2023-04-20 14:00:00,1178.9
2023-04-20 15:00:00,1171.47
2023-04-20 16:00:00,1153.96
2023-04-20 17:00:00,1151.38
2023-04-20 18:00:00,1191.0
2023-04-20 19:00:00,1174.19
2023-04-20 20:00:00,1153.76
2023-04-20 21:00:00,1185.81
2023-04-20 22:00:00,1139.02
2023-04-20 23:00:00,1196.41
2023-04-21 00:00:00,1254.28
2023-04-21 01:00:00,1208.99
2023-04-21 02:00:00,1204.57
2023-04-21 03:00:00,1222.86
2023-04-21 04:00:00,1219.27
2023-04-21 05:00:00,1234.41
2023-04-21 06:00:00,1248.88
2023-04-21 07:00:00,1215.79
2023-04-21 08:00:00,1252.43
2023-04-21 09:00:00,1269.49
2023-04-21 10:00:00,1202.77
2023-04-21 11:00:00,1261.11
2023-04-21 12:00:00,1215.32
2023-04-21 13:00:00,1215.39
2023-04-21 14:00:00,1150.26
2023-04-21 15:00:00,1183.21
2023-04-21 16:00:00,1115.28
2023-04-21 17:00:00,1168.75
2023-04-21 18:00:00,1145.16
2023-04-21 19:00:00,1158.64
2023-04-21 20:00:00,1112.77
2023-04-21 21:00:00,1130.72
2023-04-21 22:00:00,1187.92
2023-04-21 23:00:00,1156.02
2023-04-22 00:00:00,1153.9
2023-04-22 01:00:00,1113.74
2023-04-22 02:00:00,1193.95
2023-04-22 03:00:00,1143.33
2023-04-22 04:00:00,1205.93
2023-04-22 05:00:00,1213.83
2023-04-22 06:00:00,1176.1
2023-04-22 07:00:00,1212.52
2023-04-22 08:00:00,1197.18
2023-04-22 09:00:00,1164.14
2023-04-22 10:00:00,1138.24
2023-04-22 11:00:00,1095.87
2023-04-22 12:00:00,1150.49
2023-04-22 13:00:00,1078.3
2023-04-22 14:00:00,1114.36
2023-04-22 15:00:00,1091.79
2023-04-22 16:00:00,1111.01
2023-04-22 17:00:00,1075.88
2023-04-22 18:00:00,1073.12
2023-04-22 19:00:00,1106.9
2023-04-22 20:00:00,1100.69
2023-04-22 21:00:00,1109.18
2023-04-22 22:00:00,1125.58
2023-04-22 23:00:00,1079.18
2023-04-23 00:00:00,1162.7
2023-04-23 01:00:00,1173.13
2023-04-23 02:00:00,1138.0
2023-04-23 03:00:00,1172.98
2023-04-23 04:00:00,1188.18
2023-04-23 05:00:00,1191.02
2023-04-23 06:00:00,1207.02
2023-04-23 07:00:00,1238.0
2023-04-23 08:00:00,1221.82
2023-04-23 09:00:00,1140.94
2023-04-23 10:00:00,1187.16
2023-04-23 11:00:00,1194.62
2023-04-23 12:00:00,1151.6
2023-04-23 13:00:00,1157.98
2023-04-23 14:00:00,1171.87
2023-04-23 15:00:00,1130.41
2023-04-23 16:00:00,1098.12
2023-04-23 17:00:00,1116.29
2023-04-23 18:00:00,1087.35
2023-04-23 19:00:00,1085.66
2023-04-23 20:00:00,1080.09
2023-04-23 21:00:00,1146.6
2023-04-23 22:00:00,1086.95
2023-04-23 23:00:00,1171.22
2023-04-24 00:00:00,1215.0
2023-04-24 01:00:00,1173.55
2023-04-24 02:00:00,1241.03
2023-04-24 03:00:00,1179.43
2023-04-24 04:00:00,1270.73
2023-04-24 05:00:00,1284.51
2023-04-24 06:00:00,1242.23
2023-04-24 07:00:00,1261.66
2023-04-24 08:00:00,1310.59
2023-04-24 09:00:00,1227.25
2023-04-24 10:00:00,1198.23
2023-04-24 11:00:00,1259.98
2023-04-24 12:00:00,1258.88
2023-04-24 13:00:00,1184.58
2023-04-24 14:00:00,1200.34
2023-04-24 15:00:00,1197.82
2023-04-24 16:00:00,1125.76
2023-04-24 17:00:00,1127.49
2023-04-24 18:00:00,1176.93
2023-04-24 19:00:00,1192.59
2023-04-24 20:00:00,1164.92
2023-04-24 21:00:00,1131.18
2023-04-24 22:00:00,1229.61
2023-04-24 23:00:00,1168.54
2023-04-25 00:00:00,1189.95
2023-04-25 01:00:00,1225.8
2023-04-25 02:00:00,1276.62
2023-04-25 03:00:00,1268.05
2023-04-25 04:00:00,1264.41
2023-04-25 05:00:00,1271.85
2023-04-25 06:00:00,1261.31
2023-04-25 07:00:00,1274.7
2023-04-25 08:00:00,1176.07
2023-04-25 09:00:00,1233.53
2023-04-25 10:00:00,1237.24
2023-04-25 11:00:00,1181.0
2023-04-25 12:00:00,1211.59
2023-04-25 13:00:00,1178.34
2023-04-25 14:00:00,1222.66
2023-04-25 15:00:00,1204.76
2023-04-25 16:00:00,1134.06
2023-04-25 17:00:00,1137.52
2023-04-25 18:00:00,1137.78
2023-04-25 19:00:00,1128.49
2023-04-25 20:00:00,1153.89
2023-04-25 21:00:00,1134.83
2023-04-25 22:00:00,1136.08
2023-04-25 23:00:00,1203.15
2023-04-26 00:00:00,1218.89
2023-04-26 01:00:00,1191.4
2023-04-26 02:00:00,1256.86
2023-04-26 03:00:00,1223.48
2023-04-26 04:00:00,1259.56
2023-04-26 05:00:00,1282.57
2023-04-26 06:00:00,1258.99
2023-04-26 07:00:00,1271.6
2023-04-26 08:00:00,1236.47
2023-04-26 09:00:00,1236.53
2023-04-26 10:00:00,1223.82
2023-04-26 11:00:00,1193.13
2023-04-26 12:00:00,1194.7
2023-04-26 13:00:00,1138.01
2023-04-26 14:00:00,1155.27
2023-04-26 15:00:00,1149.03
2023-04-26 16:00:00,1140.35
2023-04-26 17:00:00,1134.8
2023-04-26 18:00:00,1138.15
2023-04-26 19:00:00,1156.43
2023-04-26 20:00:00,1174.27
2023-04-26 21:00:00,1138.08
2023-04-26 22:00:00,1133.9
2023-04-26 23:00:00,1153.21
2023-04-27 00:00:00,1185.38
2023-04-27 01:00:00,1204.97
2023-04-27 02:00:00,1206.9
2023-04-27 03:00:00,1203.54
2023-04-27 04:00:00,1238.28
2023-04-27 05:00:00,1263.4
2023-04-27 06:00:00,1277.85
2023-04-27 07:00:00,1241.23
2023-04-27 08:00:00,1239.57
2023-04-27 09:00:00,1214.63
2023-04-27 10:00:00,1229.06
2023-04-27 11:00:00,1190.08
2023-04-27 12:00:00,1217.19
2023-04-27 13:00:00,1130.89
2023-04-27 14:00:00,1159.21
2023-04-27 15:00:00,1166.61
2023-04-27 16:00:00,1153.55
2023-04-27 17:00:00,1222.84
2023-04-27 18:00:00,1150.49
2023-04-27 19:00:00,1111.92
2023-04-27 20:00:00,1145.17
2023-04-27 21:00:00,1104.29
2023-04-27 22:00:00,1167.58
2023-04-27 23:00:00,1159.48
2023-04-28 00:00:00,1227.46
2023-04-28 01:00:00,1199.04
2023-04-28 02:00:00,1226.5
2023-04-28 03:00:00,1223.36
2023-04-28 04:00:00,1304.13
2023-04-28 05:00:00,1248.32
2023-04-28 06:00:00,1314.98
2023-04-28 07:00:00,1282.38
2023-04-28 08:00:00,1266.42
2023-04-28 09:00:00,1253.49
2023-04-28 10:00:00,1241.81
2023-04-28 11:00:00,1157.7
2023-04-28 12:00:00,1191.63
2023-04-28 13:00:00,1209.83
2023-04-28 14:00:00,1168.53
2023-04-28 15:00:00,1115.42
2023-04-28 16:00:00,1146.47
2023-04-28 17:00:00,1193.17
2023-04-28 18:00:00,1177.41
2023-04-28 19:00:00,1140.18
2023-04-28 20:00:00,1176.58
2023-04-28 21:00:00,1146.58
2023-04-28 22:00:00,1118.88
2023-04-28 23:00:00,1156.74
2023-04-29 00:00:00,1186.89
2023-04-29 01:00:00,1146.53
2023-04-29 02:00:00,1161.2
2023-04-29 03:00:00,1171.31
2023-04-29 04:00:00,1246.49
2023-04-29 05:00:00,1243.84
2023-04-29 06:00:00,1263.56
2023-04-29 07:00:00,1190.29
2023-04-29 08:00:00,1198.23
2023-04-29 09:00:00,1134.81
2023-04-29 10:00:00,1212.81
2023-04-29 11:00:00,1119.72
2023-04-29 12:00:00,1146.5
2023-04-29 13:00:00,1092.33
2023-04-29 14:00:00,1093.83
2023-04-29 15:00:00,1074.58
2023-04-29 16:00:00,1072.4
2023-04-29 17:00:00,1068.77
2023-04-29 18:00:00,1066.55
2023-04-29 19:00:00,1109.94
2023-04-29 20:00:00,1057.49
2023-04-29 21:00:00,1106.31
2023-04-29 22:00:00,1148.04
2023-04-29 23:00:00,1109.85
2023-04-30 00:00:00,1118.46
2023-04-30 01:00:00,1147.84
2023-04-30 02:00:00,1203.89
2023-04-30 03:00:00,1186.13
2023-04-30 04:00:00,1173.43
2023-04-30 05:00:00,1209.57
2023-04-30 06:00:00,1163.93
2023-04-30 07:00:00,1215.5
2023-04-30 08:00:00,1201.62
2023-04-30 09:00:00,1171.07
2023-04-30 10:00:00,1143.34
2023-04-30 11:00:00,1128.15
2023-04-30 12:00:00,1156.04
2023-04-30 13:00:00,1162.12
2023-04-30 14:00:00,1092.38
2023-04-30 15:00:00,1113.45
2023-04-30 16:00:00,1028.03
2023-04-30 17:00:00,1067.4
2023-04-30 18:00:00,1082.07
2023-04-30 19:00:00,1057.65
2023-04-30 20:00:00,1062.54
2023-04-30 21:00:00,1079.66
2023-04-30 22:00:00,1120.27
2023-04-30 23:00:00,1119.63
2023-05-01 00:00:00,1132.85
2023-05-01 01:00:00,1151.91
2023-05-01 02:00:00,1211.79
2023-05-01 03:00:00,1256.16
2023-05-01 04:00:00,1169.54
2023-05-01 05:00:00,1242.96
2023-05-01 06:00:00,1244.21
2023-05-01 07:00:00,1299.61
2023-05-01 08:00:00,1240.41
2023-05-01 09:00:00,1253.92
2023-05-01 10:00:00,1234.24
2023-05-01 11:00:00,1151.61
2023-05-01 12:00:00,1223.05
2023-05-01 13:00:00,1190.93
2023-05-01 14:00:00,1185.25
2023-05-01 15:00:00,1275.36
2023-05-01 16:00:00,1085.52
2023-05-01 17:00:00,1193.79
2023-05-01 18:00:00,1131.38
2023-05-01 19:00:00,1150.66
2023-05-01 20:00:00,1146.67
2023-05-01 21:00:00,1144.85
2023-05-01 22:00:00,1152.91
2023-05-01 23:00:00,1194.36
2023-05-02 00:00:00,1154.48
2023-05-02 01:00:00,1238.05
2023-05-02 02:00:00,1217.51
2023-05-02 03:00:00,1208.52
2023-05-02 04:00:00,1238.46
2023-05-02 05:00:00,1295.67
2023-05-02 06:00:00,1243.94
2023-05-02 07:00:00,1268.71
2023-05-02 08:00:00,1230.03
2023-05-02 09:00:00,1265.16
2023-05-02 10:00:00,1250.57
2023-05-02 11:00:00,1270.99
2023-05-02 12:00:00,1194.73
2023-05-02 13:00:00,1204.53
2023-05-02 14:00:00,1172.94
2023-05-02 15:00:00,1196.45
2023-05-02 16:00:00,1126.47
2023-05-02 17:00:00,1164.39
2023-05-02 18:00:00,1134.16
2023-05-02 19:00:00,1140.12
2023-05-02 20:00:00,1150.79
2023-05-02 21:00:00,1165.14
2023-05-02 22:00:00,1166.51
2023-05-02 23:00:00,1190.91
2023-05-03 00:00:00,1247.34
2023-05-03 01:00:00,1245.09
2023-05-03 02:00:00,1256.07
2023-05-03 03:00:00,1228.76
2023-05-03 04:00:00,1225.28
2023-05-03 05:00:00,1286.61
2023-05-03 06:00:00,1286.28
2023-05-03 07:00:00,1302.14
2023-05-03 08:00:00,1233.84
2023-05-03 09:00:00,1235.54
2023-05-03 10:00:00,1180.82
2023-05-03 11:00:00,1203.76
2023-05-03 12:00:00,1229.9
2023-05-03 13:00:00,1170.48
2023-05-03 14:00:00,1189.21
2023-05-03 15:00:00,1151.86
2023-05-03 16:00:00,1157.76
2023-05-03 17:00:00,1107.61
2023-05-03 18:00:00,1142.56
2023-05-03 19:00:00,1052.31
2023-05-03 20:00:00,1142.43
2023-05-03 21:00:00,1108.66
2023-05-03 22:00:00,1206.18
2023-05-03 23:00:00,1207.79
2023-05-04 00:00:00,1214.0
2023-05-04 01:00:00,1261.16
2023-05-04 02:00:00,1201.53
2023-05-04 03:00:00,1294.85
2023-05-04 04:00:00,1279.93
2023-05-04 05:00:00,1250.86
2023-05-04 06:00:00,1294.07
2023-05-04 07:00:00,1224.77
2023-05-04 08:00:00,1227.23
2023-05-04 09:00:00,1224.17
2023-05-04 10:00:00,1214.13
2023-05-04 11:00:00,1183.83
2023-05-04 12:00:00,1236.69
2023-05-04 13:00:00,1176.71
2023-05-04 14:00:00,1180.58
2023-05-04 15:00:00,1140.46
2023-05-04 16:00:00,1093.42
2023-05-04 17:00:00,1150.15
2023-05-04 18:00:00,1082.63
2023-05-04 19:00:00,1139.99
2023-05-04 20:00:00,1106.99
2023-05-04 21:00:00,1217.19
2023-05-04 22:00:00,1197.34
2023-05-04 23:00:00,1187.64
2023-05-05 00:00:00,1237.91
2023-05-05 01:00:00,1190.14
2023-05-05 02:00:00,1246.3
2023-05-05 03:00:00,1248.42
2023-05-05 04:00:00,1259.88
2023-05-05 05:00:00,1296.13
2023-05-05 06:00:00,1281.97
2023-05-05 07:00:00,1266.62
2023-05-05 08:00:00,1202.31
2023-05-05 09:00:00,1213.63
2023-05-05 10:00:00,1226.32
2023-05-05 11:00:00,1218.33
2023-05-05 12:00:00,1166.09
2023-05-05 13:00:00,1256.82
2023-05-05 14:00:00,1215.49
2023-05-05 15:00:00,1175.64
2023-05-05 16:00:00,1150.2
2023-05-05 17:00:00,1135.68
2023-05-05 18:00:00,1111.44
2023-05-05 19:00:00,1144.37
2023-05-05 20:00:00,1155.77
2023-05-05 21:00:00,1120.32
2023-05-05 22:00:00,1180.03
2023-05-05 23:00:00,1179.81
2023-05-06 00:00:00,1082.77
2023-05-06 01:00:00,1128.94
2023-05-06 02:00:00,1156.09
2023-05-06 03:00:00,1236.94
2023-05-06 04:00:00,1206.06
2023-05-06 05:00:00,1154.99
2023-05-06 06:00:00,1211.58
2023-05-06 07:00:00,1148.64
2023-05-06 08:00:00,1221.84
2023-05-06 09:00:00,1166.17
2023-05-06 10:00:00,1165.69
2023-05-06 11:00:00,1194.53
2023-05-06 12:00:00,1101.39
2023-05-06 13:00:00,1083.33
2023-05-06 14:00:00,1093.99
2023-05-06 15:00:00,1130.85
2023-05-06 16:00:00,1045.06
2023-05-06 17:00:00,999.98
2023-05-06 18:00:00,1069.47
2023-05-06 19:00:00,1101.49
2023-05-06 20:00:00,1126.64
2023-05-06 21:00:00,1085.8
2023-05-06 22:00:00,1099.16
2023-05-06 23:00:00,1159.86
2023-05-07 00:00:00,1083.91
2023-05-07 01:00:00,1143.1
2023-05-07 02:00:00,1174.21
2023-05-07 03:00:00,1193.78
2023-05-07 04:00:00,1174.07
2023-05-07 05:00:00,1196.09
2023-05-07 06:00:00,1122.35
2023-05-07 07:00:00,1175.31
2023-05-07 08:00:00,1202.97
2023-05-07 09:00:00,1150.84
2023-05-07 10:00:00,1170.27
2023-05-07 11:00:00,1168.16
2023-05-07 12:00:00,1129.72
2023-05-07 13:00:00,1130.36
2023-05-07 14:00:00,1082.62
2023-05-07 15:00:00,1093.5
2023-05-07 16:00:00,1108.94
2023-05-07 17:00:00,1089.65
2023-05-07 18:00:00,1065.4
2023-05-07 19:00:00,1091.67
2023-05-07 20:00:00,1112.07
2023-05-07 21:00:00,1038.2
2023-05-07 22:00:00,1146.27
2023-05-07 23:00:00,1115.16
2023-05-08 00:00:00,1212.76
2023-05-08 01:00:00,1251.45
2023-05-08 02:00:00,1188.85
2023-05-08 03:00:00,1221.14
2023-05-08 04:00:00,1243.31
2023-05-08 05:00:00,1234.44
2023-05-08 06:00:00,1312.05
2023-05-08 07:00:00,1232.25
2023-05-08 08:00:00,1235.3
2023-05-08 09:00:00,1248.56
2023-05-08 10:00:00,1193.94
2023-05-08 11:00:00,1203.66
2023-05-08 12:00:00,1209.52
2023-05-08 13:00:00,1174.49
2023-05-08 14:00:00,1167.2
2023-05-08 15:00:00,1141.69
2023-05-08 16:00:00,1102.6
2023-05-08 17:00:00,1151.69
2023-05-08 18:00:00,1192.65
2023-05-08 19:00:00,1142.6
2023-05-08 20:00:00,1154.8
2023-05-08 21:00:00,1178.36
2023-05-08 22:00:00,1131.92
2023-05-08 23:00:00,1235.55
2023-05-09 00:00:00,1206.07
2023-05-09 01:00:00,1264.48
2023-05-09 02:00:00,1208.01
2023-05-09 03:00:00,1296.97
2023-05-09 04:00:00,1275.22
2023-05-09 05:00:00,1274.55
2023-05-09 06:00:00,1267.02
2023-05-09 07:00:00,1250.5
2023-05-09 08:00:00,1287.98
2023-05-09 09:00:00,1246.64
2023-05-09 10:00:00,1170.99
2023-05-09 11:00:00,1182.01
2023-05-09 12:00:00,1194.42
2023-05-09 13:00:00,1193.77
2023-05-09 14:00:00,1168.3
2023-05-09 15:00:00,1194.14
2023-05-09 16:00:00,1089.51
2023-05-09 17:00:00,1146.35
2023-05-09 18:00:00,1085.46
2023-05-09 19:00:00,1164.84
2023-05-09 20:00:00,1145.2
2023-05-09 21:00:00,1170.16
2023-05-09 22:00:00,1144.08
2023-05-09 23:00:00,1222.85
2023-05-10 00:00:00,1231.25
2023-05-10 01:00:00,1233.04
2023-05-10 02:00:00,1226.11
2023-05-10 03:00:00,1259.82
2023-05-10 04:00:00,1230.75
2023-05-10 05:00:00,1283.62
2023-05-10 06:00:00,1309.48
2023-05-10 07:00:00,1290.07
2023-05-10 08:00:00,1230.07
2023-05-10 09:00:00,1253.27
2023-05-10 10:00:00,1191.21
2023-05-10 11:00:00,1232.7
2023-05-10 12:00:00,1213.52
2023-05-10 13:00:00,1128.38
2023-05-10 14:00:00,1135.15
2023-05-10 15:00:00,1149.08
2023-05-10 16:00:00,1139.01
2023-05-10 17:00:00,1105.76
2023-05-10 18:00:00,1151.67
2023-05-10 19:00:00,1149.59
2023-05-10 20:00:00,1142.21
2023-05-10 21:00:00,1134.9
2023-05-10 22:00:00,1201.46
2023-05-10 23:00:00,1234.13
2023-05-11 00:00:00,1185.49
2023-05-11 01:00:00,1197.16
2023-05-11 02:00:00,1244.74
2023-05-11 03:00:00,1231.69
2023-05-11 04:00:00,1247.78
2023-05-11 05:00:00,1280.15
2023-05-11 06:00:00,1202.72
2023-05-11 07:00:00,1297.5
2023-05-11 08:00:00,1254.14
2023-05-11 09:00:00,1230.08
2023-05-11 10:00:00,1227.32
2023-05-11 11:00:00,1214.4
2023-05-11 12:00:00,1148.06
2023-05-11 13:00:00,1229.32
2023-05-11 14:00:00,1171.24
2023-05-11 15:00:00,1170.86
2023-05-11 16:00:00,1176.58
2023-05-11 17:00:00,1111.41
2023-05-11 18:00:00,1154.2
2023-05-11 19:00:00,1134.02
2023-05-11 20:00:00,1173.44
2023-05-11 21:00:00,1093.76
2023-05-11 22:00:00,1167.03
2023-05-11 23:00:00,1166.39
2023-05-12 00:00:00,1212.97
2023-05-12 01:00:00,1229.63
2023-05-12 02:00:00,1208.77
2023-05-12 03:00:00,1221.06
2023-05-12 04:00:00,1248.64
2023-05-12 05:00:00,1231.06
2023-05-12 06:00:00,1285.26
2023-05-12 07:00:00,1246.88
2023-05-12 08:00:00,1164.75
2023-05-12 09:00:00,1231.18
2023-05-12 10:00:00,1198.84
2023-05-12 11:00:00,1166.59
2023-05-12 12:00:00,1162.88
2023-05-12 13:00:00,1187.75
2023-05-12 14:00:00,1209.86
2023-05-12 15:00:00,1166.97
2023-05-12 16:00:00,1129.84
2023-05-12 17:00:00,1155.72
2023-05-12 18:00:00,1126.23
2023-05-12 19:00:00,1121.21
2023-05-12 20:00:00,1113.41
2023-05-12 21:00:00,1105.02
2023-05-12 22:00:00,1158.3
2023-05-12 23:00:00,1189.21
2023-05-13 00:00:00,1137.1
2023-05-13 01:00:00,1142.27
2023-05-13 02:00:00,1140.13
2023-05-13 03:00:00,1198.55
2023-05-13 04:00:00,1149.85
2023-05-13 05:00:00,1218.34
2023-05-13 06:00:00,1166.93
2023-05-13 07:00:00,1172.48
2023-05-13 08:00:00,1145.36
2023-05-13 09:00:00,1165.26
2023-05-13 10:00:00,1197.76
2023-05-13 11:00:00,1170.22
2023-05-13 12:00:00,1169.35
2023-05-13 13:00:00,1140.91
2023-05-13 14:00:00,1078.39
2023-05-13 15:00:00,1089.77
2023-05-13 16:00:00,1067.23
2023-05-13 17:00:00,1124.86
2023-05-13 18:00:00,1047.1
2023-05-13 19:00:00,1111.75
2023-05-13 20:00:00,1117.43
2023-05-13 21:00:00,1154.58
2023-05-13 22:00:00,1099.21
2023-05-13 23:00:00,1146.62
2023-05-14 00:00:00,1208.45
2023-05-14 01:00:00,1136.22
2023-05-14 02:00:00,1122.45
2023-05-14 03:00:00,1123.9
2023-05-14 04:00:00,1210.74
2023-05-14 05:00:00,1138.56
2023-05-14 06:00:00,1185.83
2023-05-14 07:00:00,1208.18
2023-05-14 08:00:00,1194.92
2023-05-14 09:00:00,1193.07
2023-05-14 10:00:00,1175.17
2023-05-14 11:00:00,1193.12
2023-05-14 12:00:00,1111.43
2023-05-14 13:00:00,1104.94
2023-05-14 14:00:00,1088.32
2023-05-14 15:00:00,1124.6
2023-05-14 16:00:00,1117.65
2023-05-14 17:00:00,1098.48
2023-05-14 18:00:00,1118.5
2023-05-14 19:00:00,1049.6
2023-05-14 20:00:00,1140.65
2023-05-14 21:00:00,1145.39
2023-05-14 22:00:00,1133.57
2023-05-14 23:00:00,1178.7
2023-05-15 00:00:00,1150.3
2023-05-15 01:00:00,1199.8
2023-05-15 02:00:00,1207.94
2023-05-15 03:00:00,1264.07
2023-05-15 04:00:00,1220.46
2023-05-15 05:00:00,1280.68
2023-05-15 06:00:00,1301.12
2023-05-15 07:00:00,1278.81
2023-05-15 08:00:00,1260.47
2023-05-15 09:00:00,1212.79
2023-05-15 10:00:00,1204.59
2023-05-15 11:00:00,1253.02
2023-05-15 12:00:00,1223.38
2023-05-15 13:00:00,1183.3
2023-05-15 14:00:00,1157.46
2023-05-15 15:00:00,1096.8
2023-05-15 16:00:00,1115.91
2023-05-15 17:00:00,1199.39
2023-05-15 18:00:00,1101.59
2023-05-15 19:00:00,1147.73
2023-05-15 20:00:00,1178.26
2023-05-15 21:00:00,1119.93
2023-05-15 22:00:00,1175.54
2023-05-15 23:00:00,1212.61
2023-05-16 00:00:00,1200.37
2023-05-16 01:00:00,1301.58
2023-05-16 02:00:00,1179.94
2023-05-16 03:00:00,1274.19
2023-05-16 04:00:00,1246.78
2023-05-16 05:00:00,1281.11
2023-05-16 06:00:00,1273.24
2023-05-16 07:00:00,1235.96
2023-05-16 08:00:00,1258.83
2023-05-16 09:00:00,1186.69
2023-05-16 10:00:00,1248.1
2023-05-16 11:00:00,1224.47
2023-05-16 12:00:00,1219.16
2023-05-16 13:00:00,1216.21
2023-05-16 14:00:00,1181.03
2023-05-16 15:00:00,1162.02
2023-05-16 16:00:00,1121.61
2023-05-16 17:00:00,1120.68
2023-05-16 18:00:00,1175.6
2023-05-16 19:00:00,1185.13
2023-05-16 20:00:00,1140.9
2023-05-16 21:00:00,1158.95
2023-05-16 22:00:00,1142.86
2023-05-16 23:00:00,1219.65
2023-05-17 00:00:00,1219.96
2023-05-17 01:00:00,1273.77
2023-05-17 02:00:00,1203.65
2023-05-17 03:00:00,1231.09
2023-05-17 04:00:00,1258.9
2023-05-17 05:00:00,1277.35
2023-05-17 06:00:00,1253.53
2023-05-17 07:00:00,1231.77
2023-05-17 08:00:00,1278.4
2023-05-17 09:00:00,1264.06
2023-05-17 10:00:00,1202.51
2023-05-17 11:00:00,1256.19
2023-05-17 12:00:00,1235.11
2023-05-17 13:00:00,1188.5
2023-05-17 14:00:00,1172.39
2023-05-17 15:00:00,1174.2
2023-05-17 16:00:00,1122.19
2023-05-17 17:00:00,1142.95
2023-05-17 18:00:00,1075.43
2023-05-17 19:00:00,1168.34
2023-05-17 20:00:00,1101.19
2023-05-17 21:00:00,1202.68
2023-05-17 22:00:00,1160.1
2023-05-17 23:00:00,1178.12
2023-05-18 00:00:00,1181.17
2023-05-18 01:00:00,1206.89
2023-05-18 02:00:00,1272.56
2023-05-18 03:00:00,1167.79
2023-05-18 04:00:00,1290.27
2023-05-18 05:00:00,1268.1
2023-05-18 06:00:00,1223.79
2023-05-18 07:00:00,1225.7
2023-05-18 08:00:00,1302.25
2023-05-18 09:00:00,1214.06
2023-05-18 10:00:00,1195.4
2023-05-18 11:00:00,1249.65
2023-05-18 12:00:00,1210.16
2023-05-18 13:00:00,1156.33
2023-05-18 14:00:00,1176.5
2023-05-18 15:00:00,1126.8
2023-05-18 16:00:00,1181.06
2023-05-18 17:00:00,1173.89
2023-05-18 18:00:00,1155.96
2023-05-18 19:00:00,1152.89
2023-05-18 20:00:00,1200.87
2023-05-18 21:00:00,1157.56
2023-05-18 22:00:00,1134.54
2023-05-18 23:00:00,1197.96
2023-05-19 00:00:00,1262.58
2023-05-19 01:00:00,1185.09
2023-05-19 02:00:00,1219.16
2023-05-19 03:00:00,1254.92
2023-05-19 04:00:00,1250.34
2023-05-19 05:00:00,1228.49
2023-05-19 06:00:00,1293.66
2023-05-19 07:00:00,1327.56
2023-05-19 08:00:00,1257.85
2023-05-19 09:00:00,1215.3
2023-05-19 10:00:00,1183.53
2023-05-19 11:00:00,1223.27
2023-05-19 12:00:00,1233.12
2023-05-19 13:00:00,1198.73
2023-05-19 14:00:00,1169.93
2023-05-19 15:00:00,1139.9
2023-05-19 16:00:00,1115.27
2023-05-19 17:00:00,1167.09
2023-05-19 18:00:00,1167.41
2023-05-19 19:00:00,1095.67
2023-05-19 20:00:00,1195.73
2023-05-19 21:00:00,1174.8
2023-05-19 22:00:00,1211.99
2023-05-19 23:00:00,1144.21
2023-05-20 00:00:00,1099.03
2023-05-20 01:00:00,1150.28
2023-05-20 02:00:00,1183.58
2023-05-20 03:00:00,1234.2
2023-05-20 04:00:00,1210.55
2023-05-20 05:00:00,1187.78
2023-05-20 06:00:00,1166.21
2023-05-20 07:00:00,1231.96
2023-05-20 08:00:00,1160.42
2023-05-20 09:00:00,1229.16
2023-05-20 10:00:00,1159.97
2023-05-20 11:00:00,1202.47
2023-05-20 12:00:00,1160.37
2023-05-20 13:00:00,1121.14
2023-05-20 14:00:00,1095.92
2023-05-20 15:00:00,1089.47
2023-05-20 16:00:00,1103.49
2023-05-20 17:00:00,1087.26
2023-05-20 18:00:00,1065.19
2023-05-20 19:00:00,1079.97
2023-05-20 20:00:00,1092.99
2023-05-20 21:00:00,1035.83
2023-05-20 22:00:00,1125.25
2023-05-20 23:00:00,1095.86
2023-05-21 00:00:00,1105.4
2023-05-21 01:00:00,1104.13
2023-05-21 02:00:00,1114.68
2023-05-21 03:00:00,1139.64
2023-05-21 04:00:00,1168.09
2023-05-21 05:00:00,1253.66
2023-05-21 06:00:00,1181.22
2023-05-21 07:00:00,1200.39
2023-05-21 08:00:00,1201.38
2023-05-21 09:00:00,1184.24
2023-05-21 10:00:00,1166.18
2023-05-21 11:00:00,1118.89
2023-05-21 12:00:00,1183.53
2023-05-21 13:00:00,1179.46
2023-05-21 14:00:00,1061.02
2023-05-21 15:00:00,1068.97
2023-05-21 16:00:00,1082.24
2023-05-21 17:00:00,1056.01
2023-05-21 18:00:00,1098.18
2023-05-21 19:00:00,1063.09
2023-05-21 20:00:00,1155.59
2023-05-21 21:00:00,1135.41
2023-05-21 22:00:00,1117.88
2023-05-21 23:00:00,1156.06
2023-05-22 00:00:00,1233.18
2023-05-22 01:00:00,1198.61
2023-05-22 02:00:00,1205.51
2023-05-22 03:00:00,1244.77
2023-05-22 04:00:00,1277.81
2023-05-22 05:00:00,1262.13
2023-05-22 06:00:00,1212.69
2023-05-22 07:00:00,1233.87
2023-05-22 08:00:00,1249.74
2023-05-22 09:00:00,1240.16
2023-05-22 10:00:00,1289.18
2023-05-22 11:00:00,1173.95
2023-05-22 12:00:00,1215.17
2023-05-22 13:00:00,1229.14
2023-05-22 14:00:00,1238.14
2023-05-22 15:00:00,1145.44
2023-05-22 16:00:00,1162.78
2023-05-22 17:00:00,1159.14
2023-05-22 18:00:00,1145.86
2023-05-22 19:00:00,1139.08
2023-05-22 20:00:00,1161.12
2023-05-22 21:00:00,1081.61
2023-05-22 22:00:00,1190.46
2023-05-22 23:00:00,1188.26
2023-05-23 00:00:00,1193.33
2023-05-23 01:00:00,1276.94
2023-05-23 02:00:00,1209.75
2023-05-23 03:00:00,1230.33
2023-05-23 04:00:00,1311.71
2023-05-23 05:00:00,1232.99
2023-05-23 06:00:00,1243.5
2023-05-23 07:00:00,1253.54
2023-05-23 08:00:00,1277.18
2023-05-23 09:00:00,1248.66
2023-05-23 10:00:00,1191.22
2023-05-23 11:00:00,1199.56
2023-05-23 12:00:00,1181.78
2023-05-23 13:00:00,1182.15
2023-05-23 14:00:00,1182.78
2023-05-23 15:00:00,1170.12
2023-05-23 16:00:00,1094.76
2023-05-23 17:00:00,1173.96
2023-05-23 18:00:00,1147.58
2023-05-23 19:00:00,1183.58
2023-05-23 20:00:00,1161.36
2023-05-23 21:00:00,1190.61
2023-05-23 22:00:00,1184.0
2023-05-23 23:00:00,1224.86
2023-05-24 00:00:00,1215.67
2023-05-24 01:00:00,1212.59
2023-05-24 02:00:00,1298.17
2023-05-24 03:00:00,1269.1
2023-05-24 04:00:00,1269.17
2023-05-24 05:00:00,1219.67
2023-05-24 06:00:00,1221.35
2023-05-24 07:00:00,1266.74
2023-05-24 08:00:00,1256.33
2023-05-24 09:00:00,1224.0
2023-05-24 10:00:00,1234.23
2023-05-24 11:00:00,1263.19
2023-05-24 12:00:00,1220.86
2023-05-24 13:00:00,1150.24
2023-05-24 14:00:00,1166.65
2023-05-24 15:00:00,1133.42
2023-05-24 16:00:00,1136.41
2023-05-24 17:00:00,1129.64
2023-05-24 18:00:00,1125.67
2023-05-24 19:00:00,1104.39
2023-05-24 20:00:00,1144.21
2023-05-24 21:00:00,1140.76
2023-05-24 22:00:00,1082.12
2023-05-24 23:00:00,1246.06
2023-05-25 00:00:00,1232.66
2023-05-25 01:00:00,1204.24
2023-05-25 02:00:00,1230.56
2023-05-25 03:00:00,1207.28
2023-05-25 04:00:00,1302.83
2023-05-25 05:00:00,1314.87
2023-05-25 06:00:00,1264.7
2023-05-25 07:00:00,1288.66
2023-05-25 08:00:00,1257.22
2023-05-25 09:00:00,1202.32
2023-05-25 10:00:00,1217.65
2023-05-25 11:00:00,1219.49
2023-05-25 12:00:00,1186.36
2023-05-25 13:00:00,1177.91
2023-05-25 14:00:00,1167.26
2023-05-25 15:00:00,1155.15
2023-05-25 16:00:00,1149.61
2023-05-25 17:00:00,1110.23
2023-05-25 18:00:00,1118.49
2023-05-25 19:00:00,1103.51
2023-05-25 20:00:00,1177.37
2023-05-25 21:00:00,1094.4
2023-05-25 22:00:00,1204.61
2023-05-25 23:00:00,1226.06
2023-05-26 00:00:00,1190.93
2023-05-26 01:00:00,1137.44
2023-05-26 02:00:00,1219.16
2023-05-26 03:00:00,1240.5
2023-05-26 04:00:00,1221.64
2023-05-26 05:00:00,1242.5
2023-05-26 06:00:00,1305.91
2023-05-26 07:00:00,1277.9
2023-05-26 08:00:00,1224.22
2023-05-26 09:00:00,1194.5
2023-05-26 10:00:00,1220.19
2023-05-26 11:00:00,1209.13
2023-05-26 12:00:00,1214.89
2023-05-26 13:00:00,1168.41
2023-05-26 14:00:00,1185.34
2023-05-26 15:00:00,1215.63
2023-05-26 16:00:00,1172.5
2023-05-26 17:00:00,1140.6
2023-05-26 18:00:00,1134.51
2023-05-26 19:00:00,1131.34
2023-05-26 20:00:00,1183.46
2023-05-26 21:00:00,1138.75
2023-05-26 22:00:00,1171.36
2023-05-26 23:00:00,1186.01
2023-05-27 00:00:00,1124.95
2023-05-27 01:00:00,1113.58
2023-05-27 02:00:00,1178.19
2023-05-27 03:00:00,1178.47
2023-05-27 04:00:00,1204.37
2023-05-27 05:00:00,1179.05
2023-05-27 06:00:00,1233.62
2023-05-27 07:00:00,1168.75
2023-05-27 08:00:00,1240.72
2023-05-27 09:00:00,1127.88
2023-05-27 10:00:00,1181.54
2023-05-27 11:00:00,1169.02
2023-05-27 12:00:00,1116.13
2023-05-27 13:00:00,1137.98
2023-05-27 14:00:00,1149.89
2023-05-27 15:00:00,1033.19
2023-05-27 16:00:00,1105.72
2023-05-27 17:00:00,1010.14
2023-05-27 18:00:00,1054.03
2023-05-27 19:00:00,1133.82
2023-05-27 20:00:00,1073.18
2023-05-27 21:00:00,1064.48
2023-05-27 22:00:00,1105.56
2023-05-27 23:00:00,1187.28
2023-05-28 00:00:00,1085.05
2023-05-28 01:00:00,1123.21
2023-05-28 02:00:00,1213.42
2023-05-28 03:00:00,1236.04
2023-05-28 04:00:00,1186.26
2023-05-28 05:00:00,1157.89
2023-05-28 06:00:00,1259.88
2023-05-28 07:00:00,1242.89
2023-05-28 08:00:00,1209.73
2023-05-28 09:00:00,1155.93
2023-05-28 10:00:00,1167.03
2023-05-28 11:00:00,1149.94
2023-05-28 12:00:00,1149.93
2023-05-28 13:00:00,1168.78
2023-05-28 14:00:00,1137.88
2023-05-28 15:00:00,1067.37
2023-05-28 16:00:00,1131.93
2023-05-28 17:00:00,1094.34
2023-05-28 18:00:00,1103.61
2023-05-28 19:00:00,1128.94
2023-05-28 20:00:00,1057.29
2023-05-28 21:00:00,1098.62
2023-05-28 22:00:00,1095.56
2023-05-28 23:00:00,1078.21
2023-05-29 00:00:00,1210.4
2023-05-29 01:00:00,1290.88
2023-05-29 02:00:00,1174.8
2023-05-29 03:00:00,1241.46
2023-05-29 04:00:00,1271.18
2023-05-29 05:00:00,1261.65
2023-05-29 06:00:00,1256.61
2023-05-29 07:00:00,1218.98
2023-05-29 08:00:00,1258.95
2023-05-29 09:00:00,1219.72
2023-05-29 10:00:00,1164.3
2023-05-29 11:00:00,1251.37
2023-05-29 12:00:00,1228.75
2023-05-29 13:00:00,1186.02
2023-05-29 14:00:00,1176.87
2023-05-29 15:00:00,1189.8
2023-05-29 16:00:00,1154.77
2023-05-29 17:00:00,1169.16
2023-05-29 18:00:00,1131.08
2023-05-29 19:00:00,1181.4
2023-05-29 20:00:00,1157.66
2023-05-29 21:00:00,1163.4
2023-05-29 22:00:00,1131.9
2023-05-29 23:00:00,1193.08
2023-05-30 00:00:00,1175.04
2023-05-30 01:00:00,1196.38
2023-05-30 02:00:00,1205.54
2023-05-30 03:00:00,1210.44
2023-05-30 04:00:00,1315.7
2023-05-30 05:00:00,1297.9
2023-05-30 06:00:00,1317.61
2023-05-30 07:00:00,1221.27
2023-05-30 08:00:00,1254.1
2023-05-30 09:00:00,1203.62
2023-05-30 10:00:00,1209.13
2023-05-30 11:00:00,1187.99
2023-05-30 12:00:00,1237.19
2023-05-30 13:00:00,1172.58
2023-05-30 14:00:00,1202.05
2023-05-30 15:00:00,1175.7
2023-05-30 16:00:00,1217.15
2023-05-30 17:00:00,1097.66
2023-05-30 18:00:00,1177.78
2023-05-30 19:00:00,1176.44
2023-05-30 20:00:00,1118.84
2023-05-30 21:00:00,1187.79
2023-05-30 22:00:00,1180.08
2023-05-30 23:00:00,1177.65
2023-05-31 00:00:00,1175.28
2023-05-31 01:00:00,1193.96
2023-05-31 02:00:00,1291.49
2023-05-31 03:00:00,1242.45
2023-05-31 04:00:00,1275.43
2023-05-31 05:00:00,1234.23
2023-05-31 06:00:00,1236.6
2023-05-31 07:00:00,1290.42
2023-05-31 08:00:00,1211.47
2023-05-31 09:00:00,1229.97
2023-05-31 10:00:00,1231.02
2023-05-31 11:00:00,1218.87
2023-05-31 12:00:00,1194.63
2023-05-31 13:00:00,1196.35
2023-05-31 14:00:00,1190.79
2023-05-31 15:00:00,1179.61
2023-05-31 16:00:00,1118.46
2023-05-31 17:00:00,1133.52
2023-05-31 18:00:00,1175.84
2023-05-31 19:00:00,1168.88
2023-05-31 20:00:00,1106.85
2023-05-31 21:00:00,1168.12
2023-05-31 22:00:00,1110.65
2023-05-31 23:00:00,1185.88
2023-06-01 00:00:00,1256.93
2023-06-01 01:00:00,1187.09
2023-06-01 02:00:00,1204.97
2023-06-01 03:00:00,1265.35
2023-06-01 04:00:00,1205.68
2023-06-01 05:00:00,1238.97
2023-06-01 06:00:00,1277.89
2023-06-01 07:00:00,1238.93
2023-06-01 08:00:00,1244.88
2023-06-01 09:00:00,1264.75
2023-06-01 10:00:00,1242.65
2023-06-01 11:00:00,1223.53
2023-06-01 12:00:00,1189.83
2023-06-01 13:00:00,1195.57
2023-06-01 14:00:00,1166.29
2023-06-01 15:00:00,1171.31
2023-06-01 16:00:00,1133.13
2023-06-01 17:00:00,1136.57
2023-06-01 18:00:00,1110.3
2023-06-01 19:00:00,1140.99
2023-06-01 20:00:00,1123.71
2023-06-01 21:00:00,1124.15
2023-06-01 22:00:00,1177.76
2023-06-01 23:00:00,1190.85
2023-06-02 00:00:00,1223.49
2023-06-02 01:00:00,1202.6
2023-06-02 02:00:00,1242.24
2023-06-02 03:00:00,1258.95
2023-06-02 04:00:00,1265.3
2023-06-02 05:00:00,1233.19
2023-06-02 06:00:00,1264.48
2023-06-02 07:00:00,1268.88
2023-06-02 08:00:00,1252.18
2023-06-02 09:00:00,1179.83
2023-06-02 10:00:00,1234.81
2023-06-02 11:00:00,1281.91
2023-06-02 12:00:00,1189.2
2023-06-02 13:00:00,1162.63
2023-06-02 14:00:00,1181.2
2023-06-02 15:00:00,1166.94
2023-06-02 16:00:00,1183.82
2023-06-02 17:00:00,1104.31
2023-06-02 18:00:00,1161.94
2023-06-02 19:00:00,1159.76
2023-06-02 20:00:00,1143.77
2023-06-02 21:00:00,1167.73
2023-06-02 22:00:00,1200.88
2023-06-02 23:00:00,1210.64
2023-06-03 00:00:00,1105.71
2023-06-03 01:00:00,1179.36
2023-06-03 02:00:00,1166.56
2023-06-03 03:00:00,1182.49
2023-06-03 04:00:00,1191.56
2023-06-03 05:00:00,1190.55
2023-06-03 06:00:00,1232.75
2023-06-03 07:00:00,1192.55
2023-06-03 08:00:00,1155.78
2023-06-03 09:00:00,1168.5
2023-06-03 10:00:00,1173.86
2023-06-03 11:00:00,1191.63
2023-06-03 12:00:00,1158.09
2023-06-03 13:00:00,1099.73
2023-06-03 14:00:00,1186.06
2023-06-03 15:00:00,1107.64
2023-06-03 16:00:00,1128.9
2023-06-03 17:00:00,1080.39
2023-06-03 18:00:00,1099.0
2023-06-03 19:00:00,1110.13
2023-06-03 20:00:00,1127.18
2023-06-03 21:00:00,1131.42
2023-06-03 22:00:00,1137.67
2023-06-03 23:00:00,1115.79
2023-06-04 00:00:00,1122.85
2023-06-04 01:00:00,1164.73
2023-06-04 02:00:00,1196.49
2023-06-04 03:00:00,1173.62
2023-06-04 04:00:00,1221.32
2023-06-04 05:00:00,1238.64
2023-06-04 06:00:00,1169.51
2023-06-04 07:00:00,1169.95
2023-06-04 08:00:00,1185.15
2023-06-04 09:00:00,1189.53
2023-06-04 10:00:00,1152.76
2023-06-04 11:00:00,1195.32
2023-06-04 12:00:00,1152.72
2023-06-04 13:00:00,1126.43
2023-06-04 14:00:00,1068.42
2023-06-04 15:00:00,1060.22
2023-06-04 16:00:00,1099.07
2023-06-04 17:00:00,1020.96
2023-06-04 18:00:00,1113.38
2023-06-04 19:00:00,1080.2
2023-06-04 20:00:00,1187.93
2023-06-04 21:00:00,1168.93
2023-06-04 22:00:00,1106.06
2023-06-04 23:00:00,1122.06
2023-06-05 00:00:00,1229.87
2023-06-05 01:00:00,1266.62
2023-06-05 02:00:00,1180.86
2023-06-05 03:00:00,1188.84
2023-06-05 04:00:00,1233.3
2023-06-05 05:00:00,1275.44
2023-06-05 06:00:00,1274.91
2023-06-05 07:00:00,1290.05
2023-06-05 08:00:00,1215.97
2023-06-05 09:00:00,1172.94
2023-06-05 10:00:00,1255.74
2023-06-05 11:00:00,1190.68
2023-06-05 12:00:00,1139.45
2023-06-05 13:00:00,1188.82
2023-06-05 14:00:00,1193.8
2023-06-05 15:00:00,1153.91
2023-06-05 16:00:00,1134.3
2023-06-05 17:00:00,1137.26
2023-06-05 18:00:00,1128.88
2023-06-05 19:00:00,1101.6
2023-06-05 20:00:00,1126.6
2023-06-05 21:00:00,1173.21
2023-06-05 22:00:00,1179.65
2023-06-05 23:00:00,1189.51
2023-06-06 00:00:00,1170.15
2023-06-06 01:00:00,1210.08
2023-06-06 02:00:00,1164.69
2023-06-06 03:00:00,1247.78
2023-06-06 04:00:00,1294.83
2023-06-06 05:00:00,1213.73
2023-06-06 06:00:00,1242.42
2023-06-06 07:00:00,1267.83
2023-06-06 08:00:00,1289.55
2023-06-06 09:00:00,1228.98
2023-06-06 10:00:00,1209.23
2023-06-06 11:00:00,1156.46
2023-06-06 12:00:00,1203.1
2023-06-06 13:00:00,1245.73
2023-06-06 14:00:00,1178.32
2023-06-06 15:00:00,1156.91
2023-06-06 16:00:00,1157.7
2023-06-06 17:00:00,1141.71
2023-06-06 18:00:00,1115.61
2023-06-06 19:00:00,1166.74
2023-06-06 20:00:00,1154.81
2023-06-06 21:00:00,1158.1
2023-06-06 22:00:00,1140.74
2023-06-06 23:00:00,1223.58
2023-06-07 00:00:00,1219.94
2023-06-07 01:00:00,1198.94
2023-06-07 02:00:00,1260.05
2023-06-07 03:00:00,1227.5
2023-06-07 04:00:00,1228.5
2023-06-07 05:00:00,1235.16
2023-06-07 06:00:00,1206.87
2023-06-07 07:00:00,1272.1
2023-06-07 08:00:00,1197.03
2023-06-07 09:00:00,1205.57
2023-06-07 10:00:00,1167.73
2023-06-07 11:00:00,1212.95
2023-06-07 12:00:00,1195.49
2023-06-07 13:00:00,1174.67
2023-06-07 14:00:00,1138.72
2023-06-07 15:00:00,1122.41
2023-06-07 16:00:00,1161.97
2023-06-07 17:00:00,1125.53
2023-06-07 18:00:00,1149.49
2023-06-07 19:00:00,1115.49
2023-06-07 20:00:00,1153.47
2023-06-07 21:00:00,1196.67
2023-06-07 22:00:00,1187.58
2023-06-07 23:00:00,1172.1
2023-06-08 00:00:00,1207.72
2023-06-08 01:00:00,1208.31
2023-06-08 02:00:00,1230.24
2023-06-08 03:00:00,1232.66
2023-06-08 04:00:00,1247.03
2023-06-08 05:00:00,1264.32
2023-06-08 06:00:00,1230.2
2023-06-08 07:00:00,1227.48
2023-06-08 08:00:00,1210.31
2023-06-08 09:00:00,1194.42
2023-06-08 10:00:00,1193.48
2023-06-08 11:00:00,1220.31
2023-06-08 12:00:00,1173.22
2023-06-08 13:00:00,1199.88
2023-06-08 14:00:00,1171.04
2023-06-08 15:00:00,1098.52
2023-06-08 16:00:00,1167.69
2023-06-08 17:00:00,1166.37
2023-06-08 18:00:00,1110.18
2023-06-08 19:00:00,1154.65
2023-06-08 20:00:00,1122.34
2023-06-08 21:00:00,1160.5
2023-06-08 22:00:00,1132.07
2023-06-08 23:00:00,1130.68
2023-06-09 00:00:00,1188.52
2023-06-09 01:00:00,1211.82
2023-06-09 02:00:00,1218.07
2023-06-09 03:00:00,1206.91
2023-06-09 04:00:00,1239.96
2023-06-09 05:00:00,1266.03
2023-06-09 06:00:00,1258.65
2023-06-09 07:00:00,1263.43
2023-06-09 08:00:00,1231.86
2023-06-09 09:00:00,1277.58
2023-06-09 10:00:00,1194.71
2023-06-09 11:00:00,1230.16
2023-06-09 12:00:00,1235.46
2023-06-09 13:00:00,1198.9
2023-06-09 14:00:00,1163.92
2023-06-09 15:00:00,1141.72
2023-06-09 16:00:00,1179.12
2023-06-09 17:00:00,1099.36
2023-06-09 18:00:00,1110.9
2023-06-09 19:00:00,1130.12
2023-06-09 20:00:00,1185.17
2023-06-09 21:00:00,1168.97
2023-06-09 22:00:00,1140.96
2023-06-09 23:00:00,1175.16
2023-06-10 00:00:00,1121.57
2023-06-10 01:00:00,1133.46
2023-06-10 02:00:00,1197.87
2023-06-10 03:00:00,1139.15
2023-06-10 04:00:00,1237.63
2023-06-10 05:00:00,1219.9
2023-06-10 06:00:00,1229.73
2023-06-10 07:00:00,1181.17
2023-06-10 08:00:00,1184.87
2023-06-10 09:00:00,1137.31
2023-06-10 10:00:00,1152.76
2023-06-10 11:00:00,1169.56
2023-06-10 12:00:00,1178.88
2023-06-10 13:00:00,1092.03
2023-06-10 14:00:00,1100.53
2023-06-10 15:00:00,1095.16
2023-06-10 16:00:00,1048.76
2023-06-10 17:00:00,1102.68
2023-06-10 18:00:00,1061.28
2023-06-10 19:00:00,1079.08
2023-06-10 20:00:00,1077.08
2023-06-10 21:00:00,1076.01
2023-06-10 22:00:00,1111.29
2023-06-10 23:00:00,1118.78
2023-06-11 00:00:00,1128.84
2023-06-11 01:00:00,1132.9
2023-06-11 02:00:00,1178.09
2023-06-11 03:00:00,1229.91
2023-06-11 04:00:00,1193.56
2023-06-11 05:00:00,1224.94
2023-06-11 06:00:00,1155.29
2023-06-11 07:00:00,1199.79
2023-06-11 08:00:00,1156.44
2023-06-11 09:00:00,1136.0
2023-06-11 10:00:00,1146.32
2023-06-11 11:00:00,1190.51
2023-06-11 12:00:00,1168.5
2023-06-11 13:00:00,1132.54
2023-06-11 14:00:00,1065.52
2023-06-11 15:00:00,1093.81
2023-06-11 16:00:00,1099.69
2023-06-11 17:00:00,1090.21
2023-06-11 18:00:00,1027.69
2023-06-11 19:00:00,1058.23
2023-06-11 20:00:00,1088.71
2023-06-11 21:00:00,1115.78
2023-06-11 22:00:00,1045.62
2023-06-11 23:00:00,1120.38
2023-06-12 00:00:00,1204.29
2023-06-12 01:00:00,1241.02
2023-06-12 02:00:00,1250.79
2023-06-12 03:00:00,1259.9
2023-06-12 04:00:00,1227.96
2023-06-12 05:00:00,1200.72
2023-06-12 06:00:00,1248.21
2023-06-12 07:00:00,1288.0
2023-06-12 08:00:00,1293.77
2023-06-12 09:00:00,1263.74
2023-06-12 10:00:00,1242.88
2023-06-12 11:00:00,1226.92
2023-06-12 12:00:00,1183.32
2023-06-12 13:00:00,1180.57
2023-06-12 14:00:00,1220.07
2023-06-12 15:00:00,1129.3
2023-06-12 16:00:00,1196.48
2023-06-12 17:00:00,1132.38
2023-06-12 18:00:00,1179.76
2023-06-12 19:00:00,1099.84
2023-06-12 20:00:00,1165.62
2023-06-12 21:00:00,1135.47
2023-06-12 22:00:00,1127.54
2023-06-12 23:00:00,1191.03
2023-06-13 00:00:00,1230.28
2023-06-13 01:00:00,1190.18
2023-06-13 02:00:00,1185.03
2023-06-13 03:00:00,1239.67
2023-06-13 04:00:00,1249.34
2023-06-13 05:00:00,1274.41
2023-06-13 06:00:00,1288.49
2023-06-13 07:00:00,1256.17
2023-06-13 08:00:00,1307.63
2023-06-13 09:00:00,1249.15
2023-06-13 10:00:00,1219.61
2023-06-13 11:00:00,1167.18
2023-06-13 12:00:00,1192.12
2023-06-13 13:00:00,1174.38
2023-06-13 14:00:00,1198.81
2023-06-13 15:00:00,1171.45
2023-06-13 16:00:00,1112.66
2023-06-13 17:00:00,1147.21
2023-06-13 18:00:00,1160.15
2023-06-13 19:00:00,1187.89
2023-06-13 20:00:00,1174.66
2023-06-13 21:00:00,1180.4
2023-06-13 22:00:00,1171.8
2023-06-13 23:00:00,1196.12
2023-06-14 00:00:00,1237.49
2023-06-14 01:00:00,1175.55
2023-06-14 02:00:00,1219.52
2023-06-14 03:00:00,1219.25
2023-06-14 04:00:00,1263.34
2023-06-14 05:00:00,1294.86
2023-06-14 06:00:00,1242.09
2023-06-14 07:00:00,1186.25
2023-06-14 08:00:00,1239.59
2023-06-14 09:00:00,1269.83
2023-06-14 10:00:00,1246.13
2023-06-14 11:00:00,1228.37
2023-06-14 12:00:00,1191.6
2023-06-14 13:00:00,1146.1
2023-06-14 14:00:00,1185.46
2023-06-14 15:00:00,1132.55
2023-06-14 16:00:00,1213.56
2023-06-14 17:00:00,1159.16
2023-06-14 18:00:00,1122.58
2023-06-14 19:00:00,1123.7
2023-06-14 20:00:00,1145.25
2023-06-14 21:00:00,1150.39
2023-06-14 22:00:00,1203.51
2023-06-14 23:00:00,1190.06
2023-06-15 00:00:00,1178.05
2023-06-15 01:00:00,1272.24
2023-06-15 02:00:00,1231.48
2023-06-15 03:00:00,1265.49
2023-06-15 04:00:00,1233.71
2023-06-15 05:00:00,1268.85
2023-06-15 06:00:00,1269.33
2023-06-15 07:00:00,1201.27
2023-06-15 08:00:00,1312.42
2023-06-15 09:00:00,1281.15
2023-06-15 10:00:00,1218.08
2023-06-15 11:00:00,1182.46
2023-06-15 12:00:00,1210.43
2023-06-15 13:00:00,1187.07
2023-06-15 14:00:00,1180.67
2023-06-15 15:00:00,1163.32
2023-06-15 16:00:00,1163.23
2023-06-15 17:00:00,1185.46
2023-06-15 18:00:00,1157.04
2023-06-15 19:00:00,1110.55
2023-06-15 20:00:00,1188.92
2023-06-15 21:00:00,1206.79
2023-06-15 22:00:00,1264.56
2023-06-15 23:00:00,1150.77
2023-06-16 00:00:00,1207.29
2023-06-16 01:00:00,1153.07
2023-06-16 02:00:00,1246.59
2023-06-16 03:00:00,1225.98
2023-06-16 04:00:00,1309.66
2023-06-16 05:00:00,1234.72
2023-06-16 06:00:00,1209.32
2023-06-16 07:00:00,1243.82
2023-06-16 08:00:00,1192.7
2023-06-16 09:00:00,1264.96
2023-06-16 10:00:00,1168.05
2023-06-16 11:00:00,1216.38
2023-06-16 12:00:00,1137.67
2023-06-16 13:00:00,1174.86
2023-06-16 14:00:00,1219.3
2023-06-16 15:00:00,1168.39
2023-06-16 16:00:00,1122.13
2023-06-16 17:00:00,1141.11
2023-06-16 18:00:00,1140.54
2023-06-16 19:00:00,1156.22
2023-06-16 20:00:00,1107.03
2023-06-16 21:00:00,1175.35
2023-06-16 22:00:00,1088.87
2023-06-16 23:00:00,1165.57
2023-06-17 00:00:00,1125.35
2023-06-17 01:00:00,1173.75
2023-06-17 02:00:00,1169.18
2023-06-17 03:00:00,1138.14
2023-06-17 04:00:00,1159.81
2023-06-17 05:00:00,1201.02
2023-06-17 06:00:00,1194.63
2023-06-17 07:00:00,1177.68
2023-06-17 08:00:00,1174.94
2023-06-17 09:00:00,1201.19
2023-06-17 10:00:00,1152.97
2023-06-17 11:00:00,1152.11
2023-06-17 12:00:00,1205.1
2023-06-17 13:00:00,1082.54
2023-06-17 14:00:00,1055.94
2023-06-17 15:00:00,1123.2
2023-06-17 16:00:00,1070.28
2023-06-17 17:00:00,1075.4
2023-06-17 18:00:00,1059.57
2023-06-17 19:00:00,1077.15
2023-06-17 20:00:00,1138.59
2023-06-17 21:00:00,1123.76
2023-06-17 22:00:00,1137.37
2023-06-17 23:00:00,1082.76
2023-06-18 00:00:00,1105.47
2023-06-18 01:00:00,1069.58
2023-06-18 02:00:00,1144.22
2023-06-18 03:00:00,1209.01
2023-06-18 04:00:00,1204.87
2023-06-18 05:00:00,1188.41
2023-06-18 06:00:00,1196.33
2023-06-18 07:00:00,1174.39
2023-06-18 08:00:00,1195.51
2023-06-18 09:00:00,1203.28
2023-06-18 10:00:00,1120.02
2023-06-18 11:00:00,1163.74
2023-06-18 12:00:00,1167.97
2023-06-18 13:00:00,1112.79
2023-06-18 14:00:00,1132.52
2023-06-18 15:00:00,1184.13
2023-06-18 16:00:00,1087.51
2023-06-18 17:00:00,1096.74
2023-06-18 18:00:00,1060.86
2023-06-18 19:00:00,1090.38
2023-06-18 20:00:00,1104.44
2023-06-18 21:00:00,1105.54
2023-06-18 22:00:00,1080.91
2023-06-18 23:00:00,1131.44
2023-06-19 00:00:00,1243.87
2023-06-19 01:00:00,1228.99
2023-06-19 02:00:00,1258.86
2023-06-19 03:00:00,1235.32
2023-06-19 04:00:00,1274.46
2023-06-19 05:00:00,1266.33
2023-06-19 06:00:00,1231.47
2023-06-19 07:00:00,1267.51
2023-06-19 08:00:00,1222.21
2023-06-19 09:00:00,1223.44
2023-06-19 10:00:00,1235.68
2023-06-19 11:00:00,1224.45
2023-06-19 12:00:00,1164.32
2023-06-19 13:00:00,1216.09
2023-06-19 14:00:00,1187.16
2023-06-19 15:00:00,1136.43
2023-06-19 16:00:00,1101.91
2023-06-19 17:00:00,1137.7
2023-06-19 18:00:00,1126.62
2023-06-19 19:00:00,1145.44
2023-06-19 20:00:00,1137.14
2023-06-19 21:00:00,1097.35
2023-06-19 22:00:00,1158.35
2023-06-19 23:00:00,1175.3
2023-06-20 00:00:00,1219.01
2023-06-20 01:00:00,1194.58
2023-06-20 02:00:00,1280.36
2023-06-20 03:00:00,1185.08
2023-06-20 04:00:00,1291.3
2023-06-20 05:00:00,1251.23
2023-06-20 06:00:00,1285.79
2023-06-20 07:00:00,1260.35
2023-06-20 08:00:00,1286.15
2023-06-20 09:00:00,1230.81
2023-06-20 10:00:00,1197.04
2023-06-20 11:00:00,1258.14
2023-06-20 12:00:00,1196.6
2023-06-20 13:00:00,1191.12
2023-06-20 14:00:00,1207.04
2023-06-20 15:00:00,1126.61
2023-06-20 16:00:00,1165.9
2023-06-20 17:00:00,1124.35
2023-06-20 18:00:00,1136.03
2023-06-20 19:00:00,1144.21
2023-06-20 20:00:00,1103.03
2023-06-20 21:00:00,1134.21
2023-06-20 22:00:00,1210.53
2023-06-20 23:00:00,1211.06
2023-06-21 00:00:00,1198.12
2023-06-21 01:00:00,1222.82
2023-06-21 02:00:00,1221.17
2023-06-21 03:00:00,1283.12
2023-06-21 04:00:00,1245.95
2023-06-21 05:00:00,1264.91
2023-06-21 06:00:00,1294.38
2023-06-21 07:00:00,1234.63
2023-06-21 08:00:00,1298.73
2023-06-21 09:00:00,1196.51
2023-06-21 10:00:00,1278.89
2023-06-21 11:00:00,1204.35
2023-06-21 12:00:00,1192.72
2023-06-21 13:00:00,1127.77
2023-06-21 14:00:00,1156.36
2023-06-21 15:00:00,1126.38
2023-06-21 16:00:00,1129.81
2023-06-21 17:00:00,1137.93
2023-06-21 18:00:00,1168.73
2023-06-21 19:00:00,1148.27
2023-06-21 20:00:00,1157.27
2023-06-21 21:00:00,1124.71
2023-06-21 22:00:00,1143.58
2023-06-21 23:00:00,1238.43
2023-06-22 00:00:00,1177.94
2023-06-22 01:00:00,1265.22
2023-06-22 02:00:00,1222.71
2023-06-22 03:00:00,1242.5
2023-06-22 04:00:00,1284.07
2023-06-22 05:00:00,1296.11
2023-06-22 06:00:00,1256.68
2023-06-22 07:00:00,1246.31
2023-06-22 08:00:00,1250.28
2023-06-22 09:00:00,1252.57
2023-06-22 10:00:00,1256.74
2023-06-22 11:00:00,1215.66
2023-06-22 12:00:00,1218.57
2023-06-22 13:00:00,1233.62
2023-06-22 14:00:00,1181.44
2023-06-22 15:00:00,1166.92
2023-06-22 16:00:00,1102.47
2023-06-22 17:00:00,1063.12
2023-06-22 18:00:00,1151.65
2023-06-22 19:00:00,1139.2
2023-06-22 20:00:00,1132.59
2023-06-22 21:00:00,1164.88
2023-06-22 22:00:00,1168.19
2023-06-22 23:00:00,1218.3
2023-06-23 00:00:00,1202.58
2023-06-23 01:00:00,1193.12
2023-06-23 02:00:00,1259.7
2023-06-23 03:00:00,1235.91
2023-06-23 04:00:00,1267.76
2023-06-23 05:00:00,1243.63
2023-06-23 06:00:00,1240.51
2023-06-23 07:00:00,1260.48
2023-06-23 08:00:00,1252.35
2023-06-23 09:00:00,1256.82
2023-06-23 10:00:00,1221.94
2023-06-23 11:00:00,1160.44
2023-06-23 12:00:00,1187.02
2023-06-23 13:00:00,1208.29
2023-06-23 14:00:00,1161.08
2023-06-23 15:00:00,1150.18
2023-06-23 16:00:00,1177.63
2023-06-23 17:00:00,1120.69
2023-06-23 18:00:00,1093.72
2023-06-23 19:00:00,1137.23
2023-06-23 20:00:00,1133.51
2023-06-23 21:00:00,1128.59
2023-06-23 22:00:00,1164.74
2023-06-23 23:00:00,1199.22
2023-06-24 00:00:00,1139.72
2023-06-24 01:00:00,1163.96
2023-06-24 02:00:00,1222.9
2023-06-24 03:00:00,1170.02
2023-06-24 04:00:00,1197.71
2023-06-24 05:00:00,1179.78
2023-06-24 06:00:00,1171.61
2023-06-24 07:00:00,1177.51
2023-06-24 08:00:00,1175.0
2023-06-24 09:00:00,1191.09
2023-06-24 10:00:00,1238.97
2023-06-24 11:00:00,1133.27
2023-06-24 12:00:00,1127.5
2023-06-24 13:00:00,1123.35
2023-06-24 14:00:00,1123.37
2023-06-24 15:00:00,1107.6
2023-06-24 16:00:00,1129.16
2023-06-24 17:00:00,1012.15
2023-06-24 18:00:00,1011.39
2023-06-24 19:00:00,1070.07
2023-06-24 20:00:00,1123.56
2023-06-24 21:00:00,1052.73
2023-06-24 22:00:00,1021.27
2023-06-24 23:00:00,1142.38
2023-06-25 00:00:00,1147.31
2023-06-25 01:00:00,1122.05
2023-06-25 02:00:00,1138.93
2023-06-25 03:00:00,1151.21
2023-06-25 04:00:00,1192.68
2023-06-25 05:00:00,1176.27
2023-06-25 06:00:00,1211.82
2023-06-25 07:00:00,1109.42
2023-06-25 08:00:00,1163.66
2023-06-25 09:00:00,1146.52
2023-06-25 10:00:00,1160.81
2023-06-25 11:00:00,1138.61
2023-06-25 12:00:00,1163.94
2023-06-25 13:00:00,1069.47
2023-06-25 14:00:00,1112.86
2023-06-25 15:00:00,1116.45
2023-06-25 16:00:00,1146.34
2023-06-25 17:00:00,1070.49
2023-06-25 18:00:00,1092.73
2023-06-25 19:00:00,1030.83
2023-06-25 20:00:00,1018.88
2023-06-25 21:00:00,1125.04
2023-06-25 22:00:00,1111.33
2023-06-25 23:00:00,1160.6
2023-06-26 00:00:00,1158.8
2023-06-26 01:00:00,1231.13
2023-06-26 02:00:00,1286.06
2023-06-26 03:00:00,1255.02
2023-06-26 04:00:00,1260.26
2023-06-26 05:00:00,1258.21
2023-06-26 06:00:00,1212.87
2023-06-26 07:00:00,1298.62
2023-06-26 08:00:00,1233.64
2023-06-26 09:00:00,1257.56
2023-06-26 10:00:00,1183.11
2023-06-26 11:00:00,1180.15
2023-06-26 12:00:00,1243.05
2023-06-26 13:00:00,1174.05
2023-06-26 14:00:00,1213.6
2023-06-26 15:00:00,1155.23
2023-06-26 16:00:00,1092.78
2023-06-26 17:00:00,1168.81
2023-06-26 18:00:00,1122.3
2023-06-26 19:00:00,1163.01
2023-06-26 20:00:00,1148.79
2023-06-26 21:00:00,1111.28
2023-06-26 22:00:00,1174.93
2023-06-26 23:00:00,1250.36
2023-06-27 00:00:00,1214.79
2023-06-27 01:00:00,1213.8
2023-06-27 02:00:00,1262.26
2023-06-27 03:00:00,1248.75
2023-06-27 04:00:00,1258.25
2023-06-27 05:00:00,1225.21
2023-06-27 06:00:00,1267.02
2023-06-27 07:00:00,1289.02
2023-06-27 08:00:00,1226.88
2023-06-27 09:00:00,1285.16
2023-06-27 10:00:00,1227.25
2023-06-27 11:00:00,1188.9
2023-06-27 12:00:00,1229.93
2023-06-27 13:00:00,1175.87
2023-06-27 14:00:00,1192.79
2023-06-27 15:00:00,1148.82
2023-06-27 16:00:00,1146.24
2023-06-27 17:00:00,1156.85
2023-06-27 18:00:00,1148.73
2023-06-27 19:00:00,1082.18
2023-06-27 20:00:00,1114.4
2023-06-27 21:00:00,1185.46
2023-06-27 22:00:00,1166.04
2023-06-27 23:00:00,1168.76
2023-06-28 00:00:00,1159.24
2023-06-28 01:00:00,1183.14
2023-06-28 02:00:00,1169.35
2023-06-28 03:00:00,1239.39
2023-06-28 04:00:00,1234.01
2023-06-28 05:00:00,1228.96
2023-06-28 06:00:00,1257.96
2023-06-28 07:00:00,1268.87
2023-06-28 08:00:00,1314.76
2023-06-28 09:00:00,1197.07
2023-06-28 10:00:00,1264.78
2023-06-28 11:00:00,1244.72
2023-06-28 12:00:00,1176.63
2023-06-28 13:00:00,1190.57
2023-06-28 14:00:00,1156.27
2023-06-28 15:00:00,1163.14
2023-06-28 16:00:00,1193.31
2023-06-28 17:00:00,1160.21
2023-06-28 18:00:00,1155.26
2023-06-28 19:00:00,1129.14
2023-06-28 20:00:00,1103.52
2023-06-28 21:00:00,1151.32
2023-06-28 22:00:00,1206.2
2023-06-28 23:00:00,1138.66
2023-06-29 00:00:00,1168.35
2023-06-29 01:00:00,1219.32
2023-06-29 02:00:00,1200.46
2023-06-29 03:00:00,1218.65
2023-06-29 04:00:00,1239.25
2023-06-29 05:00:00,1216.99
2023-06-29 06:00:00,1230.78
2023-06-29 07:00:00,1279.06
2023-06-29 08:00:00,1212.74
2023-06-29 09:00:00,1194.49
2023-06-29 10:00:00,1211.1
2023-06-29 11:00:00,1237.49
2023-06-29 12:00:00,1194.09
2023-06-29 13:00:00,1170.53
2023-06-29 14:00:00,1171.33
2023-06-29 15:00:00,1105.2
2023-06-29 16:00:00,1162.88
2023-06-29 17:00:00,1153.55
2023-06-29 18:00:00,1127.72
2023-06-29 19:00:00,1172.22
2023-06-29 20:00:00,1114.21
2023-06-29 21:00:00,1191.41
2023-06-29 22:00:00,1174.63
2023-06-29 23:00:00,1174.37
2023-06-30 00:00:00,1199.4
2023-06-30 01:00:00,1212.31
2023-06-30 02:00:00,1266.61
2023-06-30 03:00:00,1210.13
2023-06-30 04:00:00,1229.09
2023-06-30 05:00:00,1289.04
2023-06-30 06:00:00,1242.13
2023-06-30 07:00:00,1284.97
2023-06-30 08:00:00,1302.94
2023-06-30 09:00:00,1230.37
2023-06-30 10:00:00,1250.44
2023-06-30 11:00:00,1180.92
2023-06-30 12:00:00,1222.64
2023-06-30 13:00:00,1190.45
2023-06-30 14:00:00,1184.19
2023-06-30 15:00:00,1138.21
2023-06-30 16:00:00,1098.21
2023-06-30 17:00:00,1157.14
2023-06-30 18:00:00,1078.1
2023-06-30 19:00:00,1132.52
2023-06-30 20:00:00,1176.27
2023-06-30 21:00:00,1163.33
2023-06-30 22:00:00,1228.45
2023-06-30 23:00:00,1215.22
2023-07-01 00:00:00,1120.38
2023-07-01 01:00:00,1155.57
2023-07-01 02:00:00,1167.08
2023-07-01 03:00:00,1132.84
2023-07-01 04:00:00,1161.15
2023-07-01 05:00:00,1178.23
2023-07-01 06:00:00,1135.91
2023-07-01 07:00:00,1196.48
2023-07-01 08:00:00,1181.89
2023-07-01 09:00:00,1130.12
2023-07-01 10:00:00,1180.63
2023-07-01 11:00:00,1176.23
2023-07-01 12:00:00,1146.81
2023-07-01 13:00:00,1115.53
2023-07-01 14:00:00,1129.24
2023-07-01 15:00:00,1120.1
2023-07-01 16:00:00,1099.86
2023-07-01 17:00:00,1060.2
2023-07-01 18:00:00,1091.3
2023-07-01 19:00:00,1120.81
2023-07-01 20:00:00,1072.74
2023-07-01 21:00:00,1162.63
2023-07-01 22:00:00,1095.73
2023-07-01 23:00:00,1126.22
2023-07-02 00:00:00,1119.83
2023-07-02 01:00:00,1161.45
2023-07-02 02:00:00,1116.23
2023-07-02 03:00:00,1163.92
2023-07-02 04:00:00,1156.6
2023-07-02 05:00:00,1199.12
2023-07-02 06:00:00,1226.83
2023-07-02 07:00:00,1214.44
2023-07-02 08:00:00,1118.21
2023-07-02 09:00:00,1241.57
2023-07-02 10:00:00,1177.36
2023-07-02 11:00:00,1131.46
2023-07-02 12:00:00,1144.71
2023-07-02 13:00:00,1130.53
2023-07-02 14:00:00,1091.49
2023-07-02 15:00:00,1105.63
2023-07-02 16:00:00,1072.41
2023-07-02 17:00:00,1072.81
2023-07-02 18:00:00,1062.41
2023-07-02 19:00:00,1041.96
2023-07-02 20:00:00,1095.01
2023-07-02 21:00:00,1117.25
2023-07-02 22:00:00,1126.95
2023-07-02 23:00:00,1149.85
2023-07-03 00:00:00,1209.73
2023-07-03 01:00:00,1199.55
2023-07-03 02:00:00,1255.19
2023-07-03 03:00:00,1201.7
2023-07-03 04:00:00,1224.94
2023-07-03 05:00:00,1229.03
2023-07-03 06:00:00,1292.4
2023-07-03 07:00:00,1286.24
2023-07-03 08:00:00,1266.58
2023-07-03 09:00:00,1274.58
2023-07-03 10:00:00,1203.62
2023-07-03 11:00:00,1225.99
2023-07-03 12:00:00,1196.24
2023-07-03 13:00:00,1209.88
2023-07-03 14:00:00,1166.54
2023-07-03 15:00:00,1146.03
2023-07-03 16:00:00,1164.27
2023-07-03 17:00:00,1168.33
2023-07-03 18:00:00,1119.95
2023-07-03 19:00:00,1140.21
2023-07-03 20:00:00,1116.29
2023-07-03 21:00:00,1082.63
2023-07-03 22:00:00,1176.01
2023-07-03 23:00:00,1202.74
2023-07-04 00:00:00,1207.86
2023-07-04 01:00:00,1157.04
2023-07-04 02:00:00,1219.47
2023-07-04 03:00:00,1175.88
2023-07-04 04:00:00,1293.05
2023-07-04 05:00:00,1225.37
2023-07-04 06:00:00,1297.66
2023-07-04 07:00:00,1286.33
2023-07-04 08:00:00,1224.94
2023-07-04 09:00:00,1208.44
2023-07-04 10:00:00,1240.51
2023-07-04 11:00:00,1190.2
2023-07-04 12:00:00,1203.07
2023-07-04 13:00:00,1169.99
2023-07-04 14:00:00,1116.57
2023-07-04 15:00:00,1090.66
2023-07-04 16:00:00,1154.84
2023-07-04 17:00:00,1125.2
2023-07-04 18:00:00,1123.41
2023-07-04 19:00:00,1162.92
2023-07-04 20:00:00,1183.24
2023-07-04 21:00:00,1149.4
2023-07-04 22:00:00,1159.78
2023-07-04 23:00:00,1199.48
2023-07-05 00:00:00,1159.29
2023-07-05 01:00:00,1222.22
2023-07-05 02:00:00,1246.56
2023-07-05 03:00:00,1262.83
2023-07-05 04:00:00,1193.86
2023-07-05 05:00:00,1235.11
2023-07-05 06:00:00,1233.65
2023-07-05 07:00:00,1260.95
2023-07-05 08:00:00,1266.38
2023-07-05 09:00:00,1287.33
2023-07-05 10:00:00,1215.15
2023-07-05 11:00:00,1200.6
2023-07-05 12:00:00,1234.49
2023-07-05 13:00:00,1193.37
2023-07-05 14:00:00,1208.03
2023-07-05 15:00:00,1166.24
2023-07-05 16:00:00,1113.32
2023-07-05 17:00:00,1102.05
2023-07-05 18:00:00,1093.45
2023-07-05 19:00:00,1161.91
2023-07-05 20:00:00,1183.7
2023-07-05 21:00:00,1213.05
2023-07-05 22:00:00,1195.29
2023-07-05 23:00:00,1219.36
2023-07-06 00:00:00,1182.6
2023-07-06 01:00:00,1180.84
2023-07-06 02:00:00,1255.5
2023-07-06 03:00:00,1254.96
2023-07-06 04:00:00,1255.18
2023-07-06 05:00:00,1269.58
2023-07-06 06:00:00,1269.7
2023-07-06 07:00:00,1296.47
2023-07-06 08:00:00,1290.81
2023-07-06 09:00:00,1258.75
2023-07-06 10:00:00,1255.37
2023-07-06 11:00:00,1230.95
2023-07-06 12:00:00,1186.16
2023-07-06 13:00:00,1207.17
2023-07-06 14:00:00,1128.17
2023-07-06 15:00:00,1189.19
2023-07-06 16:00:00,1112.2
2023-07-06 17:00:00,1150.62
2023-07-06 18:00:00,1114.65
2023-07-06 19:00:00,1158.65
2023-07-06 20:00:00,1147.02
2023-07-06 21:00:00,1109.73
2023-07-06 22:00:00,1182.62
2023-07-06 23:00:00,1167.13
2023-07-07 00:00:00,1226.43
2023-07-07 01:00:00,1215.57
2023-07-07 02:00:00,1241.86
2023-07-07 03:00:00,1213.7
2023-07-07 04:00:00,1234.28
2023-07-07 05:00:00,1244.2
2023-07-07 06:00:00,1285.7
2023-07-07 07:00:00,1308.28
2023-07-07 08:00:00,1227.81
2023-07-07 09:00:00,1274.73
2023-07-07 10:00:00,1164.91
2023-07-07 11:00:00,1179.7
2023-07-07 12:00:00,1171.24
2023-07-07 13:00:00,1143.9
2023-07-07 14:00:00,1122.49
2023-07-07 15:00:00,1169.96
2023-07-07 16:00:00,1141.62
2023-07-07 17:00:00,1153.43
2023-07-07 18:00:00,1160.71
2023-07-07 19:00:00,1150.01
2023-07-07 20:00:00,1167.77
2023-07-07 21:00:00,1155.49
2023-07-07 22:00:00,1134.39
2023-07-07 23:00:00,1216.21
2023-07-08 00:00:00,1122.33
2023-07-08 01:00:00,1126.68
2023-07-08 02:00:00,1163.16
2023-07-08 03:00:00,1152.92
2023-07-08 04:00:00,1176.84
2023-07-08 05:00:00,1205.38
2023-07-08 06:00:00,1207.45
2023-07-08 07:00:00,1168.12
2023-07-08 08:00:00,1174.73
2023-07-08 09:00:00,1212.54
2023-07-08 10:00:00,1183.39
2023-07-08 11:00:00,1217.0
2023-07-08 12:00:00,1175.4
2023-07-08 13:00:00,1159.58
2023-07-08 14:00:00,1069.86
2023-07-08 15:00:00,1122.61
2023-07-08 16:00:00,1089.04
2023-07-08 17:00:00,1068.41
2023-07-08 18:00:00,1088.04
2023-07-08 19:00:00,1113.3
2023-07-08 20:00:00,1105.66
2023-07-08 21:00:00,1073.34
2023-07-08 22:00:00,1133.77
2023-07-08 23:00:00,1106.12
2023-07-09 00:00:00,1146.5
2023-07-09 01:00:00,1145.65
2023-07-09 02:00:00,1161.93
2023-07-09 03:00:00,1203.29
2023-07-09 04:00:00,1158.16
2023-07-09 05:00:00,1253.41
2023-07-09 06:00:00,1142.37
2023-07-09 07:00:00,1177.13
2023-07-09 08:00:00,1200.47
2023-07-09 09:00:00,1197.83
2023-07-09 10:00:00,1165.49
2023-07-09 11:00:00,1153.03
2023-07-09 12:00:00,1152.32
2023-07-09 13:00:00,1118.32
2023-07-09 14:00:00,1153.3
2023-07-09 15:00:00,1124.88
2023-07-09 16:00:00,1116.82
2023-07-09 17:00:00,1055.96
2023-07-09 18:00:00,1080.62
2023-07-09 19:00:00,1075.93
2023-07-09 20:00:00,1060.47
2023-07-09 21:00:00,1110.5
2023-07-09 22:00:00,1095.37
2023-07-09 23:00:00,1144.91
2023-07-10 00:00:00,1167.89
2023-07-10 01:00:00,1267.1
2023-07-10 02:00:00,1203.11
2023-07-10 03:00:00,1249.01
2023-07-10 04:00:00,1275.72
2023-07-10 05:00:00,1240.84
2023-07-10 06:00:00,1285.57
2023-07-10 07:00:00,1221.08
2023-07-10 08:00:00,1295.53
2023-07-10 09:00:00,1242.85
2023-07-10 10:00:00,1212.11
2023-07-10 11:00:00,1206.55
2023-07-10 12:00:00,1224.27
2023-07-10 13:00:00,1166.94
2023-07-10 14:00:00,1147.52
2023-07-10 15:00:00,1150.93
2023-07-10 16:00:00,1112.73
2023-07-10 17:00:00,1196.66
2023-07-10 18:00:00,1123.01
2023-07-10 19:00:00,1166.99
2023-07-10 20:00:00,1154.32
2023-07-10 21:00:00,1128.04
2023-07-10 22:00:00,1169.82
2023-07-10 23:00:00,1207.99
2023-07-11 00:00:00,1194.35
2023-07-11 01:00:00,1251.32
2023-07-11 02:00:00,1260.65
2023-07-11 03:00:00,1269.99
2023-07-11 04:00:00,1238.17
2023-07-11 05:00:00,1225.56
2023-07-11 06:00:00,1241.59
2023-07-11 07:00:00,1263.84
2023-07-11 08:00:00,1268.34
2023-07-11 09:00:00,1177.28
2023-07-11 10:00:00,1229.76
2023-07-11 11:00:00,1220.27
2023-07-11 12:00:00,1191.67
2023-07-11 13:00:00,1223.21
2023-07-11 14:00:00,1182.65
2023-07-11 15:00:00,1196.88
2023-07-11 16:00:00,1141.56
2023-07-11 17:00:00,1170.17
2023-07-11 18:00:00,1189.05
2023-07-11 19:00:00,1181.4
2023-07-11 20:00:00,1115.27
2023-07-11 21:00:00,1149.96
2023-07-11 22:00:00,1159.65
2023-07-11 23:00:00,1199.15
2023-07-12 00:00:00,1220.59
2023-07-12 01:00:00,1190.36
2023-07-12 02:00:00,1232.04
2023-07-12 03:00:00,1181.83
2023-07-12 04:00:00,1295.22
2023-07-12 05:00:00,1242.58
2023-07-12 06:00:00,1261.68
2023-07-12 07:00:00,1248.67
2023-07-12 08:00:00,1286.34
2023-07-12 09:00:00,1157.3
2023-07-12 10:00:00,1229.5
2023-07-12 11:00:00,1212.35
2023-07-12 12:00:00,1186.39
2023-07-12 13:00:00,1236.26
2023-07-12 14:00:00,1143.38
2023-07-12 15:00:00,1180.73
2023-07-12 16:00:00,1158.73
2023-07-12 17:00:00,1179.89
2023-07-12 18:00:00,1119.98
2023-07-12 19:00:00,1120.06
2023-07-12 20:00:00,1180.92
2023-07-12 21:00:00,1170.33
2023-07-12 22:00:00,1123.65
2023-07-12 23:00:00,1168.29
2023-07-13 00:00:00,1211.59
2023-07-13 01:00:00,1240.66
2023-07-13 02:00:00,1209.62
2023-07-13 03:00:00,1155.0
2023-07-13 04:00:00,1267.66
2023-07-13 05:00:00,1221.35
2023-07-13 06:00:00,1199.48
2023-07-13 07:00:00,1172.99
2023-07-13 08:00:00,1276.38
2023-07-13 09:00:00,1246.28
2023-07-13 10:00:00,1223.23
2023-07-13 11:00:00,1257.2
2023-07-13 12:00:00,1219.12
2023-07-13 13:00:00,1232.96
2023-07-13 14:00:00,1128.22
2023-07-13 15:00:00,1156.54
2023-07-13 16:00:00,1099.54
2023-07-13 17:00:00,1135.16
2023-07-13 18:00:00,1132.54
2023-07-13 19:00:00,1160.84
2023-07-13 20:00:00,1149.41
2023-07-13 21:00:00,1176.28
2023-07-13 22:00:00,1191.1
2023-07-13 23:00:00,1249.12
2023-07-14 00:00:00,1190.54
2023-07-14 01:00:00,1187.3
2023-07-14 02:00:00,1237.38
2023-07-14 03:00:00,1218.36
2023-07-14 04:00:00,1296.42
2023-07-14 05:00:00,1249.46
2023-07-14 06:00:00,1243.03
2023-07-14 07:00:00,1243.82
2023-07-14 08:00:00,1273.51
2023-07-14 09:00:00,1237.69
2023-07-14 10:00:00,1210.75
2023-07-14 11:00:00,1265.49
2023-07-14 12:00:00,1174.31
2023-07-14 13:00:00,1185.54
2023-07-14 14:00:00,1189.57
2023-07-14 15:00:00,1108.63
2023-07-14 16:00:00,1162.45
2023-07-14 17:00:00,1110.39
2023-07-14 18:00:00,1164.68
2023-07-14 19:00:00,1113.16
2023-07-14 20:00:00,1168.82
2023-07-14 21:00:00,1190.75
2023-07-14 22:00:00,1195.84
2023-07-14 23:00:00,1192.01
2023-07-15 00:00:00,1133.06
2023-07-15 01:00:00,1137.46
2023-07-15 02:00:00,1212.63
2023-07-15 03:00:00,1159.32
2023-07-15 04:00:00,1158.25
2023-07-15 05:00:00,1215.02
2023-07-15 06:00:00,1173.12
2023-07-15 07:00:00,1166.56
2023-07-15 08:00:00,1146.06
2023-07-15 09:00:00,1165.82
2023-07-15 10:00:00,1166.02
2023-07-15 11:00:00,1162.05
2023-07-15 12:00:00,1168.54
2023-07-15 13:00:00,1141.05
2023-07-15 14:00:00,1105.77
2023-07-15 15:00:00,1093.75
2023-07-15 16:00:00,1105.94
2023-07-15 17:00:00,1123.12
2023-07-15 18:00:00,1086.79
2023-07-15 19:00:00,1070.87
2023-07-15 20:00:00,1060.85
2023-07-15 21:00:00,1056.34
2023-07-15 22:00:00,1131.49
2023-07-15 23:00:00,1142.59
2023-07-16 00:00:00,1157.32
2023-07-16 01:00:00,1150.89
2023-07-16 02:00:00,1210.71
2023-07-16 03:00:00,1165.78
2023-07-16 04:00:00,1218.02
2023-07-16 05:00:00,1193.9
2023-07-16 06:00:00,1178.75
2023-07-16 07:00:00,1212.83
2023-07-16 08:00:00,1201.65
2023-07-16 09:00:00,1191.01
2023-07-16 10:00:00,1170.94
2023-07-16 11:00:00,1153.62
2023-07-16 12:00:00,1211.65
2023-07-16 13:00:00,1160.78
2023-07-16 14:00:00,1133.18
2023-07-16 15:00:00,1103.05
2023-07-16 16:00:00,1120.85
2023-07-16 17:00:00,1100.48
2023-07-16 18:00:00,1083.79
2023-07-16 19:00:00,1075.84
2023-07-16 20:00:00,1088.21
2023-07-16 21:00:00,1004.58
2023-07-16 22:00:00,1117.82
2023-07-16 23:00:00,1110.59
2023-07-17 00:00:00,1247.78
2023-07-17 01:00:00,1216.11
2023-07-17 02:00:00,1194.33
2023-07-17 03:00:00,1240.93
2023-07-17 04:00:00,1220.58
2023-07-17 05:00:00,1272.16
2023-07-17 06:00:00,1268.73
2023-07-17 07:00:00,1286.69
2023-07-17 08:00:00,1228.24
2023-07-17 09:00:00,1243.45
2023-07-17 10:00:00,1189.05
2023-07-17 11:00:00,1236.57
2023-07-17 12:00:00,1215.57
2023-07-17 13:00:00,1199.35
2023-07-17 14:00:00,1170.05
2023-07-17 15:00:00,1170.02
2023-07-17 16:00:00,1196.17
2023-07-17 17:00:00,1133.49
2023-07-17 18:00:00,1144.16
2023-07-17 19:00:00,1109.46
2023-07-17 20:00:00,1121.99
2023-07-17 21:00:00,1160.51
2023-07-17 22:00:00,1203.12
2023-07-17 23:00:00,1176.78
2023-07-18 00:00:00,1192.92
2023-07-18 01:00:00,1203.32
2023-07-18 02:00:00,1213.96
2023-07-18 03:00:00,1251.28
2023-07-18 04:00:00,1207.04
2023-07-18 05:00:00,1296.38
2023-07-18 06:00:00,1240.04
2023-07-18 07:00:00,1279.61
2023-07-18 08:00:00,1213.86
2023-07-18 09:00:00,1262.49
2023-07-18 10:00:00,1250.16
2023-07-18 11:00:00,1227.06
2023-07-18 12:00:00,1170.17
2023-07-18 13:00:00,1191.96
2023-07-18 14:00:00,1134.51
2023-07-18 15:00:00,1149.99
2023-07-18 16:00:00,1178.92
2023-07-18 17:00:00,1165.95
2023-07-18 18:00:00,1140.46
2023-07-18 19:00:00,1112.8
2023-07-18 20:00:00,1167.41
2023-07-18 21:00:00,1158.16
2023-07-18 22:00:00,1100.39
2023-07-18 23:00:00,1207.95
2023-07-19 00:00:00,1199.27
2023-07-19 01:00:00,1251.6
2023-07-19 02:00:00,1197.14
2023-07-19 03:00:00,1147.13
2023-07-19 04:00:00,1260.33
2023-07-19 05:00:00,1266.7
2023-07-19 06:00:00,1209.28
2023-07-19 07:00:00,1228.6
2023-07-19 08:00:00,1334.62
2023-07-19 09:00:00,1233.26
2023-07-19 10:00:00,1251.93
2023-07-19 11:00:00,1196.01
2023-07-19 12:00:00,1137.29
2023-07-19 13:00:00,1179.36
2023-07-19 14:00:00,1162.03
2023-07-19 15:00:00,1145.58
2023-07-19 16:00:00,1144.6
2023-07-19 17:00:00,1149.97
2023-07-19 18:00:00,1135.5
2023-07-19 19:00:00,1104.12
2023-07-19 20:00:00,1162.62
2023-07-19 21:00:00,1099.09
2023-07-19 22:00:00,1108.49
2023-07-19 23:00:00,1206.65
2023-07-20 00:00:00,1215.21
2023-07-20 01:00:00,1213.81
2023-07-20 02:00:00,1188.14
2023-07-20 03:00:00,1221.19
2023-07-20 04:00:00,1244.08
2023-07-20 05:00:00,1210.08
2023-07-20 06:00:00,1237.83
2023-07-20 07:00:00,1277.53
2023-07-20 08:00:00,1294.78
2023-07-20 09:00:00,1229.84
2023-07-20 10:00:00,1252.69
2023-07-20 11:00:00,1158.11
2023-07-20 12:00:00,1219.78
2023-07-20 13:00:00,1160.35
2023-07-20 14:00:00,1179.22
2023-07-20 15:00:00,1150.14
2023-07-20 16:00:00,1187.65
2023-07-20 17:00:00,1115.81
2023-07-20 18:00:00,1158.83
2023-07-20 19:00:00,1133.66
2023-07-20 20:00:00,1143.29
2023-07-20 21:00:00,1152.06
2023-07-20 22:00:00,1144.63
2023-07-20 23:00:00,1184.05
2023-07-21 00:00:00,1198.12
2023-07-21 01:00:00,1222.77
2023-07-21 02:00:00,1232.54
2023-07-21 03:00:00,1266.37
2023-07-21 04:00:00,1279.67
2023-07-21 05:00:00,1226.44
2023-07-21 06:00:00,1286.06
2023-07-21 07:00:00,1222.37
2023-07-21 08:00:00,1269.6
2023-07-21 09:00:00,1261.02
2023-07-21 10:00:00,1172.66
2023-07-21 11:00:00,1218.32
2023-07-21 12:00:00,1185.95
2023-07-21 13:00:00,1161.71
2023-07-21 14:00:00,1210.53
2023-07-21 15:00:00,1137.96
2023-07-21 16:00:00,1123.85
2023-07-21 17:00:00,1144.32
2023-07-21 18:00:00,1160.57
2023-07-21 19:00:00,1137.79
2023-07-21 20:00:00,1183.03
2023-07-21 21:00:00,1173.5
2023-07-21 22:00:00,1104.65
2023-07-21 23:00:00,1168.59
2023-07-22 00:00:00,1123.14
2023-07-22 01:00:00,1169.13
2023-07-22 02:00:00,1089.76
2023-07-22 03:00:00,1256.78
2023-07-22 04:00:00,1205.29
2023-07-22 05:00:00,1199.52
2023-07-22 06:00:00,1232.45
2023-07-22 07:00:00,1265.37
2023-07-22 08:00:00,1215.49
2023-07-22 09:00:00,1208.77
2023-07-22 10:00:00,1172.42
2023-07-22 11:00:00,1150.51
2023-07-22 12:00:00,1125.73
2023-07-22 13:00:00,1100.46
2023-07-22 14:00:00,1090.89
2023-07-22 15:00:00,1059.18
2023-07-22 16:00:00,1088.36
2023-07-22 17:00:00,1034.4
2023-07-22 18:00:00,1088.73
2023-07-22 19:00:00,1083.85
2023-07-22 20:00:00,1095.04
2023-07-22 21:00:00,1084.03
2023-07-22 22:00:00,1203.81
2023-07-22 23:00:00,1166.05
2023-07-23 00:00:00,1102.66
2023-07-23 01:00:00,1161.74
2023-07-23 02:00:00,1150.26
2023-07-23 03:00:00,1149.87
2023-07-23 04:00:00,1149.16
2023-07-23 05:00:00,1208.02
2023-07-23 06:00:00,1176.56
2023-07-23 07:00:00,1224.09
2023-07-23 08:00:00,1219.18
2023-07-23 09:00:00,1221.52
2023-07-23 10:00:00,1142.93
2023-07-23 11:00:00,1169.01
2023-07-23 12:00:00,1158.97
2023-07-23 13:00:00,1111.02
2023-07-23 14:00:00,1088.35
2023-07-23 15:00:00,1147.98
2023-07-23 16:00:00,1097.46
2023-07-23 17:00:00,1104.02
2023-07-23 18:00:00,1058.34
2023-07-23 19:00:00,1048.36
2023-07-23 20:00:00,1073.55
2023-07-23 21:00:00,1095.97
2023-07-23 22:00:00,1079.57
2023-07-23 23:00:00,1124.95
2023-07-24 00:00:00,1149.34
2023-07-24 01:00:00,1181.93
2023-07-24 02:00:00,1250.13
2023-07-24 03:00:00,1260.54
2023-07-24 04:00:00,1240.21
2023-07-24 05:00:00,1227.42
2023-07-24 06:00:00,1229.18
2023-07-24 07:00:00,1246.76
2023-07-24 08:00:00,1271.3
2023-07-24 09:00:00,1270.27
2023-07-24 10:00:00,1215.1
2023-07-24 11:00:00,1180.92
2023-07-24 12:00:00,1208.04
2023-07-24 13:00:00,1159.76
2023-07-24 14:00:00,1154.45
2023-07-24 15:00:00,1197.33
2023-07-24 16:00:00,1172.85
2023-07-24 17:00:00,1146.78
2023-07-24 18:00:00,1101.84
2023-07-24 19:00:00,1148.39
2023-07-24 20:00:00,1179.92
2023-07-24 21:00:00,1146.3
2023-07-24 22:00:00,1210.53
2023-07-24 23:00:00,1223.25
2023-07-25 00:00:00,1249.91
2023-07-25 01:00:00,1224.69
2023-07-25 02:00:00,1247.62
2023-07-25 03:00:00,1284.85
2023-07-25 04:00:00,1265.38
2023-07-25 05:00:00,1242.92
2023-07-25 06:00:00,1246.54
2023-07-25 07:00:00,1265.11
2023-07-25 08:00:00,1213.24
2023-07-25 09:00:00,1238.13
2023-07-25 10:00:00,1262.9
2023-07-25 11:00:00,1149.79
2023-07-25 12:00:00,1246.03
2023-07-25 13:00:00,1218.14
2023-07-25 14:00:00,1156.21
2023-07-25 15:00:00,1173.88
2023-07-25 16:00:00,1148.13
2023-07-25 17:00:00,1178.94
2023-07-25 18:00:00,1169.48
2023-07-25 19:00:00,1100.04
2023-07-25 20:00:00,1165.66
2023-07-25 21:00:00,1151.4
2023-07-25 22:00:00,1172.48
2023-07-25 23:00:00,1162.63
2023-07-26 00:00:00,1252.44
2023-07-26 01:00:00,1246.73
2023-07-26 02:00:00,1207.81
2023-07-26 03:00:00,1202.39
2023-07-26 04:00:00,1240.39
2023-07-26 05:00:00,1270.99
2023-07-26 06:00:00,1267.21
2023-07-26 07:00:00,1295.55
2023-07-26 08:00:00,1275.66
2023-07-26 09:00:00,1271.51
2023-07-26 10:00:00,1239.81
2023-07-26 11:00:00,1173.85
2023-07-26 12:00:00,1194.13
2023-07-26 13:00:00,1216.27
2023-07-26 14:00:00,1168.45
2023-07-26 15:00:00,1172.67
2023-07-26 16:00:00,1138.48
2023-07-26 17:00:00,1111.15
2023-07-26 18:00:00,1136.3
2023-07-26 19:00:00,1151.32
2023-07-26 20:00:00,1128.37
2023-07-26 21:00:00,1150.5
2023-07-26 22:00:00,1141.82
2023-07-26 23:00:00,1218.05
2023-07-27 00:00:00,1191.17
2023-07-27 01:00:00,1259.11
2023-07-27 02:00:00,1275.86
2023-07-27 03:00:00,1240.0
2023-07-27 04:00:00,1221.71
2023-07-27 05:00:00,1195.38
2023-07-27 06:00:00,1215.84
2023-07-27 07:00:00,1216.74
2023-07-27 08:00:00,1293.32
2023-07-27 09:00:00,1245.9
2023-07-27 10:00:00,1241.69
2023-07-27 11:00:00,1148.92
2023-07-27 12:00:00,1164.06
2023-07-27 13:00:00,1211.08
2023-07-27 14:00:00,1178.6
2023-07-27 15:00:00,1153.16
2023-07-27 16:00:00,1164.98
2023-07-27 17:00:00,1191.12
2023-07-27 18:00:00,1133.37
2023-07-27 19:00:00,1144.13
2023-07-27 20:00:00,1153.82
2023-07-27 21:00:00,1229.34
2023-07-27 22:00:00,1107.02
2023-07-27 23:00:00,1204.97
2023-07-28 00:00:00,1196.56
2023-07-28 01:00:00,1232.53
2023-07-28 02:00:00,1210.28
2023-07-28 03:00:00,1240.96
2023-07-28 04:00:00,1273.3
2023-07-28 05:00:00,1351.34
2023-07-28 06:00:00,1284.24
2023-07-28 07:00:00,1232.51
2023-07-28 08:00:00,1239.25
2023-07-28 09:00:00,1228.82
2023-07-28 10:00:00,1176.13
2023-07-28 11:00:00,1205.63
2023-07-28 12:00:00,1221.98
2023-07-28 13:00:00,1146.24
2023-07-28 14:00:00,1201.45
2023-07-28 15:00:00,1172.21
2023-07-28 16:00:00,1126.01
2023-07-28 17:00:00,1137.8
2023-07-28 18:00:00,1187.95
2023-07-28 19:00:00,1164.05
2023-07-28 20:00:00,1148.3
2023-07-28 21:00:00,1150.44
2023-07-28 22:00:00,1172.3
2023-07-28 23:00:00,1169.12
2023-07-29 00:00:00,1076.86
2023-07-29 01:00:00,1216.02
2023-07-29 02:00:00,1173.16
2023-07-29 03:00:00,1192.25
2023-07-29 04:00:00,1187.63
2023-07-29 05:00:00,1173.0
2023-07-29 06:00:00,1191.42
2023-07-29 07:00:00,1147.08
2023-07-29 08:00:00,1257.68
2023-07-29 09:00:00,1143.27
2023-07-29 10:00:00,1137.54
2023-07-29 11:00:00,1141.54
2023-07-29 12:00:00,1178.64
2023-07-29 13:00:00,1125.68
2023-07-29 14:00:00,1074.42
2023-07-29 15:00:00,1137.33
2023-07-29 16:00:00,1112.57
2023-07-29 17:00:00,1101.1
2023-07-29 18:00:00,1104.47
2023-07-29 19:00:00,1156.77
2023-07-29 20:00:00,1156.19
2023-07-29 21:00:00,1079.09
2023-07-29 22:00:00,1160.22
2023-07-29 23:00:00,1136.74
2023-07-30 00:00:00,1154.97
2023-07-30 01:00:00,1103.98
2023-07-30 02:00:00,1163.39
2023-07-30 03:00:00,1155.92
2023-07-30 04:00:00,1214.21
2023-07-30 05:00:00,1227.19
2023-07-30 06:00:00,1134.77
2023-07-30 07:00:00,1194.4
2023-07-30 08:00:00,1223.02
2023-07-30 09:00:00,1174.7
2023-07-30 10:00:00,1190.37
2023-07-30 11:00:00,1165.29
2023-07-30 12:00:00,1150.25
2023-07-30 13:00:00,1117.11
2023-07-30 14:00:00,1075.0
2023-07-30 15:00:00,1066.05
2023-07-30 16:00:00,1111.92
2023-07-30 17:00:00,1085.53
2023-07-30 18:00:00,1078.84
2023-07-30 19:00:00,1072.23
2023-07-30 20:00:00,1081.48
2023-07-30 21:00:00,1131.1
2023-07-30 22:00:00,1101.44
2023-07-30 23:00:00,1085.02
2023-07-31 00:00:00,1222.31
2023-07-31 01:00:00,1209.38
2023-07-31 02:00:00,1230.94
2023-07-31 03:00:00,1290.65
2023-07-31 04:00:00,1251.34
2023-07-31 05:00:00,1266.63
2023-07-31 06:00:00,1224.63
2023-07-31 07:00:00,1251.37
2023-07-31 08:00:00,1270.25
2023-07-31 09:00:00,1195.77
2023-07-31 10:00:00,1236.03
2023-07-31 11:00:00,1218.55
2023-07-31 12:00:00,1201.24
2023-07-31 13:00:00,1215.59
2023-07-31 14:00:00,1180.03
2023-07-31 15:00:00,1201.92
2023-07-31 16:00:00,1118.23
2023-07-31 17:00:00,1146.12
2023-07-31 18:00:00,1142.53
2023-07-31 19:00:00,1109.97
2023-07-31 20:00:00,1176.73
2023-07-31 21:00:00,1227.31
2023-07-31 22:00:00,1169.49
2023-07-31 23:00:00,1199.62
2023-08-01 00:00:00,1202.54
2023-08-01 01:00:00,1194.12
2023-08-01 02:00:00,1175.38
2023-08-01 03:00:00,1221.25
2023-08-01 04:00:00,1210.2
2023-08-01 05:00:00,1309.08
2023-08-01 06:00:00,1256.55
2023-08-01 07:00:00,1247.58
2023-08-01 08:00:00,1278.64
2023-08-01 09:00:00,1208.77
2023-08-01 10:00:00,1206.99
2023-08-01 11:00:00,1217.57
2023-08-01 12:00:00,1230.86
2023-08-01 13:00:00,1199.52
2023-08-01 14:00:00,1177.45
2023-08-01 15:00:00,1159.92
2023-08-01 16:00:00,1160.05
2023-08-01 17:00:00,1148.09
2023-08-01 18:00:00,1109.1
2023-08-01 19:00:00,1143.43
2023-08-01 20:00:00,1115.83
2023-08-01 21:00:00,1160.01
2023-08-01 22:00:00,1155.58
2023-08-01 23:00:00,1260.65
2023-08-02 00:00:00,1198.8
2023-08-02 01:00:00,1173.4
2023-08-02 02:00:00,1225.97
2023-08-02 03:00:00,1258.01
2023-08-02 04:00:00,1302.16
2023-08-02 05:00:00,1240.27
2023-08-02 06:00:00,1212.53
2023-08-02 07:00:00,1282.46
2023-08-02 08:00:00,1210.54
2023-08-02 09:00:00,1229.34
2023-08-02 10:00:00,1222.27
2023-08-02 11:00:00,1213.44
2023-08-02 12:00:00,1220.67
2023-08-02 13:00:00,1163.96
2023-08-02 14:00:00,1161.79
2023-08-02 15:00:00,1157.15
2023-08-02 16:00:00,1152.53
2023-08-02 17:00:00,1144.98
2023-08-02 18:00:00,1153.08
2023-08-02 19:00:00,1167.36
2023-08-02 20:00:00,1159.82
2023-08-02 21:00:00,1171.18
2023-08-02 22:00:00,1122.53
2023-08-02 23:00:00,1185.98
2023-08-03 00:00:00,1214.39
2023-08-03 01:00:00,1237.4
2023-08-03 02:00:00,1209.23
2023-08-03 03:00:00,1222.66
2023-08-03 04:00:00,1234.74
2023-08-03 05:00:00,1274.05
2023-08-03 06:00:00,1291.02
2023-08-03 07:00:00,1245.73
2023-08-03 08:00:00,1279.2
2023-08-03 09:00:00,1246.13
2023-08-03 10:00:00,1226.27
2023-08-03 11:00:00,1209.19
2023-08-03 12:00:00,1222.4
2023-08-03 13:00:00,1194.24
2023-08-03 14:00:00,1238.27
2023-08-03 15:00:00,1132.01
2023-08-03 16:00:00,1163.58
2023-08-03 17:00:00,1126.17
2023-08-03 18:00:00,1113.92
2023-08-03 19:00:00,1141.72
2023-08-03 20:00:00,1152.16
2023-08-03 21:00:00,1245.12
2023-08-03 22:00:00,1164.48
2023-08-03 23:00:00,1150.57
2023-08-04 00:00:00,1208.19
2023-08-04 01:00:00,1153.29
2023-08-04 02:00:00,1227.24
2023-08-04 03:00:00,1242.91
2023-08-04 04:00:00,1275.8
2023-08-04 05:00:00,1287.16
2023-08-04 06:00:00,1244.89
2023-08-04 07:00:00,1253.44
2023-08-04 08:00:00,1228.98
2023-08-04 09:00:00,1208.58
2023-08-04 10:00:00,1239.3
2023-08-04 11:00:00,1177.32
2023-08-04 12:00:00,1187.56
2023-08-04 13:00:00,1154.62
2023-08-04 14:00:00,1186.49
2023-08-04 15:00:00,1211.62
2023-08-04 16:00:00,1108.99
2023-08-04 17:00:00,1086.45
2023-08-04 18:00:00,1136.25
2023-08-04 19:00:00,1142.52
2023-08-04 20:00:00,1154.6
2023-08-04 21:00:00,1144.18
2023-08-04 22:00:00,1163.98
2023-08-04 23:00:00,1195.5
2023-08-05 00:00:00,1171.21
2023-08-05 01:00:00,1096.1
2023-08-05 02:00:00,1157.43
2023-08-05 03:00:00,1186.72
2023-08-05 04:00:00,1161.82
2023-08-05 05:00:00,1246.99
2023-08-05 06:00:00,1177.94
2023-08-05 07:00:00,1193.82
2023-08-05 08:00:00,1206.04
2023-08-05 09:00:00,1162.57
2023-08-05 10:00:00,1113.1
2023-08-05 11:00:00,1141.89
2023-08-05 12:00:00,1170.88
2023-08-05 13:00:00,1115.14
2023-08-05 14:00:00,1086.11
2023-08-05 15:00:00,1127.47
2023-08-05 16:00:00,1080.71
2023-08-05 17:00:00,1069.64
2023-08-05 18:00:00,1087.48
2023-08-05 19:00:00,1108.06
2023-08-05 20:00:00,1162.09
2023-08-05 21:00:00,1124.51
2023-08-05 22:00:00,1146.3
2023-08-05 23:00:00,1110.07
2023-08-06 00:00:00,1109.22
2023-08-06 01:00:00,1156.62
2023-08-06 02:00:00,1171.72
2023-08-06 03:00:00,1147.95
2023-08-06 04:00:00,1184.1
2023-08-06 05:00:00,1207.04
2023-08-06 06:00:00,1207.81
2023-08-06 07:00:00,1210.19
2023-08-06 08:00:00,1198.09
2023-08-06 09:00:00,1165.09
2023-08-06 10:00:00,1153.08
2023-08-06 11:00:00,1118.78
2023-08-06 12:00:00,1193.54
2023-08-06 13:00:00,1125.65
2023-08-06 14:00:00,1104.75
2023-08-06 15:00:00,1071.83
2023-08-06 16:00:00,1178.71
2023-08-06 17:00:00,1052.74
2023-08-06 18:00:00,1070.13
2023-08-06 19:00:00,1097.42
2023-08-06 20:00:00,1108.64
2023-08-06 21:00:00,1128.43
2023-08-06 22:00:00,1165.73
2023-08-06 23:00:00,1140.43
2023-08-07 00:00:00,1168.32
2023-08-07 01:00:00,1207.82
2023-08-07 02:00:00,1239.23
2023-08-07 03:00:00,1304.47
2023-08-07 04:00:00,1210.03
2023-08-07 05:00:00,1294.03
2023-08-07 06:00:00,1265.4
2023-08-07 07:00:00,1283.09
2023-08-07 08:00:00,1248.9
2023-08-07 09:00:00,1217.15
2023-08-07 10:00:00,1252.53
2023-08-07 11:00:00,1235.16
2023-08-07 12:00:00,1229.16
2023-08-07 13:00:00,1184.07
2023-08-07 14:00:00,1152.01
2023-08-07 15:00:00,1110.81
2023-08-07 16:00:00,1172.62
2023-08-07 17:00:00,1154.76
2023-08-07 18:00:00,1111.03
2023-08-07 19:00:00,1125.89
2023-08-07 20:00:00,1134.04
2023-08-07 21:00:00,1113.08
2023-08-07 22:00:00,1145.47
2023-08-07 23:00:00,1150.46
2023-08-08 00:00:00,1187.63
2023-08-08 01:00:00,1193.37
2023-08-08 02:00:00,1181.19
2023-08-08 03:00:00,1303.1
2023-08-08 04:00:00,1289.54
2023-08-08 05:00:00,1234.58
2023-08-08 06:00:00,1268.17
2023-08-08 07:00:00,1270.48
2023-08-08 08:00:00,1287.69
2023-08-08 09:00:00,1217.87
2023-08-08 10:00:00,1262.76
2023-08-08 11:00:00,1199.09
2023-08-08 12:00:00,1159.92
2023-08-08 13:00:00,1206.19
2023-08-08 14:00:00,1208.72
2023-08-08 15:00:00,1235.21
2023-08-08 16:00:00,1112.05
2023-08-08 17:00:00,1163.01
2023-08-08 18:00:00,1127.71
2023-08-08 19:00:00,1165.55
2023-08-08 20:00:00,1103.92
2023-08-08 21:00:00,1119.69
2023-08-08 22:00:00,1146.72
2023-08-08 23:00:00,1186.84
2023-08-09 00:00:00,1180.77
2023-08-09 01:00:00,1235.3
2023-08-09 02:00:00,1260.81
2023-08-09 03:00:00,1260.41
2023-08-09 04:00:00,1300.53
2023-08-09 05:00:00,1270.43
2023-08-09 06:00:00,1223.49
2023-08-09 07:00:00,1298.86
2023-08-09 08:00:00,1233.81
2023-08-09 09:00:00,1269.74
2023-08-09 10:00:00,1277.21
2023-08-09 11:00:00,1229.23
2023-08-09 12:00:00,1155.12
2023-08-09 13:00:00,1156.92
2023-08-09 14:00:00,1209.68
2023-08-09 15:00:00,1152.5
2023-08-09 16:00:00,1150.43
2023-08-09 17:00:00,1164.81
2023-08-09 18:00:00,1160.89
2023-08-09 19:00:00,1150.41
2023-08-09 20:00:00,1141.78
2023-08-09 21:00:00,1148.19
2023-08-09 22:00:00,1195.74
2023-08-09 23:00:00,1201.08
2023-08-10 00:00:00,1192.28
2023-08-10 01:00:00,1247.99
2023-08-10 02:00:00,1226.13
2023-08-10 03:00:00,1216.88
2023-08-10 04:00:00,1229.19
2023-08-10 05:00:00,1228.59
2023-08-10 06:00:00,1251.83
2023-08-10 07:00:00,1294.97
2023-08-10 08:00:00,1227.81
2023-08-10 09:00:00,1248.08
2023-08-10 10:00:00,1210.3
2023-08-10 11:00:00,1207.72
2023-08-10 12:00:00,1154.7
2023-08-10 13:00:00,1177.85
2023-08-10 14:00:00,1164.19
2023-08-10 15:00:00,1173.78
2023-08-10 16:00:00,1154.74
2023-08-10 17:00:00,1106.09
2023-08-10 18:00:00,1172.53
2023-08-10 19:00:00,1148.35
2023-08-10 20:00:00,1153.99
2023-08-10 21:00:00,1157.3
2023-08-10 22:00:00,1154.47
2023-08-10 23:00:00,1191.0
2023-08-11 00:00:00,1214.27
2023-08-11 01:00:00,1163.12
2023-08-11 02:00:00,1213.84
2023-08-11 03:00:00,1234.78
2023-08-11 04:00:00,1259.65
2023-08-11 05:00:00,1293.75
2023-08-11 06:00:00,1236.85
2023-08-11 07:00:00,1243.02
2023-08-11 08:00:00,1236.59
2023-08-11 09:00:00,1218.38
2023-08-11 10:00:00,1219.58
2023-08-11 11:00:00,1238.65
2023-08-11 12:00:00,1168.38
2023-08-11 13:00:00,1197.31
2023-08-11 14:00:00,1118.94
2023-08-11 15:00:00,1140.73
2023-08-11 16:00:00,1138.15
2023-08-11 17:00:00,1192.29
2023-08-11 18:00:00,1131.76
2023-08-11 19:00:00,1076.01
2023-08-11 20:00:00,1088.07
2023-08-11 21:00:00,1158.59
2023-08-11 22:00:00,1188.41
2023-08-11 23:00:00,1195.73
2023-08-12 00:00:00,1145.03
2023-08-12 01:00:00,1189.62
2023-08-12 02:00:00,1152.31
2023-08-12 03:00:00,1207.15
2023-08-12 04:00:00,1140.4
2023-08-12 05:00:00,1167.91
2023-08-12 06:00:00,1142.79
2023-08-12 07:00:00,1186.81
2023-08-12 08:00:00,1187.98
2023-08-12 09:00:00,1183.73
2023-08-12 10:00:00,1170.36
2023-08-12 11:00:00,1126.93
2023-08-12 12:00:00,1134.29
2023-08-12 13:00:00,1080.32
2023-08-12 14:00:00,1152.4
2023-08-12 15:00:00,1090.59
2023-08-12 16:00:00,1075.97
2023-08-12 17:00:00,1132.61
2023-08-12 18:00:00,1045.73
2023-08-12 19:00:00,1051.17
2023-08-12 20:00:00,1057.75
2023-08-12 21:00:00,1097.66
2023-08-12 22:00:00,1124.45
2023-08-12 23:00:00,1147.44
2023-08-13 00:00:00,1217.16
2023-08-13 01:00:00,1087.27
2023-08-13 02:00:00,1186.76
2023-08-13 03:00:00,1163.59
2023-08-13 04:00:00,1171.77
2023-08-13 05:00:00,1176.46
2023-08-13 06:00:00,1169.74
2023-08-13 07:00:00,1245.59
2023-08-13 08:00:00,1214.63
2023-08-13 09:00:00,1181.0
2023-08-13 10:00:00,1209.03
2023-08-13 11:00:00,1109.38
2023-08-13 12:00:00,1100.08
2023-08-13 13:00:00,1059.91
2023-08-13 14:00:00,1090.52
2023-08-13 15:00:00,1104.55
2023-08-13 16:00:00,1093.72
2023-08-13 17:00:00,1089.42
2023-08-13 18:00:00,1040.67
2023-08-13 19:00:00,1109.04
2023-08-13 20:00:00,1097.83
2023-08-13 21:00:00,1121.69
2023-08-13 22:00:00,1054.72
2023-08-13 23:00:00,1134.59
2023-08-14 00:00:00,1164.37
2023-08-14 01:00:00,1203.61
2023-08-14 02:00:00,1246.03
2023-08-14 03:00:00,1245.16
2023-08-14 04:00:00,1226.42
2023-08-14 05:00:00,1258.14
2023-08-14 06:00:00,1214.05
2023-08-14 07:00:00,1292.46
2023-08-14 08:00:00,1245.8
2023-08-14 09:00:00,1275.98
2023-08-14 10:00:00,1214.2
2023-08-14 11:00:00,1199.82
2023-08-14 12:00:00,1177.07
2023-08-14 13:00:00,1210.76
2023-08-14 14:00:00,1148.72
2023-08-14 15:00:00,1176.91
2023-08-14 16:00:00,1136.56
2023-08-14 17:00:00,1082.77
2023-08-14 18:00:00,1122.89
2023-08-14 19:00:00,1106.67
2023-08-14 20:00:00,1149.06
2023-08-14 21:00:00,1121.86
2023-08-14 22:00:00,1197.78
2023-08-14 23:00:00,1181.74
2023-08-15 00:00:00,1194.67
2023-08-15 01:00:00,1235.21
2023-08-15 02:00:00,1258.92
2023-08-15 03:00:00,1241.82
2023-08-15 04:00:00,1228.83
2023-08-15 05:00:00,1204.74
2023-08-15 06:00:00,1239.42
2023-08-15 07:00:00,1239.44
2023-08-15 08:00:00,1255.17
2023-08-15 09:00:00,1232.07
2023-08-15 10:00:00,1250.64
2023-08-15 11:00:00,1197.14
2023-08-15 12:00:00,1198.29
2023-08-15 13:00:00,1219.99
2023-08-15 14:00:00,1180.25
2023-08-15 15:00:00,1155.77
2023-08-15 16:00:00,1129.98
2023-08-15 17:00:00,1123.05
2023-08-15 18:00:00,1114.48
2023-08-15 19:00:00,1125.81
2023-08-15 20:00:00,1170.71
2023-08-15 21:00:00,1150.92
2023-08-15 22:00:00,1129.51
2023-08-15 23:00:00,1237.52
2023-08-16 00:00:00,1209.6
2023-08-16 01:00:00,1173.32
2023-08-16 02:00:00,1216.74
2023-08-16 03:00:00,1245.75
2023-08-16 04:00:00,1303.1
2023-08-16 05:00:00,1224.71
2023-08-16 06:00:00,1289.28
2023-08-16 07:00:00,1299.94
2023-08-16 08:00:00,1233.1
2023-08-16 09:00:00,1234.1
2023-08-16 10:00:00,1198.91
2023-08-16 11:00:00,1209.43
2023-08-16 12:00:00,1198.9
2023-08-16 13:00:00,1204.26
2023-08-16 14:00:00,1202.71
2023-08-16 15:00:00,1135.13
2023-08-16 16:00:00,1089.02
2023-08-16 17:00:00,1141.41
2023-08-16 18:00:00,1148.81
2023-08-16 19:00:00,1149.53
2023-08-16 20:00:00,1138.24
2023-08-16 21:00:00,1161.32
2023-08-16 22:00:00,1215.46
2023-08-16 23:00:00,1195.92
2023-08-17 00:00:00,1188.8
2023-08-17 01:00:00,1200.52
2023-08-17 02:00:00,1224.9
2023-08-17 03:00:00,1291.53
2023-08-17 04:00:00,1246.46
2023-08-17 05:00:00,1257.36
2023-08-17 06:00:00,1245.53
2023-08-17 07:00:00,1290.93
2023-08-17 08:00:00,1310.76
2023-08-17 09:00:00,1255.94
2023-08-17 10:00:00,1232.48
2023-08-17 11:00:00,1216.63
2023-08-17 12:00:00,1128.47
2023-08-17 13:00:00,1206.83
2023-08-17 14:00:00,1174.02
2023-08-17 15:00:00,1170.42
2023-08-17 16:00:00,1126.69
2023-08-17 17:00:00,1130.51
2023-08-17 18:00:00,1127.67
2023-08-17 19:00:00,1172.69
2023-08-17 20:00:00,1136.68
2023-08-17 21:00:00,1220.05
2023-08-17 22:00:00,1182.93
2023-08-17 23:00:00,1146.2
2023-08-18 00:00:00,1196.14
2023-08-18 01:00:00,1195.98
2023-08-18 02:00:00,1164.17
2023-08-18 03:00:00,1290.41
2023-08-18 04:00:00,1273.06
2023-08-18 05:00:00,1273.95
2023-08-18 06:00:00,1264.96
2023-08-18 07:00:00,1216.5
2023-08-18 08:00:00,1237.45
2023-08-18 09:00:00,1267.68
2023-08-18 10:00:00,1198.46
2023-08-18 11:00:00,1139.58
2023-08-18 12:00:00,1193.19
2023-08-18 13:00:00,1180.22
2023-08-18 14:00:00,1174.07
2023-08-18 15:00:00,1179.43
2023-08-18 16:00:00,1167.17
2023-08-18 17:00:00,1149.81
2023-08-18 18:00:00,1175.87
2023-08-18 19:00:00,1096.48
2023-08-18 20:00:00,1163.18
2023-08-18 21:00:00,1176.37
2023-08-18 22:00:00,1132.81
2023-08-18 23:00:00,1139.38
2023-08-19 00:00:00,1117.62
2023-08-19 01:00:00,1134.91
2023-08-19 02:00:00,1191.1
2023-08-19 03:00:00,1161.87
2023-08-19 04:00:00,1163.67
2023-08-19 05:00:00,1176.71
2023-08-19 06:00:00,1230.56
2023-08-19 07:00:00,1195.45
2023-08-19 08:00:00,1183.99
2023-08-19 09:00:00,1177.0
2023-08-19 10:00:00,1207.26
2023-08-19 11:00:00,1132.28
2023-08-19 12:00:00,1179.47
2023-08-19 13:00:00,1131.56
2023-08-19 14:00:00,1106.69
2023-08-19 15:00:00,1174.72
2023-08-19 16:00:00,1058.97
2023-08-19 17:00:00,1074.33
2023-08-19 18:00:00,1046.03
2023-08-19 19:00:00,1113.52
2023-08-19 20:00:00,1141.31
2023-08-19 21:00:00,1149.79
2023-08-19 22:00:00,1148.22
2023-08-19 23:00:00,1119.32
2023-08-20 00:00:00,1129.04
2023-08-20 01:00:00,1104.62
2023-08-20 02:00:00,1229.58
2023-08-20 03:00:00,1194.37
2023-08-20 04:00:00,1174.6
2023-08-20 05:00:00,1234.9
2023-08-20 06:00:00,1167.82
2023-08-20 07:00:00,1207.26
2023-08-20 08:00:00,1184.18
2023-08-20 09:00:00,1199.47
2023-08-20 10:00:00,1166.59
2023-08-20 11:00:00,1111.22
2023-08-20 12:00:00,1142.27
2023-08-20 13:00:00,1156.71
2023-08-20 14:00:00,1110.62
2023-08-20 15:00:00,1122.95
2023-08-20 16:00:00,1059.27
2023-08-20 17:00:00,1084.15
2023-08-20 18:00:00,1064.26
2023-08-20 19:00:00,1107.35
2023-08-20 20:00:00,1091.58
2023-08-20 21:00:00,1120.4
2023-08-20 22:00:00,1144.13
2023-08-20 23:00:00,1146.0
2023-08-21 00:00:00,1208.19
2023-08-21 01:00:00,1185.58
2023-08-21 02:00:00,1229.92
2023-08-21 03:00:00,1226.43
2023-08-21 04:00:00,1241.64
2023-08-21 05:00:00,1246.72
2023-08-21 06:00:00,1230.6
2023-08-21 07:00:00,1199.24
2023-08-21 08:00:00,1231.92
2023-08-21 09:00:00,1248.23
2023-08-21 10:00:00,1189.55
2023-08-21 11:00:00,1216.0
2023-08-21 12:00:00,1257.01
2023-08-21 13:00:00,1215.16
2023-08-21 14:00:00,1219.31
2023-08-21 15:00:00,1169.31
2023-08-21 16:00:00,1183.06
2023-08-21 17:00:00,1120.33
2023-08-21 18:00:00,1120.67
2023-08-21 19:00:00,1059.87
2023-08-21 20:00:00,1183.62
2023-08-21 21:00:00,1203.78
2023-08-21 22:00:00,1153.4
2023-08-21 23:00:00,1176.85
2023-08-22 00:00:00,1177.38
2023-08-22 01:00:00,1227.01
2023-08-22 02:00:00,1263.75
2023-08-22 03:00:00,1190.14
2023-08-22 04:00:00,1264.24
2023-08-22 05:00:00,1249.66
2023-08-22 06:00:00,1263.4
2023-08-22 07:00:00,1271.73
2023-08-22 08:00:00,1246.32
2023-08-22 09:00:00,1239.32
2023-08-22 10:00:00,1223.58
2023-08-22 11:00:00,1244.64
2023-08-22 12:00:00,1212.56
2023-08-22 13:00:00,1191.09
2023-08-22 14:00:00,1131.87
2023-08-22 15:00:00,1146.22
2023-08-22 16:00:00,1175.0
2023-08-22 17:00:00,1143.18
2023-08-22 18:00:00,1159.79
2023-08-22 19:00:00,1195.04
2023-08-22 20:00:00,1179.2
2023-08-22 21:00:00,1160.37
2023-08-22 22:00:00,1154.67
2023-08-22 23:00:00,1107.86
2023-08-23 00:00:00,1194.95
2023-08-23 01:00:00,1205.75
2023-08-23 02:00:00,1241.71
2023-08-23 03:00:00,1237.81
2023-08-23 04:00:00,1242.35
2023-08-23 05:00:00,1204.57
2023-08-23 06:00:00,1231.8
2023-08-23 07:00:00,1272.26
2023-08-23 08:00:00,1303.44
2023-08-23 09:00:00,1239.5
2023-08-23 10:00:00,1239.83
2023-08-23 11:00:00,1244.1
2023-08-23 12:00:00,1175.67
2023-08-23 13:00:00,1195.48
2023-08-23 14:00:00,1147.79
2023-08-23 15:00:00,1183.52
2023-08-23 16:00:00,1152.58
2023-08-23 17:00:00,1151.0
2023-08-23 18:00:00,1116.52
2023-08-23 19:00:00,1163.26
2023-08-23 20:00:00,1210.58
2023-08-23 21:00:00,1127.34
2023-08-23 22:00:00,1159.81
2023-08-23 23:00:00,1191.42
2023-08-24 00:00:00,1223.59
2023-08-24 01:00:00,1198.74
2023-08-24 02:00:00,1145.01
2023-08-24 03:00:00,1283.2
2023-08-24 04:00:00,1274.78
2023-08-24 05:00:00,1205.67
2023-08-24 06:00:00,1241.77
2023-08-24 07:00:00,1305.0
2023-08-24 08:00:00,1295.4
2023-08-24 09:00:00,1270.59
2023-08-24 10:00:00,1224.72
2023-08-24 11:00:00,1218.02
2023-08-24 12:00:00,1196.07
2023-08-24 13:00:00,1218.32
2023-08-24 14:00:00,1143.72
2023-08-24 15:00:00,1133.4
2023-08-24 16:00:00,1178.35
2023-08-24 17:00:00,1140.71
2023-08-24 18:00:00,1181.35
2023-08-24 19:00:00,1121.9
2023-08-24 20:00:00,1146.4
2023-08-24 21:00:00,1129.9
2023-08-24 22:00:00,1170.22
2023-08-24 23:00:00,1140.11
2023-08-25 00:00:00,1185.37
2023-08-25 01:00:00,1172.44
2023-08-25 02:00:00,1250.82
2023-08-25 03:00:00,1263.92
2023-08-25 04:00:00,1200.05
2023-08-25 05:00:00,1297.97
2023-08-25 06:00:00,1334.92
2023-08-25 07:00:00,1259.34
2023-08-25 08:00:00,1232.73
2023-08-25 09:00:00,1327.16
2023-08-25 10:00:00,1190.43
2023-08-25 11:00:00,1216.13
2023-08-25 12:00:00,1205.39
2023-08-25 13:00:00,1224.83
2023-08-25 14:00:00,1180.79
2023-08-25 15:00:00,1142.61
2023-08-25 16:00:00,1119.5
2023-08-25 17:00:00,1131.79
2023-08-25 18:00:00,1109.79
2023-08-25 19:00:00,1143.48
2023-08-25 20:00:00,1131.11
2023-08-25 21:00:00,1112.75
2023-08-25 22:00:00,1207.65
2023-08-25 23:00:00,1169.54
2023-08-26 00:00:00,1101.96
2023-08-26 01:00:00,1149.7
2023-08-26 02:00:00,1170.55
2023-08-26 03:00:00,1127.91
2023-08-26 04:00:00,1199.31
2023-08-26 05:00:00,1163.64
2023-08-26 06:00:00,1248.33
2023-08-26 07:00:00,1210.78
2023-08-26 08:00:00,1177.37
2023-08-26 09:00:00,1157.95
2023-08-26 10:00:00,1165.35
2023-08-26 11:00:00,1173.14
2023-08-26 12:00:00,1139.24
2023-08-26 13:00:00,1118.73
2023-08-26 14:00:00,1113.25
2023-08-26 15:00:00,1081.58
2023-08-26 16:00:00,1080.34
2023-08-26 17:00:00,1022.37
2023-08-26 18:00:00,1112.21
2023-08-26 19:00:00,1093.91
2023-08-26 20:00:00,1067.43
2023-08-26 21:00:00,1156.66
2023-08-26 22:00:00,1114.11
2023-08-26 23:00:00,1094.16
2023-08-27 00:00:00,1165.7
2023-08-27 01:00:00,1166.69
2023-08-27 02:00:00,1180.34
2023-08-27 03:00:00,1167.53
2023-08-27 04:00:00,1202.88
2023-08-27 05:00:00,1187.21
2023-08-27 06:00:00,1213.68
2023-08-27 07:00:00,1137.91
2023-08-27 08:00:00,1176.35
2023-08-27 09:00:00,1231.97
2023-08-27 10:00:00,1145.49
2023-08-27 11:00:00,1136.64
2023-08-27 12:00:00,1126.56
2023-08-27 13:00:00,1088.8
2023-08-27 14:00:00,1045.25
2023-08-27 15:00:00,1092.78
2023-08-27 16:00:00,1094.71
2023-08-27 17:00:00,1083.37
2023-08-27 18:00:00,1078.65
2023-08-27 19:00:00,1086.23
2023-08-27 20:00:00,1121.32
2023-08-27 21:00:00,1093.98
2023-08-27 22:00:00,1094.28
2023-08-27 23:00:00,1116.81
2023-08-28 00:00:00,1217.38
2023-08-28 01:00:00,1257.89
2023-08-28 02:00:00,1211.16
2023-08-28 03:00:00,1245.39
2023-08-28 04:00:00,1262.11
2023-08-28 05:00:00,1228.18
2023-08-28 06:00:00,1260.61
2023-08-28 07:00:00,1213.99
2023-08-28 08:00:00,1198.89
2023-08-28 09:00:00,1253.43
2023-08-28 10:00:00,1218.48
2023-08-28 11:00:00,1221.6
2023-08-28 12:00:00,1199.46
2023-08-28 13:00:00,1155.18
2023-08-28 14:00:00,1168.64
2023-08-28 15:00:00,1120.58
2023-08-28 16:00:00,1189.77
2023-08-28 17:00:00,1101.37
2023-08-28 18:00:00,1134.13
2023-08-28 19:00:00,1110.78
2023-08-28 20:00:00,1165.15
2023-08-28 21:00:00,1147.63
2023-08-28 22:00:00,1154.44
2023-08-28 23:00:00,1210.07
2023-08-29 00:00:00,1200.88
2023-08-29 01:00:00,1231.03
2023-08-29 02:00:00,1200.56
2023-08-29 03:00:00,1200.28
2023-08-29 04:00:00,1255.18
2023-08-29 05:00:00,1248.39
2023-08-29 06:00:00,1278.79
2023-08-29 07:00:00,1255.56
2023-08-29 08:00:00,1258.11
2023-08-29 09:00:00,1193.72
2023-08-29 10:00:00,1286.65
2023-08-29 11:00:00,1210.6
2023-08-29 12:00:00,1220.93
2023-08-29 13:00:00,1159.39
2023-08-29 14:00:00,1179.24
2023-08-29 15:00:00,1118.49
2023-08-29 16:00:00,1161.6
2023-08-29 17:00:00,1131.37
2023-08-29 18:00:00,1140.88
2023-08-29 19:00:00,1162.98
2023-08-29 20:00:00,1111.06
2023-08-29 21:00:00,1137.04
2023-08-29 22:00:00,1183.72
2023-08-29 23:00:00,1247.42
2023-08-30 00:00:00,1195.86
2023-08-30 01:00:00,1233.26
2023-08-30 02:00:00,1226.79
2023-08-30 03:00:00,1300.69
2023-08-30 04:00:00,1199.54
2023-08-30 05:00:00,1260.79
2023-08-30 06:00:00,1211.23
2023-08-30 07:00:00,1182.76
2023-08-30 08:00:00,1260.89
2023-08-30 09:00:00,1246.61
2023-08-30 10:00:00,1221.45
2023-08-30 11:00:00,1212.34
2023-08-30 12:00:00,1292.95
2023-08-30 13:00:00,1176.73
2023-08-30 14:00:00,1185.3
2023-08-30 15:00:00,1138.09
2023-08-30 16:00:00,1156.9
2023-08-30 17:00:00,1134.9
2023-08-30 18:00:00,1127.68
2023-08-30 19:00:00,1196.61
2023-08-30 20:00:00,1183.35
2023-08-30 21:00:00,1161.68
2023-08-30 22:00:00,1100.87
2023-08-30 23:00:00,1173.64
2023-08-31 00:00:00,1281.09
2023-08-31 01:00:00,1208.61
2023-08-31 02:00:00,1263.1
2023-08-31 03:00:00,1285.68
2023-08-31 04:00:00,1258.53
2023-08-31 05:00:00,1232.7
2023-08-31 06:00:00,1186.94
2023-08-31 07:00:00,1278.48
2023-08-31 08:00:00,1227.52
2023-08-31 09:00:00,1247.71
2023-08-31 10:00:00,1192.51
2023-08-31 11:00:00,1207.57
2023-08-31 12:00:00,1201.01
2023-08-31 13:00:00,1192.53
2023-08-31 14:00:00,1136.56
2023-08-31 15:00:00,1193.48
2023-08-31 16:00:00,1130.13
2023-08-31 17:00:00,1091.81
2023-08-31 18:00:00,1136.73
2023-08-31 19:00:00,1143.08
2023-08-31 20:00:00,1152.86
2023-08-31 21:00:00,1198.44
2023-08-31 22:00:00,1162.91
2023-08-31 23:00:00,1180.88
2023-09-01 00:00:00,1166.9
2023-09-01 01:00:00,1240.15
2023-09-01 02:00:00,1235.53
2023-09-01 03:00:00,1229.83
2023-09-01 04:00:00,1194.82
2023-09-01 05:00:00,1301.29
2023-09-01 06:00:00,1223.17
2023-09-01 07:00:00,1240.22
2023-09-01 08:00:00,1262.71
2023-09-01 09:00:00,1206.53
2023-09-01 10:00:00,1185.19
2023-09-01 11:00:00,1151.81
2023-09-01 12:00:00,1221.63
2023-09-01 13:00:00,1168.12
2023-09-01 14:00:00,1257.82
2023-09-01 15:00:00,1127.74
2023-09-01 16:00:00,1120.39
2023-09-01 17:00:00,1125.08
2023-09-01 18:00:00,1147.29
2023-09-01 19:00:00,1127.94
2023-09-01 20:00:00,1166.41
2023-09-01 21:00:00,1128.22
2023-09-01 22:00:00,1128.55
2023-09-01 23:00:00,1130.52
2023-09-02 00:00:00,1073.29
2023-09-02 01:00:00,1139.21
2023-09-02 02:00:00,1159.47
2023-09-02 03:00:00,1161.36
2023-09-02 04:00:00,1226.67
2023-09-02 05:00:00,1231.9
2023-09-02 06:00:00,1186.96
2023-09-02 07:00:00,1141.24
2023-09-02 08:00:00,1172.36
2023-09-02 09:00:00,1162.31
2023-09-02 10:00:00,1148.79
2023-09-02 11:00:00,1133.82
2023-09-02 12:00:00,1120.4
2023-09-02 13:00:00,1113.65
2023-09-02 14:00:00,1092.43
2023-09-02 15:00:00,1105.94
2023-09-02 16:00:00,1101.45
2023-09-02 17:00:00,1057.62
2023-09-02 18:00:00,1121.13
2023-09-02 19:00:00,1055.54
2023-09-02 20:00:00,1042.1
2023-09-02 21:00:00,1111.12
2023-09-02 22:00:00,1086.98
2023-09-02 23:00:00,1134.89
2023-09-03 00:00:00,1067.89
2023-09-03 01:00:00,1196.53
2023-09-03 02:00:00,1188.67
2023-09-03 03:00:00,1135.29
2023-09-03 04:00:00,1145.0
2023-09-03 05:00:00,1245.23
2023-09-03 06:00:00,1174.88
2023-09-03 07:00:00,1170.03
2023-09-03 08:00:00,1121.38
2023-09-03 09:00:00,1169.78
2023-09-03 10:00:00,1161.67
2023-09-03 11:00:00,1176.22
2023-09-03 12:00:00,1098.03
2023-09-03 13:00:00,1079.64
2023-09-03 14:00:00,1125.03
2023-09-03 15:00:00,1129.9
2023-09-03 16:00:00,1043.5
2023-09-03 17:00:00,1117.39
2023-09-03 18:00:00,1084.13
2023-09-03 19:00:00,1117.7
2023-09-03 20:00:00,1088.53
2023-09-03 21:00:00,1024.03
2023-09-03 22:00:00,1106.94
2023-09-03 23:00:00,1157.05
2023-09-04 00:00:00,1173.19
2023-09-04 01:00:00,1203.89
2023-09-04 02:00:00,1224.72
2023-09-04 03:00:00,1155.44
2023-09-04 04:00:00,1302.1
2023-09-04 05:00:00,1230.91
2023-09-04 06:00:00,1275.17
2023-09-04 07:00:00,1255.35
2023-09-04 08:00:00,1289.69
2023-09-04 09:00:00,1254.61
2023-09-04 10:00:00,1222.95
2023-09-04 11:00:00,1188.72
2023-09-04 12:00:00,1223.94
2023-09-04 13:00:00,1128.27
2023-09-04 14:00:00,1189.38
2023-09-04 15:00:00,1124.6
2023-09-04 16:00:00,1185.61
2023-09-04 17:00:00,1146.88
2023-09-04 18:00:00,1159.32
2023-09-04 19:00:00,1144.5
2023-09-04 20:00:00,1095.47
2023-09-04 21:00:00,1131.75
2023-09-04 22:00:00,1190.17
2023-09-04 23:00:00,1189.47
2023-09-05 00:00:00,1235.43
2023-09-05 01:00:00,1227.63
2023-09-05 02:00:00,1201.0
2023-09-05 03:00:00,1218.54
2023-09-05 04:00:00,1255.05
2023-09-05 05:00:00,1188.53
2023-09-05 06:00:00,1310.2
2023-09-05 07:00:00,1271.21
2023-09-05 08:00:00,1288.77
2023-09-05 09:00:00,1195.01
2023-09-05 10:00:00,1267.34
2023-09-05 11:00:00,1282.47
2023-09-05 12:00:00,1160.37
2023-09-05 13:00:00,1207.61
2023-09-05 14:00:00,1170.03
2023-09-05 15:00:00,1111.24
2023-09-05 16:00:00,1162.82
2023-09-05 17:00:00,1167.05
2023-09-05 18:00:00,1121.97
2023-09-05 19:00:00,1177.02
2023-09-05 20:00:00,1098.04
2023-09-05 21:00:00,1112.73
2023-09-05 22:00:00,1174.1
2023-09-05 23:00:00,1185.23
2023-09-06 00:00:00,1178.5
2023-09-06 01:00:00,1239.82
2023-09-06 02:00:00,1245.93
2023-09-06 03:00:00,1268.17
2023-09-06 04:00:00,1248.27
2023-09-06 05:00:00,1276.03
2023-09-06 06:00:00,1246.63
2023-09-06 07:00:00,1319.57
2023-09-06 08:00:00,1227.59
2023-09-06 09:00:00,1305.59
2023-09-06 10:00:00,1231.05
2023-09-06 11:00:00,1174.26
2023-09-06 12:00:00,1241.04
2023-09-06 13:00:00,1188.25
2023-09-06 14:00:00,1195.53
2023-09-06 15:00:00,1194.29
2023-09-06 16:00:00,1158.18
2023-09-06 17:00:00,1124.28
2023-09-06 18:00:00,1169.27
2023-09-06 19:00:00,1142.07
2023-09-06 20:00:00,1168.61
2023-09-06 21:00:00,1092.96
2023-09-06 22:00:00,1183.41
2023-09-06 23:00:00,1165.31
2023-09-07 00:00:00,1249.6
2023-09-07 01:00:00,1234.22
2023-09-07 02:00:00,1237.2
2023-09-07 03:00:00,1257.02
2023-09-07 04:00:00,1222.01
2023-09-07 05:00:00,1306.65
2023-09-07 06:00:00,1319.74
2023-09-07 07:00:00,1269.74
2023-09-07 08:00:00,1299.67
2023-09-07 09:00:00,1225.35
2023-09-07 10:00:00,1206.09
2023-09-07 11:00:00,1216.76
2023-09-07 12:00:00,1213.05
2023-09-07 13:00:00,1172.65
2023-09-07 14:00:00,1186.13
2023-09-07 15:00:00,1166.77
2023-09-07 16:00:00,1118.09
2023-09-07 17:00:00,1157.61
2023-09-07 18:00:00,1165.91
2023-09-07 19:00:00,1147.19
2023-09-07 20:00:00,1182.62
2023-09-07 21:00:00,1121.05
2023-09-07 22:00:00,1184.04
2023-09-07 23:00:00,1149.36
2023-09-08 00:00:00,1166.58
2023-09-08 01:00:00,1196.6
2023-09-08 02:00:00,1201.74
2023-09-08 03:00:00,1225.99
2023-09-08 04:00:00,1245.54
2023-09-08 05:00:00,1283.07
2023-09-08 06:00:00,1250.37
2023-09-08 07:00:00,1210.39
2023-09-08 08:00:00,1286.16
2023-09-08 09:00:00,1217.31
2023-09-08 10:00:00,1228.24
2023-09-08 11:00:00,1228.93
2023-09-08 12:00:00,1205.99
2023-09-08 13:00:00,1217.3
2023-09-08 14:00:00,1184.37
2023-09-08 15:00:00,1131.73
2023-09-08 16:00:00,1213.4
2023-09-08 17:00:00,1147.87
2023-09-08 18:00:00,1135.58
2023-09-08 19:00:00,1170.96
2023-09-08 20:00:00,1155.52
2023-09-08 21:00:00,1169.55
2023-09-08 22:00:00,1244.77
2023-09-08 23:00:00,1176.22
2023-09-09 00:00:00,1130.47
2023-09-09 01:00:00,1158.25
2023-09-09 02:00:00,1200.65
2023-09-09 03:00:00,1135.11
2023-09-09 04:00:00,1130.4
2023-09-09 05:00:00,1177.44
2023-09-09 06:00:00,1147.98
2023-09-09 07:00:00,1182.31
2023-09-09 08:00:00,1204.44
2023-09-09 09:00:00,1153.58
2023-09-09 10:00:00,1125.7
2023-09-09 11:00:00,1156.83
2023-09-09 12:00:00,1165.88
2023-09-09 13:00:00,1074.4
2023-09-09 14:00:00,1136.11
2023-09-09 15:00:00,1124.21
2023-09-09 16:00:00,1119.26
2023-09-09 17:00:00,1121.5
2023-09-09 18:00:00,1149.06
2023-09-09 19:00:00,1074.26
2023-09-09 20:00:00,1093.92
2023-09-09 21:00:00,1087.2
2023-09-09 22:00:00,1111.56
2023-09-09 23:00:00,1171.23
2023-09-10 00:00:00,1099.65
2023-09-10 01:00:00,1128.92
2023-09-10 02:00:00,1209.82
2023-09-10 03:00:00,1210.91
2023-09-10 04:00:00,1178.47
2023-09-10 05:00:00,1220.69
2023-09-10 06:00:00,1207.24
2023-09-10 07:00:00,1240.07
2023-09-10 08:00:00,1191.6
2023-09-10 09:00:00,1211.07
2023-09-10 10:00:00,1247.76
2023-09-10 11:00:00,1172.7
2023-09-10 12:00:00,1141.48
2023-09-10 13:00:00,1146.92
2023-09-10 14:00:00,1100.54
2023-09-10 15:00:00,1171.33
2023-09-10 16:00:00,1096.04
2023-09-10 17:00:00,1076.75
2023-09-10 18:00:00,1057.93
2023-09-10 19:00:00,1117.86
2023-09-10 20:00:00,1116.65
2023-09-10 21:00:00,1084.77
2023-09-10 22:00:00,1128.79
2023-09-10 23:00:00,1079.99
2023-09-11 00:00:00,1205.55
2023-09-11 01:00:00,1229.11
2023-09-11 02:00:00,1281.22
2023-09-11 03:00:00,1219.3
2023-09-11 04:00:00,1213.61
2023-09-11 05:00:00,1231.09
2023-09-11 06:00:00,1219.9
2023-09-11 07:00:00,1298.06
2023-09-11 08:00:00,1298.42
2023-09-11 09:00:00,1252.03
2023-09-11 10:00:00,1266.64
2023-09-11 11:00:00,1219.55
2023-09-11 12:00:00,1197.15
2023-09-11 13:00:00,1174.48
2023-09-11 14:00:00,1160.69
2023-09-11 15:00:00,1111.14
2023-09-11 16:00:00,1155.97
2023-09-11 17:00:00,1140.83
2023-09-11 18:00:00,1162.36
2023-09-11 19:00:00,1144.85
2023-09-11 20:00:00,1143.16
2023-09-11 21:00:00,1131.44
2023-09-11 22:00:00,1172.16
2023-09-11 23:00:00,1206.62
2023-09-12 00:00:00,1165.7
2023-09-12 01:00:00,1218.15
2023-09-12 02:00:00,1236.99
2023-09-12 03:00:00,1220.88
2023-09-12 04:00:00,1234.33
2023-09-12 05:00:00,1264.87
2023-09-12 06:00:00,1226.0
2023-09-12 07:00:00,1268.45
2023-09-12 08:00:00,1225.1
2023-09-12 09:00:00,1274.31
2023-09-12 10:00:00,1300.13
2023-09-12 11:00:00,1189.71
2023-09-12 12:00:00,1216.03
2023-09-12 13:00:00,1162.67
2023-09-12 14:00:00,1201.23
2023-09-12 15:00:00,1119.62
2023-09-12 16:00:00,1162.46
2023-09-12 17:00:00,1115.85
2023-09-12 18:00:00,1133.79
2023-09-12 19:00:00,1111.11
2023-09-12 20:00:00,1172.71
2023-09-12 21:00:00,1132.46
2023-09-12 22:00:00,1186.56
2023-09-12 23:00:00,1174.15
2023-09-13 00:00:00,1196.57
2023-09-13 01:00:00,1219.96
2023-09-13 02:00:00,1207.15
2023-09-13 03:00:00,1248.74
2023-09-13 04:00:00,1297.87
2023-09-13 05:00:00,1234.61
2023-09-13 06:00:00,1295.15
2023-09-13 07:00:00,1302.9
2023-09-13 08:00:00,1227.48
2023-09-13 09:00:00,1198.77
2023-09-13 10:00:00,1239.06
2023-09-13 11:00:00,1199.11
2023-09-13 12:00:00,1256.06
2023-09-13 13:00:00,1185.52
2023-09-13 14:00:00,1145.93
2023-09-13 15:00:00,1123.16
2023-09-13 16:00:00,1180.74
2023-09-13 17:00:00,1124.91
2023-09-13 18:00:00,1141.31
2023-09-13 19:00:00,1170.72
2023-09-13 20:00:00,1133.51
2023-09-13 21:00:00,1156.2
2023-09-13 22:00:00,1169.5
2023-09-13 23:00:00,1204.97
2023-09-14 00:00:00,1217.72
2023-09-14 01:00:00,1208.93
2023-09-14 02:00:00,1231.91
2023-09-14 03:00:00,1231.27
2023-09-14 04:00:00,1207.63
2023-09-14 05:00:00,1265.68
2023-09-14 06:00:00,1316.77
2023-09-14 07:00:00,1231.44
2023-09-14 08:00:00,1228.77
2023-09-14 09:00:00,1216.3
2023-09-14 10:00:00,1251.74
2023-09-14 11:00:00,1228.98
2023-09-14 12:00:00,1195.24
2023-09-14 13:00:00,1156.93
2023-09-14 14:00:00,1172.77
2023-09-14 15:00:00,1110.63
2023-09-14 16:00:00,1152.34
2023-09-14 17:00:00,1168.19
2023-09-14 18:00:00,1102.46
2023-09-14 19:00:00,1096.07
2023-09-14 20:00:00,1195.42
2023-09-14 21:00:00,1139.22
2023-09-14 22:00:00,1204.08
2023-09-14 23:00:00,1179.85
2023-09-15 00:00:00,1195.14
2023-09-15 01:00:00,1228.68
2023-09-15 02:00:00,1203.48
2023-09-15 03:00:00,1246.4
2023-09-15 04:00:00,1240.52
2023-09-15 05:00:00,1218.34
2023-09-15 06:00:00,1270.12
2023-09-15 07:00:00,1250.06
2023-09-15 08:00:00,1247.25
2023-09-15 09:00:00,1206.12
2023-09-15 10:00:00,1277.74
2023-09-15 11:00:00,1241.83
2023-09-15 12:00:00,1228.92
2023-09-15 13:00:00,1175.31
2023-09-15 14:00:00,1118.12
2023-09-15 15:00:00,1216.16
2023-09-15 16:00:00,1146.21
2023-09-15 17:00:00,1119.58
2023-09-15 18:00:00,1152.5
2023-09-15 19:00:00,1177.06
2023-09-15 20:00:00,1147.35
2023-09-15 21:00:00,1195.93
2023-09-15 22:00:00,1202.49
2023-09-15 23:00:00,1152.18
2023-09-16 00:00:00,1119.79
2023-09-16 01:00:00,1183.48
2023-09-16 02:00:00,1087.12
2023-09-16 03:00:00,1175.82
2023-09-16 04:00:00,1146.44
2023-09-16 05:00:00,1180.76
2023-09-16 06:00:00,1188.04
2023-09-16 07:00:00,1184.31
2023-09-16 08:00:00,1172.8
2023-09-16 09:00:00,1147.39
2023-09-16 10:00:00,1237.26
2023-09-16 11:00:00,1210.78
2023-09-16 12:00:00,1105.14
2023-09-16 13:00:00,1172.71
2023-09-16 14:00:00,1099.52
2023-09-16 15:00:00,1103.57
2023-09-16 16:00:00,1088.74
2023-09-16 17:00:00,1065.15
2023-09-16 18:00:00,1112.52
2023-09-16 19:00:00,1088.72
2023-09-16 20:00:00,1076.34
2023-09-16 21:00:00,1060.56
2023-09-16 22:00:00,1084.69
2023-09-16 23:00:00,1076.01
2023-09-17 00:00:00,1140.37
2023-09-17 01:00:00,1118.85
2023-09-17 02:00:00,1160.53
2023-09-17 03:00:00,1221.41
2023-09-17 04:00:00,1225.34
2023-09-17 05:00:00,1194.09
2023-09-17 06:00:00,1194.39
2023-09-17 07:00:00,1251.45
2023-09-17 08:00:00,1204.99
2023-09-17 09:00:00,1170.47
2023-09-17 10:00:00,1125.72
2023-09-17 11:00:00,1166.57
2023-09-17 12:00:00,1164.88
2023-09-17 13:00:00,1106.3
2023-09-17 14:00:00,1120.24
2023-09-17 15:00:00,1088.79
2023-09-17 16:00:00,1085.12
2023-09-17 17:00:00,1010.31
2023-09-17 18:00:00,1076.35
2023-09-17 19:00:00,1114.02
2023-09-17 20:00:00,1071.69
2023-09-17 21:00:00,1101.27
2023-09-17 22:00:00,1088.82
2023-09-17 23:00:00,1136.06
2023-09-18 00:00:00,1193.5
2023-09-18 01:00:00,1187.35
2023-09-18 02:00:00,1269.98
2023-09-18 03:00:00,1270.29
2023-09-18 04:00:00,1233.81
2023-09-18 05:00:00,1272.89
2023-09-18 06:00:00,1276.12
2023-09-18 07:00:00,1277.22
2023-09-18 08:00:00,1201.13
2023-09-18 09:00:00,1272.62
2023-09-18 10:00:00,1212.91
2023-09-18 11:00:00,1204.79
2023-09-18 12:00:00,1279.14
2023-09-18 13:00:00,1193.53
2023-09-18 14:00:00,1158.41
2023-09-18 15:00:00,1091.41
2023-09-18 16:00:00,1189.73
2023-09-18 17:00:00,1101.69
2023-09-18 18:00:00,1109.9
2023-09-18 19:00:00,1132.1
2023-09-18 20:00:00,1190.53
2023-09-18 21:00:00,1180.77
2023-09-18 22:00:00,1165.26
2023-09-18 23:00:00,1193.72
2023-09-19 00:00:00,1181.99
2023-09-19 01:00:00,1219.72
2023-09-19 02:00:00,1232.2
2023-09-19 03:00:00,1271.49
2023-09-19 04:00:00,1280.98
2023-09-19 05:00:00,1272.77
2023-09-19 06:00:00,1249.13
2023-09-19 07:00:00,1280.21
2023-09-19 08:00:00,1249.2
2023-09-19 09:00:00,1209.97
2023-09-19 10:00:00,1217.9
2023-09-19 11:00:00,1218.06
2023-09-19 12:00:00,1227.31
2023-09-19 13:00:00,1178.97
2023-09-19 14:00:00,1133.72
2023-09-19 15:00:00,1159.28
2023-09-19 16:00:00,1151.44
2023-09-19 17:00:00,1147.62
2023-09-19 18:00:00,1167.6
2023-09-19 19:00:00,1172.61
2023-09-19 20:00:00,1130.21
2023-09-19 21:00:00,1139.09
2023-09-19 22:00:00,1138.79
2023-09-19 23:00:00,1205.44
2023-09-20 00:00:00,1243.46
2023-09-20 01:00:00,1206.08
2023-09-20 02:00:00,1222.76
2023-09-20 03:00:00,1286.43
2023-09-20 04:00:00,1267.13
2023-09-20 05:00:00,1271.04
2023-09-20 06:00:00,1224.27
2023-09-20 07:00:00,1278.32
2023-09-20 08:00:00,1224.09
2023-09-20 09:00:00,1208.41
2023-09-20 10:00:00,1219.6
2023-09-20 11:00:00,1197.96
2023-09-20 12:00:00,1193.35
2023-09-20 13:00:00,1141.24
2023-09-20 14:00:00,1198.76
2023-09-20 15:00:00,1191.4
2023-09-20 16:00:00,1089.62
2023-09-20 17:00:00,1171.4
2023-09-20 18:00:00,1115.68
2023-09-20 19:00:00,1167.75
2023-09-20 20:00:00,1145.99
2023-09-20 21:00:00,1158.44
2023-09-20 22:00:00,1164.45
2023-09-20 23:00:00,1220.83
2023-09-21 00:00:00,1162.81
2023-09-21 01:00:00,1233.76
2023-09-21 02:00:00,1263.04
2023-09-21 03:00:00,1263.92
2023-09-21 04:00:00,1321.7
2023-09-21 05:00:00,1242.09
2023-09-21 06:00:00,1288.72
2023-09-21 07:00:00,1254.77
2023-09-21 08:00:00,1288.96
2023-09-21 09:00:00,1242.2
2023-09-21 10:00:00,1218.36
2023-09-21 11:00:00,1254.71
2023-09-21 12:00:00,1185.25
2023-09-21 13:00:00,1142.09
2023-09-21 14:00:00,1154.49
2023-09-21 15:00:00,1176.14
2023-09-21 16:00:00,1189.8
2023-09-21 17:00:00,1145.38
2023-09-21 18:00:00,1179.55
2023-09-21 19:00:00,1101.3
2023-09-21 20:00:00,1134.74
2023-09-21 21:00:00,1148.92
2023-09-21 22:00:00,1166.56
2023-09-21 23:00:00,1186.99
2023-09-22 00:00:00,1220.73
2023-09-22 01:00:00,1202.18
2023-09-22 02:00:00,1234.17
2023-09-22 03:00:00,1241.07
2023-09-22 04:00:00,1224.18
2023-09-22 05:00:00,1254.55
2023-09-22 06:00:00,1255.69
2023-09-22 07:00:00,1253.0
2023-09-22 08:00:00,1252.91
2023-09-22 09:00:00,1244.7
2023-09-22 10:00:00,1217.03
2023-09-22 11:00:00,1253.71
2023-09-22 12:00:00,1164.92
2023-09-22 13:00:00,1162.84
2023-09-22 14:00:00,1253.4
2023-09-22 15:00:00,1126.43
2023-09-22 16:00:00,1107.43
2023-09-22 17:00:00,1164.08
2023-09-22 18:00:00,1077.69
2023-09-22 19:00:00,1134.99
2023-09-22 20:00:00,1212.41
2023-09-22 21:00:00,1111.23
2023-09-22 22:00:00,1110.54
2023-09-22 23:00:00,1139.5
2023-09-23 00:00:00,1166.95
2023-09-23 01:00:00,1188.5
2023-09-23 02:00:00,1153.12
2023-09-23 03:00:00,1200.8
2023-09-23 04:00:00,1231.07
2023-09-23 05:00:00,1248.68
2023-09-23 06:00:00,1189.61
2023-09-23 07:00:00,1126.01
2023-09-23 08:00:00,1164.74
2023-09-23 09:00:00,1167.5
2023-09-23 10:00:00,1160.73
2023-09-23 11:00:00,1149.12
2023-09-23 12:00:00,1173.57
2023-09-23 13:00:00,1163.48
2023-09-23 14:00:00,1106.35
2023-09-23 15:00:00,1132.65
2023-09-23 16:00:00,1101.37
2023-09-23 17:00:00,1086.88
2023-09-23 18:00:00,1110.2
2023-09-23 19:00:00,1087.11
2023-09-23 20:00:00,1152.37
2023-09-23 21:00:00,1056.54
2023-09-23 22:00:00,1096.04
2023-09-23 23:00:00,1121.45
2023-09-24 00:00:00,1153.18
2023-09-24 01:00:00,1192.79
2023-09-24 02:00:00,1167.77
2023-09-24 03:00:00,1137.64
2023-09-24 04:00:00,1214.64
2023-09-24 05:00:00,1217.71
2023-09-24 06:00:00,1138.74
2023-09-24 07:00:00,1194.94
2023-09-24 08:00:00,1141.66
2023-09-24 09:00:00,1160.37
2023-09-24 10:00:00,1141.42
2023-09-24 11:00:00,1179.03
2023-09-24 12:00:00,1143.5
2023-09-24 13:00:00,1086.68
2023-09-24 14:00:00,1137.9
2023-09-24 15:00:00,1056.68
2023-09-24 16:00:00,1100.54
2023-09-24 17:00:00,1060.52
2023-09-24 18:00:00,1072.03
2023-09-24 19:00:00,1100.07
2023-09-24 20:00:00,1106.28
2023-09-24 21:00:00,1139.8
2023-09-24 22:00:00,1109.03
2023-09-24 23:00:00,1134.44
2023-09-25 00:00:00,1186.87
2023-09-25 01:00:00,1220.99
2023-09-25 02:00:00,1243.18
2023-09-25 03:00:00,1239.48
2023-09-25 04:00:00,1197.85
2023-09-25 05:00:00,1267.9
2023-09-25 06:00:00,1270.94
2023-09-25 07:00:00,1237.55
2023-09-25 08:00:00,1213.43
2023-09-25 09:00:00,1286.7
2023-09-25 10:00:00,1244.74
2023-09-25 11:00:00,1208.66
2023-09-25 12:00:00,1165.89
2023-09-25 13:00:00,1159.82
2023-09-25 14:00:00,1209.08
2023-09-25 15:00:00,1161.7
2023-09-25 16:00:00,1131.52
2023-09-25 17:00:00,1157.34
2023-09-25 18:00:00,1115.57
2023-09-25 19:00:00,1187.07
2023-09-25 20:00:00,1188.62
2023-09-25 21:00:00,1143.58
2023-09-25 22:00:00,1151.14
2023-09-25 23:00:00,1105.93
2023-09-26 00:00:00,1155.55
2023-09-26 01:00:00,1175.35
2023-09-26 02:00:00,1234.06
2023-09-26 03:00:00,1232.64
2023-09-26 04:00:00,1211.6
2023-09-26 05:00:00,1249.52
2023-09-26 06:00:00,1275.16
2023-09-26 07:00:00,1273.79
2023-09-26 08:00:00,1194.97
2023-09-26 09:00:00,1238.58
2023-09-26 10:00:00,1188.5
2023-09-26 11:00:00,1242.58
2023-09-26 12:00:00,1223.52
2023-09-26 13:00:00,1157.53
2023-09-26 14:00:00,1147.02
2023-09-26 15:00:00,1143.74
2023-09-26 16:00:00,1080.45
2023-09-26 17:00:00,1152.12
2023-09-26 18:00:00,1131.81
2023-09-26 19:00:00,1171.15
2023-09-26 20:00:00,1115.09
2023-09-26 21:00:00,1139.0
2023-09-26 22:00:00,1124.8
2023-09-26 23:00:00,1154.34
2023-09-27 00:00:00,1164.54
2023-09-27 01:00:00,1245.41
2023-09-27 02:00:00,1209.05
2023-09-27 03:00:00,1246.15
2023-09-27 04:00:00,1240.54
2023-09-27 05:00:00,1219.87
2023-09-27 06:00:00,1254.95
2023-09-27 07:00:00,1275.93
2023-09-27 08:00:00,1215.73
2023-09-27 09:00:00,1266.7
2023-09-27 10:00:00,1204.51
2023-09-27 11:00:00,1201.04
2023-09-27 12:00:00,1215.92
2023-09-27 13:00:00,1164.57
2023-09-27 14:00:00,1171.13
2023-09-27 15:00:00,1148.13
2023-09-27 16:00:00,1151.92
2023-09-27 17:00:00,1070.62
2023-09-27 18:00:00,1085.11
2023-09-27 19:00:00,1160.52
2023-09-27 20:00:00,1179.15
2023-09-27 21:00:00,1130.26
2023-09-27 22:00:00,1162.68
2023-09-27 23:00:00,1193.31
2023-09-28 00:00:00,1220.8
2023-09-28 01:00:00,1154.7
2023-09-28 02:00:00,1203.42
2023-09-28 03:00:00,1232.45
2023-09-28 04:00:00,1273.06
2023-09-28 05:00:00,1332.91
2023-09-28 06:00:00,1253.16
2023-09-28 07:00:00,1215.75
2023-09-28 08:00:00,1264.03
2023-09-28 09:00:00,1282.06
2023-09-28 10:00:00,1233.24
2023-09-28 11:00:00,1188.33
2023-09-28 12:00:00,1228.74
2023-09-28 13:00:00,1204.38
2023-09-28 14:00:00,1139.22
2023-09-28 15:00:00,1169.02
2023-09-28 16:00:00,1177.96
2023-09-28 17:00:00,1177.5
2023-09-28 18:00:00,1138.01
2023-09-28 19:00:00,1131.3
2023-09-28 20:00:00,1184.86
2023-09-28 21:00:00,1121.27
2023-09-28 22:00:00,1183.16
2023-09-28 23:00:00,1143.37
2023-09-29 00:00:00,1231.96
2023-09-29 01:00:00,1207.79
2023-09-29 02:00:00,1268.06
2023-09-29 03:00:00,1257.17
2023-09-29 04:00:00,1215.26
2023-09-29 05:00:00,1300.69
2023-09-29 06:00:00,1306.54
2023-09-29 07:00:00,1284.42
2023-09-29 08:00:00,1229.11
2023-09-29 09:00:00,1233.25
2023-09-29 10:00:00,1234.36
2023-09-29 11:00:00,1194.42
2023-09-29 12:00:00,1250.77
2023-09-29 13:00:00,1188.8
2023-09-29 14:00:00,1088.9
2023-09-29 15:00:00,1167.75
2023-09-29 16:00:00,1137.59
2023-09-29 17:00:00,1139.8
2023-09-29 18:00:00,1128.94
2023-09-29 19:00:00,1166.26
2023-09-29 20:00:00,1181.63
2023-09-29 21:00:00,1166.07
2023-09-29 22:00:00,1159.82
2023-09-29 23:00:00,1183.23
2023-09-30 00:00:00,1140.59
2023-09-30 01:00:00,1130.68
2023-09-30 02:00:00,1185.87
2023-09-30 03:00:00,1194.11
2023-09-30 04:00:00,1235.58
2023-09-30 05:00:00,1232.72
2023-09-30 06:00:00,1176.43
2023-09-30 07:00:00,1219.67
2023-09-30 08:00:00,1160.83
2023-09-30 09:00:00,1201.18
2023-09-30 10:00:00,1153.0
2023-09-30 11:00:00,1124.06
2023-09-30 12:00:00,1148.4
2023-09-30 13:00:00,1045.01
2023-09-30 14:00:00,1058.97
2023-09-30 15:00:00,1094.37
2023-09-30 16:00:00,1093.11
2023-09-30 17:00:00,1073.86
2023-09-30 18:00:00,1035.62
2023-09-30 19:00:00,1060.41
2023-09-30 20:00:00,1102.37
2023-09-30 21:00:00,1117.15
2023-09-30 22:00:00,1111.01
2023-09-30 23:00:00,1159.95
2023-10-01 00:00:00,1151.92
2023-10-01 01:00:00,1132.33
2023-10-01 02:00:00,1160.08
2023-10-01 03:00:00,1138.22
2023-10-01 04:00:00,1186.12
2023-10-01 05:00:00,1228.42
2023-10-01 06:00:00,1217.56
2023-10-01 07:00:00,1237.12
2023-10-01 08:00:00,1180.28
2023-10-01 09:00:00,1220.69
2023-10-01 10:00:00,1162.7
2023-10-01 11:00:00,1198.9
2023-10-01 12:00:00,1139.34
2023-10-01 13:00:00,1146.46
2023-10-01 14:00:00,1155.75
2023-10-01 15:00:00,1093.89
2023-10-01 16:00:00,1097.19
2023-10-01 17:00:00,1123.61
2023-10-01 18:00:00,1079.01
2023-10-01 19:00:00,1045.32
2023-10-01 20:00:00,1154.93
2023-10-01 21:00:00,1085.6
2023-10-01 22:00:00,1116.26
2023-10-01 23:00:00,1159.93
2023-10-02 00:00:00,1181.75
2023-10-02 01:00:00,1185.29
2023-10-02 02:00:00,1237.61
2023-10-02 03:00:00,1188.63
2023-10-02 04:00:00,1243.32
2023-10-02 05:00:00,1265.31
2023-10-02 06:00:00,1251.9
2023-10-02 07:00:00,1211.65
2023-10-02 08:00:00,1299.79
2023-10-02 09:00:00,1245.53
2023-10-02 10:00:00,1272.93
2023-10-02 11:00:00,1207.73
2023-10-02 12:00:00,1173.6
2023-10-02 13:00:00,1192.55
2023-10-02 14:00:00,1163.53
2023-10-02 15:00:00,1122.24
2023-10-02 16:00:00,1192.13
2023-10-02 17:00:00,1123.38
2023-10-02 18:00:00,1084.79
2023-10-02 19:00:00,1181.89
2023-10-02 20:00:00,1132.91
2023-10-02 21:00:00,1139.34
2023-10-02 22:00:00,1117.04
2023-10-02 23:00:00,1236.7
2023-10-03 00:00:00,1161.32
2023-10-03 01:00:00,1217.28
2023-10-03 02:00:00,1257.38
2023-10-03 03:00:00,1255.08
2023-10-03 04:00:00,1250.17
2023-10-03 05:00:00,1206.91
2023-10-03 06:00:00,1235.71
2023-10-03 07:00:00,1263.59
2023-10-03 08:00:00,1228.35
2023-10-03 09:00:00,1248.53
2023-10-03 10:00:00,1250.45
2023-10-03 11:00:00,1244.4
2023-10-03 12:00:00,1163.21
2023-10-03 13:00:00,1250.37
2023-10-03 14:00:00,1193.02
2023-10-03 15:00:00,1157.52
2023-10-03 16:00:00,1180.72
2023-10-03 17:00:00,1213.01
2023-10-03 18:00:00,1096.84
2023-10-03 19:00:00,1135.29
2023-10-03 20:00:00,1076.69
2023-10-03 21:00:00,1163.35
2023-10-03 22:00:00,1180.96
2023-10-03 23:00:00,1183.3
2023-10-04 00:00:00,1180.36
2023-10-04 01:00:00,1154.04
2023-10-04 02:00:00,1241.21
2023-10-04 03:00:00,1286.09
2023-10-04 04:00:00,1234.23
2023-10-04 05:00:00,1271.16
2023-10-04 06:00:00,1212.96
2023-10-04 07:00:00,1271.67
2023-10-04 08:00:00,1240.16
2023-10-04 09:00:00,1219.55
2023-10-04 10:00:00,1207.19
2023-10-04 11:00:00,1203.72
2023-10-04 12:00:00,1211.47
2023-10-04 13:00:00,1145.11
2023-10-04 14:00:00,1158.09
2023-10-04 15:00:00,1156.33
2023-10-04 16:00:00,1115.07
2023-10-04 17:00:00,1195.94
2023-10-04 18:00:00,1114.4
2023-10-04 19:00:00,1121.96
2023-10-04 20:00:00,1118.69
2023-10-04 21:00:00,1211.53
2023-10-04 22:00:00,1186.59
2023-10-04 23:00:00,1156.37
2023-10-05 00:00:00,1233.19
2023-10-05 01:00:00,1221.55
2023-10-05 02:00:00,1237.72
2023-10-05 03:00:00,1232.09
2023-10-05 04:00:00,1229.48
2023-10-05 05:00:00,1268.09
2023-10-05 06:00:00,1243.65
2023-10-05 07:00:00,1312.46
2023-10-05 08:00:00,1213.88
2023-10-05 09:00:00,1288.51
2023-10-05 10:00:00,1226.66
2023-10-05 11:00:00,1224.5
2023-10-05 12:00:00,1224.99
2023-10-05 13:00:00,1165.56
2023-10-05 14:00:00,1195.93
2023-10-05 15:00:00,1076.35
2023-10-05 16:00:00,1126.44
2023-10-05 17:00:00,1114.32
2023-10-05 18:00:00,1102.39
2023-10-05 19:00:00,1135.6
2023-10-05 20:00:00,1159.61
2023-10-05 21:00:00,1178.65
2023-10-05 22:00:00,1177.23
2023-10-05 23:00:00,1164.5
2023-10-06 00:00:00,1211.07
2023-10-06 01:00:00,1219.26
2023-10-06 02:00:00,1258.08
2023-10-06 03:00:00,1265.73
2023-10-06 04:00:00,1252.88
2023-10-06 05:00:00,1231.04
2023-10-06 06:00:00,1240.41
2023-10-06 07:00:00,1241.46
2023-10-06 08:00:00,1242.5
2023-10-06 09:00:00,1250.47
2023-10-06 10:00:00,1251.46
2023-10-06 11:00:00,1214.0
2023-10-06 12:00:00,1200.48
2023-10-06 13:00:00,1188.77
2023-10-06 14:00:00,1154.52
2023-10-06 15:00:00,1129.81
2023-10-06 16:00:00,1095.38
2023-10-06 17:00:00,1121.19
2023-10-06 18:00:00,1154.19
2023-10-06 19:00:00,1120.96
2023-10-06 20:00:00,1140.9
2023-10-06 21:00:00,1171.57
2023-10-06 22:00:00,1185.62
2023-10-06 23:00:00,1152.08
2023-10-07 00:00:00,1169.91
2023-10-07 01:00:00,1188.57
2023-10-07 02:00:00,1134.6
2023-10-07 03:00:00,1155.59
2023-10-07 04:00:00,1225.1
2023-10-07 05:00:00,1190.65
2023-10-07 06:00:00,1130.41
2023-10-07 07:00:00,1153.07
2023-10-07 08:00:00,1181.88
2023-10-07 09:00:00,1145.41
2023-10-07 10:00:00,1156.1
2023-10-07 11:00:00,1155.72
2023-10-07 12:00:00,1183.87
2023-10-07 13:00:00,1116.53
2023-10-07 14:00:00,1143.68
2023-10-07 15:00:00,1142.56
2023-10-07 16:00:00,1133.67
2023-10-07 17:00:00,1093.48
2023-10-07 18:00:00,1024.1
2023-10-07 19:00:00,1098.77
2023-10-07 20:00:00,1122.09
2023-10-07 21:00:00,1097.26
2023-10-07 22:00:00,1163.84
2023-10-07 23:00:00,1151.04
2023-10-08 00:00:00,1157.05
2023-10-08 01:00:00,1187.34
2023-10-08 02:00:00,1178.5
2023-10-08 03:00:00,1105.52
2023-10-08 04:00:00,1174.39
2023-10-08 05:00:00,1230.97
2023-10-08 06:00:00,1172.77
2023-10-08 07:00:00,1188.35
2023-10-08 08:00:00,1158.02
2023-10-08 09:00:00,1233.82
2023-10-08 10:00:00,1218.94
2023-10-08 11:00:00,1128.24
2023-10-08 12:00:00,1144.42
2023-10-08 13:00:00,1104.83
2023-10-08 14:00:00,1129.95
2023-10-08 15:00:00,1114.99
2023-10-08 16:00:00,1114.99
2023-10-08 17:00:00,1094.9
2023-10-08 18:00:00,1171.06
2023-10-08 19:00:00,1054.1
2023-10-08 20:00:00,1039.32
2023-10-08 21:00:00,1087.9
2023-10-08 22:00:00,1064.46
2023-10-08 23:00:00,1080.47
2023-10-09 00:00:00,1169.96
2023-10-09 01:00:00,1187.86
2023-10-09 02:00:00,1201.36
2023-10-09 03:00:00,1257.97
2023-10-09 04:00:00,1236.78
2023-10-09 05:00:00,1252.57
2023-10-09 06:00:00,1286.83
2023-10-09 07:00:00,1234.97
2023-10-09 08:00:00,1244.03
2023-10-09 09:00:00,1253.4
2023-10-09 10:00:00,1171.75
2023-10-09 11:00:00,1143.98
2023-10-09 12:00:00,1210.38
2023-10-09 13:00:00,1199.23
2023-10-09 14:00:00,1231.93
2023-10-09 15:00:00,1162.32
2023-10-09 16:00:00,1172.63
2023-10-09 17:00:00,1136.18
2023-10-09 18:00:00,1148.92
2023-10-09 19:00:00,1192.06
2023-10-09 20:00:00,1084.32
2023-10-09 21:00:00,1169.98
2023-10-09 22:00:00,1234.07
2023-10-09 23:00:00,1192.93
2023-10-10 00:00:00,1249.52
2023-10-10 01:00:00,1196.65
2023-10-10 02:00:00,1229.04
2023-10-10 03:00:00,1243.43
2023-10-10 04:00:00,1185.43
2023-10-10 05:00:00,1222.91
2023-10-10 06:00:00,1227.09
2023-10-10 07:00:00,1282.62
2023-10-10 08:00:00,1278.13
2023-10-10 09:00:00,1252.15
2023-10-10 10:00:00,1254.72
2023-10-10 11:00:00,1210.6
2023-10-10 12:00:00,1236.06
2023-10-10 13:00:00,1184.73
2023-10-10 14:00:00,1171.74
2023-10-10 15:00:00,1149.61
2023-10-10 16:00:00,1168.57
2023-10-10 17:00:00,1129.41
2023-10-10 18:00:00,1169.29
2023-10-10 19:00:00,1108.08
2023-10-10 20:00:00,1115.07
2023-10-10 21:00:00,1178.2
2023-10-10 22:00:00,1167.34
2023-10-10 23:00:00,1170.85
2023-10-11 00:00:00,1226.7
2023-10-11 01:00:00,1197.31
2023-10-11 02:00:00,1223.99
2023-10-11 03:00:00,1284.4
2023-10-11 04:00:00,1298.14
2023-10-11 05:00:00,1305.13
2023-10-11 06:00:00,1251.54
2023-10-11 07:00:00,1294.88
2023-10-11 08:00:00,1223.49
2023-10-11 09:00:00,1215.22
2023-10-11 10:00:00,1159.49
2023-10-11 11:00:00,1265.72
2023-10-11 12:00:00,1174.08
2023-10-11 13:00:00,1180.67
2023-10-11 14:00:00,1142.69
2023-10-11 15:00:00,1178.43
2023-10-11 16:00:00,1136.77
2023-10-11 17:00:00,1102.9
2023-10-11 18:00:00,1153.25
2023-10-11 19:00:00,1099.03
2023-10-11 20:00:00,1122.92
2023-10-11 21:00:00,1094.37
2023-10-11 22:00:00,1127.28
2023-10-11 23:00:00,1189.83
2023-10-12 00:00:00,1141.06
2023-10-12 01:00:00,1171.09
2023-10-12 02:00:00,1229.93
2023-10-12 03:00:00,1226.12
2023-10-12 04:00:00,1311.72
2023-10-12 05:00:00,1312.97
2023-10-12 06:00:00,1233.96
2023-10-12 07:00:00,1274.67
2023-10-12 08:00:00,1274.44
2023-10-12 09:00:00,1224.5
2023-10-12 10:00:00,1185.13
2023-10-12 11:00:00,1215.16
2023-10-12 12:00:00,1194.81
2023-10-12 13:00:00,1171.4
2023-10-12 14:00:00,1183.27
2023-10-12 15:00:00,1135.05
2023-10-12 16:00:00,1113.48
2023-10-12 17:00:00,1145.32
2023-10-12 18:00:00,1151.58
2023-10-12 19:00:00,1106.75
2023-10-12 20:00:00,1175.88
2023-10-12 21:00:00,1104.46
2023-10-12 22:00:00,1152.66
2023-10-12 23:00:00,1176.73
2023-10-13 00:00:00,1180.91
2023-10-13 01:00:00,1198.58
2023-10-13 02:00:00,1286.13
2023-10-13 03:00:00,1216.9
2023-10-13 04:00:00,1325.2
2023-10-13 05:00:00,1271.07
2023-10-13 06:00:00,1262.76
2023-10-13 07:00:00,1272.24
2023-10-13 08:00:00,1327.86
2023-10-13 09:00:00,1212.62
2023-10-13 10:00:00,1196.39
2023-10-13 11:00:00,1192.88
2023-10-13 12:00:00,1200.96
2023-10-13 13:00:00,1132.7
2023-10-13 14:00:00,1170.67
2023-10-13 15:00:00,1208.38
2023-10-13 16:00:00,1152.58
2023-10-13 17:00:00,1133.26
2023-10-13 18:00:00,1121.46
2023-10-13 19:00:00,1169.0
2023-10-13 20:00:00,1123.26
2023-10-13 21:00:00,1212.97
2023-10-13 22:00:00,1228.0
2023-10-13 23:00:00,1192.17
2023-10-14 00:00:00,1139.65
2023-10-14 01:00:00,1185.67
2023-10-14 02:00:00,1201.34
2023-10-14 03:00:00,1156.13
2023-10-14 04:00:00,1173.57
2023-10-14 05:00:00,1155.39
2023-10-14 06:00:00,1209.27
2023-10-14 07:00:00,1215.06
2023-10-14 08:00:00,1148.87
2023-10-14 09:00:00,1166.65
2023-10-14 10:00:00,1128.08
2023-10-14 11:00:00,1127.79
2023-10-14 12:00:00,1156.53
2023-10-14 13:00:00,1103.24
2023-10-14 14:00:00,1102.48
2023-10-14 15:00:00,1050.88
2023-10-14 16:00:00,1096.25
2023-10-14 17:00:00,1083.61
2023-10-14 18:00:00,1061.13
2023-10-14 19:00:00,1079.27
2023-10-14 20:00:00,1096.05
2023-10-14 21:00:00,1075.25
2023-10-14 22:00:00,1067.21
2023-10-14 23:00:00,1179.41
2023-10-15 00:00:00,1121.0
2023-10-15 01:00:00,1151.85
2023-10-15 02:00:00,1198.83
2023-10-15 03:00:00,1286.18
2023-10-15 04:00:00,1152.03
2023-10-15 05:00:00,1208.55
2023-10-15 06:00:00,1175.77
2023-10-15 07:00:00,1178.89
2023-10-15 08:00:00,1167.76
2023-10-15 09:00:00,1146.54
2023-10-15 10:00:00,1167.26
2023-10-15 11:00:00,1110.52
2023-10-15 12:00:00,1168.4
2023-10-15 13:00:00,1126.9
2023-10-15 14:00:00,1124.17
2023-10-15 15:00:00,1085.71
2023-10-15 16:00:00,1079.62
2023-10-15 17:00:00,1093.57
2023-10-15 18:00:00,1048.08
2023-10-15 19:00:00,1074.2
2023-10-15 20:00:00,1064.85
2023-10-15 21:00:00,1072.98
2023-10-15 22:00:00,1048.2
2023-10-15 23:00:00,1165.43
2023-10-16 00:00:00,1179.4
2023-10-16 01:00:00,1250.43
2023-10-16 02:00:00,1262.06
2023-10-16 03:00:00,1203.85
2023-10-16 04:00:00,1219.31
2023-10-16 05:00:00,1334.77
2023-10-16 06:00:00,1312.53
2023-10-16 07:00:00,1257.01
2023-10-16 08:00:00,1259.68
2023-10-16 09:00:00,1223.5
2023-10-16 10:00:00,1242.97
2023-10-16 11:00:00,1194.01
2023-10-16 12:00:00,1139.03
2023-10-16 13:00:00,1144.82
2023-10-16 14:00:00,1170.63
2023-10-16 15:00:00,1123.64
2023-10-16 16:00:00,1146.02
2023-10-16 17:00:00,1109.8
2023-10-16 18:00:00,1116.53
2023-10-16 19:00:00,1167.64
2023-10-16 20:00:00,1155.46
2023-10-16 21:00:00,1157.28
2023-10-16 22:00:00,1196.37
2023-10-16 23:00:00,1198.89
2023-10-17 00:00:00,1243.4
2023-10-17 01:00:00,1201.73
2023-10-17 02:00:00,1217.11
2023-10-17 03:00:00,1203.39
2023-10-17 04:00:00,1239.09
2023-10-17 05:00:00,1286.9
2023-10-17 06:00:00,1299.0
2023-10-17 07:00:00,1286.76
2023-10-17 08:00:00,1198.14
2023-10-17 09:00:00,1274.92
2023-10-17 10:00:00,1174.84
2023-10-17 11:00:00,1242.47
2023-10-17 12:00:00,1188.97
2023-10-17 13:00:00,1205.55
2023-10-17 14:00:00,1130.03
2023-10-17 15:00:00,1192.71
2023-10-17 16:00:00,1104.09
2023-10-17 17:00:00,1121.99
2023-10-17 18:00:00,1110.06
2023-10-17 19:00:00,1089.42
2023-10-17 20:00:00,1150.87
2023-10-17 21:00:00,1211.76
2023-10-17 22:00:00,1250.01
2023-10-17 23:00:00,1187.39
2023-10-18 00:00:00,1233.5
2023-10-18 01:00:00,1222.49
2023-10-18 02:00:00,1244.97
2023-10-18 03:00:00,1232.16
2023-10-18 04:00:00,1257.81
2023-10-18 05:00:00,1274.08
2023-10-18 06:00:00,1242.65
2023-10-18 07:00:00,1255.63
2023-10-18 08:00:00,1250.21
2023-10-18 09:00:00,1267.22
2023-10-18 10:00:00,1198.02
2023-10-18 11:00:00,1213.98
2023-10-18 12:00:00,1257.36
2023-10-18 13:00:00,1219.39
2023-10-18 14:00:00,1210.48
2023-10-18 15:00:00,1158.31
2023-10-18 16:00:00,1157.67
2023-10-18 17:00:00,1172.11
2023-10-18 18:00:00,1186.81
2023-10-18 19:00:00,1083.5
2023-10-18 20:00:00,1108.58
2023-10-18 21:00:00,1196.86
2023-10-18 22:00:00,1161.69
2023-10-18 23:00:00,1164.32
2023-10-19 00:00:00,1162.38
2023-10-19 01:00:00,1198.88
2023-10-19 02:00:00,1187.93
2023-10-19 03:00:00,1305.16
2023-10-19 04:00:00,1251.29
2023-10-19 05:00:00,1256.22
2023-10-19 06:00:00,1277.64
2023-10-19 07:00:00,1286.83
2023-10-19 08:00:00,1280.34
2023-10-19 09:00:00,1274.64
2023-10-19 10:00:00,1211.07
2023-10-19 11:00:00,1206.59
2023-10-19 12:00:00,1223.07
2023-10-19 13:00:00,1168.65
2023-10-19 14:00:00,1169.85
2023-10-19 15:00:00,1169.54
2023-10-19 16:00:00,1171.59
2023-10-19 17:00:00,1088.71
2023-10-19 18:00:00,1161.44
2023-10-19 19:00:00,1135.03
2023-10-19 20:00:00,1169.26
2023-10-19 21:00:00,1180.88
2023-10-19 22:00:00,1218.24
2023-10-19 23:00:00,1225.07
2023-10-20 00:00:00,1240.4
2023-10-20 01:00:00,1258.84
2023-10-20 02:00:00,1238.74
2023-10-20 03:00:00,1243.39
2023-10-20 04:00:00,1278.15
2023-10-20 05:00:00,1279.92
2023-10-20 06:00:00,1250.73
2023-10-20 07:00:00,1270.1
2023-10-20 08:00:00,1250.91
2023-10-20 09:00:00,1216.81
2023-10-20 10:00:00,1268.71
2023-10-20 11:00:00,1217.19
2023-10-20 12:00:00,1261.46
2023-10-20 13:00:00,1135.71
2023-10-20 14:00:00,1153.3
2023-10-20 15:00:00,1158.55
2023-10-20 16:00:00,1182.16
2023-10-20 17:00:00,1154.03
2023-10-20 18:00:00,1149.31
2023-10-20 19:00:00,1108.23
2023-10-20 20:00:00,1113.33
2023-10-20 21:00:00,1167.25
2023-10-20 22:00:00,1129.08
2023-10-20 23:00:00,1168.51
2023-10-21 00:00:00,1155.03
2023-10-21 01:00:00,1125.28
2023-10-21 02:00:00,1216.66
2023-10-21 03:00:00,1217.02
2023-10-21 04:00:00,1142.22
2023-10-21 05:00:00,1167.09
2023-10-21 06:00:00,1128.43
2023-10-21 07:00:00,1171.58
2023-10-21 08:00:00,1212.36
2023-10-21 09:00:00,1167.89
2023-10-21 10:00:00,1182.32
2023-10-21 11:00:00,1109.08
2023-10-21 12:00:00,1163.94
2023-10-21 13:00:00,1108.59
2023-10-21 14:00:00,1111.87
2023-10-21 15:00:00,1096.91
2023-10-21 16:00:00,1052.49
2023-10-21 17:00:00,1050.35
2023-10-21 18:00:00,1112.03
2023-10-21 19:00:00,1096.91
2023-10-21 20:00:00,1122.14
2023-10-21 21:00:00,1109.43
2023-10-21 22:00:00,1115.79
2023-10-21 23:00:00,1073.47
2023-10-22 00:00:00,1131.89
2023-10-22 01:00:00,1153.93
2023-10-22 02:00:00,1227.09
2023-10-22 03:00:00,1200.91
2023-10-22 04:00:00,1235.45
2023-10-22 05:00:00,1212.98
2023-10-22 06:00:00,1175.66
2023-10-22 07:00:00,1198.57
2023-10-22 08:00:00,1196.45
2023-10-22 09:00:00,1152.13
2023-10-22 10:00:00,1156.97
2023-10-22 11:00:00,1148.58
2023-10-22 12:00:00,1188.17
2023-10-22 13:00:00,1062.83
2023-10-22 14:00:00,1147.67
2023-10-22 15:00:00,1071.59
2023-10-22 16:00:00,1049.47
2023-10-22 17:00:00,1120.34
2023-10-22 18:00:00,1104.96
2023-10-22 19:00:00,1122.58
2023-10-22 20:00:00,1114.66
2023-10-22 21:00:00,1161.49
2023-10-22 22:00:00,1128.26
2023-10-22 23:00:00,1120.55
2023-10-23 00:00:00,1210.29
2023-10-23 01:00:00,1252.83
2023-10-23 02:00:00,1206.62
2023-10-23 03:00:00,1222.87
2023-10-23 04:00:00,1242.69
2023-10-23 05:00:00,1194.82
2023-10-23 06:00:00,1264.14
2023-10-23 07:00:00,1201.37
2023-10-23 08:00:00,1253.55
2023-10-23 09:00:00,1268.39
2023-10-23 10:00:00,1215.69
2023-10-23 11:00:00,1265.84
2023-10-23 12:00:00,1156.18
2023-10-23 13:00:00,1220.21
2023-10-23 14:00:00,1190.25
2023-10-23 15:00:00,1106.09
2023-10-23 16:00:00,1229.36
2023-10-23 17:00:00,1140.13
2023-10-23 18:00:00,1113.68
2023-10-23 19:00:00,1099.83
2023-10-23 20:00:00,1141.44
2023-10-23 21:00:00,1153.75
2023-10-23 22:00:00,1173.08
2023-10-23 23:00:00,1175.54
2023-10-24 00:00:00,1219.0
2023-10-24 01:00:00,1203.9
2023-10-24 02:00:00,1171.95
2023-10-24 03:00:00,1237.95
2023-10-24 04:00:00,1180.94
2023-10-24 05:00:00,1268.57
2023-10-24 06:00:00,1230.62
2023-10-24 07:00:00,1262.86
2023-10-24 08:00:00,1291.38
2023-10-24 09:00:00,1213.96
2023-10-24 10:00:00,1261.84
2023-10-24 11:00:00,1202.53
2023-10-24 12:00:00,1252.6
2023-10-24 13:00:00,1173.52
2023-10-24 14:00:00,1144.79
2023-10-24 15:00:00,1178.19
2023-10-24 16:00:00,1134.96
2023-10-24 17:00:00,1116.8
2023-10-24 18:00:00,1125.66
2023-10-24 19:00:00,1140.71
2023-10-24 20:00:00,1188.3
2023-10-24 21:00:00,1099.55
2023-10-24 22:00:00,1170.69
2023-10-24 23:00:00,1203.22
2023-10-25 00:00:00,1205.8
2023-10-25 01:00:00,1254.83
2023-10-25 02:00:00,1227.77
2023-10-25 03:00:00,1236.89
2023-10-25 04:00:00,1269.73
2023-10-25 05:00:00,1260.93
2023-10-25 06:00:00,1248.29
2023-10-25 07:00:00,1273.44
2023-10-25 08:00:00,1232.39
2023-10-25 09:00:00,1224.09
2023-10-25 10:00:00,1214.16
2023-10-25 11:00:00,1256.12
2023-10-25 12:00:00,1103.37
2023-10-25 13:00:00,1196.34
2023-10-25 14:00:00,1171.03
2023-10-25 15:00:00,1107.15
2023-10-25 16:00:00,1157.33
2023-10-25 17:00:00,1156.32
2023-10-25 18:00:00,1157.69
2023-10-25 19:00:00,1062.49
2023-10-25 20:00:00,1189.03
2023-10-25 21:00:00,1135.44
2023-10-25 22:00:00,1190.6
2023-10-25 23:00:00,1206.7
2023-10-26 00:00:00,1173.7
2023-10-26 01:00:00,1235.34
2023-10-26 02:00:00,1218.44
2023-10-26 03:00:00,1180.29
2023-10-26 04:00:00,1286.99
2023-10-26 05:00:00,1234.7
2023-10-26 06:00:00,1234.37
2023-10-26 07:00:00,1245.86
2023-10-26 08:00:00,1260.13
2023-10-26 09:00:00,1240.71
2023-10-26 10:00:00,1246.44
2023-10-26 11:00:00,1175.34
2023-10-26 12:00:00,1177.73
2023-10-26 13:00:00,1180.99
2023-10-26 14:00:00,1226.94
2023-10-26 15:00:00,1154.16
2023-10-26 16:00:00,1180.6
2023-10-26 17:00:00,1143.2
2023-10-26 18:00:00,1125.49
2023-10-26 19:00:00,1134.64
2023-10-26 20:00:00,1142.99
2023-10-26 21:00:00,1175.68
2023-10-26 22:00:00,1211.24
2023-10-26 23:00:00,1195.26
2023-10-27 00:00:00,1235.61
2023-10-27 01:00:00,1186.59
2023-10-27 02:00:00,1217.56
2023-10-27 03:00:00,1220.7
2023-10-27 04:00:00,1261.39
2023-10-27 05:00:00,1247.19
2023-10-27 06:00:00,1281.89
2023-10-27 07:00:00,1230.03
2023-10-27 08:00:00,1253.25
2023-10-27 09:00:00,1263.03
2023-10-27 10:00:00,1168.04
2023-10-27 11:00:00,1279.18
2023-10-27 12:00:00,1191.51
2023-10-27 13:00:00,1123.72
2023-10-27 14:00:00,1174.74
2023-10-27 15:00:00,1158.58
2023-10-27 16:00:00,1145.58
2023-10-27 17:00:00,1171.78
2023-10-27 18:00:00,1162.42
2023-10-27 19:00:00,1150.98
2023-10-27 20:00:00,1161.54
2023-10-27 21:00:00,1154.44
2023-10-27 22:00:00,1223.26
2023-10-27 23:00:00,1140.09
2023-10-28 00:00:00,1144.19
2023-10-28 01:00:00,1156.7
2023-10-28 02:00:00,1192.9
2023-10-28 03:00:00,1154.99
2023-10-28 04:00:00,1137.05
2023-10-28 05:00:00,1199.76
2023-10-28 06:00:00,1205.44
2023-10-28 07:00:00,1239.75
2023-10-28 08:00:00,1151.25
2023-10-28 09:00:00,1214.95
2023-10-28 10:00:00,1239.52
2023-10-28 11:00:00,1143.42
2023-10-28 12:00:00,1101.27
2023-10-28 13:00:00,1113.04
2023-10-28 14:00:00,1111.92
2023-10-28 15:00:00,1116.61
2023-10-28 16:00:00,1072.89
2023-10-28 17:00:00,1131.6
2023-10-28 18:00:00,1049.56
2023-10-28 19:00:00,1032.77
2023-10-28 20:00:00,1123.84
2023-10-28 21:00:00,1031.46
2023-10-28 22:00:00,1105.38
2023-10-28 23:00:00,1218.78
2023-10-29 00:00:00,1139.64
2023-10-29 01:00:00,1121.13
2023-10-29 02:00:00,1166.78
2023-10-29 03:00:00,1178.78
2023-10-29 04:00:00,1194.18
2023-10-29 05:00:00,1214.93
2023-10-29 06:00:00,1165.83
2023-10-29 07:00:00,1245.68
2023-10-29 08:00:00,1196.72
2023-10-29 09:00:00,1202.11
2023-10-29 10:00:00,1149.66
2023-10-29 11:00:00,1193.34
2023-10-29 12:00:00,1132.29
2023-10-29 13:00:00,1133.57
2023-10-29 14:00:00,1083.51
2023-10-29 15:00:00,1069.79
2023-10-29 16:00:00,1111.28
2023-10-29 17:00:00,1071.63
2023-10-29 18:00:00,1057.39
2023-10-29 19:00:00,1065.65
2023-10-29 20:00:00,1111.61
2023-10-29 21:00:00,1080.82
2023-10-29 22:00:00,1107.97
2023-10-29 23:00:00,1125.7
2023-10-30 00:00:00,1142.48
2023-10-30 01:00:00,1171.4
2023-10-30 02:00:00,1240.09
2023-10-30 03:00:00,1220.32
2023-10-30 04:00:00,1283.66
2023-10-30 05:00:00,1286.96
2023-10-30 06:00:00,1281.58
2023-10-30 07:00:00,1312.55
2023-10-30 08:00:00,1249.47
2023-10-30 09:00:00,1261.89
2023-10-30 10:00:00,1212.47
2023-10-30 11:00:00,1289.1
2023-10-30 12:00:00,1259.51
2023-10-30 13:00:00,1184.83
2023-10-30 14:00:00,1181.6
2023-10-30 15:00:00,1198.35
2023-10-30 16:00:00,1143.62
2023-10-30 17:00:00,1122.35
2023-10-30 18:00:00,1166.22
2023-10-30 19:00:00,1144.4
2023-10-30 20:00:00,1153.53
2023-10-30 21:00:00,1132.55
2023-10-30 22:00:00,1118.47
2023-10-30 23:00:00,1191.56
2023-10-31 00:00:00,1227.15
2023-10-31 01:00:00,1208.75
2023-10-31 02:00:00,1273.09
2023-10-31 03:00:00,1221.31
2023-10-31 04:00:00,1220.32
2023-10-31 05:00:00,1255.94
2023-10-31 06:00:00,1257.52
2023-10-31 07:00:00,1281.05
2023-10-31 08:00:00,1228.71
2023-10-31 09:00:00,1283.47
2023-10-31 10:00:00,1289.01
2023-10-31 11:00:00,1214.35
2023-10-31 12:00:00,1237.49
2023-10-31 13:00:00,1152.78
2023-10-31 14:00:00,1202.26
2023-10-31 15:00:00,1188.99
2023-10-31 16:00:00,1173.94
2023-10-31 17:00:00,1141.58
2023-10-31 18:00:00,1051.37
2023-10-31 19:00:00,1122.79
2023-10-31 20:00:00,1129.26
2023-10-31 21:00:00,1128.23
2023-10-31 22:00:00,1173.67
2023-10-31 23:00:00,1171.9
2023-11-01 00:00:00,1175.26
2023-11-01 01:00:00,1183.77
2023-11-01 02:00:00,1208.53
2023-11-01 03:00:00,1276.07
2023-11-01 04:00:00,1232.13
2023-11-01 05:00:00,1242.51
2023-11-01 06:00:00,1246.3
2023-11-01 07:00:00,1268.13
2023-11-01 08:00:00,1265.65
2023-11-01 09:00:00,1151.09
2023-11-01 10:00:00,1260.65
2023-11-01 11:00:00,1258.62
2023-11-01 12:00:00,1168.49
2023-11-01 13:00:00,1155.3
2023-11-01 14:00:00,1156.49
2023-11-01 15:00:00,1134.89
2023-11-01 16:00:00,1154.76
2023-11-01 17:00:00,1083.65
2023-11-01 18:00:00,1106.46
2023-11-01 19:00:00,1188.22
2023-11-01 20:00:00,1120.19
2023-11-01 21:00:00,1194.88
2023-11-01 22:00:00,1180.66
2023-11-01 23:00:00,1130.19
2023-11-02 00:00:00,1219.06
2023-11-02 01:00:00,1212.0
2023-11-02 02:00:00,1216.34
2023-11-02 03:00:00,1249.78
2023-11-02 04:00:00,1266.2
2023-11-02 05:00:00,1279.18
2023-11-02 06:00:00,1295.35
2023-11-02 07:00:00,1270.2
2023-11-02 08:00:00,1210.69
2023-11-02 09:00:00,1228.22
2023-11-02 10:00:00,1318.29
2023-11-02 11:00:00,1237.26
2023-11-02 12:00:00,1271.08
2023-11-02 13:00:00,1226.33
2023-11-02 14:00:00,1177.25
2023-11-02 15:00:00,1166.62
2023-11-02 16:00:00,1146.94
2023-11-02 17:00:00,1089.91
2023-11-02 18:00:00,1140.54
2023-11-02 19:00:00,1178.36
2023-11-02 20:00:00,1130.05
2023-11-02 21:00:00,1169.93
2023-11-02 22:00:00,1195.55
2023-11-02 23:00:00,1157.18
2023-11-03 00:00:00,1186.46
2023-11-03 01:00:00,1184.99
2023-11-03 02:00:00,1205.34
2023-11-03 03:00:00,1203.8
2023-11-03 04:00:00,1224.95
2023-11-03 05:00:00,1300.54
2023-11-03 06:00:00,1232.54
2023-11-03 07:00:00,1261.75
2023-11-03 08:00:00,1236.88
2023-11-03 09:00:00,1277.79
2023-11-03 10:00:00,1269.33
2023-11-03 11:00:00,1241.45
2023-11-03 12:00:00,1209.18
2023-11-03 13:00:00,1177.54
2023-11-03 14:00:00,1134.24
2023-11-03 15:00:00,1215.88
2023-11-03 16:00:00,1125.25
2023-11-03 17:00:00,1161.95
2023-11-03 18:00:00,1171.79
2023-11-03 19:00:00,1125.39
2023-11-03 20:00:00,1179.18
2023-11-03 21:00:00,1180.5
2023-11-03 22:00:00,1221.84
2023-11-03 23:00:00,1170.39
2023-11-04 00:00:00,1101.42
2023-11-04 01:00:00,1139.59
2023-11-04 02:00:00,1174.77
2023-11-04 03:00:00,1182.05
2023-11-04 04:00:00,1177.56
2023-11-04 05:00:00,1137.78
2023-11-04 06:00:00,1211.11
2023-11-04 07:00:00,1254.23
2023-11-04 08:00:00,1203.29
2023-11-04 09:00:00,1198.58
2023-11-04 10:00:00,1185.67
2023-11-04 11:00:00,1166.66
2023-11-04 12:00:00,1167.95
2023-11-04 13:00:00,1137.11
2023-11-04 14:00:00,1102.12
2023-11-04 15:00:00,1075.82
2023-11-04 16:00:00,1083.17
2023-11-04 17:00:00,1094.37
2023-11-04 18:00:00,1073.52
2023-11-04 19:00:00,1094.37
2023-11-04 20:00:00,1103.81
2023-11-04 21:00:00,1124.69
2023-11-04 22:00:00,1149.98
2023-11-04 23:00:00,1127.59
2023-11-05 00:00:00,1100.77
2023-11-05 01:00:00,1144.4
2023-11-05 02:00:00,1169.82
2023-11-05 03:00:00,1125.23
2023-11-05 04:00:00,1231.02
2023-11-05 05:00:00,1199.33
2023-11-05 06:00:00,1208.44
2023-11-05 07:00:00,1236.02
2023-11-05 08:00:00,1170.46
2023-11-05 09:00:00,1197.53
2023-11-05 10:00:00,1165.2
2023-11-05 11:00:00,1149.23
2023-11-05 12:00:00,1116.83
2023-11-05 13:00:00,1175.22
2023-11-05 14:00:00,1100.23
2023-11-05 15:00:00,1120.68
2023-11-05 16:00:00,1034.39
2023-11-05 17:00:00,1120.34
2023-11-05 18:00:00,1114.57
2023-11-05 19:00:00,1087.87
2023-11-05 20:00:00,1083.83
2023-11-05 21:00:00,1111.69
2023-11-05 22:00:00,1180.16
2023-11-05 23:00:00,1072.35
2023-11-06 00:00:00,1223.46
2023-11-06 01:00:00,1188.18
2023-11-06 02:00:00,1229.4
2023-11-06 03:00:00,1234.99
2023-11-06 04:00:00,1239.11
2023-11-06 05:00:00,1257.64
2023-11-06 06:00:00,1225.97
2023-11-06 07:00:00,1288.83
2023-11-06 08:00:00,1198.14
2023-11-06 09:00:00,1258.62
2023-11-06 10:00:00,1220.2
2023-11-06 11:00:00,1180.4
2023-11-06 12:00:00,1206.07
2023-11-06 13:00:00,1137.76
2023-11-06 14:00:00,1171.19
2023-11-06 15:00:00,1114.89
2023-11-06 16:00:00,1161.88
2023-11-06 17:00:00,1114.31
2023-11-06 18:00:00,1126.47
2023-11-06 19:00:00,1150.86
2023-11-06 20:00:00,1124.86
2023-11-06 21:00:00,1155.83
2023-11-06 22:00:00,1124.59
2023-11-06 23:00:00,1203.4
2023-11-07 00:00:00,1252.95
2023-11-07 01:00:00,1299.3
2023-11-07 02:00:00,1232.74
2023-11-07 03:00:00,1266.07
2023-11-07 04:00:00,1198.54
2023-11-07 05:00:00,1303.04
2023-11-07 06:00:00,1283.29
2023-11-07 07:00:00,1243.44
2023-11-07 08:00:00,1289.08
2023-11-07 09:00:00,1234.79
2023-11-07 10:00:00,1216.26
2023-11-07 11:00:00,1229.79
2023-11-07 12:00:00,1168.1
2023-11-07 13:00:00,1215.12
2023-11-07 14:00:00,1138.32
2023-11-07 15:00:00,1126.07
2023-11-07 16:00:00,1120.75
2023-11-07 17:00:00,1164.83
2023-11-07 18:00:00,1121.5
2023-11-07 19:00:00,1101.6
2023-11-07 20:00:00,1129.87
2023-11-07 21:00:00,1156.61
2023-11-07 22:00:00,1134.57
2023-11-07 23:00:00,1149.92
2023-11-08 00:00:00,1263.34
2023-11-08 01:00:00,1189.71
2023-11-08 02:00:00,1220.31
2023-11-08 03:00:00,1231.41
2023-11-08 04:00:00,1239.32
2023-11-08 05:00:00,1276.6
2023-11-08 06:00:00,1288.44
2023-11-08 07:00:00,1248.78
2023-11-08 08:00:00,1214.87
2023-11-08 09:00:00,1280.66
2023-11-08 10:00:00,1227.14
2023-11-08 11:00:00,1267.44
2023-11-08 12:00:00,1132.63
2023-11-08 13:00:00,1190.33
2023-11-08 14:00:00,1227.56
2023-11-08 15:00:00,1146.98
2023-11-08 16:00:00,1141.27
2023-11-08 17:00:00,1150.91
2023-11-08 18:00:00,1123.24
2023-11-08 19:00:00,1132.68
2023-11-08 20:00:00,1137.9
2023-11-08 21:00:00,1138.75
2023-11-08 22:00:00,1206.87
2023-11-08 23:00:00,1198.3
2023-11-09 00:00:00,1207.52
2023-11-09 01:00:00,1239.79
2023-11-09 02:00:00,1222.07
2023-11-09 03:00:00,1219.2
2023-11-09 04:00:00,1233.88
2023-11-09 05:00:00,1258.01
2023-11-09 06:00:00,1228.22
2023-11-09 07:00:00,1242.95
2023-11-09 08:00:00,1236.48
2023-11-09 09:00:00,1306.16
2023-11-09 10:00:00,1146.79
2023-11-09 11:00:00,1210.14
2023-11-09 12:00:00,1251.77
2023-11-09 13:00:00,1188.13
2023-11-09 14:00:00,1192.6
2023-11-09 15:00:00,1160.57
2023-11-09 16:00:00,1128.02
2023-11-09 17:00:00,1074.79
2023-11-09 18:00:00,1146.16
2023-11-09 19:00:00,1118.78
2023-11-09 20:00:00,1124.03
2023-11-09 21:00:00,1142.6
2023-11-09 22:00:00,1222.35
2023-11-09 23:00:00,1256.62
2023-11-10 00:00:00,1206.52
2023-11-10 01:00:00,1201.59
2023-11-10 02:00:00,1194.68
2023-11-10 03:00:00,1256.48
2023-11-10 04:00:00,1305.45
2023-11-10 05:00:00,1250.54
2023-11-10 06:00:00,1188.63
2023-11-10 07:00:00,1278.06
2023-11-10 08:00:00,1281.52
2023-11-10 09:00:00,1194.85
2023-11-10 10:00:00,1235.29
2023-11-10 11:00:00,1229.07
2023-11-10 12:00:00,1197.81
2023-11-10 13:00:00,1160.75
2023-11-10 14:00:00,1200.48
2023-11-10 15:00:00,1145.47
2023-11-10 16:00:00,1103.48
2023-11-10 17:00:00,1080.56
2023-11-10 18:00:00,1177.83
2023-11-10 19:00:00,1160.54
2023-11-10 20:00:00,1150.68
2023-11-10 21:00:00,1144.37
2023-11-10 22:00:00,1154.13
2023-11-10 23:00:00,1152.2
2023-11-11 00:00:00,1127.06
2023-11-11 01:00:00,1091.15
2023-11-11 02:00:00,1146.42
2023-11-11 03:00:00,1170.98
2023-11-11 04:00:00,1207.66
2023-11-11 05:00:00,1193.86
2023-11-11 06:00:00,1220.85
2023-11-11 07:00:00,1235.53
2023-11-11 08:00:00,1221.11
2023-11-11 09:00:00,1194.42
2023-11-11 10:00:00,1168.86
2023-11-11 11:00:00,1125.33
2023-11-11 12:00:00,1162.2
2023-11-11 13:00:00,1175.64
2023-11-11 14:00:00,1121.76
2023-11-11 15:00:00,1157.21
2023-11-11 16:00:00,1044.87
2023-11-11 17:00:00,1050.32
2023-11-11 18:00:00,1108.66
2023-11-11 19:00:00,1092.87
2023-11-11 20:00:00,1130.05
2023-11-11 21:00:00,1099.23
2023-11-11 22:00:00,1085.46
2023-11-11 23:00:00,1118.84
2023-11-12 00:00:00,1094.02
2023-11-12 01:00:00,1120.89
2023-11-12 02:00:00,1197.67
2023-11-12 03:00:00,1206.49
2023-11-12 04:00:00,1200.25
2023-11-12 05:00:00,1143.43
2023-11-12 06:00:00,1186.25
2023-11-12 07:00:00,1158.31
2023-11-12 08:00:00,1224.66
2023-11-12 09:00:00,1162.79
2023-11-12 10:00:00,1135.93
2023-11-12 11:00:00,1155.65
2023-11-12 12:00:00,1120.8
2023-11-12 13:00:00,1169.76
2023-11-12 14:00:00,1089.46
2023-11-12 15:00:00,1057.72
2023-11-12 16:00:00,1026.05
2023-11-12 17:00:00,1084.02
2023-11-12 18:00:00,1066.14
2023-11-12 19:00:00,1042.08
2023-11-12 20:00:00,1126.31
2023-11-12 21:00:00,1119.71
2023-11-12 22:00:00,1110.65
2023-11-12 23:00:00,1166.18
2023-11-13 00:00:00,1219.88
2023-11-13 01:00:00,1190.84
2023-11-13 02:00:00,1198.82
2023-11-13 03:00:00,1266.97
2023-11-13 04:00:00,1263.85
2023-11-13 05:00:00,1263.05
2023-11-13 06:00:00,1234.61
2023-11-13 07:00:00,1276.19
2023-11-13 08:00:00,1229.3
2023-11-13 09:00:00,1239.37
2023-11-13 10:00:00,1273.41
2023-11-13 11:00:00,1195.7
2023-11-13 12:00:00,1152.81
2023-11-13 13:00:00,1152.89
2023-11-13 14:00:00,1199.83
2023-11-13 15:00:00,1165.22
2023-11-13 16:00:00,1144.17
2023-11-13 17:00:00,1126.77
2023-11-13 18:00:00,1154.56
2023-11-13 19:00:00,1116.57
2023-11-13 20:00:00,1157.21
2023-11-13 21:00:00,1135.64
2023-11-13 22:00:00,1143.07
2023-11-13 23:00:00,1165.35
2023-11-14 00:00:00,1188.74
2023-11-14 01:00:00,1214.06
2023-11-14 02:00:00,1237.06
2023-11-14 03:00:00,1131.78
2023-11-14 04:00:00,1227.73
2023-11-14 05:00:00,1246.21
2023-11-14 06:00:00,1305.15
2023-11-14 07:00:00,1225.56
2023-11-14 08:00:00,1256.85
2023-11-14 09:00:00,1287.28
2023-11-14 10:00:00,1190.61
2023-11-14 11:00:00,1227.35
2023-11-14 12:00:00,1175.93
2023-11-14 13:00:00,1169.33
2023-11-14 14:00:00,1145.91
2023-11-14 15:00:00,1135.62
2023-11-14 16:00:00,1229.7
2023-11-14 17:00:00,1167.38
2023-11-14 18:00:00,1173.05
2023-11-14 19:00:00,1156.8
2023-11-14 20:00:00,1099.85
2023-11-14 21:00:00,1169.42
2023-11-14 22:00:00,1202.19
2023-11-14 23:00:00,1158.87
2023-11-15 00:00:00,1228.96
2023-11-15 01:00:00,1236.66
2023-11-15 02:00:00,1285.56
2023-11-15 03:00:00,1229.89
2023-11-15 04:00:00,1219.03
2023-11-15 05:00:00,1247.11
2023-11-15 06:00:00,1303.07
2023-11-15 07:00:00,1203.1
2023-11-15 08:00:00,1189.91
2023-11-15 09:00:00,1245.11
2023-11-15 10:00:00,1216.72
2023-11-15 11:00:00,1215.76
2023-11-15 12:00:00,1228.36
2023-11-15 13:00:00,1167.89
2023-11-15 14:00:00,1113.81
2023-11-15 15:00:00,1218.91
2023-11-15 16:00:00,1118.12
2023-11-15 17:00:00,1110.27
2023-11-15 18:00:00,1173.11
2023-11-15 19:00:00,1130.51
2023-11-15 20:00:00,1146.14
2023-11-15 21:00:00,1172.06
2023-11-15 22:00:00,1202.51
2023-11-15 23:00:00,1174.47
2023-11-16 00:00:00,1245.6
2023-11-16 01:00:00,1151.46
2023-11-16 02:00:00,1252.79
2023-11-16 03:00:00,1217.24
2023-11-16 04:00:00,1293.13
2023-11-16 05:00:00,1262.22
2023-11-16 06:00:00,1239.81
2023-11-16 07:00:00,1277.84
2023-11-16 08:00:00,1278.76
2023-11-16 09:00:00,1261.68
2023-11-16 10:00:00,1199.11
2023-11-16 11:00:00,1201.01
2023-11-16 12:00:00,1199.88
2023-11-16 13:00:00,1183.23
2023-11-16 14:00:00,1192.49
2023-11-16 15:00:00,1097.13
2023-11-16 16:00:00,1158.07
2023-11-16 17:00:00,1133.35
2023-11-16 18:00:00,1114.84
2023-11-16 19:00:00,1119.77
2023-11-16 20:00:00,1141.6
2023-11-16 21:00:00,1049.54
2023-11-16 22:00:00,1148.96
2023-11-16 23:00:00,1158.2
2023-11-17 00:00:00,1215.98
2023-11-17 01:00:00,1191.36
2023-11-17 02:00:00,1223.55
2023-11-17 03:00:00,1288.69
2023-11-17 04:00:00,1281.79
2023-11-17 05:00:00,1285.02
2023-11-17 06:00:00,1245.0
2023-11-17 07:00:00,1274.25
2023-11-17 08:00:00,1244.94
2023-11-17 09:00:00,1236.54
2023-11-17 10:00:00,1242.29
2023-11-17 11:00:00,1197.62
2023-11-17 12:00:00,1244.79
2023-11-17 13:00:00,1179.67
2023-11-17 14:00:00,1188.55
2023-11-17 15:00:00,1201.24
2023-11-17 16:00:00,1178.99
2023-11-17 17:00:00,1099.78
2023-11-17 18:00:00,1153.35
2023-11-17 19:00:00,1167.57
2023-11-17 20:00:00,1174.79
2023-11-17 21:00:00,1124.17
2023-11-17 22:00:00,1150.29
2023-11-17 23:00:00,1214.31
2023-11-18 00:00:00,1117.15
2023-11-18 01:00:00,1145.76
2023-11-18 02:00:00,1215.78
2023-11-18 03:00:00,1178.87
2023-11-18 04:00:00,1167.56
2023-11-18 05:00:00,1168.73
2023-11-18 06:00:00,1206.98
2023-11-18 07:00:00,1155.06
2023-11-18 08:00:00,1181.94
2023-11-18 09:00:00,1190.3
2023-11-18 10:00:00,1207.47
2023-11-18 11:00:00,1174.78
2023-11-18 12:00:00,1118.58
2023-11-18 13:00:00,1160.6
2023-11-18 14:00:00,1102.51
2023-11-18 15:00:00,1062.62
2023-11-18 16:00:00,1085.48
2023-11-18 17:00:00,1128.09
2023-11-18 18:00:00,1087.96
2023-11-18 19:00:00,1085.32
2023-11-18 20:00:00,1139.75
2023-11-18 21:00:00,1056.75
2023-11-18 22:00:00,1072.93
2023-11-18 23:00:00,1076.77
2023-11-19 00:00:00,1151.18
2023-11-19 01:00:00,1159.75
2023-11-19 02:00:00,1214.78
2023-11-19 03:00:00,1187.61
2023-11-19 04:00:00,1177.24
2023-11-19 05:00:00,1195.11
2023-11-19 06:00:00,1200.53
2023-11-19 07:00:00,1144.9
2023-11-19 08:00:00,1270.67
2023-11-19 09:00:00,1195.9
2023-11-19 10:00:00,1174.8
2023-11-19 11:00:00,1173.21
2023-11-19 12:00:00,1161.28
2023-11-19 13:00:00,1121.03
2023-11-19 14:00:00,1092.56
2023-11-19 15:00:00,1117.68
2023-11-19 16:00:00,1102.21
2023-11-19 17:00:00,1060.65
2023-11-19 18:00:00,1125.57
2023-11-19 19:00:00,1093.74
2023-11-19 20:00:00,1112.53
2023-11-19 21:00:00,1141.45
2023-11-19 22:00:00,1112.16
2023-11-19 23:00:00,1134.76
2023-11-20 00:00:00,1224.3
2023-11-20 01:00:00,1193.78
2023-11-20 02:00:00,1231.62
2023-11-20 03:00:00,1246.19
2023-11-20 04:00:00,1223.28
2023-11-20 05:00:00,1327.48
2023-11-20 06:00:00,1217.78
2023-11-20 07:00:00,1219.01
2023-11-20 08:00:00,1291.39
2023-11-20 09:00:00,1263.82
2023-11-20 10:00:00,1199.22
2023-11-20 11:00:00,1233.75
2023-11-20 12:00:00,1244.04
2023-11-20 13:00:00,1183.56
2023-11-20 14:00:00,1247.96
2023-11-20 15:00:00,1105.85
2023-11-20 16:00:00,1168.85
2023-11-20 17:00:00,1177.04
2023-11-20 18:00:00,1166.74
2023-11-20 19:00:00,1135.91
2023-11-20 20:00:00,1139.33
2023-11-20 21:00:00,1170.9
2023-11-20 22:00:00,1194.47
2023-11-20 23:00:00,1202.55
2023-11-21 00:00:00,1231.2
2023-11-21 01:00:00,1184.96
2023-11-21 02:00:00,1223.17
2023-11-21 03:00:00,1214.23
2023-11-21 04:00:00,1240.38
2023-11-21 05:00:00,1288.41
2023-11-21 06:00:00,1263.24
2023-11-21 07:00:00,1336.16
2023-11-21 08:00:00,1257.76
2023-11-21 09:00:00,1244.22
2023-11-21 10:00:00,1233.19
2023-11-21 11:00:00,1196.39
2023-11-21 12:00:00,1198.26
2023-11-21 13:00:00,1218.3
2023-11-21 14:00:00,1173.42
2023-11-21 15:00:00,1133.77
2023-11-21 16:00:00,1120.29
2023-11-21 17:00:00,1128.54
2023-11-21 18:00:00,1142.22
2023-11-21 19:00:00,1177.85
2023-11-21 20:00:00,1107.82
2023-11-21 21:00:00,1147.98
2023-11-21 22:00:00,1174.33
2023-11-21 23:00:00,1129.46
2023-11-22 00:00:00,1174.99
2023-11-22 01:00:00,1195.13
2023-11-22 02:00:00,1206.12
2023-11-22 03:00:00,1248.18
2023-11-22 04:00:00,1247.14
2023-11-22 05:00:00,1241.3
2023-11-22 06:00:00,1272.84
2023-11-22 07:00:00,1309.65
2023-11-22 08:00:00,1301.14
2023-11-22 09:00:00,1184.74
2023-11-22 10:00:00,1247.31
2023-11-22 11:00:00,1210.19
2023-11-22 12:00:00,1204.65
2023-11-22 13:00:00,1172.52
2023-11-22 14:00:00,1173.53
2023-11-22 15:00:00,1162.12
2023-11-22 16:00:00,1130.67
2023-11-22 17:00:00,1115.15
2023-11-22 18:00:00,1126.54
2023-11-22 19:00:00,1149.07
2023-11-22 20:00:00,1166.01
2023-11-22 21:00:00,1183.17
2023-11-22 22:00:00,1155.17
2023-11-22 23:00:00,1192.99
2023-11-23 00:00:00,1228.88
2023-11-23 01:00:00,1250.5
2023-11-23 02:00:00,1228.24
2023-11-23 03:00:00,1235.8
2023-11-23 04:00:00,1257.7
2023-11-23 05:00:00,1223.46
2023-11-23 06:00:00,1254.19
2023-11-23 07:00:00,1280.29
2023-11-23 08:00:00,1271.22
2023-11-23 09:00:00,1234.32
2023-11-23 10:00:00,1236.53
2023-11-23 11:00:00,1190.79
2023-11-23 12:00:00,1221.1
2023-11-23 13:00:00,1182.14
2023-11-23 14:00:00,1161.72
2023-11-23 15:00:00,1146.72
2023-11-23 16:00:00,1146.15
2023-11-23 17:00:00,1128.61
2023-11-23 18:00:00,1159.74
2023-11-23 19:00:00,1130.19
2023-11-23 20:00:00,1195.83
2023-11-23 21:00:00,1201.53
2023-11-23 22:00:00,1143.25
2023-11-23 23:00:00,1186.56
2023-11-24 00:00:00,1180.48
2023-11-24 01:00:00,1205.73
2023-11-24 02:00:00,1290.07
2023-11-24 03:00:00,1233.2
2023-11-24 04:00:00,1262.77
2023-11-24 05:00:00,1274.2
2023-11-24 06:00:00,1229.98
2023-11-24 07:00:00,1232.3
2023-11-24 08:00:00,1215.78
2023-11-24 09:00:00,1215.85
2023-11-24 10:00:00,1144.5
2023-11-24 11:00:00,1231.87
2023-11-24 12:00:00,1261.63
2023-11-24 13:00:00,1188.91
2023-11-24 14:00:00,1127.51
2023-11-24 15:00:00,1138.29
2023-11-24 16:00:00,1134.27
2023-11-24 17:00:00,1111.52
2023-11-24 18:00:00,1165.81
2023-11-24 19:00:00,1166.35
2023-11-24 20:00:00,1113.37
2023-11-24 21:00:00,1179.33
2023-11-24 22:00:00,1215.8
2023-11-24 23:00:00,1241.55
2023-11-25 00:00:00,1225.96
2023-11-25 01:00:00,1127.69
2023-11-25 02:00:00,1253.23
2023-11-25 03:00:00,1169.68
2023-11-25 04:00:00,1171.59
2023-11-25 05:00:00,1204.87
2023-11-25 06:00:00,1179.54
2023-11-25 07:00:00,1207.03
2023-11-25 08:00:00,1149.76
2023-11-25 09:00:00,1173.14
2023-11-25 10:00:00,1207.07
2023-11-25 11:00:00,1153.04
2023-11-25 12:00:00,1144.25
2023-11-25 13:00:00,1139.51
2023-11-25 14:00:00,1146.62
2023-11-25 15:00:00,1050.04
2023-11-25 16:00:00,1108.17
2023-11-25 17:00:00,1076.9
2023-11-25 18:00:00,1088.0
2023-11-25 19:00:00,1116.74
2023-11-25 20:00:00,1054.81
2023-11-25 21:00:00,1069.32
2023-11-25 22:00:00,1053.44
2023-11-25 23:00:00,1108.77
2023-11-26 00:00:00,1179.91
2023-11-26 01:00:00,1151.14
2023-11-26 02:00:00,1128.3
2023-11-26 03:00:00,1165.73
2023-11-26 04:00:00,1144.73
2023-11-26 05:00:00,1161.3
2023-11-26 06:00:00,1208.66
2023-11-26 07:00:00,1159.84
2023-11-26 08:00:00,1222.74
2023-11-26 09:00:00,1178.17
2023-11-26 10:00:00,1171.07
2023-11-26 11:00:00,1146.4
2023-11-26 12:00:00,1163.19
2023-11-26 13:00:00,1148.74
2023-11-26 14:00:00,1121.55
2023-11-26 15:00:00,1116.64
2023-11-26 16:00:00,1084.27
2023-11-26 17:00:00,1101.21
2023-11-26 18:00:00,1072.86
2023-11-26 19:00:00,1085.01
2023-11-26 20:00:00,1082.4
2023-11-26 21:00:00,1085.98
2023-11-26 22:00:00,1090.83
2023-11-26 23:00:00,1139.28
2023-11-27 00:00:00,1239.32
2023-11-27 01:00:00,1250.66
2023-11-27 02:00:00,1192.3
2023-11-27 03:00:00,1281.1
2023-11-27 04:00:00,1242.42
2023-11-27 05:00:00,1275.98
2023-11-27 06:00:00,1232.81
2023-11-27 07:00:00,1262.21
2023-11-27 08:00:00,1261.37
2023-11-27 09:00:00,1197.89
2023-11-27 10:00:00,1248.25
2023-11-27 11:00:00,1255.91
2023-11-27 12:00:00,1194.76
2023-11-27 13:00:00,1225.28
2023-11-27 14:00:00,1164.31
2023-11-27 15:00:00,1183.06
2023-11-27 16:00:00,1081.48
2023-11-27 17:00:00,1214.61
2023-11-27 18:00:00,1184.86
2023-11-27 19:00:00,1133.51
2023-11-27 20:00:00,1088.88
2023-11-27 21:00:00,1166.21
2023-11-27 22:00:00,1126.68
2023-11-27 23:00:00,1197.82
2023-11-28 00:00:00,1212.35
2023-11-28 01:00:00,1187.29
2023-11-28 02:00:00,1263.63
2023-11-28 03:00:00,1266.59
2023-11-28 04:00:00,1281.24
2023-11-28 05:00:00,1258.22
2023-11-28 06:00:00,1217.53
2023-11-28 07:00:00,1287.29
2023-11-28 08:00:00,1243.85
2023-11-28 09:00:00,1200.73
2023-11-28 10:00:00,1270.56
2023-11-28 11:00:00,1278.51
2023-11-28 12:00:00,1198.76
2023-11-28 13:00:00,1249.24
2023-11-28 14:00:00,1172.74
2023-11-28 15:00:00,1146.16
2023-11-28 16:00:00,1129.12
2023-11-28 17:00:00,1191.16
2023-11-28 18:00:00,1116.6
2023-11-28 19:00:00,1164.1
2023-11-28 20:00:00,1131.26
2023-11-28 21:00:00,1143.76
2023-11-28 22:00:00,1200.91
2023-11-28 23:00:00,1173.07
2023-11-29 00:00:00,1187.86
2023-11-29 01:00:00,1249.51
2023-11-29 02:00:00,1277.92
2023-11-29 03:00:00,1261.77
2023-11-29 04:00:00,1232.32
2023-11-29 05:00:00,1242.64
2023-11-29 06:00:00,1262.4
2023-11-29 07:00:00,1267.58
2023-11-29 08:00:00,1222.33
2023-11-29 09:00:00,1264.12
2023-11-29 10:00:00,1232.57
2023-11-29 11:00:00,1164.06
2023-11-29 12:00:00,1172.13
2023-11-29 13:00:00,1169.35
2023-11-29 14:00:00,1167.81
2023-11-29 15:00:00,1214.25
2023-11-29 16:00:00,1155.18
2023-11-29 17:00:00,1116.82
2023-11-29 18:00:00,1146.62
2023-11-29 19:00:00,1131.48
2023-11-29 20:00:00,1157.78
2023-11-29 21:00:00,1174.99
2023-11-29 22:00:00,1206.28
2023-11-29 23:00:00,1183.74
2023-11-30 00:00:00,1249.17
2023-11-30 01:00:00,1242.77
2023-11-30 02:00:00,1208.78
2023-11-30 03:00:00,1308.72
2023-11-30 04:00:00,1261.77
2023-11-30 05:00:00,1232.9
2023-11-30 06:00:00,1309.59
2023-11-30 07:00:00,1320.29
2023-11-30 08:00:00,1250.97
2023-11-30 09:00:00,1227.32
2023-11-30 10:00:00,1224.83
2023-11-30 11:00:00,1236.97
2023-11-30 12:00:00,1238.34
2023-11-30 13:00:00,1201.59
2023-11-30 14:00:00,1173.05
2023-11-30 15:00:00,1202.51
2023-11-30 16:00:00,1138.65
2023-11-30 17:00:00,1172.97
2023-11-30 18:00:00,1131.36
2023-11-30 19:00:00,1154.98
2023-11-30 20:00:00,1144.63
2023-11-30 21:00:00,1155.9
2023-11-30 22:00:00,1158.68
2023-11-30 23:00:00,1224.82
2023-12-01 00:00:00,1178.01
2023-12-01 01:00:00,1193.32
2023-12-01 02:00:00,1293.63
2023-12-01 03:00:00,1271.76
2023-12-01 04:00:00,1180.41
2023-12-01 05:00:00,1241.0
2023-12-01 06:00:00,1205.64
2023-12-01 07:00:00,1229.43
2023-12-01 08:00:00,1157.81
2023-12-01 09:00:00,1238.32
2023-12-01 10:00:00,1195.74
2023-12-01 11:00:00,1217.33
2023-12-01 12:00:00,1151.25
2023-12-01 13:00:00,1186.96
2023-12-01 14:00:00,1157.55
2023-12-01 15:00:00,1202.63
2023-12-01 16:00:00,1190.38
2023-12-01 17:00:00,1165.6
2023-12-01 18:00:00,1130.2
2023-12-01 19:00:00,1201.61
2023-12-01 20:00:00,1101.45
2023-12-01 21:00:00,1115.47
2023-12-01 22:00:00,1167.49
2023-12-01 23:00:00,1252.09
2023-12-02 00:00:00,1133.93
2023-12-02 01:00:00,1149.26
2023-12-02 02:00:00,1125.24
2023-12-02 03:00:00,1208.68
2023-12-02 04:00:00,1217.96
2023-12-02 05:00:00,1218.73
2023-12-02 06:00:00,1178.12
2023-12-02 07:00:00,1173.86
2023-12-02 08:00:00,1150.57
2023-12-02 09:00:00,1182.82
2023-12-02 10:00:00,1136.09
2023-12-02 11:00:00,1119.43
2023-12-02 12:00:00,1127.29
2023-12-02 13:00:00,1110.57
2023-12-02 14:00:00,1095.36
2023-12-02 15:00:00,1113.69
2023-12-02 16:00:00,1093.01
2023-12-02 17:00:00,1076.3
2023-12-02 18:00:00,1088.49
2023-12-02 19:00:00,1055.2
2023-12-02 20:00:00,1093.79
2023-12-02 21:00:00,1104.21
2023-12-02 22:00:00,1066.41
2023-12-02 23:00:00,1155.12
2023-12-03 00:00:00,1113.56
2023-12-03 01:00:00,1157.46
2023-12-03 02:00:00,1203.43
2023-12-03 03:00:00,1208.08
2023-12-03 04:00:00,1190.39
2023-12-03 05:00:00,1184.18
2023-12-03 06:00:00,1225.43
2023-12-03 07:00:00,1215.3
2023-12-03 08:00:00,1170.81
2023-12-03 09:00:00,1156.46
2023-12-03 10:00:00,1106.33
2023-12-03 11:00:00,1159.37
2023-12-03 12:00:00,1137.52
2023-12-03 13:00:00,1159.33
2023-12-03 14:00:00,1122.27
2023-12-03 15:00:00,1139.72
2023-12-03 16:00:00,1069.72
2023-12-03 17:00:00,1119.09
2023-12-03 18:00:00,1067.13
2023-12-03 19:00:00,1108.27
2023-12-03 20:00:00,1046.87
2023-12-03 21:00:00,1106.75
2023-12-03 22:00:00,1051.96
2023-12-03 23:00:00,1117.23
2023-12-04 00:00:00,1213.21
2023-12-04 01:00:00,1199.9
2023-12-04 02:00:00,1198.49
2023-12-04 03:00:00,1267.81
2023-12-04 04:00:00,1248.86
2023-12-04 05:00:00,1243.27
2023-12-04 06:00:00,1261.26
2023-12-04 07:00:00,1337.06
2023-12-04 08:00:00,1286.57
2023-12-04 09:00:00,1277.3
2023-12-04 10:00:00,1243.07
2023-12-04 11:00:00,1220.52
2023-12-04 12:00:00,1128.12
2023-12-04 13:00:00,1164.1
2023-12-04 14:00:00,1155.58
2023-12-04 15:00:00,1101.33
2023-12-04 16:00:00,1113.32
2023-12-04 17:00:00,1082.62
2023-12-04 18:00:00,1138.85
2023-12-04 19:00:00,1166.61
2023-12-04 20:00:00,1181.24
2023-12-04 21:00:00,1170.02
2023-12-04 22:00:00,1141.1
2023-12-04 23:00:00,1126.51
2023-12-05 00:00:00,1147.29
2023-12-05 01:00:00,1177.46
2023-12-05 02:00:00,1203.33
2023-12-05 03:00:00,1237.63
2023-12-05 04:00:00,1221.54
2023-12-05 05:00:00,1268.12
2023-12-05 06:00:00,1253.03
2023-12-05 07:00:00,1258.27
2023-12-05 08:00:00,1286.17
2023-12-05 09:00:00,1207.02
2023-12-05 10:00:00,1242.56
2023-12-05 11:00:00,1215.11
2023-12-05 12:00:00,1190.0
2023-12-05 13:00:00,1211.03
2023-12-05 14:00:00,1196.37
2023-12-05 15:00:00,1129.18
2023-12-05 16:00:00,1142.57
2023-12-05 17:00:00,1150.48
2023-12-05 18:00:00,1131.81
2023-12-05 19:00:00,1159.6
2023-12-05 20:00:00,1156.47
2023-12-05 21:00:00,1212.55
2023-12-05 22:00:00,1124.09
2023-12-05 23:00:00,1180.8
2023-12-06 00:00:00,1172.74
2023-12-06 01:00:00,1233.65
2023-12-06 02:00:00,1181.48
2023-12-06 03:00:00,1252.82
2023-12-06 04:00:00,1233.06
2023-12-06 05:00:00,1235.93
2023-12-06 06:00:00,1216.61
2023-12-06 07:00:00,1244.0
2023-12-06 08:00:00,1284.5
2023-12-06 09:00:00,1241.67
2023-12-06 10:00:00,1248.83
2023-12-06 11:00:00,1265.47
2023-12-06 12:00:00,1207.91
2023-12-06 13:00:00,1167.71
2023-12-06 14:00:00,1184.02
2023-12-06 15:00:00,1141.24
2023-12-06 16:00:00,1132.91
2023-12-06 17:00:00,1096.45
2023-12-06 18:00:00,1167.79
2023-12-06 19:00:00,1130.46
2023-12-06 20:00:00,1153.5
2023-12-06 21:00:00,1126.49
2023-12-06 22:00:00,1183.08
2023-12-06 23:00:00,1161.61
2023-12-07 00:00:00,1195.75
2023-12-07 01:00:00,1241.86
2023-12-07 02:00:00,1253.72
2023-12-07 03:00:00,1241.77
2023-12-07 04:00:00,1198.92
2023-12-07 05:00:00,1347.74
2023-12-07 06:00:00,1312.38
2023-12-07 07:00:00,1279.64
2023-12-07 08:00:00,1229.37
2023-12-07 09:00:00,1239.02
2023-12-07 10:00:00,1213.7
2023-12-07 11:00:00,1253.44
2023-12-07 12:00:00,1207.88
2023-12-07 13:00:00,1160.95
2023-12-07 14:00:00,1155.88
2023-12-07 15:00:00,1191.21
2023-12-07 16:00:00,1196.04
2023-12-07 17:00:00,1187.89
2023-12-07 18:00:00,1162.71
2023-12-07 19:00:00,1134.47
2023-12-07 20:00:00,1050.79
2023-12-07 21:00:00,1166.49
2023-12-07 22:00:00,1169.95
2023-12-07 23:00:00,1188.67
2023-12-08 00:00:00,1201.62
2023-12-08 01:00:00,1175.74
2023-12-08 02:00:00,1246.72
2023-12-08 03:00:00,1261.39
2023-12-08 04:00:00,1272.43
2023-12-08 05:00:00,1286.35
2023-12-08 06:00:00,1278.12
2023-12-08 07:00:00,1245.65
2023-12-08 08:00:00,1249.84
2023-12-08 09:00:00,1245.16
2023-12-08 10:00:00,1233.23
2023-12-08 11:00:00,1245.48
2023-12-08 12:00:00,1219.31
2023-12-08 13:00:00,1246.79
2023-12-08 14:00:00,1236.19
2023-12-08 15:00:00,1159.96
2023-12-08 16:00:00,1032.94
2023-12-08 17:00:00,1179.15
2023-12-08 18:00:00,1123.79
2023-12-08 19:00:00,1118.0
2023-12-08 20:00:00,1136.09
2023-12-08 21:00:00,1144.17
2023-12-08 22:00:00,1188.37
2023-12-08 23:00:00,1137.69
2023-12-09 00:00:00,1107.67
2023-12-09 01:00:00,1165.05
2023-12-09 02:00:00,1187.19
2023-12-09 03:00:00,1199.55
2023-12-09 04:00:00,1165.75
2023-12-09 05:00:00,1165.71
2023-12-09 06:00:00,1181.8
2023-12-09 07:00:00,1202.25
2023-12-09 08:00:00,1233.93
2023-12-09 09:00:00,1118.88
2023-12-09 10:00:00,1161.88
2023-12-09 11:00:00,1114.77
2023-12-09 12:00:00,1090.43
2023-12-09 13:00:00,1154.26
2023-12-09 14:00:00,1127.84
2023-12-09 15:00:00,1113.18
2023-12-09 16:00:00,1118.27
2023-12-09 17:00:00,1070.55
2023-12-09 18:00:00,1070.02
2023-12-09 19:00:00,1150.51
2023-12-09 20:00:00,1083.24
2023-12-09 21:00:00,1121.75
2023-12-09 22:00:00,1111.69
2023-12-09 23:00:00,1069.8
2023-12-10 00:00:00,1078.66
2023-12-10 01:00:00,1137.38
2023-12-10 02:00:00,1200.18
2023-12-10 03:00:00,1203.95
2023-12-10 04:00:00,1216.79
2023-12-10 05:00:00,1165.45
2023-12-10 06:00:00,1245.48
2023-12-10 07:00:00,1166.11
2023-12-10 08:00:00,1195.75
2023-12-10 09:00:00,1179.99
2023-12-10 10:00:00,1163.28
2023-12-10 11:00:00,1194.91
2023-12-10 12:00:00,1118.85
2023-12-10 13:00:00,1084.76
2023-12-10 14:00:00,1112.1
2023-12-10 15:00:00,1087.7
2023-12-10 16:00:00,1191.96
2023-12-10 17:00:00,1105.24
2023-12-10 18:00:00,1070.72
2023-12-10 19:00:00,1053.26
2023-12-10 20:00:00,1034.23
2023-12-10 21:00:00,1068.94
2023-12-10 22:00:00,1114.95
2023-12-10 23:00:00,1168.07
2023-12-11 00:00:00,1233.65
2023-12-11 01:00:00,1222.4
2023-12-11 02:00:00,1220.3
2023-12-11 03:00:00,1250.49
2023-12-11 04:00:00,1236.4
2023-12-11 05:00:00,1309.51
2023-12-11 06:00:00,1254.32
2023-12-11 07:00:00,1255.37
2023-12-11 08:00:00,1185.49
2023-12-11 09:00:00,1236.56
2023-12-11 10:00:00,1255.09
2023-12-11 11:00:00,1183.5
2023-12-11 12:00:00,1177.48
2023-12-11 13:00:00,1208.25
2023-12-11 14:00:00,1125.7
2023-12-11 15:00:00,1189.31
2023-12-11 16:00:00,1132.07
2023-12-11 17:00:00,1130.39
2023-12-11 18:00:00,1106.28
2023-12-11 19:00:00,1153.39
2023-12-11 20:00:00,1221.83
2023-12-11 21:00:00,1181.02
2023-12-11 22:00:00,1144.07
2023-12-11 23:00:00,1218.54
2023-12-12 00:00:00,1190.5
2023-12-12 01:00:00,1256.76
2023-12-12 02:00:00,1254.2
2023-12-12 03:00:00,1154.13
2023-12-12 04:00:00,1221.84
2023-12-12 05:00:00,1286.29
2023-12-12 06:00:00,1264.55
2023-12-12 07:00:00,1227.24
2023-12-12 08:00:00,1232.95
2023-12-12 09:00:00,1185.24
2023-12-12 10:00:00,1227.35
2023-12-12 11:00:00,1281.85
2023-12-12 12:00:00,1224.15
2023-12-12 13:00:00,1250.18
2023-12-12 14:00:00,1196.47
2023-12-12 15:00:00,1188.4
2023-12-12 16:00:00,1207.26
2023-12-12 17:00:00,1153.36
2023-12-12 18:00:00,1134.38
2023-12-12 19:00:00,1173.02
2023-12-12 20:00:00,1191.65
2023-12-12 21:00:00,1143.17
2023-12-12 22:00:00,1148.35
2023-12-12 23:00:00,1188.64
2023-12-13 00:00:00,1224.94
2023-12-13 01:00:00,1239.47
2023-12-13 02:00:00,1187.27
2023-12-13 03:00:00,1299.77
2023-12-13 04:00:00,1232.73
2023-12-13 05:00:00,1250.0
2023-12-13 06:00:00,1232.92
2023-12-13 07:00:00,1338.91
2023-12-13 08:00:00,1259.22
2023-12-13 09:00:00,1216.9
2023-12-13 10:00:00,1255.92
2023-12-13 11:00:00,1238.6
2023-12-13 12:00:00,1194.37
2023-12-13 13:00:00,1209.69
2023-12-13 14:00:00,1145.24
2023-12-13 15:00:00,1142.79
2023-12-13 16:00:00,1087.73
2023-12-13 17:00:00,1102.33
2023-12-13 18:00:00,1194.23
2023-12-13 19:00:00,1191.29
2023-12-13 20:00:00,1150.01
2023-12-13 21:00:00,1207.46
2023-12-13 22:00:00,1165.2
2023-12-13 23:00:00,1177.17
2023-12-14 00:00:00,1201.7
2023-12-14 01:00:00,1211.78
2023-12-14 02:00:00,1223.54
2023-12-14 03:00:00,1276.73
2023-12-14 04:00:00,1256.47
2023-12-14 05:00:00,1279.33
2023-12-14 06:00:00,1290.94
2023-12-14 07:00:00,1269.6
2023-12-14 08:00:00,1222.85
2023-12-14 09:00:00,1201.84
2023-12-14 10:00:00,1234.46
2023-12-14 11:00:00,1210.39
2023-12-14 12:00:00,1202.62
2023-12-14 13:00:00,1183.99
2023-12-14 14:00:00,1247.51
2023-12-14 15:00:00,1117.67
2023-12-14 16:00:00,1088.34
2023-12-14 17:00:00,1152.02
2023-12-14 18:00:00,1128.71
2023-12-14 19:00:00,1151.53
2023-12-14 20:00:00,1165.55
2023-12-14 21:00:00,1196.1
2023-12-14 22:00:00,1124.78
2023-12-14 23:00:00,1167.77
2023-12-15 00:00:00,1212.86
2023-12-15 01:00:00,1238.64
2023-12-15 02:00:00,1295.8
2023-12-15 03:00:00,1271.1
2023-12-15 04:00:00,1250.26
2023-12-15 05:00:00,1231.24
2023-12-15 06:00:00,1243.07
2023-12-15 07:00:00,1240.17
2023-12-15 08:00:00,1271.62
2023-12-15 09:00:00,1250.14
2023-12-15 10:00:00,1190.29
2023-12-15 11:00:00,1202.45
2023-12-15 12:00:00,1226.33
2023-12-15 13:00:00,1195.02
2023-12-15 14:00:00,1187.06
2023-12-15 15:00:00,1169.06
2023-12-15 16:00:00,1196.83
2023-12-15 17:00:00,1149.13
2023-12-15 18:00:00,1128.42
2023-12-15 19:00:00,1114.57
2023-12-15 20:00:00,1155.53
2023-12-15 21:00:00,1084.35
2023-12-15 22:00:00,1164.47
2023-12-15 23:00:00,1178.3
2023-12-16 00:00:00,1099.07
2023-12-16 01:00:00,1126.9
2023-12-16 02:00:00,1192.79
2023-12-16 03:00:00,1187.23
2023-12-16 04:00:00,1192.42
2023-12-16 05:00:00,1204.25
2023-12-16 06:00:00,1199.78
2023-12-16 07:00:00,1232.34
2023-12-16 08:00:00,1193.07
2023-12-16 09:00:00,1136.56
2023-12-16 10:00:00,1217.4
2023-12-16 11:00:00,1165.86
2023-12-16 12:00:00,1122.32
2023-12-16 13:00:00,1087.65
2023-12-16 14:00:00,1123.38
2023-12-16 15:00:00,1096.18
2023-12-16 16:00:00,1137.86
2023-12-16 17:00:00,1074.57
2023-12-16 18:00:00,1057.88
2023-12-16 19:00:00,1111.82
2023-12-16 20:00:00,1118.4
2023-12-16 21:00:00,1104.75
2023-12-16 22:00:00,1131.79
2023-12-16 23:00:00,1124.12
2023-12-17 00:00:00,1147.02
2023-12-17 01:00:00,1189.7
2023-12-17 02:00:00,1187.26
2023-12-17 03:00:00,1175.23
2023-12-17 04:00:00,1229.93
2023-12-17 05:00:00,1124.11
2023-12-17 06:00:00,1258.56
2023-12-17 07:00:00,1143.88
2023-12-17 08:00:00,1170.55
2023-12-17 09:00:00,1179.08
2023-12-17 10:00:00,1164.11
2023-12-17 11:00:00,1184.95
2023-12-17 12:00:00,1108.26
2023-12-17 13:00:00,1133.07
2023-12-17 14:00:00,1094.15
2023-12-17 15:00:00,1108.55
2023-12-17 16:00:00,1088.69
2023-12-17 17:00:00,1087.73
2023-12-17 18:00:00,1066.5
2023-12-17 19:00:00,1069.64
2023-12-17 20:00:00,1099.25
2023-12-17 21:00:00,1128.01
2023-12-17 22:00:00,1093.55
2023-12-17 23:00:00,1099.18
2023-12-18 00:00:00,1218.4
2023-12-18 01:00:00,1214.55
2023-12-18 02:00:00,1254.91
2023-12-18 03:00:00,1215.25
2023-12-18 04:00:00,1198.58
2023-12-18 05:00:00,1241.97
2023-12-18 06:00:00,1237.01
2023-12-18 07:00:00,1255.59
2023-12-18 08:00:00,1232.86
2023-12-18 09:00:00,1264.66
2023-12-18 10:00:00,1221.36
2023-12-18 11:00:00,1220.04
2023-12-18 12:00:00,1204.73
2023-12-18 13:00:00,1190.32
2023-12-18 14:00:00,1169.28
2023-12-18 15:00:00,1172.89
2023-12-18 16:00:00,1124.17
2023-12-18 17:00:00,1184.03
2023-12-18 18:00:00,1132.9
2023-12-18 19:00:00,1102.7
2023-12-18 20:00:00,1153.68
2023-12-18 21:00:00,1132.04
2023-12-18 22:00:00,1189.96
2023-12-18 23:00:00,1250.76
2023-12-19 00:00:00,1176.4
2023-12-19 01:00:00,1225.5
2023-12-19 02:00:00,1177.33
2023-12-19 03:00:00,1256.04
2023-12-19 04:00:00,1225.39
2023-12-19 05:00:00,1239.21
2023-12-19 06:00:00,1226.96
2023-12-19 07:00:00,1279.92
2023-12-19 08:00:00,1282.18
2023-12-19 09:00:00,1243.13
2023-12-19 10:00:00,1204.07
2023-12-19 11:00:00,1263.21
2023-12-19 12:00:00,1177.49
2023-12-19 13:00:00,1119.61
2023-12-19 14:00:00,1183.75
2023-12-19 15:00:00,1124.43
2023-12-19 16:00:00,1177.7
2023-12-19 17:00:00,1130.61
2023-12-19 18:00:00,1158.11
2023-12-19 19:00:00,1184.09
2023-12-19 20:00:00,1111.77
2023-12-19 21:00:00,1140.6
2023-12-19 22:00:00,1167.73
2023-12-19 23:00:00,1230.6
2023-12-20 00:00:00,1180.25
2023-12-20 01:00:00,1197.69
2023-12-20 02:00:00,1244.34
2023-12-20 03:00:00,1225.11
2023-12-20 04:00:00,1256.54
2023-12-20 05:00:00,1211.41
2023-12-20 06:00:00,1326.43
2023-12-20 07:00:00,1217.52
2023-12-20 08:00:00,1242.31
2023-12-20 09:00:00,1241.45
2023-12-20 10:00:00,1287.38
2023-12-20 11:00:00,1175.78
2023-12-20 12:00:00,1259.51
2023-12-20 13:00:00,1207.19
2023-12-20 14:00:00,1182.51
2023-12-20 15:00:00,1128.03
2023-12-20 16:00:00,1165.17
2023-12-20 17:00:00,1120.34
2023-12-20 18:00:00,1178.0
2023-12-20 19:00:00,1112.91
2023-12-20 20:00:00,1144.64
2023-12-20 21:00:00,1140.92
2023-12-20 22:00:00,1140.37
2023-12-20 23:00:00,1206.71
2023-12-21 00:00:00,1216.06
2023-12-21 01:00:00,1251.8
2023-12-21 02:00:00,1176.6
2023-12-21 03:00:00,1274.35
2023-12-21 04:00:00,1327.12
2023-12-21 05:00:00,1244.41
2023-12-21 06:00:00,1316.85
2023-12-21 07:00:00,1250.06
2023-12-21 08:00:00,1210.79
2023-12-21 09:00:00,1233.26
2023-12-21 10:00:00,1261.45
2023-12-21 11:00:00,1190.38
2023-12-21 12:00:00,1181.99
2023-12-21 13:00:00,1202.28
2023-12-21 14:00:00,1170.09
2023-12-21 15:00:00,1175.11
2023-12-21 16:00:00,1155.17
2023-12-21 17:00:00,1156.43
2023-12-21 18:00:00,1127.03
2023-12-21 19:00:00,1149.0
2023-12-21 20:00:00,1120.22
2023-12-21 21:00:00,1196.23
2023-12-21 22:00:00,1150.97
2023-12-21 23:00:00,1218.34
2023-12-22 00:00:00,1192.99
2023-12-22 01:00:00,1221.59
2023-12-22 02:00:00,1215.15
2023-12-22 03:00:00,1211.95
2023-12-22 04:00:00,1199.62
2023-12-22 05:00:00,1226.3
2023-12-22 06:00:00,1250.28
2023-12-22 07:00:00,1264.31
2023-12-22 08:00:00,1282.27
2023-12-22 09:00:00,1229.05
2023-12-22 10:00:00,1203.54
2023-12-22 11:00:00,1172.25
2023-12-22 12:00:00,1214.4
2023-12-22 13:00:00,1225.97
2023-12-22 14:00:00,1207.99
2023-12-22 15:00:00,1178.87
2023-12-22 16:00:00,1167.19
2023-12-22 17:00:00,1192.97
2023-12-22 18:00:00,1149.96
2023-12-22 19:00:00,1161.43
2023-12-22 20:00:00,1138.41
2023-12-22 21:00:00,1116.71
2023-12-22 22:00:00,1149.48
2023-12-22 23:00:00,1184.2
2023-12-23 00:00:00,1141.82
2023-12-23 01:00:00,1212.54
2023-12-23 02:00:00,1170.94
2023-12-23 03:00:00,1215.67
2023-12-23 04:00:00,1176.31
2023-12-23 05:00:00,1185.71
2023-12-23 06:00:00,1157.13
2023-12-23 07:00:00,1172.79
2023-12-23 08:00:00,1205.17
2023-12-23 09:00:00,1180.53
2023-12-23 10:00:00,1196.79
2023-12-23 11:00:00,1160.19
2023-12-23 12:00:00,1129.43
2023-12-23 13:00:00,1189.7
2023-12-23 14:00:00,1108.68
2023-12-23 15:00:00,1134.58
2023-12-23 16:00:00,1078.6
2023-12-23 17:00:00,1106.23
2023-12-23 18:00:00,1110.84
2023-12-23 19:00:00,1091.2
2023-12-23 20:00:00,1020.0
2023-12-23 21:00:00,1100.24
2023-12-23 22:00:00,1148.41
2023-12-23 23:00:00,1141.07
2023-12-24 00:00:00,1153.38
2023-12-24 01:00:00,1103.08
2023-12-24 02:00:00,1146.89
2023-12-24 03:00:00,1192.65
2023-12-24 04:00:00,1201.67
2023-12-24 05:00:00,1231.5
2023-12-24 06:00:00,1192.65
2023-12-24 07:00:00,1207.23
2023-12-24 08:00:00,1189.85
2023-12-24 09:00:00,1150.7
2023-12-24 10:00:00,1100.83
2023-12-24 11:00:00,1167.68
2023-12-24 12:00:00,1145.22
2023-12-24 13:00:00,1106.7
2023-12-24 14:00:00,1062.92
2023-12-24 15:00:00,1118.59
2023-12-24 16:00:00,1082.66
2023-12-24 17:00:00,1101.65
2023-12-24 18:00:00,1138.92
2023-12-24 19:00:00,1020.7
2023-12-24 20:00:00,1069.65
2023-12-24 21:00:00,1093.41
2023-12-24 22:00:00,1155.14
2023-12-24 23:00:00,1076.16
2023-12-25 00:00:00,1258.08
2023-12-25 01:00:00,1219.6
2023-12-25 02:00:00,1227.12
2023-12-25 03:00:00,1236.48
2023-12-25 04:00:00,1238.87
2023-12-25 05:00:00,1289.4
2023-12-25 06:00:00,1227.94
2023-12-25 07:00:00,1268.32
2023-12-25 08:00:00,1240.44
2023-12-25 09:00:00,1219.56
2023-12-25 10:00:00,1307.58
2023-12-25 11:00:00,1228.1
2023-12-25 12:00:00,1218.4
2023-12-25 13:00:00,1218.6
2023-12-25 14:00:00,1127.36
2023-12-25 15:00:00,1210.14
2023-12-25 16:00:00,1072.77
2023-12-25 17:00:00,1118.98
2023-12-25 18:00:00,1126.23
2023-12-25 19:00:00,1159.5
2023-12-25 20:00:00,1154.6
2023-12-25 21:00:00,1152.57
2023-12-25 22:00:00,1169.64
2023-12-25 23:00:00,1155.13
2023-12-26 00:00:00,1155.08
2023-12-26 01:00:00,1237.32
2023-12-26 02:00:00,1250.81
2023-12-26 03:00:00,1289.96
2023-12-26 04:00:00,1228.26
2023-12-26 05:00:00,1278.74
2023-12-26 06:00:00,1251.49
2023-12-26 07:00:00,1293.67
2023-12-26 08:00:00,1282.62
2023-12-26 09:00:00,1248.76
2023-12-26 10:00:00,1219.81
2023-12-26 11:00:00,1244.36
2023-12-26 12:00:00,1219.41
2023-12-26 13:00:00,1163.94
2023-12-26 14:00:00,1130.17
2023-12-26 15:00:00,1148.92
2023-12-26 16:00:00,1193.5
2023-12-26 17:00:00,1176.44
2023-12-26 18:00:00,1106.63
2023-12-26 19:00:00,1107.01
2023-12-26 20:00:00,1186.28
2023-12-26 21:00:00,1123.5
2023-12-26 22:00:00,1185.28
2023-12-26 23:00:00,1165.99
2023-12-27 00:00:00,1248.51
2023-12-27 01:00:00,1192.42
2023-12-27 02:00:00,1264.3
2023-12-27 03:00:00,1247.97
2023-12-27 04:00:00,1259.53
2023-12-27 05:00:00,1198.85
2023-12-27 06:00:00,1193.91
2023-12-27 07:00:00,1251.34
2023-12-27 08:00:00,1259.37
2023-12-27 09:00:00,1208.67
2023-12-27 10:00:00,1197.34
2023-12-27 11:00:00,1232.37
2023-12-27 12:00:00,1216.89
2023-12-27 13:00:00,1180.34
2023-12-27 14:00:00,1193.41
2023-12-27 15:00:00,1122.35
2023-12-27 16:00:00,1137.36
2023-12-27 17:00:00,1191.48
2023-12-27 18:00:00,1142.05
2023-12-27 19:00:00,1145.83
2023-12-27 20:00:00,1217.22
2023-12-27 21:00:00,1115.59
2023-12-27 22:00:00,1193.89
2023-12-27 23:00:00,1234.39
2023-12-28 00:00:00,1190.25
2023-12-28 01:00:00,1241.32
2023-12-28 02:00:00,1200.54
2023-12-28 03:00:00,1221.82
2023-12-28 04:00:00,1263.51
2023-12-28 05:00:00,1281.91
2023-12-28 06:00:00,1293.63
2023-12-28 07:00:00,1305.04
2023-12-28 08:00:00,1249.94
2023-12-28 09:00:00,1278.23
2023-12-28 10:00:00,1219.73
2023-12-28 11:00:00,1242.59
2023-12-28 12:00:00,1206.22
2023-12-28 13:00:00,1197.84
2023-12-28 14:00:00,1182.71
2023-12-28 15:00:00,1109.43
2023-12-28 16:00:00,1114.31
2023-12-28 17:00:00,1145.12
2023-12-28 18:00:00,1089.38
2023-12-28 19:00:00,1166.98
2023-12-28 20:00:00,1174.19
2023-12-28 21:00:00,1167.39
2023-12-28 22:00:00,1136.37
2023-12-28 23:00:00,1225.88
2023-12-29 00:00:00,1261.12
2023-12-29 01:00:00,1219.94
2023-12-29 02:00:00,1245.32
2023-12-29 03:00:00,1248.48
2023-12-29 04:00:00,1267.87
2023-12-29 05:00:00,1254.37
2023-12-29 06:00:00,1258.96
2023-12-29 07:00:00,1285.13
2023-12-29 08:00:00,1322.33
2023-12-29 09:00:00,1200.42
2023-12-29 10:00:00,1226.89
2023-12-29 11:00:00,1180.12
2023-12-29 12:00:00,1247.76
2023-12-29 13:00:00,1166.84
2023-12-29 14:00:00,1126.7
2023-12-29 15:00:00,1176.72
2023-12-29 16:00:00,1200.37
2023-12-29 17:00:00,1161.95
2023-12-29 18:00:00,1146.14
2023-12-29 19:00:00,1154.32
2023-12-29 20:00:00,1190.48
2023-12-29 21:00:00,1131.35
2023-12-29 22:00:00,1166.64
2023-12-29 23:00:00,1170.89
2023-12-30 00:00:00,1104.96
2023-12-30 01:00:00,1144.9
2023-12-30 02:00:00,1201.73
2023-12-30 03:00:00,1197.3
2023-12-30 04:00:00,1208.69
2023-12-30 05:00:00,1199.45
2023-12-30 06:00:00,1212.7
2023-12-30 07:00:00,1171.04
2023-12-30 08:00:00,1180.08
2023-12-30 09:00:00,1186.07
2023-12-30 10:00:00,1176.83
2023-12-30 11:00:00,1164.36
2023-12-30 12:00:00,1135.85
2023-12-30 13:00:00,1113.92
2023-12-30 14:00:00,1206.23
2023-12-30 15:00:00,1126.9
2023-12-30 16:00:00,1103.03
2023-12-30 17:00:00,1077.95
2023-12-30 18:00:00,1069.46
2023-12-30 19:00:00,1081.02
2023-12-30 20:00:00,1099.42
2023-12-30 21:00:00,1043.28
2023-12-30 22:00:00,1064.42
2023-12-30 23:00:00,1106.14
2023-12-31 00:00:00,1146.21
2023-12-31 01:00:00,1147.57
2023-12-31 02:00:00,1212.84
2023-12-31 03:00:00,1135.83
2023-12-31 04:00:00,1166.82
2023-12-31 05:00:00,1240.66
2023-12-31 06:00:00,1200.93
2023-12-31 07:00:00,1221.6
2023-12-31 08:00:00,1250.9
2023-12-31 09:00:00,1159.49
2023-12-31 10:00:00,1165.52
2023-12-31 11:00:00,1146.58
2023-12-31 12:00:00,1081.36
2023-12-31 13:00:00,1115.94
2023-12-31 14:00:00,1137.93
2023-12-31 15:00:00,1115.91
2023-12-31 16:00:00,1109.21
2023-12-31 17:00:00,1073.68
2023-12-31 18:00:00,1063.32
2023-12-31 19:00:00,1123.02
2023-12-31 20:00:00,1075.72
2023-12-31 21:00:00,1108.52
2023-12-31 22:00:00,1116.4
2023-12-31 23:00:00,1169.1
