datetime,energy_kwh,hour,day_of_week,is_weekend,prev_hour_energy,rolling_3h_avg,rolling_6h_avg,target_next_hour
2023-01-01 05:00:00,318.13,5,6,1,318.13,322.81333333333333,322.74666666666667,332.63
2023-01-01 06:00:00,332.63,6,6,1,318.13,322.9633333333333,324.19,776.14
2023-01-01 07:00:00,776.14,7,6,1,332.63,475.6333333333334,400.39833333333337,766.24
2023-01-01 08:00:00,766.24,8,6,1,776.14,625.0033333333332,473.9083333333333,774.34
2023-01-01 09:00:00,774.34,9,6,1,766.24,772.2400000000001,547.6016666666667,766.29
2023-01-01 10:00:00,766.29,10,6,1,774.34,768.9566666666666,622.295,766.27
2023-01-01 11:00:00,766.27,11,6,1,766.29,768.9666666666666,696.985,771.94
2023-01-01 12:00:00,771.94,12,6,1,766.27,768.1666666666666,770.2033333333334,754.69
2023-01-01 13:00:00,754.69,13,6,1,771.94,764.3000000000001,766.6283333333332,756.2
2023-01-01 14:00:00,756.2,14,6,1,754.69,760.9433333333333,764.955,565.5
2023-01-01 15:00:00,565.5,15,6,1,756.2,692.1300000000001,730.1483333333334,561.9
2023-01-01 16:00:00,561.9,16,6,1,565.5,627.8666666666667,696.0833333333334,572.51
2023-01-01 17:00:00,572.51,17,6,1,561.9,566.6366666666667,663.79,562.74
2023-01-01 18:00:00,562.74,18,6,1,572.51,565.7166666666667,628.9233333333333,558.7
2023-01-01 19:00:00,558.7,19,6,1,562.74,564.65,596.2583333333333,581.73
2023-01-01 20:00:00,581.73,20,6,1,558.7,567.7233333333334,567.18,318.19
2023-01-01 21:00:00,318.19,21,6,1,581.73,486.20666666666665,525.9616666666667,320.54
2023-01-01 22:00:00,320.54,22,6,1,318.19,406.82,485.73499999999996,308.6
2023-01-01 23:00:00,308.6,23,6,1,320.54,315.7766666666667,441.75,395.64
2023-01-02 00:00:00,395.64,0,0,0,308.6,341.5933333333334,413.90000000000003,400.89
2023-01-02 01:00:00,400.89,1,0,0,395.64,368.3766666666667,387.59833333333336,390.79
2023-01-02 02:00:00,390.79,2,0,0,400.89,395.7733333333333,355.77500000000003,403.01
2023-01-02 03:00:00,403.01,3,0,0,390.79,398.23,369.91166666666663,395.19
2023-01-02 04:00:00,395.19,4,0,0,403.01,396.33,382.3533333333333,397.67
2023-01-02 05:00:00,397.67,5,0,0,395.19,398.6233333333334,397.1983333333333,395.19
2023-01-02 06:00:00,395.19,6,0,0,397.67,396.0166666666667,397.1233333333333,864.82
2023-01-02 07:00:00,864.82,7,0,0,395.19,552.5600000000001,474.445,849.89
2023-01-02 08:00:00,849.89,8,0,0,864.82,703.3000000000001,550.9616666666667,841.54
2023-01-02 09:00:00,841.54,9,0,0,849.89,852.0833333333334,624.0500000000001,856.58
2023-01-02 10:00:00,856.58,10,0,0,841.54,849.3366666666667,700.9483333333333,840.23
2023-01-02 11:00:00,840.23,11,0,0,856.58,846.1166666666668,774.7083333333334,851.67
2023-01-02 12:00:00,851.67,12,0,0,840.23,849.4933333333333,850.7883333333334,834.32
2023-01-02 13:00:00,834.32,13,0,0,851.67,842.0733333333334,845.7049999999999,839.37
2023-01-02 14:00:00,839.37,14,0,0,834.32,841.7866666666667,843.9516666666667,651.57
2023-01-02 15:00:00,651.57,15,0,0,839.37,775.0866666666667,812.2900000000001,655.91
2023-01-02 16:00:00,655.91,16,0,0,651.57,715.6166666666667,778.8449999999999,651.37
2023-01-02 17:00:00,651.37,17,0,0,655.91,652.95,747.3683333333333,649.07
2023-01-02 18:00:00,649.07,18,0,0,651.37,652.1166666666667,713.6016666666666,647.59
2023-01-02 19:00:00,647.59,19,0,0,649.07,649.3433333333334,682.48,638.17
2023-01-02 20:00:00,638.17,20,0,0,647.59,644.9433333333333,648.9466666666667,394.24
2023-01-02 21:00:00,394.24,21,0,0,638.17,560.0,606.0583333333334,396.31
2023-01-02 22:00:00,396.31,22,0,0,394.24,476.24,562.7916666666667,408.46
2023-01-02 23:00:00,408.46,23,0,0,396.31,399.67,522.3066666666667,402.75
2023-01-03 00:00:00,402.75,0,1,0,408.46,402.50666666666666,481.2533333333334,385.9
2023-01-03 01:00:00,385.9,1,1,0,402.75,399.0366666666667,437.6383333333333,402.59
2023-01-03 02:00:00,402.59,2,1,0,385.9,397.08,398.375,396.92
2023-01-03 03:00:00,396.92,3,1,0,402.59,395.1366666666666,398.82166666666666,394.58
2023-01-03 04:00:00,394.58,4,1,0,396.92,398.03,398.5333333333333,404.89
2023-01-03 05:00:00,404.89,5,1,0,394.58,398.7966666666667,397.93833333333333,408.25
2023-01-03 06:00:00,408.25,6,1,0,404.89,402.5733333333333,398.855,857.45
2023-01-03 07:00:00,857.45,7,1,0,408.25,556.8633333333333,477.44666666666666,843.29
2023-01-03 08:00:00,843.29,8,1,0,857.45,702.9966666666666,550.8966666666666,847.53
2023-01-03 09:00:00,847.53,9,1,0,843.29,849.4233333333333,625.9983333333333,852.65
2023-01-03 10:00:00,852.65,10,1,0,847.53,847.8233333333333,702.3433333333334,857.8
2023-01-03 11:00:00,857.8,11,1,0,852.65,852.66,777.8283333333333,846.17
2023-01-03 12:00:00,846.17,12,1,0,857.8,852.2066666666666,850.8149999999999,848.51
2023-01-03 13:00:00,848.51,13,1,0,846.17,850.8266666666665,849.3249999999999,841.15
2023-01-03 14:00:00,841.15,14,1,0,848.51,845.2766666666666,848.9683333333332,640.43
2023-01-03 15:00:00,640.43,15,1,0,841.15,776.6966666666667,814.4516666666667,656.5
2023-01-03 16:00:00,656.5,16,1,0,640.43,712.6933333333333,781.7599999999999,660.85
2023-01-03 17:00:00,660.85,17,1,0,656.5,652.5933333333332,748.935,649.42
2023-01-03 18:00:00,649.42,18,1,0,660.85,655.59,716.1433333333333,658.03
2023-01-03 19:00:00,658.03,19,1,0,649.42,656.1,684.3966666666666,652.89
2023-01-03 20:00:00,652.89,20,1,0,658.03,653.4466666666666,653.02,394.84
2023-01-03 21:00:00,394.84,21,1,0,652.89,568.5866666666667,612.0883333333333,402.89
2023-01-03 22:00:00,402.89,22,1,0,394.84,483.53999999999996,569.82,412.3
2023-01-03 23:00:00,412.3,23,1,0,402.89,403.3433333333333,528.395,399.71
2023-01-04 00:00:00,399.71,0,2,0,412.3,404.9666666666667,486.77666666666664,412.52
2023-01-04 01:00:00,412.52,1,2,0,399.71,408.1766666666667,445.85833333333335,379.04
2023-01-04 02:00:00,379.04,2,2,0,412.52,397.09,400.21666666666664,406.58
2023-01-04 03:00:00,406.58,3,2,0,379.04,399.37999999999994,402.17333333333335,400.7
2023-01-04 04:00:00,400.7,4,2,0,406.58,395.44,401.80833333333334,397.61
2023-01-04 05:00:00,397.61,5,2,0,400.7,401.62999999999994,399.35999999999996,400.73
2023-01-04 06:00:00,400.73,6,2,0,397.61,399.68,399.53000000000003,834.1
2023-01-04 07:00:00,834.1,7,2,0,400.73,544.1466666666666,469.79333333333335,848.24
2023-01-04 08:00:00,848.24,8,2,0,834.1,694.3566666666666,547.9933333333333,852.86
2023-01-04 09:00:00,852.86,9,2,0,848.24,845.0666666666666,622.3733333333333,861.82
2023-01-04 10:00:00,861.82,10,2,0,852.86,854.3066666666667,699.2266666666666,845.85
2023-01-04 11:00:00,845.85,11,2,0,861.82,853.5100000000001,773.9333333333334,843.53
2023-01-04 12:00:00,843.53,12,2,0,845.85,850.4,847.7333333333332,845.99
2023-01-04 13:00:00,845.99,13,2,0,843.53,845.1233333333333,849.7150000000001,857.32
2023-01-04 14:00:00,857.32,14,2,0,845.99,848.9466666666667,851.2283333333334,652.63
2023-01-04 15:00:00,652.63,15,2,0,857.32,785.3133333333334,817.8566666666667,645.76
2023-01-04 16:00:00,645.76,16,2,0,652.63,718.57,781.8466666666667,654.11
2023-01-04 17:00:00,654.11,17,2,0,645.76,650.8333333333334,749.89,650.78
2023-01-04 18:00:00,650.78,18,2,0,654.11,650.2166666666666,717.765,657.75
2023-01-04 19:00:00,657.75,19,2,0,650.78,654.2133333333333,686.3916666666668,644.38
2023-01-04 20:00:00,644.38,20,2,0,657.75,650.9699999999999,650.9016666666666,397.38
2023-01-04 21:00:00,397.38,21,2,0,644.38,566.5033333333333,608.36,396.86
2023-01-04 22:00:00,396.86,22,2,0,397.38,479.53999999999996,566.8766666666667,388.29
2023-01-04 23:00:00,388.29,23,2,0,396.86,394.1766666666667,522.5733333333334,402.37
2023-01-05 00:00:00,402.37,0,3,0,388.29,395.84,481.1716666666667,402.09
2023-01-05 01:00:00,402.09,1,3,0,402.37,397.5833333333333,438.56166666666667,400.04
2023-01-05 02:00:00,400.04,2,3,0,402.09,401.5,397.83833333333337,398.12
2023-01-05 03:00:00,398.12,3,3,0,400.04,400.0833333333333,397.96166666666664,388.68
2023-01-05 04:00:00,388.68,4,3,0,398.12,395.6133333333334,396.59833333333336,396.63
2023-01-05 05:00:00,396.63,5,3,0,388.68,394.4766666666667,397.9883333333334,397.26
2023-01-05 06:00:00,397.26,6,3,0,396.63,394.19,397.1366666666666,843.58
2023-01-05 07:00:00,843.58,7,3,0,397.26,545.8233333333334,470.7183333333333,848.71
2023-01-05 08:00:00,848.71,8,3,0,843.58,696.5166666666668,545.4966666666667,853.23
2023-01-05 09:00:00,853.23,9,3,0,848.71,848.5066666666667,621.3483333333334,865.09
2023-01-05 10:00:00,865.09,10,3,0,853.23,855.6766666666667,700.75,851.4
2023-01-05 11:00:00,851.4,11,3,0,865.09,856.5733333333334,776.545,852.06
2023-01-05 12:00:00,852.06,12,3,0,851.4,856.1833333333334,852.3450000000001,849.4
2023-01-05 13:00:00,849.4,13,3,0,852.06,850.9533333333333,853.3149999999999,834.65
2023-01-05 14:00:00,834.65,14,3,0,849.4,845.3699999999999,850.9716666666667,649.79
2023-01-05 15:00:00,649.79,15,3,0,834.65,777.9466666666667,817.065,650.48
2023-01-05 16:00:00,650.48,16,3,0,649.79,711.64,781.2966666666666,669.71
2023-01-05 17:00:00,669.71,17,3,0,650.48,656.66,751.015,648.46
2023-01-05 18:00:00,648.46,18,3,0,669.71,656.2166666666667,717.0816666666666,652.41
2023-01-05 19:00:00,652.41,19,3,0,648.46,656.86,684.25,649.72
2023-01-05 20:00:00,649.72,20,3,0,652.41,650.1966666666667,653.4283333333334,390.65
2023-01-05 21:00:00,390.65,21,3,0,649.72,564.26,610.2383333333333,409.14
2023-01-05 22:00:00,409.14,22,3,0,390.65,483.1699999999999,570.015,406.02
2023-01-05 23:00:00,406.02,23,3,0,409.14,401.93666666666667,526.0666666666667,406.33
2023-01-06 00:00:00,406.33,0,4,0,406.02,407.16333333333336,485.71166666666664,392.72
2023-01-06 01:00:00,392.72,1,4,0,406.33,401.69,442.43,411.22
2023-01-06 02:00:00,411.22,2,4,0,392.72,403.42333333333335,402.68,388.79
2023-01-06 03:00:00,388.79,3,4,0,411.22,397.57666666666665,402.36999999999995,404.69
2023-01-06 04:00:00,404.69,4,4,0,388.79,401.56666666666666,401.62833333333333,417.52
2023-01-06 05:00:00,417.52,5,4,0,404.69,403.6666666666667,403.545,392.08
2023-01-06 06:00:00,392.08,6,4,0,417.52,404.7633333333333,401.17,845.47
2023-01-06 07:00:00,845.47,7,4,0,392.08,551.6899999999999,476.62833333333333,850.8
2023-01-06 08:00:00,850.8,8,4,0,845.47,696.1166666666667,549.8916666666667,845.97
2023-01-06 09:00:00,845.97,9,4,0,850.8,847.4133333333333,626.0883333333333,837.59
2023-01-06 10:00:00,837.59,10,4,0,845.97,844.7866666666667,698.2383333333333,850.55
2023-01-06 11:00:00,850.55,11,4,0,837.59,844.7033333333334,770.41,841.5
2023-01-06 12:00:00,841.5,12,4,0,850.55,843.2133333333333,845.3133333333334,853.79
2023-01-06 13:00:00,853.79,13,4,0,841.5,848.6133333333332,846.6999999999999,842.64
2023-01-06 14:00:00,842.64,14,4,0,853.79,845.9766666666668,845.34,662.4
2023-01-06 15:00:00,662.4,15,4,0,842.64,786.2766666666666,814.745,643.73
2023-01-06 16:00:00,643.73,16,4,0,662.4,716.2566666666667,782.435,647.42
2023-01-06 17:00:00,647.42,17,4,0,643.73,651.1833333333333,748.5799999999999,656.51
2023-01-06 18:00:00,656.51,18,4,0,647.42,649.22,717.7483333333333,640.15
2023-01-06 19:00:00,640.15,19,4,0,656.51,648.0266666666666,682.1416666666665,651.82
2023-01-06 20:00:00,651.82,20,4,0,640.15,649.4933333333333,650.3383333333333,410.46
2023-01-06 21:00:00,410.46,21,4,0,651.82,567.4766666666667,608.3483333333334,387.14
2023-01-06 22:00:00,387.14,22,4,0,410.46,483.14000000000004,565.5833333333333,401.48
2023-01-06 23:00:00,401.48,23,4,0,387.14,399.6933333333333,524.5933333333334,322.08
2023-01-07 00:00:00,322.08,0,5,1,401.48,370.2333333333333,468.855,326.25
2023-01-07 01:00:00,326.25,1,5,1,322.08,349.93666666666667,416.5383333333334,310.1
2023-01-07 02:00:00,310.1,2,5,1,326.25,319.4766666666667,359.58500000000004,309.44
2023-01-07 03:00:00,309.44,3,5,1,310.1,315.2633333333333,342.7483333333334,324.18
2023-01-07 04:00:00,324.18,4,5,1,309.44,314.5733333333333,332.255,322.38
2023-01-07 05:00:00,322.38,5,5,1,324.18,318.6666666666667,319.07166666666666,322.0
2023-01-07 06:00:00,322.0,6,5,1,322.38,322.8533333333333,319.05833333333334,772.77
2023-01-07 07:00:00,772.77,7,5,1,322.0,472.3833333333334,393.4783333333333,764.56
2023-01-07 08:00:00,764.56,8,5,1,772.77,619.7766666666666,469.22166666666664,771.86
2023-01-07 09:00:00,771.86,9,5,1,764.56,769.7299999999999,546.2916666666666,772.34
2023-01-07 10:00:00,772.34,10,5,1,771.86,769.5866666666666,620.985,764.29
2023-01-07 11:00:00,764.29,11,5,1,772.34,769.4966666666666,694.6366666666667,784.93
2023-01-07 12:00:00,784.93,12,5,1,764.29,773.8533333333334,771.7916666666666,773.79
2023-01-07 13:00:00,773.79,13,5,1,784.93,774.3366666666666,771.9616666666667,760.47
2023-01-07 14:00:00,760.47,14,5,1,773.79,773.0633333333332,771.2800000000001,575.25
2023-01-07 15:00:00,575.25,15,5,1,760.47,703.1700000000001,738.5116666666667,562.2
2023-01-07 16:00:00,562.2,16,5,1,575.25,632.64,703.4883333333333,576.3
2023-01-07 17:00:00,576.3,17,5,1,562.2,571.25,672.1566666666666,579.27
2023-01-07 18:00:00,579.27,18,5,1,576.3,572.59,637.88,563.43
2023-01-07 19:00:00,563.43,19,5,1,579.27,573.0,602.82,577.71
2023-01-07 20:00:00,577.71,20,5,1,563.43,573.4699999999999,572.36,323.3
2023-01-07 21:00:00,323.3,21,5,1,577.71,488.1466666666667,530.3683333333332,326.58
2023-01-07 22:00:00,326.58,22,5,1,323.3,409.1966666666667,491.09833333333336,335.17
2023-01-07 23:00:00,335.17,23,5,1,326.58,328.34999999999997,450.9099999999999,318.04
2023-01-08 00:00:00,318.04,0,6,1,335.17,326.5966666666667,407.3716666666666,313.97
2023-01-08 01:00:00,313.97,1,6,1,318.04,322.3933333333334,365.795,312.88
2023-01-08 02:00:00,312.88,2,6,1,313.97,314.9633333333333,321.6566666666667,313.47
2023-01-08 03:00:00,313.47,3,6,1,312.88,313.44,320.0183333333334,319.38
2023-01-08 04:00:00,319.38,4,6,1,313.47,315.24333333333334,318.8183333333333,322.73
2023-01-08 05:00:00,322.73,5,6,1,319.38,318.5266666666667,316.745,322.21
2023-01-08 06:00:00,322.21,6,6,1,322.73,321.44,317.44,776.62
2023-01-08 07:00:00,776.62,7,6,1,322.21,473.8533333333333,394.54833333333335,770.1
2023-01-08 08:00:00,770.1,8,6,1,776.62,622.9766666666667,470.7516666666666,781.63
2023-01-08 09:00:00,781.63,9,6,1,770.1,776.1166666666667,548.7783333333333,767.88
2023-01-08 10:00:00,767.88,10,6,1,781.63,773.2033333333334,623.5283333333333,791.76
2023-01-08 11:00:00,791.76,11,6,1,767.88,780.4233333333335,701.6999999999999,775.01
2023-01-08 12:00:00,775.01,12,6,1,791.76,778.2166666666667,777.1666666666666,763.14
2023-01-08 13:00:00,763.14,13,6,1,775.01,776.6366666666667,774.9200000000001,761.43
2023-01-08 14:00:00,761.43,14,6,1,763.14,766.5266666666666,773.475,573.86
2023-01-08 15:00:00,573.86,15,6,1,761.43,699.4766666666666,738.8466666666667,568.21
2023-01-08 16:00:00,568.21,16,6,1,573.86,634.5,705.5683333333333,575.71
2023-01-08 17:00:00,575.71,17,6,1,568.21,572.5933333333334,669.5600000000001,573.79
2023-01-08 18:00:00,573.79,18,6,1,575.71,572.57,636.0233333333333,569.42
2023-01-08 19:00:00,569.42,19,6,1,573.79,572.9733333333334,603.7366666666667,563.23
2023-01-08 20:00:00,563.23,20,6,1,569.42,568.8133333333334,570.7033333333334,307.88
2023-01-08 21:00:00,307.88,21,6,1,563.23,480.17666666666673,526.3733333333333,316.43
2023-01-08 22:00:00,316.43,22,6,1,307.88,395.84666666666675,484.41,326.85
2023-01-08 23:00:00,326.85,23,6,1,316.43,317.05333333333334,442.93333333333334,401.71
2023-01-09 00:00:00,401.71,0,0,0,326.85,348.3300000000001,414.25333333333333,390.03
2023-01-09 01:00:00,390.03,1,0,0,401.71,372.8633333333334,384.355,401.39
2023-01-09 02:00:00,401.39,2,0,0,390.03,397.71000000000004,357.38166666666666,403.08
2023-01-09 03:00:00,403.08,3,0,0,401.39,398.1666666666667,373.2483333333333,392.93
2023-01-09 04:00:00,392.93,4,0,0,403.08,399.1333333333334,385.9983333333333,401.23
2023-01-09 05:00:00,401.23,5,0,0,392.93,399.0800000000001,398.395,400.47
2023-01-09 06:00:00,400.47,6,0,0,401.23,398.21000000000004,398.18833333333333,840.86
2023-01-09 07:00:00,840.86,7,0,0,400.47,547.5200000000001,473.32666666666665,852.86
2023-01-09 08:00:00,852.86,8,0,0,840.86,698.0633333333334,548.5716666666667,854.49
2023-01-09 09:00:00,854.49,9,0,0,852.86,849.4033333333333,623.8066666666667,858.66
2023-01-09 10:00:00,858.66,10,0,0,854.49,855.3366666666667,701.4283333333333,858.43
2023-01-09 11:00:00,858.43,11,0,0,858.66,857.1933333333333,777.6283333333332,838.98
2023-01-09 12:00:00,838.98,12,0,0,858.43,852.0233333333334,850.7133333333333,842.5
2023-01-09 13:00:00,842.5,13,0,0,838.98,846.6366666666668,850.9866666666667,854.12
2023-01-09 14:00:00,854.12,14,0,0,842.5,845.2000000000002,851.1966666666667,654.11
2023-01-09 15:00:00,654.11,15,0,0,854.12,783.5766666666667,817.7999999999998,654.12
2023-01-09 16:00:00,654.12,16,0,0,654.11,720.7833333333334,783.71,680.82
2023-01-09 17:00:00,680.82,17,0,0,654.12,663.0166666666668,754.1083333333332,654.57
2023-01-09 18:00:00,654.57,18,0,0,680.82,663.1700000000001,723.3733333333333,659.08
2023-01-09 19:00:00,659.08,19,0,0,654.57,664.8233333333334,692.8033333333333,657.63
2023-01-09 20:00:00,657.63,20,0,0,659.08,657.0933333333334,660.055,405.21
2023-01-09 21:00:00,405.21,21,0,0,657.63,573.9733333333334,618.5716666666666,397.48
2023-01-09 22:00:00,397.48,22,0,0,405.21,486.77333333333337,575.7983333333333,406.07
2023-01-09 23:00:00,406.07,23,0,0,397.48,402.9200000000001,530.0066666666667,393.82
2023-01-10 00:00:00,393.82,0,1,0,406.07,399.1233333333334,486.5483333333334,398.11
2023-01-10 01:00:00,398.11,1,1,0,393.82,399.3333333333333,443.0533333333333,396.12
2023-01-10 02:00:00,396.12,2,1,0,398.11,396.0166666666667,399.4683333333333,400.65
2023-01-10 03:00:00,400.65,3,1,0,396.12,398.29333333333335,398.7083333333333,418.52
2023-01-10 04:00:00,418.52,4,1,0,400.65,405.09666666666664,402.215,385.06
2023-01-10 05:00:00,385.06,5,1,0,418.52,401.41,398.7133333333333,405.49
2023-01-10 06:00:00,405.49,6,1,0,385.06,403.02333333333337,400.6583333333333,837.1
2023-01-10 07:00:00,837.1,7,1,0,405.49,542.5500000000001,473.8233333333333,846.22
2023-01-10 08:00:00,846.22,8,1,0,837.1,696.2700000000001,548.84,858.71
2023-01-10 09:00:00,858.71,9,1,0,846.22,847.3433333333334,625.1833333333333,850.51
2023-01-10 10:00:00,850.51,10,1,0,858.71,851.8133333333335,697.1816666666667,841.38
2023-01-10 11:00:00,841.38,11,1,0,850.51,850.1999999999999,773.235,844.28
2023-01-10 12:00:00,844.28,12,1,0,841.38,845.39,846.3666666666668,855.44
2023-01-10 13:00:00,855.44,13,1,0,844.28,847.0333333333334,849.4233333333333,844.16
2023-01-10 14:00:00,844.16,14,1,0,855.44,847.96,849.0799999999999,651.73
2023-01-10 15:00:00,651.73,15,1,0,844.16,783.7766666666666,814.5833333333334,650.36
2023-01-10 16:00:00,650.36,16,1,0,651.73,715.4166666666666,781.225,644.79
2023-01-10 17:00:00,644.79,17,1,0,650.36,648.96,748.46,667.15
2023-01-10 18:00:00,667.15,18,1,0,644.79,654.1,718.9383333333334,655.07
2023-01-10 19:00:00,655.07,19,1,0,667.15,655.6700000000001,685.5433333333334,633.8
2023-01-10 20:00:00,633.8,20,1,0,655.07,652.0066666666667,650.4833333333333,401.49
2023-01-10 21:00:00,401.49,21,1,0,633.8,563.4533333333334,608.7766666666666,394.71
2023-01-10 22:00:00,394.71,22,1,0,401.49,476.6666666666667,566.1683333333333,406.82
2023-01-10 23:00:00,406.82,23,1,0,394.71,401.00666666666666,526.5066666666667,393.66
2023-01-11 00:00:00,393.66,0,2,0,406.82,398.3966666666667,480.92499999999995,399.08
2023-01-11 01:00:00,399.08,1,2,0,393.66,399.8533333333333,438.25999999999993,404.04
2023-01-11 02:00:00,404.04,2,2,0,399.08,398.92666666666673,399.9666666666667,406.93
2023-01-11 03:00:00,406.93,3,2,0,404.04,403.3500000000001,400.8733333333333,390.4
2023-01-11 04:00:00,390.4,4,2,0,406.93,400.4566666666667,400.155,397.32
2023-01-11 05:00:00,397.32,5,2,0,390.4,398.2166666666667,398.57166666666666,396.2
2023-01-11 06:00:00,396.2,6,2,0,397.32,394.64000000000004,398.99499999999995,844.77
2023-01-11 07:00:00,844.77,7,2,0,396.2,546.0966666666667,473.27666666666664,864.12
2023-01-11 08:00:00,864.12,8,2,0,844.77,701.6966666666667,549.9566666666666,853.24
2023-01-11 09:00:00,853.24,9,2,0,864.12,854.0433333333334,624.3416666666666,839.91
2023-01-11 10:00:00,839.91,10,2,0,853.24,852.4233333333333,699.2600000000001,857.34
2023-01-11 11:00:00,857.34,11,2,0,839.91,850.1633333333334,775.93,866.98
2023-01-11 12:00:00,866.98,12,2,0,857.34,854.7433333333333,854.3933333333334,858.26
2023-01-11 13:00:00,858.26,13,2,0,866.98,860.86,856.6416666666665,837.85
2023-01-11 14:00:00,837.85,14,2,0,858.26,854.3633333333333,852.2633333333333,646.13
2023-01-11 15:00:00,646.13,15,2,0,837.85,780.7466666666666,817.745,660.14
2023-01-11 16:00:00,660.14,16,2,0,646.13,714.7066666666668,787.7833333333333,644.34
2023-01-11 17:00:00,644.34,17,2,0,660.14,650.2033333333334,752.2833333333333,653.55
2023-01-11 18:00:00,653.55,18,2,0,644.34,652.6766666666666,716.7116666666667,656.2
2023-01-11 19:00:00,656.2,19,2,0,653.55,651.3633333333333,683.035,642.58
2023-01-11 20:00:00,642.58,20,2,0,656.2,650.7766666666666,650.49,399.52
2023-01-11 21:00:00,399.52,21,2,0,642.58,566.1,609.3883333333334,374.07
2023-01-11 22:00:00,374.07,22,2,0,399.52,472.0566666666667,561.7099999999999,391.8
2023-01-11 23:00:00,391.8,23,2,0,374.07,388.46333333333337,519.62,397.98
2023-01-12 00:00:00,397.98,0,3,0,391.8,387.95000000000005,477.02500000000003,390.02
2023-01-12 01:00:00,390.02,1,3,0,397.98,393.2666666666667,432.66166666666663,413.06
2023-01-12 02:00:00,413.06,2,3,0,390.02,400.3533333333334,394.4083333333333,388.56
2023-01-12 03:00:00,388.56,3,3,0,413.06,397.21333333333337,392.58166666666665,396.48
2023-01-12 04:00:00,396.48,4,3,0,388.56,399.36666666666673,396.31666666666666,401.05
2023-01-12 05:00:00,401.05,5,3,0,396.48,395.3633333333334,397.85833333333335,411.53
2023-01-12 06:00:00,411.53,6,3,0,401.05,403.02000000000004,400.1166666666666,838.51
2023-01-12 07:00:00,838.51,7,3,0,411.53,550.3633333333333,474.865,859.31
2023-01-12 08:00:00,859.31,8,3,0,838.51,703.1166666666668,549.24,850.08
2023-01-12 09:00:00,850.08,9,3,0,859.31,849.3000000000001,626.16,842.15
2023-01-12 10:00:00,842.15,10,3,0,850.08,850.5133333333333,700.4383333333334,853.7
2023-01-12 11:00:00,853.7,11,3,0,842.15,848.6433333333334,775.88,851.59
2023-01-12 12:00:00,851.59,12,3,0,853.7,849.1466666666669,849.2233333333334,845.2
2023-01-12 13:00:00,845.2,13,3,0,851.59,850.1633333333334,850.3383333333333,850.56
2023-01-12 14:00:00,850.56,14,3,0,845.2,849.1166666666668,848.88,646.92
2023-01-12 15:00:00,646.92,15,3,0,850.56,780.8933333333334,815.02,650.91
2023-01-12 16:00:00,650.91,16,3,0,646.92,716.1300000000001,783.1466666666666,655.3
2023-01-12 17:00:00,655.3,17,3,0,650.91,651.0433333333334,750.08,662.69
2023-01-12 18:00:00,662.69,18,3,0,655.3,656.3000000000001,718.5966666666667,640.1
2023-01-12 19:00:00,640.1,19,3,0,662.69,652.6966666666668,684.4133333333333,667.06
2023-01-12 20:00:00,667.06,20,3,0,640.1,656.6166666666668,653.8299999999999,384.38
2023-01-12 21:00:00,384.38,21,3,0,667.06,563.8466666666668,610.0733333333333,398.79
2023-01-12 22:00:00,398.79,22,3,0,384.38,483.4100000000001,568.0533333333333,404.71
2023-01-12 23:00:00,404.71,23,3,0,398.79,395.96000000000004,526.2883333333333,402.25
2023-01-13 00:00:00,402.25,0,4,0,404.71,401.91666666666674,482.88166666666666,395.02
2023-01-13 01:00:00,395.02,1,4,0,402.25,400.6600000000001,442.0349999999999,398.34
2023-01-13 02:00:00,398.34,2,4,0,395.02,398.5366666666667,397.2483333333333,396.06
2023-01-13 03:00:00,396.06,3,4,0,398.34,396.47333333333336,399.195,395.29
2023-01-13 04:00:00,395.29,4,4,0,396.06,396.56333333333345,398.6116666666667,406.8
2023-01-13 05:00:00,406.8,5,4,0,395.29,399.38333333333344,398.96,402.86
2023-01-13 06:00:00,402.86,6,4,0,406.8,401.6500000000001,399.06166666666667,844.46
2023-01-13 07:00:00,844.46,7,4,0,402.86,551.3733333333334,473.9683333333333,857.2
2023-01-13 08:00:00,857.2,8,4,0,844.46,701.5066666666668,550.445,852.46
2023-01-13 09:00:00,852.46,9,4,0,857.2,851.3733333333334,626.5116666666667,856.5
2023-01-13 10:00:00,856.5,10,4,0,852.46,855.3866666666668,703.38,855.04
2023-01-13 11:00:00,855.04,11,4,0,856.5,854.6666666666666,778.0866666666667,843.37
2023-01-13 12:00:00,843.37,12,4,0,855.04,851.6366666666668,851.505,845.52
2023-01-13 13:00:00,845.52,13,4,0,843.37,847.9766666666668,851.6816666666665,855.98
2023-01-13 14:00:00,855.98,14,4,0,845.52,848.2900000000001,851.4783333333334,654.88
2023-01-13 15:00:00,654.88,15,4,0,855.98,785.46,818.5483333333333,649.83
2023-01-13 16:00:00,649.83,16,4,0,654.88,720.2300000000001,784.1033333333334,650.94
2023-01-13 17:00:00,650.94,17,4,0,649.83,651.8833333333336,750.0866666666666,660.22
2023-01-13 18:00:00,660.22,18,4,0,650.94,653.6633333333334,719.5616666666666,645.27
2023-01-13 19:00:00,645.27,19,4,0,660.22,652.1433333333334,686.1866666666666,654.38
2023-01-13 20:00:00,654.38,20,4,0,645.27,653.2900000000001,652.5866666666667,398.38
2023-01-13 21:00:00,398.38,21,4,0,654.38,566.0100000000001,609.8366666666667,398.26
2023-01-13 22:00:00,398.26,22,4,0,398.38,483.67333333333335,567.9083333333333,408.79
2023-01-13 23:00:00,408.79,23,4,0,398.26,401.8100000000001,527.55,326.6
2023-01-14 00:00:00,326.6,0,5,1,408.79,377.88333333333344,471.9466666666667,326.51
2023-01-14 01:00:00,326.51,1,5,1,326.6,353.96666666666675,418.82,330.44
2023-01-14 02:00:00,330.44,2,5,1,326.51,327.8500000000001,364.83,320.17
2023-01-14 03:00:00,320.17,3,5,1,330.44,325.70666666666676,351.795,325.46
2023-01-14 04:00:00,325.46,4,5,1,320.17,325.35666666666674,339.6616666666667,317.52
2023-01-14 05:00:00,317.52,5,5,1,325.46,321.05000000000007,324.45,322.59
2023-01-14 06:00:00,322.59,6,5,1,317.52,321.85666666666674,323.7816666666667,768.96
2023-01-14 07:00:00,768.96,7,5,1,322.59,469.69000000000005,397.52333333333337,770.78
2023-01-14 08:00:00,770.78,8,5,1,768.96,620.7766666666668,470.91333333333336,774.76
2023-01-14 09:00:00,774.76,9,5,1,770.78,771.5,546.6783333333333,763.45
2023-01-14 10:00:00,763.45,10,5,1,774.76,769.6633333333334,619.6766666666666,786.74
2023-01-14 11:00:00,786.74,11,5,1,763.45,774.9833333333335,697.88,761.95
2023-01-14 12:00:00,761.95,12,5,1,786.74,770.7133333333335,771.1066666666667,760.29
2023-01-14 13:00:00,760.29,13,5,1,761.95,769.6600000000002,769.6616666666667,779.26
2023-01-14 14:00:00,779.26,14,5,1,760.29,767.1666666666666,771.0749999999999,576.33
2023-01-14 15:00:00,576.33,15,5,1,779.26,705.2933333333334,738.0033333333332,574.99
2023-01-14 16:00:00,574.99,16,5,1,576.33,643.5266666666668,706.5933333333334,575.03
2023-01-14 17:00:00,575.03,17,5,1,574.99,575.4500000000002,671.3083333333334,569.9
2023-01-14 18:00:00,569.9,18,5,1,575.03,573.3066666666667,639.3000000000001,562.82
2023-01-14 19:00:00,562.82,19,5,1,569.9,569.2500000000001,606.3883333333333,570.61
2023-01-14 20:00:00,570.61,20,5,1,562.82,567.7766666666668,571.6133333333333,314.58
2023-01-14 21:00:00,314.58,21,5,1,570.61,482.6700000000001,527.9883333333333,327.8
2023-01-14 22:00:00,327.8,22,5,1,314.58,404.3300000000001,486.79,318.82
2023-01-14 23:00:00,318.82,23,5,1,327.8,320.4000000000001,444.0883333333333,313.4
2023-01-15 00:00:00,313.4,0,6,1,318.82,320.0066666666667,401.33833333333337,317.43
2023-01-15 01:00:00,317.43,1,6,1,313.4,316.55000000000007,360.44000000000005,323.3
2023-01-15 02:00:00,323.3,2,6,1,317.43,318.04333333333335,319.22166666666664,315.49
2023-01-15 03:00:00,315.49,3,6,1,323.3,318.74000000000007,319.37333333333333,313.42
2023-01-15 04:00:00,313.42,4,6,1,315.49,317.4033333333334,316.9766666666667,321.95
2023-01-15 05:00:00,321.95,5,6,1,313.42,316.95333333333343,317.49833333333333,321.96
2023-01-15 06:00:00,321.96,6,6,1,321.95,319.11000000000007,318.925,765.94
2023-01-15 07:00:00,765.94,7,6,1,321.96,469.9500000000001,393.6766666666667,766.23
2023-01-15 08:00:00,766.23,8,6,1,765.94,618.0433333333334,467.4983333333334,771.86
2023-01-15 09:00:00,771.86,9,6,1,766.23,768.0100000000001,543.56,758.42
2023-01-15 10:00:00,758.42,10,6,1,771.86,765.5033333333334,617.7266666666666,758.74
2023-01-15 11:00:00,758.74,11,6,1,758.42,763.0066666666667,690.525,764.25
2023-01-15 12:00:00,764.25,12,6,1,758.74,760.4700000000001,764.2399999999999,768.29
2023-01-15 13:00:00,768.29,13,6,1,764.25,763.7600000000001,764.6316666666667,772.49
2023-01-15 14:00:00,772.49,14,6,1,768.29,768.3433333333334,765.6750000000001,581.8
2023-01-15 15:00:00,581.8,15,6,1,772.49,707.5266666666668,733.9983333333333,576.86
2023-01-15 16:00:00,576.86,16,6,1,581.8,643.7166666666668,703.7383333333333,568.72
2023-01-15 17:00:00,568.72,17,6,1,576.86,575.7933333333334,672.0683333333333,569.85
2023-01-15 18:00:00,569.85,18,6,1,568.72,571.8100000000001,639.6683333333333,561.98
2023-01-15 19:00:00,561.98,19,6,1,569.85,566.85,605.2833333333333,569.85
2023-01-15 20:00:00,569.85,20,6,1,561.98,567.2266666666668,571.5100000000001,317.69
2023-01-15 21:00:00,317.69,21,6,1,569.85,483.17333333333346,527.4916666666667,322.58
2023-01-15 22:00:00,322.58,22,6,1,317.69,403.37333333333345,485.1116666666667,313.38
2023-01-15 23:00:00,313.38,23,6,1,322.58,317.8833333333334,442.555,404.15
2023-01-16 00:00:00,404.15,0,0,0,313.38,346.7033333333334,414.93833333333333,412.26
2023-01-16 01:00:00,412.26,1,0,0,404.15,376.59666666666675,389.98499999999996,399.13
2023-01-16 02:00:00,399.13,2,0,0,412.26,405.18000000000006,361.5316666666667,403.21
2023-01-16 03:00:00,403.21,3,0,0,399.13,404.86666666666673,375.785,405.52
2023-01-16 04:00:00,405.52,4,0,0,403.21,402.62000000000006,389.60833333333335,396.79
2023-01-16 05:00:00,396.79,5,0,0,405.52,401.8400000000001,403.51,401.79
2023-01-16 06:00:00,401.79,6,0,0,396.79,401.36666666666673,403.1166666666666,850.1
2023-01-16 07:00:00,850.1,7,0,0,401.79,549.5600000000001,476.09,850.78
2023-01-16 08:00:00,850.78,8,0,0,850.1,700.89,551.3649999999999,843.82
2023-01-16 09:00:00,843.82,9,0,0,850.78,848.2333333333335,624.8,850.2
2023-01-16 10:00:00,850.2,10,0,0,843.82,848.2666666666668,698.9133333333333,853.98
2023-01-16 11:00:00,853.98,11,0,0,850.2,849.3333333333335,775.1116666666667,861.61
2023-01-16 12:00:00,861.61,12,0,0,853.98,855.2633333333333,851.7483333333333,857.67
2023-01-16 13:00:00,857.67,13,0,0,861.61,857.7533333333334,853.0099999999999,867.23
2023-01-16 14:00:00,867.23,14,0,0,857.67,862.1700000000001,855.7516666666667,643.86
2023-01-16 15:00:00,643.86,15,0,0,867.23,789.5866666666667,822.4250000000001,656.98
2023-01-16 16:00:00,656.98,16,0,0,643.86,722.69,790.2216666666667,651.47
2023-01-16 17:00:00,651.47,17,0,0,656.98,650.7700000000001,756.4699999999999,667.52
2023-01-16 18:00:00,667.52,18,0,0,651.47,658.6566666666668,724.1216666666668,643.53
2023-01-16 19:00:00,643.53,19,0,0,667.52,654.1733333333334,688.4316666666667,643.28
2023-01-16 20:00:00,643.28,20,0,0,643.53,651.4433333333334,651.1066666666667,395.2
2023-01-16 21:00:00,395.2,21,0,0,643.28,560.6700000000001,609.6633333333333,383.01
2023-01-16 22:00:00,383.01,22,0,0,395.2,473.8300000000001,564.0016666666667,395.79
2023-01-16 23:00:00,395.79,23,0,0,383.01,391.3333333333334,521.3883333333333,393.93
2023-01-17 00:00:00,393.93,0,1,0,395.79,390.9100000000001,475.78999999999996,401.2
2023-01-17 01:00:00,401.2,1,1,0,393.93,396.97333333333336,435.40166666666664,402.73
2023-01-17 02:00:00,402.73,2,1,0,401.2,399.2866666666667,395.31,415.01
2023-01-17 03:00:00,415.01,3,1,0,402.73,406.31333333333333,398.6116666666667,407.6
2023-01-17 04:00:00,407.6,4,1,0,415.01,408.4466666666667,402.71000000000004,395.38
2023-01-17 05:00:00,395.38,5,1,0,407.6,405.9966666666667,402.64166666666665,392.81
2023-01-17 06:00:00,392.81,6,1,0,395.38,398.59666666666675,402.455,853.94
2023-01-17 07:00:00,853.94,7,1,0,392.81,547.3766666666667,477.9116666666667,839.44
2023-01-17 08:00:00,839.44,8,1,0,853.94,695.3966666666666,550.6966666666667,864.65
2023-01-17 09:00:00,864.65,9,1,0,839.44,852.6766666666667,625.6366666666667,859.44
2023-01-17 10:00:00,859.44,10,1,0,864.65,854.5100000000001,700.9433333333333,846.25
2023-01-17 11:00:00,846.25,11,1,0,859.44,856.7800000000001,776.0883333333333,836.29
2023-01-17 12:00:00,836.29,12,1,0,846.25,847.3266666666667,850.0016666666667,860.83
2023-01-17 13:00:00,860.83,13,1,0,836.29,847.79,851.15,849.08
2023-01-17 14:00:00,849.08,14,1,0,860.83,848.7333333333332,852.7566666666667,659.9
2023-01-17 15:00:00,659.9,15,1,0,849.08,789.9366666666666,818.6316666666667,637.24
2023-01-17 16:00:00,637.24,16,1,0,659.9,715.4066666666668,781.5983333333334,645.2
2023-01-17 17:00:00,645.2,17,1,0,637.24,647.4466666666667,748.09,650.04
2023-01-17 18:00:00,650.04,18,1,0,645.2,644.16,717.0483333333333,650.38
2023-01-17 19:00:00,650.38,19,1,0,650.04,648.5400000000001,681.9733333333334,646.4
2023-01-17 20:00:00,646.4,20,1,0,650.38,648.94,648.1933333333333,404.98
2023-01-17 21:00:00,404.98,21,1,0,646.4,567.2533333333334,605.7066666666666,391.46
2023-01-17 22:00:00,391.46,22,1,0,404.98,480.94666666666666,564.7433333333333,398.86
2023-01-17 23:00:00,398.86,23,1,0,391.46,398.4333333333334,523.6866666666666,400.96
2023-01-18 00:00:00,400.96,0,2,0,398.86,397.0933333333334,482.17333333333335,404.12
2023-01-18 01:00:00,404.12,1,2,0,400.96,401.31333333333333,441.12999999999994,405.69
2023-01-18 02:00:00,405.69,2,2,0,404.12,403.5900000000001,401.0116666666667,391.0
2023-01-18 03:00:00,391.0,3,2,0,405.69,400.27000000000004,398.6816666666667,387.73
2023-01-18 04:00:00,387.73,4,2,0,391.0,394.8066666666667,398.06,410.22
2023-01-18 05:00:00,410.22,5,2,0,387.73,396.31666666666666,399.9533333333334,402.66
2023-01-18 06:00:00,402.66,6,2,0,410.22,400.2033333333334,400.2366666666667,844.01
2023-01-18 07:00:00,844.01,7,2,0,402.66,552.2966666666667,473.55166666666673,862.41
2023-01-18 08:00:00,862.41,8,2,0,844.01,703.0266666666666,549.6716666666667,850.93
2023-01-18 09:00:00,850.93,9,2,0,862.41,852.4500000000002,626.3266666666667,859.43
2023-01-18 10:00:00,859.43,10,2,0,850.93,857.59,704.9433333333333,850.54
2023-01-18 11:00:00,850.54,11,2,0,859.43,853.6333333333333,778.3299999999999,866.49
2023-01-18 12:00:00,866.49,12,2,0,850.54,858.82,855.6349999999999,864.04
2023-01-18 13:00:00,864.04,13,2,0,866.49,860.3566666666667,858.9733333333332,848.01
2023-01-18 14:00:00,848.01,14,2,0,864.04,859.5133333333333,856.5733333333333,657.77
2023-01-18 15:00:00,657.77,15,2,0,848.01,789.94,824.3800000000001,655.16
2023-01-18 16:00:00,655.16,16,2,0,657.77,720.3133333333334,790.335,660.95
2023-01-18 17:00:00,660.95,17,2,0,655.16,657.96,758.7366666666667,642.28
2023-01-18 18:00:00,642.28,18,2,0,660.95,652.7966666666667,721.3683333333333,655.49
2023-01-18 19:00:00,655.49,19,2,0,642.28,652.9066666666666,686.61,658.47
2023-01-18 20:00:00,658.47,20,2,0,655.49,652.08,655.02,385.93
2023-01-18 21:00:00,385.93,21,2,0,658.47,566.63,609.7133333333334,390.53
2023-01-18 22:00:00,390.53,22,2,0,385.93,478.31,565.6083333333332,383.69
2023-01-18 23:00:00,383.69,23,2,0,390.53,386.7166666666667,519.3983333333333,397.84
2023-01-19 00:00:00,397.84,0,3,0,383.69,390.68666666666667,478.6583333333333,405.74
2023-01-19 01:00:00,405.74,1,3,0,397.84,395.75666666666666,437.0333333333333,412.02
2023-01-19 02:00:00,412.02,2,3,0,405.74,405.20000000000005,395.9583333333333,400.59
2023-01-19 03:00:00,400.59,3,3,0,412.02,406.11666666666673,398.40166666666664,413.03
2023-01-19 04:00:00,413.03,4,3,0,400.59,408.5466666666667,402.15166666666664,388.96
2023-01-19 05:00:00,388.96,5,3,0,413.03,400.86000000000007,403.03,386.37
2023-01-19 06:00:00,386.37,6,3,0,388.96,396.12000000000006,401.11833333333334,849.56
2023-01-19 07:00:00,849.56,7,3,0,386.37,541.63,475.0883333333333,853.07
2023-01-19 08:00:00,853.07,8,3,0,849.56,696.3333333333334,548.5966666666667,849.74
2023-01-19 09:00:00,849.74,9,3,0,853.07,850.7900000000001,623.4549999999999,833.46
2023-01-19 10:00:00,833.46,10,3,0,849.74,845.4233333333335,693.5266666666666,849.29
2023-01-19 11:00:00,849.29,11,3,0,833.46,844.1633333333334,770.2483333333333,839.56
2023-01-19 12:00:00,839.56,12,3,0,849.29,840.7700000000001,845.7800000000001,855.36
2023-01-19 13:00:00,855.36,13,3,0,839.56,848.07,846.7466666666668,852.93
2023-01-19 14:00:00,852.93,14,3,0,855.36,849.2833333333334,846.7233333333334,642.48
2023-01-19 15:00:00,642.48,15,3,0,852.93,783.5900000000001,812.18,645.89
2023-01-19 16:00:00,645.89,16,3,0,642.48,713.7666666666668,780.9183333333334,641.53
2023-01-19 17:00:00,641.53,17,3,0,645.89,643.3000000000001,746.2916666666666,649.5
2023-01-19 18:00:00,649.5,18,3,0,641.53,645.64,714.6150000000001,657.64
2023-01-19 19:00:00,657.64,19,3,0,649.5,649.5566666666667,681.6616666666666,642.11
2023-01-19 20:00:00,642.11,20,3,0,657.64,649.7500000000001,646.525,404.03
2023-01-19 21:00:00,404.03,21,3,0,642.11,567.9266666666667,606.7833333333333,395.76
2023-01-19 22:00:00,395.76,22,3,0,404.03,480.63333333333344,565.0949999999999,393.66
2023-01-19 23:00:00,393.66,23,3,0,395.76,397.8166666666668,523.7833333333333,399.14
2023-01-20 00:00:00,399.14,0,4,0,393.66,396.1866666666667,482.0566666666667,391.72
2023-01-20 01:00:00,391.72,1,4,0,399.14,394.8400000000001,437.7366666666667,395.57
2023-01-20 02:00:00,395.57,2,4,0,391.72,395.47666666666674,396.6466666666667,390.42
2023-01-20 03:00:00,390.42,3,4,0,395.57,392.5700000000001,394.37833333333333,415.72
2023-01-20 04:00:00,415.72,4,4,0,390.42,400.5700000000001,397.705,400.28
2023-01-20 05:00:00,400.28,5,4,0,415.72,402.1400000000001,398.80833333333334,394.4
2023-01-20 06:00:00,394.4,6,4,0,400.28,403.4666666666667,398.0183333333334,851.71
2023-01-20 07:00:00,851.71,7,4,0,394.4,548.7966666666667,474.6833333333334,849.1
2023-01-20 08:00:00,849.1,8,4,0,851.71,698.4033333333333,550.2716666666666,848.23
2023-01-20 09:00:00,848.23,9,4,0,849.1,849.6800000000002,626.5733333333334,854.91
2023-01-20 10:00:00,854.91,10,4,0,848.23,850.7466666666668,699.7716666666666,856.06
2023-01-20 11:00:00,856.06,11,4,0,854.91,853.0666666666667,775.735,845.76
2023-01-20 12:00:00,845.76,12,4,0,856.06,852.2433333333335,850.9616666666667,845.39
2023-01-20 13:00:00,845.39,13,4,0,845.76,849.07,849.9083333333333,847.8
2023-01-20 14:00:00,847.8,14,4,0,845.39,846.3166666666667,849.6916666666666,631.58
2023-01-20 15:00:00,631.58,15,4,0,847.8,774.9233333333335,813.5833333333334,637.88
2023-01-20 16:00:00,637.88,16,4,0,631.58,705.7533333333334,777.4116666666667,660.93
2023-01-20 17:00:00,660.93,17,4,0,637.88,643.4633333333334,744.89,663.16
2023-01-20 18:00:00,663.16,18,4,0,660.93,653.9900000000001,714.4566666666666,648.01
2023-01-20 19:00:00,648.01,19,4,0,663.16,657.3666666666667,681.56,654.61
2023-01-20 20:00:00,654.61,20,4,0,648.01,655.2600000000001,649.3616666666667,402.49
2023-01-20 21:00:00,402.49,21,4,0,654.61,568.3700000000001,611.18,424.63
2023-01-20 22:00:00,424.63,22,4,0,402.49,493.91000000000014,575.6383333333333,408.96
2023-01-20 23:00:00,408.96,23,4,0,424.63,412.0266666666667,533.6433333333333,318.98
2023-01-21 00:00:00,318.98,0,5,1,408.96,384.19000000000005,476.28,312.36
2023-01-21 01:00:00,312.36,1,5,1,318.98,346.7666666666667,420.33833333333337,307.15
2023-01-21 02:00:00,307.15,2,5,1,312.36,312.8300000000001,362.42833333333334,321.63
2023-01-21 03:00:00,321.63,3,5,1,307.15,313.71333333333337,348.95166666666665,313.95
2023-01-21 04:00:00,313.95,4,5,1,321.63,314.2433333333334,330.50499999999994,308.62
2023-01-21 05:00:00,308.62,5,5,1,313.95,314.7333333333334,313.7816666666667,314.83
2023-01-21 06:00:00,314.83,6,5,1,308.62,312.4666666666667,313.09,761.35
2023-01-21 07:00:00,761.35,7,5,1,314.83,461.6000000000001,387.9216666666666,783.5
2023-01-21 08:00:00,783.5,8,5,1,761.35,619.8933333333334,467.31333333333333,777.05
2023-01-21 09:00:00,777.05,9,5,1,783.5,773.9666666666667,543.2166666666667,769.94
2023-01-21 10:00:00,769.94,10,5,1,777.05,776.83,619.215,781.84
2023-01-21 11:00:00,781.84,11,5,1,769.94,776.2766666666668,698.085,770.62
2023-01-21 12:00:00,770.62,12,5,1,781.84,774.1333333333336,774.0500000000001,763.11
2023-01-21 13:00:00,763.11,13,5,1,770.62,771.8566666666669,774.3433333333334,782.18
2023-01-21 14:00:00,782.18,14,5,1,763.11,771.9700000000001,774.1233333333333,574.31
2023-01-21 15:00:00,574.31,15,5,1,782.18,706.5333333333334,740.3333333333334,561.7
2023-01-21 16:00:00,561.7,16,5,1,574.31,639.3966666666666,705.6266666666667,568.48
2023-01-21 17:00:00,568.48,17,5,1,561.7,568.1633333333334,670.0666666666667,563.0
2023-01-21 18:00:00,563.0,18,5,1,568.48,564.3933333333334,635.4633333333333,558.94
2023-01-21 19:00:00,558.94,19,5,1,563.0,563.4733333333335,601.4350000000001,577.41
2023-01-21 20:00:00,577.41,20,5,1,558.94,566.4500000000002,567.3066666666667,335.28
2023-01-21 21:00:00,335.28,21,5,1,577.41,490.54333333333346,527.4683333333334,308.81
2023-01-21 22:00:00,308.81,22,5,1,335.28,407.16666666666674,485.32,324.5
2023-01-21 23:00:00,324.5,23,5,1,308.81,322.86333333333346,444.6566666666667,314.79
2023-01-22 00:00:00,314.79,0,6,1,324.5,316.0333333333335,403.28833333333336,316.1
2023-01-22 01:00:00,316.1,1,6,1,314.79,318.4633333333335,362.815,315.26
2023-01-22 02:00:00,315.26,2,6,1,316.1,315.38333333333344,319.1233333333334,313.09
2023-01-22 03:00:00,313.09,3,6,1,315.26,314.8166666666668,315.425,320.39
2023-01-22 04:00:00,320.39,4,6,1,313.09,316.2466666666667,317.35499999999996,313.35
2023-01-22 05:00:00,313.35,5,6,1,320.39,315.6100000000001,315.49666666666667,322.16
2023-01-22 06:00:00,322.16,6,6,1,313.35,318.6333333333335,316.72499999999997,769.6
2023-01-22 07:00:00,769.6,7,6,1,322.16,468.3700000000002,392.3083333333334,768.09
2023-01-22 08:00:00,768.09,8,6,1,769.6,619.9500000000002,467.78,762.74
2023-01-22 09:00:00,762.74,9,6,1,768.09,766.8100000000001,542.7216666666667,765.39
2023-01-22 10:00:00,765.39,10,6,1,762.74,765.4066666666668,616.8883333333333,776.04
2023-01-22 11:00:00,776.04,11,6,1,765.39,768.0566666666667,694.0033333333334,774.01
2023-01-22 12:00:00,774.01,12,6,1,776.04,771.8133333333335,769.3116666666666,762.18
2023-01-22 13:00:00,762.18,13,6,1,774.01,770.7433333333335,768.0749999999999,770.79
2023-01-22 14:00:00,770.79,14,6,1,762.18,768.9933333333335,768.525,576.01
2023-01-22 15:00:00,576.01,15,6,1,770.79,702.9933333333335,737.4033333333333,556.64
2023-01-22 16:00:00,556.64,16,6,1,576.01,634.4800000000001,702.6116666666667,574.35
2023-01-22 17:00:00,574.35,17,6,1,556.64,569.0000000000001,668.9966666666667,564.7
2023-01-22 18:00:00,564.7,18,6,1,574.35,565.2300000000001,634.1116666666667,574.56
2023-01-22 19:00:00,574.56,19,6,1,564.7,571.2033333333335,602.8416666666666,563.89
2023-01-22 20:00:00,563.89,20,6,1,574.56,567.7166666666667,568.3583333333332,305.56
2023-01-22 21:00:00,305.56,21,6,1,563.89,481.3366666666668,523.2833333333334,306.98
2023-01-22 22:00:00,306.98,22,6,1,305.56,392.14333333333343,481.6733333333334,320.38
2023-01-22 23:00:00,320.38,23,6,1,306.98,310.9733333333334,439.34499999999997,402.08
2023-01-23 00:00:00,402.08,0,0,0,320.38,343.1466666666668,412.2416666666666,392.77
2023-01-23 01:00:00,392.77,1,0,0,402.08,371.7433333333335,381.9433333333333,405.11
2023-01-23 02:00:00,405.11,2,0,0,392.77,399.98666666666674,355.48,386.71
2023-01-23 03:00:00,386.71,3,0,0,405.11,394.86333333333346,369.00500000000005,399.47
2023-01-23 04:00:00,399.47,4,0,0,386.71,397.0966666666668,384.42,390.31
2023-01-23 05:00:00,390.31,5,0,0,399.47,392.1633333333334,396.075,394.79
2023-01-23 06:00:00,394.79,6,0,0,390.31,394.8566666666668,394.85999999999996,850.38
2023-01-23 07:00:00,850.38,7,0,0,394.79,545.1600000000001,471.12833333333333,843.12
2023-01-23 08:00:00,843.12,8,0,0,850.38,696.0966666666668,544.13,846.92
2023-01-23 09:00:00,846.92,9,0,0,843.12,846.8066666666667,620.8316666666666,858.05
2023-01-23 10:00:00,858.05,10,0,0,846.92,849.3633333333333,697.2616666666667,845.38
2023-01-23 11:00:00,845.38,11,0,0,858.05,850.1166666666668,773.1066666666667,856.69
2023-01-23 12:00:00,856.69,12,0,0,845.38,853.3733333333334,850.09,840.96
2023-01-23 13:00:00,840.96,13,0,0,856.69,847.6766666666667,848.52,854.24
2023-01-23 14:00:00,854.24,14,0,0,840.96,850.6300000000001,850.3733333333333,661.53
2023-01-23 15:00:00,661.53,15,0,0,854.24,785.5766666666667,819.475,630.23
2023-01-23 16:00:00,630.23,16,0,0,661.53,715.3333333333334,781.505,643.62
2023-01-23 17:00:00,643.62,17,0,0,630.23,645.1266666666668,747.8783333333334,654.62
2023-01-23 18:00:00,654.62,18,0,0,643.62,642.8233333333334,714.1999999999999,648.38
2023-01-23 19:00:00,648.38,19,0,0,654.62,648.8733333333334,682.1033333333334,652.97
2023-01-23 20:00:00,652.97,20,0,0,648.38,651.9900000000001,648.5583333333333,395.17
2023-01-23 21:00:00,395.17,21,0,0,652.97,565.5066666666668,604.1650000000001,400.69
2023-01-23 22:00:00,400.69,22,0,0,395.17,482.94333333333344,565.9083333333334,398.75
2023-01-23 23:00:00,398.75,23,0,0,400.69,398.2033333333334,525.0966666666667,409.34
2023-01-24 00:00:00,409.34,0,1,0,398.75,402.92666666666673,484.21666666666664,402.04
2023-01-24 01:00:00,402.04,1,1,0,409.34,403.3766666666667,443.16,402.7
2023-01-24 02:00:00,402.7,2,1,0,402.04,404.6933333333334,401.4483333333333,396.7
2023-01-24 03:00:00,396.7,3,1,0,402.7,400.4800000000001,401.7033333333333,396.1
2023-01-24 04:00:00,396.1,4,1,0,396.7,398.50000000000006,400.93833333333333,396.54
2023-01-24 05:00:00,396.54,5,1,0,396.1,396.4466666666667,400.57,403.16
2023-01-24 06:00:00,403.16,6,1,0,396.54,398.6000000000001,399.53999999999996,846.63
2023-01-24 07:00:00,846.63,7,1,0,403.16,548.7766666666668,473.6383333333333,852.32
2023-01-24 08:00:00,852.32,8,1,0,846.63,700.7033333333335,548.575,866.6
2023-01-24 09:00:00,866.6,9,1,0,852.32,855.1833333333334,626.8916666666667,856.97
2023-01-24 10:00:00,856.97,10,1,0,866.6,858.6300000000001,703.7033333333334,847.39
2023-01-24 11:00:00,847.39,11,1,0,856.97,856.9866666666667,778.8449999999999,859.61
2023-01-24 12:00:00,859.61,12,1,0,847.39,854.6566666666668,854.9200000000001,846.74
2023-01-24 13:00:00,846.74,13,1,0,859.61,851.2466666666668,854.9383333333334,833.7
2023-01-24 14:00:00,833.7,14,1,0,846.74,846.6833333333334,851.8349999999999,641.94
2023-01-24 15:00:00,641.94,15,1,0,833.7,774.1266666666667,814.3916666666668,635.03
2023-01-24 16:00:00,635.03,16,1,0,641.94,703.5566666666668,777.4016666666666,647.19
2023-01-24 17:00:00,647.19,17,1,0,635.03,641.3866666666668,744.035,650.15
2023-01-24 18:00:00,650.15,18,1,0,647.19,644.1233333333333,709.125,663.41
2023-01-24 19:00:00,663.41,19,1,0,650.15,653.5833333333334,678.57,652.62
2023-01-24 20:00:00,652.62,20,1,0,663.41,655.3933333333333,648.39,398.25
2023-01-24 21:00:00,398.25,21,1,0,652.62,571.4266666666667,607.775,406.64
2023-01-24 22:00:00,406.64,22,1,0,398.25,485.83666666666676,569.71,382.31
2023-01-24 23:00:00,382.31,23,1,0,406.64,395.7333333333334,525.5633333333334,401.88
2023-01-25 00:00:00,401.88,0,2,0,382.31,396.9433333333334,484.185,406.17
2023-01-25 01:00:00,406.17,1,2,0,401.88,396.7866666666667,441.31166666666667,388.17
2023-01-25 02:00:00,388.17,2,2,0,406.17,398.74000000000007,397.2366666666667,409.15
2023-01-25 03:00:00,409.15,3,2,0,388.17,401.1633333333334,399.05333333333334,402.71
2023-01-25 04:00:00,402.71,4,2,0,409.15,400.01000000000005,398.39833333333337,396.68
2023-01-25 05:00:00,396.68,5,2,0,402.71,402.84666666666675,400.7933333333333,405.06
2023-01-25 06:00:00,405.06,6,2,0,396.68,401.4833333333334,401.3233333333333,868.17
2023-01-25 07:00:00,868.17,7,2,0,405.06,556.6366666666668,478.3233333333333,851.45
2023-01-25 08:00:00,851.45,8,2,0,868.17,708.2266666666668,555.5366666666666,851.99
2023-01-25 09:00:00,851.99,9,2,0,851.45,857.2033333333334,629.3433333333334,846.33
2023-01-25 10:00:00,846.33,10,2,0,851.99,849.9233333333335,703.2800000000001,843.2
2023-01-25 11:00:00,843.2,11,2,0,846.33,847.1733333333335,777.6999999999999,856.64
2023-01-25 12:00:00,856.64,12,2,0,843.2,848.7233333333334,852.9633333333333,843.15
2023-01-25 13:00:00,843.15,13,2,0,856.64,847.6633333333334,848.7933333333334,850.57
2023-01-25 14:00:00,850.57,14,2,0,843.15,850.12,848.6466666666666,646.18
2023-01-25 15:00:00,646.18,15,2,0,850.57,779.9666666666668,814.3449999999999,653.83
2023-01-25 16:00:00,653.83,16,2,0,646.18,716.8600000000001,782.2616666666667,652.67
2023-01-25 17:00:00,652.67,17,2,0,653.83,650.8933333333333,750.5066666666667,658.3
2023-01-25 18:00:00,658.3,18,2,0,652.67,654.9333333333334,717.4499999999999,645.92
2023-01-25 19:00:00,645.92,19,2,0,658.3,652.2966666666667,684.5783333333334,647.84
2023-01-25 20:00:00,647.84,20,2,0,645.92,650.6866666666667,650.79,392.17
2023-01-25 21:00:00,392.17,21,2,0,647.84,561.9766666666668,608.4549999999999,396.45
2023-01-25 22:00:00,396.45,22,2,0,392.17,478.82,565.5583333333333,403.02
2023-01-25 23:00:00,403.02,23,2,0,396.45,397.2133333333334,523.95,406.06
2023-01-26 00:00:00,406.06,0,3,0,403.02,401.8433333333334,481.91,392.62
2023-01-26 01:00:00,392.62,1,3,0,406.06,400.5666666666668,439.6933333333333,406.96
2023-01-26 02:00:00,406.96,2,3,0,392.62,401.8800000000001,399.5466666666666,410.85
2023-01-26 03:00:00,410.85,3,3,0,406.96,403.47666666666674,402.66,403.31
2023-01-26 04:00:00,403.31,4,3,0,410.85,407.04,403.80333333333334,415.01
2023-01-26 05:00:00,415.01,5,3,0,403.31,409.7233333333334,405.8016666666667,393.81
2023-01-26 06:00:00,393.81,6,3,0,415.01,404.04333333333335,403.76,840.04
2023-01-26 07:00:00,840.04,7,3,0,393.81,549.62,478.33,835.77
2023-01-26 08:00:00,835.77,8,3,0,840.04,689.8733333333334,549.7983333333333,861.97
2023-01-26 09:00:00,861.97,9,3,0,835.77,845.9266666666667,624.985,855.23
2023-01-26 10:00:00,855.23,10,3,0,861.97,850.9900000000001,700.305,849.56
2023-01-26 11:00:00,849.56,11,3,0,855.23,855.5866666666667,772.73,852.24
2023-01-26 12:00:00,852.24,12,3,0,849.56,852.3433333333334,849.1349999999999,841.0
2023-01-26 13:00:00,841.0,13,3,0,852.24,847.6,849.2950000000001,869.57
2023-01-26 14:00:00,869.57,14,3,0,841.0,854.2700000000001,854.9283333333333,651.03
2023-01-26 15:00:00,651.03,15,3,0,869.57,787.2000000000002,819.7716666666666,650.88
2023-01-26 16:00:00,650.88,16,3,0,651.03,723.8266666666668,785.7133333333335,655.81
2023-01-26 17:00:00,655.81,17,3,0,650.88,652.5733333333334,753.4216666666666,653.85
2023-01-26 18:00:00,653.85,18,3,0,655.81,653.5133333333334,720.3566666666667,651.79
2023-01-26 19:00:00,651.79,19,3,0,653.85,653.8166666666667,688.8216666666667,643.68
2023-01-26 20:00:00,643.68,20,3,0,651.79,649.7733333333334,651.1733333333333,403.77
2023-01-26 21:00:00,403.77,21,3,0,643.68,566.4133333333334,609.9633333333333,415.06
2023-01-26 22:00:00,415.06,22,3,0,403.77,487.5033333333334,570.66,410.76
2023-01-26 23:00:00,410.76,23,3,0,415.06,409.8633333333334,529.8183333333333,412.75
2023-01-27 00:00:00,412.75,0,4,0,410.76,412.85666666666674,489.635,395.91
2023-01-27 01:00:00,395.91,1,4,0,412.75,406.4733333333334,446.9883333333334,392.08
2023-01-27 02:00:00,392.08,2,4,0,395.91,400.2466666666667,405.055,398.99
2023-01-27 03:00:00,398.99,3,4,0,392.08,395.6600000000001,404.2583333333334,400.45
2023-01-27 04:00:00,400.45,4,4,0,398.99,397.1733333333334,401.8233333333333,408.75
2023-01-27 05:00:00,408.75,5,4,0,400.45,402.7300000000001,401.4883333333334,386.46
2023-01-27 06:00:00,386.46,6,4,0,408.75,398.55333333333346,397.1066666666666,862.24
2023-01-27 07:00:00,862.24,7,4,0,386.46,552.4833333333335,474.8283333333334,848.74
2023-01-27 08:00:00,848.74,8,4,0,862.24,699.1466666666669,550.9383333333334,846.58
2023-01-27 09:00:00,846.58,9,4,0,848.74,852.5200000000001,625.5366666666666,841.9
2023-01-27 10:00:00,841.9,10,4,0,846.58,845.7400000000001,699.1116666666667,836.76
2023-01-27 11:00:00,836.76,11,4,0,841.9,841.7466666666668,770.4466666666667,856.59
2023-01-27 12:00:00,856.59,12,4,0,836.76,845.0833333333335,848.8016666666667,850.59
2023-01-27 13:00:00,850.59,13,4,0,856.59,847.9800000000001,846.86,839.68
2023-01-27 14:00:00,839.68,14,4,0,850.59,848.9533333333334,845.35,639.64
2023-01-27 15:00:00,639.64,15,4,0,839.68,776.6366666666667,810.86,647.31
2023-01-27 16:00:00,647.31,16,4,0,639.64,708.8766666666667,778.4283333333333,663.35
2023-01-27 17:00:00,663.35,17,4,0,647.31,650.1,749.5266666666666,647.92
2023-01-27 18:00:00,647.92,18,4,0,663.35,652.86,714.7483333333333,637.97
2023-01-27 19:00:00,637.97,19,4,0,647.92,649.7466666666668,679.3116666666666,648.03
2023-01-27 20:00:00,648.03,20,4,0,637.97,644.6400000000001,647.37,397.82
2023-01-27 21:00:00,397.82,21,4,0,648.03,561.2733333333334,607.0666666666666,378.42
2023-01-27 22:00:00,378.42,22,4,0,397.82,474.7566666666667,562.2516666666667,399.57
2023-01-27 23:00:00,399.57,23,4,0,378.42,391.9366666666667,518.2883333333333,318.15
2023-01-28 00:00:00,318.15,0,5,1,399.57,365.3800000000001,463.32666666666665,325.57
2023-01-28 01:00:00,325.57,1,5,1,318.15,347.7633333333334,411.26,334.79
2023-01-28 02:00:00,334.79,2,5,1,325.57,326.1700000000001,359.05333333333334,329.01
2023-01-28 03:00:00,329.01,3,5,1,334.79,329.79,347.58500000000004,317.85
2023-01-28 04:00:00,317.85,4,5,1,329.01,327.21666666666675,337.49,311.15
2023-01-28 05:00:00,311.15,5,5,1,317.85,319.33666666666676,322.75333333333333,340.59
2023-01-28 06:00:00,340.59,6,5,1,311.15,323.1966666666668,326.49333333333334,770.47
2023-01-28 07:00:00,770.47,7,5,1,340.59,474.0700000000001,400.6433333333334,770.11
2023-01-28 08:00:00,770.11,8,5,1,770.47,627.0566666666667,473.1966666666667,769.81
2023-01-28 09:00:00,769.81,9,5,1,770.11,770.1300000000001,546.6633333333333,771.58
2023-01-28 10:00:00,771.58,10,5,1,769.81,770.5,622.285,768.85
2023-01-28 11:00:00,768.85,11,5,1,771.58,770.08,698.5683333333333,765.41
2023-01-28 12:00:00,765.41,12,5,1,768.85,768.6133333333333,769.3716666666668,765.63
2023-01-28 13:00:00,765.63,13,5,1,765.41,766.6300000000001,768.5649999999999,769.74
2023-01-28 14:00:00,769.74,14,5,1,765.63,766.9266666666667,768.5033333333334,565.65
2023-01-28 15:00:00,565.65,15,5,1,769.74,700.3400000000001,734.4766666666666,564.3
2023-01-28 16:00:00,564.3,16,5,1,565.65,633.23,699.93,570.85
2023-01-28 17:00:00,570.85,17,5,1,564.3,566.9333333333334,666.93,567.96
2023-01-28 18:00:00,567.96,18,5,1,570.85,567.7033333333334,634.0216666666666,582.03
2023-01-28 19:00:00,582.03,19,5,1,567.96,573.6133333333333,603.4216666666666,548.79
2023-01-28 20:00:00,548.79,20,5,1,582.03,566.2600000000001,566.5966666666667,328.73
2023-01-28 21:00:00,328.73,21,5,1,548.79,486.5166666666667,527.11,329.97
2023-01-28 22:00:00,329.97,22,5,1,328.73,402.4966666666667,488.055,303.41
2023-01-28 23:00:00,303.41,23,5,1,329.97,320.70333333333343,443.4816666666666,317.26
2023-01-29 00:00:00,317.26,0,6,1,303.41,316.8800000000001,401.6983333333333,317.03
2023-01-29 01:00:00,317.03,1,6,1,317.26,312.5666666666668,357.5316666666667,308.74
2023-01-29 02:00:00,308.74,2,6,1,317.03,314.3433333333334,317.52333333333337,313.78
2023-01-29 03:00:00,313.78,3,6,1,308.74,313.1833333333334,315.0316666666667,311.12
2023-01-29 04:00:00,311.12,4,6,1,313.78,311.21333333333337,311.89,334.02
2023-01-29 05:00:00,334.02,5,6,1,311.12,319.64000000000004,316.9916666666666,327.49
2023-01-29 06:00:00,327.49,6,6,1,334.02,324.21000000000004,318.69666666666666,780.17
2023-01-29 07:00:00,780.17,7,6,1,327.49,480.5600000000001,395.8866666666666,775.77
2023-01-29 08:00:00,775.77,8,6,1,780.17,627.8100000000001,473.7250000000001,760.97
2023-01-29 09:00:00,760.97,9,6,1,775.77,772.3033333333334,548.2566666666667,765.8
2023-01-29 10:00:00,765.8,10,6,1,760.97,767.5133333333333,624.0366666666667,773.91
2023-01-29 11:00:00,773.91,11,6,1,765.8,766.8933333333334,697.3516666666666,760.22
2023-01-29 12:00:00,760.22,12,6,1,773.91,766.6433333333334,769.4733333333334,775.7
2023-01-29 13:00:00,775.7,13,6,1,760.22,769.9433333333335,768.7283333333334,768.08
2023-01-29 14:00:00,768.08,14,6,1,775.7,768.0000000000001,767.4466666666667,567.0
2023-01-29 15:00:00,567.0,15,6,1,768.08,703.5933333333334,735.1183333333333,575.69
2023-01-29 16:00:00,575.69,16,6,1,567.0,636.9233333333335,703.4333333333334,573.55
2023-01-29 17:00:00,573.55,17,6,1,575.69,572.08,670.04,567.11
2023-01-29 18:00:00,567.11,18,6,1,573.55,572.1166666666668,637.855,579.27
2023-01-29 19:00:00,579.27,19,6,1,567.11,573.3100000000001,605.1166666666667,561.35
2023-01-29 20:00:00,561.35,20,6,1,579.27,569.2433333333335,570.6616666666667,324.93
2023-01-29 21:00:00,324.93,21,6,1,561.35,488.5166666666668,530.3166666666667,324.74
2023-01-29 22:00:00,324.74,22,6,1,324.93,403.6733333333334,488.4916666666666,317.52
2023-01-29 23:00:00,317.52,23,6,1,324.74,322.39666666666676,445.81999999999994,402.61
2023-01-30 00:00:00,402.61,0,0,0,317.52,348.29,418.40333333333336,389.99
2023-01-30 01:00:00,389.99,1,0,0,402.61,370.04,386.85666666666674,407.39
2023-01-30 02:00:00,407.39,2,0,0,389.99,399.9966666666667,361.19666666666666,398.52
2023-01-30 03:00:00,398.52,3,0,0,407.39,398.63333333333344,373.46166666666664,395.82
2023-01-30 04:00:00,395.82,4,0,0,398.52,400.57666666666677,385.30833333333334,408.39
2023-01-30 05:00:00,408.39,5,0,0,395.82,400.91,400.4533333333333,394.37
2023-01-30 06:00:00,394.37,6,0,0,408.39,399.5266666666667,399.08,838.73
2023-01-30 07:00:00,838.73,7,0,0,394.37,547.1633333333334,473.87000000000006,837.55
2023-01-30 08:00:00,837.55,8,0,0,838.73,690.2166666666668,545.5633333333334,854.85
2023-01-30 09:00:00,854.85,9,0,0,837.55,843.71,621.6183333333333,839.76
2023-01-30 10:00:00,839.76,10,0,0,854.85,844.0533333333334,695.6083333333332,864.04
2023-01-30 11:00:00,864.04,11,0,0,839.76,852.8833333333333,771.5500000000001,833.34
2023-01-30 12:00:00,833.34,12,0,0,864.04,845.7133333333335,844.7116666666667,863.57
2023-01-30 13:00:00,863.57,13,0,0,833.34,853.6500000000001,848.8516666666666,851.69
2023-01-30 14:00:00,851.69,14,0,0,863.57,849.5333333333334,851.2083333333334,649.23
2023-01-30 15:00:00,649.23,15,0,0,851.69,788.1633333333334,816.9383333333334,645.64
2023-01-30 16:00:00,645.64,16,0,0,649.23,715.5200000000001,784.585,653.19
2023-01-30 17:00:00,653.19,17,0,0,645.64,649.3533333333334,749.4433333333333,649.7
2023-01-30 18:00:00,649.7,18,0,0,653.19,649.5100000000001,718.8366666666667,658.83
2023-01-30 19:00:00,658.83,19,0,0,649.7,653.9066666666668,684.7133333333335,650.91
2023-01-30 20:00:00,650.91,20,0,0,658.83,653.1466666666668,651.25,401.2
2023-01-30 21:00:00,401.2,21,0,0,650.91,570.3133333333334,609.9116666666667,397.09
2023-01-30 22:00:00,397.09,22,0,0,401.2,483.06666666666666,568.4866666666667,399.54
2023-01-30 23:00:00,399.54,23,0,0,397.09,399.2766666666667,526.2116666666667,402.46
2023-01-31 00:00:00,402.46,0,1,0,399.54,399.6966666666667,485.00499999999994,386.32
2023-01-31 01:00:00,386.32,1,1,0,402.46,396.10666666666674,439.58666666666664,389.21
2023-01-31 02:00:00,389.21,2,1,0,386.32,392.6633333333334,395.96999999999997,405.95
2023-01-31 03:00:00,405.95,3,1,0,389.21,393.82666666666677,396.7616666666666,401.37
2023-01-31 04:00:00,401.37,4,1,0,405.95,398.8433333333334,397.47499999999997,398.53
2023-01-31 05:00:00,398.53,5,1,0,401.37,401.95000000000005,397.3066666666667,400.15
2023-01-31 06:00:00,400.15,6,1,0,398.53,400.0166666666667,396.9216666666666,852.78
2023-01-31 07:00:00,852.78,7,1,0,400.15,550.4866666666668,474.66499999999996,845.68
2023-01-31 08:00:00,845.68,8,1,0,852.78,699.5366666666667,550.7433333333333,843.77
2023-01-31 09:00:00,843.77,9,1,0,845.68,847.41,623.7133333333334,851.57
2023-01-31 10:00:00,851.57,10,1,0,843.77,847.0066666666668,698.7466666666666,842.17
2023-01-31 11:00:00,842.17,11,1,0,851.57,845.8366666666667,772.6866666666666,853.27
2023-01-31 12:00:00,853.27,12,1,0,842.17,849.0033333333334,848.2066666666668,836.38
2023-01-31 13:00:00,836.38,13,1,0,853.27,843.94,845.4733333333334,858.23
2023-01-31 14:00:00,858.23,14,1,0,836.38,849.2933333333334,847.565,653.78
2023-01-31 15:00:00,653.78,15,1,0,858.23,782.7966666666667,815.9,652.05
2023-01-31 16:00:00,652.05,16,1,0,653.78,721.3533333333335,782.6466666666666,657.86
2023-01-31 17:00:00,657.86,17,1,0,652.05,654.5633333333334,751.9283333333333,663.32
2023-01-31 18:00:00,663.32,18,1,0,657.86,657.7433333333335,720.27,658.11
2023-01-31 19:00:00,658.11,19,1,0,663.32,659.7633333333334,690.5583333333334,635.27
2023-01-31 20:00:00,635.27,20,1,0,658.11,652.2333333333335,653.3983333333333,389.76
2023-01-31 21:00:00,389.76,21,1,0,635.27,561.0466666666667,609.395,395.0
2023-01-31 22:00:00,395.0,22,1,0,389.76,473.3433333333334,566.5533333333334,400.21
2023-01-31 23:00:00,400.21,23,1,0,395.0,394.99000000000007,523.6116666666667,429.14
2023-02-01 00:00:00,429.14,0,2,0,400.21,408.11666666666673,484.5816666666667,419.19
2023-02-01 01:00:00,419.19,1,2,0,429.14,416.18000000000006,444.7616666666667,426.49
2023-02-01 02:00:00,426.49,2,2,0,419.19,424.94000000000005,409.965,418.96
2023-02-01 03:00:00,418.96,3,2,0,426.49,421.5466666666668,414.83166666666665,420.11
2023-02-01 04:00:00,420.11,4,2,0,418.96,421.8533333333334,419.01666666666665,413.75
2023-02-01 05:00:00,413.75,5,2,0,420.11,417.60666666666674,421.2733333333333,417.61
2023-02-01 06:00:00,417.61,6,2,0,413.75,417.15666666666675,419.3516666666667,864.19
2023-02-01 07:00:00,864.19,7,2,0,417.61,565.1833333333335,493.51833333333326,867.19
2023-02-01 08:00:00,867.19,8,2,0,864.19,716.3300000000003,566.9683333333334,883.43
2023-02-01 09:00:00,883.43,9,2,0,867.19,871.6033333333335,644.38,867.4
2023-02-01 10:00:00,867.4,10,2,0,883.43,872.6733333333335,718.9283333333333,896.06
2023-02-01 11:00:00,896.06,11,2,0,867.4,882.2966666666667,799.3133333333334,878.95
2023-02-01 12:00:00,878.95,12,2,0,896.06,880.8033333333334,876.2033333333334,876.48
2023-02-01 13:00:00,876.48,13,2,0,878.95,883.83,878.2516666666667,868.13
2023-02-01 14:00:00,868.13,14,2,0,876.48,874.5200000000001,878.4083333333333,680.6
2023-02-01 15:00:00,680.6,15,2,0,868.13,808.4033333333333,844.6033333333334,670.39
2023-02-01 16:00:00,670.39,16,2,0,680.6,739.7066666666668,811.7683333333334,675.98
2023-02-01 17:00:00,675.98,17,2,0,670.39,675.6566666666668,775.0883333333333,695.48
2023-02-01 18:00:00,695.48,18,2,0,675.98,680.6166666666668,744.5100000000001,674.23
2023-02-01 19:00:00,674.23,19,2,0,695.48,681.8966666666669,710.8016666666667,684.19
2023-02-01 20:00:00,684.19,20,2,0,674.23,684.6333333333336,680.145,419.37
2023-02-01 21:00:00,419.37,21,2,0,684.19,592.5966666666668,636.6066666666667,424.72
2023-02-01 22:00:00,424.72,22,2,0,419.37,509.4266666666668,595.6616666666667,439.17
2023-02-01 23:00:00,439.17,23,2,0,424.72,427.7533333333334,556.1933333333334,419.98
2023-02-02 00:00:00,419.98,0,3,0,439.17,427.95666666666676,510.2766666666667,439.5
2023-02-02 01:00:00,439.5,1,3,0,419.98,432.88333333333344,471.15500000000003,430.66
2023-02-02 02:00:00,430.66,2,3,0,439.5,430.0466666666668,428.90000000000003,420.5
2023-02-02 03:00:00,420.5,3,3,0,430.66,430.2200000000001,429.0883333333333,430.06
2023-02-02 04:00:00,430.06,4,3,0,420.5,427.07333333333344,429.9783333333333,432.78
2023-02-02 05:00:00,432.78,5,3,0,430.06,427.78000000000003,428.91333333333336,429.97
2023-02-02 06:00:00,429.97,6,3,0,432.78,430.9366666666667,430.5783333333333,862.44
2023-02-02 07:00:00,862.44,7,3,0,429.97,575.0633333333334,501.0683333333333,869.18
2023-02-02 08:00:00,869.18,8,3,0,862.44,720.5300000000001,574.1550000000001,873.02
2023-02-02 09:00:00,873.02,9,3,0,869.18,868.2133333333335,649.575,874.4
2023-02-02 10:00:00,874.4,10,3,0,873.02,872.2000000000002,723.6316666666667,879.97
2023-02-02 11:00:00,879.97,11,3,0,874.4,875.7966666666667,798.1633333333333,876.42
2023-02-02 12:00:00,876.42,12,3,0,879.97,876.9300000000002,872.5716666666666,864.32
2023-02-02 13:00:00,864.32,13,3,0,876.42,873.57,872.8850000000001,878.04
2023-02-02 14:00:00,878.04,14,3,0,864.32,872.9266666666667,874.3616666666667,679.88
2023-02-02 15:00:00,679.88,15,3,0,878.04,807.4133333333334,842.1716666666667,679.48
2023-02-02 16:00:00,679.48,16,3,0,679.88,745.8000000000001,809.685,683.65
2023-02-02 17:00:00,683.65,17,3,0,679.48,681.0033333333334,776.965,681.67
2023-02-02 18:00:00,681.67,18,3,0,683.65,681.6,744.5066666666667,678.67
2023-02-02 19:00:00,678.67,19,3,0,681.67,681.33,713.565,674.44
2023-02-02 20:00:00,674.44,20,3,0,678.67,678.2600000000001,679.6316666666667,411.71
2023-02-02 21:00:00,411.71,21,3,0,674.44,588.2733333333334,634.9366666666666,428.44
2023-02-02 22:00:00,428.44,22,3,0,411.71,504.8633333333334,593.0966666666667,426.66
2023-02-02 23:00:00,426.66,23,3,0,428.44,422.27000000000004,550.265,427.17
2023-02-03 00:00:00,427.17,0,4,0,426.66,427.4233333333334,507.84833333333336,414.79
2023-02-03 01:00:00,414.79,1,4,0,427.17,422.87333333333345,463.86833333333334,416.35
2023-02-03 02:00:00,416.35,2,4,0,414.79,419.4366666666667,420.8533333333334,433.43
2023-02-03 03:00:00,433.43,3,4,0,416.35,421.52333333333337,424.47333333333336,424.68
2023-02-03 04:00:00,424.68,4,4,0,433.43,424.8200000000001,423.84666666666675,430.45
2023-02-03 05:00:00,430.45,5,4,0,424.68,429.52000000000004,424.4783333333333,425.23
2023-02-03 06:00:00,425.23,6,4,0,430.45,426.7866666666667,424.155,875.24
2023-02-03 07:00:00,875.24,7,4,0,425.23,576.9733333333334,500.8966666666667,882.51
2023-02-03 08:00:00,882.51,8,4,0,875.24,727.6600000000002,578.59,870.87
2023-02-03 09:00:00,870.87,9,4,0,882.51,876.2066666666668,651.4966666666667,875.77
2023-02-03 10:00:00,875.77,10,4,0,870.87,876.3833333333333,726.6783333333333,871.3
2023-02-03 11:00:00,871.3,11,4,0,875.77,872.6466666666669,800.1533333333333,871.52
2023-02-03 12:00:00,871.52,12,4,0,871.3,872.8633333333333,874.535,872.53
2023-02-03 13:00:00,872.53,13,4,0,871.52,871.7833333333334,874.0833333333334,876.78
2023-02-03 14:00:00,876.78,14,4,0,872.53,873.61,873.1283333333332,671.17
2023-02-03 15:00:00,671.17,15,4,0,876.78,806.8266666666667,839.8449999999999,685.05
2023-02-03 16:00:00,685.05,16,4,0,671.17,744.3333333333334,808.0583333333334,667.84
2023-02-03 17:00:00,667.84,17,4,0,685.05,674.6866666666667,774.1483333333332,673.51
2023-02-03 18:00:00,673.51,18,4,0,667.84,675.4666666666668,741.1466666666666,671.48
2023-02-03 19:00:00,671.48,19,4,0,673.51,670.9433333333335,707.6383333333333,686.58
2023-02-03 20:00:00,686.58,20,4,0,671.48,677.19,675.9383333333334,426.57
2023-02-03 21:00:00,426.57,21,4,0,686.58,594.8766666666668,635.1716666666666,433.25
2023-02-03 22:00:00,433.25,22,4,0,426.57,515.4666666666668,593.205,413.12
2023-02-03 23:00:00,413.12,23,4,0,433.25,424.31333333333345,550.7516666666667,347.14
2023-02-04 00:00:00,347.14,0,5,1,413.12,397.83666666666676,496.35666666666674,352.12
2023-02-04 01:00:00,352.12,1,5,1,347.14,370.79333333333346,443.13000000000005,345.66
2023-02-04 02:00:00,345.66,2,5,1,352.12,348.3066666666667,386.31,353.52
2023-02-04 03:00:00,353.52,3,5,1,345.66,350.4333333333334,374.135,340.86
2023-02-04 04:00:00,340.86,4,5,1,353.52,346.68000000000006,358.7366666666667,356.27
2023-02-04 05:00:00,356.27,5,5,1,340.86,350.2166666666667,349.2616666666666,363.39
2023-02-04 06:00:00,363.39,6,5,1,356.27,353.5066666666667,351.97,792.1
2023-02-04 07:00:00,792.1,7,5,1,363.39,503.9200000000001,425.3,791.44
2023-02-04 08:00:00,791.44,8,5,1,792.1,648.9766666666668,499.59666666666664,806.63
2023-02-04 09:00:00,806.63,9,5,1,791.44,796.7233333333335,575.115,807.64
2023-02-04 10:00:00,807.64,10,5,1,806.63,801.9033333333333,652.9116666666667,790.82
2023-02-04 11:00:00,790.82,11,5,1,807.64,801.6966666666667,725.3366666666667,791.64
2023-02-04 12:00:00,791.64,12,5,1,790.82,796.7000000000002,796.7116666666667,792.75
2023-02-04 13:00:00,792.75,13,5,1,791.64,791.7366666666667,796.82,784.24
2023-02-04 14:00:00,784.24,14,5,1,792.75,789.5433333333334,795.62,587.65
2023-02-04 15:00:00,587.65,15,5,1,784.24,721.5466666666667,759.1233333333333,586.97
2023-02-04 16:00:00,586.97,16,5,1,587.65,652.9533333333334,722.3449999999999,588.86
2023-02-04 17:00:00,588.86,17,5,1,586.97,587.8266666666667,688.6850000000001,594.72
2023-02-04 18:00:00,594.72,18,5,1,588.86,590.1833333333335,655.8649999999999,596.87
2023-02-04 19:00:00,596.87,19,5,1,594.72,593.4833333333335,623.2183333333334,607.4
2023-02-04 20:00:00,607.4,20,5,1,596.87,599.6633333333334,593.745,337.01
2023-02-04 21:00:00,337.01,21,5,1,607.4,513.7600000000001,551.9716666666667,352.87
2023-02-04 22:00:00,352.87,22,5,1,337.01,432.42666666666673,512.955,343.29
2023-02-04 23:00:00,343.29,23,5,1,352.87,344.3900000000001,472.02666666666664,344.6
2023-02-05 00:00:00,344.6,0,6,1,343.29,346.9200000000001,430.34,350.4
2023-02-05 01:00:00,350.4,1,6,1,344.6,346.09666666666675,389.2616666666666,336.02
2023-02-05 02:00:00,336.02,2,6,1,350.4,343.6733333333334,344.0316666666667,348.06
2023-02-05 03:00:00,348.06,3,6,1,336.02,344.82666666666665,345.8733333333333,346.33
2023-02-05 04:00:00,346.33,4,6,1,348.06,343.4700000000001,344.78333333333336,348.94
2023-02-05 05:00:00,348.94,5,6,1,346.33,347.7766666666668,345.72499999999997,347.31
2023-02-05 06:00:00,347.31,6,6,1,348.94,347.5266666666667,346.1766666666667,814.64
2023-02-05 07:00:00,814.64,7,6,1,347.31,503.6300000000001,423.55,789.9
2023-02-05 08:00:00,789.9,8,6,1,814.64,650.6166666666668,499.19666666666666,790.75
2023-02-05 09:00:00,790.75,9,6,1,789.9,798.4300000000002,572.9783333333334,790.01
2023-02-05 10:00:00,790.01,10,6,1,790.75,790.2200000000001,646.9250000000001,790.56
2023-02-05 11:00:00,790.56,11,6,1,790.01,790.44,720.5283333333333,789.9
2023-02-05 12:00:00,789.9,12,6,1,790.56,790.1566666666668,794.2933333333334,804.51
2023-02-05 13:00:00,804.51,13,6,1,789.9,794.9900000000001,792.6049999999999,806.36
2023-02-05 14:00:00,806.36,14,6,1,804.51,800.2566666666668,795.3483333333334,590.43
2023-02-05 15:00:00,590.43,15,6,1,806.36,733.7666666666668,761.9616666666667,588.34
2023-02-05 16:00:00,588.34,16,6,1,590.43,661.71,728.3499999999999,598.77
2023-02-05 17:00:00,598.77,17,6,1,588.34,592.5133333333333,696.3849999999999,590.58
2023-02-05 18:00:00,590.58,18,6,1,598.77,592.5633333333334,663.1650000000001,600.06
2023-02-05 19:00:00,600.06,19,6,1,590.58,596.4700000000001,629.09,596.62
2023-02-05 20:00:00,596.62,20,6,1,600.06,595.7533333333334,594.1333333333333,332.87
2023-02-05 21:00:00,332.87,21,6,1,596.62,509.8500000000001,551.2066666666666,357.38
2023-02-05 22:00:00,357.38,22,6,1,332.87,428.95666666666676,512.7133333333333,359.37
2023-02-05 23:00:00,359.37,23,6,1,357.38,349.87333333333345,472.81333333333333,420.1
2023-02-06 00:00:00,420.1,0,0,0,359.37,378.9500000000001,444.40000000000003,421.9
2023-02-06 01:00:00,421.9,1,0,0,420.1,400.45666666666676,414.70666666666665,427.29
2023-02-06 02:00:00,427.29,2,0,0,421.9,423.09666666666675,386.48500000000007,427.68
2023-02-06 03:00:00,427.68,3,0,0,427.29,425.62333333333345,402.2866666666667,430.27
2023-02-06 04:00:00,430.27,4,0,0,427.68,428.4133333333334,414.43499999999995,441.08
2023-02-06 05:00:00,441.08,5,0,0,430.27,433.01000000000005,428.05333333333334,423.58
2023-02-06 06:00:00,423.58,6,0,0,441.08,431.64333333333343,428.6333333333334,868.61
2023-02-06 07:00:00,868.61,7,0,0,423.58,577.7566666666668,503.08500000000004,863.97
2023-02-06 08:00:00,863.97,8,0,0,868.61,718.7200000000001,575.865,869.15
2023-02-06 09:00:00,869.15,9,0,0,863.97,867.2433333333335,649.4433333333334,874.73
2023-02-06 10:00:00,874.73,10,0,0,869.15,869.2833333333334,723.52,889.36
2023-02-06 11:00:00,889.36,11,0,0,874.73,877.7466666666668,798.2333333333332,870.86
2023-02-06 12:00:00,870.86,12,0,0,889.36,878.3166666666667,872.7800000000001,876.79
2023-02-06 13:00:00,876.79,13,0,0,870.86,879.0033333333334,874.1433333333334,874.87
2023-02-06 14:00:00,874.87,14,0,0,876.79,874.1733333333335,875.96,684.51
2023-02-06 15:00:00,684.51,15,0,0,874.87,812.0566666666667,845.1866666666668,695.22
2023-02-06 16:00:00,695.22,16,0,0,684.51,751.5333333333334,815.2683333333333,670.75
2023-02-06 17:00:00,670.75,17,0,0,695.22,683.4933333333335,778.8333333333334,671.08
2023-02-06 18:00:00,671.08,18,0,0,670.75,679.0166666666668,745.5366666666667,683.35
2023-02-06 19:00:00,683.35,19,0,0,671.08,675.0600000000001,713.2966666666667,680.46
2023-02-06 20:00:00,680.46,20,0,0,683.35,678.2966666666667,680.8950000000001,439.77
2023-02-06 21:00:00,439.77,21,0,0,680.46,601.1933333333335,640.105,429.67
2023-02-06 22:00:00,429.67,22,0,0,439.77,516.6333333333334,595.8466666666667,422.13
2023-02-06 23:00:00,422.13,23,0,0,429.67,430.52333333333337,554.41,429.73
2023-02-07 00:00:00,429.73,0,1,0,422.13,427.17666666666673,514.1850000000001,433.87
2023-02-07 01:00:00,433.87,1,1,0,429.73,428.57666666666677,472.605,431.56
2023-02-07 02:00:00,431.56,2,1,0,433.87,431.7200000000001,431.12166666666667,429.06
2023-02-07 03:00:00,429.06,3,1,0,431.56,431.4966666666667,429.33666666666664,433.53
2023-02-07 04:00:00,433.53,4,1,0,429.06,431.3833333333334,429.98,434.35
2023-02-07 05:00:00,434.35,5,1,0,433.53,432.31333333333345,432.01666666666665,436.06
2023-02-07 06:00:00,436.06,6,1,0,434.35,434.64666666666676,433.07166666666666,880.19
2023-02-07 07:00:00,880.19,7,1,0,436.06,583.5333333333334,507.4583333333333,873.66
2023-02-07 08:00:00,873.66,8,1,0,880.19,729.9700000000001,581.1416666666667,876.17
2023-02-07 09:00:00,876.17,9,1,0,873.66,876.6733333333335,655.66,884.65
2023-02-07 10:00:00,884.65,10,1,0,876.17,878.16,730.8466666666667,868.46
2023-02-07 11:00:00,868.46,11,1,0,884.65,876.4266666666667,803.1983333333333,877.95
2023-02-07 12:00:00,877.95,12,1,0,868.46,877.0200000000001,876.8466666666667,871.85
2023-02-07 13:00:00,871.85,13,1,0,877.95,872.7533333333334,875.4566666666666,875.23
2023-02-07 14:00:00,875.23,14,1,0,871.85,875.0100000000001,875.7183333333334,685.23
2023-02-07 15:00:00,685.23,15,1,0,875.23,810.7700000000001,843.895,676.53
2023-02-07 16:00:00,676.53,16,1,0,685.23,745.6633333333334,809.2083333333334,675.37
2023-02-07 17:00:00,675.37,17,1,0,676.53,679.0433333333334,777.0266666666666,664.12
2023-02-07 18:00:00,664.12,18,1,0,675.37,672.0066666666668,741.3883333333333,680.97
2023-02-07 19:00:00,680.97,19,1,0,664.12,673.4866666666668,709.5749999999999,680.16
2023-02-07 20:00:00,680.16,20,1,0,680.97,675.0833333333334,677.0633333333334,442.31
2023-02-07 21:00:00,442.31,21,1,0,680.16,601.1466666666668,636.5766666666666,422.54
2023-02-07 22:00:00,422.54,22,1,0,442.31,515.0033333333334,594.245,426.75
2023-02-07 23:00:00,426.75,23,1,0,422.54,430.5333333333335,552.8083333333334,427.0
2023-02-08 00:00:00,427.0,0,2,0,426.75,425.4300000000001,513.2883333333334,437.62
2023-02-08 01:00:00,437.62,1,2,0,427.0,430.45666666666676,472.73,424.24
2023-02-08 02:00:00,424.24,2,2,0,437.62,429.62000000000006,430.07666666666665,427.23
2023-02-08 03:00:00,427.23,3,2,0,424.24,429.6966666666667,427.56333333333333,429.86
2023-02-08 04:00:00,429.86,4,2,0,427.23,427.1100000000001,428.78333333333336,426.49
2023-02-08 05:00:00,426.49,5,2,0,429.86,427.8600000000001,428.73999999999995,421.43
2023-02-08 06:00:00,421.43,6,2,0,426.49,425.92666666666673,427.81166666666667,876.55
2023-02-08 07:00:00,876.55,7,2,0,421.43,574.8233333333334,500.9666666666667,883.59
2023-02-08 08:00:00,883.59,8,2,0,876.55,727.19,577.525,866.79
2023-02-08 09:00:00,866.79,9,2,0,883.59,875.6433333333334,650.785,876.06
2023-02-08 10:00:00,876.06,10,2,0,866.79,875.48,725.1516666666666,869.4
2023-02-08 11:00:00,869.4,11,2,0,876.06,870.75,798.9699999999999,884.56
2023-02-08 12:00:00,884.56,12,2,0,869.4,876.6733333333333,876.1583333333333,862.81
2023-02-08 13:00:00,862.81,13,2,0,884.56,872.2566666666667,873.8683333333332,870.53
2023-02-08 14:00:00,870.53,14,2,0,862.81,872.6333333333333,871.6916666666666,678.02
2023-02-08 15:00:00,678.02,15,2,0,870.53,803.7866666666667,840.2299999999999,687.52
2023-02-08 16:00:00,687.52,16,2,0,678.02,745.3566666666667,808.8066666666667,674.47
2023-02-08 17:00:00,674.47,17,2,0,687.52,680.0033333333334,776.3183333333333,670.56
2023-02-08 18:00:00,670.56,18,2,0,674.47,677.5166666666668,740.6516666666666,690.05
2023-02-08 19:00:00,690.05,19,2,0,670.56,678.36,711.8583333333332,663.42
2023-02-08 20:00:00,663.42,20,2,0,690.05,674.6766666666666,677.34,407.41
2023-02-08 21:00:00,407.41,21,2,0,663.42,586.96,632.2383333333333,428.52
2023-02-08 22:00:00,428.52,22,2,0,407.41,499.78333333333336,589.0716666666666,420.98
2023-02-08 23:00:00,420.98,23,2,0,428.52,418.97,546.8233333333334,416.83
2023-02-09 00:00:00,416.83,0,3,0,420.98,422.10999999999996,504.535,430.67
2023-02-09 01:00:00,430.67,1,3,0,416.83,422.82666666666665,461.305,426.95
2023-02-09 02:00:00,426.95,2,3,0,430.67,424.81666666666666,421.8933333333334,420.49
2023-02-09 03:00:00,420.49,3,3,0,426.95,426.0366666666667,424.07333333333327,414.76
2023-02-09 04:00:00,414.76,4,3,0,420.49,420.73333333333335,421.78,431.98
2023-02-09 05:00:00,431.98,5,3,0,414.76,422.41,423.6133333333333,430.2
2023-02-09 06:00:00,430.2,6,3,0,431.98,425.6466666666667,425.84166666666664,874.21
2023-02-09 07:00:00,874.21,7,3,0,430.2,578.7966666666667,499.76500000000004,889.77
2023-02-09 08:00:00,889.77,8,3,0,874.21,731.3933333333334,576.9016666666666,866.44
2023-02-09 09:00:00,866.44,9,3,0,889.77,876.8066666666667,651.2266666666668,862.8
2023-02-09 10:00:00,862.8,10,3,0,866.44,873.0033333333334,725.9,869.46
2023-02-09 11:00:00,869.46,11,3,0,862.8,866.2333333333332,798.8133333333334,874.64
2023-02-09 12:00:00,874.64,12,3,0,869.46,868.9666666666667,872.8866666666668,876.95
2023-02-09 13:00:00,876.95,13,3,0,874.64,873.6833333333334,873.3433333333334,873.07
2023-02-09 14:00:00,873.07,14,3,0,876.95,874.8866666666667,870.56,677.82
2023-02-09 15:00:00,677.82,15,3,0,873.07,809.2800000000001,839.1233333333334,664.99
2023-02-09 16:00:00,664.99,16,3,0,677.82,738.6266666666667,806.1550000000001,686.55
2023-02-09 17:00:00,686.55,17,3,0,664.99,676.4533333333334,775.6700000000001,674.34
2023-02-09 18:00:00,674.34,18,3,0,686.55,675.2933333333333,742.2866666666667,683.94
2023-02-09 19:00:00,683.94,19,3,0,674.34,681.61,710.1183333333333,677.74
2023-02-09 20:00:00,677.74,20,3,0,683.94,678.6733333333334,677.5633333333334,428.65
2023-02-09 21:00:00,428.65,21,3,0,677.74,596.7766666666666,636.035,429.56
2023-02-09 22:00:00,429.56,22,3,0,428.65,511.98333333333335,596.7966666666666,428.58
2023-02-09 23:00:00,428.58,23,3,0,429.56,428.93,553.8016666666667,430.14
2023-02-10 00:00:00,430.14,0,4,0,428.58,429.4266666666667,513.1016666666667,435.63
2023-02-10 01:00:00,435.63,1,4,0,430.14,431.45,471.7166666666667,426.57
2023-02-10 02:00:00,426.57,2,4,0,435.63,430.78,429.855,430.67
2023-02-10 03:00:00,430.67,3,4,0,426.57,430.95666666666665,430.19166666666666,424.28
2023-02-10 04:00:00,424.28,4,4,0,430.67,427.17333333333335,429.31166666666667,436.52
2023-02-10 05:00:00,436.52,5,4,0,424.28,430.49,430.63500000000005,419.59
2023-02-10 06:00:00,419.59,6,4,0,436.52,426.7966666666666,428.8766666666666,889.41
2023-02-10 07:00:00,889.41,7,4,0,419.59,581.84,504.50666666666666,874.68
2023-02-10 08:00:00,874.68,8,4,0,889.41,727.8933333333333,579.1916666666667,863.55
2023-02-10 09:00:00,863.55,9,4,0,874.68,875.88,651.3383333333333,876.02
2023-02-10 10:00:00,876.02,10,4,0,863.55,871.4166666666666,726.6283333333334,869.55
2023-02-10 11:00:00,869.55,11,4,0,876.02,869.7066666666666,798.7999999999998,881.73
2023-02-10 12:00:00,881.73,12,4,0,869.55,875.7666666666665,875.8233333333333,869.78
2023-02-10 13:00:00,869.78,13,4,0,881.73,873.6866666666666,872.5516666666666,871.43
2023-02-10 14:00:00,871.43,14,4,0,869.78,874.3133333333334,872.0100000000001,659.88
2023-02-10 15:00:00,659.88,15,4,0,871.43,800.3633333333333,838.065,671.38
2023-02-10 16:00:00,671.38,16,4,0,659.88,734.2299999999999,803.9583333333334,655.61
2023-02-10 17:00:00,655.61,17,4,0,671.38,662.29,768.3016666666666,662.33
2023-02-10 18:00:00,662.33,18,4,0,655.61,663.1066666666667,731.735,681.08
2023-02-10 19:00:00,681.08,19,4,0,662.33,666.34,700.285,681.29
2023-02-10 20:00:00,681.29,20,4,0,681.08,674.9,668.5949999999999,428.4
2023-02-10 21:00:00,428.4,21,4,0,681.29,596.9233333333333,630.015,417.26
2023-02-10 22:00:00,417.26,22,4,0,428.4,508.98333333333335,587.6616666666667,424.62
2023-02-10 23:00:00,424.62,23,4,0,417.26,423.4266666666667,549.1633333333333,344.97
2023-02-11 00:00:00,344.97,0,5,1,424.62,395.6166666666666,496.27,335.73
2023-02-11 01:00:00,335.73,1,5,1,344.97,368.44000000000005,438.71166666666664,357.03
2023-02-11 02:00:00,357.03,2,5,1,335.73,345.91,384.66833333333335,352.02
2023-02-11 03:00:00,352.02,3,5,1,357.03,348.26,371.93833333333333,343.23
2023-02-11 04:00:00,343.23,4,5,1,352.02,350.76,359.59999999999997,345.22
2023-02-11 05:00:00,345.22,5,5,1,343.23,346.8233333333333,346.36666666666673,346.67
2023-02-11 06:00:00,346.67,6,5,1,345.22,345.04,346.65000000000003,778.67
2023-02-11 07:00:00,778.67,7,5,1,346.67,490.18666666666667,420.47333333333336,793.02
2023-02-11 08:00:00,793.02,8,5,1,778.67,639.4533333333333,493.1383333333333,789.54
2023-02-11 09:00:00,789.54,9,5,1,793.02,787.0766666666665,566.0583333333334,786.99
2023-02-11 10:00:00,786.99,10,5,1,789.54,789.85,640.0183333333333,792.75
2023-02-11 11:00:00,792.75,11,5,1,786.99,789.7599999999999,714.6066666666666,809.38
2023-02-11 12:00:00,809.38,12,5,1,792.75,796.3733333333333,791.7249999999999,800.13
2023-02-11 13:00:00,800.13,13,5,1,809.38,800.7533333333334,795.3016666666666,790.43
2023-02-11 14:00:00,790.43,14,5,1,800.13,799.98,794.87,599.58
2023-02-11 15:00:00,599.58,15,5,1,790.43,730.0466666666666,763.21,606.19
2023-02-11 16:00:00,606.19,16,5,1,599.58,665.4,733.0766666666667,602.4
2023-02-11 17:00:00,602.4,17,5,1,606.19,602.7233333333334,701.3516666666666,595.48
2023-02-11 18:00:00,595.48,18,5,1,602.4,601.3566666666667,665.7016666666667,589.82
2023-02-11 19:00:00,589.82,19,5,1,595.48,595.9,630.65,600.59
2023-02-11 20:00:00,600.59,20,5,1,589.82,595.2966666666667,599.01,348.15
2023-02-11 21:00:00,348.15,21,5,1,600.59,512.8533333333334,557.105,352.16
2023-02-11 22:00:00,352.16,22,5,1,348.15,433.6333333333334,514.7666666666667,350.08
2023-02-11 23:00:00,350.08,23,5,1,352.16,350.12999999999994,472.7133333333333,353.4
2023-02-12 00:00:00,353.4,0,6,1,350.08,351.87999999999994,432.3666666666666,340.72
2023-02-12 01:00:00,340.72,1,6,1,353.4,348.0666666666666,390.84999999999997,355.54
2023-02-12 02:00:00,355.54,2,6,1,340.72,349.8866666666667,350.00833333333327,346.58
2023-02-12 03:00:00,346.58,3,6,1,355.54,347.6133333333334,349.74666666666667,361.6
2023-02-12 04:00:00,361.6,4,6,1,346.58,354.5733333333333,351.32,339.49
2023-02-12 05:00:00,339.49,5,6,1,361.6,349.22333333333336,349.555,358.89
2023-02-12 06:00:00,358.89,6,6,1,339.49,353.32666666666665,350.46999999999997,796.58
2023-02-12 07:00:00,796.58,7,6,1,358.89,498.32,426.4466666666667,789.79
2023-02-12 08:00:00,789.79,8,6,1,796.58,648.42,498.8216666666667,791.13
2023-02-12 09:00:00,791.13,9,6,1,789.79,792.5,572.9133333333334,792.44
2023-02-12 10:00:00,792.44,10,6,1,791.13,791.12,644.7199999999999,798.39
2023-02-12 11:00:00,798.39,11,6,1,792.44,793.9866666666667,721.2033333333334,799.18
2023-02-12 12:00:00,799.18,12,6,1,798.39,796.67,794.585,790.41
2023-02-12 13:00:00,790.41,13,6,1,799.18,795.9933333333332,793.5566666666667,794.81
2023-02-12 14:00:00,794.81,14,6,1,790.41,794.7999999999998,794.3933333333333,612.14
2023-02-12 15:00:00,612.14,15,6,1,794.81,732.4533333333334,764.5616666666666,608.82
2023-02-12 16:00:00,608.82,16,6,1,612.14,671.9233333333333,733.9583333333334,598.49
2023-02-12 17:00:00,598.49,17,6,1,608.82,606.4833333333333,700.6416666666665,595.3
2023-02-12 18:00:00,595.3,18,6,1,598.49,600.87,666.6616666666666,595.96
2023-02-12 19:00:00,595.96,19,6,1,595.3,596.5833333333334,634.2533333333333,599.91
2023-02-12 20:00:00,599.91,20,6,1,595.96,597.0566666666667,601.77,336.82
2023-02-12 21:00:00,336.82,21,6,1,599.91,510.8966666666667,555.8833333333333,342.94
2023-02-12 22:00:00,342.94,22,6,1,336.82,426.5566666666667,511.57,331.65
2023-02-12 23:00:00,331.65,23,6,1,342.94,337.13666666666666,467.09666666666664,428.19
2023-02-13 00:00:00,428.19,0,0,0,331.65,367.5933333333333,439.24500000000006,430.18
2023-02-13 01:00:00,430.18,1,0,0,428.19,396.67333333333335,411.615,421.13
2023-02-13 02:00:00,421.13,2,0,0,430.18,426.5,381.8183333333333,437.59
2023-02-13 03:00:00,437.59,3,0,0,421.13,429.63333333333327,398.6133333333333,415.19
2023-02-13 04:00:00,415.19,4,0,0,437.59,424.6366666666666,410.655,413.29
2023-02-13 05:00:00,413.29,5,0,0,415.19,422.0233333333333,424.2616666666666,426.8
2023-02-13 06:00:00,426.8,6,0,0,413.29,418.42666666666673,424.03,883.38
2023-02-13 07:00:00,883.38,7,0,0,426.8,574.49,499.56333333333333,888.47
2023-02-13 08:00:00,888.47,8,0,0,883.38,732.8833333333333,577.4533333333333,871.33
2023-02-13 09:00:00,871.33,9,0,0,888.47,881.06,649.7433333333333,883.63
2023-02-13 10:00:00,883.63,10,0,0,871.33,881.1433333333334,727.8166666666667,874.69
2023-02-13 11:00:00,874.69,11,0,0,883.63,876.5500000000001,804.7166666666667,873.62
2023-02-13 12:00:00,873.62,12,0,0,874.69,877.3133333333334,879.1866666666666,882.07
2023-02-13 13:00:00,882.07,13,0,0,873.62,876.7933333333334,878.9683333333334,880.22
2023-02-13 14:00:00,880.22,14,0,0,882.07,878.6366666666667,877.5933333333332,662.39
2023-02-13 15:00:00,662.39,15,0,0,880.22,808.2266666666668,842.77,686.81
2023-02-13 16:00:00,686.81,16,0,0,662.39,743.14,809.9666666666666,686.04
2023-02-13 17:00:00,686.04,17,0,0,686.81,678.4133333333333,778.525,670.0
2023-02-13 18:00:00,670.0,18,0,0,686.04,680.9499999999999,744.5883333333335,678.17
2023-02-13 19:00:00,678.17,19,0,0,670.0,678.07,710.605,678.95
2023-02-13 20:00:00,678.95,20,0,0,678.17,675.7066666666667,677.06,427.09
2023-02-13 21:00:00,427.09,21,0,0,678.95,594.7366666666666,637.8433333333334,420.6
2023-02-13 22:00:00,420.6,22,0,0,427.09,508.88000000000005,593.475,419.63
2023-02-13 23:00:00,419.63,23,0,0,420.6,422.44,549.0733333333334,424.8
2023-02-14 00:00:00,424.8,0,1,0,419.63,421.67666666666673,508.20666666666665,434.38
2023-02-14 01:00:00,434.38,1,1,0,424.8,426.27,467.575,429.35
2023-02-14 02:00:00,429.35,2,1,0,434.38,429.51000000000005,425.9750000000001,422.04
2023-02-14 03:00:00,422.04,3,1,0,429.35,428.59,425.1333333333334,431.17
2023-02-14 04:00:00,431.17,4,1,0,422.04,427.52,426.895,402.21
2023-02-14 05:00:00,402.21,5,1,0,431.17,418.47333333333336,423.9916666666666,434.19
2023-02-14 06:00:00,434.19,6,1,0,402.21,422.52333333333337,425.5566666666666,861.08
2023-02-14 07:00:00,861.08,7,1,0,434.19,565.8266666666667,496.67333333333335,872.1
2023-02-14 08:00:00,872.1,8,1,0,861.08,722.4566666666666,570.465,866.04
2023-02-14 09:00:00,866.04,9,1,0,872.1,866.4066666666666,644.465,864.64
2023-02-14 10:00:00,864.64,10,1,0,866.04,867.5933333333332,716.71,884.29
2023-02-14 11:00:00,884.29,11,1,0,864.64,871.6566666666668,797.0566666666667,871.26
2023-02-14 12:00:00,871.26,12,1,0,884.29,873.3966666666666,869.9016666666666,877.77
2023-02-14 13:00:00,877.77,13,1,0,871.26,877.7733333333332,872.6833333333333,874.62
2023-02-14 14:00:00,874.62,14,1,0,877.77,874.5500000000001,873.1033333333334,678.82
2023-02-14 15:00:00,678.82,15,1,0,874.62,810.4033333333333,841.9000000000001,675.61
2023-02-14 16:00:00,675.61,16,1,0,678.82,743.0166666666668,810.395,664.74
2023-02-14 17:00:00,664.74,17,1,0,675.61,673.0566666666667,773.8033333333333,682.97
2023-02-14 18:00:00,682.97,18,1,0,664.74,674.44,742.4216666666666,671.05
2023-02-14 19:00:00,671.05,19,1,0,682.97,672.92,707.9683333333334,662.55
2023-02-14 20:00:00,662.55,20,1,0,671.05,672.19,672.6233333333333,421.58
2023-02-14 21:00:00,421.58,21,1,0,662.55,585.06,629.75,437.01
2023-02-14 22:00:00,437.01,22,1,0,421.58,507.0466666666667,589.9833333333333,431.8
2023-02-14 23:00:00,431.8,23,1,0,437.01,430.12999999999994,551.16,422.21
2023-02-15 00:00:00,422.21,0,2,0,431.8,430.34,507.7,422.21
2023-02-15 01:00:00,422.21,1,2,0,422.21,425.4066666666667,466.22666666666663,422.43
2023-02-15 02:00:00,422.43,2,2,0,422.21,422.2833333333333,426.2066666666667,441.61
2023-02-15 03:00:00,441.61,3,2,0,422.43,428.75,429.545,428.06
2023-02-15 04:00:00,428.06,4,2,0,441.61,430.7,428.0533333333333,428.44
2023-02-15 05:00:00,428.44,5,2,0,428.06,432.7033333333333,427.4933333333333,433.24
2023-02-15 06:00:00,433.24,6,2,0,428.44,429.91333333333336,429.3316666666667,876.91
2023-02-15 07:00:00,876.91,7,2,0,433.24,579.5300000000001,505.115,872.93
2023-02-15 08:00:00,872.93,8,2,0,876.91,727.6933333333333,580.1983333333333,873.43
2023-02-15 09:00:00,873.43,9,2,0,872.93,874.4233333333333,652.1683333333334,874.43
2023-02-15 10:00:00,874.43,10,2,0,873.43,873.5966666666667,726.5633333333332,874.7
2023-02-15 11:00:00,874.7,11,2,0,874.43,874.1866666666668,800.94,880.82
2023-02-15 12:00:00,880.82,12,2,0,874.7,876.6500000000001,875.5366666666667,875.42
2023-02-15 13:00:00,875.42,13,2,0,880.82,876.9800000000001,875.2883333333333,880.86
2023-02-15 14:00:00,880.86,14,2,0,875.42,879.0333333333333,876.61,674.35
2023-02-15 15:00:00,674.35,15,2,0,880.86,810.21,843.43,675.63
2023-02-15 16:00:00,675.63,16,2,0,674.35,743.6133333333333,810.2966666666667,659.01
2023-02-15 17:00:00,659.01,17,2,0,675.63,669.6633333333334,774.3483333333334,682.33
2023-02-15 18:00:00,682.33,18,2,0,659.01,672.3233333333334,741.2666666666668,677.77
2023-02-15 19:00:00,677.77,19,2,0,682.33,673.0366666666667,708.3249999999999,682.98
2023-02-15 20:00:00,682.98,20,2,0,677.77,681.0266666666668,675.345,401.83
2023-02-15 21:00:00,401.83,21,2,0,682.98,587.5266666666666,629.925,441.71
2023-02-15 22:00:00,441.71,22,2,0,401.83,508.84,590.9383333333334,423.88
2023-02-15 23:00:00,423.88,23,2,0,441.71,422.47333333333336,551.75,433.87
2023-02-16 00:00:00,433.87,0,3,0,423.88,433.15333333333336,510.34,416.68
2023-02-16 01:00:00,416.68,1,3,0,433.87,424.81,466.82500000000005,429.9
2023-02-16 02:00:00,429.9,2,3,0,416.68,426.81666666666666,424.645,416.57
2023-02-16 03:00:00,416.57,3,3,0,429.9,421.05,427.1016666666667,420.01
2023-02-16 04:00:00,420.01,4,3,0,416.57,422.16,423.48499999999996,440.31
2023-02-16 05:00:00,440.31,5,3,0,420.01,425.63000000000005,426.22333333333336,423.47
2023-02-16 06:00:00,423.47,6,3,0,440.31,427.93000000000006,424.49,876.74
2023-02-16 07:00:00,876.74,7,3,0,423.47,580.1733333333334,501.1666666666667,881.96
2023-02-16 08:00:00,881.96,8,3,0,876.74,727.39,576.5100000000001,878.97
2023-02-16 09:00:00,878.97,9,3,0,881.96,879.2233333333334,653.5766666666667,876.2
2023-02-16 10:00:00,876.2,10,3,0,878.97,879.0433333333334,729.6083333333332,877.92
2023-02-16 11:00:00,877.92,11,3,0,876.2,877.6966666666667,802.5433333333334,894.23
2023-02-16 12:00:00,894.23,12,3,0,877.92,882.7833333333334,881.0033333333332,874.54
2023-02-16 13:00:00,874.54,13,3,0,894.23,882.23,880.6366666666667,876.61
2023-02-16 14:00:00,876.61,14,3,0,874.54,881.7933333333334,879.7449999999999,683.41
2023-02-16 15:00:00,683.41,15,3,0,876.61,811.52,847.1516666666668,683.84
2023-02-16 16:00:00,683.84,16,3,0,683.41,747.9533333333334,815.0916666666666,684.5
2023-02-16 17:00:00,684.5,17,3,0,683.84,683.9166666666666,782.855,680.11
2023-02-16 18:00:00,680.11,18,3,0,684.5,682.8166666666667,747.1683333333334,665.86
2023-02-16 19:00:00,665.86,19,3,0,680.11,676.8233333333334,712.3883333333333,688.07
2023-02-16 20:00:00,688.07,20,3,0,665.86,678.0133333333334,680.965,415.83
2023-02-16 21:00:00,415.83,21,3,0,688.07,589.9200000000001,636.3683333333333,427.42
2023-02-16 22:00:00,427.42,22,3,0,415.83,510.44000000000005,593.6316666666667,418.97
2023-02-16 23:00:00,418.97,23,3,0,427.42,420.74000000000007,549.3766666666667,424.49
2023-02-17 00:00:00,424.49,0,4,0,418.97,423.6266666666668,506.7733333333333,427.63
2023-02-17 01:00:00,427.63,1,4,0,424.49,423.6966666666667,467.0683333333333,427.57
2023-02-17 02:00:00,427.57,2,4,0,427.63,426.56333333333345,423.6516666666667,428.38
2023-02-17 03:00:00,428.38,3,4,0,427.57,427.86000000000007,425.74333333333334,437.91
2023-02-17 04:00:00,437.91,4,4,0,428.38,431.2866666666667,427.49166666666673,428.63
2023-02-17 05:00:00,428.63,5,4,0,437.91,431.6400000000001,429.10166666666663,423.05
2023-02-17 06:00:00,423.05,6,4,0,428.63,429.8633333333334,428.8616666666667,882.71
2023-02-17 07:00:00,882.71,7,4,0,423.05,578.1300000000001,504.7083333333333,884.52
2023-02-17 08:00:00,884.52,8,4,0,882.71,730.0933333333334,580.8666666666667,865.18
2023-02-17 09:00:00,865.18,9,4,0,884.52,877.4699999999999,653.6666666666666,879.78
2023-02-17 10:00:00,879.78,10,4,0,865.18,876.4933333333333,727.3116666666666,880.61
2023-02-17 11:00:00,880.61,11,4,0,879.78,875.19,802.6416666666665,872.62
2023-02-17 12:00:00,872.62,12,4,0,880.61,877.6700000000001,877.5699999999998,886.01
2023-02-17 13:00:00,886.01,13,4,0,872.62,879.7466666666666,878.1199999999999,873.8
2023-02-17 14:00:00,873.8,14,4,0,886.01,877.4766666666668,876.3333333333334,676.0
2023-02-17 15:00:00,676.0,15,4,0,873.8,811.9366666666668,844.8033333333333,673.62
2023-02-17 16:00:00,673.62,16,4,0,676.0,741.14,810.4433333333333,675.12
2023-02-17 17:00:00,675.12,17,4,0,673.62,674.9133333333334,776.195,666.23
2023-02-17 18:00:00,666.23,18,4,0,675.12,671.6566666666668,741.7966666666666,663.48
2023-02-17 19:00:00,663.48,19,4,0,666.23,668.2766666666668,704.7083333333334,687.76
2023-02-17 20:00:00,687.76,20,4,0,663.48,672.49,673.7016666666667,418.22
2023-02-17 21:00:00,418.22,21,4,0,687.76,589.82,630.7383333333333,417.07
2023-02-17 22:00:00,417.07,22,4,0,418.22,507.68333333333334,587.98,407.77
2023-02-17 23:00:00,407.77,23,4,0,417.07,414.3533333333334,543.4216666666667,339.89
2023-02-18 00:00:00,339.89,0,5,1,407.77,388.24333333333334,489.0316666666667,334.42
2023-02-18 01:00:00,334.42,1,5,1,339.89,360.6933333333334,434.18833333333333,358.14
2023-02-18 02:00:00,358.14,2,5,1,334.42,344.1500000000001,379.2516666666666,353.08
2023-02-18 03:00:00,353.08,3,5,1,358.14,348.5466666666667,368.395,339.49
2023-02-18 04:00:00,339.49,4,5,1,353.08,350.2366666666667,355.465,363.02
2023-02-18 05:00:00,363.02,5,5,1,339.49,351.8633333333334,348.00666666666666,352.85
2023-02-18 06:00:00,352.85,6,5,1,363.02,351.7866666666667,350.1666666666667,792.4
2023-02-18 07:00:00,792.4,7,5,1,352.85,502.7566666666667,426.49666666666667,775.0
2023-02-18 08:00:00,775.0,8,5,1,792.4,640.0833333333334,495.97333333333336,813.33
2023-02-18 09:00:00,813.33,9,5,1,775.0,793.5766666666667,572.6816666666667,783.88
2023-02-18 10:00:00,783.88,10,5,1,813.33,790.7366666666667,646.7466666666667,781.84
2023-02-18 11:00:00,781.84,11,5,1,783.88,793.0166666666668,716.5500000000001,803.18
2023-02-18 12:00:00,803.18,12,5,1,781.84,789.6333333333336,791.605,814.52
2023-02-18 13:00:00,814.52,13,5,1,803.18,799.8466666666667,795.2916666666666,806.07
2023-02-18 14:00:00,806.07,14,5,1,814.52,807.9233333333333,800.4699999999999,599.51
2023-02-18 15:00:00,599.51,15,5,1,806.07,740.0333333333334,764.8333333333334,599.76
2023-02-18 16:00:00,599.76,16,5,1,599.51,668.4466666666667,734.1466666666666,601.83
2023-02-18 17:00:00,601.83,17,5,1,599.76,600.3666666666667,704.145,601.07
2023-02-18 18:00:00,601.07,18,5,1,601.83,600.8866666666668,670.46,597.25
2023-02-18 19:00:00,597.25,19,5,1,601.07,600.0500000000002,634.2483333333333,595.83
2023-02-18 20:00:00,595.83,20,5,1,597.25,598.0500000000001,599.2083333333334,344.5
2023-02-18 21:00:00,344.5,21,5,1,595.83,512.5266666666668,556.7066666666667,338.97
2023-02-18 22:00:00,338.97,22,5,1,344.5,426.4333333333334,513.2416666666667,342.75
2023-02-18 23:00:00,342.75,23,5,1,338.97,342.07333333333344,470.06166666666667,331.46
2023-02-19 00:00:00,331.46,0,6,1,342.75,337.72666666666674,425.1266666666666,344.21
2023-02-19 01:00:00,344.21,1,6,1,331.46,339.4733333333334,382.9533333333333,337.09
2023-02-19 02:00:00,337.09,2,6,1,344.21,337.58666666666676,339.83,336.17
2023-02-19 03:00:00,336.17,3,6,1,337.09,339.1566666666667,338.44166666666666,346.44
2023-02-19 04:00:00,346.44,4,6,1,336.17,339.9000000000001,339.68666666666667,356.14
2023-02-19 05:00:00,356.14,5,6,1,346.44,346.25000000000006,341.9183333333333,352.35
2023-02-19 06:00:00,352.35,6,6,1,356.14,351.64333333333343,345.40000000000003,782.44
2023-02-19 07:00:00,782.44,7,6,1,352.35,496.97666666666674,418.43833333333333,787.08
2023-02-19 08:00:00,787.08,8,6,1,782.44,640.6233333333334,493.4366666666667,802.53
2023-02-19 09:00:00,802.53,9,6,1,787.08,790.6833333333334,571.1633333333333,787.14
2023-02-19 10:00:00,787.14,10,6,1,802.53,792.25,644.6133333333333,793.2
2023-02-19 11:00:00,793.2,11,6,1,787.14,794.2900000000001,717.4566666666666,799.4
2023-02-19 12:00:00,799.4,12,6,1,793.2,793.2466666666668,791.965,787.25
2023-02-19 13:00:00,787.25,13,6,1,799.4,793.2833333333334,792.7666666666668,795.84
2023-02-19 14:00:00,795.84,14,6,1,787.25,794.1633333333334,794.2266666666666,584.33
2023-02-19 15:00:00,584.33,15,6,1,795.84,722.4733333333334,757.86,590.19
2023-02-19 16:00:00,590.19,16,6,1,584.33,656.7866666666667,725.035,597.56
2023-02-19 17:00:00,597.56,17,6,1,590.19,590.6933333333335,692.4283333333333,582.26
2023-02-19 18:00:00,582.26,18,6,1,597.56,590.0033333333334,656.2383333333333,598.52
2023-02-19 19:00:00,598.52,19,6,1,582.26,592.7800000000001,624.7833333333333,594.84
2023-02-19 20:00:00,594.84,20,6,1,598.52,591.8733333333334,591.2833333333333,349.42
2023-02-19 21:00:00,349.42,21,6,1,594.84,514.2600000000001,552.1316666666667,346.79
2023-02-19 22:00:00,346.79,22,6,1,349.42,430.3500000000001,511.565,355.91
2023-02-19 23:00:00,355.91,23,6,1,346.79,350.70666666666676,471.28999999999996,426.0
2023-02-20 00:00:00,426.0,0,0,0,355.91,376.2333333333334,445.24666666666667,421.56
2023-02-20 01:00:00,421.56,1,0,0,426.0,401.15666666666675,415.7533333333334,425.98
2023-02-20 02:00:00,425.98,2,0,0,421.56,424.5133333333334,387.60999999999996,429.35
2023-02-20 03:00:00,429.35,3,0,0,425.98,425.6300000000001,400.9316666666667,425.39
2023-02-20 04:00:00,425.39,4,0,0,429.35,426.90666666666675,414.0316666666667,425.32
2023-02-20 05:00:00,425.32,5,0,0,425.39,426.6866666666667,425.6000000000001,419.38
2023-02-20 06:00:00,419.38,6,0,0,425.32,423.3633333333334,424.49666666666667,869.7
2023-02-20 07:00:00,869.7,7,0,0,419.38,571.4666666666667,499.1866666666667,863.78
2023-02-20 08:00:00,863.78,8,0,0,869.7,717.62,572.1533333333333,889.0
2023-02-20 09:00:00,889.0,9,0,0,863.78,874.16,648.7616666666667,865.05
2023-02-20 10:00:00,865.05,10,0,0,889.0,872.61,722.0383333333333,869.46
2023-02-20 11:00:00,869.46,11,0,0,865.05,874.5033333333334,796.0616666666666,869.25
2023-02-20 12:00:00,869.25,12,0,0,869.46,867.9200000000001,871.04,882.16
2023-02-20 13:00:00,882.16,13,0,0,869.25,873.6233333333333,873.1166666666667,872.64
2023-02-20 14:00:00,872.64,14,0,0,882.16,874.6833333333334,874.5933333333334,684.98
2023-02-20 15:00:00,684.98,15,0,0,872.64,813.2600000000001,840.59,669.61
2023-02-20 16:00:00,669.61,16,0,0,684.98,742.4100000000002,808.0166666666668,677.23
2023-02-20 17:00:00,677.23,17,0,0,669.61,677.2733333333334,775.9783333333334,668.32
2023-02-20 18:00:00,668.32,18,0,0,677.23,671.7200000000001,742.4900000000001,692.16
2023-02-20 19:00:00,692.16,19,0,0,668.32,679.2366666666667,710.8233333333334,665.5
2023-02-20 20:00:00,665.5,20,0,0,692.16,675.3266666666667,676.3,427.48
2023-02-20 21:00:00,427.48,21,0,0,665.5,595.0466666666667,633.3833333333333,430.07
2023-02-20 22:00:00,430.07,22,0,0,427.48,507.68333333333334,593.46,428.31
2023-02-20 23:00:00,428.31,23,0,0,430.07,428.62000000000006,551.9733333333334,423.52
2023-02-21 00:00:00,423.52,0,1,0,428.31,427.3,511.17333333333335,423.96
2023-02-21 01:00:00,423.96,1,1,0,423.52,425.2633333333334,466.47333333333336,425.35
2023-02-21 02:00:00,425.35,2,1,0,423.96,424.2766666666667,426.4483333333333,423.82
2023-02-21 03:00:00,423.82,3,1,0,425.35,424.3766666666667,425.83833333333337,432.71
2023-02-21 04:00:00,432.71,4,1,0,423.82,427.29333333333335,426.27833333333336,442.68
2023-02-21 05:00:00,442.68,5,1,0,432.71,433.07,428.67333333333335,420.54
2023-02-21 06:00:00,420.54,6,1,0,442.68,431.9766666666667,428.1766666666667,864.04
2023-02-21 07:00:00,864.04,7,1,0,420.54,575.7533333333333,501.5233333333333,874.29
2023-02-21 08:00:00,874.29,8,1,0,864.04,719.6233333333333,576.3466666666667,895.64
2023-02-21 09:00:00,895.64,9,1,0,874.29,877.9899999999999,654.9833333333332,868.57
2023-02-21 10:00:00,868.57,10,1,0,895.64,879.5,727.6266666666667,888.11
2023-02-21 11:00:00,888.11,11,1,0,868.57,884.1066666666667,801.8649999999999,888.42
2023-02-21 12:00:00,888.42,12,1,0,888.11,881.7000000000002,879.8449999999999,870.57
2023-02-21 13:00:00,870.57,13,1,0,888.42,882.3666666666667,880.9333333333334,879.55
2023-02-21 14:00:00,879.55,14,1,0,870.57,879.5133333333333,881.81,688.03
2023-02-21 15:00:00,688.03,15,1,0,879.55,812.7166666666667,847.2083333333334,671.97
2023-02-21 16:00:00,671.97,16,1,0,688.03,746.5166666666665,814.4416666666666,673.37
2023-02-21 17:00:00,673.37,17,1,0,671.97,677.7900000000001,778.6516666666666,670.35
2023-02-21 18:00:00,670.35,18,1,0,673.37,671.8966666666666,742.3066666666667,666.88
2023-02-21 19:00:00,666.88,19,1,0,670.35,670.1999999999999,708.3583333333332,669.81
2023-02-21 20:00:00,669.81,20,1,0,666.88,669.0133333333333,673.4016666666666,415.21
2023-02-21 21:00:00,415.21,21,1,0,669.81,583.9666666666667,627.9316666666667,425.27
2023-02-21 22:00:00,425.27,22,1,0,415.21,503.43,586.8149999999999,418.84
2023-02-21 23:00:00,418.84,23,1,0,425.27,419.7733333333333,544.3933333333333,426.87
2023-02-22 00:00:00,426.87,0,2,0,418.84,423.66,503.81333333333333,412.55
2023-02-22 01:00:00,412.55,1,2,0,426.87,419.42,461.42499999999995,427.65
2023-02-22 02:00:00,427.65,2,2,0,412.55,422.3566666666666,421.065,431.67
2023-02-22 03:00:00,431.67,3,2,0,427.65,423.95666666666665,423.80833333333334,409.05
2023-02-22 04:00:00,409.05,4,2,0,431.67,422.79,421.105,427.99
2023-02-22 05:00:00,427.99,5,2,0,409.05,422.90333333333336,422.62999999999994,434.82
2023-02-22 06:00:00,434.82,6,2,0,427.99,423.9533333333334,423.955,865.32
2023-02-22 07:00:00,865.32,7,2,0,434.82,576.0433333333334,499.4166666666667,888.38
2023-02-22 08:00:00,888.38,8,2,0,865.32,729.5066666666667,576.205,878.35
2023-02-22 09:00:00,878.35,9,2,0,888.38,877.35,650.6516666666666,869.36
2023-02-22 10:00:00,869.36,10,2,0,878.35,878.6966666666667,727.37,874.55
2023-02-22 11:00:00,874.55,11,2,0,869.36,874.0866666666666,801.7966666666666,879.47
2023-02-22 12:00:00,879.47,12,2,0,874.55,874.46,875.9050000000001,875.61
2023-02-22 13:00:00,875.61,13,2,0,879.47,876.5433333333334,877.6199999999999,879.31
2023-02-22 14:00:00,879.31,14,2,0,875.61,878.1300000000001,876.1083333333332,667.63
2023-02-22 15:00:00,667.63,15,2,0,879.31,807.5166666666665,840.9883333333333,676.35
2023-02-22 16:00:00,676.35,16,2,0,667.63,741.0966666666667,808.82,663.69
2023-02-22 17:00:00,663.69,17,2,0,676.35,669.2233333333334,773.6766666666666,674.11
2023-02-22 18:00:00,674.11,18,2,0,663.69,671.3833333333333,739.4499999999999,667.77
2023-02-22 19:00:00,667.77,19,2,0,674.11,668.5233333333334,704.81,669.12
2023-02-22 20:00:00,669.12,20,2,0,667.77,670.3333333333334,669.7783333333333,434.89
2023-02-22 21:00:00,434.89,21,2,0,669.12,590.5933333333332,630.9883333333333,433.73
2023-02-22 22:00:00,433.73,22,2,0,434.89,512.5799999999999,590.5516666666666,429.87
2023-02-22 23:00:00,429.87,23,2,0,433.73,432.83,551.5816666666666,416.26
2023-02-23 00:00:00,416.26,0,3,0,429.87,426.62000000000006,508.6066666666666,422.47
2023-02-23 01:00:00,422.47,1,3,0,416.26,422.8666666666666,467.72333333333336,434.7
2023-02-23 02:00:00,434.7,2,3,0,422.47,424.4766666666667,428.65333333333336,426.13
2023-02-23 03:00:00,426.13,3,3,0,434.7,427.76666666666665,427.1933333333334,443.55
2023-02-23 04:00:00,443.55,4,3,0,426.13,434.79333333333335,428.83,428.15
2023-02-23 05:00:00,428.15,5,3,0,443.55,432.60999999999996,428.5433333333333,426.54
2023-02-23 06:00:00,426.54,6,3,0,428.15,432.74666666666667,430.25666666666666,872.53
2023-02-23 07:00:00,872.53,7,3,0,426.54,575.7399999999999,505.2666666666666,876.07
2023-02-23 08:00:00,876.07,8,3,0,872.53,725.0466666666666,578.8283333333333,873.78
2023-02-23 09:00:00,873.78,9,3,0,876.07,874.1266666666667,653.4366666666666,880.66
2023-02-23 10:00:00,880.66,10,3,0,873.78,876.8366666666666,726.2883333333333,882.65
2023-02-23 11:00:00,882.65,11,3,0,880.66,879.0299999999999,802.0383333333333,868.71
2023-02-23 12:00:00,868.71,12,3,0,882.65,877.34,875.7333333333332,864.35
2023-02-23 13:00:00,864.35,13,3,0,868.71,871.9033333333333,874.37,860.31
2023-02-23 14:00:00,860.31,14,3,0,864.35,864.4566666666666,871.7433333333332,679.06
2023-02-23 15:00:00,679.06,15,3,0,860.31,801.2399999999999,839.29,666.17
2023-02-23 16:00:00,666.17,16,3,0,679.06,735.18,803.5416666666666,657.78
2023-02-23 17:00:00,657.78,17,3,0,666.17,667.67,766.0633333333334,678.11
2023-02-23 18:00:00,678.11,18,3,0,657.78,667.3533333333334,734.2966666666666,694.94
2023-02-23 19:00:00,694.94,19,3,0,678.11,676.9433333333333,706.0616666666666,674.95
2023-02-23 20:00:00,674.95,20,3,0,694.94,682.6666666666666,675.1683333333334,431.71
2023-02-23 21:00:00,431.71,21,3,0,674.95,600.5333333333333,633.9433333333333,425.65
2023-02-23 22:00:00,425.65,22,3,0,431.71,510.77,593.8566666666667,424.21
2023-02-23 23:00:00,424.21,23,3,0,425.65,427.1899999999999,554.9283333333334,432.35
2023-02-24 00:00:00,432.35,0,4,0,424.21,427.40333333333325,513.9683333333334,422.68
2023-02-24 01:00:00,422.68,1,4,0,432.35,426.41333333333336,468.5916666666667,427.14
2023-02-24 02:00:00,427.14,2,4,0,422.68,427.38999999999993,427.29,427.57
2023-02-24 03:00:00,427.57,3,4,0,427.14,425.7966666666666,426.6000000000001,419.66
2023-02-24 04:00:00,419.66,4,4,0,427.57,424.78999999999996,425.6016666666667,432.94
2023-02-24 05:00:00,432.94,5,4,0,419.66,426.72333333333336,427.0566666666667,423.6
2023-02-24 06:00:00,423.6,6,4,0,432.94,425.3999999999999,425.59833333333336,868.95
2023-02-24 07:00:00,868.95,7,4,0,423.6,575.1633333333333,499.97666666666663,879.29
2023-02-24 08:00:00,879.29,8,4,0,868.95,723.9466666666666,575.335,867.81
2023-02-24 09:00:00,867.81,9,4,0,879.29,872.0166666666665,648.7083333333334,875.23
2023-02-24 10:00:00,875.23,10,4,0,867.81,874.11,724.6366666666667,874.93
2023-02-24 11:00:00,874.93,11,4,0,875.23,872.6566666666666,798.3016666666666,883.69
2023-02-24 12:00:00,883.69,12,4,0,874.93,877.9499999999999,874.9833333333332,878.8
2023-02-24 13:00:00,878.8,13,4,0,883.69,879.14,876.625,874.8
2023-02-24 14:00:00,874.8,14,4,0,878.8,879.0966666666667,875.8766666666666,681.54
2023-02-24 15:00:00,681.54,15,4,0,874.8,811.7133333333333,844.8316666666666,686.12
2023-02-24 16:00:00,686.12,16,4,0,681.54,747.4866666666666,813.3133333333332,679.46
2023-02-24 17:00:00,679.46,17,4,0,686.12,682.3733333333333,780.735,675.08
2023-02-24 18:00:00,675.08,18,4,0,679.46,680.22,745.9666666666667,664.51
2023-02-24 19:00:00,664.51,19,4,0,675.08,673.0166666666667,710.2516666666667,666.48
2023-02-24 20:00:00,666.48,20,4,0,664.51,668.6899999999999,675.5316666666666,422.56
2023-02-24 21:00:00,422.56,21,4,0,666.48,584.5166666666665,632.3683333333333,420.12
2023-02-24 22:00:00,420.12,22,4,0,422.56,503.05333333333334,588.035,423.5
2023-02-24 23:00:00,423.5,23,4,0,420.12,422.05999999999995,545.375,345.45
2023-02-25 00:00:00,345.45,0,5,1,423.5,396.3566666666666,490.43666666666667,349.24
2023-02-25 01:00:00,349.24,1,5,1,345.45,372.72999999999996,437.89166666666665,344.44
2023-02-25 02:00:00,344.44,2,5,1,349.24,346.3766666666666,384.2183333333333,348.89
2023-02-25 03:00:00,348.89,3,5,1,344.44,347.5233333333333,371.94,345.52
2023-02-25 04:00:00,345.52,4,5,1,348.89,346.2833333333333,359.50666666666666,329.2
2023-02-25 05:00:00,329.2,5,5,1,345.52,341.20333333333326,343.78999999999996,337.49
2023-02-25 06:00:00,337.49,6,5,1,329.2,337.40333333333325,342.4633333333333,793.85
2023-02-25 07:00:00,793.85,7,5,1,337.49,486.84666666666664,416.565,785.32
2023-02-25 08:00:00,785.32,8,5,1,793.85,638.8866666666667,490.045,799.8
2023-02-25 09:00:00,799.8,9,5,1,785.32,792.9900000000001,565.1966666666667,807.25
2023-02-25 10:00:00,807.25,10,5,1,799.8,797.4566666666666,642.1516666666666,804.75
2023-02-25 11:00:00,804.75,11,5,1,807.25,803.9333333333333,721.41,793.29
2023-02-25 12:00:00,793.29,12,5,1,804.75,801.7633333333333,797.3766666666667,806.93
2023-02-25 13:00:00,806.93,13,5,1,793.29,801.6566666666666,799.5566666666667,796.19
2023-02-25 14:00:00,796.19,14,5,1,806.93,798.8033333333333,801.3683333333333,592.3
2023-02-25 15:00:00,592.3,15,5,1,796.19,731.8066666666667,766.785,590.09
2023-02-25 16:00:00,590.09,16,5,1,592.3,659.5266666666666,730.5916666666666,592.58
2023-02-25 17:00:00,592.58,17,5,1,590.09,591.6566666666666,695.23,591.89
2023-02-25 18:00:00,591.89,18,5,1,592.58,591.52,661.6633333333333,596.36
2023-02-25 19:00:00,596.36,19,5,1,591.89,593.61,626.5683333333333,596.28
2023-02-25 20:00:00,596.28,20,5,1,596.36,594.8433333333332,593.25,345.02
2023-02-25 21:00:00,345.02,21,5,1,596.28,512.5533333333333,552.0366666666667,348.5
2023-02-25 22:00:00,348.5,22,5,1,345.02,429.9333333333332,511.7716666666667,354.53
2023-02-25 23:00:00,354.53,23,5,1,348.5,349.3499999999999,472.09666666666664,352.6
2023-02-26 00:00:00,352.6,0,6,1,354.53,351.8766666666666,432.215,333.12
2023-02-26 01:00:00,333.12,1,6,1,352.6,346.75,388.3416666666667,324.57
2023-02-26 02:00:00,324.57,2,6,1,333.12,336.7633333333333,343.0566666666666,352.47
2023-02-26 03:00:00,352.47,3,6,1,324.57,336.71999999999997,344.29833333333335,334.06
2023-02-26 04:00:00,334.06,4,6,1,352.47,337.0333333333333,341.89166666666665,343.2
2023-02-26 05:00:00,343.2,5,6,1,334.06,343.24333333333334,340.0033333333334,335.64
2023-02-26 06:00:00,335.64,6,6,1,343.2,337.63333333333327,337.1766666666667,780.58
2023-02-26 07:00:00,780.58,7,6,1,335.64,486.47333333333336,411.7533333333334,799.33
2023-02-26 08:00:00,799.33,8,6,1,780.58,638.5166666666667,490.88000000000005,801.07
2023-02-26 09:00:00,801.07,9,6,1,799.33,793.66,565.6466666666666,790.39
2023-02-26 10:00:00,790.39,10,6,1,801.07,796.93,641.7016666666667,774.27
2023-02-26 11:00:00,774.27,11,6,1,790.39,788.5766666666667,713.5466666666666,790.63
2023-02-26 12:00:00,790.63,12,6,1,774.27,785.0966666666667,789.3783333333334,798.13
2023-02-26 13:00:00,798.13,13,6,1,790.63,787.6766666666666,792.3033333333334,783.17
2023-02-26 14:00:00,783.17,14,6,1,798.13,790.6433333333333,789.61,596.47
2023-02-26 15:00:00,596.47,15,6,1,783.17,725.9233333333333,755.5100000000001,594.88
2023-02-26 16:00:00,594.88,16,6,1,596.47,658.1733333333333,722.9250000000001,599.63
2023-02-26 17:00:00,599.63,17,6,1,594.88,596.9933333333333,693.8183333333333,595.96
2023-02-26 18:00:00,595.96,18,6,1,599.63,596.8233333333333,661.3733333333333,587.22
2023-02-26 19:00:00,587.22,19,6,1,595.96,594.27,626.2216666666667,604.57
2023-02-26 20:00:00,604.57,20,6,1,587.22,595.9166666666666,596.455,343.73
2023-02-26 21:00:00,343.73,21,6,1,604.57,511.84,554.3316666666667,344.78
2023-02-26 22:00:00,344.78,22,6,1,343.73,431.02666666666664,512.6483333333334,337.53
2023-02-26 23:00:00,337.53,23,6,1,344.78,342.0133333333333,468.965,421.45
2023-02-27 00:00:00,421.45,0,0,0,337.53,367.9199999999999,439.88000000000005,417.92
2023-02-27 01:00:00,417.92,1,0,0,421.45,392.29999999999995,411.6633333333334,423.62
2023-02-27 02:00:00,423.62,2,0,0,417.92,420.9966666666666,381.50500000000005,438.69
2023-02-27 03:00:00,438.69,3,0,0,423.62,426.7433333333333,397.3316666666667,414.02
2023-02-27 04:00:00,414.02,4,0,0,438.69,425.4433333333333,408.87166666666667,412.09
2023-02-27 05:00:00,412.09,5,0,0,414.02,421.5999999999999,421.29833333333335,436.77
2023-02-27 06:00:00,436.77,6,0,0,412.09,420.95999999999987,423.85166666666663,873.33
2023-02-27 07:00:00,873.33,7,0,0,436.77,574.0633333333333,499.7533333333333,869.65
2023-02-27 08:00:00,869.65,8,0,0,873.33,726.5833333333334,574.0916666666666,883.32
2023-02-27 09:00:00,883.32,9,0,0,869.65,875.4333333333334,648.1966666666666,870.16
2023-02-27 10:00:00,870.16,10,0,0,883.32,874.3766666666667,724.2199999999999,889.61
2023-02-27 11:00:00,889.61,11,0,0,870.16,881.0300000000001,803.8066666666667,880.42
2023-02-27 12:00:00,880.42,12,0,0,889.61,880.0633333333332,877.7483333333333,871.1
2023-02-27 13:00:00,871.1,13,0,0,880.42,880.3766666666667,877.3766666666667,892.26
2023-02-27 14:00:00,892.26,14,0,0,871.1,881.2599999999999,881.145,670.15
2023-02-27 15:00:00,670.15,15,0,0,892.26,811.17,845.6166666666667,680.94
2023-02-27 16:00:00,680.94,16,0,0,670.15,747.7833333333333,814.0799999999999,677.39
2023-02-27 17:00:00,677.39,17,0,0,680.94,676.16,778.71,685.41
2023-02-27 18:00:00,685.41,18,0,0,677.39,681.2466666666666,746.2083333333334,687.49
2023-02-27 19:00:00,687.49,19,0,0,685.41,683.43,715.6066666666667,675.26
2023-02-27 20:00:00,675.26,20,0,0,687.49,682.7199999999999,679.4399999999999,418.97
2023-02-27 21:00:00,418.97,21,0,0,675.26,593.9066666666666,637.5766666666667,428.68
2023-02-27 22:00:00,428.68,22,0,0,418.97,507.6366666666666,595.5333333333334,419.58
2023-02-27 23:00:00,419.58,23,0,0,428.68,422.41,552.565,441.11
2023-02-28 00:00:00,441.11,0,1,0,419.58,429.78999999999996,511.84833333333336,426.09
2023-02-28 01:00:00,426.09,1,1,0,441.11,428.92666666666656,468.2816666666667,422.08
2023-02-28 02:00:00,422.08,2,1,0,426.09,429.75999999999993,426.085,426.48
2023-02-28 03:00:00,426.48,3,1,0,422.08,424.88333333333327,427.33666666666664,414.22
2023-02-28 04:00:00,414.22,4,1,0,426.48,420.9266666666667,424.9266666666667,417.23
2023-02-28 05:00:00,417.23,5,1,0,414.22,419.30999999999995,424.535,434.6
2023-02-28 06:00:00,434.6,6,1,0,417.23,422.01666666666665,423.45000000000005,869.74
2023-02-28 07:00:00,869.74,7,1,0,434.6,573.8566666666667,497.3916666666667,866.62
2023-02-28 08:00:00,866.62,8,1,0,869.74,723.6533333333333,571.4816666666667,879.29
2023-02-28 09:00:00,879.29,9,1,0,866.62,871.8833333333333,646.95,884.49
2023-02-28 10:00:00,884.49,10,1,0,879.29,876.7999999999998,725.3283333333334,880.75
2023-02-28 11:00:00,880.75,11,1,0,884.49,881.5099999999999,802.5816666666666,882.97
2023-02-28 12:00:00,882.97,12,1,0,880.75,882.7366666666667,877.31,868.95
2023-02-28 13:00:00,868.95,13,1,0,882.97,877.5566666666667,877.1783333333333,863.63
2023-02-28 14:00:00,863.63,14,1,0,868.95,871.85,876.68,687.01
2023-02-28 15:00:00,687.01,15,1,0,863.63,806.5300000000001,844.6333333333333,672.42
2023-02-28 16:00:00,672.42,16,1,0,687.01,741.02,809.2883333333334,672.99
2023-02-28 17:00:00,672.99,17,1,0,672.42,677.4733333333332,774.6616666666667,685.63
2023-02-28 18:00:00,685.63,18,1,0,672.99,677.0133333333333,741.7716666666666,679.45
2023-02-28 19:00:00,679.45,19,1,0,685.63,679.3566666666667,710.1883333333334,678.65
2023-02-28 20:00:00,678.65,20,1,0,679.45,681.2433333333333,679.3583333333333,442.32
2023-02-28 21:00:00,442.32,21,1,0,678.65,600.14,638.5766666666667,419.85
2023-02-28 22:00:00,419.85,22,1,0,442.32,513.6066666666666,596.4816666666667,432.42
2023-02-28 23:00:00,432.42,23,1,0,419.85,431.53,556.3866666666667,443.76
2023-03-01 00:00:00,443.76,0,2,0,432.42,432.01,516.0749999999999,445.45
2023-03-01 01:00:00,445.45,1,2,0,443.76,440.5433333333333,477.075,455.53
2023-03-01 02:00:00,455.53,2,2,0,445.45,448.2466666666666,439.8883333333333,447.36
2023-03-01 03:00:00,447.36,3,2,0,455.53,449.44666666666666,440.7283333333334,447.61
2023-03-01 04:00:00,447.61,4,2,0,447.36,450.1666666666666,445.35499999999996,451.88
2023-03-01 05:00:00,451.88,5,2,0,447.61,448.95,448.59833333333336,440.38
2023-03-01 06:00:00,440.38,6,2,0,451.88,446.6233333333333,448.035,886.59
2023-03-01 07:00:00,886.59,7,2,0,440.38,592.9499999999999,521.5583333333334,884.94
2023-03-01 08:00:00,884.94,8,2,0,886.59,737.3033333333333,593.1266666666667,877.57
2023-03-01 09:00:00,877.57,9,2,0,884.94,883.0333333333333,664.8283333333333,909.75
2023-03-01 10:00:00,909.75,10,2,0,877.57,890.7533333333334,741.8516666666668,884.48
2023-03-01 11:00:00,884.48,11,2,0,909.75,890.6,813.9516666666667,891.53
2023-03-01 12:00:00,891.53,12,2,0,884.48,895.2533333333332,889.1433333333333,891.09
2023-03-01 13:00:00,891.09,13,2,0,891.53,889.0333333333333,889.8933333333333,895.76
2023-03-01 14:00:00,895.76,14,2,0,891.09,892.7933333333334,891.6966666666667,699.83
2023-03-01 15:00:00,699.83,15,2,0,895.76,828.8933333333334,862.0733333333333,700.19
2023-03-01 16:00:00,700.19,16,2,0,699.83,765.2600000000001,827.1466666666666,688.64
2023-03-01 17:00:00,688.64,17,2,0,700.19,696.2199999999999,794.5066666666667,691.96
2023-03-01 18:00:00,691.96,18,2,0,688.64,693.5966666666667,761.245,695.56
2023-03-01 19:00:00,695.56,19,2,0,691.96,692.0533333333333,728.6566666666666,691.31
2023-03-01 20:00:00,691.31,20,2,0,695.56,692.9433333333333,694.5816666666666,456.16
2023-03-01 21:00:00,456.16,21,2,0,691.31,614.3433333333334,653.97,447.23
2023-03-01 22:00:00,447.23,22,2,0,456.16,531.5666666666667,611.8100000000001,449.18
2023-03-01 23:00:00,449.18,23,2,0,447.23,450.85666666666674,571.9,448.6
2023-03-02 00:00:00,448.6,0,3,0,449.18,448.33666666666664,531.34,452.69
2023-03-02 01:00:00,452.69,1,3,0,448.6,450.1566666666667,490.8616666666667,444.75
2023-03-02 02:00:00,444.75,2,3,0,452.69,448.68,449.76833333333326,432.93
2023-03-02 03:00:00,432.93,3,3,0,444.75,443.45666666666665,445.8966666666667,446.5
2023-03-02 04:00:00,446.5,4,3,0,432.93,441.39333333333326,445.77500000000003,438.09
2023-03-02 05:00:00,438.09,5,3,0,446.5,439.17333333333335,443.9266666666667,439.07
2023-03-02 06:00:00,439.07,6,3,0,438.09,441.21999999999997,442.33833333333337,897.99
2023-03-02 07:00:00,897.99,7,3,0,439.07,591.7166666666667,516.555,903.21
2023-03-02 08:00:00,903.21,8,3,0,897.99,746.7566666666667,592.965,893.47
2023-03-02 09:00:00,893.47,9,3,0,903.21,898.2233333333334,669.7216666666667,895.77
2023-03-02 10:00:00,895.77,10,3,0,893.47,897.4833333333335,744.6,906.92
2023-03-02 11:00:00,906.92,11,3,0,895.77,898.7199999999999,822.7383333333333,895.23
2023-03-02 12:00:00,895.23,12,3,0,906.92,899.3066666666667,898.765,914.11
2023-03-02 13:00:00,914.11,13,3,0,895.23,905.42,901.4516666666667,897.83
2023-03-02 14:00:00,897.83,14,3,0,914.11,902.39,900.555,679.22
2023-03-02 15:00:00,679.22,15,3,0,897.83,830.3866666666667,864.8466666666668,699.33
2023-03-02 16:00:00,699.33,16,3,0,679.22,758.7933333333334,832.1066666666667,696.35
2023-03-02 17:00:00,696.35,17,3,0,699.33,691.6333333333333,797.0116666666667,703.62
2023-03-02 18:00:00,703.62,18,3,0,696.35,699.7666666666668,765.0766666666667,698.69
2023-03-02 19:00:00,698.69,19,3,0,703.62,699.5533333333334,729.1733333333335,692.19
2023-03-02 20:00:00,692.19,20,3,0,698.69,698.1666666666666,694.9,433.51
2023-03-02 21:00:00,433.51,21,3,0,692.19,608.1300000000001,653.9483333333334,441.63
2023-03-02 22:00:00,441.63,22,3,0,433.51,522.4433333333334,610.9983333333333,436.5
2023-03-02 23:00:00,436.5,23,3,0,441.63,437.2133333333333,567.6899999999999,438.66
2023-03-03 00:00:00,438.66,0,4,0,436.5,438.93,523.5300000000001,448.01
2023-03-03 01:00:00,448.01,1,4,0,438.66,441.0566666666667,481.75,456.66
2023-03-03 02:00:00,456.66,2,4,0,448.01,447.77666666666664,442.49500000000006,446.46
2023-03-03 03:00:00,446.46,3,4,0,456.66,450.3766666666666,444.65333333333325,433.73
2023-03-03 04:00:00,433.73,4,4,0,446.46,445.6166666666666,443.33666666666664,446.86
2023-03-03 05:00:00,446.86,5,4,0,433.73,442.34999999999997,445.06333333333333,452.87
2023-03-03 06:00:00,452.87,6,4,0,446.86,444.4866666666667,447.4316666666666,888.42
2023-03-03 07:00:00,888.42,7,4,0,452.87,596.05,520.8333333333334,892.23
2023-03-03 08:00:00,892.23,8,4,0,888.42,744.5066666666667,593.4283333333334,893.42
2023-03-03 09:00:00,893.42,9,4,0,892.23,891.3566666666666,667.9216666666667,887.02
2023-03-03 10:00:00,887.02,10,4,0,893.42,890.89,743.4699999999999,898.49
2023-03-03 11:00:00,898.49,11,4,0,887.02,892.9766666666666,818.7416666666667,892.33
2023-03-03 12:00:00,892.33,12,4,0,898.49,892.6133333333333,891.985,896.66
2023-03-03 13:00:00,896.66,13,4,0,892.33,895.8266666666667,893.3583333333332,886.2
2023-03-03 14:00:00,886.2,14,4,0,896.66,891.73,892.3533333333335,689.8
2023-03-03 15:00:00,689.8,15,4,0,886.2,824.2199999999999,858.4166666666666,699.08
2023-03-03 16:00:00,699.08,16,4,0,689.8,758.36,827.0933333333332,690.32
2023-03-03 17:00:00,690.32,17,4,0,699.08,693.0666666666666,792.3983333333334,707.12
2023-03-03 18:00:00,707.12,18,4,0,690.32,698.8400000000001,761.5300000000001,690.1
2023-03-03 19:00:00,690.1,19,4,0,707.12,695.8466666666667,727.1033333333334,695.1
2023-03-03 20:00:00,695.1,20,4,0,690.1,697.4399999999999,695.2533333333334,450.76
2023-03-03 21:00:00,450.76,21,4,0,695.1,611.9866666666667,655.4133333333333,431.95
2023-03-03 22:00:00,431.95,22,4,0,450.76,525.9366666666667,610.8916666666667,429.21
2023-03-03 23:00:00,429.21,23,4,0,431.95,437.3066666666667,567.3733333333333,351.1
2023-03-04 00:00:00,351.1,0,5,1,429.21,404.08666666666664,508.0366666666667,373.4
2023-03-04 01:00:00,373.4,1,5,1,351.1,384.57,455.25333333333333,358.89
2023-03-04 02:00:00,358.89,2,5,1,373.4,361.12999999999994,399.2183333333333,383.77
2023-03-04 03:00:00,383.77,3,5,1,358.89,372.02,388.0533333333333,358.79
2023-03-04 04:00:00,358.79,4,5,1,383.77,367.15000000000003,375.85999999999996,364.78
2023-03-04 05:00:00,364.78,5,5,1,358.79,369.1133333333333,365.12166666666667,375.64
2023-03-04 06:00:00,375.64,6,5,1,364.78,366.40333333333336,369.21166666666664,829.35
2023-03-04 07:00:00,829.35,7,5,1,375.64,523.2566666666667,445.2033333333333,829.79
2023-03-04 08:00:00,829.79,8,5,1,829.35,678.26,523.6866666666666,822.97
2023-03-04 09:00:00,822.97,9,5,1,829.79,827.3699999999999,596.8866666666667,821.49
2023-03-04 10:00:00,821.49,10,5,1,822.97,824.75,674.0033333333333,818.04
2023-03-04 11:00:00,818.04,11,5,1,821.49,820.8333333333334,749.5466666666666,819.53
2023-03-04 12:00:00,819.53,12,5,1,818.04,819.6866666666666,823.5283333333333,808.89
2023-03-04 13:00:00,808.89,13,5,1,819.53,815.4866666666667,820.1183333333333,806.76
2023-03-04 14:00:00,806.76,14,5,1,808.89,811.7266666666666,816.2800000000001,613.27
2023-03-04 15:00:00,613.27,15,5,1,806.76,742.9733333333334,781.3299999999999,611.94
2023-03-04 16:00:00,611.94,16,5,1,613.27,677.3233333333334,746.4050000000001,609.68
2023-03-04 17:00:00,609.68,17,5,1,611.94,611.63,711.6783333333333,618.87
2023-03-04 18:00:00,618.87,18,5,1,609.68,613.4966666666666,678.235,620.94
2023-03-04 19:00:00,620.94,19,5,1,618.87,616.4966666666666,646.91,614.01
2023-03-04 20:00:00,614.01,20,5,1,620.94,617.94,614.785,375.12
2023-03-04 21:00:00,375.12,21,5,1,614.01,536.69,575.0933333333334,354.17
2023-03-04 22:00:00,354.17,22,5,1,375.12,447.76666666666665,532.1316666666667,361.75
2023-03-04 23:00:00,361.75,23,5,1,354.17,363.68,490.80999999999995,357.57
2023-03-05 00:00:00,357.57,0,6,1,361.75,357.83,447.26,348.37
2023-03-05 01:00:00,348.37,1,6,1,357.57,355.8966666666667,401.83166666666665,362.64
2023-03-05 02:00:00,362.64,2,6,1,348.37,356.1933333333333,359.93666666666667,362.33
2023-03-05 03:00:00,362.33,3,6,1,362.64,357.78,357.805,375.41
2023-03-05 04:00:00,375.41,4,6,1,362.33,366.79333333333335,361.34499999999997,368.35
2023-03-05 05:00:00,368.35,5,6,1,375.41,368.6966666666667,362.445,355.11
2023-03-05 06:00:00,355.11,6,6,1,368.35,366.29,362.035,828.13
2023-03-05 07:00:00,828.13,7,6,1,355.11,517.1966666666667,441.99500000000006,823.07
2023-03-05 08:00:00,823.07,8,6,1,828.13,668.7700000000001,518.7333333333332,817.96
2023-03-05 09:00:00,817.96,9,6,1,823.07,823.0533333333333,594.6716666666666,811.49
2023-03-05 10:00:00,811.49,10,6,1,817.96,817.5066666666667,667.3516666666667,805.63
2023-03-05 11:00:00,805.63,11,6,1,811.49,811.6933333333333,740.2316666666667,810.32
2023-03-05 12:00:00,810.32,12,6,1,805.63,809.1466666666666,816.1,822.01
2023-03-05 13:00:00,822.01,13,6,1,810.32,812.6533333333333,815.0799999999999,828.38
2023-03-05 14:00:00,828.38,14,6,1,822.01,820.2366666666667,815.965,625.65
2023-03-05 15:00:00,625.65,15,6,1,828.38,758.68,783.9133333333334,609.39
2023-03-05 16:00:00,609.39,16,6,1,625.65,687.8066666666667,750.23,604.34
2023-03-05 17:00:00,604.34,17,6,1,609.39,613.1266666666667,716.6816666666667,614.43
2023-03-05 18:00:00,614.43,18,6,1,604.34,609.3866666666667,684.0333333333333,599.15
2023-03-05 19:00:00,599.15,19,6,1,614.43,605.9733333333334,646.89,615.89
2023-03-05 20:00:00,615.89,20,6,1,599.15,609.8233333333333,611.475,362.12
2023-03-05 21:00:00,362.12,21,6,1,615.89,525.72,567.5533333333333,359.57
2023-03-05 22:00:00,359.57,22,6,1,362.12,445.85999999999996,525.9166666666666,350.54
2023-03-05 23:00:00,350.54,23,6,1,359.57,357.41,483.6166666666666,447.41
2023-03-06 00:00:00,447.41,0,0,0,350.54,385.84,455.78,439.04
2023-03-06 01:00:00,439.04,1,0,0,447.41,412.3300000000001,429.09499999999997,433.94
2023-03-06 02:00:00,433.94,2,0,0,439.04,440.13000000000005,398.77,420.32
2023-03-06 03:00:00,420.32,3,0,0,433.94,431.09999999999997,408.47,443.08
2023-03-06 04:00:00,443.08,4,0,0,420.32,432.44666666666666,422.3883333333333,457.48
2023-03-06 05:00:00,457.48,5,0,0,443.08,440.2933333333333,440.21166666666664,456.59
2023-03-06 06:00:00,456.59,6,0,0,457.48,452.3833333333334,441.7416666666666,889.64
2023-03-06 07:00:00,889.64,7,0,0,456.59,601.2366666666667,516.8416666666667,888.48
2023-03-06 08:00:00,888.48,8,0,0,889.64,744.9033333333333,592.5983333333334,897.05
2023-03-06 09:00:00,897.05,9,0,0,888.48,891.7233333333334,672.0533333333333,885.31
2023-03-06 10:00:00,885.31,10,0,0,897.05,890.2800000000001,745.7583333333333,895.72
2023-03-06 11:00:00,895.72,11,0,0,885.31,892.6933333333333,818.7983333333333,899.43
2023-03-06 12:00:00,899.43,12,0,0,895.72,893.4866666666667,892.6049999999999,903.12
2023-03-06 13:00:00,903.12,13,0,0,899.43,899.4233333333333,894.8516666666668,892.5
2023-03-06 14:00:00,892.5,14,0,0,903.12,898.35,895.5216666666666,691.67
2023-03-06 15:00:00,691.67,15,0,0,892.5,829.0966666666667,861.2916666666666,686.28
2023-03-06 16:00:00,686.28,16,0,0,691.67,756.8166666666666,828.12,686.69
2023-03-06 17:00:00,686.69,17,0,0,686.28,688.2133333333333,793.2816666666666,691.49
2023-03-06 18:00:00,691.49,18,0,0,686.69,688.1533333333333,758.625,696.24
2023-03-06 19:00:00,696.24,19,0,0,691.49,691.4733333333334,724.145,700.61
2023-03-06 20:00:00,700.61,20,0,0,696.24,696.1133333333333,692.1633333333334,436.88
2023-03-06 21:00:00,436.88,21,0,0,700.61,611.2433333333333,649.6983333333334,455.24
2023-03-06 22:00:00,455.24,22,0,0,436.88,530.91,611.1916666666666,441.13
2023-03-06 23:00:00,441.13,23,0,0,455.24,444.4166666666667,570.265,443.13
2023-03-07 00:00:00,443.13,0,1,0,441.13,446.5,528.8716666666667,437.32
2023-03-07 01:00:00,437.32,1,1,0,443.13,440.52666666666664,485.7183333333333,423.91
2023-03-07 02:00:00,423.91,2,1,0,437.32,434.7866666666667,439.6016666666667,450.37
2023-03-07 03:00:00,450.37,3,1,0,423.91,437.2,441.84999999999997,449.2
2023-03-07 04:00:00,449.2,4,1,0,450.37,441.16,440.8433333333333,441.05
2023-03-07 05:00:00,441.05,5,1,0,449.2,446.8733333333333,440.83,443.84
2023-03-07 06:00:00,443.84,6,1,0,441.05,444.69666666666666,440.9483333333333,897.43
2023-03-07 07:00:00,897.43,7,1,0,443.84,594.1066666666667,517.6333333333333,880.8
2023-03-07 08:00:00,880.8,8,1,0,897.43,740.6899999999999,593.7816666666666,889.07
2023-03-07 09:00:00,889.07,9,1,0,880.8,889.1,666.8983333333333,899.66
2023-03-07 10:00:00,899.66,10,1,0,889.07,889.8433333333332,741.9749999999999,883.27
2023-03-07 11:00:00,883.27,11,1,0,899.66,890.6666666666666,815.6783333333333,895.65
2023-03-07 12:00:00,895.65,12,1,0,883.27,892.86,890.98,882.45
2023-03-07 13:00:00,882.45,13,1,0,895.65,887.1233333333333,888.4833333333335,897.03
2023-03-07 14:00:00,897.03,14,1,0,882.45,891.71,891.1883333333334,693.02
2023-03-07 15:00:00,693.02,15,1,0,897.03,824.1666666666666,858.5133333333333,680.38
2023-03-07 16:00:00,680.38,16,1,0,693.02,756.8100000000001,821.9666666666666,702.62
2023-03-07 17:00:00,702.62,17,1,0,680.38,692.0066666666667,791.8583333333335,687.42
2023-03-07 18:00:00,687.42,18,1,0,702.62,690.14,757.1533333333333,686.82
2023-03-07 19:00:00,686.82,19,1,0,687.42,692.2866666666667,724.5483333333333,694.91
2023-03-07 20:00:00,694.91,20,1,0,686.82,689.7166666666667,690.8616666666667,452.49
2023-03-07 21:00:00,452.49,21,1,0,694.91,611.4066666666666,650.7733333333334,435.17
2023-03-07 22:00:00,435.17,22,1,0,452.49,527.5233333333334,609.905,443.79
2023-03-07 23:00:00,443.79,23,1,0,435.17,443.81666666666666,566.7666666666668,446.73
2023-03-08 00:00:00,446.73,0,2,0,443.79,441.8966666666667,526.6516666666666,448.85
2023-03-08 01:00:00,448.85,1,2,0,446.73,446.45666666666665,486.99,444.71
2023-03-08 02:00:00,444.71,2,2,0,448.85,446.7633333333333,445.29,440.37
2023-03-08 03:00:00,440.37,3,2,0,444.71,444.6433333333334,443.27,436.68
2023-03-08 04:00:00,436.68,4,2,0,440.37,440.58666666666664,443.5216666666667,443.99
2023-03-08 05:00:00,443.99,5,2,0,436.68,440.34666666666664,443.55500000000006,434.72
2023-03-08 06:00:00,434.72,6,2,0,443.99,438.46333333333337,441.55333333333334,869.93
2023-03-08 07:00:00,869.93,7,2,0,434.72,582.88,511.7333333333333,896.79
2023-03-08 08:00:00,896.79,8,2,0,869.93,733.8133333333334,587.0799999999999,900.53
2023-03-08 09:00:00,900.53,9,2,0,896.79,889.0833333333334,663.7733333333333,874.4
2023-03-08 10:00:00,874.4,10,2,0,900.53,890.5733333333334,736.7266666666666,885.22
2023-03-08 11:00:00,885.22,11,2,0,874.4,886.7166666666667,810.265,898.25
2023-03-08 12:00:00,898.25,12,2,0,885.22,885.9566666666666,887.52,909.76
2023-03-08 13:00:00,909.76,13,2,0,898.25,897.7433333333333,894.1583333333333,893.47
2023-03-08 14:00:00,893.47,14,2,0,909.76,900.4933333333333,893.605,687.48
2023-03-08 15:00:00,687.48,15,2,0,893.47,830.2366666666667,858.0966666666668,691.84
2023-03-08 16:00:00,691.84,16,2,0,687.48,757.5966666666667,827.6700000000001,704.3
2023-03-08 17:00:00,704.3,17,2,0,691.84,694.54,797.5166666666668,688.13
2023-03-08 18:00:00,688.13,18,2,0,704.3,694.7566666666667,762.4966666666668,686.91
2023-03-08 19:00:00,686.91,19,2,0,688.13,693.1133333333332,725.355,689.44
2023-03-08 20:00:00,689.44,20,2,0,686.91,688.16,691.35,435.67
2023-03-08 21:00:00,435.67,21,2,0,689.44,604.0066666666667,649.3816666666667,444.28
2023-03-08 22:00:00,444.28,22,2,0,435.67,523.13,608.1216666666667,456.3
2023-03-08 23:00:00,456.3,23,2,0,444.28,445.4166666666667,566.7883333333334,445.89
2023-03-09 00:00:00,445.89,0,3,0,456.3,448.82333333333327,526.4150000000001,441.28
2023-03-09 01:00:00,441.28,1,3,0,445.89,447.82333333333327,485.47666666666663,440.97
2023-03-09 02:00:00,440.97,2,3,0,441.28,442.7133333333333,444.06500000000005,430.8
2023-03-09 03:00:00,430.8,3,3,0,440.97,437.68333333333334,443.25333333333333,450.37
2023-03-09 04:00:00,450.37,4,3,0,430.8,440.71333333333337,444.2683333333334,442.68
2023-03-09 05:00:00,442.68,5,3,0,450.37,441.2833333333333,441.9983333333334,441.86
2023-03-09 06:00:00,441.86,6,3,0,442.68,444.97,441.32666666666665,918.85
2023-03-09 07:00:00,918.85,7,3,0,441.86,601.13,520.9216666666667,895.69
2023-03-09 08:00:00,895.69,8,3,0,918.85,752.1333333333333,596.7083333333334,887.29
2023-03-09 09:00:00,887.29,9,3,0,895.69,900.61,672.7900000000001,889.89
2023-03-09 10:00:00,889.89,10,3,0,887.29,890.9566666666666,746.0433333333334,902.49
2023-03-09 11:00:00,902.49,11,3,0,889.89,893.2233333333334,822.6783333333333,894.21
2023-03-09 12:00:00,894.21,12,3,0,902.49,895.5300000000001,898.07,881.8
2023-03-09 13:00:00,881.8,13,3,0,894.21,892.8333333333334,891.895,900.66
2023-03-09 14:00:00,900.66,14,3,0,881.8,892.2233333333334,892.7233333333334,687.96
2023-03-09 15:00:00,687.96,15,3,0,900.66,823.4733333333334,859.5016666666666,708.29
2023-03-09 16:00:00,708.29,16,3,0,687.96,765.6366666666667,829.235,701.94
2023-03-09 17:00:00,701.94,17,3,0,708.29,699.3966666666666,795.81,689.72
2023-03-09 18:00:00,689.72,18,3,0,701.94,699.9833333333335,761.7283333333334,703.55
2023-03-09 19:00:00,703.55,19,3,0,689.72,698.4033333333333,732.02,693.84
2023-03-09 20:00:00,693.84,20,3,0,703.55,695.7033333333334,697.5500000000001,450.12
2023-03-09 21:00:00,450.12,21,3,0,693.84,615.8366666666666,657.91,447.18
2023-03-09 22:00:00,447.18,22,3,0,450.12,530.38,614.3916666666668,436.53
2023-03-09 23:00:00,436.53,23,3,0,447.18,444.60999999999996,570.1566666666666,438.15
2023-03-10 00:00:00,438.15,0,4,0,436.53,440.61999999999995,528.2283333333334,451.54
2023-03-10 01:00:00,451.54,1,4,0,438.15,442.07333333333327,486.22666666666663,440.62
2023-03-10 02:00:00,440.62,2,4,0,451.54,443.43666666666667,444.02333333333337,440.07
2023-03-10 03:00:00,440.07,3,4,0,440.62,444.07666666666665,442.34833333333336,435.66
2023-03-10 04:00:00,435.66,4,4,0,440.07,438.7833333333333,440.4283333333333,446.69
2023-03-10 05:00:00,446.69,5,4,0,435.66,440.8066666666667,442.12166666666667,459.8
2023-03-10 06:00:00,459.8,6,4,0,446.69,447.3833333333334,445.73,884.76
2023-03-10 07:00:00,884.76,7,4,0,459.8,597.0833333333334,517.9333333333334,893.5
2023-03-10 08:00:00,893.5,8,4,0,884.76,746.02,593.4133333333334,904.6
2023-03-10 09:00:00,904.6,9,4,0,893.5,894.2866666666667,670.835,892.66
2023-03-10 10:00:00,892.66,10,4,0,904.6,896.9200000000001,747.0016666666667,896.92
2023-03-10 11:00:00,896.92,11,4,0,892.66,898.06,822.04,884.8
2023-03-10 12:00:00,884.8,12,4,0,896.92,891.46,892.8733333333333,896.73
2023-03-10 13:00:00,896.73,13,4,0,884.8,892.8166666666666,894.8683333333333,891.8
2023-03-10 14:00:00,891.8,14,4,0,896.73,891.11,894.5849999999999,701.19
2023-03-10 15:00:00,701.19,15,4,0,891.8,829.9066666666668,860.6833333333334,702.8
2023-03-10 16:00:00,702.8,16,4,0,701.19,765.2633333333333,829.0400000000001,714.02
2023-03-10 17:00:00,714.02,17,4,0,702.8,706.0033333333332,798.5566666666667,697.94
2023-03-10 18:00:00,697.94,18,4,0,714.02,704.92,767.4133333333334,695.91
2023-03-10 19:00:00,695.91,19,4,0,697.94,702.6233333333333,733.9433333333333,694.86
2023-03-10 20:00:00,694.86,20,4,0,695.91,696.2366666666667,701.12,440.48
2023-03-10 21:00:00,440.48,21,4,0,694.86,610.4166666666666,657.6683333333333,446.01
2023-03-10 22:00:00,446.01,22,4,0,440.48,527.1166666666667,614.87,440.94
2023-03-10 23:00:00,440.94,23,4,0,446.01,442.4766666666667,569.3566666666667,364.65
2023-03-11 00:00:00,364.65,0,5,1,440.94,417.2,513.8083333333333,373.84
2023-03-11 01:00:00,373.84,1,5,1,364.65,393.14333333333326,460.12999999999994,355.25
2023-03-11 02:00:00,355.25,2,5,1,373.84,364.5799999999999,403.52833333333336,372.42
2023-03-11 03:00:00,372.42,3,5,1,355.25,367.17,392.185,373.84
2023-03-11 04:00:00,373.84,4,5,1,372.42,367.17,380.1566666666666,362.36
2023-03-11 05:00:00,362.36,5,5,1,373.84,369.53999999999996,367.06,346.33
2023-03-11 06:00:00,346.33,6,5,1,362.36,360.8433333333333,364.00666666666666,808.44
2023-03-11 07:00:00,808.44,7,5,1,346.33,505.71000000000004,436.44000000000005,823.68
2023-03-11 08:00:00,823.68,8,5,1,808.44,659.4833333333332,514.5116666666667,813.12
2023-03-11 09:00:00,813.12,9,5,1,823.68,815.0799999999999,587.9616666666667,805.31
2023-03-11 10:00:00,805.31,10,5,1,813.12,814.0366666666665,659.8733333333333,809.26
2023-03-11 11:00:00,809.26,11,5,1,805.31,809.23,734.3566666666667,820.03
2023-03-11 12:00:00,820.03,12,5,1,809.26,811.5333333333333,813.3066666666667,817.68
2023-03-11 13:00:00,817.68,13,5,1,820.03,815.6566666666666,814.8466666666667,811.39
2023-03-11 14:00:00,811.39,14,5,1,817.68,816.3666666666667,812.7983333333333,610.37
2023-03-11 15:00:00,610.37,15,5,1,811.39,746.48,779.0066666666667,610.17
2023-03-11 16:00:00,610.17,16,5,1,610.37,677.3100000000001,746.4833333333332,605.92
2023-03-11 17:00:00,605.92,17,5,1,610.17,608.82,712.5933333333332,626.22
2023-03-11 18:00:00,626.22,18,5,1,605.92,614.1033333333334,680.2916666666666,610.72
2023-03-11 19:00:00,610.72,19,5,1,626.22,614.2866666666667,645.7983333333333,623.04
2023-03-11 20:00:00,623.04,20,5,1,610.72,619.9933333333333,614.4066666666666,375.47
2023-03-11 21:00:00,375.47,21,5,1,623.04,536.41,575.2566666666667,371.29
2023-03-11 22:00:00,371.29,22,5,1,375.47,456.59999999999997,535.4433333333333,359.85
2023-03-11 23:00:00,359.85,23,5,1,371.29,368.87000000000006,494.4316666666667,366.53
2023-03-12 00:00:00,366.53,0,6,1,359.85,365.89000000000004,451.15000000000003,363.11
2023-03-12 01:00:00,363.11,1,6,1,366.53,363.16333333333336,409.88166666666666,356.07
2023-03-12 02:00:00,356.07,2,6,1,363.11,361.90333333333336,365.3866666666667,365.9
2023-03-12 03:00:00,365.9,3,6,1,356.07,361.6933333333333,363.7916666666667,353.87
2023-03-12 04:00:00,353.87,4,6,1,365.9,358.6133333333334,360.8883333333333,372.8
2023-03-12 05:00:00,372.8,5,6,1,353.87,364.19,363.0466666666667,359.58
2023-03-12 06:00:00,359.58,6,6,1,372.8,362.0833333333333,361.8883333333333,814.91
2023-03-12 07:00:00,814.91,7,6,1,359.58,515.7633333333333,437.18833333333333,815.57
2023-03-12 08:00:00,815.57,8,6,1,814.91,663.3533333333334,513.7716666666666,811.23
2023-03-12 09:00:00,811.23,9,6,1,815.57,813.9033333333333,587.9933333333333,817.99
2023-03-12 10:00:00,817.99,10,6,1,811.23,814.93,665.3466666666667,809.5
2023-03-12 11:00:00,809.5,11,6,1,817.99,812.9066666666666,738.13,820.27
2023-03-12 12:00:00,820.27,12,6,1,809.5,815.92,814.9116666666667,802.53
2023-03-12 13:00:00,802.53,13,6,1,820.27,810.7666666666668,812.8483333333334,814.31
2023-03-12 14:00:00,814.31,14,6,1,802.53,812.37,812.6383333333333,628.81
2023-03-12 15:00:00,628.81,15,6,1,814.31,748.5500000000001,782.235,605.3
2023-03-12 16:00:00,605.3,16,6,1,628.81,682.8066666666665,746.7866666666665,607.88
2023-03-12 17:00:00,607.88,17,6,1,605.3,613.9966666666666,713.1833333333333,617.41
2023-03-12 18:00:00,617.41,18,6,1,607.88,610.1966666666666,679.3733333333333,614.74
2023-03-12 19:00:00,614.74,19,6,1,617.41,613.3433333333334,648.0749999999999,616.11
2023-03-12 20:00:00,616.11,20,6,1,614.74,616.0866666666667,615.0416666666666,367.21
2023-03-12 21:00:00,367.21,21,6,1,616.11,532.6866666666666,571.4416666666667,368.38
2023-03-12 22:00:00,368.38,22,6,1,367.21,450.56666666666666,531.955,372.18
2023-03-12 23:00:00,372.18,23,6,1,368.38,369.25666666666666,492.6716666666667,446.58
2023-03-13 00:00:00,446.58,0,0,0,372.18,395.7133333333333,464.2,441.37
2023-03-13 01:00:00,441.37,1,0,0,446.58,420.04333333333335,435.305,448.68
2023-03-13 02:00:00,448.68,2,0,0,441.37,445.54333333333335,407.40000000000003,458.5
2023-03-13 03:00:00,458.5,3,0,0,448.68,449.5166666666667,422.615,442.24
2023-03-13 04:00:00,442.24,4,0,0,458.5,449.8066666666667,434.92499999999995,435.51
2023-03-13 05:00:00,435.51,5,0,0,442.24,445.4166666666667,445.48,452.16
2023-03-13 06:00:00,452.16,6,0,0,435.51,443.30333333333334,446.41,892.34
2023-03-13 07:00:00,892.34,7,0,0,452.16,593.3366666666667,521.5716666666667,875.92
2023-03-13 08:00:00,875.92,8,0,0,892.34,740.14,592.7783333333333,900.08
2023-03-13 09:00:00,900.08,9,0,0,875.92,889.4466666666667,666.375,889.02
2023-03-13 10:00:00,889.02,10,0,0,900.08,888.34,740.8383333333335,892.58
2023-03-13 11:00:00,892.58,11,0,0,889.02,893.8933333333333,817.0166666666668,895.96
2023-03-13 12:00:00,895.96,12,0,0,892.58,892.52,890.9833333333335,894.83
2023-03-13 13:00:00,894.83,13,0,0,895.96,894.4566666666666,891.3983333333334,898.98
2023-03-13 14:00:00,898.98,14,0,0,894.83,896.5900000000001,895.2416666666667,689.82
2023-03-13 15:00:00,689.82,15,0,0,898.98,827.8766666666667,860.1983333333334,697.41
2023-03-13 16:00:00,697.41,16,0,0,689.82,762.07,828.2633333333333,691.22
2023-03-13 17:00:00,691.22,17,0,0,697.41,692.8166666666666,794.7033333333334,699.21
2023-03-13 18:00:00,699.21,18,0,0,691.22,695.9466666666667,761.9116666666667,698.22
2023-03-13 19:00:00,698.22,19,0,0,699.21,696.2166666666667,729.1433333333334,685.82
2023-03-13 20:00:00,685.82,20,0,0,698.22,694.4166666666666,693.6166666666667,451.99
2023-03-13 21:00:00,451.99,21,0,0,685.82,612.0100000000001,653.9783333333334,439.01
2023-03-13 22:00:00,439.01,22,0,0,451.99,525.6066666666667,610.9116666666666,449.77
2023-03-13 23:00:00,449.77,23,0,0,439.01,446.92333333333335,570.67,446.24
2023-03-14 00:00:00,446.24,0,1,0,449.77,445.00666666666666,528.5083333333333,458.01
2023-03-14 01:00:00,458.01,1,1,0,446.24,451.34,488.4733333333333,441.51
2023-03-14 02:00:00,441.51,2,1,0,458.01,448.58666666666664,447.75500000000005,440.51
2023-03-14 03:00:00,440.51,3,1,0,441.51,446.6766666666667,445.84166666666664,443.15
2023-03-14 04:00:00,443.15,4,1,0,440.51,441.72333333333336,446.5316666666667,440.88
2023-03-14 05:00:00,440.88,5,1,0,443.15,441.5133333333333,445.05,449.7
2023-03-14 06:00:00,449.7,6,1,0,440.88,444.57666666666665,445.6266666666666,880.37
2023-03-14 07:00:00,880.37,7,1,0,449.7,590.3166666666666,516.02,884.87
2023-03-14 08:00:00,884.87,8,1,0,880.37,738.3133333333332,589.9133333333333,884.76
2023-03-14 09:00:00,884.76,9,1,0,884.87,883.3333333333334,663.955,900.9
2023-03-14 10:00:00,900.9,10,1,0,884.76,890.1766666666666,740.2466666666666,906.99
2023-03-14 11:00:00,906.99,11,1,0,900.9,897.5500000000001,817.9316666666667,892.47
2023-03-14 12:00:00,892.47,12,1,0,906.99,900.1199999999999,891.7266666666668,891.95
2023-03-14 13:00:00,891.95,13,1,0,892.47,897.1366666666667,893.6566666666668,893.86
2023-03-14 14:00:00,893.86,14,1,0,891.95,892.7599999999999,895.1550000000001,702.6
2023-03-14 15:00:00,702.6,15,1,0,893.86,829.4699999999999,864.7950000000001,685.88
2023-03-14 16:00:00,685.88,16,1,0,702.6,760.7800000000001,828.9583333333335,695.21
2023-03-14 17:00:00,695.21,17,1,0,685.88,694.5633333333332,793.6616666666667,701.1
2023-03-14 18:00:00,701.1,18,1,0,695.21,694.0633333333334,761.7666666666668,697.31
2023-03-14 19:00:00,697.31,19,1,0,701.1,697.8733333333333,729.3266666666667,694.82
2023-03-14 20:00:00,694.82,20,1,0,697.31,697.7433333333332,696.1533333333333,451.31
2023-03-14 21:00:00,451.31,21,1,0,694.82,614.4799999999999,654.2716666666666,421.68
2023-03-14 22:00:00,421.68,22,1,0,451.31,522.6033333333334,610.2383333333333,448.72
2023-03-14 23:00:00,448.72,23,1,0,421.68,440.57,569.1566666666666,438.07
2023-03-15 00:00:00,438.07,0,2,0,448.72,436.1566666666667,525.3183333333334,428.66
2023-03-15 01:00:00,428.66,1,2,0,438.07,438.4833333333333,480.54333333333335,447.39
2023-03-15 02:00:00,447.39,2,2,0,428.66,438.03999999999996,439.305,454.29
2023-03-15 03:00:00,454.29,3,2,0,447.39,443.44666666666666,439.80166666666673,442.2
2023-03-15 04:00:00,442.2,4,2,0,454.29,447.96,443.22166666666664,450.92
2023-03-15 05:00:00,450.92,5,2,0,442.2,449.1366666666666,443.58833333333337,456.2
2023-03-15 06:00:00,456.2,6,2,0,450.92,449.7733333333333,446.60999999999996,903.82
2023-03-15 07:00:00,903.82,7,2,0,456.2,603.6466666666666,525.8033333333334,906.42
2023-03-15 08:00:00,906.42,8,2,0,903.82,755.4799999999999,602.3083333333334,899.24
2023-03-15 09:00:00,899.24,9,2,0,906.42,903.16,676.4666666666666,893.9
2023-03-15 10:00:00,893.9,10,2,0,899.24,899.8533333333334,751.75,880.49
2023-03-15 11:00:00,880.49,11,2,0,893.9,891.2099999999999,823.3449999999999,891.33
2023-03-15 12:00:00,891.33,12,2,0,880.49,888.5733333333334,895.8666666666667,886.56
2023-03-15 13:00:00,886.56,13,2,0,891.33,886.1266666666667,892.9899999999999,910.67
2023-03-15 14:00:00,910.67,14,2,0,886.56,896.1866666666666,893.6983333333334,691.89
2023-03-15 15:00:00,691.89,15,2,0,910.67,829.7066666666666,859.1399999999999,694.29
2023-03-15 16:00:00,694.29,16,2,0,691.89,765.6166666666667,825.8716666666666,697.71
2023-03-15 17:00:00,697.71,17,2,0,694.29,694.63,795.4083333333333,693.65
2023-03-15 18:00:00,693.65,18,2,0,697.71,695.2166666666667,762.4616666666666,706.86
2023-03-15 19:00:00,706.86,19,2,0,693.65,699.4066666666668,732.5116666666667,688.32
2023-03-15 20:00:00,688.32,20,2,0,706.86,696.2766666666666,695.4533333333333,444.86
2023-03-15 21:00:00,444.86,21,2,0,688.32,613.3466666666667,654.2816666666666,437.36
2023-03-15 22:00:00,437.36,22,2,0,444.86,523.5133333333333,611.46,432.74
2023-03-15 23:00:00,432.74,23,2,0,437.36,438.32,567.2983333333333,438.41
2023-03-16 00:00:00,438.41,0,3,0,432.74,436.17,524.7583333333333,443.0
2023-03-16 01:00:00,443.0,1,3,0,438.41,438.04999999999995,480.7816666666667,439.87
2023-03-16 02:00:00,439.87,2,3,0,443.0,440.4266666666667,439.3733333333334,437.76
2023-03-16 03:00:00,437.76,3,3,0,439.87,440.21,438.19,432.05
2023-03-16 04:00:00,432.05,4,3,0,437.76,436.55999999999995,437.305,442.64
2023-03-16 05:00:00,442.64,5,3,0,432.05,437.4833333333333,438.955,431.26
2023-03-16 06:00:00,431.26,6,3,0,442.64,435.3166666666666,437.7633333333333,899.38
2023-03-16 07:00:00,899.38,7,3,0,431.26,591.0933333333332,513.8266666666667,893.96
2023-03-16 08:00:00,893.96,8,3,0,899.38,741.5333333333333,589.5083333333333,881.64
2023-03-16 09:00:00,881.64,9,3,0,893.96,891.6599999999999,663.4883333333333,890.83
2023-03-16 10:00:00,890.83,10,3,0,881.64,888.81,739.9516666666667,887.28
2023-03-16 11:00:00,887.28,11,3,0,890.83,886.5833333333334,814.0583333333334,895.85
2023-03-16 12:00:00,895.85,12,3,0,887.28,891.32,891.4899999999999,904.02
2023-03-16 13:00:00,904.02,13,3,0,895.85,895.7166666666666,892.2633333333333,878.3
2023-03-16 14:00:00,878.3,14,3,0,904.02,892.7233333333334,889.6533333333333,694.22
2023-03-16 15:00:00,694.22,15,3,0,878.3,825.5133333333333,858.4166666666666,692.02
2023-03-16 16:00:00,692.02,16,3,0,694.22,754.8466666666667,825.2816666666668,698.67
2023-03-16 17:00:00,698.67,17,3,0,692.02,694.9699999999999,793.8466666666667,695.01
2023-03-16 18:00:00,695.01,18,3,0,698.67,695.2333333333332,760.3733333333333,687.29
2023-03-16 19:00:00,687.29,19,3,0,695.01,693.6566666666666,724.2516666666667,690.75
2023-03-16 20:00:00,690.75,20,3,0,687.29,691.0166666666665,692.9933333333333,436.93
2023-03-16 21:00:00,436.93,21,3,0,690.75,604.9899999999999,650.1116666666666,451.91
2023-03-16 22:00:00,451.91,22,3,0,436.93,526.53,610.0933333333332,443.47
2023-03-16 23:00:00,443.47,23,3,0,451.91,444.1033333333333,567.5600000000001,458.51
2023-03-17 00:00:00,458.51,0,4,0,443.47,451.2966666666666,528.1433333333333,442.82
2023-03-17 01:00:00,442.82,1,4,0,458.51,448.26666666666665,487.3983333333333,437.63
2023-03-17 02:00:00,437.63,2,4,0,442.82,446.31999999999994,445.21166666666664,431.19
2023-03-17 03:00:00,431.19,3,4,0,437.63,437.2133333333333,444.25500000000005,428.88
2023-03-17 04:00:00,428.88,4,4,0,431.19,432.5666666666666,440.4166666666667,430.63
2023-03-17 05:00:00,430.63,5,4,0,428.88,430.2333333333333,438.27666666666664,445.44
2023-03-17 06:00:00,445.44,6,4,0,430.63,434.9833333333333,436.0983333333333,897.37
2023-03-17 07:00:00,897.37,7,4,0,445.44,591.1466666666666,511.85666666666674,880.65
2023-03-17 08:00:00,880.65,8,4,0,897.37,741.1533333333333,585.6933333333333,900.46
2023-03-17 09:00:00,900.46,9,4,0,880.65,892.8266666666667,663.905,889.44
2023-03-17 10:00:00,889.44,10,4,0,900.46,890.1833333333334,740.6650000000001,894.48
2023-03-17 11:00:00,894.48,11,4,0,889.44,894.7933333333334,817.9733333333334,906.2
2023-03-17 12:00:00,906.2,12,4,0,894.48,896.7066666666666,894.7666666666665,900.48
2023-03-17 13:00:00,900.48,13,4,0,906.2,900.3866666666667,895.285,891.15
2023-03-17 14:00:00,891.15,14,4,0,900.48,899.2766666666666,897.035,686.17
2023-03-17 15:00:00,686.17,15,4,0,891.15,825.9333333333334,861.32,676.09
2023-03-17 16:00:00,676.09,16,4,0,686.17,751.1366666666667,825.7616666666667,687.55
2023-03-17 17:00:00,687.55,17,4,0,676.09,683.27,791.2733333333334,691.61
2023-03-17 18:00:00,691.61,18,4,0,687.55,685.0833333333334,755.5083333333333,685.4
2023-03-17 19:00:00,685.4,19,4,0,691.61,688.1866666666666,719.6616666666665,692.25
2023-03-17 20:00:00,692.25,20,4,0,685.4,689.7533333333332,686.5116666666667,443.92
2023-03-17 21:00:00,443.92,21,4,0,692.25,607.1899999999999,646.1366666666667,441.5
2023-03-17 22:00:00,441.5,22,4,0,443.92,525.89,607.0383333333333,438.1
2023-03-17 23:00:00,438.1,23,4,0,441.5,441.17333333333335,565.4633333333334,364.65
2023-03-18 00:00:00,364.65,0,5,1,438.1,414.74999999999994,510.97,366.84
2023-03-18 01:00:00,366.84,1,5,1,364.65,389.86333333333323,457.8766666666667,354.58
2023-03-18 02:00:00,354.58,2,5,1,366.84,362.0233333333333,401.59833333333336,374.59
2023-03-18 03:00:00,374.59,3,5,1,354.58,365.3366666666666,390.0433333333333,362.51
2023-03-18 04:00:00,362.51,4,5,1,374.59,363.89333333333326,376.87833333333333,363.45
2023-03-18 05:00:00,363.45,5,5,1,362.51,366.84999999999997,364.43666666666667,368.97
2023-03-18 06:00:00,368.97,6,5,1,363.45,364.97666666666663,365.1566666666667,815.17
2023-03-18 07:00:00,815.17,7,5,1,368.97,515.8633333333333,439.87833333333333,820.93
2023-03-18 08:00:00,820.93,8,5,1,815.17,668.3566666666666,517.6033333333334,815.6
2023-03-18 09:00:00,815.6,9,5,1,820.93,817.2333333333332,591.105,808.4
2023-03-18 10:00:00,808.4,10,5,1,815.6,814.9766666666666,665.42,816.19
2023-03-18 11:00:00,816.19,11,5,1,808.4,813.3966666666666,740.8766666666667,804.15
2023-03-18 12:00:00,804.15,12,5,1,816.19,809.5799999999999,813.4066666666668,814.17
2023-03-18 13:00:00,814.17,13,5,1,804.15,811.5033333333332,813.2399999999999,813.04
2023-03-18 14:00:00,813.04,14,5,1,814.17,810.4533333333333,811.9250000000001,611.64
2023-03-18 15:00:00,611.64,15,5,1,813.04,746.2833333333333,777.9316666666667,612.27
2023-03-18 16:00:00,612.27,16,5,1,611.64,678.9833333333332,745.2433333333333,598.25
2023-03-18 17:00:00,598.25,17,5,1,612.27,607.3866666666667,708.9200000000001,608.91
2023-03-18 18:00:00,608.91,18,5,1,598.25,606.4766666666666,676.38,614.04
2023-03-18 19:00:00,614.04,19,5,1,608.91,607.0666666666666,643.025,614.58
2023-03-18 20:00:00,614.58,20,5,1,614.04,612.51,609.9483333333333,355.08
2023-03-18 21:00:00,355.08,21,5,1,614.58,527.9,567.1883333333334,373.43
2023-03-18 22:00:00,373.43,22,5,1,355.08,447.6966666666667,527.3816666666667,356.37
2023-03-18 23:00:00,356.37,23,5,1,373.43,361.6266666666667,487.0683333333333,371.06
2023-03-19 00:00:00,371.06,0,6,1,356.37,366.9533333333334,447.4266666666667,366.72
2023-03-19 01:00:00,366.72,1,6,1,371.06,364.7166666666667,406.2066666666667,358.13
2023-03-19 02:00:00,358.13,2,6,1,366.72,365.30333333333334,363.465,377.5
2023-03-19 03:00:00,377.5,3,6,1,358.13,367.45000000000005,367.20166666666665,353.75
2023-03-19 04:00:00,353.75,4,6,1,377.5,363.1266666666667,363.9216666666667,370.65
2023-03-19 05:00:00,370.65,5,6,1,353.75,367.29999999999995,366.3016666666667,371.31
2023-03-19 06:00:00,371.31,6,6,1,370.65,365.2366666666667,366.3433333333333,807.94
2023-03-19 07:00:00,807.94,7,6,1,371.31,516.6333333333333,439.87999999999994,824.44
2023-03-19 08:00:00,824.44,8,6,1,807.94,667.8966666666666,517.5983333333334,811.3
2023-03-19 09:00:00,811.3,9,6,1,824.44,814.5600000000001,589.8983333333333,815.61
2023-03-19 10:00:00,815.61,10,6,1,811.3,817.1166666666668,666.875,815.38
2023-03-19 11:00:00,815.38,11,6,1,815.61,814.0966666666667,740.9966666666668,812.23
2023-03-19 12:00:00,812.23,12,6,1,815.38,814.4066666666666,814.4833333333332,819.79
2023-03-19 13:00:00,819.79,13,6,1,812.23,815.8000000000001,816.4583333333334,819.65
2023-03-19 14:00:00,819.65,14,6,1,819.79,817.2233333333334,815.66,599.31
2023-03-19 15:00:00,599.31,15,6,1,819.65,746.25,780.3283333333334,623.74
2023-03-19 16:00:00,623.74,16,6,1,599.31,680.9,748.3499999999999,600.0
2023-03-19 17:00:00,600.0,17,6,1,623.74,607.6833333333333,712.4533333333333,621.56
2023-03-19 18:00:00,621.56,18,6,1,600.0,615.1,680.6750000000001,622.31
2023-03-19 19:00:00,622.31,19,6,1,621.56,614.6233333333333,647.7616666666667,604.57
2023-03-19 20:00:00,604.57,20,6,1,622.31,616.1466666666666,611.915,360.01
2023-03-19 21:00:00,360.01,21,6,1,604.57,528.9633333333333,572.0316666666666,354.46
2023-03-19 22:00:00,354.46,22,6,1,360.01,439.68,527.1516666666666,361.58
2023-03-19 23:00:00,361.58,23,6,1,354.46,358.68333333333334,487.41499999999996,440.84
2023-03-20 00:00:00,440.84,0,0,0,361.58,385.6266666666666,457.295,449.54
2023-03-20 01:00:00,449.54,1,0,0,440.84,417.32,428.5,453.78
2023-03-20 02:00:00,453.78,2,0,0,449.54,448.0533333333333,403.36833333333334,454.47
2023-03-20 03:00:00,454.47,3,0,0,453.78,452.59666666666664,419.1116666666666,438.8
2023-03-20 04:00:00,438.8,4,0,0,454.47,449.01666666666665,433.16833333333335,441.63
2023-03-20 05:00:00,441.63,5,0,0,438.8,444.9666666666667,446.51000000000005,429.83
2023-03-20 06:00:00,429.83,6,0,0,441.63,436.75333333333333,444.675,886.85
2023-03-20 07:00:00,886.85,7,0,0,429.83,586.1033333333334,517.5600000000001,901.02
2023-03-20 08:00:00,901.02,8,0,0,886.85,739.2333333333332,592.1,906.23
2023-03-20 09:00:00,906.23,9,0,0,901.02,898.0333333333333,667.3933333333333,883.43
2023-03-20 10:00:00,883.43,10,0,0,906.23,896.8933333333334,741.4983333333333,888.56
2023-03-20 11:00:00,888.56,11,0,0,883.43,892.7400000000001,815.9866666666667,893.09
2023-03-20 12:00:00,893.09,12,0,0,888.56,888.36,893.1966666666667,895.54
2023-03-20 13:00:00,895.54,13,0,0,893.09,892.3966666666666,894.6449999999999,886.82
2023-03-20 14:00:00,886.82,14,0,0,895.54,891.8166666666666,892.2783333333333,696.69
2023-03-20 15:00:00,696.69,15,0,0,886.82,826.35,857.355,689.51
2023-03-20 16:00:00,689.51,16,0,0,696.69,757.6733333333333,825.035,693.19
2023-03-20 17:00:00,693.19,17,0,0,689.51,693.1300000000001,792.4733333333334,697.67
2023-03-20 18:00:00,697.67,18,0,0,693.19,693.4566666666666,759.9033333333333,693.35
2023-03-20 19:00:00,693.35,19,0,0,697.67,694.7366666666667,726.205,689.81
2023-03-20 20:00:00,689.81,20,0,0,693.35,693.61,693.37,442.42
2023-03-20 21:00:00,442.42,21,0,0,689.81,608.5266666666666,650.9916666666667,442.59
2023-03-20 22:00:00,442.59,22,0,0,442.42,524.9399999999999,609.8383333333334,440.34
2023-03-20 23:00:00,440.34,23,0,0,442.59,441.7833333333333,567.6966666666666,441.23
2023-03-21 00:00:00,441.23,0,1,0,440.34,441.3866666666666,524.9566666666666,456.09
2023-03-21 01:00:00,456.09,1,1,0,441.23,445.8866666666666,485.41333333333336,447.79
2023-03-21 02:00:00,447.79,2,1,0,456.09,448.37000000000006,445.07666666666665,440.94
2023-03-21 03:00:00,440.94,3,1,0,447.79,448.27333333333337,444.83,448.88
2023-03-21 04:00:00,448.88,4,1,0,440.94,445.87000000000006,445.87833333333333,440.63
2023-03-21 05:00:00,440.63,5,1,0,448.88,443.48333333333335,445.92666666666673,452.69
2023-03-21 06:00:00,452.69,6,1,0,440.63,447.40000000000003,447.83666666666664,896.26
2023-03-21 07:00:00,896.26,7,1,0,452.69,596.5266666666666,521.1983333333334,892.44
2023-03-21 08:00:00,892.44,8,1,0,896.26,747.13,595.3066666666667,896.88
2023-03-21 09:00:00,896.88,9,1,0,892.44,895.1933333333333,671.2966666666667,880.73
2023-03-21 10:00:00,880.73,10,1,0,896.88,890.0166666666668,743.2716666666666,884.29
2023-03-21 11:00:00,884.29,11,1,0,880.73,887.3000000000001,817.215,883.75
2023-03-21 12:00:00,883.75,12,1,0,884.29,882.9233333333333,889.0583333333334,894.44
2023-03-21 13:00:00,894.44,13,1,0,883.75,887.4933333333333,888.755,907.16
2023-03-21 14:00:00,907.16,14,1,0,894.44,895.1166666666667,891.2083333333334,711.15
2023-03-21 15:00:00,711.15,15,1,0,907.16,837.5833333333334,860.2533333333334,698.41
2023-03-21 16:00:00,698.41,16,1,0,711.15,772.2399999999999,829.8666666666667,697.31
2023-03-21 17:00:00,697.31,17,1,0,698.41,702.29,798.7033333333333,678.89
2023-03-21 18:00:00,678.89,18,1,0,697.31,691.5366666666665,764.56,688.96
2023-03-21 19:00:00,688.96,19,1,0,678.89,688.3866666666667,730.3133333333334,687.0
2023-03-21 20:00:00,687.0,20,1,0,688.96,684.9500000000002,693.62,438.33
2023-03-21 21:00:00,438.33,21,1,0,687.0,604.7633333333334,648.15,441.96
2023-03-21 22:00:00,441.96,22,1,0,438.33,522.43,605.4083333333333,439.52
2023-03-21 23:00:00,439.52,23,1,0,441.96,439.93666666666667,562.4433333333333,427.47
2023-03-22 00:00:00,427.47,0,2,0,439.52,436.3166666666668,520.5400000000001,449.28
2023-03-22 01:00:00,449.28,1,2,0,427.47,438.75666666666666,480.5933333333333,434.72
2023-03-22 02:00:00,434.72,2,2,0,449.28,437.15666666666675,438.5466666666667,445.22
2023-03-22 03:00:00,445.22,3,2,0,434.72,443.07333333333344,439.695,459.89
2023-03-22 04:00:00,459.89,4,2,0,445.22,446.61000000000007,442.6833333333334,435.95
2023-03-22 05:00:00,435.95,5,2,0,459.89,447.02000000000004,442.08833333333337,423.06
2023-03-22 06:00:00,423.06,6,2,0,435.95,439.6333333333334,441.3533333333333,891.01
2023-03-22 07:00:00,891.01,7,2,0,423.06,583.34,514.975,902.11
2023-03-22 08:00:00,902.11,8,2,0,891.01,738.7266666666668,592.8733333333333,908.97
2023-03-22 09:00:00,908.97,9,2,0,902.11,900.6966666666667,670.1650000000001,883.46
2023-03-22 10:00:00,883.46,10,2,0,908.97,898.18,740.7600000000001,897.27
2023-03-22 11:00:00,897.27,11,2,0,883.46,896.5666666666666,817.6466666666666,889.58
2023-03-22 12:00:00,889.58,12,2,0,897.27,890.1033333333335,895.4,892.45
2023-03-22 13:00:00,892.45,13,2,0,889.58,893.1,895.64,914.46
2023-03-22 14:00:00,914.46,14,2,0,892.45,898.83,897.6983333333333,681.28
2023-03-22 15:00:00,681.28,15,2,0,914.46,829.3966666666666,859.75,695.33
2023-03-22 16:00:00,695.33,16,2,0,681.28,763.69,828.3950000000001,697.04
2023-03-22 17:00:00,697.04,17,2,0,695.33,691.2166666666667,795.0233333333334,701.99
2023-03-22 18:00:00,701.99,18,2,0,697.04,698.12,763.7583333333333,694.09
2023-03-22 19:00:00,694.09,19,2,0,701.99,697.7066666666668,730.6983333333334,695.77
2023-03-22 20:00:00,695.77,20,2,0,694.09,697.2833333333334,694.25,440.17
2023-03-22 21:00:00,440.17,21,2,0,695.77,610.01,654.0649999999999,445.45
2023-03-22 22:00:00,445.45,22,2,0,440.17,527.13,612.4183333333334,440.56
2023-03-22 23:00:00,440.56,23,2,0,445.45,442.06,569.6716666666667,448.27
2023-03-23 00:00:00,448.27,0,3,0,440.56,444.76,527.385,440.34
2023-03-23 01:00:00,440.34,1,3,0,448.27,443.0566666666667,485.0933333333334,446.32
2023-03-23 02:00:00,446.32,2,3,0,440.34,444.9766666666667,443.51833333333326,443.07
2023-03-23 03:00:00,443.07,3,3,0,446.32,443.24333333333334,444.0016666666667,452.31
2023-03-23 04:00:00,452.31,4,3,0,443.07,447.23333333333335,445.145,442.89
2023-03-23 05:00:00,442.89,5,3,0,452.31,446.0900000000001,445.5333333333333,429.12
2023-03-23 06:00:00,429.12,6,3,0,442.89,441.44000000000005,442.34166666666664,903.4
2023-03-23 07:00:00,903.4,7,3,0,429.12,591.8033333333334,519.5183333333333,886.06
2023-03-23 08:00:00,886.06,8,3,0,903.4,739.5266666666666,592.8083333333333,888.07
2023-03-23 09:00:00,888.07,9,3,0,886.06,892.5100000000001,666.975,888.54
2023-03-23 10:00:00,888.54,10,3,0,888.07,887.5566666666667,739.68,904.3
2023-03-23 11:00:00,904.3,11,3,0,888.54,893.6366666666667,816.5816666666666,876.22
2023-03-23 12:00:00,876.22,12,3,0,904.3,889.6866666666666,891.0983333333334,918.4
2023-03-23 13:00:00,918.4,13,3,0,876.22,899.64,893.5983333333334,901.75
2023-03-23 14:00:00,901.75,14,3,0,918.4,898.79,896.2133333333333,695.09
2023-03-23 15:00:00,695.09,15,3,0,901.75,838.4133333333333,864.0500000000001,692.86
2023-03-23 16:00:00,692.86,16,3,0,695.09,763.2333333333332,831.4366666666668,695.59
2023-03-23 17:00:00,695.59,17,3,0,692.86,694.5133333333333,796.6516666666666,697.47
2023-03-23 18:00:00,697.47,18,3,0,695.59,695.3066666666667,766.86,698.46
2023-03-23 19:00:00,698.46,19,3,0,697.47,697.1733333333333,730.2033333333334,697.75
2023-03-23 20:00:00,697.75,20,3,0,698.46,697.8933333333333,696.2033333333334,444.02
2023-03-23 21:00:00,444.02,21,3,0,697.75,613.41,654.3583333333333,441.72
2023-03-23 22:00:00,441.72,22,3,0,444.02,527.83,612.5016666666667,442.09
2023-03-23 23:00:00,442.09,23,3,0,441.72,442.60999999999996,570.2516666666667,441.74
2023-03-24 00:00:00,441.74,0,4,0,442.09,441.84999999999997,527.63,452.37
2023-03-24 01:00:00,452.37,1,4,0,441.74,445.40000000000003,486.615,448.05
2023-03-24 02:00:00,448.05,2,4,0,452.37,447.3866666666667,444.9983333333334,419.78
2023-03-24 03:00:00,419.78,3,4,0,448.05,440.06666666666666,440.9583333333333,448.55
2023-03-24 04:00:00,448.55,4,4,0,419.78,438.7933333333333,442.09666666666664,444.86
2023-03-24 05:00:00,444.86,5,4,0,448.55,437.73,442.5583333333334,443.15
2023-03-24 06:00:00,443.15,6,4,0,444.86,445.52,442.7933333333333,890.19
2023-03-24 07:00:00,890.19,7,4,0,443.15,592.7333333333333,515.7633333333333,902.29
2023-03-24 08:00:00,902.29,8,4,0,890.19,745.21,591.4699999999999,900.88
2023-03-24 09:00:00,900.88,9,4,0,902.29,897.7866666666667,671.6533333333333,887.12
2023-03-24 10:00:00,887.12,10,4,0,900.88,896.7633333333333,744.7483333333333,896.56
2023-03-24 11:00:00,896.56,11,4,0,887.12,894.8533333333334,820.0316666666666,885.53
2023-03-24 12:00:00,885.53,12,4,0,896.56,889.7366666666667,893.7616666666667,882.26
2023-03-24 13:00:00,882.26,13,4,0,885.53,888.1166666666667,892.4399999999999,888.29
2023-03-24 14:00:00,888.29,14,4,0,882.26,885.36,890.1066666666666,700.2
2023-03-24 15:00:00,700.2,15,4,0,888.29,823.5833333333334,856.6599999999999,700.93
2023-03-24 16:00:00,700.93,16,4,0,700.2,763.14,825.6283333333332,697.41
2023-03-24 17:00:00,697.41,17,4,0,700.93,699.5133333333333,792.4366666666666,699.1
2023-03-24 18:00:00,699.1,18,4,0,697.41,699.1466666666666,761.3649999999999,697.43
2023-03-24 19:00:00,697.43,19,4,0,699.1,697.98,730.56,688.17
2023-03-24 20:00:00,688.17,20,4,0,697.43,694.9,697.2066666666666,446.76
2023-03-24 21:00:00,446.76,21,4,0,688.17,610.7866666666667,654.9666666666666,449.7
2023-03-24 22:00:00,449.7,22,4,0,446.76,528.2099999999999,613.095,449.34
2023-03-24 23:00:00,449.34,23,4,0,449.7,448.59999999999997,571.7499999999999,372.81
2023-03-25 00:00:00,372.81,0,5,1,449.34,423.95,517.3683333333332,368.97
2023-03-25 01:00:00,368.97,1,5,1,372.81,397.03999999999996,462.625,366.11
2023-03-25 02:00:00,366.11,2,5,1,368.97,369.2966666666667,408.9483333333333,371.86
2023-03-25 03:00:00,371.86,3,5,1,366.11,368.98,396.465,363.09
2023-03-25 04:00:00,363.09,4,5,1,371.86,367.02,382.03000000000003,356.25
2023-03-25 05:00:00,356.25,5,5,1,363.09,363.7333333333333,366.51500000000004,362.0
2023-03-25 06:00:00,362.0,6,5,1,356.25,360.4466666666667,364.7133333333333,807.34
2023-03-25 07:00:00,807.34,7,5,1,362.0,508.53000000000003,437.77500000000003,807.9
2023-03-25 08:00:00,807.9,8,5,1,807.34,659.08,511.4066666666666,812.15
2023-03-25 09:00:00,812.15,9,5,1,807.9,809.13,584.7883333333333,806.96
2023-03-25 10:00:00,806.96,10,5,1,812.15,809.0033333333332,658.7666666666667,810.84
2023-03-25 11:00:00,810.84,11,5,1,806.96,809.9833333333332,734.5316666666668,798.15
2023-03-25 12:00:00,798.15,12,5,1,810.84,805.3166666666666,807.2233333333334,815.01
2023-03-25 13:00:00,815.01,13,5,1,798.15,808.0,808.5016666666667,813.31
2023-03-25 14:00:00,813.31,14,5,1,815.01,808.8233333333333,809.4033333333333,606.76
2023-03-25 15:00:00,606.76,15,5,1,813.31,745.0266666666666,775.1716666666666,618.58
2023-03-25 16:00:00,618.58,16,5,1,606.76,679.5500000000001,743.775,620.8
2023-03-25 17:00:00,620.8,17,5,1,618.58,615.38,712.1016666666666,600.44
2023-03-25 18:00:00,600.44,18,5,1,620.8,613.2733333333334,679.15,607.2
2023-03-25 19:00:00,607.2,19,5,1,600.44,609.48,644.515,607.15
2023-03-25 20:00:00,607.15,20,5,1,607.2,604.93,610.1550000000001,355.78
2023-03-25 21:00:00,355.78,21,5,1,607.15,523.3766666666667,568.3249999999999,369.94
2023-03-25 22:00:00,369.94,22,5,1,355.78,444.28999999999996,526.885,361.75
2023-03-25 23:00:00,361.75,23,5,1,369.94,362.49,483.71000000000004,361.19
2023-03-26 00:00:00,361.19,0,6,1,361.75,364.29333333333335,443.835,347.27
2023-03-26 01:00:00,347.27,1,6,1,361.19,356.7366666666667,400.5133333333333,368.38
2023-03-26 02:00:00,368.38,2,6,1,347.27,358.94666666666666,360.7183333333333,353.39
2023-03-26 03:00:00,353.39,3,6,1,368.38,356.34666666666664,360.32,363.78
2023-03-26 04:00:00,363.78,4,6,1,353.39,361.84999999999997,359.29333333333335,365.52
2023-03-26 05:00:00,365.52,5,6,1,363.78,360.8966666666667,359.9216666666666,374.19
2023-03-26 06:00:00,374.19,6,6,1,365.52,367.83,362.0883333333333,802.83
2023-03-26 07:00:00,802.83,7,6,1,374.19,514.18,438.01500000000004,789.15
2023-03-26 08:00:00,789.15,8,6,1,802.83,655.39,508.14333333333326,814.77
2023-03-26 09:00:00,814.77,9,6,1,789.15,802.25,585.04,827.71
2023-03-26 10:00:00,827.71,10,6,1,814.77,810.5433333333334,662.3616666666667,823.21
2023-03-26 11:00:00,823.21,11,6,1,827.71,821.8966666666666,738.6433333333333,814.98
2023-03-26 12:00:00,814.98,12,6,1,823.21,821.9666666666667,812.1083333333335,809.37
2023-03-26 13:00:00,809.37,13,6,1,814.98,815.8533333333334,813.1983333333334,819.76
2023-03-26 14:00:00,819.76,14,6,1,809.37,814.7033333333333,818.3000000000001,605.51
2023-03-26 15:00:00,605.51,15,6,1,819.76,744.88,783.4233333333333,617.11
2023-03-26 16:00:00,617.11,16,6,1,605.51,680.7933333333334,748.3233333333334,617.35
2023-03-26 17:00:00,617.35,17,6,1,617.11,613.3233333333334,714.0133333333333,621.78
2023-03-26 18:00:00,621.78,18,6,1,617.35,618.7466666666667,681.8133333333334,635.38
2023-03-26 19:00:00,635.38,19,6,1,621.78,624.8366666666667,652.815,616.44
2023-03-26 20:00:00,616.44,20,6,1,635.38,624.5333333333333,618.9283333333334,359.23
2023-03-26 21:00:00,359.23,21,6,1,616.44,537.0166666666668,577.8816666666668,363.1
2023-03-26 22:00:00,363.1,22,6,1,359.23,446.25666666666666,535.5466666666667,349.15
2023-03-26 23:00:00,349.15,23,6,1,363.1,357.16,490.84666666666675,437.74
2023-03-27 00:00:00,437.74,0,0,0,349.15,383.33,460.17333333333335,440.03
2023-03-27 01:00:00,440.03,1,0,0,437.74,408.97333333333336,427.615,439.11
2023-03-27 02:00:00,439.11,2,0,0,440.03,438.96000000000004,398.05999999999995,444.52
2023-03-27 03:00:00,444.52,3,0,0,439.11,441.21999999999997,412.2749999999999,436.72
2023-03-27 04:00:00,436.72,4,0,0,444.52,440.1166666666666,424.545,452.27
2023-03-27 05:00:00,452.27,5,0,0,436.72,444.50333333333333,441.7316666666666,443.3
2023-03-27 06:00:00,443.3,6,0,0,452.27,444.09666666666664,442.65833333333336,893.23
2023-03-27 07:00:00,893.23,7,0,0,443.3,596.2666666666667,518.1916666666666,890.68
2023-03-27 08:00:00,890.68,8,0,0,893.23,742.4033333333333,593.4533333333334,894.54
2023-03-27 09:00:00,894.54,9,0,0,890.68,892.8166666666666,668.4566666666666,899.9
2023-03-27 10:00:00,899.9,10,0,0,894.54,895.04,745.6533333333333,886.36
2023-03-27 11:00:00,886.36,11,0,0,899.9,893.6,818.0016666666667,888.04
2023-03-27 12:00:00,888.04,12,0,0,886.36,891.4333333333334,892.125,890.87
2023-03-27 13:00:00,890.87,13,0,0,888.04,888.4233333333333,891.7316666666667,882.53
2023-03-27 14:00:00,882.53,14,0,0,890.87,887.1466666666665,890.3733333333333,686.75
2023-03-27 15:00:00,686.75,15,0,0,882.53,820.0499999999998,855.7416666666667,689.49
2023-03-27 16:00:00,689.49,16,0,0,686.75,752.9233333333333,820.6733333333333,700.3
2023-03-27 17:00:00,700.3,17,0,0,689.49,692.18,789.6633333333333,695.4
2023-03-27 18:00:00,695.4,18,0,0,700.3,695.0633333333334,757.5566666666667,694.85
2023-03-27 19:00:00,694.85,19,0,0,695.4,696.85,724.8866666666667,700.11
2023-03-27 20:00:00,700.11,20,0,0,694.85,696.7866666666667,694.4833333333332,442.2
2023-03-27 21:00:00,442.2,21,0,0,700.11,612.3866666666667,653.725,446.42
2023-03-27 22:00:00,446.42,22,0,0,442.2,529.5766666666667,613.2133333333333,442.48
2023-03-27 23:00:00,442.48,23,0,0,446.42,443.7,570.2433333333333,445.42
2023-03-28 00:00:00,445.42,0,1,0,442.48,444.7733333333333,528.58,438.64
2023-03-28 01:00:00,438.64,1,1,0,445.42,442.18,485.87833333333333,423.79
2023-03-28 02:00:00,423.79,2,1,0,438.64,435.95,439.825,442.23
2023-03-28 03:00:00,442.23,3,1,0,423.79,434.8866666666666,439.83,454.68
2023-03-28 04:00:00,454.68,4,1,0,442.23,440.23333333333335,441.2066666666667,450.71
2023-03-28 05:00:00,450.71,5,1,0,454.68,449.20666666666665,442.5783333333334,451.02
2023-03-28 06:00:00,451.02,6,1,0,450.71,452.1366666666666,443.5116666666666,903.19
2023-03-28 07:00:00,903.19,7,1,0,451.02,601.64,520.9366666666666,894.01
2023-03-28 08:00:00,894.01,8,1,0,903.19,749.4066666666666,599.3066666666667,894.88
2023-03-28 09:00:00,894.88,9,1,0,894.01,897.36,674.7483333333333,888.36
2023-03-28 10:00:00,888.36,10,1,0,894.88,892.4166666666666,747.0283333333333,890.77
2023-03-28 11:00:00,890.77,11,1,0,888.36,891.3366666666667,820.3716666666666,898.23
2023-03-28 12:00:00,898.23,12,1,0,890.77,892.4533333333334,894.9066666666668,902.93
2023-03-28 13:00:00,902.93,13,1,0,898.23,897.31,894.8633333333332,892.19
2023-03-28 14:00:00,892.19,14,1,0,902.93,897.7833333333333,894.5600000000001,689.7
2023-03-28 15:00:00,689.7,15,1,0,892.19,828.2733333333332,860.3633333333333,693.31
2023-03-28 16:00:00,693.31,16,1,0,689.7,758.4,827.855,698.11
2023-03-28 17:00:00,698.11,17,1,0,693.31,693.7066666666666,795.745,681.75
2023-03-28 18:00:00,681.75,18,1,0,698.11,691.0566666666667,759.665,674.93
2023-03-28 19:00:00,674.93,19,1,0,681.75,684.93,721.665,688.9
2023-03-28 20:00:00,688.9,20,1,0,674.93,681.86,687.7833333333333,433.54
2023-03-28 21:00:00,433.54,21,1,0,688.9,599.1233333333333,645.09,439.24
2023-03-28 22:00:00,439.24,22,1,0,433.54,520.5600000000001,602.745,442.12
2023-03-28 23:00:00,442.12,23,1,0,439.24,438.3,560.08,439.68
2023-03-29 00:00:00,439.68,0,2,0,442.12,440.34666666666664,519.735,454.92
2023-03-29 01:00:00,454.92,1,2,0,439.68,445.5733333333333,483.06666666666666,445.92
2023-03-29 02:00:00,445.92,2,2,0,454.92,446.84,442.57,445.71
2023-03-29 03:00:00,445.71,3,2,0,445.92,448.84999999999997,444.59833333333336,448.28
2023-03-29 04:00:00,448.28,4,2,0,445.71,446.6366666666666,446.10499999999996,434.19
2023-03-29 05:00:00,434.19,5,2,0,448.28,442.72666666666663,444.7833333333333,451.61
2023-03-29 06:00:00,451.61,6,2,0,434.19,444.6933333333333,446.7716666666667,892.7
2023-03-29 07:00:00,892.7,7,2,0,451.61,592.8333333333334,519.735,898.67
2023-03-29 08:00:00,898.67,8,2,0,892.7,747.66,595.1933333333333,884.73
2023-03-29 09:00:00,884.73,9,2,0,898.67,892.0333333333333,668.3633333333333,880.87
2023-03-29 10:00:00,880.87,10,2,0,884.73,888.09,740.4616666666667,899.84
2023-03-29 11:00:00,899.84,11,2,0,880.87,888.48,818.07,896.31
2023-03-29 12:00:00,896.31,12,2,0,899.84,892.34,892.1866666666666,886.08
2023-03-29 13:00:00,886.08,13,2,0,896.31,894.0766666666667,891.0833333333334,886.34
2023-03-29 14:00:00,886.34,14,2,0,886.08,889.5766666666667,889.0283333333333,702.3
2023-03-29 15:00:00,702.3,15,2,0,886.34,824.9066666666666,858.6233333333333,683.79
2023-03-29 16:00:00,683.79,16,2,0,702.3,757.4766666666666,825.7766666666666,706.44
2023-03-29 17:00:00,706.44,17,2,0,683.79,697.5099999999999,793.5433333333334,686.1
2023-03-29 18:00:00,686.1,18,2,0,706.44,692.11,758.5083333333333,698.41
2023-03-29 19:00:00,698.41,19,2,0,686.1,696.9833333333335,727.23,690.67
2023-03-29 20:00:00,690.67,20,2,0,698.41,691.7266666666668,694.6183333333333,448.13
2023-03-29 21:00:00,448.13,21,2,0,690.67,612.4033333333333,652.2566666666667,438.95
2023-03-29 22:00:00,438.95,22,2,0,448.13,525.9166666666666,611.4499999999999,442.0
2023-03-29 23:00:00,442.0,23,2,0,438.95,443.02666666666664,567.3766666666667,443.63
2023-03-30 00:00:00,443.63,0,3,0,442.0,441.52666666666664,526.965,435.28
2023-03-30 01:00:00,435.28,1,3,0,443.63,440.3033333333333,483.10999999999996,449.23
2023-03-30 02:00:00,449.23,2,3,0,435.28,442.7133333333333,442.86999999999995,439.2
2023-03-30 03:00:00,439.2,3,3,0,449.23,441.2366666666667,441.38166666666666,441.47
2023-03-30 04:00:00,441.47,4,3,0,439.2,443.3,441.8016666666667,435.35
2023-03-30 05:00:00,435.35,5,3,0,441.47,438.67333333333335,440.6933333333333,422.8
2023-03-30 06:00:00,422.8,6,3,0,435.35,433.2066666666667,437.22166666666664,891.77
2023-03-30 07:00:00,891.77,7,3,0,422.8,583.3066666666667,513.3033333333334,912.6
2023-03-30 08:00:00,912.6,8,3,0,891.77,742.39,590.5316666666666,899.58
2023-03-30 09:00:00,899.58,9,3,0,912.6,901.3166666666666,667.2616666666667,893.15
2023-03-30 10:00:00,893.15,10,3,0,899.58,901.7766666666666,742.5416666666666,891.2
2023-03-30 11:00:00,891.2,11,3,0,893.15,894.6433333333334,818.5166666666665,893.48
2023-03-30 12:00:00,893.48,12,3,0,891.2,892.61,896.9633333333333,897.68
2023-03-30 13:00:00,897.68,13,3,0,893.48,894.1199999999999,897.9483333333334,883.85
2023-03-30 14:00:00,883.85,14,3,0,897.68,891.6700000000001,893.1566666666666,702.22
2023-03-30 15:00:00,702.22,15,3,0,883.85,827.9166666666666,860.2633333333333,699.02
2023-03-30 16:00:00,699.02,16,3,0,702.22,761.6966666666667,827.9083333333333,699.05
2023-03-30 17:00:00,699.05,17,3,0,699.02,700.0966666666667,795.8833333333333,696.81
2023-03-30 18:00:00,696.81,18,3,0,699.05,698.2933333333332,763.105,693.46
2023-03-30 19:00:00,693.46,19,3,0,696.81,696.4399999999999,729.0683333333333,698.68
2023-03-30 20:00:00,698.68,20,3,0,693.46,696.3166666666666,698.2066666666666,448.04
2023-03-30 21:00:00,448.04,21,3,0,698.68,613.3933333333333,655.8433333333334,440.47
2023-03-30 22:00:00,440.47,22,3,0,448.04,529.0633333333333,612.7516666666667,438.71
2023-03-30 23:00:00,438.71,23,3,0,440.47,442.4066666666667,569.3616666666667,444.12
2023-03-31 00:00:00,444.12,0,4,0,438.71,441.1000000000001,527.2466666666667,455.69
2023-03-31 01:00:00,455.69,1,4,0,444.12,446.17333333333335,487.61833333333334,433.39
2023-03-31 02:00:00,433.39,2,4,0,455.69,444.40000000000003,443.40333333333325,431.56
2023-03-31 03:00:00,431.56,3,4,0,433.39,440.2133333333333,440.6566666666666,444.62
2023-03-31 04:00:00,444.62,4,4,0,431.56,436.5233333333333,441.34833333333336,443.71
2023-03-31 05:00:00,443.71,5,4,0,444.62,439.96333333333337,442.1816666666667,444.69
2023-03-31 06:00:00,444.69,6,4,0,443.71,444.34,442.27666666666664,895.25
2023-03-31 07:00:00,895.25,7,4,0,444.69,594.5500000000001,515.5366666666667,891.52
2023-03-31 08:00:00,891.52,8,4,0,895.25,743.82,591.8916666666668,905.22
2023-03-31 09:00:00,905.22,9,4,0,891.52,897.3299999999999,670.8349999999999,880.49
2023-03-31 10:00:00,880.49,10,4,0,905.22,892.41,743.48,886.67
2023-03-31 11:00:00,886.67,11,4,0,880.49,890.7933333333334,817.3066666666667,892.48
2023-03-31 12:00:00,892.48,12,4,0,886.67,886.5466666666667,891.9383333333334,880.16
2023-03-31 13:00:00,880.16,13,4,0,892.48,886.4366666666666,889.4233333333333,891.89
2023-03-31 14:00:00,891.89,14,4,0,880.16,888.1766666666666,889.485,706.59
2023-03-31 15:00:00,706.59,15,4,0,891.89,826.2133333333333,856.3800000000001,693.47
2023-03-31 16:00:00,693.47,16,4,0,706.59,763.9833333333335,825.21,695.15
2023-03-31 17:00:00,695.15,17,4,0,693.47,698.4033333333333,793.29,683.22
2023-03-31 18:00:00,683.22,18,4,0,695.15,690.6133333333333,758.4133333333334,688.37
2023-03-31 19:00:00,688.37,19,4,0,683.22,688.9133333333334,726.4483333333334,690.3
2023-03-31 20:00:00,690.3,20,4,0,688.37,687.2966666666666,692.85,440.76
2023-03-31 21:00:00,440.76,21,4,0,690.3,606.4766666666666,648.545,453.55
2023-03-31 22:00:00,453.55,22,4,0,440.76,528.2033333333334,608.5583333333333,447.76
2023-03-31 23:00:00,447.76,23,4,0,453.55,447.3566666666666,567.3266666666667,361.11
2023-04-01 00:00:00,361.11,0,5,1,447.76,420.8066666666667,513.6416666666667,371.97
2023-04-01 01:00:00,371.97,1,5,1,361.11,393.6133333333334,460.9083333333333,373.99
2023-04-01 02:00:00,373.99,2,5,1,371.97,369.02333333333337,408.19,379.12
2023-04-01 03:00:00,379.12,3,5,1,373.99,375.02666666666664,397.9166666666667,382.64
2023-04-01 04:00:00,382.64,4,5,1,379.12,378.5833333333333,386.09833333333336,361.88
2023-04-01 05:00:00,361.88,5,5,1,382.64,374.5466666666666,371.785,363.51
2023-04-01 06:00:00,363.51,6,5,1,361.88,369.3433333333333,372.185,809.94
2023-04-01 07:00:00,809.94,7,5,1,363.51,511.77666666666664,445.18,818.13
2023-04-01 08:00:00,818.13,8,5,1,809.94,663.86,519.2033333333334,823.73
2023-04-01 09:00:00,823.73,9,5,1,818.13,817.2666666666668,593.305,827.9
2023-04-01 10:00:00,827.9,10,5,1,823.73,823.2533333333334,667.515,819.39
2023-04-01 11:00:00,819.39,11,5,1,827.9,823.6733333333333,743.7666666666665,817.44
2023-04-01 12:00:00,817.44,12,5,1,819.39,821.5766666666667,819.4216666666666,821.21
2023-04-01 13:00:00,821.21,13,5,1,817.44,819.3466666666667,821.3000000000001,813.32
2023-04-01 14:00:00,813.32,14,5,1,821.21,817.3233333333334,820.4983333333333,636.72
2023-04-01 15:00:00,636.72,15,5,1,813.32,757.0833333333334,789.33,607.14
2023-04-01 16:00:00,607.14,16,5,1,636.72,685.7266666666668,752.5366666666667,621.48
2023-04-01 17:00:00,621.48,17,5,1,607.14,621.7800000000001,719.5516666666667,636.19
2023-04-01 18:00:00,636.19,18,5,1,621.48,621.6033333333334,689.3433333333334,620.05
2023-04-01 19:00:00,620.05,19,5,1,636.19,625.9066666666668,655.8166666666667,618.48
2023-04-01 20:00:00,618.48,20,5,1,620.05,624.9066666666668,623.3433333333334,367.14
2023-04-01 21:00:00,367.14,21,5,1,618.48,535.2233333333334,578.4133333333333,368.56
2023-04-01 22:00:00,368.56,22,5,1,367.14,451.3933333333334,538.65,380.98
2023-04-01 23:00:00,380.98,23,5,1,368.56,372.2266666666667,498.56666666666666,352.31
2023-04-02 00:00:00,352.31,0,6,1,380.98,367.2833333333333,451.25333333333333,382.27
2023-04-02 01:00:00,382.27,1,6,1,352.31,371.8533333333333,411.6233333333333,358.61
2023-04-02 02:00:00,358.61,2,6,1,382.27,364.3966666666667,368.31166666666667,367.87
2023-04-02 03:00:00,367.87,3,6,1,358.61,369.5833333333333,368.43333333333334,366.57
2023-04-02 04:00:00,366.57,4,6,1,367.87,364.34999999999997,368.1016666666667,374.71
2023-04-02 05:00:00,374.71,5,6,1,366.57,369.7166666666667,367.0566666666667,357.22
2023-04-02 06:00:00,357.22,6,6,1,374.71,366.1666666666667,367.875,823.7
2023-04-02 07:00:00,823.7,7,6,1,357.22,518.5433333333334,441.4466666666667,836.19
2023-04-02 08:00:00,836.19,8,6,1,823.7,672.37,521.0433333333334,809.09
2023-04-02 09:00:00,809.09,9,6,1,836.19,822.9933333333333,594.58,821.52
2023-04-02 10:00:00,821.52,10,6,1,809.09,822.2666666666668,670.4050000000001,814.7
2023-04-02 11:00:00,814.7,11,6,1,821.52,815.1033333333334,743.7366666666667,823.41
2023-04-02 12:00:00,823.41,12,6,1,814.7,819.8766666666667,821.435,820.15
2023-04-02 13:00:00,820.15,13,6,1,823.41,819.42,820.8433333333332,814.87
2023-04-02 14:00:00,814.87,14,6,1,820.15,819.4766666666668,817.29,623.9
2023-04-02 15:00:00,623.9,15,6,1,814.87,752.9733333333334,786.4249999999998,634.43
2023-04-02 16:00:00,634.43,16,6,1,623.9,691.0666666666666,755.2433333333333,618.47
2023-04-02 17:00:00,618.47,17,6,1,634.43,625.6,722.5383333333333,625.76
2023-04-02 18:00:00,625.76,18,6,1,618.47,626.22,689.5966666666667,609.65
2023-04-02 19:00:00,609.65,19,6,1,625.76,617.96,654.5133333333333,612.35
2023-04-02 20:00:00,612.35,20,6,1,609.65,615.92,620.76,373.78
2023-04-02 21:00:00,373.78,21,6,1,612.35,531.9266666666666,579.0733333333334,381.87
2023-04-02 22:00:00,381.87,22,6,1,373.78,456.0,536.98,372.84
2023-04-02 23:00:00,372.84,23,6,1,381.87,376.16333333333336,496.0416666666667,447.5
2023-04-03 00:00:00,447.5,0,0,0,372.84,400.7366666666667,466.3316666666667,449.99
2023-04-03 01:00:00,449.99,1,0,0,447.5,423.4433333333333,439.72166666666664,440.0
2023-04-03 02:00:00,440.0,2,0,0,449.99,445.83,410.99666666666667,454.84
2023-04-03 03:00:00,454.84,3,0,0,440.0,448.27666666666664,424.50666666666666,457.06
2023-04-03 04:00:00,457.06,4,0,0,454.84,450.6333333333334,437.03833333333336,446.38
2023-04-03 05:00:00,446.38,5,0,0,457.06,452.76,449.295,446.24
2023-04-03 06:00:00,446.24,6,0,0,446.38,449.8933333333334,449.085,902.13
2023-04-03 07:00:00,902.13,7,0,0,446.24,598.25,524.4416666666667,896.51
2023-04-03 08:00:00,896.51,8,0,0,902.13,748.2933333333334,600.5266666666666,899.47
2023-04-03 09:00:00,899.47,9,0,0,896.51,899.3699999999999,674.6316666666667,916.8
2023-04-03 10:00:00,916.8,10,0,0,899.47,904.2599999999999,751.255,898.02
2023-04-03 11:00:00,898.02,11,0,0,916.8,904.7633333333333,826.5283333333333,897.13
2023-04-03 12:00:00,897.13,12,0,0,898.02,903.9833333333332,901.6766666666667,894.82
2023-04-03 13:00:00,894.82,13,0,0,897.13,896.6566666666668,900.4583333333334,905.95
2023-04-03 14:00:00,905.95,14,0,0,894.82,899.3000000000001,902.0316666666666,698.55
2023-04-03 15:00:00,698.55,15,0,0,905.95,833.1066666666666,868.545,694.81
2023-04-03 16:00:00,694.81,16,0,0,698.55,766.4366666666666,831.5466666666667,710.57
2023-04-03 17:00:00,710.57,17,0,0,694.81,701.31,800.305,711.36
2023-04-03 18:00:00,711.36,18,0,0,710.57,705.5799999999999,769.3433333333334,695.2
2023-04-03 19:00:00,695.2,19,0,0,711.36,705.71,736.0733333333334,685.07
2023-04-03 20:00:00,685.07,20,0,0,695.2,697.21,699.2600000000001,458.06
2023-04-03 21:00:00,458.06,21,0,0,685.07,612.7766666666668,659.1783333333334,444.52
2023-04-03 22:00:00,444.52,22,0,0,458.06,529.2166666666667,617.4633333333334,456.33
2023-04-03 23:00:00,456.33,23,0,0,444.52,452.96999999999997,575.09,434.24
2023-04-04 00:00:00,434.24,0,1,0,456.33,445.03000000000003,528.9033333333333,457.14
2023-04-04 01:00:00,457.14,1,1,0,434.24,449.2366666666667,489.2266666666667,440.31
2023-04-04 02:00:00,440.31,2,1,0,457.14,443.8966666666667,448.43333333333334,455.85
2023-04-04 03:00:00,455.85,3,1,0,440.31,451.09999999999997,448.065,450.11
2023-04-04 04:00:00,450.11,4,1,0,455.85,448.75666666666666,448.99666666666667,442.37
2023-04-04 05:00:00,442.37,5,1,0,450.11,449.4433333333334,446.67,446.74
2023-04-04 06:00:00,446.74,6,1,0,442.37,446.4066666666667,448.75333333333333,905.49
2023-04-04 07:00:00,905.49,7,1,0,446.74,598.2,523.4783333333334,900.85
2023-04-04 08:00:00,900.85,8,1,0,905.49,751.0266666666666,600.235,904.68
2023-04-04 09:00:00,904.68,9,1,0,900.85,903.6733333333333,675.04,915.81
2023-04-04 10:00:00,915.81,10,1,0,904.68,907.1133333333333,752.6566666666666,887.49
2023-04-04 11:00:00,887.49,11,1,0,915.81,902.66,826.8433333333332,912.94
2023-04-04 12:00:00,912.94,12,1,0,887.49,905.4133333333333,904.5433333333334,900.83
2023-04-04 13:00:00,900.83,13,1,0,912.94,900.4200000000001,903.7666666666668,892.81
2023-04-04 14:00:00,892.81,14,1,0,900.83,902.1933333333333,902.4266666666667,689.36
2023-04-04 15:00:00,689.36,15,1,0,892.81,827.6666666666666,866.54,698.49
2023-04-04 16:00:00,698.49,16,1,0,689.36,760.2199999999999,830.32,707.37
2023-04-04 17:00:00,707.37,17,1,0,698.49,698.4066666666668,800.3000000000001,698.98
2023-04-04 18:00:00,698.98,18,1,0,707.37,701.6133333333333,764.64,712.09
2023-04-04 19:00:00,712.09,19,1,0,698.98,706.1466666666666,733.1833333333334,688.39
2023-04-04 20:00:00,688.39,20,1,0,712.09,699.82,699.1133333333333,449.9
2023-04-04 21:00:00,449.9,21,1,0,688.39,616.7933333333334,659.2033333333334,439.98
2023-04-04 22:00:00,439.98,22,1,0,449.9,526.09,616.1183333333333,452.91
2023-04-04 23:00:00,452.91,23,1,0,439.98,447.59666666666664,573.7083333333334,457.1
2023-04-05 00:00:00,457.1,0,2,0,452.91,449.99666666666667,533.395,446.63
2023-04-05 01:00:00,446.63,1,2,0,457.1,452.21333333333337,489.15166666666664,429.17
2023-04-05 02:00:00,429.17,2,2,0,446.63,444.3,445.9483333333333,451.59
2023-04-05 03:00:00,451.59,3,2,0,429.17,442.46333333333337,446.22999999999996,453.49
2023-04-05 04:00:00,453.49,4,2,0,451.59,444.75,448.4816666666666,453.23
2023-04-05 05:00:00,453.23,5,2,0,453.49,452.77,448.535,459.89
2023-04-05 06:00:00,459.89,6,2,0,453.23,455.5366666666667,449.0,891.43
2023-04-05 07:00:00,891.43,7,2,0,459.89,601.5166666666667,523.1333333333333,905.44
2023-04-05 08:00:00,905.44,8,2,0,891.43,752.2533333333334,602.5116666666667,909.54
2023-04-05 09:00:00,909.54,9,2,0,905.44,902.1366666666667,678.8366666666667,885.77
2023-04-05 10:00:00,885.77,10,2,0,909.54,900.25,750.8833333333333,902.56
2023-04-05 11:00:00,902.56,11,2,0,885.77,899.29,825.7716666666666,895.97
2023-04-05 12:00:00,895.97,12,2,0,902.56,894.7666666666668,898.4516666666665,899.35
2023-04-05 13:00:00,899.35,13,2,0,895.97,899.2933333333334,899.7716666666666,902.78
2023-04-05 14:00:00,902.78,14,2,0,899.35,899.3666666666667,899.3283333333333,696.1
2023-04-05 15:00:00,696.1,15,2,0,902.78,832.7433333333333,863.755,694.59
2023-04-05 16:00:00,694.59,16,2,0,696.1,764.4900000000001,831.8916666666668,700.27
2023-04-05 17:00:00,700.27,17,2,0,694.59,696.9866666666667,798.1766666666666,691.3
2023-04-05 18:00:00,691.3,18,2,0,700.27,695.3866666666667,764.065,691.31
2023-04-05 19:00:00,691.31,19,2,0,691.3,694.2933333333332,729.3916666666668,705.43
2023-04-05 20:00:00,705.43,20,2,0,691.31,696.0133333333333,696.5,440.81
2023-04-05 21:00:00,440.81,21,2,0,705.43,612.5166666666667,653.9516666666667,455.33
2023-04-05 22:00:00,455.33,22,2,0,440.81,533.8566666666666,614.0749999999999,453.7
2023-04-05 23:00:00,453.7,23,2,0,455.33,449.94666666666666,572.9799999999999,436.19
2023-04-06 00:00:00,436.19,0,3,0,453.7,448.4066666666667,530.4616666666667,444.58
2023-04-06 01:00:00,444.58,1,3,0,436.19,444.8233333333333,489.34,459.55
2023-04-06 02:00:00,459.55,2,3,0,444.58,446.7733333333333,448.35999999999996,442.15
2023-04-06 03:00:00,442.15,3,3,0,459.55,448.76,448.5833333333333,446.28
2023-04-06 04:00:00,446.28,4,3,0,442.15,449.32666666666665,447.075,453.7
2023-04-06 05:00:00,453.7,5,3,0,446.28,447.3766666666666,447.075,456.27
2023-04-06 06:00:00,456.27,6,3,0,453.7,452.0833333333333,450.4216666666666,897.99
2023-04-06 07:00:00,897.99,7,3,0,456.27,602.6533333333333,525.99,895.22
2023-04-06 08:00:00,895.22,8,3,0,897.99,749.8266666666667,598.6016666666666,911.38
2023-04-06 09:00:00,911.38,9,3,0,895.22,901.5300000000001,676.8066666666667,913.91
2023-04-06 10:00:00,913.91,10,3,0,911.38,906.8366666666667,754.745,907.83
2023-04-06 11:00:00,907.83,11,3,0,913.91,911.04,830.4333333333334,900.68
2023-04-06 12:00:00,900.68,12,3,0,907.83,907.4733333333334,904.5016666666667,893.53
2023-04-06 13:00:00,893.53,13,3,0,900.68,900.68,903.7583333333333,893.36
2023-04-06 14:00:00,893.36,14,3,0,893.53,895.8566666666667,903.4483333333333,704.18
2023-04-06 15:00:00,704.18,15,3,0,893.36,830.3566666666666,868.915,703.35
2023-04-06 16:00:00,703.35,16,3,0,704.18,766.9633333333333,833.8216666666666,711.21
2023-04-06 17:00:00,711.21,17,3,0,703.35,706.2466666666666,801.0516666666666,705.2
2023-04-06 18:00:00,705.2,18,3,0,711.21,706.5866666666667,768.4716666666667,687.98
2023-04-06 19:00:00,687.98,19,3,0,705.2,701.4633333333335,734.2133333333335,708.42
2023-04-06 20:00:00,708.42,20,3,0,687.98,700.5333333333334,703.39,442.02
2023-04-06 21:00:00,442.02,21,3,0,708.42,612.8066666666666,659.6966666666666,446.93
2023-04-06 22:00:00,446.93,22,3,0,442.02,532.4566666666667,616.9599999999999,452.0
2023-04-06 23:00:00,452.0,23,3,0,446.93,446.98333333333335,573.7583333333333,465.97
2023-04-07 00:00:00,465.97,0,4,0,452.0,454.9666666666667,533.8866666666667,474.88
2023-04-07 01:00:00,474.88,1,4,0,465.97,464.2833333333333,498.37000000000006,454.85
2023-04-07 02:00:00,454.85,2,4,0,474.88,465.23333333333335,456.10833333333335,448.53
2023-04-07 03:00:00,448.53,3,4,0,454.85,459.42,457.1933333333333,454.28
2023-04-07 04:00:00,454.28,4,4,0,448.53,452.55333333333334,458.41833333333335,457.1
2023-04-07 05:00:00,457.1,5,4,0,454.28,453.3033333333333,459.2683333333334,447.43
2023-04-07 06:00:00,447.43,6,4,0,457.1,452.93666666666667,456.1783333333333,914.36
2023-04-07 07:00:00,914.36,7,4,0,447.43,606.2966666666666,529.425,901.84
2023-04-07 08:00:00,901.84,8,4,0,914.36,754.5433333333334,603.9233333333333,903.98
2023-04-07 09:00:00,903.98,9,4,0,901.84,906.7266666666668,679.8316666666667,905.33
2023-04-07 10:00:00,905.33,10,4,0,903.98,903.7166666666667,755.0066666666667,903.37
2023-04-07 11:00:00,903.37,11,4,0,905.33,904.2266666666668,829.3850000000001,906.71
2023-04-07 12:00:00,906.71,12,4,0,903.37,905.1366666666667,905.9316666666667,895.06
2023-04-07 13:00:00,895.06,13,4,0,906.71,901.7133333333335,902.715,895.53
2023-04-07 14:00:00,895.53,14,4,0,895.06,899.1,901.6633333333333,691.2
2023-04-07 15:00:00,691.2,15,4,0,895.53,827.2633333333333,866.2000000000002,703.52
2023-04-07 16:00:00,703.52,16,4,0,691.2,763.4166666666666,832.5649999999999,706.23
2023-04-07 17:00:00,706.23,17,4,0,703.52,700.3166666666666,799.7083333333334,703.66
2023-04-07 18:00:00,703.66,18,4,0,706.23,704.4699999999999,765.8666666666667,713.4
2023-04-07 19:00:00,713.4,19,4,0,703.66,707.7633333333333,735.59,699.96
2023-04-07 20:00:00,699.96,20,4,0,713.4,705.6733333333333,702.995,455.35
2023-04-07 21:00:00,455.35,21,4,0,699.96,622.9033333333333,663.6866666666667,441.27
2023-04-07 22:00:00,441.27,22,4,0,455.35,532.1933333333333,619.9783333333334,446.9
2023-04-07 23:00:00,446.9,23,4,0,441.27,447.84,576.7566666666667,375.56
2023-04-08 00:00:00,375.56,0,5,1,446.9,421.24333333333334,522.0733333333334,376.79
2023-04-08 01:00:00,376.79,1,5,1,375.56,399.75,465.97166666666664,367.65
2023-04-08 02:00:00,367.65,2,5,1,376.79,373.3333333333333,410.5866666666666,369.43
2023-04-08 03:00:00,369.43,3,5,1,367.65,371.29,396.26666666666665,357.86
2023-04-08 04:00:00,357.86,4,5,1,369.43,364.98,382.365,367.14
2023-04-08 05:00:00,367.14,5,5,1,357.86,364.81,369.07166666666666,377.12
2023-04-08 06:00:00,377.12,6,5,1,367.14,367.3733333333333,369.3316666666667,824.6
2023-04-08 07:00:00,824.6,7,5,1,377.12,522.9533333333334,443.9666666666667,824.01
2023-04-08 08:00:00,824.01,8,5,1,824.6,675.2433333333333,520.0266666666666,820.4
2023-04-08 09:00:00,820.4,9,5,1,824.01,823.0033333333334,595.1883333333334,820.06
2023-04-08 10:00:00,820.06,10,5,1,820.4,821.4899999999999,672.2216666666667,814.72
2023-04-08 11:00:00,814.72,11,5,1,820.06,818.3933333333333,746.8183333333333,825.59
2023-04-08 12:00:00,825.59,12,5,1,814.72,820.1233333333333,821.5633333333334,823.37
2023-04-08 13:00:00,823.37,13,5,1,825.59,821.2266666666666,821.3583333333332,823.94
2023-04-08 14:00:00,823.94,14,5,1,823.37,824.3000000000001,821.3466666666667,615.79
2023-04-08 15:00:00,615.79,15,5,1,823.94,754.3666666666667,787.245,602.77
2023-04-08 16:00:00,602.77,16,5,1,615.79,680.8333333333334,751.0300000000001,628.78
2023-04-08 17:00:00,628.78,17,5,1,602.77,615.7800000000001,720.04,616.17
2023-04-08 18:00:00,616.17,18,5,1,628.78,615.9066666666666,685.1366666666667,613.1
2023-04-08 19:00:00,613.1,19,5,1,616.17,619.3499999999999,650.0916666666666,625.55
2023-04-08 20:00:00,625.55,20,5,1,613.1,618.2733333333334,617.0266666666666,366.86
2023-04-08 21:00:00,366.86,21,5,1,625.55,535.17,575.5383333333333,378.48
2023-04-08 22:00:00,378.48,22,5,1,366.86,456.9633333333333,538.1566666666666,374.94
2023-04-08 23:00:00,374.94,23,5,1,378.48,373.4266666666667,495.84999999999997,375.47
2023-04-09 00:00:00,375.47,0,6,1,374.94,376.2966666666667,455.73333333333335,359.07
2023-04-09 01:00:00,359.07,1,6,1,375.47,369.82666666666665,413.395,379.7
2023-04-09 02:00:00,379.7,2,6,1,359.07,371.41333333333336,372.42,372.09
2023-04-09 03:00:00,372.09,3,6,1,379.7,370.28666666666663,373.2916666666667,367.05
2023-04-09 04:00:00,367.05,4,6,1,372.09,372.94666666666666,371.3866666666667,371.15
2023-04-09 05:00:00,371.15,5,6,1,367.05,370.09666666666664,370.75499999999994,355.79
2023-04-09 06:00:00,355.79,6,6,1,371.15,364.66333333333336,367.47499999999997,823.27
2023-04-09 07:00:00,823.27,7,6,1,355.79,516.7366666666667,444.8416666666667,811.77
2023-04-09 08:00:00,811.77,8,6,1,823.27,663.61,516.8533333333334,809.18
2023-04-09 09:00:00,809.18,9,6,1,811.77,814.7399999999999,589.7016666666667,807.82
2023-04-09 10:00:00,807.82,10,6,1,809.18,809.59,663.1633333333333,828.9
2023-04-09 11:00:00,828.9,11,6,1,807.82,815.3000000000001,739.455,814.97
2023-04-09 12:00:00,814.97,12,6,1,828.9,817.23,815.985,832.27
2023-04-09 13:00:00,832.27,13,6,1,814.97,825.38,817.485,815.71
2023-04-09 14:00:00,815.71,14,6,1,832.27,820.9833333333332,818.1416666666668,606.34
2023-04-09 15:00:00,606.34,15,6,1,815.71,751.44,784.335,611.07
2023-04-09 16:00:00,611.07,16,6,1,606.34,677.7066666666668,751.5433333333334,629.89
2023-04-09 17:00:00,629.89,17,6,1,611.07,615.7666666666668,718.375,618.75
2023-04-09 18:00:00,618.75,18,6,1,629.89,619.9033333333333,685.6716666666666,615.61
2023-04-09 19:00:00,615.61,19,6,1,618.75,621.4166666666666,649.5616666666666,621.28
2023-04-09 20:00:00,621.28,20,6,1,615.61,618.5466666666666,617.1566666666666,374.01
2023-04-09 21:00:00,374.01,21,6,1,621.28,536.9666666666667,578.4350000000001,378.94
2023-04-09 22:00:00,378.94,22,6,1,374.01,458.07666666666665,539.7466666666667,381.59
2023-04-09 23:00:00,381.59,23,6,1,378.94,378.18,498.3633333333334,447.12
2023-04-10 00:00:00,447.12,0,0,0,381.59,402.55,469.7583333333334,439.39
2023-04-10 01:00:00,439.39,1,0,0,447.12,422.7,440.3883333333333,446.69
2023-04-10 02:00:00,446.69,2,0,0,439.39,444.40000000000003,411.28999999999996,452.08
2023-04-10 03:00:00,452.08,3,0,0,446.69,446.0533333333333,424.3016666666667,442.29
2023-04-10 04:00:00,442.29,4,0,0,452.08,447.02,434.85999999999996,442.34
2023-04-10 05:00:00,442.34,5,0,0,442.29,445.57,444.98499999999996,452.75
2023-04-10 06:00:00,452.75,6,0,0,442.34,445.79333333333335,445.92333333333335,899.61
2023-04-10 07:00:00,899.61,7,0,0,452.75,598.2333333333333,522.6266666666667,900.26
2023-04-10 08:00:00,900.26,8,0,0,899.61,750.8733333333333,598.2216666666667,893.93
2023-04-10 09:00:00,893.93,9,0,0,900.26,897.9333333333334,671.8633333333333,898.16
2023-04-10 10:00:00,898.16,10,0,0,893.93,897.4499999999999,747.8416666666667,892.61
2023-04-10 11:00:00,892.61,11,0,0,898.16,894.9,822.8866666666667,907.12
2023-04-10 12:00:00,907.12,12,0,0,892.61,899.2966666666667,898.6149999999999,908.28
2023-04-10 13:00:00,908.28,13,0,0,907.12,902.6700000000001,900.0600000000001,885.23
2023-04-10 14:00:00,885.23,14,0,0,908.28,900.21,897.555,692.56
2023-04-10 15:00:00,692.56,15,0,0,885.23,828.6899999999999,863.9933333333333,688.03
2023-04-10 16:00:00,688.03,16,0,0,692.56,755.2733333333332,828.9716666666667,694.8
2023-04-10 17:00:00,694.8,17,0,0,688.03,691.7966666666666,796.0033333333334,699.33
2023-04-10 18:00:00,699.33,18,0,0,694.8,694.0533333333333,761.3716666666666,688.4
2023-04-10 19:00:00,688.4,19,0,0,699.33,694.1766666666666,724.725,692.63
2023-04-10 20:00:00,692.63,20,0,0,688.4,693.4533333333334,692.625,441.97
2023-04-10 21:00:00,441.97,21,0,0,692.63,607.6666666666666,650.86,451.66
2023-04-10 22:00:00,451.66,22,0,0,441.97,528.7533333333333,611.465,450.55
2023-04-10 23:00:00,450.55,23,0,0,451.66,448.06,570.7566666666667,444.23
2023-04-11 00:00:00,444.23,0,1,0,450.55,448.81333333333333,528.2400000000001,451.41
2023-04-11 01:00:00,451.41,1,1,0,444.23,448.73,488.74166666666673,445.63
2023-04-11 02:00:00,445.63,2,1,0,451.41,447.09,447.57500000000005,447.83
2023-04-11 03:00:00,447.83,3,1,0,445.63,448.28999999999996,448.55166666666673,463.39
2023-04-11 04:00:00,463.39,4,1,0,447.83,452.2833333333333,450.50666666666666,460.72
2023-04-11 05:00:00,460.72,5,1,0,463.39,457.31333333333333,452.20166666666665,439.6
2023-04-11 06:00:00,439.6,6,1,0,460.72,454.57,451.43000000000006,906.64
2023-04-11 07:00:00,906.64,7,1,0,439.6,602.32,527.3016666666666,906.49
2023-04-11 08:00:00,906.49,8,1,0,906.64,750.91,604.1116666666667,890.81
2023-04-11 09:00:00,890.81,9,1,0,906.49,901.3133333333334,677.9416666666666,906.55
2023-04-11 10:00:00,906.55,10,1,0,890.81,901.2833333333333,751.8016666666666,912.3
2023-04-11 11:00:00,912.3,11,1,0,906.55,903.2199999999999,827.0649999999999,891.02
2023-04-11 12:00:00,891.02,12,1,0,912.3,903.29,902.3016666666667,892.66
2023-04-11 13:00:00,892.66,13,1,0,891.02,898.66,899.9716666666667,908.14
2023-04-11 14:00:00,908.14,14,1,0,892.66,897.2733333333332,900.2466666666666,702.17
2023-04-11 15:00:00,702.17,15,1,0,908.14,834.3233333333333,868.8066666666665,704.41
2023-04-11 16:00:00,704.41,16,1,0,702.17,771.5733333333334,835.1166666666664,702.72
2023-04-11 17:00:00,702.72,17,1,0,704.41,703.1,800.1866666666666,703.13
2023-04-11 18:00:00,703.13,18,1,0,702.72,703.42,768.8716666666666,689.39
2023-04-11 19:00:00,689.39,19,1,0,703.13,698.4133333333333,734.9933333333333,708.38
2023-04-11 20:00:00,708.38,20,1,0,689.39,700.3000000000001,701.6999999999999,459.36
2023-04-11 21:00:00,459.36,21,1,0,708.38,619.0433333333333,661.2316666666667,448.16
2023-04-11 22:00:00,448.16,22,1,0,459.36,538.6333333333333,618.5233333333333,449.65
2023-04-11 23:00:00,449.65,23,1,0,448.16,452.39000000000004,576.345,437.75
2023-04-12 00:00:00,437.75,0,2,0,449.65,445.18666666666667,532.115,454.11
2023-04-12 01:00:00,454.11,1,2,0,437.75,447.17,492.9016666666667,454.58
2023-04-12 02:00:00,454.58,2,2,0,454.11,448.81333333333333,450.6016666666667,449.5
2023-04-12 03:00:00,449.5,3,2,0,454.58,452.73,448.9583333333333,458.99
2023-04-12 04:00:00,458.99,4,2,0,449.5,454.3566666666666,450.7633333333333,447.33
2023-04-12 05:00:00,447.33,5,2,0,458.99,451.94,450.3766666666667,454.52
2023-04-12 06:00:00,454.52,6,2,0,447.33,453.6133333333333,453.1716666666667,891.84
2023-04-12 07:00:00,891.84,7,2,0,454.52,597.8966666666666,526.1266666666667,899.81
2023-04-12 08:00:00,899.81,8,2,0,891.84,748.7233333333334,600.3316666666666,898.61
2023-04-12 09:00:00,898.61,9,2,0,899.81,896.7533333333334,675.1833333333333,901.8
2023-04-12 10:00:00,901.8,10,2,0,898.61,900.0733333333333,748.985,897.04
2023-04-12 11:00:00,897.04,11,2,0,901.8,899.15,823.9366666666666,898.95
2023-04-12 12:00:00,898.95,12,2,0,897.04,899.2633333333333,898.0083333333333,906.61
2023-04-12 13:00:00,906.61,13,2,0,898.95,900.8666666666668,900.4699999999999,896.51
2023-04-12 14:00:00,896.51,14,2,0,906.61,900.69,899.92,687.15
2023-04-12 15:00:00,687.15,15,2,0,896.51,830.09,864.6766666666667,714.0
2023-04-12 16:00:00,714.0,16,2,0,687.15,765.8866666666667,833.3766666666667,711.05
2023-04-12 17:00:00,711.05,17,2,0,714.0,704.0666666666666,802.3783333333332,689.66
2023-04-12 18:00:00,689.66,18,2,0,711.05,704.9033333333333,767.4966666666666,705.52
2023-04-12 19:00:00,705.52,19,2,0,689.66,702.0766666666665,733.9816666666666,695.98
2023-04-12 20:00:00,695.98,20,2,0,705.52,697.0533333333333,700.56,452.11
2023-04-12 21:00:00,452.11,21,2,0,695.98,617.87,661.3866666666667,452.35
2023-04-12 22:00:00,452.35,22,2,0,452.11,533.48,617.7783333333333,448.12
2023-04-12 23:00:00,448.12,23,2,0,452.35,450.85999999999996,573.9566666666666,443.73
2023-04-13 00:00:00,443.73,0,3,0,448.12,448.06666666666666,532.9683333333334,444.48
2023-04-13 01:00:00,444.48,1,3,0,443.73,445.4433333333333,489.46166666666664,442.67
2023-04-13 02:00:00,442.67,2,3,0,444.48,443.6266666666667,447.24333333333334,443.35
2023-04-13 03:00:00,443.35,3,3,0,442.67,443.5,445.7833333333333,449.46
2023-04-13 04:00:00,449.46,4,3,0,443.35,445.16,445.3016666666667,444.27
2023-04-13 05:00:00,444.27,5,3,0,449.46,445.6933333333333,444.66,455.46
2023-04-13 06:00:00,455.46,6,3,0,444.27,449.73,446.615,911.9
2023-04-13 07:00:00,911.9,7,3,0,455.46,603.8766666666667,524.5183333333333,895.36
2023-04-13 08:00:00,895.36,8,3,0,911.9,754.2399999999999,599.9666666666667,901.92
2023-04-13 09:00:00,901.92,9,3,0,895.36,903.06,676.395,904.0
2023-04-13 10:00:00,904.0,10,3,0,901.92,900.4266666666666,752.1516666666666,903.78
2023-04-13 11:00:00,903.78,11,3,0,904.0,903.2333333333332,828.7366666666667,900.61
2023-04-13 12:00:00,900.61,12,3,0,903.78,902.7966666666666,902.9283333333333,905.94
2023-04-13 13:00:00,905.94,13,3,0,900.61,903.4433333333333,901.9350000000001,903.86
2023-04-13 14:00:00,903.86,14,3,0,905.94,903.4699999999999,903.3516666666666,690.1
2023-04-13 15:00:00,690.1,15,3,0,903.86,833.3000000000001,868.0483333333333,706.95
2023-04-13 16:00:00,706.95,16,3,0,690.1,766.9699999999999,835.2066666666666,707.1
2023-04-13 17:00:00,707.1,17,3,0,706.95,701.3833333333333,802.4266666666667,693.89
2023-04-13 18:00:00,693.89,18,3,0,707.1,702.6466666666666,767.9733333333334,700.3
2023-04-13 19:00:00,700.3,19,3,0,693.89,700.43,733.6999999999999,705.47
2023-04-13 20:00:00,705.47,20,3,0,700.3,699.8866666666667,700.6350000000001,448.33
2023-04-13 21:00:00,448.33,21,3,0,705.47,618.0333333333334,660.34,458.58
2023-04-13 22:00:00,458.58,22,3,0,448.33,537.46,618.945,468.91
2023-04-13 23:00:00,468.91,23,3,0,458.58,458.6066666666666,579.2466666666666,443.71
2023-04-14 00:00:00,443.71,0,4,0,468.91,457.06666666666666,537.55,438.95
2023-04-14 01:00:00,438.95,1,4,0,443.71,450.5233333333333,493.99166666666673,452.43
2023-04-14 02:00:00,452.43,2,4,0,438.95,445.03,451.8183333333333,455.77
2023-04-14 03:00:00,455.77,3,4,0,452.43,449.05,453.05833333333334,448.15
2023-04-14 04:00:00,448.15,4,4,0,455.77,452.1166666666666,451.32,461.63
2023-04-14 05:00:00,461.63,5,4,0,448.15,455.18333333333334,450.10666666666674,439.29
2023-04-14 06:00:00,439.29,6,4,0,461.63,449.69,449.37000000000006,905.54
2023-04-14 07:00:00,905.54,7,4,0,439.29,602.1533333333333,527.1349999999999,895.15
2023-04-14 08:00:00,895.15,8,4,0,905.54,746.6599999999999,600.9216666666666,913.76
2023-04-14 09:00:00,913.76,9,4,0,895.15,904.8166666666666,677.2533333333333,915.94
2023-04-14 10:00:00,915.94,10,4,0,913.76,908.2833333333333,755.2183333333332,893.87
2023-04-14 11:00:00,893.87,11,4,0,915.94,907.8566666666666,827.2583333333332,895.6
2023-04-14 12:00:00,895.6,12,4,0,893.87,901.8033333333333,903.31,906.88
2023-04-14 13:00:00,906.88,13,4,0,895.6,898.7833333333333,903.5333333333333,896.9
2023-04-14 14:00:00,896.9,14,4,0,906.88,899.7933333333334,903.8249999999999,699.64
2023-04-14 15:00:00,699.64,15,4,0,896.9,834.4733333333334,868.1383333333333,700.2
2023-04-14 16:00:00,700.2,16,4,0,699.64,765.5799999999999,832.1816666666667,684.64
2023-04-14 17:00:00,684.64,17,4,0,700.2,694.8266666666665,797.31,699.89
2023-04-14 18:00:00,699.89,18,4,0,684.64,694.91,764.6916666666666,694.48
2023-04-14 19:00:00,694.48,19,4,0,699.89,693.0033333333332,729.2916666666666,696.06
2023-04-14 20:00:00,696.06,20,4,0,694.48,696.81,695.8183333333333,461.55
2023-04-14 21:00:00,461.55,21,4,0,696.06,617.3633333333333,656.1366666666667,439.95
2023-04-14 22:00:00,439.95,22,4,0,461.55,532.52,612.7616666666667,456.51
2023-04-14 23:00:00,456.51,23,4,0,439.95,452.6699999999999,574.7399999999999,367.77
2023-04-15 00:00:00,367.77,0,5,1,456.51,421.41,519.3866666666667,367.76
2023-04-15 01:00:00,367.76,1,5,1,367.77,397.34666666666664,464.93333333333334,376.32
2023-04-15 02:00:00,376.32,2,5,1,367.76,370.6166666666666,411.6433333333334,372.72
2023-04-15 03:00:00,372.72,3,5,1,376.32,372.26666666666665,396.83833333333337,374.56
2023-04-15 04:00:00,374.56,4,5,1,372.72,374.5333333333333,385.94,377.75
2023-04-15 05:00:00,377.75,5,5,1,374.56,375.01,372.81333333333333,367.35
2023-04-15 06:00:00,367.35,6,5,1,377.75,373.21999999999997,372.74333333333334,815.1
2023-04-15 07:00:00,815.1,7,5,1,367.35,520.0666666666666,447.3,811.32
2023-04-15 08:00:00,811.32,8,5,1,815.1,664.59,519.8000000000001,813.4
2023-04-15 09:00:00,813.4,9,5,1,811.32,813.2733333333334,593.2466666666667,843.59
2023-04-15 10:00:00,843.59,10,5,1,813.4,822.77,671.4183333333334,829.96
2023-04-15 11:00:00,829.96,11,5,1,843.59,828.9833333333332,746.7866666666667,809.19
2023-04-15 12:00:00,809.19,12,5,1,829.96,827.5799999999999,820.4266666666666,809.42
2023-04-15 13:00:00,809.42,13,5,1,809.19,816.1899999999999,819.48,823.85
2023-04-15 14:00:00,823.85,14,5,1,809.42,814.1533333333333,821.5683333333333,624.38
2023-04-15 15:00:00,624.38,15,5,1,823.85,752.5499999999998,790.065,624.39
2023-04-15 16:00:00,624.39,16,5,1,624.38,690.8733333333333,753.5316666666668,617.96
2023-04-15 17:00:00,617.96,17,5,1,624.39,622.2433333333333,718.1983333333334,619.0
2023-04-15 18:00:00,619.0,18,5,1,617.96,620.4499999999999,686.5,622.62
2023-04-15 19:00:00,622.62,19,5,1,619.0,619.86,655.3666666666667,620.69
2023-04-15 20:00:00,620.69,20,5,1,622.62,620.77,621.5066666666667,352.25
2023-04-15 21:00:00,352.25,21,5,1,620.69,531.8533333333334,576.1516666666666,368.16
2023-04-15 22:00:00,368.16,22,5,1,352.25,447.0333333333333,533.4466666666667,363.19
2023-04-15 23:00:00,363.19,23,5,1,368.16,361.2,490.98499999999996,371.4
2023-04-16 00:00:00,371.4,0,6,1,363.19,367.5833333333333,449.7183333333333,393.88
2023-04-16 01:00:00,393.88,1,6,1,371.4,376.1566666666666,411.595,372.94
2023-04-16 02:00:00,372.94,2,6,1,393.88,379.4066666666666,370.30333333333334,367.49
2023-04-16 03:00:00,367.49,3,6,1,372.94,378.1033333333333,372.8433333333333,377.37
2023-04-16 04:00:00,377.37,4,6,1,367.49,372.59999999999997,374.37833333333333,373.86
2023-04-16 05:00:00,373.86,5,6,1,377.37,372.9066666666666,376.1566666666667,373.36
2023-04-16 06:00:00,373.36,6,6,1,373.86,374.8633333333333,376.48333333333335,824.85
2023-04-16 07:00:00,824.85,7,6,1,373.36,524.0233333333333,448.31166666666667,836.45
2023-04-16 08:00:00,836.45,8,6,1,824.85,678.2199999999999,525.5633333333334,810.95
2023-04-16 09:00:00,810.95,9,6,1,836.45,824.0833333333334,599.4733333333334,823.79
2023-04-16 10:00:00,823.79,10,6,1,810.95,823.7299999999999,673.8766666666667,812.59
2023-04-16 11:00:00,812.59,11,6,1,823.79,815.7766666666666,746.9983333333334,824.44
2023-04-16 12:00:00,824.44,12,6,1,812.59,820.2733333333332,822.1783333333333,812.65
2023-04-16 13:00:00,812.65,13,6,1,824.44,816.56,820.1450000000001,816.66
2023-04-16 14:00:00,816.66,14,6,1,812.65,817.9166666666665,816.8466666666667,617.64
2023-04-16 15:00:00,617.64,15,6,1,816.66,748.9833333333332,784.6283333333334,627.81
2023-04-16 16:00:00,627.81,16,6,1,617.64,687.3699999999999,751.965,627.35
2023-04-16 17:00:00,627.35,17,6,1,627.81,624.2666666666665,721.0916666666667,610.03
2023-04-16 18:00:00,610.03,18,6,1,627.35,621.7299999999999,685.3566666666667,620.44
2023-04-16 19:00:00,620.44,19,6,1,610.03,619.2733333333332,653.3216666666666,614.32
2023-04-16 20:00:00,614.32,20,6,1,620.44,614.93,619.5983333333334,359.93
2023-04-16 21:00:00,359.93,21,6,1,614.32,531.5633333333333,576.6466666666666,368.26
2023-04-16 22:00:00,368.26,22,6,1,359.93,447.5033333333333,533.3883333333333,367.53
2023-04-16 23:00:00,367.53,23,6,1,368.26,365.23999999999995,490.085,469.41
2023-04-17 00:00:00,469.41,0,0,0,367.53,401.7333333333333,466.64833333333337,453.46
2023-04-17 01:00:00,453.46,1,0,0,469.41,430.1333333333332,438.8183333333334,438.98
2023-04-17 02:00:00,438.98,2,0,0,453.46,453.9499999999999,409.595,445.48
2023-04-17 03:00:00,445.48,3,0,0,438.98,445.9733333333333,423.8533333333334,458.17
2023-04-17 04:00:00,458.17,4,0,0,445.48,447.54333333333324,438.8383333333333,466.71
2023-04-17 05:00:00,466.71,5,0,0,458.17,456.7866666666666,455.36833333333334,437.31
2023-04-17 06:00:00,437.31,6,0,0,466.71,454.0633333333332,450.01833333333326,884.96
2023-04-17 07:00:00,884.96,7,0,0,437.31,596.3266666666666,521.935,914.97
2023-04-17 08:00:00,914.97,8,0,0,884.96,745.7466666666666,601.2666666666667,903.12
2023-04-17 09:00:00,903.12,9,0,0,914.97,901.0166666666665,677.54,893.05
2023-04-17 10:00:00,893.05,10,0,0,903.12,903.7133333333333,750.02,904.28
2023-04-17 11:00:00,904.28,11,0,0,893.05,900.15,822.9483333333334,878.91
2023-04-17 12:00:00,878.91,12,0,0,904.28,892.0799999999999,896.5483333333333,900.03
2023-04-17 13:00:00,900.03,13,0,0,878.91,894.4066666666664,899.06,902.62
2023-04-17 14:00:00,902.62,14,0,0,900.03,893.8533333333334,897.0016666666666,707.39
2023-04-17 15:00:00,707.39,15,0,0,902.62,836.68,864.38,691.89
2023-04-17 16:00:00,691.89,16,0,0,707.39,767.2999999999998,830.8533333333334,700.69
2023-04-17 17:00:00,700.69,17,0,0,691.89,699.9899999999999,796.9216666666666,692.6
2023-04-17 18:00:00,692.6,18,0,0,700.69,695.06,765.87,702.04
2023-04-17 19:00:00,702.04,19,0,0,692.6,698.4433333333333,732.8716666666666,692.84
2023-04-17 20:00:00,692.84,20,0,0,702.04,695.8266666666667,697.9083333333333,446.74
2023-04-17 21:00:00,446.74,21,0,0,692.84,613.8733333333333,654.4666666666666,442.03
2023-04-17 22:00:00,442.03,22,0,0,446.74,527.2033333333333,612.8233333333334,455.21
2023-04-17 23:00:00,455.21,23,0,0,442.03,447.9933333333333,571.91,456.87
2023-04-18 00:00:00,456.87,0,1,0,455.21,451.3699999999999,532.6216666666667,448.12
2023-04-18 01:00:00,448.12,1,1,0,456.87,453.3999999999999,490.3016666666667,450.31
2023-04-18 02:00:00,450.31,2,1,0,448.12,451.7666666666666,449.87999999999994,438.41
2023-04-18 03:00:00,438.41,3,1,0,450.31,445.6133333333333,448.49166666666673,447.6
2023-04-18 04:00:00,447.6,4,1,0,438.41,445.4399999999999,449.42,449.6
2023-04-18 05:00:00,449.6,5,1,0,447.6,445.2033333333333,448.48499999999996,470.97
2023-04-18 06:00:00,470.97,6,1,0,449.6,456.0566666666666,450.83500000000004,891.1
2023-04-18 07:00:00,891.1,7,1,0,470.97,603.89,524.6650000000001,911.71
2023-04-18 08:00:00,911.71,8,1,0,891.1,757.9266666666666,601.565,907.97
2023-04-18 09:00:00,907.97,9,1,0,911.71,903.5933333333332,679.8249999999999,902.25
2023-04-18 10:00:00,902.25,10,1,0,907.97,907.31,755.6,914.07
2023-04-18 11:00:00,914.07,11,1,0,902.25,908.0966666666667,833.0116666666668,902.98
2023-04-18 12:00:00,902.98,12,1,0,914.07,906.4333333333333,905.0133333333333,903.11
2023-04-18 13:00:00,903.11,13,1,0,902.98,906.7199999999999,907.015,899.58
2023-04-18 14:00:00,899.58,14,1,0,903.11,901.8899999999999,904.9933333333335,709.79
2023-04-18 15:00:00,709.79,15,1,0,899.58,837.4933333333332,871.9633333333335,708.77
2023-04-18 16:00:00,708.77,16,1,0,709.79,772.7133333333333,839.7166666666667,694.99
2023-04-18 17:00:00,694.99,17,1,0,708.77,704.5166666666665,803.2033333333333,689.45
2023-04-18 18:00:00,689.45,18,1,0,694.99,697.7366666666667,767.6150000000001,698.38
2023-04-18 19:00:00,698.38,19,1,0,689.45,694.2733333333332,733.4933333333333,693.6
2023-04-18 20:00:00,693.6,20,1,0,698.38,693.81,699.1633333333334,449.49
2023-04-18 21:00:00,449.49,21,1,0,693.6,613.8233333333333,655.7800000000001,459.9
2023-04-18 22:00:00,459.9,22,1,0,449.49,534.3299999999999,614.3016666666667,446.34
2023-04-18 23:00:00,446.34,23,1,0,459.9,451.9099999999999,572.86,449.66
2023-04-19 00:00:00,449.66,0,2,0,446.34,451.9666666666665,532.895,450.46
2023-04-19 01:00:00,450.46,1,2,0,449.66,448.81999999999994,491.575,456.79
2023-04-19 02:00:00,456.79,2,2,0,450.46,452.3033333333333,452.10666666666674,432.02
2023-04-19 03:00:00,432.02,3,2,0,456.79,446.42333333333323,449.195,445.15
2023-04-19 04:00:00,445.15,4,2,0,432.02,444.6533333333332,446.7366666666667,451.69
2023-04-19 05:00:00,451.69,5,2,0,445.15,442.9533333333332,447.62833333333333,459.6
2023-04-19 06:00:00,459.6,6,2,0,451.69,452.1466666666666,449.2849999999999,896.06
2023-04-19 07:00:00,896.06,7,2,0,459.6,602.4499999999999,523.5516666666667,884.99
2023-04-19 08:00:00,884.99,8,2,0,896.06,746.8833333333332,594.9183333333334,904.96
2023-04-19 09:00:00,904.96,9,2,0,884.99,895.3366666666666,673.7416666666667,894.92
2023-04-19 10:00:00,894.92,10,2,0,904.96,894.9566666666666,748.7033333333334,890.48
2023-04-19 11:00:00,890.48,11,2,0,894.92,896.7866666666665,821.835,895.01
2023-04-19 12:00:00,895.01,12,2,0,890.48,893.4699999999999,894.4033333333333,898.52
2023-04-19 13:00:00,898.52,13,2,0,895.01,894.67,894.8133333333334,895.16
2023-04-19 14:00:00,895.16,14,2,0,898.52,896.2299999999999,896.5083333333332,682.36
2023-04-19 15:00:00,682.36,15,2,0,895.16,825.3466666666667,859.4083333333334,707.18
2023-04-19 16:00:00,707.18,16,2,0,682.36,761.5666666666666,828.1183333333333,710.2
2023-04-19 17:00:00,710.2,17,2,0,707.18,699.9133333333333,798.0716666666667,705.21
2023-04-19 18:00:00,705.21,18,2,0,710.2,707.5299999999999,766.4383333333334,690.9
2023-04-19 19:00:00,690.9,19,2,0,705.21,702.1033333333334,731.835,698.39
2023-04-19 20:00:00,698.39,20,2,0,690.9,698.1666666666666,699.04,449.95
2023-04-19 21:00:00,449.95,21,2,0,698.39,613.0799999999999,660.305,454.79
2023-04-19 22:00:00,454.79,22,2,0,449.95,534.3766666666666,618.2399999999999,455.35
2023-04-19 23:00:00,455.35,23,2,0,454.79,453.3633333333333,575.765,444.13
2023-04-20 00:00:00,444.13,0,3,0,455.35,451.42333333333335,532.2516666666667,450.66
2023-04-20 01:00:00,450.66,1,3,0,444.13,450.0466666666666,492.21166666666664,453.66
2023-04-20 02:00:00,453.66,2,3,0,450.66,449.4833333333333,451.42333333333335,461.65
2023-04-20 03:00:00,461.65,3,3,0,453.66,455.32333333333327,453.3733333333334,455.64
2023-04-20 04:00:00,455.64,4,3,0,461.65,456.9833333333333,453.51499999999993,456.31
2023-04-20 05:00:00,456.31,5,3,0,455.64,457.8666666666666,453.67499999999995,450.67
2023-04-20 06:00:00,450.67,6,3,0,456.31,454.20666666666665,454.76500000000004,911.28
2023-04-20 07:00:00,911.28,7,3,0,450.67,606.0866666666666,531.535,903.28
2023-04-20 08:00:00,903.28,8,3,0,911.28,755.0766666666667,606.4716666666667,893.11
2023-04-20 09:00:00,893.11,9,3,0,903.28,902.5566666666667,678.3816666666667,911.23
2023-04-20 10:00:00,911.23,10,3,0,893.11,902.54,754.3133333333334,905.58
2023-04-20 11:00:00,905.58,11,3,0,911.23,903.3066666666667,829.1916666666667,896.46
2023-04-20 12:00:00,896.46,12,3,0,905.58,904.4233333333333,903.4900000000001,896.16
2023-04-20 13:00:00,896.16,13,3,0,896.46,899.4,900.9700000000001,902.37
2023-04-20 14:00:00,902.37,14,3,0,896.16,898.3299999999999,900.8183333333333,703.71
2023-04-20 15:00:00,703.71,15,3,0,902.37,834.0799999999999,869.2516666666667,701.58
2023-04-20 16:00:00,701.58,16,3,0,703.71,769.2199999999999,834.3100000000001,702.49
2023-04-20 17:00:00,702.49,17,3,0,701.58,702.5933333333332,800.4616666666666,713.6
2023-04-20 18:00:00,713.6,18,3,0,702.49,705.89,769.985,708.57
2023-04-20 19:00:00,708.57,19,3,0,713.6,708.2199999999999,738.7200000000001,701.53
2023-04-20 20:00:00,701.53,20,3,0,708.57,707.9,705.2466666666666,457.53
2023-04-20 21:00:00,457.53,21,3,0,701.53,622.5433333333333,664.2166666666667,441.74
2023-04-20 22:00:00,441.74,22,3,0,457.53,533.6,620.91,453.18
2023-04-20 23:00:00,453.18,23,3,0,441.74,450.8166666666666,579.3583333333333,464.47
2023-04-21 00:00:00,464.47,0,4,0,453.18,453.12999999999994,537.8366666666667,448.26
2023-04-21 01:00:00,448.26,1,4,0,464.47,455.3033333333333,494.4516666666666,443.22
2023-04-21 02:00:00,443.22,2,4,0,448.26,451.9833333333333,451.40000000000003,444.78
2023-04-21 03:00:00,444.78,3,4,0,443.22,445.4199999999999,449.2749999999999,441.28
2023-04-21 04:00:00,441.28,4,4,0,444.78,443.09333333333325,449.1983333333333,443.72
2023-04-21 05:00:00,443.72,5,4,0,441.28,443.25999999999993,447.62166666666667,447.04
2023-04-21 06:00:00,447.04,6,4,0,443.72,444.0133333333333,444.7166666666667,888.76
2023-04-21 07:00:00,888.76,7,4,0,447.04,593.1733333333333,518.1333333333333,900.12
2023-04-21 08:00:00,900.12,8,4,0,888.76,745.3066666666667,594.2833333333333,907.22
2023-04-21 09:00:00,907.22,9,4,0,900.12,898.6999999999999,671.3566666666667,892.74
2023-04-21 10:00:00,892.74,10,4,0,907.22,900.0266666666666,746.6,912.15
2023-04-21 11:00:00,912.15,11,4,0,892.74,904.0366666666667,824.6716666666667,904.09
2023-04-21 12:00:00,904.09,12,4,0,912.15,902.9933333333332,900.8466666666667,908.24
2023-04-21 13:00:00,908.24,13,4,0,904.09,908.16,904.0933333333334,894.74
2023-04-21 14:00:00,894.74,14,4,0,908.24,902.3566666666666,903.1966666666667,706.84
2023-04-21 15:00:00,706.84,15,4,0,894.74,836.6066666666666,869.8000000000001,691.26
2023-04-21 16:00:00,691.26,16,4,0,706.84,764.2800000000001,836.2199999999999,707.12
2023-04-21 17:00:00,707.12,17,4,0,691.26,701.7399999999999,802.0483333333335,701.37
2023-04-21 18:00:00,701.37,18,4,0,707.12,699.9166666666666,768.2616666666667,704.43
2023-04-21 19:00:00,704.43,19,4,0,701.37,704.3066666666667,734.2933333333334,690.6
2023-04-21 20:00:00,690.6,20,4,0,704.43,698.8000000000001,700.27,442.84
2023-04-21 21:00:00,442.84,21,4,0,690.6,612.6233333333333,656.27,454.78
2023-04-21 22:00:00,454.78,22,4,0,442.84,529.4066666666666,616.8566666666667,442.41
2023-04-21 23:00:00,442.41,23,4,0,454.78,446.67666666666656,572.7383333333333,373.71
2023-04-22 00:00:00,373.71,0,5,1,442.41,423.63333333333327,518.1283333333333,359.06
2023-04-22 01:00:00,359.06,1,5,1,373.71,391.72666666666663,460.5666666666666,376.79
2023-04-22 02:00:00,376.79,2,5,1,359.06,369.8533333333333,408.26500000000004,360.14
2023-04-22 03:00:00,360.14,3,5,1,376.79,365.3299999999999,394.4816666666666,374.42
2023-04-22 04:00:00,374.42,4,5,1,360.14,370.45,381.08833333333337,375.01
2023-04-22 05:00:00,375.01,5,5,1,374.42,369.8566666666666,369.855,364.43
2023-04-22 06:00:00,364.43,6,5,1,375.01,371.28666666666663,368.30833333333334,824.66
2023-04-22 07:00:00,824.66,7,5,1,364.43,521.3666666666667,445.9083333333333,822.08
2023-04-22 08:00:00,822.08,8,5,1,824.66,670.39,520.1233333333333,815.69
2023-04-22 09:00:00,815.69,9,5,1,822.08,820.81,596.0483333333334,811.93
2023-04-22 10:00:00,811.93,10,5,1,815.69,816.5666666666666,668.9666666666667,804.3
2023-04-22 11:00:00,804.3,11,5,1,811.93,810.64,740.515,822.8
2023-04-22 12:00:00,822.8,12,5,1,804.3,813.0099999999999,816.91,807.48
2023-04-22 13:00:00,807.48,13,5,1,822.8,811.5266666666666,814.0466666666667,820.76
2023-04-22 14:00:00,820.76,14,5,1,807.48,817.0133333333333,813.8266666666667,617.89
2023-04-22 15:00:00,617.89,15,5,1,820.76,748.71,780.86,625.43
2023-04-22 16:00:00,625.43,16,5,1,617.89,688.0266666666666,749.7766666666666,617.58
2023-04-22 17:00:00,617.58,17,5,1,625.43,620.3,718.6566666666666,617.36
2023-04-22 18:00:00,617.36,18,5,1,617.58,620.1233333333333,684.4166666666666,625.85
2023-04-22 19:00:00,625.85,19,5,1,617.36,620.2633333333333,654.145,622.68
2023-04-22 20:00:00,622.68,20,5,1,625.85,621.9633333333333,621.1316666666667,372.53
2023-04-22 21:00:00,372.53,21,5,1,622.68,540.3533333333334,580.2383333333333,373.75
2023-04-22 22:00:00,373.75,22,5,1,372.53,456.31999999999994,538.2916666666666,357.72
2023-04-22 23:00:00,357.72,23,5,1,373.75,368.0,494.98166666666674,376.05
2023-04-23 00:00:00,376.05,0,6,1,357.72,369.17333333333335,454.7633333333333,374.9
2023-04-23 01:00:00,374.9,1,6,1,376.05,369.5566666666666,412.93833333333333,361.87
2023-04-23 02:00:00,361.87,2,6,1,374.9,370.94,369.47,368.05
2023-04-23 03:00:00,368.05,3,6,1,361.87,368.2733333333333,368.72333333333336,369.69
2023-04-23 04:00:00,369.69,4,6,1,368.05,366.53666666666663,368.0466666666667,368.92
2023-04-23 05:00:00,368.92,5,6,1,369.69,368.8866666666666,369.91333333333336,372.67
2023-04-23 06:00:00,372.67,6,6,1,368.92,370.4266666666667,369.34999999999997,831.45
2023-04-23 07:00:00,831.45,7,6,1,372.67,524.3466666666667,445.44166666666666,828.65
2023-04-23 08:00:00,828.65,8,6,1,831.45,677.59,523.2383333333333,809.5
2023-04-23 09:00:00,809.5,9,6,1,828.65,823.1999999999999,596.8133333333334,824.98
2023-04-23 10:00:00,824.98,10,6,1,809.5,821.0433333333334,672.695,830.63
2023-04-23 11:00:00,830.63,11,6,1,824.98,821.7033333333333,749.6466666666666,823.09
2023-04-23 12:00:00,823.09,12,6,1,830.63,826.2333333333332,824.7166666666667,828.73
2023-04-23 13:00:00,828.73,13,6,1,823.09,827.4833333333332,824.2633333333333,836.1
2023-04-23 14:00:00,836.1,14,6,1,828.73,829.3066666666667,825.5050000000001,628.19
2023-04-23 15:00:00,628.19,15,6,1,836.1,764.34,795.2866666666667,621.99
2023-04-23 16:00:00,621.99,16,6,1,628.19,695.4266666666666,761.4549999999999,628.36
2023-04-23 17:00:00,628.36,17,6,1,621.99,626.18,727.7433333333333,621.16
2023-04-23 18:00:00,621.16,18,6,1,628.36,623.8366666666667,694.0883333333335,620.19
2023-04-23 19:00:00,620.19,19,6,1,621.16,623.2366666666667,659.3316666666667,617.19
2023-04-23 20:00:00,617.19,20,6,1,620.19,619.5133333333333,622.8466666666667,382.51
2023-04-23 21:00:00,382.51,21,6,1,617.19,539.9633333333334,581.9000000000001,363.45
2023-04-23 22:00:00,363.45,22,6,1,382.51,454.3833333333334,538.8100000000001,382.26
2023-04-23 23:00:00,382.26,23,6,1,363.45,376.0733333333333,497.7933333333333,454.0
2023-04-24 00:00:00,454.0,0,0,0,382.26,399.90333333333336,469.93333333333334,438.81
2023-04-24 01:00:00,438.81,1,0,0,454.0,425.0233333333333,439.7033333333334,452.94
2023-04-24 02:00:00,452.94,2,0,0,438.81,448.5833333333333,412.3283333333333,433.2
2023-04-24 03:00:00,433.2,3,0,0,452.94,441.6499999999999,420.7766666666667,455.0
2023-04-24 04:00:00,455.0,4,0,0,433.2,447.0466666666666,436.035,457.08
2023-04-24 05:00:00,457.08,5,0,0,455.0,448.4266666666667,448.50500000000005,445.26
2023-04-24 06:00:00,445.26,6,0,0,457.08,452.44666666666666,447.04833333333335,900.99
2023-04-24 07:00:00,900.99,7,0,0,445.26,601.11,524.0783333333333,915.63
2023-04-24 08:00:00,915.63,8,0,0,900.99,753.96,601.1933333333334,895.95
2023-04-24 09:00:00,895.95,9,0,0,915.63,904.19,678.3183333333333,891.53
2023-04-24 10:00:00,891.53,10,0,0,895.95,901.0366666666667,751.0733333333333,911.85
2023-04-24 11:00:00,911.85,11,0,0,891.53,899.7766666666666,826.8683333333333,915.7
2023-04-24 12:00:00,915.7,12,0,0,911.85,906.36,905.275,900.03
2023-04-24 13:00:00,900.03,13,0,0,915.7,909.1933333333333,905.1150000000001,908.09
2023-04-24 14:00:00,908.09,14,0,0,900.03,907.94,903.8583333333332,710.73
2023-04-24 15:00:00,710.73,15,0,0,908.09,839.6166666666667,872.9883333333333,694.06
2023-04-24 16:00:00,694.06,16,0,0,710.73,770.96,840.0766666666667,696.12
2023-04-24 17:00:00,696.12,17,0,0,694.06,700.3033333333333,804.1216666666666,709.85
2023-04-24 18:00:00,709.85,18,0,0,696.12,700.0099999999999,769.8133333333334,713.48
2023-04-24 19:00:00,713.48,19,0,0,709.85,706.4833333333332,738.7216666666667,704.5
2023-04-24 20:00:00,704.5,20,0,0,713.48,709.2766666666666,704.79,442.96
2023-04-24 21:00:00,442.96,21,0,0,704.5,620.3133333333334,660.1616666666666,465.9
2023-04-24 22:00:00,465.9,22,0,0,442.96,537.7866666666667,622.135,445.75
2023-04-24 23:00:00,445.75,23,0,0,465.9,451.53666666666663,580.4066666666666,447.32
2023-04-25 00:00:00,447.32,0,1,0,445.75,452.98999999999995,536.6516666666666,452.74
2023-04-25 01:00:00,452.74,1,1,0,447.32,448.6033333333333,493.195,462.43
2023-04-25 02:00:00,462.43,2,1,0,452.74,454.16333333333336,452.84999999999997,456.83
2023-04-25 03:00:00,456.83,3,1,0,462.43,457.3333333333333,455.1616666666667,453.32
2023-04-25 04:00:00,453.32,4,1,0,456.83,457.52666666666664,453.065,453.71
2023-04-25 05:00:00,453.71,5,1,0,453.32,454.61999999999995,454.39166666666665,450.35
2023-04-25 06:00:00,450.35,6,1,0,453.71,452.46000000000004,454.8966666666666,904.47
2023-04-25 07:00:00,904.47,7,1,0,450.35,602.8433333333334,530.1850000000001,879.76
2023-04-25 08:00:00,879.76,8,1,0,904.47,744.86,599.74,897.63
2023-04-25 09:00:00,897.63,9,1,0,879.76,893.9533333333334,673.2066666666666,901.93
2023-04-25 10:00:00,901.93,10,1,0,897.63,893.1066666666666,747.975,890.79
2023-04-25 11:00:00,890.79,11,1,0,901.93,896.7833333333333,820.8216666666667,903.09
2023-04-25 12:00:00,903.09,12,1,0,890.79,898.6033333333334,896.2783333333333,898.36
2023-04-25 13:00:00,898.36,13,1,0,903.09,897.4133333333334,895.2600000000001,914.04
2023-04-25 14:00:00,914.04,14,1,0,898.36,905.1633333333334,900.9733333333334,712.58
2023-04-25 15:00:00,712.58,15,1,0,914.04,841.66,870.1316666666667,696.27
2023-04-25 16:00:00,696.27,16,1,0,712.58,774.2966666666666,835.8549999999999,698.79
2023-04-25 17:00:00,698.79,17,1,0,696.27,702.5466666666666,803.8549999999999,699.41
2023-04-25 18:00:00,699.41,18,1,0,698.79,698.1566666666666,769.9083333333333,696.39
2023-04-25 19:00:00,696.39,19,1,0,699.41,698.1966666666667,736.2466666666666,701.56
2023-04-25 20:00:00,701.56,20,1,0,696.39,699.1199999999999,700.8333333333334,443.93
2023-04-25 21:00:00,443.93,21,1,0,701.56,613.96,656.0583333333333,440.96
2023-04-25 22:00:00,440.96,22,1,0,443.93,528.8166666666666,613.5066666666667,454.98
2023-04-25 23:00:00,454.98,23,1,0,440.96,446.6233333333333,572.8716666666667,455.04
2023-04-26 00:00:00,455.04,0,2,0,454.98,450.32666666666665,532.1433333333333,443.57
2023-04-26 01:00:00,443.57,1,2,0,455.04,451.1966666666667,490.00666666666666,457.16
2023-04-26 02:00:00,457.16,2,2,0,443.57,451.92333333333335,449.2733333333333,444.95
2023-04-26 03:00:00,444.95,3,2,0,457.16,448.56,449.4433333333333,452.03
2023-04-26 04:00:00,452.03,4,2,0,444.95,451.37999999999994,451.28833333333336,456.56
2023-04-26 05:00:00,456.56,5,2,0,452.03,451.18,451.5516666666667,449.73
2023-04-26 06:00:00,449.73,6,2,0,456.56,452.7733333333333,450.6666666666667,903.64
2023-04-26 07:00:00,903.64,7,2,0,449.73,603.3100000000001,527.345,895.87
2023-04-26 08:00:00,895.87,8,2,0,903.64,749.7466666666668,600.4633333333333,898.43
2023-04-26 09:00:00,898.43,9,2,0,895.87,899.3133333333334,676.0433333333334,898.35
2023-04-26 10:00:00,898.35,10,2,0,898.43,897.5500000000001,750.43,894.03
2023-04-26 11:00:00,894.03,11,2,0,898.35,896.9366666666666,823.3416666666667,898.59
2023-04-26 12:00:00,898.59,12,2,0,894.03,896.9900000000001,898.1516666666666,887.61
2023-04-26 13:00:00,887.61,13,2,0,898.59,893.41,895.48,896.07
2023-04-26 14:00:00,896.07,14,2,0,887.61,894.09,895.5133333333333,697.72
2023-04-26 15:00:00,697.72,15,2,0,896.07,827.1333333333333,862.0616666666666,697.95
2023-04-26 16:00:00,697.95,16,2,0,697.72,763.9133333333333,828.6616666666667,698.07
2023-04-26 17:00:00,698.07,17,2,0,697.95,697.9133333333334,796.0016666666667,699.51
2023-04-26 18:00:00,699.51,18,2,0,698.07,698.5100000000001,762.8216666666667,703.84
2023-04-26 19:00:00,703.84,19,2,0,699.51,700.4733333333334,732.1933333333333,707.0
2023-04-26 20:00:00,707.0,20,2,0,703.84,703.4499999999999,700.6816666666667,444.8
2023-04-26 21:00:00,444.8,21,2,0,707.0,618.5466666666667,658.5283333333333,440.37
2023-04-26 22:00:00,440.37,22,2,0,444.8,530.7233333333334,615.5983333333334,441.66
2023-04-26 23:00:00,441.66,23,2,0,440.37,442.27666666666664,572.8633333333333,446.1
2023-04-27 00:00:00,446.1,0,3,0,441.66,442.71000000000004,530.6283333333333,447.18
2023-04-27 01:00:00,447.18,1,3,0,446.1,444.98,487.8516666666667,443.84
2023-04-27 02:00:00,443.84,2,3,0,447.18,445.70666666666665,443.9916666666666,439.63
2023-04-27 03:00:00,439.63,3,3,0,443.84,443.55,443.13000000000005,446.35
2023-04-27 04:00:00,446.35,4,3,0,439.63,443.2733333333333,444.1266666666667,451.45
2023-04-27 05:00:00,451.45,5,3,0,446.35,445.81,445.75833333333327,454.76
2023-04-27 06:00:00,454.76,6,3,0,451.45,450.8533333333333,447.20166666666665,895.54
2023-04-27 07:00:00,895.54,7,3,0,454.76,600.5833333333334,521.9283333333334,896.7
2023-04-27 08:00:00,896.7,8,3,0,895.54,749.0,597.4050000000001,892.59
2023-04-27 09:00:00,892.59,9,3,0,896.7,894.9433333333333,672.8983333333333,899.75
2023-04-27 10:00:00,899.75,10,3,0,892.59,896.3466666666667,748.465,893.21
2023-04-27 11:00:00,893.21,11,3,0,899.75,895.1833333333334,822.0916666666667,904.59
2023-04-27 12:00:00,904.59,12,3,0,893.21,899.1833333333333,897.0633333333334,885.71
2023-04-27 13:00:00,885.71,13,3,0,904.59,894.5033333333332,895.4250000000001,897.12
2023-04-27 14:00:00,897.12,14,3,0,885.71,895.8066666666667,895.495,702.41
2023-04-27 15:00:00,702.41,15,3,0,897.12,828.4133333333333,863.7983333333333,701.47
2023-04-27 16:00:00,701.47,16,3,0,702.41,767.0,830.7516666666667,721.54
2023-04-27 17:00:00,721.54,17,3,0,701.47,708.4733333333334,802.14,702.8
2023-04-27 18:00:00,702.8,18,3,0,721.54,708.6033333333334,768.5083333333333,691.97
2023-04-27 19:00:00,691.97,19,3,0,702.8,705.4366666666666,736.2183333333332,699.24
2023-04-27 20:00:00,699.24,20,3,0,691.97,698.0033333333332,703.2383333333333,435.79
2023-04-27 21:00:00,435.79,21,3,0,699.24,609.0,658.8016666666667,449.36
2023-04-27 22:00:00,449.36,22,3,0,435.79,528.13,616.7833333333333,443.34
2023-04-27 23:00:00,443.34,23,3,0,449.36,442.8299999999999,570.4166666666666,457.32
2023-04-28 00:00:00,457.32,0,4,0,443.34,450.00666666666666,529.5033333333333,445.6
2023-04-28 01:00:00,445.6,1,4,0,457.32,448.7533333333333,488.44166666666666,449.07
2023-04-28 02:00:00,449.07,2,4,0,445.6,450.66333333333324,446.7466666666666,444.92
2023-04-28 03:00:00,444.92,3,4,0,449.07,446.53,448.26833333333326,463.91
2023-04-28 04:00:00,463.91,4,4,0,444.92,452.63333333333327,450.6933333333334,447.43
2023-04-28 05:00:00,447.43,5,4,0,463.91,452.08666666666664,451.375,464.66
2023-04-28 06:00:00,464.66,6,4,0,447.43,458.6666666666667,452.59833333333336,906.51
2023-04-28 07:00:00,906.51,7,4,0,464.66,606.1999999999999,529.4166666666666,903.86
2023-04-28 08:00:00,903.86,8,4,0,906.51,758.3433333333332,605.215,902.95
2023-04-28 09:00:00,902.95,9,4,0,903.86,904.44,681.5533333333334,903.15
2023-04-28 10:00:00,903.15,10,4,0,902.95,903.32,754.7599999999999,884.58
2023-04-28 11:00:00,884.58,11,4,0,903.15,896.8933333333333,827.6183333333333,897.77
2023-04-28 12:00:00,897.77,12,4,0,884.58,895.1666666666666,899.8033333333334,906.76
2023-04-28 13:00:00,906.76,13,4,0,897.77,896.3699999999999,899.8449999999999,899.61
2023-04-28 14:00:00,899.61,14,4,0,906.76,901.38,899.1366666666668,688.76
2023-04-28 15:00:00,688.76,15,4,0,899.61,831.71,863.4383333333332,699.58
2023-04-28 16:00:00,699.58,16,4,0,688.76,762.65,829.5100000000001,713.63
2023-04-28 17:00:00,713.63,17,4,0,699.58,700.6566666666666,801.0183333333334,709.98
2023-04-28 18:00:00,709.98,18,4,0,713.63,707.73,769.7199999999999,699.5
2023-04-28 19:00:00,699.5,19,4,0,709.98,707.7033333333333,735.1766666666666,707.61
2023-04-28 20:00:00,707.61,20,4,0,699.5,705.6966666666666,703.1766666666667,447.07
2023-04-28 21:00:00,447.07,21,4,0,707.61,618.06,662.895,436.37
2023-04-28 22:00:00,436.37,22,4,0,447.07,530.3499999999999,619.0266666666668,442.6
2023-04-28 23:00:00,442.6,23,4,0,436.37,442.0133333333333,573.855,382.5
2023-04-29 00:00:00,382.5,0,5,1,442.6,420.49,519.275,367.81
2023-04-29 01:00:00,367.81,1,5,1,382.5,397.6366666666666,463.99333333333334,368.05
2023-04-29 02:00:00,368.05,2,5,1,367.81,372.78666666666663,407.40000000000003,367.6
2023-04-29 03:00:00,367.6,3,5,1,368.05,367.82,394.155,385.23
2023-04-29 04:00:00,385.23,4,5,1,367.6,373.6266666666666,385.63166666666666,383.01
2023-04-29 05:00:00,383.01,5,5,1,385.23,378.6133333333333,375.7,387.75
2023-04-29 06:00:00,387.75,6,5,1,383.01,385.3299999999999,376.575,818.73
2023-04-29 07:00:00,818.73,7,5,1,387.75,529.8299999999999,451.7283333333333,822.36
2023-04-29 08:00:00,822.36,8,5,1,818.73,676.2799999999999,527.4466666666666,807.87
2023-04-29 09:00:00,807.87,9,5,1,822.36,816.32,600.8249999999999,831.82
2023-04-29 10:00:00,831.82,10,5,1,807.87,820.6833333333333,675.2566666666667,810.66
2023-04-29 11:00:00,810.66,11,5,1,831.82,816.7833333333332,746.5316666666668,821.73
2023-04-29 12:00:00,821.73,12,5,1,810.66,821.4033333333333,818.8616666666667,811.22
2023-04-29 13:00:00,811.22,13,5,1,821.73,814.5366666666665,817.61,815.29
2023-04-29 14:00:00,815.29,14,5,1,811.22,816.0799999999999,816.4316666666667,613.3
2023-04-29 15:00:00,613.3,15,5,1,815.29,746.6033333333331,784.0033333333334,615.14
2023-04-29 16:00:00,615.14,16,5,1,613.3,681.2433333333332,747.89,615.69
2023-04-29 17:00:00,615.69,17,5,1,615.14,614.7099999999999,715.395,615.61
2023-04-29 18:00:00,615.61,18,5,1,615.69,615.4799999999999,681.0416666666666,626.67
2023-04-29 19:00:00,626.67,19,5,1,615.61,619.3233333333333,650.2833333333333,611.16
2023-04-29 20:00:00,611.16,20,5,1,626.67,617.8133333333332,616.2616666666667,371.76
2023-04-29 21:00:00,371.76,21,5,1,611.16,536.5299999999999,576.005,379.74
2023-04-29 22:00:00,379.74,22,5,1,371.76,454.21999999999997,536.7716666666666,365.89
2023-04-29 23:00:00,365.89,23,5,1,379.74,372.4633333333333,495.1383333333333,364.26
2023-04-30 00:00:00,364.26,0,6,1,365.89,369.9633333333333,453.24666666666667,368.16
2023-04-30 01:00:00,368.16,1,6,1,364.26,366.10333333333324,410.1616666666667,379.44
2023-04-30 02:00:00,379.44,2,6,1,368.16,370.6199999999999,371.5416666666667,371.55
2023-04-30 03:00:00,371.55,3,6,1,379.44,373.04999999999995,371.50666666666666,365.75
2023-04-30 04:00:00,365.75,4,6,1,371.55,372.2466666666666,369.175,373.87
2023-04-30 05:00:00,373.87,5,6,1,365.75,370.38999999999993,370.50500000000005,361.18
2023-04-30 06:00:00,361.18,6,6,1,373.87,366.9333333333332,369.9916666666666,825.45
2023-04-30 07:00:00,825.45,7,6,1,361.18,520.1666666666666,446.2066666666667,823.27
2023-04-30 08:00:00,823.27,8,6,1,825.45,669.9666666666666,520.1783333333334,817.54
2023-04-30 09:00:00,817.54,9,6,1,823.27,822.0866666666666,594.51,813.29
2023-04-30 10:00:00,813.29,10,6,1,817.54,818.0333333333332,669.1,812.91
2023-04-30 11:00:00,812.91,11,6,1,813.29,814.5799999999999,742.2733333333332,824.28
2023-04-30 12:00:00,824.28,12,6,1,812.91,816.8266666666665,819.4566666666666,829.83
2023-04-30 13:00:00,829.83,13,6,1,824.28,822.3399999999998,820.1866666666666,814.9
2023-04-30 14:00:00,814.9,14,6,1,829.83,823.0033333333332,818.7916666666666,623.67
2023-04-30 15:00:00,623.67,15,6,1,814.9,756.1333333333332,786.48,603.3
2023-04-30 16:00:00,603.3,16,6,1,623.67,680.6233333333333,751.4816666666666,615.32
2023-04-30 17:00:00,615.32,17,6,1,603.3,614.0966666666666,718.5500000000001,619.75
2023-04-30 18:00:00,619.75,18,6,1,615.32,612.79,684.4616666666667,612.72
2023-04-30 19:00:00,612.72,19,6,1,619.75,615.93,648.2766666666666,612.51
2023-04-30 20:00:00,612.51,20,6,1,612.72,614.9933333333332,614.5450000000001,364.66
2023-04-30 21:00:00,364.66,21,6,1,612.51,529.9633333333333,571.3766666666667,372.34
2023-04-30 22:00:00,372.34,22,6,1,364.66,449.8366666666666,532.8833333333333,368.5
2023-04-30 23:00:00,368.5,23,6,1,372.34,368.49999999999994,491.7466666666667,425.4
2023-05-01 00:00:00,425.4,0,0,0,368.5,388.7466666666666,459.355,426.34
2023-05-01 01:00:00,426.34,1,0,0,425.4,406.7466666666666,428.2916666666667,438.45
2023-05-01 02:00:00,438.45,2,0,0,426.34,430.0633333333332,399.2816666666667,446.96
2023-05-01 03:00:00,446.96,3,0,0,438.45,437.24999999999994,412.9983333333333,421.32
2023-05-01 04:00:00,421.32,4,0,0,446.96,435.5766666666666,421.16166666666663,439.3
2023-05-01 05:00:00,439.3,5,0,0,421.32,435.8599999999999,432.96166666666664,439.09
2023-05-01 06:00:00,439.09,6,0,0,439.3,433.2366666666665,435.24333333333334,904.41
2023-05-01 07:00:00,904.41,7,0,0,439.09,594.2666666666665,514.9216666666666,890.22
2023-05-01 08:00:00,890.22,8,0,0,904.41,744.5733333333333,590.2166666666667,896.37
2023-05-01 09:00:00,896.37,9,0,0,890.22,896.9999999999999,665.1183333333333,894.43
2023-05-01 10:00:00,894.43,10,0,0,896.37,893.6733333333332,743.9699999999999,876.26
2023-05-01 11:00:00,876.26,11,0,0,894.43,889.0199999999999,816.7966666666666,899.45
2023-05-01 12:00:00,899.45,12,0,0,876.26,890.0466666666666,893.5233333333334,895.02
2023-05-01 13:00:00,895.02,13,0,0,899.45,890.2433333333332,891.9583333333334,897.37
2023-05-01 14:00:00,897.37,14,0,0,895.02,897.2799999999999,893.15,724.71
2023-05-01 15:00:00,724.71,15,0,0,897.37,839.0333333333333,864.54,676.63
2023-05-01 16:00:00,676.63,16,0,0,724.71,766.2366666666667,828.2399999999999,707.1
2023-05-01 17:00:00,707.1,17,0,0,676.63,702.8133333333334,800.0466666666666,691.0
2023-05-01 18:00:00,691.0,18,0,0,707.1,691.5766666666667,765.305,695.6
2023-05-01 19:00:00,695.6,19,0,0,691.0,697.9,732.0683333333333,692.94
2023-05-01 20:00:00,692.94,20,0,0,695.6,693.18,697.9966666666668,439.91
2023-05-01 21:00:00,439.91,21,0,0,692.94,609.4833333333333,650.5300000000001,438.74
2023-05-01 22:00:00,438.74,22,0,0,439.91,523.8633333333333,610.8816666666668,445.94
2023-05-01 23:00:00,445.94,23,0,0,438.74,441.5299999999999,567.355,431.16
2023-05-02 00:00:00,431.16,0,1,0,445.94,438.61333333333323,524.0483333333334,449.31
2023-05-02 01:00:00,449.31,1,1,0,431.16,442.1366666666666,483.0,439.97
2023-05-02 02:00:00,439.97,2,1,0,449.31,440.1466666666666,440.8383333333333,434.26
2023-05-02 03:00:00,434.26,3,1,0,439.97,441.1799999999999,439.8966666666667,439.7
2023-05-02 04:00:00,439.7,4,1,0,434.26,437.97666666666663,440.0566666666666,453.36
2023-05-02 05:00:00,453.36,5,1,0,439.7,442.4399999999999,441.2933333333333,439.02
2023-05-02 06:00:00,439.02,6,1,0,453.36,444.0266666666666,442.6033333333333,896.17
2023-05-02 07:00:00,896.17,7,1,0,439.02,596.1833333333333,517.08,887.45
2023-05-02 08:00:00,887.45,8,1,0,896.17,740.88,591.66,899.36
2023-05-02 09:00:00,899.36,9,1,0,887.45,894.3266666666667,669.1766666666666,898.79
2023-05-02 10:00:00,898.79,10,1,0,899.36,895.1999999999999,745.6916666666667,908.09
2023-05-02 11:00:00,908.09,11,1,0,898.79,902.0799999999999,821.48,891.9
2023-05-02 12:00:00,891.9,12,1,0,908.09,899.5933333333332,896.9599999999999,898.65
2023-05-02 13:00:00,898.65,13,1,0,891.9,899.5466666666665,897.3733333333334,894.09
2023-05-02 14:00:00,894.09,14,1,0,898.65,894.88,898.48,703.67
2023-05-02 15:00:00,703.67,15,1,0,894.09,832.1366666666667,865.8650000000001,687.55
2023-05-02 16:00:00,687.55,16,1,0,703.67,761.7699999999999,830.6583333333333,699.26
2023-05-02 17:00:00,699.26,17,1,0,687.55,696.8266666666665,795.8533333333334,691.74
2023-05-02 18:00:00,691.74,18,1,0,699.26,692.8499999999999,762.4933333333333,692.79
2023-05-02 19:00:00,692.79,19,1,0,691.74,694.5966666666667,728.1833333333334,694.04
2023-05-02 20:00:00,694.04,20,1,0,692.79,692.8566666666666,694.8416666666667,445.32
2023-05-02 21:00:00,445.32,21,1,0,694.04,610.7166666666666,651.7833333333333,442.37
2023-05-02 22:00:00,442.37,22,1,0,445.32,527.2433333333332,610.92,445.02
2023-05-02 23:00:00,445.02,23,1,0,442.37,444.2366666666666,568.5466666666666,455.93
2023-05-03 00:00:00,455.93,0,2,0,445.02,447.77333333333326,529.245,451.18
2023-05-03 01:00:00,451.18,1,2,0,455.93,450.70999999999987,488.9766666666667,450.25
2023-05-03 02:00:00,450.25,2,2,0,451.18,452.4533333333332,448.34499999999997,439.66
2023-05-03 03:00:00,439.66,3,2,0,450.25,447.0299999999999,447.40166666666664,436.19
2023-05-03 04:00:00,436.19,4,2,0,439.66,442.03333333333325,446.37166666666667,450.94
2023-05-03 05:00:00,450.94,5,2,0,436.19,442.26333333333326,447.35833333333335,450.31
2023-05-03 06:00:00,450.31,6,2,0,450.94,445.8133333333333,446.4216666666666,905.08
2023-05-03 07:00:00,905.08,7,2,0,450.31,602.1099999999999,522.0716666666667,888.47
2023-05-03 08:00:00,888.47,8,2,0,905.08,747.9533333333333,595.1083333333333,891.46
2023-05-03 09:00:00,891.46,9,2,0,888.47,895.0033333333332,670.4083333333333,880.19
2023-05-03 10:00:00,880.19,10,2,0,891.46,886.7066666666666,744.4083333333334,890.16
2023-05-03 11:00:00,890.16,11,2,0,880.19,887.27,817.6116666666667,901.27
2023-05-03 12:00:00,901.27,12,2,0,890.16,890.54,892.7716666666666,889.57
2023-05-03 13:00:00,889.57,13,2,0,901.27,893.6666666666666,890.1866666666666,898.43
2023-05-03 14:00:00,898.43,14,2,0,889.57,896.4233333333333,891.8466666666667,691.78
2023-05-03 15:00:00,691.78,15,2,0,898.43,826.5933333333332,858.5666666666667,695.89
2023-05-03 16:00:00,695.89,16,2,0,691.78,762.0333333333332,827.85,684.12
2023-05-03 17:00:00,684.12,17,2,0,695.89,690.5966666666667,793.5100000000001,693.98
2023-05-03 18:00:00,693.98,18,2,0,684.12,691.3299999999999,758.9616666666667,669.37
2023-05-03 19:00:00,669.37,19,2,0,693.98,682.4899999999999,722.2616666666667,691.81
2023-05-03 20:00:00,691.81,20,2,0,669.37,685.0533333333333,687.8249999999999,430.26
2023-05-03 21:00:00,430.26,21,2,0,691.81,597.1466666666666,644.2383333333333,452.95
2023-05-03 22:00:00,452.95,22,2,0,430.26,525.0066666666665,603.7483333333333,449.52
2023-05-03 23:00:00,449.52,23,2,0,452.95,444.2433333333333,564.6483333333333,447.03
2023-05-04 00:00:00,447.03,0,3,0,449.52,449.83333333333326,523.49,455.47
2023-05-04 01:00:00,455.47,1,3,0,447.03,450.67333333333323,487.8399999999999,435.71
2023-05-04 02:00:00,435.71,2,3,0,455.47,446.0699999999999,445.1566666666666,457.28
2023-05-04 03:00:00,457.28,3,3,0,435.71,449.4866666666665,449.66,450.76
2023-05-04 04:00:00,450.76,4,3,0,457.28,447.9166666666665,449.295,441.41
2023-05-04 05:00:00,441.41,5,3,0,450.76,449.8166666666666,447.9433333333334,452.39
2023-05-04 06:00:00,452.39,6,3,0,441.41,448.18666666666655,448.83666666666664,884.45
2023-05-04 07:00:00,884.45,7,3,0,452.39,592.7499999999999,520.3333333333334,886.71
2023-05-04 08:00:00,886.71,8,3,0,884.45,741.1833333333333,595.5,888.43
2023-05-04 09:00:00,888.43,9,3,0,886.71,886.5299999999999,667.3583333333333,889.07
2023-05-04 10:00:00,889.07,10,3,0,888.43,888.07,740.41,884.85
2023-05-04 11:00:00,884.85,11,3,0,889.07,887.4499999999999,814.3166666666666,903.09
2023-05-04 12:00:00,903.09,12,3,0,884.85,892.3366666666667,889.4333333333334,891.23
2023-05-04 13:00:00,891.23,13,3,0,903.09,893.0566666666667,890.5633333333334,896.12
2023-05-04 14:00:00,896.12,14,3,0,891.23,896.8133333333334,892.1316666666667,688.74
2023-05-04 15:00:00,688.74,15,3,0,896.12,825.3633333333332,858.85,678.74
2023-05-04 16:00:00,678.74,16,3,0,688.74,754.5333333333333,823.795,695.46
2023-05-04 17:00:00,695.46,17,3,0,678.74,687.6466666666666,792.23,678.0
2023-05-04 18:00:00,678.0,18,3,0,695.46,684.0666666666666,754.715,692.75
2023-05-04 19:00:00,692.75,19,3,0,678.0,688.7366666666667,721.6350000000001,682.35
2023-05-04 20:00:00,682.35,20,3,0,692.75,684.3666666666667,686.0066666666667,459.2
2023-05-04 21:00:00,459.2,21,3,0,682.35,611.4333333333333,647.75,450.59
2023-05-04 22:00:00,450.59,22,3,0,459.2,530.7133333333333,609.725,444.15
2023-05-04 23:00:00,444.15,23,3,0,450.59,451.3133333333332,567.84,453.41
2023-05-05 00:00:00,453.41,0,4,0,444.15,449.3833333333332,530.4083333333333,436.53
2023-05-05 01:00:00,436.53,1,4,0,453.41,444.69666666666654,487.705,447.65
2023-05-05 02:00:00,447.65,2,4,0,436.53,445.86333333333323,448.5883333333333,444.9
2023-05-05 03:00:00,444.9,3,4,0,447.65,443.0266666666666,446.205,445.41
2023-05-05 04:00:00,445.41,4,4,0,444.9,445.9866666666665,445.3416666666667,453.48
2023-05-05 05:00:00,453.48,5,4,0,445.41,447.93,446.8966666666667,449.16
2023-05-05 06:00:00,449.16,6,4,0,453.48,449.3499999999999,446.18833333333333,895.61
2023-05-05 07:00:00,895.61,7,4,0,449.16,599.4166666666666,522.7016666666667,880.06
2023-05-05 08:00:00,880.06,8,4,0,895.61,741.61,594.77,885.62
2023-05-05 09:00:00,885.62,9,4,0,880.06,887.0966666666667,668.2233333333334,892.32
2023-05-05 10:00:00,892.32,10,4,0,885.62,886.0,742.7083333333334,894.05
2023-05-05 11:00:00,894.05,11,4,0,892.32,890.6633333333333,816.1366666666667,884.26
2023-05-05 12:00:00,884.26,12,4,0,894.05,890.21,888.6533333333333,912.59
2023-05-05 13:00:00,912.59,13,4,0,884.26,896.9666666666666,891.4833333333335,905.43
2023-05-05 14:00:00,905.43,14,4,0,912.59,900.7599999999999,895.7116666666666,698.12
2023-05-05 15:00:00,698.12,15,4,0,905.43,838.7133333333333,864.4616666666666,693.88
2023-05-05 16:00:00,693.88,16,4,0,698.12,765.81,831.3883333333333,691.6
2023-05-05 17:00:00,691.6,17,4,0,693.88,694.5333333333333,797.6466666666666,685.69
2023-05-05 18:00:00,685.69,18,4,0,691.6,690.39,764.5516666666666,693.92
2023-05-05 19:00:00,693.92,19,4,0,685.69,690.4033333333333,728.1066666666667,695.36
2023-05-05 20:00:00,695.36,20,4,0,693.92,691.6566666666668,693.0949999999999,433.37
2023-05-05 21:00:00,433.37,21,4,0,695.36,607.5500000000001,648.9699999999999,445.97
2023-05-05 22:00:00,445.97,22,4,0,433.37,524.9,607.6516666666666,442.06
2023-05-05 23:00:00,442.06,23,4,0,445.97,440.46666666666664,566.0616666666666,348.04
2023-05-06 00:00:00,348.04,0,5,1,442.06,412.0233333333333,509.78666666666663,356.42
2023-05-06 01:00:00,356.42,1,5,1,348.04,382.17333333333335,453.5366666666667,359.99
2023-05-06 02:00:00,359.99,2,5,1,356.42,354.81666666666666,397.6416666666667,378.4
2023-05-06 03:00:00,378.4,3,5,1,359.99,364.93666666666667,388.48,367.75
2023-05-06 04:00:00,367.75,4,5,1,378.4,368.7133333333333,375.4433333333333,352.62
2023-05-06 05:00:00,352.62,5,5,1,367.75,366.2566666666666,360.5366666666667,367.19
2023-05-06 06:00:00,367.19,6,5,1,352.62,362.52,363.7283333333333,800.92
2023-05-06 07:00:00,800.92,7,5,1,367.19,506.91,437.81166666666667,821.96
2023-05-06 08:00:00,821.96,8,5,1,800.92,663.3566666666666,514.8066666666666,809.53
2023-05-06 09:00:00,809.53,9,5,1,821.96,810.8033333333333,586.6616666666667,812.55
2023-05-06 10:00:00,812.55,10,5,1,809.53,814.68,660.795,823.91
2023-05-06 11:00:00,823.91,11,5,1,812.55,815.3299999999999,739.3433333333332,803.0
2023-05-06 12:00:00,803.0,12,5,1,823.91,813.1533333333333,811.9783333333334,802.12
2023-05-06 13:00:00,802.12,13,5,1,803.0,809.6766666666666,812.1783333333333,808.63
2023-05-06 14:00:00,808.63,14,5,1,802.12,804.5833333333334,809.9566666666666,621.61
2023-05-06 15:00:00,621.61,15,5,1,808.63,744.12,778.6366666666667,601.15
2023-05-06 16:00:00,601.15,16,5,1,621.61,677.13,743.4033333333333,590.64
2023-05-06 17:00:00,590.64,17,5,1,601.15,604.4666666666666,704.5250000000001,609.69
2023-05-06 18:00:00,609.69,18,5,1,590.64,600.4933333333333,672.3066666666667,617.72
2023-05-06 19:00:00,617.72,19,5,1,609.69,606.0166666666665,641.5733333333334,622.9
2023-05-06 20:00:00,622.9,20,5,1,617.72,616.77,610.6183333333333,359.6
2023-05-06 21:00:00,359.6,21,5,1,622.9,533.4066666666666,566.95,360.01
2023-05-06 22:00:00,360.01,22,5,1,359.6,447.5033333333333,526.76,372.53
2023-05-06 23:00:00,372.53,23,5,1,360.01,364.0466666666666,490.40833333333336,348.34
2023-05-07 00:00:00,348.34,0,6,1,372.53,360.2933333333333,446.84999999999997,360.19
2023-05-07 01:00:00,360.19,1,6,1,348.34,360.3533333333333,403.9283333333333,364.82
2023-05-07 02:00:00,364.82,2,6,1,360.19,357.7833333333333,360.91499999999996,366.9
2023-05-07 03:00:00,366.9,3,6,1,364.82,363.96999999999997,362.13166666666666,359.22
2023-05-07 04:00:00,359.22,4,6,1,366.9,363.6466666666666,362.0,363.58
2023-05-07 05:00:00,363.58,5,6,1,359.22,363.2333333333333,360.5083333333334,343.39
2023-05-07 06:00:00,343.39,6,6,1,363.58,355.3966666666666,359.68333333333334,808.04
2023-05-07 07:00:00,808.04,7,6,1,343.39,505.0033333333333,434.325,816.93
2023-05-07 08:00:00,816.93,8,6,1,808.04,656.1199999999999,509.6766666666667,805.44
2023-05-07 09:00:00,805.44,9,6,1,816.93,810.1366666666667,582.7666666666667,813.77
2023-05-07 10:00:00,813.77,10,6,1,805.44,812.0466666666666,658.525,816.88
2023-05-07 11:00:00,816.88,11,6,1,813.77,812.0300000000001,734.0749999999999,810.56
2023-05-07 12:00:00,810.56,12,6,1,816.88,813.7366666666667,811.9366666666666,814.66
2023-05-07 13:00:00,814.66,13,6,1,810.56,814.0333333333333,813.04,805.6
2023-05-07 14:00:00,805.6,14,6,1,814.66,810.2733333333332,811.1516666666666,611.65
2023-05-07 15:00:00,611.65,15,6,1,805.6,743.9699999999999,778.8533333333334,618.18
2023-05-07 16:00:00,618.18,16,6,1,611.65,678.4766666666666,746.255,614.56
2023-05-07 17:00:00,614.56,17,6,1,618.18,614.7966666666666,712.535,608.61
2023-05-07 18:00:00,608.61,18,6,1,614.56,613.7833333333333,678.8766666666667,615.1
2023-05-07 19:00:00,615.1,19,6,1,608.61,612.7566666666667,645.6166666666667,619.02
2023-05-07 20:00:00,619.02,20,6,1,615.1,614.2433333333333,614.52,346.9
2023-05-07 21:00:00,346.9,21,6,1,619.02,527.0066666666667,570.395,372.57
2023-05-07 22:00:00,372.57,22,6,1,346.9,446.16333333333324,529.4599999999999,360.61
2023-05-07 23:00:00,360.61,23,6,1,372.57,360.02666666666664,487.135,446.71
2023-05-08 00:00:00,446.71,0,0,0,360.61,393.2966666666666,460.15166666666664,452.88
2023-05-08 01:00:00,452.88,1,0,0,446.71,420.0666666666666,433.11499999999995,432.33
2023-05-08 02:00:00,432.33,2,0,0,452.88,443.9733333333333,402.0,437.63
2023-05-08 03:00:00,437.63,3,0,0,432.33,440.94666666666666,417.12166666666667,440.99
2023-05-08 04:00:00,440.99,4,0,0,437.63,436.9833333333333,428.52500000000003,437.03
2023-05-08 05:00:00,437.03,5,0,0,440.99,438.54999999999995,441.2616666666667,457.18
2023-05-08 06:00:00,457.18,6,0,0,437.03,445.0666666666666,443.00666666666666,886.45
2023-05-08 07:00:00,886.45,7,0,0,457.18,593.5533333333333,515.2683333333333,888.86
2023-05-08 08:00:00,888.86,8,0,0,886.45,744.1633333333333,591.3566666666667,894.94
2023-05-08 09:00:00,894.94,9,0,0,888.86,890.0833333333334,667.5749999999999,883.68
2023-05-08 10:00:00,883.68,10,0,0,894.94,889.1599999999999,741.3566666666667,890.14
2023-05-08 11:00:00,890.14,11,0,0,883.68,889.5866666666666,816.875,895.84
2023-05-08 12:00:00,895.84,12,0,0,890.14,889.8866666666667,889.985,890.64
2023-05-08 13:00:00,890.64,13,0,0,895.84,892.2066666666666,890.6833333333333,892.55
2023-05-08 14:00:00,892.55,14,0,0,890.64,893.0099999999999,891.2983333333333,689.07
2023-05-08 15:00:00,689.07,15,0,0,892.55,824.0866666666666,856.9866666666667,681.19
2023-05-08 16:00:00,681.19,16,0,0,689.07,754.27,823.2383333333333,695.87
2023-05-08 17:00:00,695.87,17,0,0,681.19,688.71,790.86,707.34
2023-05-08 18:00:00,707.34,18,0,0,695.87,694.7999999999998,759.4433333333333,693.45
2023-05-08 19:00:00,693.45,19,0,0,707.34,698.8866666666667,726.5783333333334,695.1
2023-05-08 20:00:00,695.1,20,0,0,693.45,698.63,693.6700000000001,448.84
2023-05-08 21:00:00,448.84,21,0,0,695.1,612.4633333333333,653.6316666666667,433.15
2023-05-08 22:00:00,433.15,22,0,0,448.84,525.6966666666666,612.2916666666666,456.92
2023-05-08 23:00:00,456.92,23,0,0,433.15,446.3033333333333,572.4666666666667,444.92
2023-05-09 00:00:00,444.92,0,1,0,456.92,444.99666666666667,528.73,456.36
2023-05-09 01:00:00,456.36,1,1,0,444.92,452.7333333333333,489.2150000000001,437.44
2023-05-09 02:00:00,437.44,2,1,0,456.36,446.23999999999995,446.2716666666667,457.85
2023-05-09 03:00:00,457.85,3,1,0,437.44,450.54999999999995,447.77333333333337,449.5
2023-05-09 04:00:00,449.5,4,1,0,457.85,448.2633333333333,450.4983333333334,447.73
2023-05-09 05:00:00,447.73,5,1,0,449.5,451.6933333333333,448.9666666666667,445.17
2023-05-09 06:00:00,445.17,6,1,0,447.73,447.46666666666664,449.0083333333334,891.31
2023-05-09 07:00:00,891.31,7,1,0,445.17,594.7366666666666,521.5,902.91
2023-05-09 08:00:00,902.91,8,1,0,891.31,746.4633333333333,599.0783333333334,894.42
2023-05-09 09:00:00,894.42,9,1,0,902.91,896.2133333333331,671.84,877.56
2023-05-09 10:00:00,877.56,10,1,0,894.42,891.6299999999998,743.1833333333333,884.36
2023-05-09 11:00:00,884.36,11,1,0,877.56,885.4466666666666,815.9549999999999,891.81
2023-05-09 12:00:00,891.81,12,1,0,884.36,884.5766666666665,890.395,895.78
2023-05-09 13:00:00,895.78,13,1,0,891.81,890.65,891.14,892.85
2023-05-09 14:00:00,892.85,14,1,0,895.78,893.4799999999999,889.4633333333335,703.05
2023-05-09 15:00:00,703.05,15,1,0,892.85,830.5599999999998,857.5683333333333,677.69
2023-05-09 16:00:00,677.69,16,1,0,703.05,757.8633333333333,824.2566666666667,694.45
2023-05-09 17:00:00,694.45,17,1,0,677.69,691.7299999999999,792.605,678.76
2023-05-09 18:00:00,678.76,18,1,0,694.45,683.6333333333332,757.0966666666667,699.38
2023-05-09 19:00:00,699.38,19,1,0,678.76,690.8633333333332,724.3633333333333,692.55
2023-05-09 20:00:00,692.55,20,1,0,699.38,690.2299999999999,690.98,446.66
2023-05-09 21:00:00,446.66,21,1,0,692.55,612.8633333333332,648.2483333333333,436.39
2023-05-09 22:00:00,436.39,22,1,0,446.66,525.1999999999999,608.0316666666666,453.54
2023-05-09 23:00:00,453.54,23,1,0,436.39,445.5299999999999,567.88,451.64
2023-05-10 00:00:00,451.64,0,2,0,453.54,447.1899999999999,530.0266666666666,447.97
2023-05-10 01:00:00,447.97,1,2,0,451.64,451.04999999999995,488.125,442.27
2023-05-10 02:00:00,442.27,2,2,0,447.97,447.29333333333324,446.41166666666663,447.94
2023-05-10 03:00:00,447.94,3,2,0,442.27,446.05999999999995,446.625,437.65
2023-05-10 04:00:00,437.65,4,2,0,447.94,442.6199999999999,446.83500000000004,450.15
2023-05-10 05:00:00,450.15,5,2,0,437.65,445.2466666666666,446.27000000000004,456.5
2023-05-10 06:00:00,456.5,6,2,0,450.15,448.0999999999999,447.08,901.87
2023-05-10 07:00:00,901.87,7,2,0,456.5,602.8399999999999,522.73,887.46
2023-05-10 08:00:00,887.46,8,2,0,901.87,748.61,596.9283333333334,896.19
2023-05-10 09:00:00,896.19,9,2,0,887.46,895.1733333333332,671.6366666666667,882.96
2023-05-10 10:00:00,882.96,10,2,0,896.19,888.8699999999999,745.855,897.88
2023-05-10 11:00:00,897.88,11,2,0,882.96,892.3433333333332,820.4766666666666,896.91
2023-05-10 12:00:00,896.91,12,2,0,897.88,892.5833333333334,893.8783333333334,878.34
2023-05-10 13:00:00,878.34,13,2,0,896.91,891.0433333333332,889.9566666666666,884.01
2023-05-10 14:00:00,884.01,14,2,0,878.34,886.42,889.3816666666667,691.04
2023-05-10 15:00:00,691.04,15,2,0,884.01,817.7966666666666,855.19,690.89
2023-05-10 16:00:00,690.89,16,2,0,691.04,755.3133333333332,823.1783333333334,683.63
2023-05-10 17:00:00,683.63,17,2,0,690.89,688.52,787.4699999999999,696.41
2023-05-10 18:00:00,696.41,18,2,0,683.63,690.31,754.0533333333333,695.31
2023-05-10 19:00:00,695.31,19,2,0,696.41,691.7833333333332,723.5483333333333,691.75
2023-05-10 20:00:00,691.75,20,2,0,695.31,694.4899999999998,691.505,437.25
2023-05-10 21:00:00,437.25,21,2,0,691.75,608.1033333333332,649.2066666666666,451.69
2023-05-10 22:00:00,451.69,22,2,0,437.25,526.8966666666666,609.3399999999999,456.54
2023-05-10 23:00:00,456.54,23,2,0,451.69,448.4933333333333,571.4916666666667,439.43
2023-05-11 00:00:00,439.43,0,3,0,456.54,449.21999999999997,528.6616666666667,438.4
2023-05-11 01:00:00,438.4,1,3,0,439.43,444.7899999999999,485.8433333333333,447.23
2023-05-11 02:00:00,447.23,2,3,0,438.4,441.68666666666655,445.0900000000001,440.44
2023-05-11 03:00:00,440.44,3,3,0,447.23,442.02333333333326,445.6216666666666,442.19
2023-05-11 04:00:00,442.19,4,3,0,440.44,443.28666666666663,444.03833333333336,449.22
2023-05-11 05:00:00,449.22,5,3,0,442.19,443.95,442.8183333333333,428.03
2023-05-11 06:00:00,428.03,6,3,0,449.22,439.8133333333333,440.9183333333333,903.85
2023-05-11 07:00:00,903.85,7,3,0,428.03,593.6999999999999,518.4933333333333,893.88
2023-05-11 08:00:00,893.88,8,3,0,903.85,741.92,592.935,890.01
2023-05-11 09:00:00,890.01,9,3,0,893.88,895.9133333333333,667.8633333333333,892.59
2023-05-11 10:00:00,892.59,10,3,0,890.01,892.1599999999999,742.93,893.0
2023-05-11 11:00:00,893.0,11,3,0,892.59,891.8666666666664,816.8933333333333,879.45
2023-05-11 12:00:00,879.45,12,3,0,893.0,888.3466666666667,892.1300000000001,905.26
2023-05-11 13:00:00,905.26,13,3,0,879.45,892.57,892.3649999999999,893.63
2023-05-11 14:00:00,893.63,14,3,0,905.26,892.7799999999999,892.3233333333333,696.85
2023-05-11 15:00:00,696.85,15,3,0,893.63,831.9133333333333,860.1300000000001,700.91
2023-05-11 16:00:00,700.91,16,3,0,696.85,763.7966666666666,828.1833333333334,685.13
2023-05-11 17:00:00,685.13,17,3,0,700.91,694.2966666666665,793.5383333333334,697.09
2023-05-11 18:00:00,697.09,18,3,0,685.13,694.3766666666666,763.145,691.16
2023-05-11 19:00:00,691.16,19,3,0,697.09,691.1266666666667,727.4616666666666,700.08
2023-05-11 20:00:00,700.08,20,3,0,691.16,696.11,695.2033333333334,426.28
2023-05-11 21:00:00,426.28,21,3,0,700.08,605.8399999999998,650.1083333333332,442.51
2023-05-11 22:00:00,442.51,22,3,0,426.28,522.9566666666666,607.0416666666666,438.48
2023-05-11 23:00:00,438.48,23,3,0,442.51,435.7566666666666,565.9333333333333,446.76
2023-05-12 00:00:00,446.76,0,4,0,438.48,442.58333333333326,524.2116666666667,447.06
2023-05-12 01:00:00,447.06,1,4,0,446.76,444.0999999999999,483.52833333333325,437.64
2023-05-12 02:00:00,437.64,2,4,0,447.06,443.81999999999994,439.78833333333336,437.6
2023-05-12 03:00:00,437.6,3,4,0,437.64,440.7666666666666,441.675,442.42
2023-05-12 04:00:00,442.42,4,4,0,437.6,439.21999999999997,441.66,436.13
2023-05-12 05:00:00,436.13,5,4,0,442.42,438.7166666666665,441.26833333333326,450.04
2023-05-12 06:00:00,450.04,6,4,0,436.13,442.8633333333333,441.81500000000005,890.35
2023-05-12 07:00:00,890.35,7,4,0,450.04,592.1733333333333,515.6966666666667,870.05
2023-05-12 08:00:00,870.05,8,4,0,890.35,736.8133333333332,587.765,890.3
2023-05-12 09:00:00,890.3,9,4,0,870.05,883.5666666666666,663.215,884.99
2023-05-12 10:00:00,884.99,10,4,0,890.3,881.7799999999999,736.9766666666666,880.25
2023-05-12 11:00:00,880.25,11,4,0,884.99,885.18,810.9966666666666,883.4
2023-05-12 12:00:00,883.4,12,4,0,880.25,882.88,883.2233333333334,894.18
2023-05-12 13:00:00,894.18,13,4,0,883.4,885.9433333333333,883.8616666666666,903.93
2023-05-12 14:00:00,903.93,14,4,0,894.18,893.8366666666666,889.5083333333333,695.81
2023-05-12 15:00:00,695.81,15,4,0,903.93,831.3066666666665,857.0933333333332,688.45
2023-05-12 16:00:00,688.45,16,4,0,695.81,762.7299999999999,824.3366666666667,696.95
2023-05-12 17:00:00,696.95,17,4,0,688.45,693.7366666666667,793.7866666666667,689.63
2023-05-12 18:00:00,689.63,18,4,0,696.95,691.6766666666666,761.4916666666667,687.74
2023-05-12 19:00:00,687.74,19,4,0,689.63,691.4399999999999,727.085,684.07
2023-05-12 20:00:00,684.07,20,4,0,687.74,687.1466666666666,690.4416666666666,429.29
2023-05-12 21:00:00,429.29,21,4,0,684.07,600.3666666666667,646.0216666666666,440.18
2023-05-12 22:00:00,440.18,22,4,0,429.29,517.8466666666667,604.6433333333333,444.57
2023-05-12 23:00:00,444.57,23,4,0,440.18,438.01333333333326,562.58,362.53
2023-05-13 00:00:00,362.53,0,5,1,444.57,415.75999999999993,508.06333333333333,359.97
2023-05-13 01:00:00,359.97,1,5,1,362.53,389.02333333333326,453.435,355.74
2023-05-13 02:00:00,355.74,2,5,1,359.97,359.41333333333324,398.7133333333333,368.17
2023-05-13 03:00:00,368.17,3,5,1,355.74,361.2933333333333,388.52666666666664,352.76
2023-05-13 04:00:00,352.76,4,5,1,368.17,358.88999999999993,373.9566666666667,369.51
2023-05-13 05:00:00,369.51,5,5,1,352.76,363.47999999999996,361.44666666666666,355.28
2023-05-13 06:00:00,355.28,6,5,1,369.51,359.1833333333332,360.2383333333333,807.28
2023-05-13 07:00:00,807.28,7,5,1,355.28,510.6899999999999,434.78999999999996,801.57
2023-05-13 08:00:00,801.57,8,5,1,807.28,654.7099999999999,509.095,809.29
2023-05-13 09:00:00,809.29,9,5,1,801.57,806.0466666666666,582.615,821.1
2023-05-13 10:00:00,821.1,10,5,1,809.29,810.6533333333333,660.6716666666666,817.43
2023-05-13 11:00:00,817.43,11,5,1,821.1,815.9399999999999,735.3249999999999,821.13
2023-05-13 12:00:00,821.13,12,5,1,817.43,819.8866666666667,812.9666666666667,817.48
2023-05-13 13:00:00,817.48,13,5,1,821.13,818.68,814.6666666666666,804.47
2023-05-13 14:00:00,804.47,14,5,1,817.48,814.36,815.15,610.65
2023-05-13 15:00:00,610.65,15,5,1,804.47,744.1999999999999,782.0433333333334,607.06
2023-05-13 16:00:00,607.06,16,5,1,610.65,674.06,746.37,623.95
2023-05-13 17:00:00,623.95,17,5,1,607.06,613.8866666666667,714.1233333333333,603.73
2023-05-13 18:00:00,603.73,18,5,1,623.95,611.5799999999999,677.89,620.45
2023-05-13 19:00:00,620.45,19,5,1,603.73,616.0433333333332,645.0516666666667,620.44
2023-05-13 20:00:00,620.44,20,5,1,620.45,614.8733333333333,614.38,377.94
2023-05-13 21:00:00,377.94,21,5,1,620.44,539.61,575.595,360.02
2023-05-13 22:00:00,360.02,22,5,1,377.94,452.79999999999995,534.4216666666667,369.0
2023-05-13 23:00:00,369.0,23,5,1,360.02,368.9866666666666,491.93,381.55
2023-05-14 00:00:00,381.55,0,6,1,369.0,370.1899999999999,454.90000000000003,358.36
2023-05-14 01:00:00,358.36,1,6,1,381.55,369.6366666666666,411.2183333333333,351.02
2023-05-14 02:00:00,351.02,2,6,1,358.36,363.64333333333326,366.315,348.26
2023-05-14 03:00:00,348.26,3,6,1,351.02,352.5466666666666,361.36833333333334,369.0
2023-05-14 04:00:00,369.0,4,6,1,348.26,356.09333333333325,362.865,348.24
2023-05-14 05:00:00,348.24,5,6,1,369.0,355.1666666666666,359.405,360.32
2023-05-14 06:00:00,360.32,6,6,1,348.24,359.18666666666655,355.8666666666666,816.8
2023-05-14 07:00:00,816.8,7,6,1,360.32,508.4533333333332,432.2733333333333,814.78
2023-05-14 08:00:00,814.78,8,6,1,816.8,663.9666666666666,509.5666666666666,816.7
2023-05-14 09:00:00,816.7,9,6,1,814.78,816.0933333333332,587.64,815.08
2023-05-14 10:00:00,815.08,10,6,1,816.7,815.52,661.9866666666667,823.53
2023-05-14 11:00:00,823.53,11,6,1,815.08,818.4366666666666,741.2016666666667,805.68
2023-05-14 12:00:00,805.68,12,6,1,823.53,814.7633333333333,815.4283333333333,807.89
2023-05-14 13:00:00,807.89,13,6,1,805.68,812.3666666666667,813.9433333333333,807.12
2023-05-14 14:00:00,807.12,14,6,1,807.89,806.8966666666665,812.6666666666666,619.94
2023-05-14 15:00:00,619.94,15,6,1,807.12,744.9833333333332,779.8733333333333,620.5
2023-05-14 16:00:00,620.5,16,6,1,619.94,682.52,747.4433333333333,616.91
2023-05-14 17:00:00,616.91,17,6,1,620.5,619.1166666666667,713.0066666666667,622.77
2023-05-14 18:00:00,622.77,18,6,1,616.91,620.06,682.5216666666666,603.88
2023-05-14 19:00:00,603.88,19,6,1,622.77,614.5199999999999,648.52,626.64
2023-05-14 20:00:00,626.64,20,6,1,603.88,617.7633333333332,618.44,375.49
2023-05-14 21:00:00,375.49,21,6,1,626.64,535.3366666666666,577.6983333333333,369.19
2023-05-14 22:00:00,369.19,22,6,1,375.49,457.10666666666657,535.8133333333333,377.56
2023-05-14 23:00:00,377.56,23,6,1,369.19,374.0799999999999,495.9216666666666,430.05
2023-05-15 00:00:00,430.05,0,0,0,377.56,392.2666666666666,463.8016666666667,439.11
2023-05-15 01:00:00,439.11,1,0,0,430.05,415.57333333333327,436.3400000000001,437.42
2023-05-15 02:00:00,437.42,2,0,0,439.11,435.52666666666664,404.8033333333333,449.07
2023-05-15 03:00:00,449.07,3,0,0,437.42,441.8666666666666,417.06666666666666,434.9
2023-05-15 04:00:00,434.9,4,0,0,449.07,440.4633333333332,428.0183333333334,449.36
2023-05-15 05:00:00,449.36,5,0,0,434.9,444.4433333333332,439.98500000000007,454.27
2023-05-15 06:00:00,454.27,6,0,0,449.36,446.17666666666656,444.0216666666667,898.86
2023-05-15 07:00:00,898.86,7,0,0,454.27,600.8299999999999,520.6466666666666,895.57
2023-05-15 08:00:00,895.57,8,0,0,898.86,749.5666666666666,597.005,885.4
2023-05-15 09:00:00,885.4,9,0,0,895.57,893.2766666666666,669.7266666666667,886.53
2023-05-15 10:00:00,886.53,10,0,0,885.4,889.1666666666666,744.9983333333333,903.3
2023-05-15 11:00:00,903.3,11,0,0,886.53,891.7433333333332,820.6550000000001,899.54
2023-05-15 12:00:00,899.54,12,0,0,903.3,896.4566666666666,894.8666666666668,892.99
2023-05-15 13:00:00,892.99,13,0,0,899.54,898.61,893.8883333333333,889.96
2023-05-15 14:00:00,889.96,14,0,0,892.99,894.1633333333333,892.9533333333334,677.09
2023-05-15 15:00:00,677.09,15,0,0,889.96,820.0133333333333,858.235,684.73
2023-05-15 16:00:00,684.73,16,0,0,677.09,750.5933333333332,824.6016666666666,708.59
2023-05-15 17:00:00,708.59,17,0,0,684.73,690.1366666666667,792.15,683.06
2023-05-15 18:00:00,683.06,18,0,0,708.59,692.1266666666666,756.07,694.82
2023-05-15 19:00:00,694.82,19,0,0,683.06,695.4899999999999,723.0416666666666,701.36
2023-05-15 20:00:00,701.36,20,0,0,694.82,693.0799999999999,691.6083333333335,433.26
2023-05-15 21:00:00,433.26,21,0,0,701.36,609.8133333333333,650.97,444.78
2023-05-15 22:00:00,444.78,22,0,0,433.26,526.4666666666666,610.9783333333334,450.8
2023-05-15 23:00:00,450.8,23,0,0,444.78,442.94666666666654,568.0133333333333,443.4
2023-05-16 00:00:00,443.4,0,1,0,450.8,446.3266666666666,528.07,466.25
2023-05-16 01:00:00,466.25,1,1,0,443.4,453.4833333333333,489.97499999999997,429.95
2023-05-16 02:00:00,429.95,2,1,0,466.25,446.5333333333333,444.73999999999995,451.77
2023-05-16 03:00:00,451.77,3,1,0,429.95,449.32333333333327,447.825,441.92
2023-05-16 04:00:00,441.92,4,1,0,451.77,441.2133333333332,447.34833333333336,449.48
2023-05-16 05:00:00,449.48,5,1,0,441.92,447.7233333333333,447.12833333333333,446.83
2023-05-16 06:00:00,446.83,6,1,0,449.48,446.0766666666666,447.7,887.44
2023-05-16 07:00:00,887.44,7,1,0,446.83,594.5833333333333,517.8983333333333,895.13
2023-05-16 08:00:00,895.13,8,1,0,887.44,743.1333333333332,595.4283333333334,878.44
2023-05-16 09:00:00,878.44,9,1,0,895.13,887.0033333333332,666.5400000000001,898.13
2023-05-16 10:00:00,898.13,10,1,0,878.44,890.5666666666666,742.5749999999999,895.69
2023-05-16 11:00:00,895.69,11,1,0,898.13,890.7533333333332,816.9433333333333,898.41
2023-05-16 12:00:00,898.41,12,1,0,895.69,897.4099999999999,892.2066666666666,901.77
2023-05-16 13:00:00,901.77,13,1,0,898.41,898.6233333333333,894.5949999999999,896.24
2023-05-16 14:00:00,896.24,14,1,0,901.77,898.8066666666665,894.7800000000001,694.49
2023-05-16 15:00:00,694.49,15,1,0,896.24,830.8333333333334,864.1216666666666,686.25
2023-05-16 16:00:00,686.25,16,1,0,694.49,758.9933333333333,828.8083333333334,687.6
2023-05-16 17:00:00,687.6,17,1,0,686.25,689.4466666666666,794.1266666666667,702.8
2023-05-16 18:00:00,702.8,18,1,0,687.6,692.2166666666666,761.525,704.79
2023-05-16 19:00:00,704.79,19,1,0,702.8,698.3966666666665,728.695,691.4
2023-05-16 20:00:00,691.4,20,1,0,704.79,699.6633333333333,694.555,443.67
2023-05-16 21:00:00,443.67,21,1,0,691.4,613.2866666666665,652.7516666666667,436.06
2023-05-16 22:00:00,436.06,22,1,0,443.67,523.7099999999999,611.0533333333333,452.68
2023-05-16 23:00:00,452.68,23,1,0,436.06,444.1366666666666,571.9,448.62
2023-05-17 00:00:00,448.62,0,2,0,452.68,445.7866666666666,529.5366666666666,458.83
2023-05-17 01:00:00,458.83,1,2,0,448.62,453.37666666666655,488.5433333333333,436.27
2023-05-17 02:00:00,436.27,2,2,0,458.83,447.9066666666666,446.0216666666666,440.28
2023-05-17 03:00:00,440.28,3,2,0,436.27,445.12666666666655,445.4566666666667,445.15
2023-05-17 04:00:00,445.15,4,2,0,440.28,440.5666666666666,446.97166666666664,448.47
2023-05-17 05:00:00,448.47,5,2,0,445.15,444.6333333333332,446.27,441.58
2023-05-17 06:00:00,441.58,6,2,0,448.47,445.0666666666666,445.09666666666664,886.32
2023-05-17 07:00:00,886.32,7,2,0,441.58,592.1233333333333,516.345,900.35
2023-05-17 08:00:00,900.35,8,2,0,886.32,742.75,593.6916666666667,899.07
2023-05-17 09:00:00,899.07,9,2,0,900.35,895.2466666666666,670.1566666666666,885.97
2023-05-17 10:00:00,885.97,10,2,0,899.07,895.13,743.6266666666667,904.14
2023-05-17 11:00:00,904.14,11,2,0,885.97,896.3933333333333,819.5716666666667,902.66
2023-05-17 12:00:00,902.66,12,2,0,904.14,897.5899999999998,896.4183333333334,894.38
2023-05-17 13:00:00,894.38,13,2,0,902.66,900.3933333333331,897.7616666666668,893.94
2023-05-17 14:00:00,893.94,14,2,0,894.38,896.9933333333332,896.6933333333333,697.73
2023-05-17 15:00:00,697.73,15,2,0,893.94,828.6833333333333,863.1366666666668,686.41
2023-05-17 16:00:00,686.41,16,2,0,697.73,759.3599999999998,829.8766666666667,693.54
2023-05-17 17:00:00,693.54,17,2,0,686.41,692.5599999999998,794.7766666666666,676.08
2023-05-17 18:00:00,676.08,18,2,0,693.54,685.3433333333332,757.0133333333333,700.31
2023-05-17 19:00:00,700.31,19,2,0,676.08,689.9766666666665,724.6683333333334,680.81
2023-05-17 20:00:00,680.81,20,2,0,700.31,685.7333333333332,689.1466666666666,455.33
2023-05-17 21:00:00,455.33,21,2,0,680.81,612.1499999999999,648.7466666666666,440.66
2023-05-17 22:00:00,440.66,22,2,0,455.33,525.5999999999998,607.7883333333333,441.61
2023-05-17 23:00:00,441.61,23,2,0,440.66,445.86666666666656,565.8000000000001,438.28
2023-05-18 00:00:00,438.28,0,3,0,441.61,440.1833333333332,526.1666666666666,441.0
2023-05-18 01:00:00,441.0,1,3,0,438.28,440.29666666666657,482.9483333333333,454.65
2023-05-18 02:00:00,454.65,2,3,0,441.0,444.6433333333332,445.25500000000005,423.4
2023-05-18 03:00:00,423.4,3,3,0,454.65,439.6833333333332,439.9333333333334,453.52
2023-05-18 04:00:00,453.52,4,3,0,423.4,443.85666666666657,442.07666666666665,446.01
2023-05-18 05:00:00,446.01,5,3,0,453.52,440.9766666666665,442.81,433.65
2023-05-18 06:00:00,433.65,6,3,0,446.01,444.3933333333332,442.03833333333336,884.7
2023-05-18 07:00:00,884.7,7,3,0,433.65,588.1199999999999,515.9883333333333,906.71
2023-05-18 08:00:00,906.71,8,3,0,884.7,741.6866666666665,591.3316666666666,885.74
2023-05-18 09:00:00,885.74,9,3,0,906.71,892.3833333333332,668.3883333333334,884.07
2023-05-18 10:00:00,884.07,10,3,0,885.74,892.1733333333333,740.1466666666666,902.4
2023-05-18 11:00:00,902.4,11,3,0,884.07,890.7366666666667,816.2116666666667,896.01
2023-05-18 12:00:00,896.01,12,3,0,902.4,894.1599999999999,893.2716666666666,885.8
2023-05-18 13:00:00,885.8,13,3,0,896.01,894.7366666666666,893.4549999999999,895.03
2023-05-18 14:00:00,895.03,14,3,0,885.8,892.2799999999997,891.5083333333332,685.1
2023-05-18 15:00:00,685.1,15,3,0,895.03,821.9766666666666,858.0683333333333,702.11
2023-05-18 16:00:00,702.11,16,3,0,685.1,760.7466666666666,827.7416666666667,701.79
2023-05-18 17:00:00,701.79,17,3,0,702.11,696.3333333333334,794.3066666666667,697.56
2023-05-18 18:00:00,697.56,18,3,0,701.79,700.4866666666666,761.2316666666666,696.19
2023-05-18 19:00:00,696.19,19,3,0,697.56,698.5133333333332,729.63,707.39
2023-05-18 20:00:00,707.39,20,3,0,696.19,700.3799999999998,698.3566666666666,443.3
2023-05-18 21:00:00,443.3,21,3,0,707.39,615.6266666666666,658.0566666666667,433.85
2023-05-18 22:00:00,433.85,22,3,0,443.3,528.1799999999998,613.3466666666667,446.9
2023-05-18 23:00:00,446.9,23,3,0,433.85,441.3499999999999,570.865,459.99
2023-05-19 00:00:00,459.99,0,4,0,446.9,446.91333333333324,531.27,435.18
2023-05-19 01:00:00,435.18,1,4,0,459.99,447.35666666666657,487.76833333333326,440.41
2023-05-19 02:00:00,440.41,2,4,0,435.18,445.1933333333332,443.2716666666667,446.63
2023-05-19 03:00:00,446.63,3,4,0,440.41,440.73999999999995,443.82666666666665,442.87
2023-05-19 04:00:00,442.87,4,4,0,446.63,443.3033333333332,445.33,435.44
2023-05-19 05:00:00,435.44,5,4,0,442.87,441.64666666666653,443.42,452.28
2023-05-19 06:00:00,452.28,6,4,0,435.44,443.5299999999999,442.135,911.86
2023-05-19 07:00:00,911.86,7,4,0,452.28,599.8599999999998,521.5816666666667,894.87
2023-05-19 08:00:00,894.87,8,4,0,911.86,753.0033333333331,597.3249999999999,886.07
2023-05-19 09:00:00,886.07,9,4,0,894.87,897.5999999999999,670.5649999999999,880.91
2023-05-19 10:00:00,880.91,10,4,0,886.07,887.2833333333332,743.5716666666667,895.37
2023-05-19 11:00:00,895.37,11,4,0,880.91,887.4499999999999,820.2266666666666,902.13
2023-05-19 12:00:00,902.13,12,4,0,895.37,892.8033333333333,895.2016666666667,897.1
2023-05-19 13:00:00,897.1,13,4,0,902.13,898.1999999999999,892.7416666666668,893.28
2023-05-19 14:00:00,893.28,14,4,0,897.1,897.5033333333332,892.4766666666666,688.59
2023-05-19 15:00:00,688.59,15,4,0,893.28,826.3233333333332,859.5633333333334,684.56
2023-05-19 16:00:00,684.56,16,4,0,688.59,755.4766666666665,826.8383333333333,699.98
2023-05-19 17:00:00,699.98,17,4,0,684.56,691.0433333333332,794.2733333333334,700.61
2023-05-19 18:00:00,700.61,18,4,0,699.98,695.0499999999998,760.6866666666666,680.94
2023-05-19 19:00:00,680.94,19,4,0,700.61,693.8433333333332,724.66,706.02
2023-05-19 20:00:00,706.02,20,4,0,680.94,695.8566666666666,693.4499999999999,447.89
2023-05-19 21:00:00,447.89,21,4,0,706.02,611.6166666666666,653.3333333333334,454.5
2023-05-19 22:00:00,454.5,22,4,0,447.89,536.1366666666665,614.99,432.56
2023-05-19 23:00:00,432.56,23,4,0,454.5,444.9833333333332,570.42,352.37
2023-05-20 00:00:00,352.37,0,5,1,432.56,413.1433333333332,512.38,362.11
2023-05-20 01:00:00,362.11,1,5,1,352.37,382.3466666666666,459.24166666666673,367.32
2023-05-20 02:00:00,367.32,2,5,1,362.11,360.5999999999999,402.7916666666667,377.67
2023-05-20 03:00:00,377.67,3,5,1,367.32,369.03333333333325,391.0883333333333,368.95
2023-05-20 04:00:00,368.95,4,5,1,377.67,371.3133333333332,376.83,361.36
2023-05-20 05:00:00,361.36,5,5,1,368.95,369.32666666666654,364.9633333333333,355.09
2023-05-20 06:00:00,355.09,6,5,1,361.36,361.7999999999999,365.4166666666667,823.14
2023-05-20 07:00:00,823.14,7,5,1,355.09,513.1966666666666,442.25499999999994,805.58
2023-05-20 08:00:00,805.58,8,5,1,823.14,661.2699999999999,515.2983333333334,826.33
2023-05-20 09:00:00,826.33,9,5,1,805.58,818.3499999999999,590.075,811.03
2023-05-20 10:00:00,811.03,10,5,1,826.33,814.3133333333332,663.755,826.03
2023-05-20 11:00:00,826.03,11,5,1,811.03,821.13,741.2000000000002,818.73
2023-05-20 12:00:00,818.73,12,5,1,826.03,818.5966666666665,818.4733333333334,812.21
2023-05-20 13:00:00,812.21,13,5,1,818.73,818.9899999999999,816.6516666666666,809.15
2023-05-20 14:00:00,809.15,14,5,1,812.21,813.3633333333332,817.2466666666666,610.57
2023-05-20 15:00:00,610.57,15,5,1,809.15,743.9766666666666,781.2866666666667,616.73
2023-05-20 16:00:00,616.73,16,5,1,610.57,678.8166666666666,748.9033333333333,613.92
2023-05-20 17:00:00,613.92,17,5,1,616.73,613.7399999999999,713.5516666666667,608.55
2023-05-20 18:00:00,608.55,18,5,1,613.92,613.0666666666665,678.5216666666666,611.98
2023-05-20 19:00:00,611.98,19,5,1,608.55,611.4833333333332,645.15,613.93
2023-05-20 20:00:00,613.93,20,5,1,611.98,611.4866666666666,612.6133333333333,346.27
2023-05-20 21:00:00,346.27,21,5,1,613.93,524.0599999999998,568.5633333333333,366.97
2023-05-20 22:00:00,366.97,22,5,1,346.27,442.3899999999999,526.9366666666666,355.46
2023-05-20 23:00:00,355.46,23,5,1,366.97,356.2333333333332,483.85999999999996,354.07
2023-05-21 00:00:00,354.07,0,6,1,355.46,358.8333333333332,441.44666666666666,349.8
2023-05-21 01:00:00,349.8,1,6,1,354.07,353.1099999999999,397.75,348.95
2023-05-21 02:00:00,348.95,2,6,1,349.8,350.9399999999999,353.58666666666664,352.46
2023-05-21 03:00:00,352.46,3,6,1,348.95,350.4033333333332,354.61833333333334,357.63
2023-05-21 04:00:00,357.63,4,6,1,352.46,353.01333333333326,353.06166666666667,378.93
2023-05-21 05:00:00,378.93,5,6,1,357.63,363.0066666666665,356.97333333333336,359.09
2023-05-21 06:00:00,359.09,6,6,1,378.93,365.2166666666665,357.81,814.72
2023-05-21 07:00:00,814.72,7,6,1,359.09,517.5799999999999,435.2966666666666,816.51
2023-05-21 08:00:00,816.51,8,6,1,814.72,663.4399999999999,513.2233333333334,814.35
2023-05-21 09:00:00,814.35,9,6,1,816.51,815.1933333333333,590.205,812.68
2023-05-21 10:00:00,812.68,10,6,1,814.35,814.5133333333333,666.0466666666666,803.74
2023-05-21 11:00:00,803.74,11,6,1,812.68,810.2566666666665,736.8483333333334,824.91
2023-05-21 12:00:00,824.91,12,6,1,803.74,813.7766666666666,814.485,827.76
2023-05-21 13:00:00,827.76,13,6,1,824.91,818.8033333333333,816.6583333333333,799.84
2023-05-21 14:00:00,799.84,14,6,1,827.76,817.5033333333332,813.88,605.11
2023-05-21 15:00:00,605.11,15,6,1,799.84,744.2366666666667,779.0066666666667,611.06
2023-05-21 16:00:00,611.06,16,6,1,605.11,672.0033333333332,745.4033333333333,605.58
2023-05-21 17:00:00,605.58,17,6,1,611.06,607.2499999999999,712.3766666666667,617.35
2023-05-21 18:00:00,617.35,18,6,1,605.58,611.3299999999999,677.7833333333334,607.48
2023-05-21 19:00:00,607.48,19,6,1,617.35,610.1366666666667,641.07,630.62
2023-05-21 20:00:00,630.62,20,6,1,607.48,618.4833333333332,612.8666666666667,372.83
2023-05-21 21:00:00,372.83,21,6,1,630.62,536.9766666666666,574.1533333333333,365.0
2023-05-21 22:00:00,365.0,22,6,1,372.83,456.1499999999999,533.1433333333333,371.52
2023-05-21 23:00:00,371.52,23,6,1,365.0,369.78333333333325,494.13333333333327,452.15
2023-05-22 00:00:00,452.15,0,0,0,371.52,396.2233333333333,466.59999999999997,438.79
2023-05-22 01:00:00,438.79,1,0,0,452.15,420.81999999999994,438.48499999999996,436.77
2023-05-22 02:00:00,436.77,2,0,0,438.79,442.56999999999994,406.1766666666667,443.93
2023-05-22 03:00:00,443.93,3,0,0,436.77,439.8299999999999,418.02666666666664,450.19
2023-05-22 04:00:00,450.19,4,0,0,443.93,443.62999999999994,432.22499999999997,444.41
2023-05-22 05:00:00,444.41,5,0,0,450.19,446.17666666666656,444.3733333333334,430.69
2023-05-22 06:00:00,430.69,6,0,0,444.41,441.76333333333326,440.7966666666666,886.88
2023-05-22 07:00:00,886.88,7,0,0,430.69,587.3266666666666,515.4783333333334,892.71
2023-05-22 08:00:00,892.71,8,0,0,886.88,736.7599999999999,591.4683333333334,892.7
2023-05-22 09:00:00,892.7,9,0,0,892.71,890.7633333333333,666.2633333333334,909.08
2023-05-22 10:00:00,909.08,10,0,0,892.7,898.1633333333333,742.745,882.21
2023-05-22 11:00:00,882.21,11,0,0,909.08,894.6633333333333,815.7116666666667,897.35
2023-05-22 12:00:00,897.35,12,0,0,882.21,896.2133333333333,893.4883333333333,905.21
2023-05-22 13:00:00,905.21,13,0,0,897.35,894.9233333333333,896.5433333333334,911.47
2023-05-22 14:00:00,911.47,14,0,0,905.21,904.6766666666666,899.6700000000001,690.07
2023-05-22 15:00:00,690.07,15,0,0,911.47,835.5833333333334,865.8983333333334,697.23
2023-05-22 16:00:00,697.23,16,0,0,690.07,766.2566666666667,830.59,697.86
2023-05-22 17:00:00,697.86,17,0,0,697.23,695.0533333333333,799.8649999999999,694.87
2023-05-22 18:00:00,694.87,18,0,0,697.86,696.6533333333332,766.1183333333333,692.51
2023-05-22 19:00:00,692.51,19,0,0,694.87,695.0799999999999,730.6683333333334,696.79
2023-05-22 20:00:00,696.79,20,0,0,692.51,694.7233333333332,694.8883333333333,423.04
2023-05-22 21:00:00,423.04,21,0,0,696.79,604.1133333333333,650.3833333333333,448.76
2023-05-22 22:00:00,448.76,22,0,0,423.04,522.8633333333333,608.9716666666667,444.31
2023-05-22 23:00:00,444.31,23,0,0,448.76,438.7033333333332,566.7133333333334,441.52
2023-05-23 00:00:00,441.52,0,1,0,444.31,444.86333333333323,524.4883333333333,459.68
2023-05-23 01:00:00,459.68,1,1,0,441.52,448.5033333333333,485.68333333333334,437.9
2023-05-23 02:00:00,437.9,2,1,0,459.68,446.36666666666656,442.535,440.08
2023-05-23 03:00:00,440.08,3,1,0,437.9,445.8866666666666,445.375,459.23
2023-05-23 04:00:00,459.23,4,1,0,440.08,445.7366666666665,447.11999999999995,436.64
2023-05-23 05:00:00,436.64,5,1,0,459.23,445.3166666666666,445.84166666666664,438.9
2023-05-23 06:00:00,438.9,6,1,0,436.64,444.92333333333323,445.405,892.13
2023-05-23 07:00:00,892.13,7,1,0,438.9,589.2233333333332,517.48,900.03
2023-05-23 08:00:00,900.03,8,1,0,892.13,743.6866666666666,594.5016666666667,894.96
2023-05-23 09:00:00,894.96,9,1,0,900.03,895.7066666666666,670.3149999999999,882.96
2023-05-23 10:00:00,882.96,10,1,0,894.96,892.65,740.9366666666666,889.04
2023-05-23 11:00:00,889.04,11,1,0,882.96,888.9866666666667,816.3366666666667,888.44
2023-05-23 12:00:00,888.44,12,1,0,889.04,886.8133333333334,891.2600000000001,892.68
2023-05-23 13:00:00,892.68,13,1,0,888.44,890.0533333333333,891.3516666666668,896.71
2023-05-23 14:00:00,896.71,14,1,0,892.68,892.61,890.7983333333333,696.65
2023-05-23 15:00:00,696.65,15,1,0,896.71,828.68,857.7466666666666,679.09
2023-05-23 16:00:00,679.09,16,1,0,696.65,757.4833333333332,823.7683333333333,701.81
2023-05-23 17:00:00,701.81,17,1,0,679.09,692.5166666666665,792.5633333333334,695.32
2023-05-23 18:00:00,695.32,18,1,0,701.81,692.0733333333333,760.3766666666667,704.38
2023-05-23 19:00:00,704.38,19,1,0,695.32,700.5033333333332,728.9933333333333,696.85
2023-05-23 20:00:00,696.85,20,1,0,704.38,698.8499999999999,695.6833333333333,452.11
2023-05-23 21:00:00,452.11,21,1,0,696.85,617.7799999999999,654.9266666666667,447.03
2023-05-23 22:00:00,447.03,22,1,0,452.11,531.9966666666666,616.25,454.07
2023-05-23 23:00:00,454.07,23,1,0,447.03,451.06999999999994,574.96,447.48
2023-05-24 00:00:00,447.48,0,2,0,454.07,449.5266666666666,533.6533333333333,442.52
2023-05-24 01:00:00,442.52,1,2,0,447.48,448.02333333333326,490.01,461.48
2023-05-24 02:00:00,461.48,2,2,0,442.52,450.4933333333333,450.7816666666667,450.41
2023-05-24 03:00:00,450.41,3,2,0,461.48,451.46999999999997,450.4983333333333,447.89
2023-05-24 04:00:00,447.89,4,2,0,450.41,453.25999999999993,450.64166666666665,433.09
2023-05-24 05:00:00,433.09,5,2,0,447.89,443.7966666666666,447.145,432.99
2023-05-24 06:00:00,432.99,6,2,0,433.09,437.98999999999995,444.72999999999996,895.64
2023-05-24 07:00:00,895.64,7,2,0,432.99,587.2399999999999,520.25,894.47
2023-05-24 08:00:00,894.47,8,2,0,895.64,741.0333333333333,592.415,888.39
2023-05-24 09:00:00,888.39,9,2,0,894.47,892.8333333333334,665.4116666666666,894.43
2023-05-24 10:00:00,894.43,10,2,0,888.39,892.4299999999998,739.835,906.01
2023-05-24 11:00:00,906.01,11,2,0,894.43,896.2766666666665,818.6550000000001,898.86
2023-05-24 12:00:00,898.86,12,2,0,906.01,899.7666666666665,896.3000000000001,884.17
2023-05-24 13:00:00,884.17,13,2,0,898.86,896.3466666666665,894.3883333333333,892.41
2023-05-24 14:00:00,892.41,14,2,0,884.17,891.8133333333332,894.0450000000001,686.86
2023-05-24 15:00:00,686.86,15,2,0,892.41,821.1466666666665,860.4566666666666,690.2
2023-05-24 16:00:00,690.2,16,2,0,686.86,756.4899999999999,826.4183333333334,689.99
2023-05-24 17:00:00,689.99,17,2,0,690.2,689.0166666666665,790.415,689.48
2023-05-24 18:00:00,689.48,18,2,0,689.99,689.8899999999999,755.5183333333333,683.26
2023-05-24 19:00:00,683.26,19,2,0,689.48,687.5766666666665,722.0333333333333,692.28
2023-05-24 20:00:00,692.28,20,2,0,683.26,688.3399999999998,688.6783333333333,438.82
2023-05-24 21:00:00,438.82,21,2,0,692.28,604.7866666666665,647.3383333333334,419.87
2023-05-24 22:00:00,419.87,22,2,0,438.82,516.9899999999999,602.2833333333333,459.73
2023-05-24 23:00:00,459.73,23,2,0,419.87,439.4733333333332,563.9066666666666,452.01
2023-05-25 00:00:00,452.01,0,3,0,459.73,443.8699999999999,524.3283333333334,440.29
2023-05-25 01:00:00,440.29,1,3,0,452.01,450.67666666666656,483.8333333333333,443.45
2023-05-25 02:00:00,443.45,2,3,0,440.29,445.24999999999983,442.3616666666667,433.93
2023-05-25 03:00:00,433.93,3,3,0,443.45,439.2233333333332,441.5466666666667,456.87
2023-05-25 04:00:00,456.87,4,3,0,433.93,444.74999999999983,447.71333333333337,458.48
2023-05-25 05:00:00,458.48,5,3,0,456.87,449.75999999999993,447.50500000000005,444.55
2023-05-25 06:00:00,444.55,6,3,0,458.48,453.2999999999999,446.2616666666667,901.49
2023-05-25 07:00:00,901.49,7,3,0,444.55,601.5066666666665,523.1283333333333,894.7
2023-05-25 08:00:00,894.7,8,3,0,901.49,746.9133333333333,598.3366666666667,882.61
2023-05-25 09:00:00,882.61,9,3,0,894.7,892.9333333333333,673.1166666666667,890.01
2023-05-25 10:00:00,890.01,10,3,0,882.61,889.1066666666666,745.3066666666667,894.36
2023-05-25 11:00:00,894.36,11,3,0,890.01,888.9933333333332,817.9533333333334,889.66
2023-05-25 12:00:00,889.66,12,3,0,894.36,891.3433333333332,892.1383333333333,891.55
2023-05-25 13:00:00,891.55,13,3,0,889.66,891.8566666666666,890.4816666666667,892.57
2023-05-25 14:00:00,892.57,14,3,0,891.55,891.2599999999999,890.1266666666667,692.65
2023-05-25 15:00:00,692.65,15,3,0,892.57,825.5899999999998,858.4666666666666,693.72
2023-05-25 16:00:00,693.72,16,3,0,692.65,759.6466666666665,825.7516666666667,684.82
2023-05-25 17:00:00,684.82,17,3,0,693.72,690.3966666666665,790.8283333333333,687.57
2023-05-25 18:00:00,687.57,18,3,0,684.82,688.7033333333333,757.1466666666666,683.02
2023-05-25 19:00:00,683.02,19,3,0,687.57,685.1366666666667,722.3916666666668,701.12
2023-05-25 20:00:00,701.12,20,3,0,683.02,690.5699999999998,690.4833333333332,426.46
2023-05-25 21:00:00,426.46,21,3,0,701.12,603.5333333333332,646.1183333333333,452.53
2023-05-25 22:00:00,452.53,22,3,0,426.46,526.7033333333331,605.92,454.39
2023-05-25 23:00:00,454.39,23,3,0,452.53,444.45999999999987,567.515,440.88
2023-05-26 00:00:00,440.88,0,4,0,454.39,449.2666666666665,526.4,422.48
2023-05-26 01:00:00,422.48,1,4,0,440.88,439.24999999999983,482.97666666666663,440.41
2023-05-26 02:00:00,440.41,2,4,0,422.48,434.5899999999999,439.52500000000003,442.79
2023-05-26 03:00:00,442.79,3,4,0,440.41,435.2266666666665,442.24666666666667,435.22
2023-05-26 04:00:00,435.22,4,4,0,442.79,439.4733333333332,439.3616666666667,439.18
2023-05-26 05:00:00,439.18,5,4,0,435.22,439.0633333333332,436.82666666666665,455.54
2023-05-26 06:00:00,455.54,6,4,0,439.18,443.3133333333333,439.27000000000004,898.62
2023-05-26 07:00:00,898.62,7,4,0,455.54,597.7799999999999,518.6266666666667,885.9
2023-05-26 08:00:00,885.9,8,4,0,898.62,746.6866666666665,592.875,880.52
2023-05-26 09:00:00,880.52,9,4,0,885.9,888.3466666666665,665.83,890.69
2023-05-26 10:00:00,890.69,10,4,0,880.52,885.7033333333333,741.7416666666667,891.59
2023-05-26 11:00:00,891.59,11,4,0,890.69,887.5999999999998,817.1433333333333,897.27
2023-05-26 12:00:00,897.27,12,4,0,891.59,893.183333333333,890.765,889.02
2023-05-26 13:00:00,889.02,13,4,0,897.27,892.6266666666664,889.165,897.39
2023-05-26 14:00:00,897.39,14,4,0,889.02,894.5599999999998,891.08,708.78
2023-05-26 15:00:00,708.78,15,4,0,897.39,831.7299999999999,862.4566666666666,699.83
2023-05-26 16:00:00,699.83,16,4,0,708.78,768.6666666666665,830.6466666666666,692.92
2023-05-26 17:00:00,692.92,17,4,0,699.83,700.5099999999999,797.535,691.84
2023-05-26 18:00:00,691.84,18,4,0,692.92,694.8633333333331,763.2966666666666,690.45
2023-05-26 19:00:00,690.45,19,4,0,691.84,691.7366666666666,730.2016666666667,702.75
2023-05-26 20:00:00,702.75,20,4,0,690.45,695.0133333333332,697.7616666666667,438.28
2023-05-26 21:00:00,438.28,21,4,0,702.75,610.4933333333332,652.6783333333334,443.66
2023-05-26 22:00:00,443.66,22,4,0,438.28,528.2299999999999,609.9833333333332,443.71
2023-05-26 23:00:00,443.71,23,4,0,443.66,441.8833333333332,568.4483333333334,359.29
2023-05-27 00:00:00,359.29,0,5,1,443.71,415.5533333333332,513.0233333333333,352.32
2023-05-27 01:00:00,352.32,1,5,1,359.29,385.1066666666665,456.6683333333333,365.89
2023-05-27 02:00:00,365.89,2,5,1,352.32,359.1666666666665,400.52500000000003,362.81
2023-05-27 03:00:00,362.81,3,5,1,365.89,360.33999999999986,387.94666666666666,367.3
2023-05-27 04:00:00,367.3,4,5,1,362.81,365.3333333333332,375.21999999999997,359.03
2023-05-27 05:00:00,359.03,5,5,1,367.3,363.04666666666645,361.1066666666666,373.07
2023-05-27 06:00:00,373.07,6,5,1,359.03,366.4666666666665,363.40333333333336,806.29
2023-05-27 07:00:00,806.29,7,5,1,373.07,512.7966666666665,439.065,827.0
2023-05-27 08:00:00,827.0,8,5,1,806.29,668.7866666666665,515.9166666666666,799.32
2023-05-27 09:00:00,799.32,9,5,1,827.0,810.8699999999999,588.6683333333334,816.78
2023-05-27 10:00:00,816.78,10,5,1,799.32,814.3666666666664,663.5816666666666,817.1
2023-05-27 11:00:00,817.1,11,5,1,816.78,811.0666666666666,739.9266666666667,806.94
2023-05-27 12:00:00,806.94,12,5,1,817.1,813.6066666666666,812.2383333333333,816.7
2023-05-27 13:00:00,816.7,13,5,1,806.94,813.5799999999999,813.9733333333334,823.54
2023-05-27 14:00:00,823.54,14,5,1,816.7,815.7266666666666,813.3966666666666,595.57
2023-05-27 15:00:00,595.57,15,5,1,823.54,745.2699999999999,779.4383333333334,617.32
2023-05-27 16:00:00,617.32,16,5,1,595.57,678.81,746.195,593.36
2023-05-27 17:00:00,593.36,17,5,1,617.32,602.0833333333333,708.9050000000001,605.58
2023-05-27 18:00:00,605.58,18,5,1,593.36,605.42,675.3450000000001,626.33
2023-05-27 19:00:00,626.33,19,5,1,605.58,608.4233333333333,643.6166666666667,608.65
2023-05-27 20:00:00,608.65,20,5,1,626.33,613.52,607.8016666666667,353.91
2023-05-27 21:00:00,353.91,21,5,1,608.65,529.6299999999999,567.525,361.72
2023-05-27 22:00:00,361.72,22,5,1,353.91,441.42666666666656,524.925,379.84
2023-05-27 23:00:00,379.84,23,5,1,361.72,365.1566666666666,489.33833333333337,348.65
2023-05-28 00:00:00,348.65,0,6,1,379.84,363.4033333333332,446.51666666666665,354.89
2023-05-28 01:00:00,354.89,1,6,1,348.65,361.12666666666655,401.27666666666664,375.28
2023-05-28 02:00:00,375.28,2,6,1,354.89,359.60666666666657,362.38166666666666,378.16
2023-05-28 03:00:00,378.16,3,6,1,375.28,369.4433333333332,366.42333333333335,362.47
2023-05-28 04:00:00,362.47,4,6,1,378.16,371.96999999999986,366.54833333333335,353.39
2023-05-28 05:00:00,353.39,5,6,1,362.47,364.67333333333323,362.14000000000004,380.07
2023-05-28 06:00:00,380.07,6,6,1,353.39,365.3099999999999,367.3766666666666,826.06
2023-05-28 07:00:00,826.06,7,6,1,380.07,519.8399999999998,445.905,818.73
2023-05-28 08:00:00,818.73,8,6,1,826.06,674.9533333333333,519.8133333333333,806.8
2023-05-28 09:00:00,806.8,9,6,1,818.73,817.1966666666664,591.2533333333333,812.91
2023-05-28 10:00:00,812.91,10,6,1,806.8,812.8133333333332,666.3266666666667,812.02
2023-05-28 11:00:00,812.02,11,6,1,812.91,810.5766666666665,742.765,815.95
2023-05-28 12:00:00,815.95,12,6,1,812.02,813.6266666666666,815.4116666666667,824.91
2023-05-28 13:00:00,824.91,13,6,1,815.95,817.6266666666666,815.2199999999999,820.34
2023-05-28 14:00:00,820.34,14,6,1,824.91,820.4,815.4883333333333,604.68
2023-05-28 15:00:00,604.68,15,6,1,820.34,749.9766666666665,781.8016666666666,624.31
2023-05-28 16:00:00,624.31,16,6,1,604.68,683.11,750.3683333333333,615.81
2023-05-28 17:00:00,615.81,17,6,1,624.31,614.9333333333332,717.6666666666666,618.8
2023-05-28 18:00:00,618.8,18,6,1,615.81,619.6399999999998,684.8083333333334,625.03
2023-05-28 19:00:00,625.03,19,6,1,618.8,619.8799999999999,651.495,604.41
2023-05-28 20:00:00,604.41,20,6,1,625.03,616.0799999999998,615.5066666666667,363.01
2023-05-28 21:00:00,363.01,21,6,1,604.41,530.8166666666666,575.2283333333334,359.05
2023-05-28 22:00:00,359.05,22,6,1,363.01,442.1566666666665,531.0183333333333,350.76
2023-05-28 23:00:00,350.76,23,6,1,359.05,357.60666666666657,486.8433333333333,446.07
2023-05-29 00:00:00,446.07,0,0,0,350.76,385.29333333333324,458.055,463.39
2023-05-29 01:00:00,463.39,1,0,0,446.07,420.07333333333327,431.11499999999995,428.58
2023-05-29 02:00:00,428.58,2,0,0,463.39,446.01333333333326,401.81,443.04
2023-05-29 03:00:00,443.04,3,0,0,428.58,445.0033333333333,415.1483333333333,448.43
2023-05-29 04:00:00,448.43,4,0,0,443.04,440.0166666666666,430.045,444.29
2023-05-29 05:00:00,444.29,5,0,0,448.43,445.2533333333333,445.6333333333334,442.4
2023-05-29 06:00:00,442.4,6,0,0,444.29,445.0399999999999,445.0216666666667,882.91
2023-05-29 07:00:00,882.91,7,0,0,442.4,589.8666666666664,514.9416666666667,895.16
2023-05-29 08:00:00,895.16,8,0,0,882.91,740.1566666666664,592.705,887.25
2023-05-29 09:00:00,887.25,9,0,0,895.16,888.4399999999999,666.74,875.78
2023-05-29 10:00:00,875.78,10,0,0,887.25,886.0633333333332,737.965,902.86
2023-05-29 11:00:00,902.86,11,0,0,875.78,888.63,814.3933333333333,900.97
2023-05-29 12:00:00,900.97,12,0,0,902.86,893.2033333333333,890.8216666666667,893.71
2023-05-29 13:00:00,893.71,13,0,0,900.97,899.1799999999998,892.6216666666668,895.13
2023-05-29 14:00:00,895.13,14,0,0,893.71,896.6033333333331,892.6166666666667,701.9
2023-05-29 15:00:00,701.9,15,0,0,895.13,830.2466666666666,861.725,695.1
2023-05-29 16:00:00,695.1,16,0,0,701.9,764.0433333333332,831.6116666666667,700.53
2023-05-29 17:00:00,700.53,17,0,0,695.1,699.1766666666666,797.89,690.92
2023-05-29 18:00:00,690.92,18,0,0,700.53,695.5166666666665,762.8816666666667,703.8
2023-05-29 19:00:00,703.8,19,0,0,690.92,698.4166666666665,731.23,695.87
2023-05-29 20:00:00,695.87,20,0,0,703.8,696.8633333333331,698.02,444.85
2023-05-29 21:00:00,444.85,21,0,0,695.87,614.8399999999998,655.1783333333334,433.14
2023-05-29 22:00:00,433.14,22,0,0,444.85,524.6199999999999,611.5183333333333,445.6
2023-05-29 23:00:00,445.6,23,0,0,433.14,441.19666666666654,569.03,436.65
2023-05-30 00:00:00,436.65,0,1,0,445.6,438.4633333333332,526.6516666666666,438.2
2023-05-30 01:00:00,438.2,1,1,0,436.65,440.14999999999986,482.385,436.78
2023-05-30 02:00:00,436.78,2,1,0,438.2,437.20999999999987,439.2033333333333,434.77
2023-05-30 03:00:00,434.77,3,1,0,436.78,436.5833333333332,437.5233333333333,460.3
2023-05-30 04:00:00,460.3,4,1,0,434.77,443.9499999999998,442.05,453.95
2023-05-30 05:00:00,453.95,5,1,0,460.3,449.6733333333332,443.44166666666666,458.66
2023-05-30 06:00:00,458.66,6,1,0,453.95,457.63666666666654,447.10999999999996,883.52
2023-05-30 07:00:00,883.52,7,1,0,458.66,598.7099999999999,521.33,893.87
2023-05-30 08:00:00,893.87,8,1,0,883.52,745.3499999999999,597.5116666666667,882.95
2023-05-30 09:00:00,882.95,9,1,0,893.87,886.7799999999999,672.2083333333334,887.74
2023-05-30 10:00:00,887.74,10,1,0,882.95,888.1866666666666,743.4483333333333,885.96
2023-05-30 11:00:00,885.96,11,1,0,887.74,885.5499999999998,815.4499999999999,903.22
2023-05-30 12:00:00,903.22,12,1,0,885.96,892.3066666666665,889.5433333333334,890.13
2023-05-30 13:00:00,890.13,13,1,0,903.22,893.1033333333331,890.645,901.85
2023-05-30 14:00:00,901.85,14,1,0,890.13,898.4,891.975,698.13
2023-05-30 15:00:00,698.13,15,1,0,901.85,830.0366666666665,861.1716666666666,711.73
2023-05-30 16:00:00,711.73,16,1,0,698.13,770.5699999999998,831.8366666666667,681.47
2023-05-30 17:00:00,681.47,17,1,0,711.73,697.11,797.7550000000001,703.38
2023-05-30 18:00:00,703.38,18,1,0,681.47,698.8599999999998,764.4483333333334,702.47
2023-05-30 19:00:00,702.47,19,1,0,703.38,695.7733333333332,733.1716666666666,685.51
2023-05-30 20:00:00,685.51,20,1,0,702.47,697.1199999999999,697.1150000000001,451.36
2023-05-30 21:00:00,451.36,21,1,0,685.51,613.1133333333332,655.9866666666667,445.99
2023-05-30 22:00:00,445.99,22,1,0,451.36,527.6199999999999,611.6966666666666,441.48
2023-05-30 23:00:00,441.48,23,1,0,445.99,446.2766666666666,571.6983333333334,436.71
2023-05-31 00:00:00,436.71,0,2,0,441.48,441.3933333333332,527.2533333333333,437.55
2023-05-31 01:00:00,437.55,1,2,0,436.71,438.5799999999999,483.1000000000001,459.7
2023-05-31 02:00:00,459.7,2,2,0,437.55,444.6533333333332,445.465,443.31
2023-05-31 03:00:00,443.31,3,2,0,459.7,446.8533333333332,444.1233333333333,449.56
2023-05-31 04:00:00,449.56,4,2,0,443.31,450.85666666666657,444.7183333333333,436.97
2023-05-31 05:00:00,436.97,5,2,0,449.56,443.2799999999999,443.9666666666667,437.06
2023-05-31 06:00:00,437.06,6,2,0,436.97,441.19666666666654,444.02500000000003,901.96
2023-05-31 07:00:00,901.96,7,2,0,437.06,591.9966666666666,521.4266666666666,882.5
2023-05-31 08:00:00,882.5,8,2,0,901.96,740.5066666666665,591.8933333333333,889.98
2023-05-31 09:00:00,889.98,9,2,0,882.5,891.4799999999999,666.3383333333334,893.57
2023-05-31 10:00:00,893.57,10,2,0,889.98,888.6833333333333,740.34,894.19
2023-05-31 11:00:00,894.19,11,2,0,893.57,892.5799999999999,816.5433333333334,891.87
2023-05-31 12:00:00,891.87,12,2,0,894.19,893.21,892.3450000000001,896.47
2023-05-31 13:00:00,896.47,13,2,0,891.87,894.1766666666666,891.4300000000002,898.84
2023-05-31 14:00:00,898.84,14,2,0,896.47,895.7266666666666,894.1533333333333,699.18
2023-05-31 15:00:00,699.18,15,2,0,898.84,831.4966666666666,862.3533333333334,685.41
2023-05-31 16:00:00,685.41,16,2,0,699.18,761.1433333333331,827.66,691.03
2023-05-31 17:00:00,691.03,17,2,0,685.41,691.8733333333331,793.8000000000001,702.86
2023-05-31 18:00:00,702.86,18,2,0,691.03,693.0999999999999,762.2983333333333,700.46
2023-05-31 19:00:00,700.46,19,2,0,702.86,698.1166666666664,729.63,682.32
2023-05-31 20:00:00,682.32,20,2,0,700.46,695.2133333333333,693.5433333333334,446.11
2023-05-31 21:00:00,446.11,21,2,0,682.32,609.6299999999999,651.3649999999999,427.48
2023-05-31 22:00:00,427.48,22,2,0,446.11,518.6366666666667,608.3766666666667,443.68
2023-05-31 23:00:00,443.68,23,2,0,427.48,439.0899999999999,567.1516666666668,440.18
2023-06-01 00:00:00,440.18,0,3,0,443.68,437.11333333333323,523.3716666666667,417.42
2023-06-01 01:00:00,417.42,1,3,0,440.18,433.75999999999993,476.1983333333333,418.33
2023-06-01 02:00:00,418.33,2,3,0,417.42,425.3099999999999,432.2,431.11
2023-06-01 03:00:00,431.11,3,3,0,418.33,422.2866666666666,429.70000000000005,412.66
2023-06-01 04:00:00,412.66,4,3,0,431.11,420.6999999999999,427.23,419.94
2023-06-01 05:00:00,419.94,5,3,0,412.66,421.2366666666665,423.2733333333333,429.77
2023-06-01 06:00:00,429.77,6,3,0,419.94,420.7899999999999,421.53833333333336,869.93
2023-06-01 07:00:00,869.93,7,3,0,429.77,573.2133333333331,496.95666666666665,873.11
2023-06-01 08:00:00,873.11,8,3,0,869.93,724.2699999999999,572.7533333333333,880.95
2023-06-01 09:00:00,880.95,9,3,0,873.11,874.6633333333333,647.7266666666667,878.37
2023-06-01 10:00:00,878.37,10,3,0,880.95,877.4766666666666,725.3449999999999,877.13
2023-06-01 11:00:00,877.13,11,3,0,878.37,878.8166666666666,801.5433333333334,872.29
2023-06-01 12:00:00,872.29,12,3,0,877.13,875.93,875.2966666666666,877.96
2023-06-01 13:00:00,877.96,13,3,0,872.29,875.7933333333332,876.6350000000001,874.01
2023-06-01 14:00:00,874.01,14,3,0,877.96,874.7533333333331,876.785,678.66
2023-06-01 15:00:00,678.66,15,3,0,874.01,810.2099999999999,843.07,671.02
2023-06-01 16:00:00,671.02,16,3,0,678.66,741.2299999999999,808.5116666666667,673.54
2023-06-01 17:00:00,673.54,17,3,0,671.02,674.4066666666666,774.5799999999999,667.08
2023-06-01 18:00:00,667.08,18,3,0,673.54,670.5466666666665,740.3783333333332,674.72
2023-06-01 19:00:00,674.72,19,3,0,667.08,671.7799999999999,706.505,668.51
2023-06-01 20:00:00,668.51,20,3,0,674.72,670.1033333333332,672.255,416.09
2023-06-01 21:00:00,416.09,21,3,0,668.51,586.4399999999998,628.4933333333332,427.07
2023-06-01 22:00:00,427.07,22,3,0,416.09,503.8899999999999,587.8349999999999,426.7
2023-06-01 23:00:00,426.7,23,3,0,427.07,423.2866666666666,546.695,431.26
2023-06-02 00:00:00,431.26,0,4,0,426.7,428.34333333333325,507.39166666666665,421.55
2023-06-02 01:00:00,421.55,1,4,0,431.26,426.5033333333333,465.1966666666667,428.26
2023-06-02 02:00:00,428.26,2,4,0,421.55,427.02333333333326,425.155,429.41
2023-06-02 03:00:00,429.41,3,4,0,428.26,426.4066666666665,427.375,428.56
2023-06-02 04:00:00,428.56,4,4,0,429.41,428.74333333333317,427.6233333333333,418.39
2023-06-02 05:00:00,418.39,5,4,0,428.56,425.4533333333332,426.2383333333334,426.19
2023-06-02 06:00:00,426.19,6,4,0,418.39,424.3799999999999,425.3933333333334,877.91
2023-06-02 07:00:00,877.91,7,4,0,426.19,574.1633333333332,501.4533333333334,875.06
2023-06-02 08:00:00,875.06,8,4,0,877.91,726.3866666666664,575.92,858.31
2023-06-02 09:00:00,858.31,9,4,0,875.06,870.4266666666666,647.4033333333333,876.28
2023-06-02 10:00:00,876.28,10,4,0,858.31,869.8833333333332,722.0233333333332,892.7
2023-06-02 11:00:00,892.7,11,4,0,876.28,875.7633333333332,801.0749999999999,872.12
2023-06-02 12:00:00,872.12,12,4,0,892.7,880.3666666666664,875.3966666666666,869.18
2023-06-02 13:00:00,869.18,13,4,0,872.12,877.9999999999999,873.9416666666666,877.99
2023-06-02 14:00:00,877.99,14,4,0,869.18,873.0966666666665,874.43,677.5
2023-06-02 15:00:00,677.5,15,4,0,877.99,808.2233333333332,844.2950000000001,684.54
2023-06-02 16:00:00,684.54,16,4,0,677.5,746.6766666666666,812.3383333333333,664.94
2023-06-02 17:00:00,664.94,17,4,0,684.54,675.6599999999999,774.3783333333334,680.85
2023-06-02 18:00:00,680.85,18,4,0,664.94,676.7766666666665,742.5,679.72
2023-06-02 19:00:00,679.72,19,4,0,680.85,675.17,710.9233333333333,673.86
2023-06-02 20:00:00,673.86,20,4,0,679.72,678.1433333333332,676.9016666666666,427.71
2023-06-02 21:00:00,427.71,21,4,0,673.86,593.7633333333332,635.27,433.24
2023-06-02 22:00:00,433.24,22,4,0,427.71,511.60333333333324,593.3866666666667,431.98
2023-06-02 23:00:00,431.98,23,4,0,433.24,430.9766666666665,554.5600000000001,335.86
2023-06-03 00:00:00,335.86,0,5,1,431.98,400.35999999999984,497.0616666666667,351.56
2023-06-03 01:00:00,351.56,1,5,1,335.86,373.1333333333332,442.36833333333334,344.48
2023-06-03 02:00:00,344.48,2,5,1,351.56,343.9666666666665,387.47166666666664,345.58
2023-06-03 03:00:00,345.58,3,5,1,344.48,347.20666666666654,373.7833333333333,345.59
2023-06-03 04:00:00,345.59,4,5,1,345.58,345.2166666666665,359.175,343.8
2023-06-03 05:00:00,343.8,5,5,1,345.59,344.98999999999984,344.4783333333333,354.53
2023-06-03 06:00:00,354.53,6,5,1,343.8,347.9733333333332,347.59,794.33
2023-06-03 07:00:00,794.33,7,5,1,354.53,497.5533333333331,421.38500000000005,786.04
2023-06-03 08:00:00,786.04,8,5,1,794.33,644.9666666666666,494.9783333333333,791.85
2023-06-03 09:00:00,791.85,9,5,1,786.04,790.7399999999998,569.3566666666667,796.43
2023-06-03 10:00:00,796.43,10,5,1,791.85,791.4399999999997,644.4966666666667,804.83
2023-06-03 11:00:00,804.83,11,5,1,796.43,797.7033333333333,721.335,799.82
2023-06-03 12:00:00,799.82,12,5,1,804.83,800.3599999999998,795.5500000000001,788.2
2023-06-03 13:00:00,788.2,13,5,1,799.82,797.6166666666664,794.5283333333333,814.88
2023-06-03 14:00:00,814.88,14,5,1,788.2,800.9666666666666,799.335,597.12
2023-06-03 15:00:00,597.12,15,5,1,814.88,733.3999999999997,766.88,605.2
2023-06-03 16:00:00,605.2,16,5,1,597.12,672.3999999999997,735.0083333333333,593.79
2023-06-03 17:00:00,593.79,17,5,1,605.2,598.703333333333,699.835,599.27
2023-06-03 18:00:00,599.27,18,5,1,593.79,599.4199999999997,666.41,601.72
2023-06-03 19:00:00,601.72,19,5,1,599.27,598.2599999999998,635.33,604.75
2023-06-03 20:00:00,604.75,20,5,1,601.72,601.9133333333331,600.3083333333334,353.46
2023-06-03 21:00:00,353.46,21,5,1,604.75,519.9766666666665,559.6983333333334,351.98
2023-06-03 22:00:00,351.98,22,5,1,353.46,436.7299999999998,517.495,342.48
2023-06-03 23:00:00,342.48,23,5,1,351.98,349.30666666666644,475.60999999999996,340.43
2023-06-04 00:00:00,340.43,0,6,1,342.48,344.96333333333314,432.47,347.66
2023-06-04 01:00:00,347.66,1,6,1,340.43,343.52333333333314,390.1266666666667,352.47
2023-06-04 02:00:00,352.47,2,6,1,347.66,346.8533333333332,348.08,343.22
2023-06-04 03:00:00,343.22,3,6,1,352.47,347.78333333333313,346.3733333333334,353.52
2023-06-04 04:00:00,353.52,4,6,1,343.22,349.73666666666645,346.63000000000005,356.62
2023-06-04 05:00:00,356.62,5,6,1,353.52,351.11999999999983,348.9866666666667,337.67
2023-06-04 06:00:00,337.67,6,6,1,356.62,349.2699999999998,348.5266666666667,788.3
2023-06-04 07:00:00,788.3,7,6,1,337.67,494.19666666666643,421.9666666666667,793.88
2023-06-04 08:00:00,793.88,8,6,1,788.3,639.9499999999998,495.535,797.46
2023-06-04 09:00:00,797.46,9,6,1,793.88,793.2133333333331,571.2416666666667,790.8
2023-06-04 10:00:00,790.8,10,6,1,797.46,794.0466666666665,644.1216666666667,805.82
2023-06-04 11:00:00,805.82,11,6,1,790.8,798.0266666666665,718.9883333333333,798.39
2023-06-04 12:00:00,798.39,12,6,1,805.82,798.3366666666665,795.775,795.32
2023-06-04 13:00:00,795.32,13,6,1,798.39,799.8433333333332,796.945,783.51
2023-06-04 14:00:00,783.51,14,6,1,795.32,792.4066666666664,795.2166666666667,584.47
2023-06-04 15:00:00,584.47,15,6,1,783.51,721.0999999999999,759.7183333333332,597.25
2023-06-04 16:00:00,597.25,16,6,1,584.47,655.0766666666665,727.46,577.94
2023-06-04 17:00:00,577.94,17,6,1,597.25,586.5533333333332,689.48,603.1
2023-06-04 18:00:00,603.1,18,6,1,577.94,592.7633333333332,656.9316666666667,593.73
2023-06-04 19:00:00,593.73,19,6,1,603.1,591.5899999999998,623.3333333333334,620.94
2023-06-04 20:00:00,620.94,20,6,1,593.73,605.9233333333332,596.2383333333333,363.46
2023-06-04 21:00:00,363.46,21,6,1,620.94,526.0433333333332,559.4033333333333,343.55
2023-06-04 22:00:00,343.55,22,6,1,363.46,442.6499999999998,517.12,344.15
2023-06-04 23:00:00,344.15,23,6,1,343.55,350.3866666666665,478.155,432.96
2023-06-05 00:00:00,432.96,0,0,0,344.15,373.5533333333331,449.79833333333335,438.63
2023-06-05 01:00:00,438.63,1,0,0,432.96,405.24666666666644,423.9483333333333,411.9
2023-06-05 02:00:00,411.9,2,0,0,438.63,427.82999999999976,389.10833333333335,410.71
2023-06-05 03:00:00,410.71,3,0,0,411.9,420.4133333333331,396.9833333333333,420.02
2023-06-05 04:00:00,420.02,4,0,0,410.71,414.2099999999998,409.7283333333333,429.66
2023-06-05 05:00:00,429.66,5,0,0,420.02,420.1299999999998,423.97999999999996,428.97
2023-06-05 06:00:00,428.97,6,0,0,429.66,426.21666666666647,423.315,883.56
2023-06-05 07:00:00,883.56,7,0,0,428.97,580.7299999999998,497.47,865.4
2023-06-05 08:00:00,865.4,8,0,0,883.56,725.9766666666665,573.0533333333334,856.47
2023-06-05 09:00:00,856.47,9,0,0,865.4,868.4766666666665,647.3466666666667,881.86
2023-06-05 10:00:00,881.86,10,0,0,856.47,867.9099999999999,724.32,868.37
2023-06-05 11:00:00,868.37,11,0,0,881.86,868.8999999999997,797.4383333333334,858.85
2023-06-05 12:00:00,858.85,12,0,0,868.37,869.6933333333332,869.085,876.16
2023-06-05 13:00:00,876.16,13,0,0,858.85,867.7933333333331,867.8516666666668,881.35
2023-06-05 14:00:00,881.35,14,0,0,876.16,872.1199999999999,870.5099999999999,674.02
2023-06-05 15:00:00,674.02,15,0,0,881.35,810.5099999999998,840.1016666666666,671.34
2023-06-05 16:00:00,671.34,16,0,0,674.02,742.2366666666666,805.015,673.73
2023-06-05 17:00:00,673.73,17,0,0,671.34,673.0299999999997,772.5749999999999,672.04
2023-06-05 18:00:00,672.04,18,0,0,673.73,672.3699999999998,741.4399999999999,664.22
2023-06-05 19:00:00,664.22,19,0,0,672.04,669.9966666666664,706.1166666666667,669.28
2023-06-05 20:00:00,669.28,20,0,0,664.22,668.513333333333,670.7716666666666,429.17
2023-06-05 21:00:00,429.17,21,0,0,669.28,587.5566666666664,629.9633333333334,427.57
2023-06-05 22:00:00,427.57,22,0,0,429.17,508.6733333333332,589.3349999999999,426.34
2023-06-05 23:00:00,426.34,23,0,0,427.57,427.6933333333331,548.1033333333334,417.04
2023-06-06 00:00:00,417.04,0,1,0,426.34,423.6499999999998,505.6033333333333,423.55
2023-06-06 01:00:00,423.55,1,1,0,417.04,422.3099999999998,465.49166666666673,407.58
2023-06-06 02:00:00,407.58,2,1,0,423.55,416.05666666666644,421.875,426.43
2023-06-06 03:00:00,426.43,3,1,0,407.58,419.18666666666644,421.4183333333333,436.43
2023-06-06 04:00:00,436.43,4,1,0,426.43,423.4799999999998,422.895,413.21
2023-06-06 05:00:00,413.21,5,1,0,436.43,425.3566666666664,420.70666666666665,420.31
2023-06-06 06:00:00,420.31,6,1,0,413.21,423.31666666666644,421.2516666666667,877.63
2023-06-06 07:00:00,877.63,7,1,0,420.31,570.3833333333331,496.9316666666666,885.02
2023-06-06 08:00:00,885.02,8,1,0,877.63,727.6533333333331,576.505,871.41
2023-06-06 09:00:00,871.41,9,1,0,885.02,878.0199999999999,650.6683333333334,869.46
2023-06-06 10:00:00,869.46,10,1,0,871.41,875.2966666666665,722.84,859.25
2023-06-06 11:00:00,859.25,11,1,0,869.46,866.7066666666664,797.18,875.83
2023-06-06 12:00:00,875.83,12,1,0,859.25,868.1799999999998,873.0999999999999,891.34
2023-06-06 13:00:00,891.34,13,1,0,875.83,875.473333333333,875.3849999999999,877.22
2023-06-06 14:00:00,877.22,14,1,0,891.34,881.4633333333331,874.085,674.82
2023-06-06 15:00:00,674.82,15,1,0,877.22,814.4599999999999,841.32,677.58
2023-06-06 16:00:00,677.58,16,1,0,674.82,743.2066666666665,809.3400000000001,674.91
2023-06-06 17:00:00,674.91,17,1,0,677.58,675.7699999999999,778.6166666666668,668.5
2023-06-06 18:00:00,668.5,18,1,0,674.91,673.6633333333331,744.0616666666666,681.59
2023-06-06 19:00:00,681.59,19,1,0,668.5,674.9999999999998,709.1033333333334,676.81
2023-06-06 20:00:00,676.81,20,1,0,681.59,675.6333333333331,675.7016666666667,425.14
2023-06-06 21:00:00,425.14,21,1,0,676.81,594.513333333333,634.0883333333333,417.2
2023-06-06 22:00:00,417.2,22,1,0,425.14,506.38333333333304,590.6916666666667,435.43
2023-06-06 23:00:00,435.43,23,1,0,417.2,425.9233333333331,550.7783333333333,430.32
2023-06-07 00:00:00,430.32,0,2,0,435.43,427.6499999999998,511.0816666666667,420.58
2023-06-07 01:00:00,420.58,1,2,0,430.32,428.7766666666664,467.58,433.01
2023-06-07 02:00:00,433.01,2,2,0,420.58,427.9699999999998,426.94666666666666,421.02
2023-06-07 03:00:00,421.02,3,2,0,433.01,424.8699999999997,426.26,418.74
2023-06-07 04:00:00,418.74,4,2,0,421.02,424.25666666666643,426.51666666666665,418.92
2023-06-07 05:00:00,418.92,5,2,0,418.74,419.5599999999998,423.76500000000004,410.83
2023-06-07 06:00:00,410.83,6,2,0,418.92,416.1633333333331,420.51666666666665,878.77
2023-06-07 07:00:00,878.77,7,2,0,410.83,569.5066666666664,496.88166666666666,860.35
2023-06-07 08:00:00,860.35,8,2,0,878.77,716.6499999999997,568.105,865.17
2023-06-07 09:00:00,865.17,9,2,0,860.35,868.0966666666664,642.13,858.4
2023-06-07 10:00:00,858.4,10,2,0,865.17,861.3066666666664,715.4066666666666,874.31
2023-06-07 11:00:00,874.31,11,2,0,858.4,865.9599999999997,791.305,873.8
2023-06-07 12:00:00,873.8,12,2,0,874.31,868.8366666666665,868.4666666666666,872.39
2023-06-07 13:00:00,872.39,13,2,0,873.8,873.4999999999997,867.4033333333333,866.66
2023-06-07 14:00:00,866.66,14,2,0,872.39,870.9499999999997,868.4549999999999,665.62
2023-06-07 15:00:00,665.62,15,2,0,866.66,801.5566666666664,835.1966666666666,678.71
2023-06-07 16:00:00,678.71,16,2,0,665.62,736.9966666666664,805.2483333333333,670.6
2023-06-07 17:00:00,670.6,17,2,0,678.71,671.6433333333331,771.2966666666666,677.53
2023-06-07 18:00:00,677.53,18,2,0,670.6,675.6133333333331,738.585,667.92
2023-06-07 19:00:00,667.92,19,2,0,677.53,672.0166666666664,704.5066666666667,676.45
2023-06-07 20:00:00,676.45,20,2,0,667.92,673.9666666666665,672.8050000000001,435.43
2023-06-07 21:00:00,435.43,21,2,0,676.45,593.2666666666665,634.4399999999999,429.69
2023-06-07 22:00:00,429.69,22,2,0,435.43,513.8566666666665,592.9366666666666,421.7
2023-06-07 23:00:00,421.7,23,2,0,429.69,428.93999999999977,551.4533333333333,427.06
2023-06-08 00:00:00,427.06,0,3,0,421.7,426.1499999999998,509.7083333333333,423.07
2023-06-08 01:00:00,423.07,1,3,0,427.06,423.9433333333331,468.90000000000003,425.06
2023-06-08 02:00:00,425.06,2,3,0,423.07,425.06333333333305,427.0016666666666,422.4
2023-06-08 03:00:00,422.4,3,3,0,425.06,423.50999999999976,424.83,423.69
2023-06-08 04:00:00,423.69,4,3,0,422.4,423.71666666666647,423.83,426.7
2023-06-08 05:00:00,426.7,5,3,0,423.69,424.2633333333331,424.66333333333336,417.05
2023-06-08 06:00:00,417.05,6,3,0,426.7,422.4799999999998,422.99500000000006,866.87
2023-06-08 07:00:00,866.87,7,3,0,417.05,570.2066666666664,496.96166666666664,863.89
2023-06-08 08:00:00,863.89,8,3,0,866.87,715.9366666666664,570.1,862.2
2023-06-08 09:00:00,862.2,9,3,0,863.89,864.3199999999997,643.4,865.26
2023-06-08 10:00:00,865.26,10,3,0,862.2,863.7833333333332,716.995,876.28
2023-06-08 11:00:00,876.28,11,3,0,865.26,867.9133333333331,791.9250000000001,867.86
2023-06-08 12:00:00,867.86,12,3,0,876.28,869.7999999999997,867.06,879.11
2023-06-08 13:00:00,879.11,13,3,0,867.86,874.4166666666665,869.1,875.28
2023-06-08 14:00:00,875.28,14,3,0,879.11,874.083333333333,870.9983333333333,659.25
2023-06-08 15:00:00,659.25,15,3,0,875.28,804.5466666666665,837.1733333333333,680.24
2023-06-08 16:00:00,680.24,16,3,0,659.25,738.2566666666663,806.3366666666666,681.49
2023-06-08 17:00:00,681.49,17,3,0,680.24,673.6599999999999,773.8716666666666,667.05
2023-06-08 18:00:00,667.05,18,3,0,681.49,676.2599999999998,740.4033333333333,678.36
2023-06-08 19:00:00,678.36,19,3,0,667.05,675.6333333333331,706.945,668.15
2023-06-08 20:00:00,668.15,20,3,0,678.36,671.1866666666665,672.4233333333333,425.78
2023-06-08 21:00:00,425.78,21,3,0,668.15,590.763333333333,633.5116666666667,414.88
2023-06-08 22:00:00,414.88,22,3,0,425.78,502.93666666666644,589.285,410.66
2023-06-08 23:00:00,410.66,23,3,0,414.88,417.1066666666664,544.1466666666666,421.94
2023-06-09 00:00:00,421.94,0,4,0,410.66,415.8266666666664,503.295,424.01
2023-06-09 01:00:00,424.01,1,4,0,421.94,418.8699999999997,460.90333333333336,421.82
2023-06-09 02:00:00,421.82,2,4,0,424.01,422.58999999999975,419.8483333333333,415.53
2023-06-09 03:00:00,415.53,3,4,0,421.82,420.4533333333331,418.14000000000004,421.8
2023-06-09 04:00:00,421.8,4,4,0,415.53,419.7166666666664,419.29333333333335,427.15
2023-06-09 05:00:00,427.15,5,4,0,421.8,421.4933333333331,422.0416666666667,424.64
2023-06-09 06:00:00,424.64,6,4,0,427.15,424.52999999999975,422.4916666666666,876.46
2023-06-09 07:00:00,876.46,7,4,0,424.64,576.0833333333331,497.8999999999999,869.64
2023-06-09 08:00:00,869.64,8,4,0,876.46,723.5799999999998,572.5366666666667,884.37
2023-06-09 09:00:00,884.37,9,4,0,869.64,876.8233333333332,650.6766666666666,865.59
2023-06-09 10:00:00,865.59,10,4,0,884.37,873.1999999999998,724.6416666666668,878.9
2023-06-09 11:00:00,878.9,11,4,0,865.59,876.2866666666665,799.9333333333334,884.46
2023-06-09 12:00:00,884.46,12,4,0,878.9,876.3166666666665,876.57,878.85
2023-06-09 13:00:00,878.85,13,4,0,884.46,880.7366666666663,876.9683333333332,873.38
2023-06-09 14:00:00,873.38,14,4,0,878.85,878.8966666666665,877.5916666666667,670.77
2023-06-09 15:00:00,670.77,15,4,0,873.38,807.6666666666664,841.9916666666668,683.29
2023-06-09 16:00:00,683.29,16,4,0,670.77,742.4799999999999,811.6083333333335,663.62
2023-06-09 17:00:00,663.62,17,4,0,683.29,672.5599999999998,775.7283333333334,667.24
2023-06-09 18:00:00,667.24,18,4,0,663.62,671.3833333333331,739.525,671.82
2023-06-09 19:00:00,671.82,19,4,0,667.24,667.5599999999998,705.02,684.9
2023-06-09 20:00:00,684.9,20,4,0,671.82,674.6533333333332,673.6066666666667,428.04
2023-06-09 21:00:00,428.04,21,4,0,684.9,594.9199999999997,633.1516666666666,417.26
2023-06-09 22:00:00,417.26,22,4,0,428.04,510.06666666666644,588.8133333333333,422.52
2023-06-09 23:00:00,422.52,23,4,0,417.26,422.6066666666664,548.63,340.09
2023-06-10 00:00:00,340.09,0,5,1,422.52,393.2899999999998,494.105,339.32
2023-06-10 01:00:00,339.32,1,5,1,340.09,367.3099999999998,438.68833333333333,352.83
2023-06-10 02:00:00,352.83,2,5,1,339.32,344.07999999999976,383.3433333333333,334.03
2023-06-10 03:00:00,334.03,3,5,1,352.83,342.0599999999998,367.67499999999995,357.87
2023-06-10 04:00:00,357.87,4,5,1,334.03,348.2433333333331,357.77666666666664,351.63
2023-06-10 05:00:00,351.63,5,5,1,357.87,347.8433333333331,345.96166666666664,353.73
2023-06-10 06:00:00,353.73,6,5,1,351.63,354.4099999999998,348.23499999999996,791.3
2023-06-10 07:00:00,791.3,7,5,1,353.73,498.8866666666665,423.565,793.8
2023-06-10 08:00:00,793.8,8,5,1,791.3,646.2766666666663,497.06,783.53
2023-06-10 09:00:00,783.53,9,5,1,793.8,789.5433333333331,571.9766666666666,790.8
2023-06-10 10:00:00,790.8,10,5,1,783.53,789.3766666666664,644.1316666666667,798.95
2023-06-10 11:00:00,798.95,11,5,1,790.8,791.0933333333331,718.685,805.37
2023-06-10 12:00:00,805.37,12,5,1,798.95,798.3733333333331,793.9583333333334,786.14
2023-06-10 13:00:00,786.14,13,5,1,805.37,796.8199999999997,793.0983333333334,792.08
2023-06-10 14:00:00,792.08,14,5,1,786.14,794.5299999999997,792.8116666666666,593.79
2023-06-10 15:00:00,593.79,15,5,1,792.08,724.0033333333331,761.1883333333334,583.83
2023-06-10 16:00:00,583.83,16,5,1,593.79,656.5666666666665,726.6933333333333,599.73
2023-06-10 17:00:00,599.73,17,5,1,583.83,592.4499999999998,693.4900000000001,589.21
2023-06-10 18:00:00,589.21,18,5,1,599.73,590.9233333333332,657.4633333333334,593.44
2023-06-10 19:00:00,593.44,19,5,1,589.21,594.1266666666666,625.3466666666667,591.38
2023-06-10 20:00:00,591.38,20,5,1,593.44,591.3433333333331,591.8966666666666,338.69
2023-06-10 21:00:00,338.69,21,5,1,591.38,507.8366666666664,549.38,344.94
2023-06-10 22:00:00,344.94,22,5,1,338.69,425.0033333333331,509.56500000000005,343.28
2023-06-10 23:00:00,343.28,23,5,1,344.94,342.3033333333331,466.8233333333333,342.03
2023-06-11 00:00:00,342.03,0,6,1,343.28,343.41666666666634,425.6266666666667,339.17
2023-06-11 01:00:00,339.17,1,6,1,342.03,341.4933333333331,383.2483333333334,347.56
2023-06-11 02:00:00,347.56,2,6,1,339.17,342.9199999999998,342.6116666666667,358.23
2023-06-11 03:00:00,358.23,3,6,1,347.56,348.31999999999977,345.86833333333334,346.12
2023-06-11 04:00:00,346.12,4,6,1,358.23,350.6366666666665,346.065,352.97
2023-06-11 05:00:00,352.97,5,6,1,346.12,352.43999999999977,347.68,333.88
2023-06-11 06:00:00,333.88,6,6,1,352.97,344.3233333333331,346.32166666666666,796.26
2023-06-11 07:00:00,796.26,7,6,1,333.88,494.3699999999997,422.50333333333333,786.22
2023-06-11 08:00:00,786.22,8,6,1,796.26,638.7866666666664,495.6133333333334,783.18
2023-06-11 09:00:00,783.18,9,6,1,786.22,788.553333333333,566.4383333333334,789.09
2023-06-11 10:00:00,789.09,10,6,1,783.18,786.1633333333331,640.2666666666668,804.54
2023-06-11 11:00:00,804.54,11,6,1,789.09,792.2699999999996,715.5283333333333,802.6
2023-06-11 12:00:00,802.6,12,6,1,804.54,798.7433333333332,793.6483333333332,796.94
2023-06-11 13:00:00,796.94,13,6,1,802.6,801.3599999999997,793.7616666666667,782.74
2023-06-11 14:00:00,782.74,14,6,1,796.94,794.0933333333331,793.1816666666667,593.43
2023-06-11 15:00:00,593.43,15,6,1,782.74,724.3699999999998,761.5566666666667,597.41
2023-06-11 16:00:00,597.41,16,6,1,593.43,657.8599999999998,729.61,596.4
2023-06-11 17:00:00,596.4,17,6,1,597.41,595.7466666666664,694.92,580.25
2023-06-11 18:00:00,580.25,18,6,1,596.4,591.3533333333331,657.8616666666667,587.88
2023-06-11 19:00:00,587.88,19,6,1,580.25,588.1766666666664,623.0183333333333,594.49
2023-06-11 20:00:00,594.49,20,6,1,587.88,587.5399999999997,591.6433333333333,349.29
2023-06-11 21:00:00,349.29,21,6,1,594.49,510.5533333333331,550.9533333333333,327.43
2023-06-11 22:00:00,327.43,22,6,1,349.29,423.73666666666645,505.95666666666665,343.7
2023-06-11 23:00:00,343.7,23,6,1,327.43,340.1399999999998,463.84,426.14
2023-06-12 00:00:00,426.14,0,0,0,343.7,365.75666666666643,438.155,431.8
2023-06-12 01:00:00,431.8,1,0,0,426.14,400.54666666666645,412.14166666666665,430.54
2023-06-12 02:00:00,430.54,2,0,0,431.8,429.4933333333331,384.81666666666666,429.66
2023-06-12 03:00:00,429.66,3,0,0,430.54,430.6666666666665,398.21166666666664,418.6
2023-06-12 04:00:00,418.6,4,0,0,429.66,426.2666666666664,413.40666666666675,409.74
2023-06-12 05:00:00,409.74,5,0,0,418.6,419.3333333333332,424.41333333333336,421.86
2023-06-12 06:00:00,421.86,6,0,0,409.74,416.7333333333331,423.70000000000005,883.01
2023-06-12 07:00:00,883.01,7,0,0,421.86,571.5366666666664,498.90166666666664,886.15
2023-06-12 08:00:00,886.15,8,0,0,883.01,730.3399999999998,574.8366666666667,880.68
2023-06-12 09:00:00,880.68,9,0,0,886.15,883.2799999999997,650.0066666666667,878.43
2023-06-12 10:00:00,878.43,10,0,0,880.68,881.7533333333331,726.645,878.04
2023-06-12 11:00:00,878.04,11,0,0,878.43,879.0499999999997,804.695,870.55
2023-06-12 12:00:00,870.55,12,0,0,878.04,875.6733333333332,879.4766666666668,873.96
2023-06-12 13:00:00,873.96,13,0,0,870.55,874.183333333333,877.9683333333332,888.35
2023-06-12 14:00:00,888.35,14,0,0,873.96,877.6199999999998,878.335,667.46
2023-06-12 15:00:00,667.46,15,0,0,888.35,809.9233333333332,842.7983333333333,687.92
2023-06-12 16:00:00,687.92,16,0,0,667.46,747.9099999999999,811.0466666666666,672.42
2023-06-12 17:00:00,672.42,17,0,0,687.92,675.933333333333,776.7766666666666,685.6
2023-06-12 18:00:00,685.6,18,0,0,672.42,681.9799999999998,745.9516666666667,663.75
2023-06-12 19:00:00,663.75,19,0,0,685.6,673.9233333333331,710.9166666666666,679.69
2023-06-12 20:00:00,679.69,20,0,0,663.75,676.3466666666665,676.14,419.11
2023-06-12 21:00:00,419.11,21,0,0,679.69,587.5166666666664,634.7483333333333,413.68
2023-06-12 22:00:00,413.68,22,0,0,419.11,504.1599999999998,589.0416666666666,426.75
2023-06-12 23:00:00,426.75,23,0,0,413.68,419.8466666666664,548.0966666666667,433.08
2023-06-13 00:00:00,433.08,0,1,0,426.75,424.5033333333331,506.01,418.24
2023-06-13 01:00:00,418.24,1,1,0,433.08,426.0233333333331,465.0916666666667,413.01
2023-06-13 02:00:00,413.01,2,1,0,418.24,421.4433333333331,420.645,424.27
2023-06-13 03:00:00,424.27,3,1,0,413.01,418.50666666666643,421.50499999999994,424.3
2023-06-13 04:00:00,424.3,4,1,0,424.27,420.5266666666664,423.27500000000003,429.39
2023-06-13 05:00:00,429.39,5,1,0,424.3,425.98666666666645,423.715,432.6
2023-06-13 06:00:00,432.6,6,1,0,429.39,428.7633333333331,423.635,874.52
2023-06-13 07:00:00,874.52,7,1,0,432.6,578.8366666666665,499.6816666666667,889.84
2023-06-13 08:00:00,889.84,8,1,0,874.52,732.3199999999997,579.1533333333333,876.79
2023-06-13 09:00:00,876.79,9,1,0,889.84,880.3833333333331,654.5733333333334,872.23
2023-06-13 10:00:00,872.23,10,1,0,876.79,879.6199999999998,729.2283333333334,862.11
2023-06-13 11:00:00,862.11,11,1,0,872.23,870.3766666666664,801.3483333333334,872.9
2023-06-13 12:00:00,872.9,12,1,0,862.11,869.0799999999998,874.7316666666666,872.31
2023-06-13 13:00:00,872.31,13,1,0,872.9,869.1066666666665,874.3633333333333,882.68
2023-06-13 14:00:00,882.68,14,1,0,872.31,875.9633333333331,873.1700000000001,678.7
2023-06-13 15:00:00,678.7,15,1,0,882.68,811.2299999999997,840.1550000000001,665.57
2023-06-13 16:00:00,665.57,16,1,0,678.7,742.3166666666665,805.7116666666666,676.38
2023-06-13 17:00:00,676.38,17,1,0,665.57,673.5499999999998,774.7566666666667,680.37
2023-06-13 18:00:00,680.37,18,1,0,676.38,674.1066666666665,742.6683333333334,687.22
2023-06-13 19:00:00,687.22,19,1,0,680.37,681.3233333333332,711.82,682.1
2023-06-13 20:00:00,682.1,20,1,0,687.22,683.2299999999999,678.39,431.09
2023-06-13 21:00:00,431.09,21,1,0,682.1,600.1366666666664,637.1216666666668,425.48
2023-06-13 22:00:00,425.48,22,1,0,431.09,512.8899999999998,597.1066666666667,428.11
2023-06-13 23:00:00,428.11,23,1,0,425.48,428.22666666666646,555.7283333333334,435.0
2023-06-14 00:00:00,435.0,0,2,0,428.11,429.5299999999998,514.8333333333334,414.34
2023-06-14 01:00:00,414.34,1,2,0,435.0,425.81666666666644,469.3533333333333,422.2
2023-06-14 02:00:00,422.2,2,2,0,414.34,423.8466666666664,426.03666666666663,418.82
2023-06-14 03:00:00,418.82,3,2,0,422.2,418.4533333333331,423.9916666666666,428.03
2023-06-14 04:00:00,428.03,4,2,0,418.82,423.0166666666664,424.4166666666667,434.84
2023-06-14 05:00:00,434.84,5,2,0,428.03,427.22999999999973,425.53833333333336,420.22
2023-06-14 06:00:00,420.22,6,2,0,434.84,427.69666666666643,423.07500000000005,855.88
2023-06-14 07:00:00,855.88,7,2,0,420.22,570.3133333333332,496.66499999999996,871.7
2023-06-14 08:00:00,871.7,8,2,0,855.88,715.933333333333,571.5816666666667,882.31
2023-06-14 09:00:00,882.31,9,2,0,871.7,869.9633333333331,648.83,879.3
2023-06-14 10:00:00,879.3,10,2,0,882.31,877.7699999999999,724.0416666666666,878.43
2023-06-14 11:00:00,878.43,11,2,0,879.3,880.013333333333,797.9733333333334,872.76
2023-06-14 12:00:00,872.76,12,2,0,878.43,876.8299999999998,873.3966666666666,864.77
2023-06-14 13:00:00,864.77,13,2,0,872.76,871.9866666666663,874.8783333333332,879.12
2023-06-14 14:00:00,879.12,14,2,0,864.77,872.2166666666666,876.1149999999999,668.33
2023-06-14 15:00:00,668.33,15,2,0,879.12,804.0733333333332,840.4516666666665,692.47
2023-06-14 16:00:00,692.47,16,2,0,668.33,746.6399999999998,809.3133333333334,679.56
2023-06-14 17:00:00,679.56,17,2,0,692.47,680.1199999999998,776.1683333333334,670.35
2023-06-14 18:00:00,670.35,18,2,0,679.56,680.7933333333332,742.4333333333334,670.11
2023-06-14 19:00:00,670.11,19,2,0,670.35,673.3399999999998,709.9900000000001,674.26
2023-06-14 20:00:00,674.26,20,2,0,670.11,671.5733333333332,675.8466666666667,423.08
2023-06-14 21:00:00,423.08,21,2,0,674.26,589.1499999999997,634.9716666666667,433.93
2023-06-14 22:00:00,433.93,22,2,0,423.08,510.423333333333,591.8816666666667,426.49
2023-06-14 23:00:00,426.49,23,2,0,433.93,427.8333333333331,549.7033333333334,419.15
2023-06-15 00:00:00,419.15,0,3,0,426.49,426.5233333333331,507.8366666666666,440.12
2023-06-15 01:00:00,440.12,1,3,0,419.15,428.5866666666664,469.50500000000005,425.39
2023-06-15 02:00:00,425.39,2,3,0,440.12,428.2199999999998,428.02666666666664,431.15
2023-06-15 03:00:00,431.15,3,3,0,425.39,432.2199999999998,429.37166666666667,420.13
2023-06-15 04:00:00,420.13,4,3,0,431.15,425.5566666666664,427.0716666666667,427.9
2023-06-15 05:00:00,427.9,5,3,0,420.13,426.39333333333315,427.3066666666666,427.49
2023-06-15 06:00:00,427.49,6,3,0,427.9,425.1733333333331,428.69666666666666,859.88
2023-06-15 07:00:00,859.88,7,3,0,427.49,571.7566666666664,498.6566666666666,891.12
2023-06-15 08:00:00,891.12,8,3,0,859.88,726.1633333333331,576.2783333333333,885.33
2023-06-15 09:00:00,885.33,9,3,0,891.12,878.7766666666663,651.975,871.82
2023-06-15 10:00:00,871.82,10,3,0,885.33,882.7566666666665,727.2566666666667,866.18
2023-06-15 11:00:00,866.18,11,3,0,871.82,874.4433333333332,800.3033333333333,877.78
2023-06-15 12:00:00,877.78,12,3,0,866.18,871.9266666666664,875.3516666666668,875.69
2023-06-15 13:00:00,875.69,13,3,0,877.78,873.2166666666664,877.9866666666667,877.85
2023-06-15 14:00:00,877.85,14,3,0,875.69,877.1066666666665,875.7750000000001,676.53
2023-06-15 15:00:00,676.53,15,3,0,877.85,810.0233333333331,840.9749999999999,679.05
2023-06-15 16:00:00,679.05,16,3,0,676.53,744.4766666666665,808.8466666666667,686.58
2023-06-15 17:00:00,686.58,17,3,0,679.05,680.7199999999998,778.9133333333333,679.54
2023-06-15 18:00:00,679.54,18,3,0,686.58,681.723333333333,745.8733333333333,666.6
2023-06-15 19:00:00,666.6,19,3,0,679.54,677.5733333333332,711.025,685.9
2023-06-15 20:00:00,685.9,20,3,0,666.6,677.3466666666665,679.0333333333333,438.12
2023-06-15 21:00:00,438.12,21,3,0,685.9,596.8733333333331,639.2983333333333,450.22
2023-06-15 22:00:00,450.22,22,3,0,438.12,524.7466666666664,601.16,416.01
2023-06-15 23:00:00,416.01,23,3,0,450.22,434.78333333333313,556.0649999999999,426.94
2023-06-16 00:00:00,426.94,0,4,0,416.01,431.05666666666644,513.965,408.34
2023-06-16 01:00:00,408.34,1,4,0,426.94,417.0966666666664,470.9216666666667,429.43
2023-06-16 02:00:00,429.43,2,4,0,408.34,421.56999999999977,428.1766666666667,420.61
2023-06-16 03:00:00,420.61,3,4,0,429.43,419.45999999999975,425.2583333333334,440.39
2023-06-16 04:00:00,440.39,4,4,0,420.61,430.14333333333315,423.61999999999995,418.8
2023-06-16 05:00:00,418.8,5,4,0,440.39,426.59999999999974,424.08500000000004,411.49
2023-06-16 06:00:00,411.49,6,4,0,418.8,423.5599999999998,421.51,871.23
2023-06-16 07:00:00,871.23,7,4,0,411.49,567.1733333333331,498.6583333333333,859.2
2023-06-16 08:00:00,859.2,8,4,0,871.23,713.973333333333,570.2866666666667,881.01
2023-06-16 09:00:00,881.01,9,4,0,859.2,870.4799999999999,647.02,858.48
2023-06-16 10:00:00,858.48,10,4,0,881.01,866.2299999999999,716.7016666666667,875.23
2023-06-16 11:00:00,875.23,11,4,0,858.48,871.5733333333332,792.7733333333334,858.38
2023-06-16 12:00:00,858.38,12,4,0,875.23,864.0299999999997,867.2550000000001,872.44
2023-06-16 13:00:00,872.44,13,4,0,858.38,868.683333333333,867.4566666666666,888.15
2023-06-16 14:00:00,888.15,14,4,0,872.44,872.9899999999998,872.2816666666666,677.89
2023-06-16 15:00:00,677.89,15,4,0,888.15,812.8266666666664,838.4283333333333,668.09
2023-06-16 16:00:00,668.09,16,4,0,677.89,744.7099999999997,806.6966666666667,674.75
2023-06-16 17:00:00,674.75,17,4,0,668.09,673.5766666666665,773.2833333333333,675.14
2023-06-16 18:00:00,675.14,18,4,0,674.75,672.6599999999997,742.7433333333333,678.78
2023-06-16 19:00:00,678.78,19,4,0,675.14,676.223333333333,710.4666666666667,664.07
2023-06-16 20:00:00,664.07,20,4,0,678.78,672.6633333333331,673.12,429.74
2023-06-16 21:00:00,429.74,21,4,0,664.07,590.8633333333331,631.7616666666667,403.36
2023-06-16 22:00:00,403.36,22,4,0,429.74,499.05666666666656,587.64,419.96
2023-06-16 23:00:00,419.96,23,4,0,403.36,417.68666666666644,545.175,341.09
2023-06-17 00:00:00,341.09,0,5,1,419.96,388.1366666666665,489.5,350.07
2023-06-17 01:00:00,350.07,1,5,1,341.09,370.37333333333305,434.7150000000001,345.18
2023-06-17 02:00:00,345.18,2,5,1,350.07,345.44666666666643,381.56666666666666,333.76
2023-06-17 03:00:00,333.76,3,5,1,345.18,343.0033333333331,365.57,337.12
2023-06-17 04:00:00,337.12,4,5,1,333.76,338.68666666666644,354.53,346.59
2023-06-17 05:00:00,346.59,5,5,1,337.12,339.15666666666647,342.3016666666667,344.37
2023-06-17 06:00:00,344.37,6,5,1,346.59,342.6933333333331,342.84833333333336,790.37
2023-06-17 07:00:00,790.37,7,5,1,344.37,493.7766666666665,416.23166666666674,791.15
2023-06-17 08:00:00,791.15,8,5,1,790.37,641.9633333333331,490.55999999999995,800.57
2023-06-17 09:00:00,800.57,9,5,1,791.15,794.0299999999997,568.3616666666667,790.86
2023-06-17 10:00:00,790.86,10,5,1,800.57,794.1933333333332,643.985,794.3
2023-06-17 11:00:00,794.3,11,5,1,790.86,795.2433333333332,718.6033333333334,812.36
2023-06-17 12:00:00,812.36,12,5,1,794.3,799.1733333333332,796.6016666666668,783.61
2023-06-17 13:00:00,783.61,13,5,1,812.36,796.7566666666665,795.475,780.19
2023-06-17 14:00:00,780.19,14,5,1,783.61,792.0533333333333,793.6483333333334,601.27
2023-06-17 15:00:00,601.27,15,5,1,780.19,721.6899999999999,760.4316666666667,589.57
2023-06-17 16:00:00,589.57,16,5,1,601.27,657.0099999999998,726.8833333333333,592.45
2023-06-17 17:00:00,592.45,17,5,1,589.57,594.4299999999998,693.2416666666668,588.75
2023-06-17 18:00:00,588.75,18,5,1,592.45,590.2566666666665,655.9733333333334,592.92
2023-06-17 19:00:00,592.92,19,5,1,588.75,591.3733333333331,624.1916666666667,607.79
2023-06-17 20:00:00,607.79,20,5,1,592.92,596.4866666666665,595.4583333333334,351.42
2023-06-17 21:00:00,351.42,21,5,1,607.79,517.3766666666664,553.8166666666667,351.9
2023-06-17 22:00:00,351.9,22,5,1,351.42,437.03666666666646,514.2049999999999,333.67
2023-06-17 23:00:00,333.67,23,5,1,351.9,345.6633333333331,471.075,335.79
2023-06-18 00:00:00,335.79,0,6,1,333.67,340.45333333333315,428.91499999999996,322.29
2023-06-18 01:00:00,322.29,1,6,1,335.79,330.5833333333332,383.80999999999995,338.52
2023-06-18 02:00:00,338.52,2,6,1,322.29,332.1999999999998,338.9316666666667,352.65
2023-06-18 03:00:00,352.65,3,6,1,338.52,337.8199999999998,339.1366666666667,349.14
2023-06-18 04:00:00,349.14,4,6,1,352.65,346.7699999999998,338.6766666666667,343.23
2023-06-18 05:00:00,343.23,5,6,1,349.14,348.33999999999986,340.27,344.82
2023-06-18 06:00:00,344.82,6,6,1,343.23,345.7299999999998,341.77500000000003,789.49
2023-06-18 07:00:00,789.49,7,6,1,344.82,492.51333333333315,419.64166666666665,796.64
2023-06-18 08:00:00,796.64,8,6,1,789.49,643.6499999999997,495.99499999999995,801.13
2023-06-18 09:00:00,801.13,9,6,1,796.64,795.7533333333331,570.7416666666667,782.07
2023-06-18 10:00:00,782.07,10,6,1,801.13,793.2799999999997,642.8966666666666,797.4
2023-06-18 11:00:00,797.4,11,6,1,782.07,793.5333333333332,718.5916666666667,802.46
2023-06-18 12:00:00,802.46,12,6,1,797.4,793.9766666666665,794.8649999999999,791.68
2023-06-18 13:00:00,791.68,13,6,1,802.46,797.1799999999997,795.23,800.61
2023-06-18 14:00:00,800.61,14,6,1,791.68,798.2499999999999,795.8916666666668,617.52
2023-06-18 15:00:00,617.52,15,6,1,800.61,736.6033333333331,765.29,594.17
2023-06-18 16:00:00,594.17,16,6,1,617.52,670.7666666666665,733.9733333333334,598.15
2023-06-18 17:00:00,598.15,17,6,1,594.17,603.2799999999997,700.765,589.1
2023-06-18 18:00:00,589.1,18,6,1,598.15,593.8066666666665,665.205,596.45
2023-06-18 19:00:00,596.45,19,6,1,589.1,594.5666666666665,632.6666666666666,598.68
2023-06-18 20:00:00,598.68,20,6,1,596.45,594.7433333333332,599.0116666666667,346.56
2023-06-18 21:00:00,346.56,21,6,1,598.68,513.8966666666665,553.8516666666667,336.84
2023-06-18 22:00:00,336.84,22,6,1,346.56,427.35999999999984,510.96333333333337,346.65
2023-06-18 23:00:00,346.65,23,6,1,336.84,343.34999999999974,469.0466666666666,436.7
2023-06-19 00:00:00,436.7,0,0,0,346.65,373.3966666666665,443.6466666666667,428.59
2023-06-19 01:00:00,428.59,1,0,0,436.7,403.9799999999998,415.6699999999999,432.7
2023-06-19 02:00:00,432.7,2,0,0,428.59,432.6633333333331,388.00666666666666,423.1
2023-06-19 03:00:00,423.1,3,0,0,432.7,428.1299999999998,400.7633333333333,431.0
2023-06-19 04:00:00,431.0,4,0,0,423.1,428.93333333333317,416.45666666666665,427.23
2023-06-19 05:00:00,427.23,5,0,0,431.0,427.10999999999984,429.8866666666667,417.39
2023-06-19 06:00:00,417.39,6,0,0,427.23,425.2066666666665,426.6683333333333,877.55
2023-06-19 07:00:00,877.55,7,0,0,417.39,574.0566666666665,501.49500000000006,867.07
2023-06-19 08:00:00,867.07,8,0,0,877.55,720.6699999999997,573.89,869.94
2023-06-19 09:00:00,869.94,9,0,0,867.07,871.5199999999999,648.3633333333333,876.51
2023-06-19 10:00:00,876.51,10,0,0,869.94,871.1733333333332,722.6150000000001,877.38
2023-06-19 11:00:00,877.38,11,0,0,876.51,874.6099999999997,797.64,865.49
2023-06-19 12:00:00,865.49,12,0,0,877.38,873.1266666666664,872.3233333333333,883.43
2023-06-19 13:00:00,883.43,13,0,0,865.49,875.433333333333,873.3033333333333,879.58
2023-06-19 14:00:00,879.58,14,0,0,883.43,876.1666666666664,875.3883333333333,669.36
2023-06-19 15:00:00,669.36,15,0,0,879.58,810.7899999999998,841.9583333333334,662.7
2023-06-19 16:00:00,662.7,16,0,0,669.36,737.2133333333331,806.3233333333334,673.84
2023-06-19 17:00:00,673.84,17,0,0,662.7,668.6333333333331,772.4,671.43
2023-06-19 18:00:00,671.43,18,0,0,673.84,669.3233333333332,740.0566666666667,675.91
2023-06-19 19:00:00,675.91,19,0,0,671.43,673.7266666666663,705.4699999999999,672.1
2023-06-19 20:00:00,672.1,20,0,0,675.91,673.1466666666664,670.89,408.94
2023-06-19 21:00:00,408.94,21,0,0,672.1,585.6499999999997,627.4866666666667,421.89
2023-06-19 22:00:00,421.89,22,0,0,408.94,500.97666666666646,587.3516666666667,422.56
2023-06-19 23:00:00,422.56,23,0,0,421.89,417.79666666666645,545.4716666666667,430.07
2023-06-20 00:00:00,430.07,0,1,0,422.56,424.83999999999975,505.24500000000006,419.41
2023-06-20 01:00:00,419.41,1,1,0,430.07,424.01333333333315,462.49500000000006,438.43
2023-06-20 02:00:00,438.43,2,1,0,419.41,429.3033333333331,423.54999999999995,409.71
2023-06-20 03:00:00,409.71,3,1,0,438.43,422.5166666666664,423.6783333333333,435.49
2023-06-20 04:00:00,435.49,4,1,0,409.71,427.8766666666664,425.945,423.21
2023-06-20 05:00:00,423.21,5,1,0,435.49,422.80333333333306,426.05333333333334,431.88
2023-06-20 06:00:00,431.88,6,1,0,423.21,430.1933333333331,426.35499999999996,875.64
2023-06-20 07:00:00,875.64,7,1,0,431.88,576.9099999999997,502.39333333333326,884.12
2023-06-20 08:00:00,884.12,8,1,0,875.64,730.5466666666665,576.6750000000001,871.9
2023-06-20 09:00:00,871.9,9,1,0,884.12,877.2199999999998,653.7066666666666,866.21
2023-06-20 10:00:00,866.21,10,1,0,871.9,874.0766666666665,725.4933333333333,886.36
2023-06-20 11:00:00,886.36,11,1,0,866.21,874.8233333333332,802.685,874.09
2023-06-20 12:00:00,874.09,12,1,0,886.36,875.5533333333332,876.3866666666667,876.77
2023-06-20 13:00:00,876.77,13,1,0,874.09,879.0733333333332,876.5750000000002,884.88
2023-06-20 14:00:00,884.88,14,1,0,876.77,878.5799999999998,876.7016666666667,666.74
2023-06-20 15:00:00,666.74,15,1,0,884.88,809.4633333333331,842.5083333333333,679.76
2023-06-20 16:00:00,679.76,16,1,0,666.74,743.7933333333331,811.4333333333333,670.28
2023-06-20 17:00:00,670.28,17,1,0,679.76,672.2599999999998,775.4200000000001,673.94
2023-06-20 18:00:00,673.94,18,1,0,670.28,674.6599999999999,742.0616666666666,675.58
2023-06-20 19:00:00,675.58,19,1,0,673.94,673.2666666666664,708.5300000000001,663.0
2023-06-20 20:00:00,663.0,20,1,0,675.58,670.8399999999998,671.5500000000001,418.77
2023-06-20 21:00:00,418.77,21,1,0,663.0,585.7833333333332,630.2216666666667,435.81
2023-06-20 22:00:00,435.81,22,1,0,418.77,505.85999999999973,589.5633333333334,432.09
2023-06-20 23:00:00,432.09,23,1,0,435.81,428.8899999999997,549.865,424.5
2023-06-21 00:00:00,424.5,0,2,0,432.09,430.7999999999997,508.2916666666667,426.94
2023-06-21 01:00:00,426.94,1,2,0,424.5,427.8433333333331,466.8516666666667,422.65
2023-06-21 02:00:00,422.65,2,2,0,426.94,424.69666666666643,426.7933333333333,435.85
2023-06-21 03:00:00,435.85,3,2,0,422.65,428.4799999999998,429.63999999999993,423.4
2023-06-21 04:00:00,423.4,4,2,0,435.85,427.2999999999997,427.57166666666666,426.85
2023-06-21 05:00:00,426.85,5,2,0,423.4,428.6999999999998,426.6983333333333,434.17
2023-06-21 06:00:00,434.17,6,2,0,426.85,428.1399999999997,428.31,868.78
2023-06-21 07:00:00,868.78,7,2,0,434.17,576.5999999999998,501.95,887.47
2023-06-21 08:00:00,887.47,8,2,0,868.78,730.1399999999998,579.42,862.76
2023-06-21 09:00:00,862.76,9,2,0,887.47,873.0033333333331,650.5716666666667,888.04
2023-06-21 10:00:00,888.04,10,2,0,862.76,879.4233333333332,728.0116666666667,872.02
2023-06-21 11:00:00,872.02,11,2,0,888.04,874.2733333333331,802.2066666666666,873.06
2023-06-21 12:00:00,873.06,12,2,0,872.02,877.7066666666665,875.355,859.88
2023-06-21 13:00:00,859.88,13,2,0,873.06,868.3199999999997,873.8716666666668,871.36
2023-06-21 14:00:00,871.36,14,2,0,859.88,868.0999999999998,871.1866666666666,666.68
2023-06-21 15:00:00,666.68,15,2,0,871.36,799.3066666666664,838.5066666666667,670.14
2023-06-21 16:00:00,670.14,16,2,0,666.68,736.0599999999998,802.1899999999999,673.9
2023-06-21 17:00:00,673.9,17,2,0,670.14,670.2399999999997,769.1700000000001,682.66
2023-06-21 18:00:00,682.66,18,2,0,673.9,675.5666666666665,737.4366666666666,676.66
2023-06-21 19:00:00,676.66,19,2,0,682.66,677.7399999999998,706.9,677.46
2023-06-21 20:00:00,677.46,20,2,0,676.66,678.9266666666664,674.5833333333334,416.24
2023-06-21 21:00:00,416.24,21,2,0,677.46,590.1199999999998,632.8433333333334,417.95
2023-06-21 22:00:00,417.95,22,2,0,416.24,503.88333333333316,590.8116666666667,439.39
2023-06-21 23:00:00,439.39,23,2,0,417.95,424.5266666666664,551.7266666666667,419.12
2023-06-22 00:00:00,419.12,0,3,0,439.39,425.48666666666645,507.8033333333333,438.25
2023-06-22 01:00:00,438.25,1,3,0,419.12,432.2533333333331,468.0683333333333,423.06
2023-06-22 02:00:00,423.06,2,3,0,438.25,426.8099999999998,425.6683333333333,425.02
2023-06-22 03:00:00,425.02,3,3,0,423.06,428.7766666666664,427.13166666666666,433.56
2023-06-22 04:00:00,433.56,4,3,0,425.02,427.2133333333331,429.7333333333333,435.18
2023-06-22 05:00:00,435.18,5,3,0,433.56,431.2533333333331,429.0316666666667,424.11
2023-06-22 06:00:00,424.11,6,3,0,435.18,430.9499999999998,429.8633333333334,871.89
2023-06-22 07:00:00,871.89,7,3,0,424.11,577.0599999999998,502.1366666666667,874.55
2023-06-22 08:00:00,874.55,8,3,0,871.89,723.5166666666664,577.385,877.7
2023-06-22 09:00:00,877.7,9,3,0,874.55,874.7133333333331,652.8316666666667,882.13
2023-06-22 10:00:00,882.13,10,3,0,877.7,878.1266666666664,727.5933333333334,875.03
2023-06-22 11:00:00,875.03,11,3,0,882.13,878.2866666666664,800.9016666666666,879.95
2023-06-22 12:00:00,879.95,12,3,0,875.03,879.0366666666664,876.875,888.11
2023-06-22 13:00:00,888.11,13,3,0,879.95,881.0299999999997,879.5783333333334,878.05
2023-06-22 14:00:00,878.05,14,3,0,888.11,882.0366666666665,880.1616666666665,677.49
2023-06-22 15:00:00,677.49,15,3,0,878.05,814.5499999999997,846.7933333333334,662.85
2023-06-22 16:00:00,662.85,16,3,0,677.49,739.4633333333331,810.2466666666666,653.95
2023-06-22 17:00:00,653.95,17,3,0,662.85,664.7633333333332,773.4,678.11
2023-06-22 18:00:00,678.11,18,3,0,653.95,664.9699999999998,739.7600000000001,674.24
2023-06-22 19:00:00,674.24,19,3,0,678.11,668.7666666666665,704.1150000000001,670.88
2023-06-22 20:00:00,670.88,20,3,0,674.24,674.4099999999999,669.5866666666667,426.95
2023-06-22 21:00:00,426.95,21,3,0,670.88,590.6899999999997,627.83,424.52
2023-06-22 22:00:00,424.52,22,3,0,426.95,507.44999999999976,588.1083333333333,434.02
2023-06-22 23:00:00,434.02,23,3,0,424.52,428.49666666666644,551.4533333333333,425.69
2023-06-23 00:00:00,425.69,0,4,0,434.02,428.07666666666637,509.38333333333327,419.02
2023-06-23 01:00:00,419.02,1,4,0,425.69,426.24333333333306,466.84666666666664,432.92
2023-06-23 02:00:00,432.92,2,4,0,419.02,425.8766666666664,427.18666666666667,423.26
2023-06-23 03:00:00,423.26,3,4,0,432.92,425.06666666666644,426.5716666666667,429.21
2023-06-23 04:00:00,429.21,4,4,0,423.26,428.46333333333314,427.3533333333333,421.18
2023-06-23 05:00:00,421.18,5,4,0,429.21,424.5499999999997,425.21333333333337,419.8
2023-06-23 06:00:00,419.8,6,4,0,421.18,423.39666666666636,424.23166666666674,875.67
2023-06-23 07:00:00,875.67,7,4,0,419.8,572.2166666666664,500.34,875.1
2023-06-23 08:00:00,875.1,8,4,0,875.67,723.5233333333331,574.0366666666667,878.84
2023-06-23 09:00:00,878.84,9,4,0,875.1,876.5366666666664,649.9666666666666,872.85
2023-06-23 10:00:00,872.85,10,4,0,878.84,875.5966666666664,723.9066666666668,860.31
2023-06-23 11:00:00,860.31,11,4,0,872.85,870.6666666666664,797.0949999999999,871.54
2023-06-23 12:00:00,871.54,12,4,0,860.31,868.233333333333,872.3849999999999,881.35
2023-06-23 13:00:00,881.35,13,4,0,871.54,871.0666666666665,873.3316666666666,872.62
2023-06-23 14:00:00,872.62,14,4,0,881.35,875.1699999999997,872.9183333333334,673.03
2023-06-23 15:00:00,673.03,15,4,0,872.62,808.9999999999997,838.6166666666667,682.89
2023-06-23 16:00:00,682.89,16,4,0,673.03,742.8466666666665,806.9566666666666,669.3
2023-06-23 17:00:00,669.3,17,4,0,682.89,675.0733333333332,775.1216666666668,662.66
2023-06-23 18:00:00,662.66,18,4,0,669.3,671.6166666666664,740.3083333333334,673.71
2023-06-23 19:00:00,673.71,19,4,0,662.66,668.5566666666664,705.7016666666667,671.13
2023-06-23 20:00:00,671.13,20,4,0,673.71,669.1666666666665,672.12,417.27
2023-06-23 21:00:00,417.27,21,4,0,671.13,587.3699999999998,629.4933333333332,423.6
2023-06-23 22:00:00,423.6,22,4,0,417.27,503.9999999999998,586.2783333333333,428.93
2023-06-23 23:00:00,428.93,23,4,0,423.6,423.2666666666664,546.2166666666667,344.93
2023-06-24 00:00:00,344.93,0,5,1,428.93,399.15333333333314,493.2616666666667,347.46
2023-06-24 01:00:00,347.46,1,5,1,344.93,373.7733333333331,438.8866666666666,359.51
2023-06-24 02:00:00,359.51,2,5,1,347.46,350.63333333333304,386.95000000000005,342.26
2023-06-24 03:00:00,342.26,3,5,1,359.51,349.7433333333331,374.4483333333333,347.23
2023-06-24 04:00:00,347.23,4,5,1,342.26,349.66666666666646,361.72,340.93
2023-06-24 05:00:00,340.93,5,5,1,347.23,343.4733333333331,347.0533333333333,338.23
2023-06-24 06:00:00,338.23,6,5,1,340.93,342.1299999999998,345.93666666666667,790.32
2023-06-24 07:00:00,790.32,7,5,1,338.23,489.8266666666664,419.74666666666667,791.17
2023-06-24 08:00:00,791.17,8,5,1,790.32,639.9066666666664,491.69,797.88
2023-06-24 09:00:00,797.88,9,5,1,791.17,793.123333333333,567.6266666666667,813.79
2023-06-24 10:00:00,813.79,10,5,1,797.88,800.9466666666664,645.3866666666667,789.27
2023-06-24 11:00:00,789.27,11,5,1,813.79,800.313333333333,720.11,791.67
2023-06-24 12:00:00,791.67,12,5,1,789.27,798.243333333333,795.6833333333333,794.5
2023-06-24 13:00:00,794.5,13,5,1,791.67,791.813333333333,796.38,798.17
2023-06-24 14:00:00,798.17,14,5,1,794.5,794.7799999999997,797.5466666666666,597.11
2023-06-24 15:00:00,597.11,15,5,1,798.17,729.9266666666664,764.085,605.27
2023-06-24 16:00:00,605.27,16,5,1,597.11,666.8499999999998,729.3316666666666,575.59
2023-06-24 17:00:00,575.59,17,5,1,605.27,592.6566666666664,693.7183333333332,575.9
2023-06-24 18:00:00,575.9,18,5,1,575.59,585.5866666666665,657.7566666666667,591.03
2023-06-24 19:00:00,591.03,19,5,1,575.9,580.8399999999997,623.8449999999999,603.78
2023-06-24 20:00:00,603.78,20,5,1,591.03,590.2366666666663,591.4466666666667,332.47
2023-06-24 21:00:00,332.47,21,5,1,603.78,509.0933333333331,547.34,320.94
2023-06-24 22:00:00,320.94,22,5,1,332.47,419.0633333333331,499.95166666666665,349.57
2023-06-24 23:00:00,349.57,23,5,1,320.94,334.3266666666664,462.2816666666666,346.95
2023-06-25 00:00:00,346.95,0,6,1,349.57,339.15333333333314,424.1233333333334,336.28
2023-06-25 01:00:00,336.28,1,6,1,346.95,344.2666666666664,381.66499999999996,337.12
2023-06-25 02:00:00,337.12,2,6,1,336.28,340.1166666666664,337.22166666666664,337.24
2023-06-25 03:00:00,337.24,3,6,1,337.12,336.8799999999997,338.01666666666665,345.88
2023-06-25 04:00:00,345.88,4,6,1,337.24,340.07999999999976,342.17333333333335,339.99
2023-06-25 05:00:00,339.99,5,6,1,345.88,341.03666666666646,340.57666666666665,348.95
2023-06-25 06:00:00,348.95,6,6,1,339.99,344.93999999999977,340.91,772.16
2023-06-25 07:00:00,772.16,7,6,1,348.95,487.0333333333331,413.5566666666667,788.15
2023-06-25 08:00:00,788.15,8,6,1,772.16,636.4199999999997,488.7283333333333,785.99
2023-06-25 09:00:00,785.99,9,6,1,788.15,782.0999999999998,563.52,792.95
2023-06-25 10:00:00,792.95,10,6,1,785.99,789.0299999999997,638.0316666666666,790.7
2023-06-25 11:00:00,790.7,11,6,1,792.95,789.8799999999998,713.15,801.38
2023-06-25 12:00:00,801.38,12,6,1,790.7,795.0099999999999,788.555,780.13
2023-06-25 13:00:00,780.13,13,6,1,801.38,790.7366666666663,789.8833333333333,795.36
2023-06-25 14:00:00,795.36,14,6,1,780.13,792.2899999999998,791.085,599.47
2023-06-25 15:00:00,599.47,15,6,1,795.36,724.9866666666663,759.9983333333333,609.85
2023-06-25 16:00:00,609.85,16,6,1,599.47,668.2266666666665,729.4816666666667,591.15
2023-06-25 17:00:00,591.15,17,6,1,609.85,600.1566666666664,696.2233333333334,597.6
2023-06-25 18:00:00,597.6,18,6,1,591.15,599.5333333333332,662.26,580.57
2023-06-25 19:00:00,580.57,19,6,1,597.6,589.7733333333332,629.0,575.86
2023-06-25 20:00:00,575.86,20,6,1,580.57,584.6766666666664,592.4166666666666,351.76
2023-06-25 21:00:00,351.76,21,6,1,575.86,502.72999999999985,551.1316666666667,344.96
2023-06-25 22:00:00,344.96,22,6,1,351.76,424.1933333333331,506.98333333333335,354.43
2023-06-25 23:00:00,354.43,23,6,1,344.96,350.38333333333304,467.53,414.01
2023-06-26 00:00:00,414.01,0,0,0,354.43,371.13333333333304,436.9316666666667,429.16
2023-06-26 01:00:00,429.16,1,0,0,414.01,399.19999999999976,411.69666666666666,439.95
2023-06-26 02:00:00,439.95,2,0,0,429.16,427.7066666666665,389.045,428.36
2023-06-26 03:00:00,428.36,3,0,0,439.95,432.4899999999998,401.81166666666667,427.21
2023-06-26 04:00:00,427.21,4,0,0,428.36,431.83999999999975,415.52,425.07
2023-06-26 05:00:00,425.07,5,0,0,427.21,426.8799999999998,427.2933333333333,412.43
2023-06-26 06:00:00,412.43,6,0,0,425.07,421.56999999999977,427.03,885.84
2023-06-26 07:00:00,885.84,7,0,0,412.43,574.4466666666664,503.1433333333334,870.11
2023-06-26 08:00:00,870.11,8,0,0,885.84,722.7933333333331,574.8366666666667,879.04
2023-06-26 09:00:00,879.04,9,0,0,870.11,878.3299999999998,649.9499999999999,862.5
2023-06-26 10:00:00,862.5,10,0,0,879.04,870.5499999999997,722.4983333333333,865.56
2023-06-26 11:00:00,865.56,11,0,0,862.5,869.033333333333,795.9133333333333,886.48
2023-06-26 12:00:00,886.48,12,0,0,865.56,871.513333333333,874.9216666666666,872.22
2023-06-26 13:00:00,872.22,13,0,0,886.48,874.7533333333331,872.6516666666668,886.63
2023-06-26 14:00:00,886.63,14,0,0,872.22,881.7766666666663,875.4050000000001,674.37
2023-06-26 15:00:00,674.37,15,0,0,886.63,811.0733333333332,841.2933333333334,660.26
2023-06-26 16:00:00,660.26,16,0,0,674.37,740.4199999999997,807.5866666666666,682.14
2023-06-26 17:00:00,682.14,17,0,0,660.26,672.2566666666664,777.0166666666668,670.28
2023-06-26 18:00:00,670.28,18,0,0,682.14,670.8933333333331,740.9833333333332,680.59
2023-06-26 19:00:00,680.59,19,0,0,670.28,677.6699999999997,709.0450000000001,675.2
2023-06-26 20:00:00,675.2,20,0,0,680.59,675.3566666666665,673.8066666666667,412.66
2023-06-26 21:00:00,412.66,21,0,0,675.2,589.4833333333331,630.1883333333334,426.31
2023-06-26 22:00:00,426.31,22,0,0,412.66,504.7233333333331,591.1966666666666,442.57
2023-06-26 23:00:00,442.57,23,0,0,426.31,427.1799999999998,551.2683333333333,428.94
2023-06-27 00:00:00,428.94,0,1,0,442.57,432.6066666666664,511.045,424.54
2023-06-27 01:00:00,424.54,1,1,0,428.94,432.0166666666664,468.37000000000006,433.6
2023-06-27 02:00:00,433.6,2,1,0,424.54,429.0266666666665,428.1033333333333,426.69
2023-06-27 03:00:00,426.69,3,1,0,433.6,428.2766666666665,430.44166666666666,426.68
2023-06-27 04:00:00,426.68,4,1,0,426.69,428.9899999999998,430.50333333333333,416.27
2023-06-27 05:00:00,416.27,5,1,0,426.68,423.2133333333331,426.11999999999995,426.87
2023-06-27 06:00:00,426.87,6,1,0,416.27,423.2733333333331,425.77500000000003,883.28
2023-06-27 07:00:00,883.28,7,1,0,426.87,575.473333333333,502.2316666666666,868.31
2023-06-27 08:00:00,868.31,8,1,0,883.28,726.1533333333331,574.6833333333333,886.4
2023-06-27 09:00:00,886.4,9,1,0,868.31,879.3299999999998,651.3016666666666,874.27
2023-06-27 10:00:00,874.27,10,1,0,886.4,876.3266666666664,725.9,867.9
2023-06-27 11:00:00,867.9,11,1,0,874.27,876.1899999999997,801.1716666666666,882.98
2023-06-27 12:00:00,882.98,12,1,0,867.9,875.0499999999997,877.19,872.71
2023-06-27 13:00:00,872.71,13,1,0,882.98,874.5299999999997,875.4283333333334,881.08
2023-06-27 14:00:00,881.08,14,1,0,872.71,878.9233333333332,877.5566666666667,672.67
2023-06-27 15:00:00,672.67,15,1,0,881.08,808.8199999999997,841.9350000000001,674.52
2023-06-27 16:00:00,674.52,16,1,0,672.67,742.7566666666665,808.6433333333333,678.95
2023-06-27 17:00:00,678.95,17,1,0,674.52,675.3799999999998,777.1516666666666,677.33
2023-06-27 18:00:00,677.33,18,1,0,678.95,676.933333333333,742.8766666666667,659.04
2023-06-27 19:00:00,659.04,19,1,0,677.33,671.7733333333331,707.265,666.03
2023-06-27 20:00:00,666.03,20,1,0,659.04,667.4666666666664,671.4233333333333,432.44
2023-06-27 21:00:00,432.44,21,1,0,666.03,585.8366666666665,631.385,423.94
2023-06-27 22:00:00,423.94,22,1,0,432.44,507.4699999999998,589.6216666666666,420.81
2023-06-27 23:00:00,420.81,23,1,0,423.94,425.7299999999998,546.5983333333334,414.13
2023-06-28 00:00:00,414.13,0,2,0,420.81,419.6266666666664,502.7316666666666,416.36
2023-06-28 01:00:00,416.36,1,2,0,414.13,417.09999999999974,462.285,408.83
2023-06-28 02:00:00,408.83,2,2,0,416.36,413.1066666666664,419.4183333333333,424.19
2023-06-28 03:00:00,424.19,3,2,0,408.83,416.45999999999975,418.0433333333333,420.21
2023-06-28 04:00:00,420.21,4,2,0,424.19,417.7433333333331,417.4216666666666,417.27
2023-06-28 05:00:00,417.27,5,2,0,420.21,420.5566666666664,416.83166666666665,424.46
2023-06-28 06:00:00,424.46,6,2,0,417.27,420.64666666666636,418.55333333333334,877.91
2023-06-28 07:00:00,877.91,7,2,0,424.46,573.2133333333331,495.4783333333333,891.75
2023-06-28 08:00:00,891.75,8,2,0,877.91,731.3733333333331,575.965,862.9
2023-06-28 09:00:00,862.9,9,2,0,891.75,877.5199999999999,649.0833333333334,884.28
2023-06-28 10:00:00,884.28,10,2,0,862.9,879.6433333333331,726.4283333333333,882.78
2023-06-28 11:00:00,882.78,11,2,0,884.28,876.6533333333331,804.0133333333333,868.77
2023-06-28 12:00:00,868.77,12,2,0,882.78,878.6099999999997,878.0649999999999,876.63
2023-06-28 13:00:00,876.63,13,2,0,868.77,876.0599999999998,877.8516666666666,871.34
2023-06-28 14:00:00,871.34,14,2,0,876.63,872.2466666666664,874.4499999999999,676.49
2023-06-28 15:00:00,676.49,15,2,0,871.34,808.1533333333331,843.3816666666667,687.07
2023-06-28 16:00:00,687.07,16,2,0,676.49,744.9666666666666,810.5133333333333,679.84
2023-06-28 17:00:00,679.84,17,2,0,687.07,681.1333333333331,776.69,679.07
2023-06-28 18:00:00,679.07,18,2,0,679.84,681.9933333333332,745.0733333333334,671.56
2023-06-28 19:00:00,671.56,19,2,0,679.07,676.8233333333332,710.895,663.13
2023-06-28 20:00:00,663.13,20,2,0,671.56,671.2533333333331,676.1933333333334,423.33
2023-06-28 21:00:00,423.33,21,2,0,663.13,586.0066666666664,634.0,434.65
2023-06-28 22:00:00,434.65,22,2,0,423.33,507.03666666666646,591.9300000000001,412.78
2023-06-28 23:00:00,412.78,23,2,0,434.65,423.5866666666664,547.42,416.56
2023-06-29 00:00:00,416.56,0,3,0,412.78,421.32999999999976,503.6683333333333,426.01
2023-06-29 01:00:00,426.01,1,3,0,416.56,418.4499999999998,462.74333333333334,417.12
2023-06-29 02:00:00,417.12,2,3,0,426.01,419.8966666666665,421.7416666666666,418.66
2023-06-29 03:00:00,418.66,3,3,0,417.12,420.5966666666665,420.9633333333333,421.61
2023-06-29 04:00:00,421.61,4,3,0,418.66,419.1299999999998,418.78999999999996,414.08
2023-06-29 05:00:00,414.08,5,3,0,421.61,418.1166666666665,419.00666666666666,417.21
2023-06-29 06:00:00,417.21,6,3,0,414.08,417.63333333333316,419.115,880.63
2023-06-29 07:00:00,880.63,7,3,0,417.21,570.6399999999998,494.885,864.54
2023-06-29 08:00:00,864.54,8,3,0,880.63,720.7933333333331,569.455,862.22
2023-06-29 09:00:00,862.22,9,3,0,864.54,869.1299999999998,643.3816666666667,869.96
2023-06-29 10:00:00,869.96,10,3,0,862.22,865.5733333333332,718.1066666666667,880.86
2023-06-29 11:00:00,880.86,11,3,0,869.96,871.0133333333332,795.9033333333333,873.42
2023-06-29 12:00:00,873.42,12,3,0,880.86,874.7466666666664,871.9383333333334,871.28
2023-06-29 13:00:00,871.28,13,3,0,873.42,875.1866666666665,870.38,875.35
2023-06-29 14:00:00,875.35,14,3,0,871.28,873.3499999999998,872.1816666666667,661.03
2023-06-29 15:00:00,661.03,15,3,0,875.35,802.5533333333332,838.65,678.96
2023-06-29 16:00:00,678.96,16,3,0,661.03,738.4466666666664,806.8166666666666,678.07
2023-06-29 17:00:00,678.07,17,3,0,678.96,672.6866666666665,773.0183333333334,671.73
2023-06-29 18:00:00,671.73,18,3,0,678.07,676.2533333333331,739.4033333333333,683.05
2023-06-29 19:00:00,683.05,19,3,0,671.73,677.6166666666664,708.0316666666668,665.98
2023-06-29 20:00:00,665.98,20,3,0,683.05,673.5866666666665,673.1366666666667,434.02
2023-06-29 21:00:00,434.02,21,3,0,665.98,594.3499999999998,635.3016666666667,426.24
2023-06-29 22:00:00,426.24,22,3,0,434.02,508.74666666666644,593.1816666666667,422.31
2023-06-29 23:00:00,422.31,23,3,0,426.24,427.5233333333331,550.555,424.84
2023-06-30 00:00:00,424.84,0,4,0,422.31,424.46333333333314,509.4066666666667,424.14
2023-06-30 01:00:00,424.14,1,4,0,424.84,423.7633333333331,466.25500000000005,434.76
2023-06-30 02:00:00,434.76,2,4,0,424.14,427.9133333333331,427.7183333333334,416.39
2023-06-30 03:00:00,416.39,3,4,0,434.76,425.0966666666664,424.78,418.9
2023-06-30 04:00:00,418.9,4,4,0,416.39,423.34999999999974,423.5566666666667,433.29
2023-06-30 05:00:00,433.29,5,4,0,418.9,422.85999999999973,425.3866666666667,420.24
2023-06-30 06:00:00,420.24,6,4,0,433.29,424.14333333333315,424.61999999999995,882.2
2023-06-30 07:00:00,882.2,7,4,0,420.24,578.5766666666665,500.9633333333333,888.6
2023-06-30 08:00:00,888.6,8,4,0,882.2,730.3466666666665,576.6033333333334,871.79
2023-06-30 09:00:00,871.79,9,4,0,888.6,880.8633333333331,652.5033333333333,880.45
2023-06-30 10:00:00,880.45,10,4,0,871.79,880.2799999999997,729.4283333333333,865.77
2023-06-30 11:00:00,865.77,11,4,0,880.45,872.6699999999997,801.5083333333333,881.04
2023-06-30 12:00:00,881.04,12,4,0,865.77,875.7533333333331,878.3083333333334,876.6
2023-06-30 13:00:00,876.6,13,4,0,881.04,874.4699999999998,877.375,878.78
2023-06-30 14:00:00,878.78,14,4,0,876.6,878.8066666666664,875.7383333333333,669.84
2023-06-30 15:00:00,669.84,15,4,0,878.78,808.4066666666664,842.0799999999999,661.71
2023-06-30 16:00:00,661.71,16,4,0,669.84,736.7766666666665,805.6233333333333,679.03
2023-06-30 17:00:00,679.03,17,4,0,661.71,670.1933333333332,774.5,658.49
2023-06-30 18:00:00,658.49,18,4,0,679.03,666.4099999999997,737.4083333333333,672.46
2023-06-30 19:00:00,672.46,19,4,0,658.49,669.9933333333332,703.3849999999999,682.53
2023-06-30 20:00:00,682.53,20,4,0,672.46,671.1599999999997,670.6766666666666,426.54
2023-06-30 21:00:00,426.54,21,4,0,682.53,593.8433333333331,630.1266666666667,440.59
2023-06-30 22:00:00,440.59,22,4,0,426.54,516.5533333333332,593.2733333333333,433.2
2023-06-30 23:00:00,433.2,23,4,0,440.59,433.44333333333316,552.3016666666666,314.77
2023-07-01 00:00:00,314.77,0,5,1,433.2,396.1866666666665,495.01499999999993,320.22
2023-07-01 01:00:00,320.22,1,5,1,314.77,356.0633333333331,436.30833333333334,319.62
2023-07-01 02:00:00,319.62,2,5,1,320.22,318.20333333333315,375.8233333333333,307.34
2023-07-01 03:00:00,307.34,3,5,1,319.62,315.72666666666646,355.95666666666665,312.48
2023-07-01 04:00:00,312.48,4,5,1,307.34,313.1466666666665,334.605,315.51
2023-07-01 05:00:00,315.51,5,5,1,312.48,311.7766666666665,314.99,303.71
2023-07-01 06:00:00,303.71,6,5,1,315.51,310.56666666666644,313.14666666666665,770.38
2023-07-01 07:00:00,770.38,7,5,1,303.71,463.1999999999998,388.17333333333335,768.01
2023-07-01 08:00:00,768.01,8,5,1,770.38,614.0333333333332,462.90500000000003,756.62
2023-07-01 09:00:00,756.62,9,5,1,768.01,765.0033333333331,537.785,773.23
2023-07-01 10:00:00,773.23,10,5,1,756.62,765.9533333333333,614.5766666666667,775.73
2023-07-01 11:00:00,775.73,11,5,1,773.23,768.5266666666665,691.2800000000001,771.82
2023-07-01 12:00:00,771.82,12,5,1,775.73,773.5933333333332,769.2983333333333,767.41
2023-07-01 13:00:00,767.41,13,5,1,771.82,771.6533333333332,768.8033333333333,774.73
2023-07-01 14:00:00,774.73,14,5,1,767.41,771.3199999999998,769.9233333333333,575.44
2023-07-01 15:00:00,575.44,15,5,1,774.73,705.8599999999998,739.7266666666666,572.46
2023-07-01 16:00:00,572.46,16,5,1,575.44,640.8766666666666,706.265,563.4
2023-07-01 17:00:00,563.4,17,5,1,572.46,570.4333333333333,670.8766666666667,572.21
2023-07-01 18:00:00,572.21,18,5,1,563.4,569.3566666666666,637.6083333333335,579.56
2023-07-01 19:00:00,579.56,19,5,1,572.21,571.7233333333332,606.3000000000001,565.23
2023-07-01 20:00:00,565.23,20,5,1,579.56,572.3333333333331,571.3833333333333,336.78
2023-07-01 21:00:00,336.78,21,5,1,565.23,493.8566666666665,531.6066666666667,315.79
2023-07-01 22:00:00,315.79,22,5,1,336.78,405.93333333333317,488.8283333333333,320.26
2023-07-01 23:00:00,320.26,23,5,1,315.79,324.2766666666665,448.305,314.62
2023-07-02 00:00:00,314.62,0,6,1,320.26,316.8899999999999,405.3733333333333,321.79
2023-07-02 01:00:00,321.79,1,6,1,314.62,318.8899999999999,362.4116666666667,306.06
2023-07-02 02:00:00,306.06,2,6,1,321.79,314.1566666666665,319.21666666666664,315.63
2023-07-02 03:00:00,315.63,3,6,1,306.06,314.49333333333317,315.69166666666666,311.26
2023-07-02 04:00:00,311.26,4,6,1,315.63,310.9833333333332,314.93666666666667,321.08
2023-07-02 05:00:00,321.08,5,6,1,311.26,315.98999999999984,315.0733333333333,327.96
2023-07-02 06:00:00,327.96,6,6,1,321.08,320.09999999999985,317.2966666666667,775.17
2023-07-02 07:00:00,775.17,7,6,1,327.96,474.73666666666645,392.85999999999996,751.03
2023-07-02 08:00:00,751.03,8,6,1,775.17,618.0533333333332,467.0216666666667,786.34
2023-07-02 09:00:00,786.34,9,6,1,751.03,770.8466666666665,545.4733333333332,772.36
2023-07-02 10:00:00,772.36,10,6,1,786.34,769.9099999999999,622.3233333333334,763.79
2023-07-02 11:00:00,763.79,11,6,1,772.36,774.1633333333333,696.1083333333332,771.26
2023-07-02 12:00:00,771.26,12,6,1,763.79,769.1366666666664,769.9916666666667,771.41
2023-07-02 13:00:00,771.41,13,6,1,771.26,768.8199999999998,769.3649999999999,764.67
2023-07-02 14:00:00,764.67,14,6,1,771.41,769.1133333333331,771.6383333333333,571.58
2023-07-02 15:00:00,571.58,15,6,1,764.67,702.5533333333332,735.8449999999999,565.14
2023-07-02 16:00:00,565.14,16,6,1,571.58,633.7966666666665,701.3083333333334,566.77
2023-07-02 17:00:00,566.77,17,6,1,565.14,567.8299999999998,668.4716666666667,564.51
2023-07-02 18:00:00,564.51,18,6,1,566.77,565.4733333333331,634.0133333333333,558.54
2023-07-02 19:00:00,558.54,19,6,1,564.51,563.2733333333332,598.535,571.17
2023-07-02 20:00:00,571.17,20,6,1,558.54,564.7399999999998,566.285,324.68
2023-07-02 21:00:00,324.68,21,6,1,571.17,484.79666666666645,525.135,324.12
2023-07-02 22:00:00,324.12,22,6,1,324.68,406.6566666666665,484.965,326.56
2023-07-02 23:00:00,326.56,23,6,1,324.12,325.11999999999983,444.93,402.59
2023-07-03 00:00:00,402.59,0,0,0,326.56,351.08999999999986,417.9433333333333,395.74
2023-07-03 01:00:00,395.74,1,0,0,402.59,374.96333333333314,390.81,406.72
2023-07-03 02:00:00,406.72,2,0,0,395.74,401.68333333333317,363.40166666666664,389.14
2023-07-03 03:00:00,389.14,3,0,0,406.72,397.1999999999999,374.145,392.79
2023-07-03 04:00:00,392.79,4,0,0,389.14,396.2166666666665,385.59,392.29
2023-07-03 05:00:00,392.29,5,0,0,392.79,391.4066666666665,396.545,408.64
2023-07-03 06:00:00,408.64,6,0,0,392.29,397.9066666666665,397.55333333333334,857.54
2023-07-03 07:00:00,857.54,7,0,0,408.64,552.8233333333332,474.52,853.9
2023-07-03 08:00:00,853.9,8,0,0,857.54,706.6933333333332,549.05,858.58
2023-07-03 09:00:00,858.58,9,0,0,853.9,856.6733333333332,627.29,842.97
2023-07-03 10:00:00,842.97,10,0,0,858.58,851.8166666666666,702.32,852.79
2023-07-03 11:00:00,852.79,11,0,0,842.97,851.4466666666664,779.07,849.0
2023-07-03 12:00:00,849.0,12,0,0,852.79,848.2533333333331,852.4633333333333,856.78
2023-07-03 13:00:00,856.78,13,0,0,849.0,852.8566666666666,852.3366666666666,849.08
2023-07-03 14:00:00,849.08,14,0,0,856.78,851.6199999999999,851.5333333333333,646.92
2023-07-03 15:00:00,646.92,15,0,0,849.08,784.2599999999999,816.2566666666667,654.33
2023-07-03 16:00:00,654.33,16,0,0,646.92,716.7766666666665,784.8166666666666,657.01
2023-07-03 17:00:00,657.01,17,0,0,654.33,652.7533333333332,752.1866666666666,644.65
2023-07-03 18:00:00,644.65,18,0,0,657.01,651.9966666666666,718.1283333333334,649.51
2023-07-03 19:00:00,649.51,19,0,0,644.65,650.3899999999998,683.5833333333334,641.53
2023-07-03 20:00:00,641.53,20,0,0,649.51,645.2299999999998,648.9916666666667,380.02
2023-07-03 21:00:00,380.02,21,0,0,641.53,557.0199999999999,604.5083333333333,401.6
2023-07-03 22:00:00,401.6,22,0,0,380.02,474.3833333333332,562.3866666666667,404.87
2023-07-03 23:00:00,404.87,23,0,0,401.6,395.4966666666665,520.3633333333333,402.1
2023-07-04 00:00:00,402.1,0,1,0,404.87,402.85666666666657,479.93833333333333,384.4
2023-07-04 01:00:00,384.4,1,1,0,402.1,397.12333333333316,435.7533333333333,397.19
2023-07-04 02:00:00,397.19,2,1,0,384.4,394.5633333333332,395.03,382.25
2023-07-04 03:00:00,382.25,3,1,0,397.19,387.9466666666665,395.40166666666664,410.96
2023-07-04 04:00:00,410.96,4,1,0,382.25,396.7999999999999,396.96166666666664,391.31
2023-07-04 05:00:00,391.31,5,1,0,410.96,394.83999999999986,394.70166666666665,410.04
2023-07-04 06:00:00,410.04,6,1,0,391.31,404.1033333333332,396.02500000000003,857.57
2023-07-04 07:00:00,857.57,7,1,0,410.04,552.9733333333332,474.8866666666667,842.8
2023-07-04 08:00:00,842.8,8,1,0,857.57,703.4699999999999,549.155,840.94
2023-07-04 09:00:00,840.94,9,1,0,842.8,847.1033333333331,625.6033333333334,852.8
2023-07-04 10:00:00,852.8,10,1,0,840.94,845.5133333333332,699.2433333333333,843.25
2023-07-04 11:00:00,843.25,11,1,0,852.8,845.6633333333333,774.5666666666666,850.82
2023-07-04 12:00:00,850.82,12,1,0,843.25,848.9566666666665,848.0300000000001,846.14
2023-07-04 13:00:00,846.14,13,1,0,850.82,846.7366666666666,846.125,835.75
2023-07-04 14:00:00,835.75,14,1,0,846.14,844.2366666666666,844.9499999999999,632.16
2023-07-04 15:00:00,632.16,15,1,0,835.75,771.3499999999998,810.1533333333333,651.81
2023-07-04 16:00:00,651.81,16,1,0,632.16,706.5733333333332,776.6550000000001,645.51
2023-07-04 17:00:00,645.51,17,1,0,651.81,643.1599999999999,743.6983333333333,645.58
2023-07-04 18:00:00,645.58,18,1,0,645.51,647.6333333333332,709.4916666666667,655.57
2023-07-04 19:00:00,655.57,19,1,0,645.58,648.8866666666667,677.73,659.39
2023-07-04 20:00:00,659.39,20,1,0,655.57,653.5133333333332,648.3366666666667,397.82
2023-07-04 21:00:00,397.82,21,1,0,659.39,570.9266666666665,609.28,397.28
2023-07-04 22:00:00,397.28,22,1,0,397.82,484.82999999999987,566.8583333333333,404.0
2023-07-04 23:00:00,404.0,23,1,0,397.28,399.6999999999998,526.6066666666667,389.14
2023-07-05 00:00:00,389.14,0,2,0,404.0,396.80666666666656,483.8666666666666,401.79
2023-07-05 01:00:00,401.79,1,2,0,389.14,398.3099999999999,441.57,404.42
2023-07-05 02:00:00,404.42,2,2,0,401.79,398.4499999999999,399.075,405.44
2023-07-05 03:00:00,405.44,3,2,0,404.42,403.8833333333332,400.34499999999997,384.51
2023-07-05 04:00:00,384.51,4,2,0,405.44,398.12333333333316,398.2166666666667,393.91
2023-07-05 05:00:00,393.91,5,2,0,384.51,394.61999999999983,396.535,392.97
2023-07-05 06:00:00,392.97,6,2,0,393.91,390.4633333333332,397.17333333333335,850.8
2023-07-05 07:00:00,850.8,7,2,0,392.97,545.8933333333332,472.0083333333334,853.85
2023-07-05 08:00:00,853.85,8,2,0,850.8,699.2066666666665,546.9133333333333,861.97
2023-07-05 09:00:00,861.97,9,2,0,853.85,855.5399999999998,623.0016666666667,846.04
2023-07-05 10:00:00,846.04,10,2,0,861.97,853.9533333333333,699.9233333333333,846.02
2023-07-05 11:00:00,846.02,11,2,0,846.04,851.3433333333332,775.275,859.2
2023-07-05 12:00:00,859.2,12,2,0,846.02,850.4199999999997,852.98,852.37
2023-07-05 13:00:00,852.37,13,2,0,859.2,852.5299999999997,853.2416666666667,860.14
2023-07-05 14:00:00,860.14,14,2,0,852.37,857.2366666666666,854.29,652.31
2023-07-05 15:00:00,652.31,15,2,0,860.14,788.2733333333332,819.3466666666667,640.74
2023-07-05 16:00:00,640.74,16,2,0,652.31,717.7299999999999,785.13,639.33
2023-07-05 17:00:00,639.33,17,2,0,640.74,644.1266666666666,750.6816666666667,637.59
2023-07-05 18:00:00,637.59,18,2,0,639.33,639.2199999999999,713.7466666666668,655.3
2023-07-05 19:00:00,655.3,19,2,0,637.59,644.0733333333332,680.9016666666668,659.51
2023-07-05 20:00:00,659.51,20,2,0,655.3,650.7999999999998,647.4633333333333,414.79
2023-07-05 21:00:00,414.79,21,2,0,659.51,576.5333333333332,607.8766666666667,406.74
2023-07-05 22:00:00,406.74,22,2,0,414.79,493.6799999999999,568.8766666666667,409.3
2023-07-05 23:00:00,409.3,23,2,0,406.74,410.2766666666665,530.5383333333334,395.36
2023-07-06 00:00:00,395.36,0,3,0,409.3,403.7999999999999,490.1666666666667,390.75
2023-07-06 01:00:00,390.75,1,3,0,395.36,398.46999999999986,446.075,406.8
2023-07-06 02:00:00,406.8,2,3,0,390.75,397.63666666666654,403.9566666666667,403.34
2023-07-06 03:00:00,403.34,3,3,0,406.8,400.29666666666645,402.04833333333335,400.86
2023-07-06 04:00:00,400.86,4,3,0,403.34,403.6666666666665,401.0683333333333,403.1
2023-07-06 05:00:00,403.1,5,3,0,400.86,402.4333333333332,400.035,402.59
2023-07-06 06:00:00,402.59,6,3,0,403.1,402.18333333333317,401.24,860.27
2023-07-06 07:00:00,860.27,7,3,0,402.59,555.3199999999998,479.49333333333334,860.36
2023-07-06 08:00:00,860.36,8,3,0,860.27,707.7399999999998,555.0866666666667,854.35
2023-07-06 09:00:00,854.35,9,3,0,860.36,858.3266666666665,630.255,856.77
2023-07-06 10:00:00,856.77,10,3,0,854.35,857.1599999999999,706.2399999999999,854.11
2023-07-06 11:00:00,854.11,11,3,0,856.77,855.0766666666665,781.4083333333333,846.31
2023-07-06 12:00:00,846.31,12,3,0,854.11,852.3966666666665,855.3616666666667,856.05
2023-07-06 13:00:00,856.05,13,3,0,846.31,852.1566666666664,854.6583333333333,838.84
2023-07-06 14:00:00,838.84,14,3,0,856.05,847.0666666666665,851.0716666666666,658.43
2023-07-06 15:00:00,658.43,15,3,0,838.84,784.4399999999997,818.4183333333334,640.44
2023-07-06 16:00:00,640.44,16,3,0,658.43,712.5699999999998,782.3633333333332,652.29
2023-07-06 17:00:00,652.29,17,3,0,640.44,650.3866666666664,748.7266666666666,643.24
2023-07-06 18:00:00,643.24,18,3,0,652.29,645.3233333333332,714.8816666666667,654.43
2023-07-06 19:00:00,654.43,19,3,0,643.24,649.9866666666663,681.2783333333333,649.73
2023-07-06 20:00:00,649.73,20,3,0,654.43,649.1333333333331,649.7599999999999,387.24
2023-07-06 21:00:00,387.24,21,3,0,649.73,563.7999999999998,604.5616666666666,403.37
2023-07-06 22:00:00,403.37,22,3,0,387.24,480.1133333333332,565.05,395.38
2023-07-06 23:00:00,395.38,23,3,0,403.37,395.32999999999976,522.2316666666667,407.05
2023-07-07 00:00:00,407.05,0,4,0,395.38,401.93333333333317,482.86666666666673,400.01
2023-07-07 01:00:00,400.01,1,4,0,407.05,400.8133333333331,440.46333333333337,403.16
2023-07-07 02:00:00,403.16,2,4,0,400.01,403.40666666666647,399.36833333333334,392.34
2023-07-07 03:00:00,392.34,3,4,0,403.16,398.50333333333316,400.2183333333333,395.29
2023-07-07 04:00:00,395.29,4,4,0,392.34,396.92999999999984,398.87166666666667,396.33
2023-07-07 05:00:00,396.33,5,4,0,395.29,394.65333333333314,399.03,406.85
2023-07-07 06:00:00,406.85,6,4,0,396.33,399.48999999999984,398.99666666666667,863.42
2023-07-07 07:00:00,863.42,7,4,0,406.85,555.5333333333332,476.23166666666674,843.56
2023-07-07 08:00:00,843.56,8,4,0,863.42,704.6099999999998,549.6316666666667,858.61
2023-07-07 09:00:00,858.61,9,4,0,843.56,855.1966666666664,627.3433333333334,832.64
2023-07-07 10:00:00,832.64,10,4,0,858.61,844.9366666666665,700.235,840.45
2023-07-07 11:00:00,840.45,11,4,0,832.64,843.8999999999997,774.2550000000001,842.33
2023-07-07 12:00:00,842.33,12,4,0,840.45,838.473333333333,846.835,839.18
2023-07-07 13:00:00,839.18,13,4,0,842.33,840.6533333333332,842.795,837.33
2023-07-07 14:00:00,837.33,14,4,0,839.18,839.6133333333331,841.7566666666667,653.3
2023-07-07 15:00:00,653.3,15,4,0,837.33,776.6033333333331,807.5383333333333,648.29
2023-07-07 16:00:00,648.29,16,4,0,653.3,712.973333333333,776.8133333333334,653.04
2023-07-07 17:00:00,653.04,17,4,0,648.29,651.5433333333332,745.5783333333334,655.52
2023-07-07 18:00:00,655.52,18,4,0,653.04,652.2833333333332,714.4433333333333,652.12
2023-07-07 19:00:00,652.12,19,4,0,655.52,653.5599999999998,683.2666666666665,655.26
2023-07-07 20:00:00,655.26,20,4,0,652.12,654.2999999999998,652.9216666666666,399.44
2023-07-07 21:00:00,399.44,21,4,0,655.26,568.9399999999998,610.6116666666667,390.5
2023-07-07 22:00:00,390.5,22,4,0,399.44,481.7333333333331,567.6466666666666,408.46
2023-07-07 23:00:00,408.46,23,4,0,390.5,399.46666666666647,526.8833333333333,315.29
2023-07-08 00:00:00,315.29,0,5,1,408.46,371.41666666666646,470.17833333333334,312.52
2023-07-08 01:00:00,312.52,1,5,1,315.29,345.4233333333331,413.5783333333333,318.58
2023-07-08 02:00:00,318.58,2,5,1,312.52,315.46333333333314,357.465,312.7
2023-07-08 03:00:00,312.7,3,5,1,318.58,314.59999999999985,343.00833333333327,316.66
2023-07-08 04:00:00,316.66,4,5,1,312.7,315.97999999999985,330.70166666666665,322.75
2023-07-08 05:00:00,322.75,5,5,1,316.66,317.36999999999983,316.4166666666667,322.79
2023-07-08 06:00:00,322.79,6,5,1,322.75,320.7333333333331,317.6666666666667,762.82
2023-07-08 07:00:00,762.82,7,5,1,322.79,469.4533333333332,392.7166666666667,766.1
2023-07-08 08:00:00,766.1,8,5,1,762.82,617.2366666666666,467.30333333333334,778.59
2023-07-08 09:00:00,778.59,9,5,1,766.1,769.17,544.9516666666667,773.97
2023-07-08 10:00:00,773.97,10,5,1,778.59,772.8866666666664,621.17,786.6
2023-07-08 11:00:00,786.6,11,5,1,773.97,779.7199999999999,698.4783333333334,779.44
2023-07-08 12:00:00,779.44,12,5,1,786.6,780.0033333333331,774.5866666666667,779.15
2023-07-08 13:00:00,779.15,13,5,1,779.44,781.7299999999999,777.3083333333334,758.9
2023-07-08 14:00:00,758.9,14,5,1,779.15,772.4966666666666,776.1083333333332,576.11
2023-07-08 15:00:00,576.11,15,5,1,758.9,704.7199999999998,742.3616666666667,569.58
2023-07-08 16:00:00,569.58,16,5,1,576.11,634.8633333333331,708.2966666666666,565.59
2023-07-08 17:00:00,565.59,17,5,1,569.58,570.4266666666666,671.4616666666667,571.34
2023-07-08 18:00:00,571.34,18,5,1,565.59,568.8366666666665,636.7783333333333,577.56
2023-07-08 19:00:00,577.56,19,5,1,571.34,571.4966666666664,603.18,574.01
2023-07-08 20:00:00,574.01,20,5,1,577.56,574.3033333333332,572.365,312.97
2023-07-08 21:00:00,312.97,21,5,1,574.01,488.1799999999998,528.5083333333333,325.94
2023-07-08 22:00:00,325.94,22,5,1,312.97,404.30666666666644,487.90166666666664,314.9
2023-07-08 23:00:00,314.9,23,5,1,325.94,317.9366666666665,446.11999999999995,321.73
2023-07-09 00:00:00,321.73,0,6,1,314.9,320.8566666666665,404.5183333333334,317.57
2023-07-09 01:00:00,317.57,1,6,1,321.73,318.06666666666644,361.18666666666667,318.25
2023-07-09 02:00:00,318.25,2,6,1,317.57,319.18333333333317,318.56,326.13
2023-07-09 03:00:00,326.13,3,6,1,318.25,320.6499999999998,320.75333333333333,311.68
2023-07-09 04:00:00,311.68,4,6,1,326.13,318.6866666666665,318.37666666666667,335.56
2023-07-09 05:00:00,335.56,5,6,1,311.68,324.4566666666665,321.82,305.43
2023-07-09 06:00:00,305.43,6,6,1,335.56,317.55666666666644,319.1033333333333,765.22
2023-07-09 07:00:00,765.22,7,6,1,305.43,468.73666666666645,393.71166666666664,772.96
2023-07-09 08:00:00,772.96,8,6,1,765.22,614.5366666666665,469.49666666666667,774.67
2023-07-09 09:00:00,774.67,9,6,1,772.96,770.9499999999998,544.2533333333333,769.2
2023-07-09 10:00:00,769.2,10,6,1,774.67,772.2766666666665,620.5066666666667,769.54
2023-07-09 11:00:00,769.54,11,6,1,769.2,771.1366666666664,692.8366666666667,773.28
2023-07-09 12:00:00,773.28,12,6,1,769.54,770.6733333333331,770.8116666666666,768.15
2023-07-09 13:00:00,768.15,13,6,1,773.28,770.3233333333332,771.3000000000001,781.15
2023-07-09 14:00:00,781.15,14,6,1,768.15,774.1933333333332,772.665,576.71
2023-07-09 15:00:00,576.71,15,6,1,781.15,708.6699999999997,739.6716666666666,576.98
2023-07-09 16:00:00,576.98,16,6,1,576.71,644.9466666666664,707.6350000000001,562.27
2023-07-09 17:00:00,562.27,17,6,1,576.98,571.9866666666663,673.09,569.36
2023-07-09 18:00:00,569.36,18,6,1,562.27,569.5366666666664,639.1033333333334,567.6
2023-07-09 19:00:00,567.6,19,6,1,569.36,566.4099999999997,605.6783333333334,561.96
2023-07-09 20:00:00,561.96,20,6,1,567.6,566.3066666666664,569.1466666666666,322.88
2023-07-09 21:00:00,322.88,21,6,1,561.96,484.1466666666665,526.8416666666667,315.7
2023-07-09 22:00:00,315.7,22,6,1,322.88,400.1799999999998,483.295,325.24
2023-07-09 23:00:00,325.24,23,6,1,315.7,321.2733333333331,443.79,391.44
2023-07-10 00:00:00,391.44,0,0,0,325.24,344.1266666666664,414.1366666666667,413.75
2023-07-10 01:00:00,413.75,1,0,0,391.44,376.8099999999998,388.49500000000006,392.83
2023-07-10 02:00:00,392.83,2,0,0,413.75,399.33999999999975,360.3066666666667,401.75
2023-07-10 03:00:00,401.75,3,0,0,392.83,402.7766666666664,373.45166666666665,406.33
2023-07-10 04:00:00,406.33,4,0,0,401.75,400.3033333333331,388.5566666666667,395.43
2023-07-10 05:00:00,395.43,5,0,0,406.33,401.1699999999998,400.25499999999994,406.82
2023-07-10 06:00:00,406.82,6,0,0,395.43,402.85999999999984,402.8183333333333,840.17
2023-07-10 07:00:00,840.17,7,0,0,406.82,547.473333333333,473.8883333333333,861.62
2023-07-10 08:00:00,861.62,8,0,0,840.17,702.8699999999998,552.02,850.11
2023-07-10 09:00:00,850.11,9,0,0,861.62,850.6333333333331,626.7466666666667,845.23
2023-07-10 10:00:00,845.23,10,0,0,850.11,852.3199999999997,699.8966666666666,847.61
2023-07-10 11:00:00,847.61,11,0,0,845.23,847.6499999999997,775.2600000000001,856.47
2023-07-10 12:00:00,856.47,12,0,0,847.61,849.7699999999999,850.2016666666665,845.32
2023-07-10 13:00:00,845.32,13,0,0,856.47,849.7999999999997,851.0600000000001,844.01
2023-07-10 14:00:00,844.01,14,0,0,845.32,848.5999999999998,848.125,648.23
2023-07-10 15:00:00,648.23,15,0,0,844.01,779.1866666666665,814.4783333333334,640.58
2023-07-10 16:00:00,640.58,16,0,0,648.23,710.9399999999997,780.37,664.56
2023-07-10 17:00:00,664.56,17,0,0,640.58,651.1233333333331,749.8616666666667,645.47
2023-07-10 18:00:00,645.47,18,0,0,664.56,650.2033333333331,714.695,656.65
2023-07-10 19:00:00,656.65,19,0,0,645.47,655.5599999999998,683.25,651.68
2023-07-10 20:00:00,651.68,20,0,0,656.65,651.2666666666664,651.195,392.12
2023-07-10 21:00:00,392.12,21,0,0,651.68,566.8166666666665,608.51,399.95
2023-07-10 22:00:00,399.95,22,0,0,392.12,481.2499999999997,568.405,406.27
2023-07-10 23:00:00,406.27,23,0,0,399.95,399.44666666666643,525.3566666666667,398.49
2023-07-11 00:00:00,398.49,0,1,0,406.27,401.56999999999977,484.1933333333333,409.54
2023-07-11 01:00:00,409.54,1,1,0,398.49,404.7666666666664,443.00833333333327,408.17
2023-07-11 02:00:00,408.17,2,1,0,409.54,405.3999999999998,402.42333333333335,407.35
2023-07-11 03:00:00,407.35,3,1,0,408.17,408.35333333333307,404.96166666666664,396.32
2023-07-11 04:00:00,396.32,4,1,0,407.35,403.94666666666643,404.35666666666674,391.36
2023-07-11 05:00:00,391.36,5,1,0,396.32,398.3433333333331,401.87166666666667,395.09
2023-07-11 06:00:00,395.09,6,1,0,391.36,394.25666666666643,401.305,851.57
2023-07-11 07:00:00,851.57,7,1,0,395.09,546.0066666666665,474.9766666666667,854.37
2023-07-11 08:00:00,854.37,8,1,0,851.57,700.3433333333331,549.3433333333334,832.63
2023-07-11 09:00:00,832.63,9,1,0,854.37,846.1899999999997,620.2233333333334,849.94
2023-07-11 10:00:00,849.94,10,1,0,832.63,845.6466666666665,695.8266666666667,851.26
2023-07-11 11:00:00,851.26,11,1,0,849.94,844.6099999999998,772.4766666666666,847.78
2023-07-11 12:00:00,847.78,12,1,0,851.26,849.6599999999999,847.9249999999998,860.33
2023-07-11 13:00:00,860.33,13,1,0,847.78,853.1233333333331,849.3850000000001,853.37
2023-07-11 14:00:00,853.37,14,1,0,860.33,853.8266666666665,849.2183333333334,660.48
2023-07-11 15:00:00,660.48,15,1,0,853.37,791.3933333333331,820.5266666666666,648.27
2023-07-11 16:00:00,648.27,16,1,0,660.48,720.7066666666665,786.915,657.5
2023-07-11 17:00:00,657.5,17,1,0,648.27,655.4166666666665,754.6216666666666,663.08
2023-07-11 18:00:00,663.08,18,1,0,657.5,656.2833333333332,723.8383333333333,660.49
2023-07-11 19:00:00,660.49,19,1,0,663.08,660.3566666666665,690.5316666666668,641.26
2023-07-11 20:00:00,641.26,20,1,0,660.49,654.9433333333332,655.1800000000001,397.97
2023-07-11 21:00:00,397.97,21,1,0,641.26,566.5733333333332,611.4283333333334,397.24
2023-07-11 22:00:00,397.24,22,1,0,397.97,478.8233333333332,569.59,403.91
2023-07-11 23:00:00,403.91,23,1,0,397.24,399.7066666666665,527.3249999999999,405.49
2023-07-12 00:00:00,405.49,0,2,0,403.91,402.21333333333314,484.3933333333334,393.29
2023-07-12 01:00:00,393.29,1,2,0,405.49,400.89666666666653,439.86000000000007,400.54
2023-07-12 02:00:00,400.54,2,2,0,393.29,399.77333333333314,399.74,383.84
2023-07-12 03:00:00,383.84,3,2,0,400.54,392.55666666666644,397.38500000000005,411.54
2023-07-12 04:00:00,411.54,4,2,0,383.84,398.6399999999998,399.7683333333334,395.9
2023-07-12 05:00:00,395.9,5,2,0,411.54,397.0933333333332,398.43333333333334,400.45
2023-07-12 06:00:00,400.45,6,2,0,395.9,402.6299999999998,397.5933333333333,847.52
2023-07-12 07:00:00,847.52,7,2,0,400.45,547.9566666666665,473.29833333333335,859.17
2023-07-12 08:00:00,859.17,8,2,0,847.52,702.3799999999998,549.7366666666667,827.3
2023-07-12 09:00:00,827.3,9,2,0,859.17,844.6633333333331,623.6466666666666,849.87
2023-07-12 10:00:00,849.87,10,2,0,827.3,845.4466666666664,696.7016666666667,849.15
2023-07-12 11:00:00,849.15,11,2,0,849.87,842.1066666666665,772.2433333333333,846.37
2023-07-12 12:00:00,846.37,12,2,0,849.15,848.4633333333331,846.5633333333334,863.81
2023-07-12 13:00:00,863.81,13,2,0,846.37,853.1099999999998,849.2783333333332,842.9
2023-07-12 14:00:00,842.9,14,2,0,863.81,851.0266666666665,846.5666666666667,656.17
2023-07-12 15:00:00,656.17,15,2,0,842.9,787.6266666666664,818.0450000000001,652.85
2023-07-12 16:00:00,652.85,16,2,0,656.17,717.3066666666665,785.2083333333334,660.09
2023-07-12 17:00:00,660.09,17,2,0,652.85,656.3699999999998,753.6983333333334,644.66
2023-07-12 18:00:00,644.66,18,2,0,660.09,652.5333333333332,720.0799999999999,644.14
2023-07-12 19:00:00,644.14,19,2,0,644.66,649.6299999999998,683.4683333333332,658.77
2023-07-12 20:00:00,658.77,20,2,0,644.14,649.1899999999997,652.7800000000001,403.4
2023-07-12 21:00:00,403.4,21,2,0,658.77,568.7699999999999,610.6516666666666,387.64
2023-07-12 22:00:00,387.64,22,2,0,403.4,483.2699999999998,566.4499999999999,395.69
2023-07-12 23:00:00,395.69,23,2,0,387.64,395.5766666666664,522.3833333333333,403.09
2023-07-13 00:00:00,403.09,0,3,0,395.69,395.47333333333313,482.12166666666667,406.7
2023-07-13 01:00:00,406.7,1,3,0,403.09,401.8266666666664,442.54833333333335,394.57
2023-07-13 02:00:00,394.57,2,3,0,406.7,401.4533333333331,398.51499999999993,376.69
2023-07-13 03:00:00,376.69,3,3,0,394.57,392.65333333333314,394.06333333333333,404.19
2023-07-13 04:00:00,404.19,4,3,0,376.69,391.81666666666644,396.8216666666667,390.24
2023-07-13 05:00:00,390.24,5,3,0,404.19,390.37333333333316,395.91333333333336,383.86
2023-07-13 06:00:00,383.86,6,3,0,390.24,392.76333333333315,392.7083333333333,827.34
2023-07-13 07:00:00,827.34,7,3,0,383.86,533.8133333333332,462.81500000000005,856.51
2023-07-13 08:00:00,856.51,8,3,0,827.34,689.2366666666666,539.805,851.03
2023-07-13 09:00:00,851.03,9,3,0,856.51,844.9599999999997,618.8616666666667,848.19
2023-07-13 10:00:00,848.19,10,3,0,851.03,851.9099999999999,692.8616666666667,861.11
2023-07-13 11:00:00,861.11,11,3,0,848.19,853.4433333333332,771.34,855.1
2023-07-13 12:00:00,855.1,12,3,0,861.11,854.7999999999998,849.8800000000001,862.93
2023-07-13 13:00:00,862.93,13,3,0,855.1,859.7133333333331,855.8116666666666,838.86
2023-07-13 14:00:00,838.86,14,3,0,862.93,852.2966666666665,852.87,649.72
2023-07-13 15:00:00,649.72,15,3,0,838.86,783.8366666666665,819.3183333333333,637.07
2023-07-13 16:00:00,637.07,16,3,0,649.72,708.5499999999998,784.1316666666667,648.16
2023-07-13 17:00:00,648.16,17,3,0,637.07,644.9833333333331,748.64,648.01
2023-07-13 18:00:00,648.01,18,3,0,648.16,644.4133333333331,714.125,655.01
2023-07-13 19:00:00,655.01,19,3,0,648.01,650.3933333333331,679.4716666666667,650.36
2023-07-13 20:00:00,650.36,20,3,0,655.01,651.1266666666664,648.0550000000001,404.99
2023-07-13 21:00:00,404.99,21,3,0,650.36,570.1199999999998,607.2666666666667,405.63
2023-07-13 22:00:00,405.63,22,3,0,404.99,486.99333333333317,568.6933333333333,417.24
2023-07-13 23:00:00,417.24,23,3,0,405.63,409.28666666666646,530.2066666666666,397.48
2023-07-14 00:00:00,397.48,0,4,0,417.24,406.78333333333313,488.45166666666665,392.47
2023-07-14 01:00:00,392.47,1,4,0,397.48,402.39666666666653,444.695,401.97
2023-07-14 02:00:00,401.97,2,4,0,392.47,397.30666666666656,403.2966666666666,393.58
2023-07-14 03:00:00,393.58,3,4,0,401.97,396.0066666666665,401.39500000000004,411.86
2023-07-14 04:00:00,411.86,4,4,0,393.58,402.4699999999998,402.43333333333334,397.73
2023-07-14 05:00:00,397.73,5,4,0,411.86,401.05666666666644,399.1816666666667,395.48
2023-07-14 06:00:00,395.48,6,4,0,397.73,401.6899999999998,398.84833333333336,846.23
2023-07-14 07:00:00,846.23,7,4,0,395.48,546.4799999999998,474.4750000000001,855.75
2023-07-14 08:00:00,855.75,8,4,0,846.23,699.1533333333331,550.105,848.74
2023-07-14 09:00:00,848.74,9,4,0,855.75,850.2399999999998,625.965,844.87
2023-07-14 10:00:00,844.87,10,4,0,848.74,849.7866666666664,698.1333333333333,863.32
2023-07-14 11:00:00,863.32,11,4,0,844.87,852.3099999999998,775.7316666666667,843.15
2023-07-14 12:00:00,843.15,12,4,0,863.32,850.4466666666664,850.3433333333332,850.28
2023-07-14 13:00:00,850.28,13,4,0,843.15,852.2499999999999,851.0183333333334,855.22
2023-07-14 14:00:00,855.22,14,4,0,850.28,849.5499999999997,850.93,636.95
2023-07-14 15:00:00,636.95,15,4,0,855.22,780.8166666666665,815.6316666666668,653.84
2023-07-14 16:00:00,653.84,16,4,0,636.95,715.3366666666665,783.7933333333334,641.56
2023-07-14 17:00:00,641.56,17,4,0,653.84,644.1166666666664,746.8333333333334,656.58
2023-07-14 18:00:00,656.58,18,4,0,641.56,650.6599999999997,715.7383333333333,642.3
2023-07-14 19:00:00,642.3,19,4,0,656.58,646.813333333333,681.075,655.54
2023-07-14 20:00:00,655.54,20,4,0,642.3,651.473333333333,647.795,408.85
2023-07-14 21:00:00,408.85,21,4,0,655.54,568.8966666666664,609.7783333333333,406.89
2023-07-14 22:00:00,406.89,22,4,0,408.85,490.42666666666645,568.62,402.01
2023-07-14 23:00:00,402.01,23,4,0,406.89,405.91666666666646,528.695,318.15
2023-07-15 00:00:00,318.15,0,5,1,402.01,375.6833333333331,472.28999999999996,315.39
2023-07-15 01:00:00,315.39,1,5,1,318.15,345.1833333333331,417.805,331.77
2023-07-15 02:00:00,331.77,2,5,1,315.39,321.76999999999975,363.8433333333333,314.4
2023-07-15 03:00:00,314.4,3,5,1,331.77,320.51999999999975,348.10166666666663,311.7
2023-07-15 04:00:00,311.7,4,5,1,314.4,319.28999999999974,332.2366666666667,325.32
2023-07-15 05:00:00,325.32,5,5,1,311.7,317.13999999999976,319.455,313.63
2023-07-15 06:00:00,313.63,6,5,1,325.32,316.8833333333331,318.70166666666665,762.4
2023-07-15 07:00:00,762.4,7,5,1,313.63,467.1166666666665,393.2033333333334,758.45
2023-07-15 08:00:00,758.45,8,5,1,762.4,611.493333333333,464.31666666666666,766.14
2023-07-15 09:00:00,766.14,9,5,1,758.45,762.3299999999998,539.6066666666667,769.34
2023-07-15 10:00:00,769.34,10,5,1,766.14,764.6433333333331,615.88,771.94
2023-07-15 11:00:00,771.94,11,5,1,769.34,769.1399999999999,690.3166666666666,777.61
2023-07-15 12:00:00,777.61,12,5,1,771.94,772.9633333333331,767.6466666666666,774.22
2023-07-15 13:00:00,774.22,13,5,1,777.61,774.5899999999998,769.6166666666668,768.47
2023-07-15 14:00:00,768.47,14,5,1,774.22,773.433333333333,771.2866666666667,568.41
2023-07-15 15:00:00,568.41,15,5,1,768.47,703.6999999999998,738.3316666666666,574.08
2023-07-15 16:00:00,574.08,16,5,1,568.41,636.9866666666665,705.7883333333334,580.18
2023-07-15 17:00:00,580.18,17,5,1,574.08,574.223333333333,673.8283333333334,571.01
2023-07-15 18:00:00,571.01,18,5,1,580.18,575.0899999999998,639.395,566.25
2023-07-15 19:00:00,566.25,19,5,1,571.01,572.4799999999997,604.7333333333333,562.06
2023-07-15 20:00:00,562.06,20,5,1,566.25,566.4399999999997,570.3316666666666,308.44
2023-07-15 21:00:00,308.44,21,5,1,562.06,478.91666666666634,527.0033333333333,325.33
2023-07-15 22:00:00,325.33,22,5,1,308.44,398.60999999999973,485.545,324.62
2023-07-15 23:00:00,324.62,23,5,1,325.33,319.4633333333331,442.95166666666665,324.62
2023-07-16 00:00:00,324.62,0,6,1,324.62,324.85666666666646,401.8866666666666,318.97
2023-07-16 01:00:00,318.97,1,6,1,324.62,322.73666666666645,360.67333333333335,331.26
2023-07-16 02:00:00,331.26,2,6,1,318.97,324.94999999999976,322.20666666666665,316.13
2023-07-16 03:00:00,316.13,3,6,1,331.26,322.1199999999998,323.4883333333333,327.64
2023-07-16 04:00:00,327.64,4,6,1,316.13,325.00999999999976,323.87333333333333,319.69
2023-07-16 05:00:00,319.69,5,6,1,327.64,321.15333333333314,323.0516666666667,315.13
2023-07-16 06:00:00,315.13,6,6,1,319.69,320.81999999999977,321.46999999999997,774.74
2023-07-16 07:00:00,774.74,7,6,1,315.13,469.8533333333332,397.4316666666667,773.28
2023-07-16 08:00:00,773.28,8,6,1,774.74,621.0499999999997,471.10166666666663,772.86
2023-07-16 09:00:00,772.86,9,6,1,773.28,773.6266666666664,547.2233333333334,770.65
2023-07-16 10:00:00,770.65,10,6,1,772.86,772.2633333333332,621.0583333333333,769.7
2023-07-16 11:00:00,769.7,11,6,1,770.65,771.0699999999998,696.0600000000001,789.11
2023-07-16 12:00:00,789.11,12,6,1,769.7,776.4866666666663,775.0566666666667,779.47
2023-07-16 13:00:00,779.47,13,6,1,789.11,779.4266666666666,775.8450000000001,775.78
2023-07-16 14:00:00,775.78,14,6,1,779.47,781.4533333333333,776.2616666666667,570.89
2023-07-16 15:00:00,570.89,15,6,1,775.78,708.7133333333331,742.6,578.06
2023-07-16 16:00:00,578.06,16,6,1,570.89,641.5766666666665,710.5016666666667,574.14
2023-07-16 17:00:00,574.14,17,6,1,578.06,574.3633333333331,677.9083333333333,570.21
2023-07-16 18:00:00,570.21,18,6,1,574.14,574.1366666666664,641.425,567.57
2023-07-16 19:00:00,567.57,19,6,1,570.21,570.6399999999999,606.1083333333333,569.35
2023-07-16 20:00:00,569.35,20,6,1,567.57,569.0433333333332,571.7033333333333,300.0
2023-07-16 21:00:00,300.0,21,6,1,569.35,478.9733333333332,526.555,321.68
2023-07-16 22:00:00,321.68,22,6,1,300.0,397.0099999999998,483.82500000000005,316.09
2023-07-16 23:00:00,316.09,23,6,1,321.68,312.5899999999998,440.81666666666666,412.74
2023-07-17 00:00:00,412.74,0,0,0,316.09,350.1699999999998,414.5716666666667,400.15
2023-07-17 01:00:00,400.15,1,0,0,412.74,376.3266666666664,386.66833333333335,390.49
2023-07-17 02:00:00,390.49,2,0,0,400.15,401.1266666666665,356.85833333333335,399.6
2023-07-17 03:00:00,399.6,3,0,0,390.49,396.74666666666644,373.4583333333333,391.63
2023-07-17 04:00:00,391.63,4,0,0,399.6,393.90666666666647,385.1166666666666,403.79
2023-07-17 05:00:00,403.79,5,0,0,391.63,398.33999999999986,399.73333333333335,402.33
2023-07-17 06:00:00,402.33,6,0,0,403.79,399.24999999999983,397.9983333333334,857.66
2023-07-17 07:00:00,857.66,7,0,0,402.33,554.5933333333331,474.25,843.67
2023-07-17 08:00:00,843.67,8,0,0,857.66,701.2199999999998,549.7800000000001,850.27
2023-07-17 09:00:00,850.27,9,0,0,843.67,850.5333333333332,624.8916666666667,839.08
2023-07-17 10:00:00,839.08,10,0,0,850.27,844.3399999999998,699.4666666666667,855.61
2023-07-17 11:00:00,855.61,11,0,0,839.08,848.3199999999997,774.77,854.15
2023-07-17 12:00:00,854.15,12,0,0,855.61,849.6133333333331,850.0733333333333,853.97
2023-07-17 13:00:00,853.97,13,0,0,854.15,854.5766666666665,849.4583333333334,850.01
2023-07-17 14:00:00,850.01,14,0,0,853.97,852.7099999999997,850.515,653.32
2023-07-17 15:00:00,653.32,15,0,0,850.01,785.7666666666664,817.69,662.83
2023-07-17 16:00:00,662.83,16,0,0,653.32,722.0533333333332,788.315,647.72
2023-07-17 17:00:00,647.72,17,0,0,662.83,654.6233333333331,753.6666666666666,651.11
2023-07-17 18:00:00,651.11,18,0,0,647.72,653.8866666666664,719.8266666666667,641.31
2023-07-17 19:00:00,641.31,19,0,0,651.11,646.7133333333331,684.3833333333333,643.05
2023-07-17 20:00:00,643.05,20,0,0,641.31,645.1566666666664,649.89,400.78
2023-07-17 21:00:00,400.78,21,0,0,643.05,561.713333333333,607.8000000000001,408.83
2023-07-17 22:00:00,408.83,22,0,0,400.78,484.2199999999998,565.4666666666667,397.95
2023-07-17 23:00:00,397.95,23,0,0,408.83,402.5199999999998,523.8383333333333,398.11
2023-07-18 00:00:00,398.11,0,1,0,397.95,401.6299999999998,481.6716666666666,396.74
2023-07-18 01:00:00,396.74,1,1,0,398.11,397.59999999999985,440.91,395.72
2023-07-18 02:00:00,395.72,2,1,0,396.74,396.8566666666665,399.68833333333333,402.36
2023-07-18 03:00:00,402.36,3,1,0,395.72,398.27333333333314,399.95166666666665,388.02
2023-07-18 04:00:00,388.02,4,1,0,402.36,395.3666666666665,396.48333333333335,410.25
2023-07-18 05:00:00,410.25,5,1,0,388.02,400.2099999999998,398.53333333333336,394.68
2023-07-18 06:00:00,394.68,6,1,0,410.25,397.6499999999998,397.96166666666664,855.78
2023-07-18 07:00:00,855.78,7,1,0,394.68,553.5699999999998,474.4683333333333,839.84
2023-07-18 08:00:00,839.84,8,1,0,855.78,696.7666666666664,548.4883333333333,855.35
2023-07-18 09:00:00,855.35,9,1,0,839.84,850.3233333333332,623.9866666666667,855.38
2023-07-18 10:00:00,855.38,10,1,0,855.35,850.1899999999997,701.88,853.07
2023-07-18 11:00:00,853.07,11,1,0,855.38,854.5999999999998,775.6833333333334,842.04
2023-07-18 12:00:00,842.04,12,1,0,853.07,850.1633333333331,850.2433333333333,852.0
2023-07-18 13:00:00,852.0,13,1,0,842.04,849.0366666666664,849.6133333333333,840.54
2023-07-18 14:00:00,840.54,14,1,0,852.0,844.8599999999997,849.73,647.98
2023-07-18 15:00:00,647.98,15,1,0,840.54,780.1733333333332,815.1683333333334,658.24
2023-07-18 16:00:00,658.24,16,1,0,647.98,715.5866666666665,782.3116666666666,656.37
2023-07-18 17:00:00,656.37,17,1,0,658.24,654.1966666666664,749.5283333333333,650.12
2023-07-18 18:00:00,650.12,18,1,0,656.37,654.9099999999997,717.5416666666666,642.2
2023-07-18 19:00:00,642.2,19,1,0,650.12,649.5633333333332,682.575,655.16
2023-07-18 20:00:00,655.16,20,1,0,642.2,649.1599999999997,651.6783333333333,400.16
2023-07-18 21:00:00,400.16,21,1,0,655.16,565.8399999999998,610.3750000000001,381.44
2023-07-18 22:00:00,381.44,22,1,0,400.16,478.9199999999998,564.2416666666667,406.26
2023-07-18 23:00:00,406.26,23,1,0,381.44,395.9533333333331,522.5566666666667,399.81
2023-07-19 00:00:00,399.81,0,2,0,406.26,395.8366666666664,480.83833333333337,409.62
2023-07-19 01:00:00,409.62,1,2,0,399.81,405.2299999999998,442.075,391.24
2023-07-19 02:00:00,391.24,2,2,0,409.62,400.22333333333313,398.08833333333337,374.59
2023-07-19 03:00:00,374.59,3,2,0,391.24,391.81666666666644,393.82666666666665,402.23
2023-07-19 04:00:00,402.23,4,2,0,374.59,389.35333333333307,397.2916666666667,402.33
2023-07-19 05:00:00,402.33,5,2,0,402.23,393.0499999999997,396.6366666666667,386.47
2023-07-19 06:00:00,386.47,6,2,0,402.33,397.00999999999976,394.41333333333336,842.17
2023-07-19 07:00:00,842.17,7,2,0,386.47,543.6566666666664,466.50499999999994,872.04
2023-07-19 08:00:00,872.04,8,2,0,842.17,700.2266666666665,546.6383333333333,847.56
2023-07-19 09:00:00,847.56,9,2,0,872.04,853.9233333333332,625.4666666666667,855.85
2023-07-19 10:00:00,855.85,10,2,0,847.56,858.4833333333331,701.07,844.79
2023-07-19 11:00:00,844.79,11,2,0,855.85,849.3999999999997,774.8133333333334,833.28
2023-07-19 12:00:00,833.28,12,2,0,844.79,844.6399999999998,849.2816666666666,848.64
2023-07-19 13:00:00,848.64,13,2,0,833.28,842.2366666666663,850.36,847.88
2023-07-19 14:00:00,847.88,14,2,0,848.64,843.2666666666664,846.3333333333334,646.8
2023-07-19 15:00:00,646.8,15,2,0,847.88,781.1066666666665,812.8733333333333,649.08
2023-07-19 16:00:00,649.08,16,2,0,646.8,714.5866666666665,778.4116666666665,652.11
2023-07-19 17:00:00,652.11,17,2,0,649.08,649.3299999999998,746.2983333333333,648.8
2023-07-19 18:00:00,648.8,18,2,0,652.11,649.9966666666664,715.5516666666667,639.89
2023-07-19 19:00:00,639.89,19,2,0,648.8,646.933333333333,680.7599999999999,653.89
2023-07-19 20:00:00,653.89,20,2,0,639.89,647.5266666666663,648.4283333333334,384.41
2023-07-19 21:00:00,384.41,21,2,0,653.89,559.3966666666664,604.6966666666666,383.6
2023-07-19 22:00:00,383.6,22,2,0,384.41,473.96666666666647,560.4499999999999,405.91
2023-07-19 23:00:00,405.91,23,2,0,383.6,391.30666666666644,519.4166666666666,404.06
2023-07-20 00:00:00,404.06,0,3,0,405.91,397.8566666666664,478.6266666666667,399.54
2023-07-20 01:00:00,399.54,1,3,0,404.06,403.1699999999998,438.5683333333333,388.84
2023-07-20 02:00:00,388.84,2,3,0,399.54,397.4799999999998,394.3933333333334,394.34
2023-07-20 03:00:00,394.34,3,3,0,388.84,394.2399999999998,396.04833333333335,397.9
2023-07-20 04:00:00,397.9,4,3,0,394.34,393.6933333333331,398.4316666666667,387.23
2023-07-20 05:00:00,387.23,5,3,0,397.9,393.15666666666647,395.3183333333333,394.09
2023-07-20 06:00:00,394.09,6,3,0,387.23,393.0733333333331,393.6566666666667,855.22
2023-07-20 07:00:00,855.22,7,3,0,394.09,545.5133333333332,469.6033333333333,861.42
2023-07-20 08:00:00,861.42,8,3,0,855.22,703.5766666666665,548.3666666666667,846.64
2023-07-20 09:00:00,846.64,9,3,0,861.42,854.4266666666664,623.75,856.05
2023-07-20 10:00:00,856.05,10,3,0,846.64,854.703333333333,700.1083333333332,834.69
2023-07-20 11:00:00,834.69,11,3,0,856.05,845.7933333333331,774.685,855.28
2023-07-20 12:00:00,855.28,12,3,0,834.69,848.6733333333332,851.5499999999998,843.57
2023-07-20 13:00:00,843.57,13,3,0,855.28,844.5133333333332,849.6083333333335,852.46
2023-07-20 14:00:00,852.46,14,3,0,843.57,850.4366666666665,848.1150000000001,648.02
2023-07-20 15:00:00,648.02,15,3,0,852.46,781.3499999999998,815.0116666666667,660.56
2023-07-20 16:00:00,660.56,16,3,0,648.02,720.3466666666664,782.43,643.0
2023-07-20 17:00:00,643.0,17,3,0,660.56,650.5266666666664,750.4816666666667,655.02
2023-07-20 18:00:00,655.02,18,3,0,643.0,652.8599999999998,717.105,647.76
2023-07-20 19:00:00,647.76,19,3,0,655.02,648.5933333333331,684.4699999999999,648.73
2023-07-20 20:00:00,648.73,20,3,0,647.76,650.5033333333331,650.515,398.53
2023-07-20 21:00:00,398.53,21,3,0,648.73,565.0066666666664,608.9333333333333,393.23
2023-07-20 22:00:00,393.23,22,3,0,398.53,480.1633333333331,564.3783333333333,399.89
2023-07-20 23:00:00,399.89,23,3,0,393.23,397.21666666666647,523.86,399.5
2023-07-21 00:00:00,399.5,0,4,0,399.89,397.5399999999998,481.2733333333333,401.93
2023-07-21 01:00:00,401.93,1,4,0,399.5,400.4399999999998,440.3016666666667,400.68
2023-07-21 02:00:00,400.68,2,4,0,401.93,400.70333333333315,398.96000000000004,406.38
2023-07-21 03:00:00,406.38,3,4,0,400.68,402.99666666666644,400.26833333333326,407.39
2023-07-21 04:00:00,407.39,4,4,0,406.38,404.81666666666644,402.62833333333333,391.6
2023-07-21 05:00:00,391.6,5,4,0,407.39,401.7899999999998,401.24666666666667,406.95
2023-07-21 06:00:00,406.95,6,4,0,391.6,401.9799999999998,402.4883333333333,840.51
2023-07-21 07:00:00,840.51,7,4,0,406.95,546.3533333333331,475.58500000000004,854.7
2023-07-21 08:00:00,854.7,8,4,0,840.51,700.7199999999998,551.255,854.96
2023-07-21 09:00:00,854.96,9,4,0,854.7,850.0566666666665,626.0183333333333,834.71
2023-07-21 10:00:00,834.71,10,4,0,854.96,848.1233333333331,697.2383333333333,850.74
2023-07-21 11:00:00,850.74,11,4,0,834.71,846.8033333333332,773.7616666666667,846.25
2023-07-21 12:00:00,846.25,12,4,0,850.74,843.8999999999997,846.9783333333334,843.93
2023-07-21 13:00:00,843.93,13,4,0,846.25,846.973333333333,847.5483333333333,860.81
2023-07-21 14:00:00,860.81,14,4,0,843.93,850.3299999999998,848.5666666666666,644.77
2023-07-21 15:00:00,644.77,15,4,0,860.81,783.1699999999997,813.535,643.55
2023-07-21 16:00:00,643.55,16,4,0,644.77,716.3766666666664,781.6750000000001,650.61
2023-07-21 17:00:00,650.61,17,4,0,643.55,646.3099999999998,748.32,655.48
2023-07-21 18:00:00,655.48,18,4,0,650.61,649.8799999999998,716.525,648.87
2023-07-21 19:00:00,648.87,19,4,0,655.48,651.6533333333331,684.015,659.33
2023-07-21 20:00:00,659.33,20,4,0,648.87,654.5599999999998,650.435,404.25
2023-07-21 21:00:00,404.25,21,4,0,659.33,570.8166666666665,610.3483333333334,382.57
2023-07-21 22:00:00,382.57,22,4,0,404.25,482.0499999999999,566.8516666666667,395.76
2023-07-21 23:00:00,395.76,23,4,0,382.57,394.19333333333316,524.3766666666667,315.51
2023-07-22 00:00:00,315.51,0,5,1,395.76,364.6133333333332,467.715,323.83
2023-07-22 01:00:00,323.83,1,5,1,315.51,345.03333333333313,413.5416666666667,300.0
2023-07-22 02:00:00,300.0,2,5,1,323.83,313.1133333333332,353.65333333333336,340.39
2023-07-22 03:00:00,340.39,3,5,1,300.0,321.40666666666647,343.01,324.25
2023-07-22 04:00:00,324.25,4,5,1,340.39,321.54666666666645,333.29,321.19
2023-07-22 05:00:00,321.19,5,5,1,324.25,328.60999999999984,320.8616666666667,329.45
2023-07-22 06:00:00,329.45,6,5,1,321.19,324.96333333333314,323.185,788.75
2023-07-22 07:00:00,788.75,7,5,1,329.45,479.79666666666645,400.6716666666667,776.97
2023-07-22 08:00:00,776.97,8,5,1,788.75,631.7233333333331,480.1666666666667,777.59
2023-07-22 09:00:00,777.59,9,5,1,776.97,781.1033333333331,553.0333333333333,771.05
2023-07-22 10:00:00,771.05,10,5,1,777.59,775.203333333333,627.5,768.87
2023-07-22 11:00:00,768.87,11,5,1,771.05,772.5033333333331,702.1133333333333,766.19
2023-07-22 12:00:00,766.19,12,5,1,768.87,768.7033333333333,774.9033333333333,763.39
2023-07-22 13:00:00,763.39,13,5,1,766.19,766.1499999999997,770.6766666666666,764.5
2023-07-22 14:00:00,764.5,14,5,1,763.39,764.6933333333332,768.5983333333334,559.2
2023-07-22 15:00:00,559.2,15,5,1,764.5,695.6966666666666,732.1999999999999,569.39
2023-07-22 16:00:00,569.39,16,5,1,559.2,631.0299999999999,698.59,556.52
2023-07-22 17:00:00,556.52,17,5,1,569.39,561.7033333333331,663.1983333333334,571.53
2023-07-22 18:00:00,571.53,18,5,1,556.52,565.8133333333332,630.755,569.71
2023-07-22 19:00:00,569.71,19,5,1,571.53,565.9199999999997,598.475,571.18
2023-07-22 20:00:00,571.18,20,5,1,569.71,570.8066666666664,566.255,315.82
2023-07-22 21:00:00,315.82,21,5,1,571.18,485.5699999999999,525.6916666666667,344.61
2023-07-22 22:00:00,344.61,22,5,1,315.82,410.53666666666646,488.2283333333333,330.88
2023-07-22 23:00:00,330.88,23,5,1,344.61,330.4366666666665,450.62166666666667,310.04
2023-07-23 00:00:00,310.04,0,6,1,330.88,328.5099999999998,407.04,321.86
2023-07-23 01:00:00,321.86,1,6,1,310.04,320.92666666666645,365.73166666666674,315.14
2023-07-23 02:00:00,315.14,2,6,1,321.86,315.6799999999998,323.05833333333334,311.88
2023-07-23 03:00:00,311.88,3,6,1,315.14,316.2933333333331,322.4016666666667,309.28
2023-07-23 04:00:00,309.28,4,6,1,311.88,312.0999999999998,316.5133333333333,323.46
2023-07-23 05:00:00,323.46,5,6,1,309.28,314.87333333333316,315.2766666666667,314.55
2023-07-23 06:00:00,314.55,6,6,1,323.46,315.76333333333315,316.0283333333333,777.74
2023-07-23 07:00:00,777.74,7,6,1,314.55,471.9166666666665,392.0083333333334,777.95
2023-07-23 08:00:00,777.95,8,6,1,777.74,623.4133333333331,469.1433333333334,780.99
2023-07-23 09:00:00,780.99,9,6,1,777.95,778.8933333333331,547.3283333333334,763.18
2023-07-23 10:00:00,763.18,10,6,1,780.99,774.0399999999998,622.9783333333334,773.8
2023-07-23 11:00:00,773.8,11,6,1,763.18,772.6566666666664,698.035,775.06
2023-07-23 12:00:00,775.06,12,6,1,773.8,770.6799999999997,774.7866666666667,766.21
2023-07-23 13:00:00,766.21,13,6,1,775.06,771.6899999999999,772.8650000000001,763.83
2023-07-23 14:00:00,763.83,14,6,1,766.21,768.3666666666664,770.5116666666667,582.88
2023-07-23 15:00:00,582.88,15,6,1,763.83,704.3066666666664,737.4933333333333,571.82
2023-07-23 16:00:00,571.82,16,6,1,582.88,639.5099999999998,705.6,575.09
2023-07-23 17:00:00,575.09,17,6,1,571.82,576.5966666666665,672.4816666666667,563.42
2023-07-23 18:00:00,563.42,18,6,1,575.09,570.1099999999998,637.2083333333334,560.25
2023-07-23 19:00:00,560.25,19,6,1,563.42,566.2533333333331,602.8816666666667,565.44
2023-07-23 20:00:00,565.44,20,6,1,560.25,563.0366666666664,569.8166666666667,319.01
2023-07-23 21:00:00,319.01,21,6,1,565.44,481.56666666666644,525.8383333333334,311.49
2023-07-23 22:00:00,311.49,22,6,1,319.01,398.64666666666653,482.45,319.92
2023-07-23 23:00:00,319.92,23,6,1,311.49,316.80666666666644,439.9216666666666,386.49
2023-07-24 00:00:00,386.49,0,0,0,319.92,339.2999999999998,410.43333333333334,391.04
2023-07-24 01:00:00,391.04,1,0,0,386.49,365.81666666666644,382.23166666666674,405.37
2023-07-24 02:00:00,405.37,2,0,0,391.04,394.2999999999998,355.55333333333334,404.83
2023-07-24 03:00:00,404.83,3,0,0,405.37,400.4133333333331,369.8566666666666,396.86
2023-07-24 04:00:00,396.86,4,0,0,404.83,402.3533333333332,384.08500000000004,391.86
2023-07-24 05:00:00,391.86,5,0,0,396.86,397.84999999999985,396.075,391.78
2023-07-24 06:00:00,391.78,6,0,0,391.86,393.49999999999983,396.95666666666665,847.01
2023-07-24 07:00:00,847.01,7,0,0,391.78,543.5499999999998,472.95166666666665,855.16
2023-07-24 08:00:00,855.16,8,0,0,847.01,697.9833333333331,547.9166666666666,857.43
2023-07-24 09:00:00,857.43,9,0,0,855.16,853.1999999999998,623.35,846.03
2023-07-24 10:00:00,846.03,10,0,0,857.43,852.8733333333331,698.2116666666667,840.77
2023-07-24 11:00:00,840.77,11,0,0,846.03,848.0766666666665,773.0300000000001,852.14
2023-07-24 12:00:00,852.14,12,0,0,840.77,846.3133333333332,849.7566666666667,843.41
2023-07-24 13:00:00,843.41,13,0,0,852.14,845.4399999999999,849.1566666666666,845.85
2023-07-24 14:00:00,845.85,14,0,0,843.41,847.1333333333332,847.605,660.6
2023-07-24 15:00:00,660.6,15,0,0,845.85,783.2866666666665,814.7999999999998,656.62
2023-07-24 16:00:00,656.62,16,0,0,660.6,721.0233333333332,783.2316666666667,651.26
2023-07-24 17:00:00,651.26,17,0,0,656.62,656.1599999999999,751.6466666666666,639.82
2023-07-24 18:00:00,639.82,18,0,0,651.26,649.2333333333332,716.2600000000001,651.69
2023-07-24 19:00:00,651.69,19,0,0,639.82,647.5899999999998,684.3066666666667,658.5
2023-07-24 20:00:00,658.5,20,0,0,651.69,650.0033333333332,653.0816666666666,396.99
2023-07-24 21:00:00,396.99,21,0,0,658.5,569.0599999999998,609.1466666666666,410.81
2023-07-24 22:00:00,410.81,22,0,0,396.99,488.7666666666665,568.1783333333334,410.34
2023-07-24 23:00:00,410.34,23,0,0,410.81,406.04666666666645,528.025,413.31
2023-07-25 00:00:00,413.31,0,1,0,410.34,411.4866666666665,490.2733333333333,402.44
2023-07-25 01:00:00,402.44,1,1,0,413.31,408.69666666666654,448.7316666666666,404.7
2023-07-25 02:00:00,404.7,2,1,0,402.44,406.81666666666655,406.4316666666667,411.31
2023-07-25 03:00:00,411.31,3,1,0,404.7,406.14999999999986,408.8183333333333,403.58
2023-07-25 04:00:00,403.58,4,1,0,411.31,406.5299999999998,407.6133333333333,395.99
2023-07-25 05:00:00,395.99,5,1,0,403.58,403.6266666666665,405.22166666666664,396.41
2023-07-25 06:00:00,396.41,6,1,0,395.99,398.65999999999985,402.405,851.91
2023-07-25 07:00:00,851.91,7,1,0,396.41,548.1033333333331,477.3166666666666,839.68
2023-07-25 08:00:00,839.68,8,1,0,851.91,695.9999999999999,549.8133333333334,848.85
2023-07-25 09:00:00,848.85,9,1,0,839.68,846.8133333333332,622.7366666666667,858.77
2023-07-25 10:00:00,858.77,10,1,0,848.85,849.0999999999999,698.6016666666668,832.47
2023-07-25 11:00:00,832.47,11,1,0,858.77,846.6966666666666,771.3483333333334,862.28
2023-07-25 12:00:00,862.28,12,1,0,832.47,851.1733333333332,848.9933333333333,858.98
2023-07-25 13:00:00,858.98,13,1,0,862.28,851.2433333333332,850.1716666666667,846.32
2023-07-25 14:00:00,846.32,14,1,0,858.98,855.8599999999998,851.2783333333333,654.35
2023-07-25 15:00:00,654.35,15,1,0,846.32,786.5499999999998,818.8616666666667,650.03
2023-07-25 16:00:00,650.03,16,1,0,654.35,716.9,784.0716666666667,659.84
2023-07-25 17:00:00,659.84,17,1,0,650.03,654.7399999999999,755.3000000000001,657.86
2023-07-25 18:00:00,657.86,18,1,0,659.84,655.9099999999999,721.23,638.8
2023-07-25 19:00:00,638.8,19,1,0,657.86,652.1666666666665,684.5333333333333,654.7
2023-07-25 20:00:00,654.7,20,1,0,638.8,650.4533333333333,652.5966666666667,398.35
2023-07-25 21:00:00,398.35,21,1,0,654.7,563.9499999999998,609.93,400.66
2023-07-25 22:00:00,400.66,22,1,0,398.35,484.56999999999994,568.3683333333335,394.17
2023-07-25 23:00:00,394.17,23,1,0,400.66,397.7266666666665,524.09,413.99
2023-07-26 00:00:00,413.99,0,2,0,394.17,402.9399999999999,483.445,408.32
2023-07-26 01:00:00,408.32,1,2,0,413.99,405.49333333333317,445.0316666666667,394.08
2023-07-26 02:00:00,394.08,2,2,0,408.32,405.46333333333314,401.595,389.32
2023-07-26 03:00:00,389.32,3,2,0,394.08,397.23999999999984,400.09,396.91
2023-07-26 04:00:00,396.91,4,2,0,389.32,393.4366666666665,399.465,403.48
2023-07-26 05:00:00,403.48,5,2,0,396.91,396.5699999999999,401.01666666666665,401.92
2023-07-26 06:00:00,401.92,6,2,0,403.48,400.7699999999999,399.00500000000005,860.03
2023-07-26 07:00:00,860.03,7,2,0,401.92,555.1433333333332,474.28999999999996,856.32
2023-07-26 08:00:00,856.32,8,2,0,860.03,706.0899999999998,551.33,857.76
2023-07-26 09:00:00,857.76,9,2,0,856.32,858.0366666666665,629.4033333333333,852.61
2023-07-26 10:00:00,852.61,10,2,0,857.76,855.5633333333332,705.3533333333334,838.89
2023-07-26 11:00:00,838.89,11,2,0,852.61,849.7533333333331,777.9216666666666,848.43
2023-07-26 12:00:00,848.43,12,2,0,838.89,846.6433333333331,852.34,858.48
2023-07-26 13:00:00,858.48,13,2,0,848.43,848.5999999999998,852.0816666666666,849.59
2023-07-26 14:00:00,849.59,14,2,0,858.48,852.1666666666665,850.9599999999999,654.02
2023-07-26 15:00:00,654.02,15,2,0,849.59,787.3633333333332,817.0033333333334,647.45
2023-07-26 16:00:00,647.45,16,2,0,654.02,717.0199999999999,782.81,641.76
2023-07-26 17:00:00,641.76,17,2,0,647.45,647.7433333333332,749.9549999999999,649.01
2023-07-26 18:00:00,649.01,18,2,0,641.76,646.0733333333332,716.7183333333334,652.47
2023-07-26 19:00:00,652.47,19,2,0,649.01,647.7466666666666,682.3833333333333,644.75
2023-07-26 20:00:00,644.75,20,2,0,652.47,648.7433333333332,648.2433333333333,398.11
2023-07-26 21:00:00,398.11,21,2,0,644.75,565.1099999999999,605.5916666666667,392.48
2023-07-26 22:00:00,392.48,22,2,0,398.11,478.44666666666654,563.0966666666667,408.95
2023-07-26 23:00:00,408.95,23,2,0,392.48,399.8466666666665,524.295,397.64
2023-07-27 00:00:00,397.64,0,3,0,408.95,399.6899999999998,482.40000000000003,411.62
2023-07-27 01:00:00,411.62,1,3,0,397.64,406.0699999999999,442.25833333333327,412.23
2023-07-27 02:00:00,412.23,2,3,0,411.62,407.1633333333332,403.50499999999994,399.35
2023-07-27 03:00:00,399.35,3,3,0,412.23,407.7333333333332,403.71166666666664,391.93
2023-07-27 04:00:00,391.93,4,3,0,399.35,401.16999999999985,403.62000000000006,383.31
2023-07-27 05:00:00,383.31,5,3,0,391.93,391.5299999999998,399.34666666666664,388.22
2023-07-27 06:00:00,388.22,6,3,0,383.31,387.8199999999999,397.7766666666667,839.01
2023-07-27 07:00:00,839.01,7,3,0,388.22,536.8466666666665,469.0083333333334,861.03
2023-07-27 08:00:00,861.03,8,3,0,839.01,696.0866666666665,543.8083333333333,850.93
2023-07-27 09:00:00,850.93,9,3,0,861.03,850.3233333333332,619.0716666666666,853.12
2023-07-27 10:00:00,853.12,10,3,0,850.93,855.0266666666665,695.9366666666666,832.24
2023-07-27 11:00:00,832.24,11,3,0,853.12,845.4299999999998,770.7583333333332,840.42
2023-07-27 12:00:00,840.42,12,3,0,832.24,841.9266666666666,846.1249999999999,857.1
2023-07-27 13:00:00,857.1,13,3,0,840.42,843.2533333333331,849.14,852.29
2023-07-27 14:00:00,852.29,14,3,0,857.1,849.9366666666665,847.6833333333333,648.82
2023-07-27 15:00:00,648.82,15,3,0,852.29,786.0699999999998,813.9983333333333,654.52
2023-07-27 16:00:00,654.52,16,3,0,648.82,718.5433333333332,780.8983333333334,663.09
2023-07-27 17:00:00,663.09,17,3,0,654.52,655.4766666666666,752.7066666666666,648.23
2023-07-27 18:00:00,648.23,18,3,0,663.09,655.2799999999999,720.6750000000001,650.55
2023-07-27 19:00:00,650.55,19,3,0,648.23,653.9566666666666,686.25,651.54
2023-07-27 20:00:00,651.54,20,3,0,650.55,650.1066666666665,652.7916666666666,419.14
2023-07-27 21:00:00,419.14,21,3,0,651.54,573.7433333333332,614.5116666666667,383.21
2023-07-27 22:00:00,383.21,22,3,0,419.14,484.6299999999998,569.2933333333333,405.47
2023-07-27 23:00:00,405.47,23,3,0,383.21,402.6066666666665,526.3566666666667,399.08
2023-07-28 00:00:00,399.08,0,4,0,405.47,395.91999999999985,484.83166666666665,404.53
2023-07-28 01:00:00,404.53,1,4,0,399.08,403.0266666666665,443.8283333333333,394.74
2023-07-28 02:00:00,394.74,2,4,0,404.53,399.4499999999998,401.02833333333336,399.61
2023-07-28 03:00:00,399.61,3,4,0,394.74,399.62666666666655,397.77333333333337,405.69
2023-07-28 04:00:00,405.69,4,4,0,399.61,400.01333333333315,401.52,424.9
2023-07-28 05:00:00,424.9,5,4,0,405.69,410.06666666666655,404.7583333333334,406.46
2023-07-28 06:00:00,406.46,6,4,0,424.9,412.34999999999985,405.9883333333334,843.22
2023-07-28 07:00:00,843.22,7,4,0,406.46,558.1933333333332,479.1033333333333,846.61
2023-07-28 08:00:00,846.61,8,4,0,843.22,698.7633333333332,554.4150000000001,846.37
2023-07-28 09:00:00,846.37,9,4,0,846.61,845.4,628.875,835.63
2023-07-28 10:00:00,835.63,10,4,0,846.37,842.8699999999999,700.5316666666666,847.36
2023-07-28 11:00:00,847.36,11,4,0,835.63,843.1199999999999,770.9416666666666,855.86
2023-07-28 12:00:00,855.86,12,4,0,847.36,846.2833333333332,845.8416666666667,839.81
2023-07-28 13:00:00,839.81,13,4,0,855.86,847.6766666666664,845.2733333333332,858.39
2023-07-28 14:00:00,858.39,14,4,0,839.81,851.3533333333331,847.2366666666667,653.9
2023-07-28 15:00:00,653.9,15,4,0,858.39,784.0333333333332,815.1583333333333,644.13
2023-07-28 16:00:00,644.13,16,4,0,653.9,718.8066666666664,783.2416666666667,648.87
2023-07-28 17:00:00,648.87,17,4,0,644.13,648.9666666666666,750.16,662.79
2023-07-28 18:00:00,662.79,18,4,0,648.87,651.9299999999998,717.9816666666667,655.87
2023-07-28 19:00:00,655.87,19,4,0,662.79,655.8433333333331,687.3249999999999,650.07
2023-07-28 20:00:00,650.07,20,4,0,655.87,656.2433333333332,652.6049999999999,398.1
2023-07-28 21:00:00,398.1,21,4,0,650.07,568.0133333333332,609.9716666666667,400.61
2023-07-28 22:00:00,400.61,22,4,0,398.1,482.92666666666656,569.385,395.91
2023-07-28 23:00:00,395.91,23,4,0,400.61,398.20666666666654,527.225,303.16
2023-07-29 00:00:00,303.16,0,5,1,395.91,366.5599999999999,467.2866666666667,336.34
2023-07-29 01:00:00,336.34,1,5,1,303.16,345.13666666666654,414.03166666666675,321.24
2023-07-29 02:00:00,321.24,2,5,1,336.34,320.2466666666665,359.2266666666667,323.19
2023-07-29 03:00:00,323.19,3,5,1,321.24,326.9233333333332,346.7416666666666,319.54
2023-07-29 04:00:00,319.54,4,5,1,323.19,321.3233333333332,333.22999999999996,314.12
2023-07-29 05:00:00,314.12,5,5,1,319.54,318.9499999999999,319.59833333333336,318.51
2023-07-29 06:00:00,318.51,6,5,1,314.12,317.3899999999999,322.1566666666667,757.2
2023-07-29 07:00:00,757.2,7,5,1,318.51,463.2766666666666,392.3,788.22
2023-07-29 08:00:00,788.22,8,5,1,757.2,621.3099999999998,470.13000000000005,760.12
2023-07-29 09:00:00,760.12,9,5,1,788.22,768.5133333333332,542.9516666666667,761.74
2023-07-29 10:00:00,761.74,10,5,1,760.12,770.0266666666665,616.6516666666668,766.48
2023-07-29 11:00:00,766.48,11,5,1,761.74,762.7799999999999,692.0450000000001,780.3
2023-07-29 12:00:00,780.3,12,5,1,766.48,769.5066666666665,769.0100000000001,770.12
2023-07-29 13:00:00,770.12,13,5,1,780.3,772.2999999999998,771.1633333333334,760.11
2023-07-29 14:00:00,760.11,14,5,1,770.12,770.1766666666664,766.4783333333334,580.03
2023-07-29 15:00:00,580.03,15,5,1,760.11,703.42,736.4633333333333,575.85
2023-07-29 16:00:00,575.85,16,5,1,580.03,638.6633333333332,705.4816666666666,574.31
2023-07-29 17:00:00,574.31,17,5,1,575.85,576.7299999999999,673.4533333333333,575.73
2023-07-29 18:00:00,575.73,18,5,1,574.31,575.2966666666665,639.3583333333333,589.15
2023-07-29 19:00:00,589.15,19,5,1,575.73,579.7299999999999,609.1966666666666,587.48
2023-07-29 20:00:00,587.48,20,5,1,589.15,584.1199999999999,580.4250000000001,314.51
2023-07-29 21:00:00,314.51,21,5,1,587.48,497.04666666666645,536.1716666666666,332.99
2023-07-29 22:00:00,332.99,22,5,1,314.51,411.65999999999985,495.695,323.07
2023-07-29 23:00:00,323.07,23,5,1,332.99,323.52333333333314,453.82166666666666,323.99
2023-07-30 00:00:00,323.99,0,6,1,323.07,326.68333333333317,411.865,306.46
2023-07-30 01:00:00,306.46,1,6,1,323.99,317.83999999999986,364.75,318.64
2023-07-30 02:00:00,318.64,2,6,1,306.46,316.3633333333332,319.9433333333333,313.5
2023-07-30 03:00:00,313.5,3,6,1,318.64,312.8666666666665,319.77500000000003,326.62
2023-07-30 04:00:00,326.62,4,6,1,313.5,319.58666666666653,318.7133333333333,328.57
2023-07-30 05:00:00,328.57,5,6,1,326.62,322.89666666666653,319.63,303.4
2023-07-30 06:00:00,303.4,6,6,1,328.57,319.5299999999998,316.1983333333333,769.82
2023-07-30 07:00:00,769.82,7,6,1,303.4,467.26333333333315,393.425,778.97
2023-07-30 08:00:00,778.97,8,6,1,769.82,617.3966666666665,470.1466666666667,768.51
2023-07-30 09:00:00,768.51,9,6,1,778.97,772.4333333333333,545.9816666666667,775.83
2023-07-30 10:00:00,775.83,10,6,1,768.51,774.4366666666665,620.85,772.81
2023-07-30 11:00:00,772.81,11,6,1,775.83,772.3833333333332,694.89,772.73
2023-07-30 12:00:00,772.73,12,6,1,772.81,773.79,773.1116666666667,767.83
2023-07-30 13:00:00,767.83,13,6,1,772.73,771.1233333333333,772.7800000000001,760.27
2023-07-30 14:00:00,760.27,14,6,1,767.83,766.9433333333333,769.6633333333333,561.03
2023-07-30 15:00:00,561.03,15,6,1,760.27,696.3766666666666,735.0833333333334,575.67
2023-07-30 16:00:00,575.67,16,6,1,561.03,632.3233333333332,701.7233333333334,570.16
2023-07-30 17:00:00,570.16,17,6,1,575.67,568.9533333333333,667.9483333333333,568.89
2023-07-30 18:00:00,568.89,18,6,1,570.16,571.5733333333332,633.975,566.61
2023-07-30 19:00:00,566.61,19,6,1,568.89,568.5533333333333,600.4383333333334,567.56
2023-07-30 20:00:00,567.56,20,6,1,566.61,567.6866666666665,568.32,328.38
2023-07-30 21:00:00,328.38,21,6,1,567.56,487.5166666666666,529.545,317.32
2023-07-30 22:00:00,317.32,22,6,1,328.38,404.41999999999985,486.4866666666667,309.27
2023-07-30 23:00:00,309.27,23,6,1,317.32,318.3233333333332,443.00500000000005,405.95
2023-07-31 00:00:00,405.95,0,0,0,309.27,344.17999999999984,415.8483333333333,398.36
2023-07-31 01:00:00,398.36,1,0,0,405.95,371.1933333333332,387.8066666666667,400.25
2023-07-31 02:00:00,400.25,2,0,0,398.36,401.5199999999999,359.9216666666666,412.86
2023-07-31 03:00:00,412.86,3,0,0,400.25,403.82333333333327,374.0016666666666,399.84
2023-07-31 04:00:00,399.84,4,0,0,412.86,404.31666666666655,387.75499999999994,402.31
2023-07-31 05:00:00,402.31,5,0,0,399.84,405.0033333333333,403.2616666666666,390.57
2023-07-31 06:00:00,390.57,6,0,0,402.31,397.5733333333332,400.6983333333333,848.24
2023-07-31 07:00:00,848.24,7,0,0,390.57,547.0399999999998,475.6783333333333,854.88
2023-07-31 08:00:00,854.88,8,0,0,848.24,697.8966666666665,551.4499999999999,837.56
2023-07-31 09:00:00,837.56,9,0,0,854.88,846.8933333333331,622.2333333333332,851.61
2023-07-31 10:00:00,851.61,10,0,0,837.56,848.0166666666664,697.5283333333333,850.81
2023-07-31 11:00:00,850.81,11,0,0,851.61,846.6599999999999,772.2783333333333,850.33
2023-07-31 12:00:00,850.33,12,0,0,850.81,850.9166666666665,848.9050000000001,858.3
2023-07-31 13:00:00,858.3,13,0,0,850.33,853.1466666666665,850.5816666666666,852.68
2023-07-31 14:00:00,852.68,14,0,0,858.3,853.7699999999999,850.215,661.82
2023-07-31 15:00:00,661.82,15,0,0,852.68,790.9333333333333,820.9249999999998,642.05
2023-07-31 16:00:00,642.05,16,0,0,661.82,718.8499999999998,785.9983333333333,651.09
2023-07-31 17:00:00,651.09,17,0,0,642.05,651.6533333333332,752.7116666666667,650.68
2023-07-31 18:00:00,650.68,18,0,0,651.09,647.9399999999997,719.4366666666666,641.45
2023-07-31 19:00:00,641.45,19,0,0,650.68,647.7399999999999,683.295,657.65
2023-07-31 20:00:00,657.65,20,0,0,641.45,649.9266666666665,650.79,418.6
2023-07-31 21:00:00,418.6,21,0,0,657.65,572.5666666666665,610.2533333333333,399.86
2023-07-31 22:00:00,399.86,22,0,0,418.6,492.0366666666666,569.8883333333333,404.04
2023-07-31 23:00:00,404.04,23,0,0,399.86,407.49999999999983,528.7133333333334,375.68
2023-08-01 00:00:00,375.68,0,1,0,404.04,393.19333333333316,482.88000000000005,369.29
2023-08-01 01:00:00,369.29,1,1,0,375.68,383.00333333333316,437.52,360.43
2023-08-01 02:00:00,360.43,2,1,0,369.29,368.4666666666665,387.98333333333335,369.35
2023-08-01 03:00:00,369.35,3,1,0,360.43,366.35666666666657,379.77500000000003,363.86
2023-08-01 04:00:00,363.86,4,1,0,369.35,364.54666666666657,373.77500000000003,388.63
2023-08-01 05:00:00,388.63,5,1,0,363.86,373.94666666666654,371.2066666666667,374.08
2023-08-01 06:00:00,374.08,6,1,0,388.63,375.52333333333314,370.94,822.23
2023-08-01 07:00:00,822.23,7,1,0,374.08,528.3133333333332,446.43,832.11
2023-08-01 08:00:00,832.11,8,1,0,822.23,676.1399999999998,525.0433333333333,816.03
2023-08-01 09:00:00,816.03,9,1,0,832.11,823.4566666666665,599.49,818.87
2023-08-01 10:00:00,818.87,10,1,0,816.03,822.3366666666665,675.3249999999999,825.54
2023-08-01 11:00:00,825.54,11,1,0,818.87,820.1466666666664,748.1433333333334,833.23
2023-08-01 12:00:00,833.23,12,1,0,825.54,825.8799999999998,824.6683333333334,829.01
2023-08-01 13:00:00,829.01,13,1,0,833.23,829.2599999999998,825.7983333333333,826.99
2023-08-01 14:00:00,826.99,14,1,0,829.01,829.7433333333332,824.945,625.62
2023-08-01 15:00:00,625.62,15,1,0,826.99,760.5399999999998,793.21,628.2
2023-08-01 16:00:00,628.2,16,1,0,625.62,693.6033333333331,761.4316666666667,626.61
2023-08-01 17:00:00,626.61,17,1,0,628.2,626.8099999999998,728.2766666666666,616.76
2023-08-01 18:00:00,616.76,18,1,0,626.61,623.8566666666666,692.1983333333334,625.37
2023-08-01 19:00:00,625.37,19,1,0,616.76,622.9133333333331,658.2583333333333,616.41
2023-08-01 20:00:00,616.41,20,1,0,625.37,619.5133333333332,623.1616666666667,375.65
2023-08-01 21:00:00,375.65,21,1,0,616.41,539.1433333333331,581.5,371.15
2023-08-01 22:00:00,371.15,22,1,0,375.65,454.40333333333314,538.6583333333333,395.32
2023-08-01 23:00:00,395.32,23,1,0,371.15,380.7066666666665,500.11000000000007,374.68
2023-08-02 00:00:00,374.68,0,2,0,395.32,380.38333333333316,459.7633333333333,363.77
2023-08-02 01:00:00,363.77,1,2,0,374.68,377.9233333333332,416.16333333333336,373.93
2023-08-02 02:00:00,373.93,2,2,0,363.77,370.7933333333331,375.75,379.15
2023-08-02 03:00:00,379.15,3,2,0,373.93,372.28333333333313,376.3333333333333,388.39
2023-08-02 04:00:00,388.39,4,2,0,379.15,380.4899999999998,379.20666666666665,370.28
2023-08-02 05:00:00,370.28,5,2,0,388.39,379.2733333333331,375.0333333333333,362.34
2023-08-02 06:00:00,362.34,6,2,0,370.28,373.6699999999998,372.97666666666663,831.53
2023-08-02 07:00:00,831.53,7,2,0,362.34,521.3833333333331,450.93666666666667,813.96
2023-08-02 08:00:00,813.96,8,2,0,831.53,669.2766666666665,524.275,821.51
2023-08-02 09:00:00,821.51,9,2,0,813.96,822.3333333333331,598.0016666666667,822.94
2023-08-02 10:00:00,822.94,10,2,0,821.51,819.4699999999998,670.4266666666667,824.44
2023-08-02 11:00:00,824.44,11,2,0,822.94,822.9633333333331,746.12,830.51
2023-08-02 12:00:00,830.51,12,2,0,824.44,825.9633333333331,824.1483333333332,819.53
2023-08-02 13:00:00,819.53,13,2,0,830.51,824.8266666666665,822.1483333333334,822.81
2023-08-02 14:00:00,822.81,14,2,0,819.53,824.2833333333332,823.6233333333333,624.89
2023-08-02 15:00:00,624.89,15,2,0,822.81,755.7433333333332,790.8533333333334,626.2
2023-08-02 16:00:00,626.2,16,2,0,624.89,691.2999999999998,758.0633333333334,625.78
2023-08-02 17:00:00,625.78,17,2,0,626.2,625.6233333333331,724.9533333333333,628.49
2023-08-02 18:00:00,628.49,18,2,0,625.78,626.8233333333332,691.2833333333333,631.75
2023-08-02 19:00:00,631.75,19,2,0,628.49,628.6733333333332,659.9866666666667,628.14
2023-08-02 20:00:00,628.14,20,2,0,631.75,629.4599999999997,627.5416666666666,378.63
2023-08-02 21:00:00,378.63,21,2,0,628.14,546.1733333333332,586.4983333333333,362.34
2023-08-02 22:00:00,362.34,22,2,0,378.63,456.36999999999983,542.5216666666666,375.4
2023-08-02 23:00:00,375.4,23,2,0,362.34,372.12333333333316,500.7916666666667,378.84
2023-08-03 00:00:00,378.84,0,3,0,375.4,372.19333333333316,459.18333333333334,380.83
2023-08-03 01:00:00,380.83,1,3,0,378.84,378.3566666666665,417.3633333333333,369.46
2023-08-03 02:00:00,369.46,2,3,0,380.83,376.3766666666664,374.25,369.73
2023-08-03 03:00:00,369.73,3,3,0,369.46,373.33999999999986,372.76666666666665,370.41
2023-08-03 04:00:00,370.41,4,3,0,369.73,369.8666666666665,374.1116666666667,379.29
2023-08-03 05:00:00,379.29,5,3,0,370.41,373.14333333333315,374.76,383.27
2023-08-03 06:00:00,383.27,6,3,0,379.29,377.65666666666647,375.4983333333333,821.74
2023-08-03 07:00:00,821.74,7,3,0,383.27,528.0999999999998,448.98333333333335,832.26
2023-08-03 08:00:00,832.26,8,3,0,821.74,679.0899999999998,526.1166666666667,825.99
2023-08-03 09:00:00,825.99,9,3,0,832.26,826.6633333333331,602.16,824.01
2023-08-03 10:00:00,824.01,10,3,0,825.99,827.4199999999997,677.76,823.31
2023-08-03 11:00:00,823.31,11,3,0,824.01,824.4366666666665,751.7633333333333,830.97
2023-08-03 12:00:00,830.97,12,3,0,823.31,826.0966666666665,826.38,827.6
2023-08-03 13:00:00,827.6,13,3,0,830.97,827.2933333333331,827.3566666666666,843.21
2023-08-03 14:00:00,843.21,14,3,0,827.6,833.9266666666666,829.1816666666667,618.18
2023-08-03 15:00:00,618.18,15,3,0,843.21,762.9966666666664,794.5466666666666,629.14
2023-08-03 16:00:00,629.14,16,3,0,618.18,696.8433333333332,762.0683333333333,620.77
2023-08-03 17:00:00,620.77,17,3,0,629.14,622.6966666666665,728.3116666666666,618.05
2023-08-03 18:00:00,618.05,18,3,0,620.77,622.6533333333331,692.8249999999999,624.91
2023-08-03 19:00:00,624.91,19,3,0,618.05,621.243333333333,659.0433333333333,626.1
2023-08-03 20:00:00,626.1,20,3,0,624.91,623.0199999999998,622.8583333333332,398.35
2023-08-03 21:00:00,398.35,21,3,0,626.1,549.7866666666664,586.22,373.53
2023-08-03 22:00:00,373.53,22,3,0,398.35,465.99333333333317,543.6183333333333,365.96
2023-08-03 23:00:00,365.96,23,3,0,373.53,379.2799999999998,501.1499999999999,377.18
2023-08-04 00:00:00,377.18,0,4,0,365.96,372.22333333333313,461.00499999999994,358.4
2023-08-04 01:00:00,358.4,1,4,0,377.18,367.17999999999984,416.58666666666664,374.26
2023-08-04 02:00:00,374.26,2,4,0,358.4,369.94666666666643,374.6133333333333,375.13
2023-08-04 03:00:00,375.13,3,4,0,374.26,369.26333333333315,370.74333333333334,381.36
2023-08-04 04:00:00,381.36,4,4,0,375.13,376.9166666666665,372.04833333333335,382.79
2023-08-04 05:00:00,382.79,5,4,0,381.36,379.7599999999998,374.8533333333333,370.97
2023-08-04 06:00:00,370.97,6,4,0,382.79,378.37333333333316,373.8183333333333,823.8
2023-08-04 07:00:00,823.8,7,4,0,370.97,525.8533333333331,451.385,818.87
2023-08-04 08:00:00,818.87,8,4,0,823.8,671.2133333333331,525.4866666666667,815.98
2023-08-04 09:00:00,815.98,9,4,0,818.87,819.5499999999998,598.9616666666667,827.48
2023-08-04 10:00:00,827.48,10,4,0,815.98,820.7766666666665,673.3149999999999,814.81
2023-08-04 11:00:00,814.81,11,4,0,827.48,819.4233333333332,745.3183333333333,821.68
2023-08-04 12:00:00,821.68,12,4,0,814.81,821.3233333333332,820.4366666666666,817.04
2023-08-04 13:00:00,817.04,13,4,0,821.68,817.8433333333331,819.31,829.4
2023-08-04 14:00:00,829.4,14,4,0,817.04,822.7066666666665,821.0649999999999,639.41
2023-08-04 15:00:00,639.41,15,4,0,829.4,761.9499999999998,791.6366666666667,614.59
2023-08-04 16:00:00,614.59,16,4,0,639.41,694.4666666666666,756.1550000000001,610.18
2023-08-04 17:00:00,610.18,17,4,0,614.59,621.3933333333331,722.0500000000001,624.0
2023-08-04 18:00:00,624.0,18,4,0,610.18,616.2566666666665,689.1033333333334,625.13
2023-08-04 19:00:00,625.13,19,4,0,624.0,619.7699999999998,657.1183333333332,626.75
2023-08-04 20:00:00,626.75,20,4,0,625.13,625.2933333333332,623.3433333333334,371.43
2023-08-04 21:00:00,371.43,21,4,0,626.75,541.1033333333331,578.68,373.39
2023-08-04 22:00:00,373.39,22,4,0,371.43,457.1899999999998,538.48,377.94
2023-08-04 23:00:00,377.94,23,4,0,373.39,374.2533333333331,499.7733333333333,303.32
2023-08-05 00:00:00,303.32,0,5,1,377.94,351.5499999999998,446.32666666666665,300.0
2023-08-05 01:00:00,300.0,1,5,1,303.32,327.08666666666653,392.1383333333333,300.0
2023-08-05 02:00:00,300.0,2,5,1,300.0,301.1066666666665,337.68,300.0
2023-08-05 03:00:00,300.0,3,5,1,300.0,300.0,325.77500000000003,300.0
2023-08-05 04:00:00,300.0,4,5,1,300.0,300.0,313.54333333333335,308.85
2023-08-05 05:00:00,308.85,5,5,1,300.0,302.9499999999998,302.02833333333336,300.0
2023-08-05 06:00:00,300.0,6,5,1,308.85,302.9499999999998,301.47499999999997,744.67
2023-08-05 07:00:00,744.67,7,5,1,300.0,451.1733333333332,375.58666666666664,749.45
2023-08-05 08:00:00,749.45,8,5,1,744.67,598.0399999999998,450.49500000000006,740.27
2023-08-05 09:00:00,740.27,9,5,1,749.45,744.7966666666665,523.8733333333333,730.23
2023-08-05 10:00:00,730.23,10,5,1,740.27,739.9833333333332,595.5783333333334,741.57
2023-08-05 11:00:00,741.57,11,5,1,730.23,737.3566666666666,667.6983333333334,753.24
2023-08-05 12:00:00,753.24,12,5,1,741.57,741.6799999999998,743.2383333333333,742.3
2023-08-05 13:00:00,742.3,13,5,1,753.24,745.7033333333333,742.8433333333334,738.23
2023-08-05 14:00:00,738.23,14,5,1,742.3,744.5899999999998,740.9733333333334,552.41
2023-08-05 15:00:00,552.41,15,5,1,738.23,677.6466666666665,709.6633333333333,542.35
2023-08-05 16:00:00,542.35,16,5,1,552.41,610.9966666666664,678.35,540.92
2023-08-05 17:00:00,540.92,17,5,1,542.35,545.2266666666665,644.9083333333333,546.2
2023-08-05 18:00:00,546.2,18,5,1,540.92,543.1566666666665,610.4016666666666,551.17
2023-08-05 19:00:00,551.17,19,5,1,546.2,546.0966666666665,578.5466666666667,564.05
2023-08-05 20:00:00,564.05,20,5,1,551.17,553.8066666666665,549.5166666666667,301.62
2023-08-05 21:00:00,301.62,21,5,1,564.05,472.2799999999998,507.71833333333325,304.28
2023-08-05 22:00:00,304.28,22,5,1,301.62,389.9833333333331,468.03999999999996,300.0
2023-08-05 23:00:00,300.0,23,5,1,304.28,301.9666666666665,427.8866666666666,300.0
2023-08-06 00:00:00,300.0,0,6,1,300.0,301.4266666666665,386.8533333333333,300.0
2023-08-06 01:00:00,300.0,1,6,1,300.0,300.0,344.9916666666666,300.0
2023-08-06 02:00:00,300.0,2,6,1,300.0,300.0,300.98333333333335,300.0
2023-08-06 03:00:00,300.0,3,6,1,300.0,300.0,300.7133333333333,300.0
2023-08-06 04:00:00,300.0,4,6,1,300.0,300.0,300.0,300.0
2023-08-06 05:00:00,300.0,5,6,1,300.0,300.0,300.0,300.0
2023-08-06 06:00:00,300.0,6,6,1,300.0,300.0,300.0,749.03
2023-08-06 07:00:00,749.03,7,6,1,300.0,449.6766666666665,374.8383333333333,747.33
2023-08-06 08:00:00,747.33,8,6,1,749.03,598.7866666666665,449.3933333333334,740.94
2023-08-06 09:00:00,740.94,9,6,1,747.33,745.7666666666665,522.8833333333333,740.89
2023-08-06 10:00:00,740.89,10,6,1,740.94,743.0533333333333,596.365,735.41
2023-08-06 11:00:00,735.41,11,6,1,740.89,739.0799999999999,668.9333333333333,759.28
2023-08-06 12:00:00,759.28,12,6,1,735.41,745.1933333333332,745.48,745.11
2023-08-06 13:00:00,745.11,13,6,1,759.28,746.5999999999998,744.8266666666667,743.2
2023-08-06 14:00:00,743.2,14,6,1,745.11,749.1966666666666,744.1383333333333,537.57
2023-08-06 15:00:00,537.57,15,6,1,743.2,675.2933333333332,710.2433333333333,568.49
2023-08-06 16:00:00,568.49,16,6,1,537.57,616.42,681.51,536.41
2023-08-06 17:00:00,536.41,17,6,1,568.49,547.4899999999999,648.3433333333334,541.57
2023-08-06 18:00:00,541.57,18,6,1,536.41,548.8233333333333,612.0583333333333,548.33
2023-08-06 19:00:00,548.33,19,6,1,541.57,542.1033333333331,579.2616666666667,549.8
2023-08-06 20:00:00,549.8,20,6,1,548.33,546.5666666666665,547.0283333333333,302.66
2023-08-06 21:00:00,302.66,21,6,1,549.8,466.9299999999999,507.8766666666666,309.46
2023-08-06 22:00:00,309.46,22,6,1,302.66,387.30666666666656,464.705,300.0
2023-08-06 23:00:00,300.0,23,6,1,309.46,304.03999999999985,425.3033333333333,366.55
2023-08-07 00:00:00,366.55,0,0,0,300.0,325.33666666666653,396.1333333333334,372.94
2023-08-07 01:00:00,372.94,1,0,0,366.55,346.4966666666665,366.90166666666664,377.46
2023-08-07 02:00:00,377.46,2,0,0,372.94,372.31666666666655,338.17833333333334,391.55
2023-08-07 03:00:00,391.55,3,0,0,377.46,380.64999999999986,352.99333333333334,363.82
2023-08-07 04:00:00,363.82,4,0,0,391.55,377.60999999999984,362.0533333333333,384.62
2023-08-07 05:00:00,384.62,5,0,0,363.82,379.9966666666665,376.1566666666667,376.44
2023-08-07 06:00:00,376.44,6,0,0,384.62,374.95999999999987,377.805,831.7
2023-08-07 07:00:00,831.7,7,0,0,376.44,530.92,454.26500000000004,824.18
2023-08-07 08:00:00,824.18,8,0,0,831.7,677.4399999999998,528.7183333333334,818.26
2023-08-07 09:00:00,818.26,9,0,0,824.18,824.7133333333331,599.8366666666667,831.01
2023-08-07 10:00:00,831.01,10,0,0,818.26,824.4833333333331,677.7016666666667,830.24
2023-08-07 11:00:00,830.24,11,0,0,831.01,826.5033333333331,751.9716666666667,832.78
2023-08-07 12:00:00,832.78,12,0,0,830.24,831.3433333333332,828.0283333333332,824.89
2023-08-07 13:00:00,824.89,13,0,0,832.78,829.3033333333332,826.8933333333333,820.2
2023-08-07 14:00:00,820.2,14,0,0,824.89,825.9566666666665,826.23,612.53
2023-08-07 15:00:00,612.53,15,0,0,820.2,752.5399999999998,791.9416666666666,631.55
2023-08-07 16:00:00,631.55,16,0,0,612.53,688.0933333333332,758.6983333333333,628.39
2023-08-07 17:00:00,628.39,17,0,0,631.55,624.1566666666664,725.0566666666667,617.27
2023-08-07 18:00:00,617.27,18,0,0,628.39,625.7366666666666,689.1383333333333,620.69
2023-08-07 19:00:00,620.69,19,0,0,617.27,622.1166666666664,655.105,621.27
2023-08-07 20:00:00,621.27,20,0,0,620.69,619.7433333333332,621.95,363.14
2023-08-07 21:00:00,363.14,21,0,0,621.27,535.0333333333332,580.385,368.46
2023-08-07 22:00:00,368.46,22,0,0,363.14,450.9566666666665,536.5366666666667,365.93
2023-08-07 23:00:00,365.93,23,0,0,368.46,365.8433333333332,492.7933333333333,371.7
2023-08-08 00:00:00,371.7,0,1,0,365.93,368.6966666666665,451.865,369.09
2023-08-08 01:00:00,369.09,1,1,0,371.7,368.90666666666647,409.9316666666666,361.98
2023-08-08 02:00:00,361.98,2,1,0,369.09,367.58999999999986,366.71666666666664,391.18
2023-08-08 03:00:00,391.18,3,1,0,361.98,374.0833333333332,371.39000000000004,385.02
2023-08-08 04:00:00,385.02,4,1,0,391.18,379.3933333333332,374.15000000000003,368.77
2023-08-08 05:00:00,368.77,5,1,0,385.02,381.6566666666665,374.6233333333334,377.18
2023-08-08 06:00:00,377.18,6,1,0,368.77,376.9899999999998,375.5366666666667,828.34
2023-08-08 07:00:00,828.34,7,1,0,377.18,524.7633333333332,452.0783333333333,834.53
2023-08-08 08:00:00,834.53,8,1,0,828.34,680.0166666666665,530.8366666666667,818.45
2023-08-08 09:00:00,818.45,9,1,0,834.53,827.1066666666666,602.0483333333333,833.74
2023-08-08 10:00:00,833.74,10,1,0,818.45,828.9066666666664,676.835,820.62
2023-08-08 11:00:00,820.62,11,1,0,833.74,824.2699999999999,752.1433333333334,814.31
2023-08-08 12:00:00,814.31,12,1,0,820.62,822.8899999999999,824.9983333333333,830.79
2023-08-08 13:00:00,830.79,13,1,0,814.31,821.9066666666664,825.4066666666666,835.33
2023-08-08 14:00:00,835.33,14,1,0,830.79,826.8099999999998,825.54,645.7
2023-08-08 15:00:00,645.7,15,1,0,835.33,770.6066666666666,796.7483333333333,615.4
2023-08-08 16:00:00,615.4,16,1,0,645.7,698.81,760.3583333333332,630.59
2023-08-08 17:00:00,630.59,17,1,0,615.4,630.5633333333332,728.6866666666666,621.72
2023-08-08 18:00:00,621.72,18,1,0,630.59,622.5699999999998,696.5883333333333,631.27
2023-08-08 19:00:00,631.27,19,1,0,621.72,627.8599999999998,663.335,613.24
2023-08-08 20:00:00,613.24,20,1,0,631.27,622.0766666666665,626.32,364.9
2023-08-08 21:00:00,364.9,21,1,0,613.24,536.4699999999998,579.52,368.79
2023-08-08 22:00:00,368.79,22,1,0,364.9,448.9766666666665,538.4183333333334,375.63
2023-08-08 23:00:00,375.63,23,1,0,368.79,369.77333333333314,495.925,369.87
2023-08-09 00:00:00,369.87,0,2,0,375.63,371.42999999999984,453.95,380.27
2023-08-09 01:00:00,380.27,1,2,0,369.87,375.2566666666665,412.1166666666666,383.22
2023-08-09 02:00:00,383.22,2,2,0,380.27,377.78666666666646,373.78000000000003,379.8
2023-08-09 03:00:00,379.8,3,2,0,383.22,381.0966666666665,376.2633333333333,387.95
2023-08-09 04:00:00,387.95,4,2,0,379.8,383.6566666666665,379.4566666666667,378.33
2023-08-09 05:00:00,378.33,5,2,0,387.95,382.0266666666665,379.9066666666667,365.26
2023-08-09 06:00:00,365.26,6,2,0,378.33,377.17999999999984,379.1383333333333,835.91
2023-08-09 07:00:00,835.91,7,2,0,365.26,526.4999999999999,455.0783333333334,820.16
2023-08-09 08:00:00,820.16,8,2,0,835.91,673.7766666666665,527.9016666666666,832.28
2023-08-09 09:00:00,832.28,9,2,0,820.16,829.4499999999998,603.3149999999999,837.59
2023-08-09 10:00:00,837.59,10,2,0,832.28,830.0099999999999,678.255,828.65
2023-08-09 11:00:00,828.65,11,2,0,837.59,832.8399999999998,753.3083333333333,813.03
2023-08-09 12:00:00,813.03,12,2,0,828.65,826.4233333333332,827.9366666666666,817.65
2023-08-09 13:00:00,817.65,13,2,0,813.03,819.7766666666665,824.8933333333333,835.58
2023-08-09 14:00:00,835.58,14,2,0,817.65,822.0866666666665,827.4633333333333,623.65
2023-08-09 15:00:00,623.65,15,2,0,835.58,758.9599999999999,792.6916666666666,625.64
2023-08-09 16:00:00,625.64,16,2,0,623.65,694.9566666666665,757.3666666666667,631.07
2023-08-09 17:00:00,631.07,17,2,0,625.64,626.7866666666665,724.4366666666666,630.57
2023-08-09 18:00:00,630.57,18,2,0,631.07,629.0933333333331,694.0266666666666,627.23
2023-08-09 19:00:00,627.23,19,2,0,630.57,629.6233333333332,662.2900000000001,623.33
2023-08-09 20:00:00,623.33,20,2,0,627.23,627.0433333333332,626.9150000000001,372.5
2023-08-09 21:00:00,372.5,21,2,0,623.33,541.0199999999999,585.0566666666667,381.86
2023-08-09 22:00:00,381.86,22,2,0,372.5,459.22999999999985,544.4266666666667,379.43
2023-08-09 23:00:00,379.43,23,2,0,381.86,377.92999999999984,502.4866666666667,372.94
2023-08-10 00:00:00,372.94,0,3,0,379.43,378.07666666666654,459.54833333333335,383.66
2023-08-10 01:00:00,383.66,1,3,0,372.94,378.6766666666665,418.9533333333333,373.97
2023-08-10 02:00:00,373.97,2,3,0,383.66,376.8566666666665,377.3933333333334,368.19
2023-08-10 03:00:00,368.19,3,3,0,373.97,375.27333333333326,376.675,368.93
2023-08-10 04:00:00,368.93,4,3,0,368.19,370.3633333333332,374.52,367.17
2023-08-10 05:00:00,367.17,5,3,0,368.93,368.0966666666665,372.4766666666667,372.82
2023-08-10 06:00:00,372.82,6,3,0,367.17,369.6399999999999,372.4566666666667,834.87
2023-08-10 07:00:00,834.87,7,3,0,372.82,524.9533333333331,447.6583333333333,818.56
2023-08-10 08:00:00,818.56,8,3,0,834.87,675.4166666666665,521.7566666666667,826.51
2023-08-10 09:00:00,826.51,9,3,0,818.56,826.6466666666665,598.1433333333333,819.75
2023-08-10 10:00:00,819.75,10,3,0,826.51,821.6066666666666,673.28,822.92
2023-08-10 11:00:00,822.92,11,3,0,819.75,823.0599999999998,749.2383333333333,812.92
2023-08-10 12:00:00,812.92,12,3,0,822.92,818.5299999999997,822.5883333333333,823.24
2023-08-10 13:00:00,823.24,13,3,0,812.92,819.6933333333332,820.65,823.45
2023-08-10 14:00:00,823.45,14,3,0,823.24,819.8699999999999,821.465,629.32
2023-08-10 15:00:00,629.32,15,3,0,823.45,758.67,788.6,626.79
2023-08-10 16:00:00,626.79,16,3,0,629.32,693.1866666666665,756.44,615.41
2023-08-10 17:00:00,615.41,17,3,0,626.79,623.8399999999998,721.855,633.67
2023-08-10 18:00:00,633.67,18,3,0,615.41,625.2899999999998,691.98,626.68
2023-08-10 19:00:00,626.68,19,3,0,633.67,625.2533333333331,659.2199999999999,626.59
2023-08-10 20:00:00,626.59,20,3,0,626.68,628.9799999999999,626.41,374.93
2023-08-10 21:00:00,374.93,21,3,0,626.59,542.7333333333331,584.0116666666667,370.86
2023-08-10 22:00:00,370.86,22,3,0,374.93,457.45999999999987,541.3566666666667,376.74
2023-08-10 23:00:00,376.74,23,3,0,370.86,374.1766666666665,501.5783333333333,378.8
2023-08-11 00:00:00,378.8,0,4,0,376.74,375.4666666666665,459.1000000000001,361.02
2023-08-11 01:00:00,361.02,1,4,0,378.8,372.1866666666665,414.82333333333327,370.69
2023-08-11 02:00:00,370.69,2,4,0,361.02,370.16999999999985,372.17333333333335,372.96
2023-08-11 03:00:00,372.96,3,4,0,370.69,368.2233333333332,371.845,377.05
2023-08-11 04:00:00,377.05,4,4,0,372.96,373.56666666666655,372.8766666666666,384.55
2023-08-11 05:00:00,384.55,5,4,0,377.05,378.1866666666665,374.1783333333333,368.83
2023-08-11 06:00:00,368.83,6,4,0,384.55,376.8099999999999,372.51666666666665,821.02
2023-08-11 07:00:00,821.02,7,4,0,368.83,524.7999999999998,449.18333333333334,820.9
2023-08-11 08:00:00,820.9,8,4,0,821.02,670.2499999999999,524.2183333333334,818.59
2023-08-11 09:00:00,818.59,9,4,0,820.9,820.1699999999997,598.4899999999999,822.22
2023-08-11 10:00:00,822.22,10,4,0,818.59,820.5699999999998,672.6850000000001,831.17
2023-08-11 11:00:00,831.17,11,4,0,822.22,823.9933333333332,747.1216666666666,816.57
2023-08-11 12:00:00,816.57,12,4,0,831.17,823.3199999999998,821.745,828.42
2023-08-11 13:00:00,828.42,13,4,0,816.57,825.3866666666664,822.9783333333335,811.38
2023-08-11 14:00:00,811.38,14,4,0,828.42,818.7899999999998,821.3916666666668,620.51
2023-08-11 15:00:00,620.51,15,4,0,811.38,753.4366666666665,788.3783333333332,622.36
2023-08-11 16:00:00,622.36,16,4,0,620.51,684.7499999999999,755.0683333333333,638.4
2023-08-11 17:00:00,638.4,17,4,0,622.36,627.0899999999998,722.9399999999999,622.8
2023-08-11 18:00:00,622.8,18,4,0,638.4,627.8533333333331,690.645,607.39
2023-08-11 19:00:00,607.39,19,4,0,622.8,622.8633333333331,653.8066666666667,609.01
2023-08-11 20:00:00,609.01,20,4,0,607.39,613.0666666666665,620.0783333333333,375.27
2023-08-11 21:00:00,375.27,21,4,0,609.01,530.5566666666665,579.205,379.91
2023-08-11 22:00:00,379.91,22,4,0,375.27,454.72999999999985,538.7966666666667,378.0
2023-08-11 23:00:00,378.0,23,4,0,379.91,377.7266666666665,495.3966666666667,300.0
2023-08-12 00:00:00,300.0,0,5,1,378.0,352.63666666666654,441.59666666666664,304.3
2023-08-12 01:00:00,304.3,1,5,1,300.0,327.43333333333317,391.08166666666665,300.0
2023-08-12 02:00:00,300.0,2,5,1,304.3,301.43333333333317,339.58,302.16
2023-08-12 03:00:00,302.16,3,5,1,300.0,302.1533333333332,327.39500000000004,300.0
2023-08-12 04:00:00,300.0,4,5,1,302.16,300.71999999999986,314.07666666666665,300.0
2023-08-12 05:00:00,300.0,5,5,1,300.0,300.71999999999986,301.07666666666665,300.0
2023-08-12 06:00:00,300.0,6,5,1,300.0,300.0,301.07666666666665,742.8
2023-08-12 07:00:00,742.8,7,5,1,300.0,447.59999999999985,374.16,744.63
2023-08-12 08:00:00,744.63,8,5,1,742.8,595.8099999999998,448.26499999999993,745.91
2023-08-12 09:00:00,745.91,9,5,1,744.63,744.4466666666664,522.2233333333334,745.5
2023-08-12 10:00:00,745.5,10,5,1,745.91,745.3466666666665,596.4733333333334,737.58
2023-08-12 11:00:00,737.58,11,5,1,745.5,742.9966666666664,669.4033333333333,743.48
2023-08-12 12:00:00,743.48,12,5,1,737.58,742.1866666666665,743.3166666666666,733.02
2023-08-12 13:00:00,733.02,13,5,1,743.48,738.0266666666665,741.6866666666666,755.91
2023-08-12 14:00:00,755.91,14,5,1,733.02,744.1366666666667,743.5666666666666,542.57
2023-08-12 15:00:00,542.57,15,5,1,755.91,677.1666666666665,709.6766666666667,541.09
2023-08-12 16:00:00,541.09,16,5,1,542.57,613.1899999999999,675.6083333333335,557.71
2023-08-12 17:00:00,557.71,17,5,1,541.09,547.1233333333332,645.63,535.06
2023-08-12 18:00:00,535.06,18,5,1,557.71,544.6199999999999,610.8933333333333,536.0
2023-08-12 19:00:00,536.0,19,5,1,535.06,542.9233333333332,578.0566666666667,536.23
2023-08-12 20:00:00,536.23,20,5,1,536.0,535.7633333333332,541.4433333333333,300.0
2023-08-12 21:00:00,300.0,21,5,1,536.23,457.40999999999985,501.01500000000004,300.0
2023-08-12 22:00:00,300.0,22,5,1,300.0,378.74333333333317,460.8333333333333,300.92
2023-08-12 23:00:00,300.92,23,5,1,300.0,300.30666666666656,418.0349999999999,315.58
2023-08-13 00:00:00,315.58,0,6,1,300.92,305.49999999999983,381.455,300.0
2023-08-13 01:00:00,300.0,1,6,1,315.58,305.49999999999983,342.12166666666667,300.0
2023-08-13 02:00:00,300.0,2,6,1,300.0,305.19333333333316,302.75,300.0
2023-08-13 03:00:00,300.0,3,6,1,300.0,300.0,302.75,300.0
2023-08-13 04:00:00,300.0,4,6,1,300.0,300.0,302.75,300.0
2023-08-13 05:00:00,300.0,5,6,1,300.0,300.0,302.59666666666664,300.0
2023-08-13 06:00:00,300.0,6,6,1,300.0,300.0,300.0,758.48
2023-08-13 07:00:00,758.48,7,6,1,300.0,452.82666666666654,376.41333333333336,751.74
2023-08-13 08:00:00,751.74,8,6,1,758.48,603.4066666666665,451.7033333333334,745.19
2023-08-13 09:00:00,745.19,9,6,1,751.74,751.8033333333333,525.9016666666666,755.81
2023-08-13 10:00:00,755.81,10,6,1,745.19,750.9133333333333,601.87,732.9
2023-08-13 11:00:00,732.9,11,6,1,755.81,744.6333333333332,674.02,734.35
2023-08-13 12:00:00,734.35,12,6,1,732.9,741.0199999999999,746.4116666666667,727.58
2023-08-13 13:00:00,727.58,13,6,1,734.35,731.6099999999998,741.2616666666667,739.4
2023-08-13 14:00:00,739.4,14,6,1,727.58,733.7766666666665,739.205,546.29
2023-08-13 15:00:00,546.29,15,6,1,739.4,671.0899999999998,706.055,545.82
2023-08-13 16:00:00,545.82,16,6,1,546.29,610.5033333333332,671.0566666666667,546.19
2023-08-13 17:00:00,546.19,17,6,1,545.82,546.0999999999999,639.9383333333334,533.71
2023-08-13 18:00:00,533.71,18,6,1,546.19,541.9066666666666,606.4983333333333,551.43
2023-08-13 19:00:00,551.43,19,6,1,533.71,543.7766666666665,577.14,546.92
2023-08-13 20:00:00,546.92,20,6,1,551.43,544.0199999999999,545.0600000000001,300.86
2023-08-13 21:00:00,300.86,21,6,1,546.92,466.40333333333314,504.155,300.0
2023-08-13 22:00:00,300.0,22,6,1,300.86,382.5933333333332,463.185,300.0
2023-08-13 23:00:00,300.0,23,6,1,300.0,300.2866666666665,422.15333333333336,365.5
2023-08-14 00:00:00,365.5,0,0,0,300.0,321.8333333333332,394.11833333333334,371.82
2023-08-14 01:00:00,371.82,1,0,0,365.5,345.77333333333314,364.18333333333334,379.27
2023-08-14 02:00:00,379.27,2,0,0,371.82,372.1966666666665,336.2416666666666,375.73
2023-08-14 03:00:00,375.73,3,0,0,379.27,375.6066666666665,348.72,368.19
2023-08-14 04:00:00,368.19,4,0,0,375.73,374.39666666666653,360.08500000000004,375.05
2023-08-14 05:00:00,375.05,5,0,0,368.19,372.98999999999984,372.5933333333333,362.75
2023-08-14 06:00:00,362.75,6,0,0,375.05,368.6633333333332,372.135,834.2
2023-08-14 07:00:00,834.2,7,0,0,362.75,523.9999999999999,449.1983333333333,823.36
2023-08-14 08:00:00,823.36,8,0,0,834.2,673.4366666666665,523.2133333333334,833.95
2023-08-14 09:00:00,833.95,9,0,0,823.36,830.5033333333332,599.5833333333334,820.79
2023-08-14 10:00:00,820.79,10,0,0,833.95,826.0333333333332,675.0166666666667,820.81
2023-08-14 11:00:00,820.81,11,0,0,820.79,825.183333333333,749.31,818.89
2023-08-14 12:00:00,818.89,12,0,0,820.81,820.1633333333333,825.3333333333334,832.01
2023-08-14 13:00:00,832.01,13,0,0,818.89,823.9033333333332,824.9683333333332,819.32
2023-08-14 14:00:00,819.32,14,0,0,832.01,823.4066666666666,824.2950000000001,630.16
2023-08-14 15:00:00,630.16,15,0,0,819.32,760.4966666666666,790.3299999999999,621.94
2023-08-14 16:00:00,621.94,16,0,0,630.16,690.4733333333332,757.1883333333334,609.19
2023-08-14 17:00:00,609.19,17,0,0,621.94,620.4299999999998,721.9183333333334,620.44
2023-08-14 18:00:00,620.44,18,0,0,609.19,617.1899999999999,688.8433333333332,615.57
2023-08-14 19:00:00,615.57,19,0,0,620.44,615.0666666666666,652.7700000000001,625.27
2023-08-14 20:00:00,625.27,20,0,0,615.57,620.4266666666666,620.4283333333334,365.48
2023-08-14 21:00:00,365.48,21,0,0,625.27,535.4399999999999,576.315,382.41
2023-08-14 22:00:00,382.41,22,0,0,365.48,457.71999999999986,536.3933333333333,374.27
2023-08-14 23:00:00,374.27,23,0,0,382.41,374.0533333333332,497.24,373.58
2023-08-15 00:00:00,373.58,0,1,0,374.27,376.75333333333316,456.09666666666664,380.25
2023-08-15 01:00:00,380.25,1,1,0,373.58,376.03333333333313,416.8766666666666,382.71
2023-08-15 02:00:00,382.71,2,1,0,380.25,378.8466666666665,376.45,374.84
2023-08-15 03:00:00,374.84,3,1,0,382.71,379.2666666666665,378.01,368.83
2023-08-15 04:00:00,368.83,4,1,0,374.84,375.4599999999998,375.74666666666667,360.81
2023-08-15 05:00:00,360.81,5,1,0,368.83,368.15999999999985,373.50333333333333,369.51
2023-08-15 06:00:00,369.51,6,1,0,360.81,366.3833333333332,372.825,820.06
2023-08-15 07:00:00,820.06,7,1,0,369.51,516.7933333333332,446.1266666666667,825.86
2023-08-15 08:00:00,825.86,8,1,0,820.06,671.8099999999998,519.985,822.24
2023-08-15 09:00:00,822.24,9,1,0,825.86,822.7199999999999,594.5516666666666,830.5
2023-08-15 10:00:00,830.5,10,1,0,822.24,826.1999999999998,671.4966666666667,820.1
2023-08-15 11:00:00,820.1,11,1,0,830.5,824.2799999999999,748.0450000000001,824.54
2023-08-15 12:00:00,824.54,12,1,0,820.1,825.0466666666665,823.8833333333332,834.47
2023-08-15 13:00:00,834.47,13,1,0,824.54,826.3699999999999,826.285,827.73
2023-08-15 14:00:00,827.73,14,1,0,834.47,828.9133333333333,826.5966666666667,624.52
2023-08-15 15:00:00,624.52,15,1,0,827.73,762.2399999999999,793.6433333333333,620.18
2023-08-15 16:00:00,620.18,16,1,0,624.52,690.8099999999998,758.59,619.93
2023-08-15 17:00:00,619.93,17,1,0,620.18,621.5433333333331,725.2283333333334,618.2
2023-08-15 18:00:00,618.2,18,1,0,619.93,619.4366666666665,690.8383333333333,620.67
2023-08-15 19:00:00,620.67,19,1,0,618.2,619.5999999999998,655.2049999999999,631.05
2023-08-15 20:00:00,631.05,20,1,0,620.67,623.3066666666665,622.4250000000001,373.22
2023-08-15 21:00:00,373.22,21,1,0,631.05,541.6466666666664,580.5416666666666,364.2
2023-08-15 22:00:00,364.2,22,1,0,373.22,456.1566666666665,537.8783333333333,389.15
2023-08-15 23:00:00,389.15,23,1,0,364.2,375.52333333333314,499.41499999999996,377.56
2023-08-16 00:00:00,377.56,0,2,0,389.15,376.9699999999998,459.3083333333334,363.74
2023-08-16 01:00:00,363.74,1,2,0,377.56,376.81666666666644,416.4866666666667,371.47
2023-08-16 02:00:00,371.47,2,2,0,363.74,370.9233333333332,373.22333333333336,375.89
2023-08-16 03:00:00,375.89,3,2,0,371.47,370.3666666666665,373.66833333333335,388.64
2023-08-16 04:00:00,388.64,4,2,0,375.89,378.6666666666665,377.7416666666666,366.14
2023-08-16 05:00:00,366.14,5,2,0,388.64,376.8899999999999,373.9066666666667,382.81
2023-08-16 06:00:00,382.81,6,2,0,366.14,379.1966666666665,374.7816666666667,836.2
2023-08-16 07:00:00,836.2,7,2,0,382.81,528.3833333333332,453.52500000000003,819.97
2023-08-16 08:00:00,819.97,8,2,0,836.2,679.6599999999999,528.2750000000001,822.78
2023-08-16 09:00:00,822.78,9,2,0,819.97,826.3166666666665,602.7566666666667,816.71
2023-08-16 10:00:00,816.71,10,2,0,822.78,819.8199999999998,674.1016666666667,823.37
2023-08-16 11:00:00,823.37,11,2,0,816.71,820.9533333333333,750.3066666666667,824.71
2023-08-16 12:00:00,824.71,12,2,0,823.37,821.5966666666665,823.9566666666666,830.28
2023-08-16 13:00:00,830.28,13,2,0,824.71,826.1199999999999,822.9699999999999,833.72
2023-08-16 14:00:00,833.72,14,2,0,830.28,829.5699999999998,825.2616666666667,619.02
2023-08-16 15:00:00,619.02,15,2,0,833.72,761.0066666666665,791.3016666666667,609.26
2023-08-16 16:00:00,609.26,16,2,0,619.02,687.333333333333,756.7266666666666,624.83
2023-08-16 17:00:00,624.83,17,2,0,609.26,617.7033333333333,723.6366666666667,627.35
2023-08-16 18:00:00,627.35,18,2,0,624.83,620.4799999999999,690.7433333333333,627.0
2023-08-16 19:00:00,627.0,19,2,0,627.35,626.3933333333331,656.8633333333333,622.39
2023-08-16 20:00:00,622.39,20,2,0,627.0,625.5799999999998,621.6416666666668,376.0
2023-08-16 21:00:00,376.0,21,2,0,622.39,541.7966666666665,581.1383333333333,387.12
2023-08-16 22:00:00,387.12,22,2,0,376.0,461.8366666666664,544.115,378.05
2023-08-16 23:00:00,378.05,23,2,0,387.12,380.3899999999998,502.98499999999996,372.01
2023-08-17 00:00:00,372.01,0,3,0,378.05,379.0599999999998,460.42833333333334,371.0
2023-08-17 01:00:00,371.0,1,3,0,372.01,373.6866666666665,417.7616666666667,373.64
2023-08-17 02:00:00,373.64,2,3,0,371.0,372.21666666666647,376.30333333333334,388.09
2023-08-17 03:00:00,388.09,3,3,0,373.64,377.57666666666654,378.3183333333333,373.53
2023-08-17 04:00:00,373.53,4,3,0,388.09,378.4199999999998,376.05333333333334,374.84
2023-08-17 05:00:00,374.84,5,3,0,373.53,378.81999999999977,375.51833333333326,371.14
2023-08-17 06:00:00,371.14,6,3,0,374.84,373.1699999999998,375.3733333333333,833.79
2023-08-17 07:00:00,833.79,7,3,0,371.14,526.5899999999998,452.50499999999994,840.68
2023-08-17 08:00:00,840.68,8,3,0,833.79,681.8699999999998,530.3449999999999,828.6
2023-08-17 09:00:00,828.6,9,3,0,840.68,834.3566666666665,603.7633333333333,825.66
2023-08-17 10:00:00,825.66,10,3,0,828.6,831.6466666666664,679.1183333333333,825.29
2023-08-17 11:00:00,825.29,11,3,0,825.66,826.5166666666664,754.1933333333333,805.93
2023-08-17 12:00:00,805.93,12,3,0,825.29,818.9599999999997,826.6583333333332,830.96
2023-08-17 13:00:00,830.96,13,3,0,805.93,820.7266666666665,826.1866666666668,826.07
2023-08-17 14:00:00,826.07,14,3,0,830.96,820.9866666666666,823.7516666666667,628.43
2023-08-17 15:00:00,628.43,15,3,0,826.07,761.8199999999997,790.39,619.31
2023-08-17 16:00:00,619.31,16,3,0,628.43,691.2699999999999,755.9983333333333,621.92
2023-08-17 17:00:00,621.92,17,3,0,619.31,623.2199999999997,722.1033333333334,621.71
2023-08-17 18:00:00,621.71,18,3,0,621.92,620.9799999999997,691.4,633.17
2023-08-17 19:00:00,633.17,19,3,0,621.71,625.5999999999998,658.435,621.97
2023-08-17 20:00:00,621.97,20,3,0,633.17,625.6166666666664,624.4183333333333,391.66
2023-08-17 21:00:00,391.66,21,3,0,621.97,548.9333333333332,584.9566666666666,378.45
2023-08-17 22:00:00,378.45,22,3,0,391.66,464.0266666666665,544.8133333333334,364.79
2023-08-17 23:00:00,364.79,23,3,0,378.45,378.2999999999998,501.9583333333333,373.97
2023-08-18 00:00:00,373.97,0,4,0,364.79,372.40333333333314,460.6683333333333,369.79
2023-08-18 01:00:00,369.79,1,4,0,373.97,369.5166666666664,416.7716666666667,357.44
2023-08-18 02:00:00,357.44,2,4,0,369.79,367.06666666666644,372.68333333333334,387.8
2023-08-18 03:00:00,387.8,3,4,0,357.44,371.67666666666645,372.03999999999996,380.63
2023-08-18 04:00:00,380.63,4,4,0,387.8,375.2899999999998,372.40333333333336,379.27
2023-08-18 05:00:00,379.27,5,4,0,380.63,382.56666666666644,374.81666666666666,376.32
2023-08-18 06:00:00,376.32,6,4,0,379.27,378.7399999999998,375.2083333333333,813.94
2023-08-18 07:00:00,813.94,7,4,0,376.32,523.1766666666664,449.23333333333335,821.13
2023-08-18 08:00:00,821.13,8,4,0,813.94,670.4633333333331,526.515,831.73
2023-08-18 09:00:00,831.73,9,4,0,821.13,822.2666666666664,600.5033333333333,816.59
2023-08-18 10:00:00,816.59,10,4,0,831.73,823.1499999999997,673.1633333333334,804.75
2023-08-18 11:00:00,804.75,11,4,0,816.59,817.6899999999997,744.0766666666667,823.18
2023-08-18 12:00:00,823.18,12,4,0,804.75,814.8399999999998,818.5533333333333,823.87
2023-08-18 13:00:00,823.87,13,4,0,823.18,817.2666666666664,820.2083333333334,826.08
2023-08-18 14:00:00,826.08,14,4,0,823.87,824.3766666666664,821.0333333333334,630.83
2023-08-18 15:00:00,630.83,15,4,0,826.08,760.2599999999999,787.5500000000001,630.1
2023-08-18 16:00:00,630.1,16,4,0,630.83,695.6699999999997,756.4683333333332,627.07
2023-08-18 17:00:00,627.07,17,4,0,630.1,629.3333333333331,726.855,634.56
2023-08-18 18:00:00,634.56,18,4,0,627.07,630.5766666666665,695.4183333333334,612.85
2023-08-18 19:00:00,612.85,19,4,0,634.56,624.8266666666665,660.2483333333333,629.04
2023-08-18 20:00:00,629.04,20,4,0,612.85,625.4833333333331,627.4083333333334,380.01
2023-08-18 21:00:00,380.01,21,4,0,629.04,540.6333333333331,585.6049999999999,365.08
2023-08-18 22:00:00,365.08,22,4,0,380.01,458.0433333333331,541.435,362.98
2023-08-18 23:00:00,362.98,23,4,0,365.08,369.3566666666665,497.42,300.0
2023-08-19 00:00:00,300.0,0,5,1,362.98,342.6866666666665,441.66,300.0
2023-08-19 01:00:00,300.0,1,5,1,300.0,320.99333333333317,389.51833333333326,301.03
2023-08-19 02:00:00,301.03,2,5,1,300.0,300.3433333333332,334.84999999999997,300.0
2023-08-19 03:00:00,300.0,3,5,1,301.03,300.3433333333332,321.51500000000004,300.0
2023-08-19 04:00:00,300.0,4,5,1,300.0,300.3433333333332,310.66833333333335,300.0
2023-08-19 05:00:00,300.0,5,5,1,300.0,300.0,300.1716666666667,303.95
2023-08-19 06:00:00,303.95,6,5,1,300.0,301.3166666666665,300.83,745.1
2023-08-19 07:00:00,745.1,7,5,1,303.95,449.6833333333331,375.0133333333333,743.57
2023-08-19 08:00:00,743.57,8,5,1,745.1,597.5399999999998,448.77,744.12
2023-08-19 09:00:00,744.12,9,5,1,743.57,744.2633333333332,522.79,755.34
2023-08-19 10:00:00,755.34,10,5,1,744.12,747.6766666666666,598.68,739.01
2023-08-19 11:00:00,739.01,11,5,1,755.34,746.1566666666664,671.8483333333334,755.52
2023-08-19 12:00:00,755.52,12,5,1,739.01,749.9566666666665,747.11,746.68
2023-08-19 13:00:00,746.68,13,5,1,755.52,747.0699999999997,747.3733333333333,743.72
2023-08-19 14:00:00,743.72,14,5,1,746.68,748.6399999999999,747.3983333333334,565.01
2023-08-19 15:00:00,565.01,15,5,1,743.72,685.1366666666664,717.5466666666667,536.55
2023-08-19 16:00:00,536.55,16,5,1,565.01,615.0933333333331,681.0816666666666,542.17
2023-08-19 17:00:00,542.17,17,5,1,536.55,547.9099999999997,648.275,535.14
2023-08-19 18:00:00,535.14,18,5,1,542.17,537.953333333333,611.545,552.62
2023-08-19 19:00:00,552.62,19,5,1,535.14,543.3099999999998,579.2016666666667,558.51
2023-08-19 20:00:00,558.51,20,5,1,552.62,548.7566666666664,548.3333333333333,308.36
2023-08-19 21:00:00,308.36,21,5,1,558.51,473.1633333333331,505.55833333333334,304.79
2023-08-19 22:00:00,304.79,22,5,1,308.36,390.5533333333331,466.9316666666667,300.0
2023-08-19 23:00:00,300.0,23,5,1,304.79,304.38333333333316,426.57,300.0
2023-08-20 00:00:00,300.0,0,6,1,300.0,301.5966666666665,387.38000000000005,300.0
2023-08-20 01:00:00,300.0,1,6,1,300.0,300.0,345.2766666666667,311.29
2023-08-20 02:00:00,311.29,2,6,1,300.0,303.76333333333315,304.0733333333333,300.0
2023-08-20 03:00:00,300.0,3,6,1,311.29,303.76333333333315,302.68,300.0
2023-08-20 04:00:00,300.0,4,6,1,300.0,303.76333333333315,301.88166666666666,305.62
2023-08-20 05:00:00,305.62,5,6,1,300.0,301.87333333333316,302.8183333333333,300.0
2023-08-20 06:00:00,300.0,6,6,1,305.62,301.87333333333316,302.8183333333333,748.25
2023-08-20 07:00:00,748.25,7,6,1,300.0,451.2899999999998,377.52666666666664,743.62
2023-08-20 08:00:00,743.62,8,6,1,748.25,597.2899999999998,449.5816666666667,750.11
2023-08-20 09:00:00,750.11,9,6,1,743.62,747.3266666666665,524.6,744.49
2023-08-20 10:00:00,744.49,10,6,1,750.11,746.0733333333332,598.6816666666667,733.39
2023-08-20 11:00:00,733.39,11,6,1,744.49,742.6633333333331,669.9766666666667,745.6
2023-08-20 12:00:00,745.6,12,6,1,733.39,741.1599999999999,744.2433333333333,753.39
2023-08-20 13:00:00,753.39,13,6,1,745.6,744.1266666666666,745.0999999999999,744.77
2023-08-20 14:00:00,744.77,14,6,1,753.39,747.9199999999997,745.2916666666666,551.2
2023-08-20 15:00:00,551.2,15,6,1,744.77,683.1199999999999,712.14,536.64
2023-08-20 16:00:00,536.64,16,6,1,551.2,610.8699999999998,677.4983333333333,544.79
2023-08-20 17:00:00,544.79,17,6,1,536.64,544.2099999999998,646.065,540.0
2023-08-20 18:00:00,540.0,18,6,1,544.79,540.4766666666665,611.7983333333333,550.98
2023-08-20 19:00:00,550.98,19,6,1,540.0,545.2566666666665,578.0633333333334,545.25
2023-08-20 20:00:00,545.25,20,6,1,550.98,545.4099999999999,544.81,300.52
2023-08-20 21:00:00,300.52,21,6,1,545.25,465.5833333333332,503.03000000000003,303.7
2023-08-20 22:00:00,303.7,22,6,1,300.52,383.15666666666647,464.20666666666665,300.53
2023-08-20 23:00:00,300.53,23,6,1,303.7,301.5833333333331,423.4966666666666,377.18
2023-08-21 00:00:00,377.18,0,0,0,300.53,327.1366666666665,396.35999999999996,367.01
2023-08-21 01:00:00,367.01,1,0,0,377.18,348.2399999999998,365.6983333333333,374.98
2023-08-21 02:00:00,374.98,2,0,0,367.01,373.05666666666644,337.32,370.74
2023-08-21 03:00:00,370.74,3,0,0,374.98,370.90999999999985,349.0233333333333,372.25
2023-08-21 04:00:00,372.25,4,0,0,370.74,372.65666666666647,360.4483333333333,372.0
2023-08-21 05:00:00,372.0,5,0,0,372.25,371.6633333333331,372.35999999999996,367.16
2023-08-21 06:00:00,367.16,6,0,0,372.0,370.4699999999998,370.69000000000005,809.34
2023-08-21 07:00:00,809.34,7,0,0,367.16,516.1666666666665,444.4116666666667,819.65
2023-08-21 08:00:00,819.65,8,0,0,809.34,665.3833333333332,518.5233333333333,826.55
2023-08-21 09:00:00,826.55,9,0,0,819.65,818.5133333333332,594.4916666666667,814.21
2023-08-21 10:00:00,814.21,10,0,0,826.55,820.1366666666664,668.1516666666668,825.13
2023-08-21 11:00:00,825.13,11,0,0,814.21,821.9633333333331,743.6733333333333,840.2
2023-08-21 12:00:00,840.2,12,0,0,825.13,826.5133333333333,822.5133333333333,833.18
2023-08-21 13:00:00,833.18,13,0,0,840.2,832.8366666666666,826.4866666666667,838.15
2023-08-21 14:00:00,838.15,14,0,0,833.18,837.1766666666666,829.57,628.13
2023-08-21 15:00:00,628.13,15,0,0,838.15,766.4866666666666,796.5,634.34
2023-08-21 16:00:00,634.34,16,0,0,628.13,700.2066666666666,766.5216666666666,619.21
2023-08-21 17:00:00,619.21,17,0,0,634.34,627.2266666666666,732.2016666666667,619.85
2023-08-21 18:00:00,619.85,18,0,0,619.21,624.4666666666666,695.4766666666666,603.09
2023-08-21 19:00:00,603.09,19,0,0,619.85,614.0499999999998,657.1283333333334,634.49
2023-08-21 20:00:00,634.49,20,0,0,603.09,619.1433333333332,623.1850000000001,387.32
2023-08-21 21:00:00,387.32,21,0,0,634.49,541.6333333333331,583.0500000000001,370.57
2023-08-21 22:00:00,370.57,22,0,0,387.32,464.12666666666655,539.0883333333333,372.97
2023-08-21 23:00:00,372.97,23,0,0,370.57,376.9533333333332,498.04833333333335,368.97
2023-08-22 00:00:00,368.97,0,1,0,372.97,370.8366666666666,456.23499999999996,378.06
2023-08-22 01:00:00,378.06,1,1,0,368.97,373.3333333333332,418.72999999999996,384.0
2023-08-22 02:00:00,384.0,2,1,0,378.06,377.0099999999998,376.9816666666666,361.06
2023-08-22 03:00:00,361.06,3,1,0,384.0,374.37333333333316,372.605,378.28
2023-08-22 04:00:00,378.28,4,1,0,361.06,374.44666666666654,373.89000000000004,372.79
2023-08-22 05:00:00,372.79,5,1,0,378.28,370.70999999999987,373.86000000000007,375.91
2023-08-22 06:00:00,375.91,6,1,0,372.79,375.65999999999985,375.01666666666665,828.67
2023-08-22 07:00:00,828.67,7,1,0,375.91,525.7899999999998,450.11833333333334,823.49
2023-08-22 08:00:00,823.49,8,1,0,828.67,676.0233333333332,523.3666666666667,824.17
2023-08-22 09:00:00,824.17,9,1,0,823.49,825.4433333333332,600.5516666666666,823.29
2023-08-22 10:00:00,823.29,10,1,0,824.17,823.6499999999997,674.7199999999999,832.76
2023-08-22 11:00:00,832.76,11,1,0,823.29,826.7399999999998,751.3816666666667,828.35
2023-08-22 12:00:00,828.35,12,1,0,832.76,828.1333333333332,826.7883333333333,826.76
2023-08-22 13:00:00,826.76,13,1,0,828.35,829.2899999999998,826.4699999999999,814.83
2023-08-22 14:00:00,814.83,14,1,0,826.76,823.3133333333332,825.0266666666666,621.97
2023-08-22 15:00:00,621.97,15,1,0,814.83,754.5199999999999,791.3266666666667,632.19
2023-08-22 16:00:00,632.19,16,1,0,621.97,689.6633333333333,759.4766666666668,625.3
2023-08-22 17:00:00,625.3,17,1,0,632.19,626.4866666666666,724.9,630.28
2023-08-22 18:00:00,630.28,18,1,0,625.3,629.2566666666665,691.8883333333333,639.13
2023-08-22 19:00:00,639.13,19,1,0,630.28,631.5699999999998,660.6166666666667,633.31
2023-08-22 20:00:00,633.31,20,1,0,639.13,634.2399999999998,630.3633333333333,375.75
2023-08-22 21:00:00,375.75,21,1,0,633.31,549.3966666666665,589.3266666666667,370.91
2023-08-22 22:00:00,370.91,22,1,0,375.75,459.98999999999984,545.78,354.57
2023-08-22 23:00:00,354.57,23,1,0,370.91,367.07666666666654,500.65833333333336,373.65
2023-08-23 00:00:00,373.65,0,2,0,354.57,366.37666666666655,457.8866666666666,372.39
2023-08-23 01:00:00,372.39,1,2,0,373.65,366.86999999999983,413.43,378.12
2023-08-23 02:00:00,378.12,2,2,0,372.39,374.7199999999998,370.8983333333333,373.77
2023-08-23 03:00:00,373.77,3,2,0,378.12,374.7599999999998,370.5683333333333,372.44
2023-08-23 04:00:00,372.44,4,2,0,373.77,374.7766666666665,370.8233333333333,360.76
2023-08-23 05:00:00,360.76,5,2,0,372.44,368.98999999999984,371.85499999999996,367.48
2023-08-23 06:00:00,367.48,6,2,0,360.76,366.8933333333332,370.82666666666665,828.81
2023-08-23 07:00:00,828.81,7,2,0,367.48,519.0166666666665,446.8966666666667,838.73
2023-08-23 08:00:00,838.73,8,2,0,828.81,678.3399999999998,523.6650000000001,824.22
2023-08-23 09:00:00,824.22,9,2,0,838.73,830.5866666666665,598.7400000000001,827.62
2023-08-23 10:00:00,827.62,10,2,0,824.22,830.1899999999999,674.6033333333334,832.62
2023-08-23 11:00:00,832.62,11,2,0,827.62,828.1533333333332,753.2466666666666,818.51
2023-08-23 12:00:00,818.51,12,2,0,832.62,826.2499999999999,828.4183333333334,827.93
2023-08-23 13:00:00,827.93,13,2,0,818.51,826.3533333333331,828.2716666666666,819.08
2023-08-23 14:00:00,819.08,14,2,0,827.93,821.8399999999998,824.9966666666666,631.92
2023-08-23 15:00:00,631.92,15,2,0,819.08,759.6433333333331,792.9466666666667,626.21
2023-08-23 16:00:00,626.21,16,2,0,631.92,692.4033333333332,759.3783333333332,627.39
2023-08-23 17:00:00,627.39,17,2,0,626.21,628.5066666666665,725.1733333333333,618.74
2023-08-23 18:00:00,618.74,18,2,0,627.39,624.1133333333331,691.8783333333332,630.66
2023-08-23 19:00:00,630.66,19,2,0,618.74,625.5966666666665,659.0,641.68
2023-08-23 20:00:00,641.68,20,2,0,630.66,630.3599999999998,629.4333333333333,366.94
2023-08-23 21:00:00,366.94,21,2,0,641.68,546.4266666666665,585.27,372.28
2023-08-23 22:00:00,372.28,22,2,0,366.94,460.2999999999998,542.9483333333333,376.85
2023-08-23 23:00:00,376.85,23,2,0,372.28,372.02333333333314,501.19166666666666,381.29
2023-08-24 00:00:00,381.29,0,3,0,376.85,376.80666666666656,461.6166666666666,370.52
2023-08-24 01:00:00,370.52,1,3,0,381.29,376.2199999999998,418.26,352.34
2023-08-24 02:00:00,352.34,2,3,0,370.52,368.0499999999999,370.03666666666663,385.87
2023-08-24 03:00:00,385.87,3,3,0,352.34,369.57666666666654,373.19166666666666,381.08
2023-08-24 04:00:00,381.08,4,3,0,385.87,373.0966666666665,374.6583333333333,361.06
2023-08-24 05:00:00,361.06,5,3,0,381.08,376.00333333333316,372.02666666666664,370.14
2023-08-24 06:00:00,370.14,6,3,0,361.06,370.7599999999998,370.16833333333335,837.55
2023-08-24 07:00:00,837.55,7,3,0,370.14,522.9166666666665,448.00666666666666,836.58
2023-08-24 08:00:00,836.58,8,3,0,837.55,681.4233333333332,528.7133333333333,832.51
2023-08-24 09:00:00,832.51,9,3,0,836.58,835.5466666666665,603.1533333333333,823.59
2023-08-24 10:00:00,823.59,10,3,0,832.51,830.8933333333331,676.9050000000001,825.66
2023-08-24 11:00:00,825.66,11,3,0,823.59,827.2533333333332,754.3383333333333,823.95
2023-08-24 12:00:00,823.95,12,3,0,825.66,824.3999999999997,829.9733333333334,834.03
2023-08-24 13:00:00,834.03,13,3,0,823.95,827.8799999999998,829.3866666666668,817.99
2023-08-24 14:00:00,817.99,14,3,0,834.03,825.3233333333333,826.2883333333333,618.55
2023-08-24 15:00:00,618.55,15,3,0,817.99,756.8566666666665,790.6283333333334,633.08
2023-08-24 16:00:00,633.08,16,3,0,618.55,689.8733333333333,758.8766666666667,624.65
2023-08-24 17:00:00,624.65,17,3,0,633.08,625.4266666666664,725.375,636.03
2023-08-24 18:00:00,636.03,18,3,0,624.65,631.2533333333332,694.055,619.63
2023-08-24 19:00:00,619.63,19,3,0,636.03,626.7699999999999,658.3216666666666,624.56
2023-08-24 20:00:00,624.56,20,3,0,619.63,626.7399999999998,626.0833333333334,367.62
2023-08-24 21:00:00,367.62,21,3,0,624.56,537.2699999999999,584.2616666666667,375.06
2023-08-24 22:00:00,375.06,22,3,0,367.62,455.7466666666665,541.2583333333333,363.17
2023-08-24 23:00:00,363.17,23,3,0,375.06,368.6166666666665,497.6783333333333,371.1
2023-08-25 00:00:00,371.1,0,4,0,363.17,369.7766666666665,453.52333333333337,363.51
2023-08-25 01:00:00,363.51,1,4,0,371.1,365.92666666666656,410.83666666666664,380.55
2023-08-25 02:00:00,380.55,2,4,0,363.51,371.71999999999986,370.16833333333335,380.73
2023-08-25 03:00:00,380.73,3,4,0,380.55,374.92999999999984,372.3533333333334,361.16
2023-08-25 04:00:00,361.16,4,4,0,380.73,374.14666666666653,370.0366666666667,385.67
2023-08-25 05:00:00,385.67,5,4,0,361.16,375.85333333333324,373.78666666666663,394.98
2023-08-25 06:00:00,394.98,6,4,0,385.67,380.60333333333324,377.76666666666665,825.37
2023-08-25 07:00:00,825.37,7,4,0,394.98,535.3399999999998,454.74333333333334,819.87
2023-08-25 08:00:00,819.87,8,4,0,825.37,680.0733333333332,527.9633333333333,847.59
2023-08-25 09:00:00,847.59,9,4,0,819.87,830.9433333333332,605.7733333333333,814.45
2023-08-25 10:00:00,814.45,10,4,0,847.59,827.3033333333333,681.3216666666667,825.16
2023-08-25 11:00:00,825.16,11,4,0,814.45,829.0666666666666,754.57,826.44
2023-08-25 12:00:00,826.44,12,4,0,825.16,822.0166666666665,826.48,835.76
2023-08-25 13:00:00,835.76,13,4,0,826.44,829.1199999999999,828.2116666666667,827.88
2023-08-25 14:00:00,827.88,14,4,0,835.76,830.0266666666666,829.5466666666666,621.01
2023-08-25 15:00:00,621.01,15,4,0,827.88,761.5499999999998,791.7833333333334,617.39
2023-08-25 16:00:00,617.39,16,4,0,621.01,688.7599999999998,758.9399999999999,622.27
2023-08-25 17:00:00,622.27,17,4,0,617.39,620.2233333333332,725.125,616.94
2023-08-25 18:00:00,616.94,18,4,0,622.27,618.8666666666664,690.2083333333334,625.38
2023-08-25 19:00:00,625.38,19,4,0,616.94,621.5299999999999,655.145,620.49
2023-08-25 20:00:00,620.49,20,4,0,625.38,620.9366666666666,620.58,363.05
2023-08-25 21:00:00,363.05,21,4,0,620.49,536.3066666666665,577.5866666666667,385.04
2023-08-25 22:00:00,385.04,22,4,0,363.05,456.19333333333316,538.8616666666667,371.02
2023-08-25 23:00:00,371.02,23,4,0,385.04,373.0366666666666,496.9866666666667,300.0
2023-08-26 00:00:00,300.0,0,5,1,371.02,352.0199999999998,444.16333333333336,300.0
2023-08-26 01:00:00,300.0,1,5,1,300.0,323.6733333333332,389.93333333333334,300.0
2023-08-26 02:00:00,300.0,2,5,1,300.0,300.0,336.5183333333334,300.0
2023-08-26 03:00:00,300.0,3,5,1,300.0,300.0,326.01,300.0
2023-08-26 04:00:00,300.0,4,5,1,300.0,300.0,311.83666666666664,300.0
2023-08-26 05:00:00,300.0,5,5,1,300.0,300.0,300.0,308.69
2023-08-26 06:00:00,308.69,6,5,1,300.0,302.89666666666653,301.4483333333333,749.19
2023-08-26 07:00:00,749.19,7,5,1,308.69,452.62666666666655,376.31333333333333,741.8
2023-08-26 08:00:00,741.8,8,5,1,749.19,599.8933333333332,449.9466666666667,739.04
2023-08-26 09:00:00,739.04,9,5,1,741.8,743.3433333333332,523.12,744.16
2023-08-26 10:00:00,744.16,10,5,1,739.04,741.6666666666665,597.1466666666666,749.9
2023-08-26 11:00:00,749.9,11,5,1,744.16,744.3666666666664,672.13,744.8
2023-08-26 12:00:00,744.8,12,5,1,749.9,746.2866666666665,744.8149999999999,743.26
2023-08-26 13:00:00,743.26,13,5,1,744.8,745.9866666666666,743.8266666666667,745.47
2023-08-26 14:00:00,745.47,14,5,1,743.26,744.5099999999999,744.4383333333332,540.17
2023-08-26 15:00:00,540.17,15,5,1,745.47,676.2999999999998,711.2933333333332,542.25
2023-08-26 16:00:00,542.25,16,5,1,540.17,609.2966666666665,677.6416666666667,528.31
2023-08-26 17:00:00,528.31,17,5,1,542.25,536.9099999999999,640.7099999999999,552.79
2023-08-26 18:00:00,552.79,18,5,1,528.31,541.1166666666664,608.7083333333334,547.39
2023-08-26 19:00:00,547.39,19,5,1,552.79,542.8299999999998,576.0633333333333,538.81
2023-08-26 20:00:00,538.81,20,5,1,547.39,546.3299999999998,541.62,310.19
2023-08-26 21:00:00,310.19,21,5,1,538.81,465.46333333333314,503.28999999999996,300.0
2023-08-26 22:00:00,300.0,22,5,1,310.19,382.99999999999983,462.91499999999996,300.0
2023-08-26 23:00:00,300.0,23,5,1,300.0,303.39666666666653,424.8633333333333,301.85
2023-08-27 00:00:00,301.85,0,6,1,300.0,300.6166666666665,383.03999999999996,300.0
2023-08-27 01:00:00,300.0,1,6,1,301.85,300.6166666666665,341.80833333333334,300.0
2023-08-27 02:00:00,300.0,2,6,1,300.0,300.6166666666665,302.00666666666666,300.0
2023-08-27 03:00:00,300.0,3,6,1,300.0,300.0,300.30833333333334,300.0
2023-08-27 04:00:00,300.0,4,6,1,300.0,300.0,300.30833333333334,300.0
2023-08-27 05:00:00,300.0,5,6,1,300.0,300.0,300.30833333333334,300.0
2023-08-27 06:00:00,300.0,6,6,1,300.0,300.0,300.0,729.76
2023-08-27 07:00:00,729.76,7,6,1,300.0,443.25333333333316,371.6266666666667,741.53
2023-08-27 08:00:00,741.53,8,6,1,729.76,590.4299999999998,445.215,758.78
2023-08-27 09:00:00,758.78,9,6,1,741.53,743.3566666666666,521.6783333333333,738.86
2023-08-27 10:00:00,738.86,10,6,1,758.78,746.3899999999999,594.8216666666666,740.17
2023-08-27 11:00:00,740.17,11,6,1,738.86,745.9366666666665,668.1833333333333,741.42
2023-08-27 12:00:00,741.42,12,6,1,740.17,740.1499999999997,741.7533333333332,735.28
2023-08-27 13:00:00,735.28,13,6,1,741.42,738.9566666666665,742.6733333333333,727.33
2023-08-27 14:00:00,727.33,14,6,1,735.28,734.6766666666666,740.3066666666667,543.16
2023-08-27 15:00:00,543.16,15,6,1,727.33,668.5899999999998,704.37,546.09
2023-08-27 16:00:00,546.09,16,6,1,543.16,605.5266666666665,672.2416666666667,544.58
2023-08-27 17:00:00,544.58,17,6,1,546.09,544.6099999999998,639.6433333333333,543.84
2023-08-27 18:00:00,543.84,18,6,1,544.58,544.8366666666666,606.7133333333333,545.34
2023-08-27 19:00:00,545.34,19,6,1,543.84,544.5866666666666,575.0566666666667,553.18
2023-08-27 20:00:00,553.18,20,6,1,545.34,547.4533333333333,546.0316666666668,300.0
2023-08-27 21:00:00,300.0,21,6,1,553.18,466.1733333333332,505.50499999999994,300.0
2023-08-27 22:00:00,300.0,22,6,1,300.0,384.39333333333315,464.48999999999995,300.0
2023-08-27 23:00:00,300.0,23,6,1,300.0,300.0,423.72666666666663,379.63
2023-08-28 00:00:00,379.63,0,0,0,300.0,326.5433333333332,396.35833333333335,386.3
2023-08-28 01:00:00,386.3,1,0,0,379.63,355.3099999999999,369.85166666666663,369.97
2023-08-28 02:00:00,369.97,2,0,0,386.3,378.6333333333332,339.31666666666666,375.79
2023-08-28 03:00:00,375.79,3,0,0,369.97,377.3533333333332,351.9483333333333,377.71
2023-08-28 04:00:00,377.71,4,0,0,375.79,374.48999999999984,364.90000000000003,367.06
2023-08-28 05:00:00,367.06,5,0,0,377.71,373.5199999999998,376.07666666666665,375.16
2023-08-28 06:00:00,375.16,6,0,0,367.06,373.3099999999999,375.33166666666665,813.27
2023-08-28 07:00:00,813.27,7,0,0,375.16,518.4966666666666,446.49333333333334,810.85
2023-08-28 08:00:00,810.85,8,0,0,813.27,666.4266666666666,519.9733333333334,827.93
2023-08-28 09:00:00,827.93,9,0,0,810.85,817.3499999999998,595.33,821.93
2023-08-28 10:00:00,821.93,10,0,0,827.93,820.2366666666666,669.3666666666667,826.62
2023-08-28 11:00:00,826.62,11,0,0,821.93,825.4933333333332,745.96,824.86
2023-08-28 12:00:00,824.86,12,0,0,826.62,824.4699999999998,820.91,817.19
2023-08-28 13:00:00,817.19,13,0,0,824.86,822.8899999999999,821.5633333333334,824.64
2023-08-28 14:00:00,824.64,14,0,0,817.19,822.2299999999999,823.8616666666667,615.14
2023-08-28 15:00:00,615.14,15,0,0,824.64,752.3233333333332,788.3966666666666,636.13
2023-08-28 16:00:00,636.13,16,0,0,615.14,691.9699999999998,757.43,614.15
2023-08-28 17:00:00,614.15,17,0,0,636.13,621.8066666666665,722.0183333333333,623.43
2023-08-28 18:00:00,623.43,18,0,0,614.15,624.5699999999998,688.4466666666667,616.66
2023-08-28 19:00:00,616.66,19,0,0,623.43,618.0799999999998,655.025,629.56
2023-08-28 20:00:00,629.56,20,0,0,616.66,623.2166666666664,622.5116666666667,372.35
2023-08-28 21:00:00,372.35,21,0,0,629.56,539.5233333333332,582.0466666666666,370.85
2023-08-28 22:00:00,370.85,22,0,0,372.35,457.58666666666653,537.8333333333334,381.83
2023-08-28 23:00:00,381.83,23,0,0,370.85,375.0099999999998,499.1133333333333,375.24
2023-08-29 00:00:00,375.24,0,1,0,381.83,375.9733333333332,457.7483333333333,379.13
2023-08-29 01:00:00,379.13,1,1,0,375.24,378.7333333333332,418.16,367.15
2023-08-29 02:00:00,367.15,2,1,0,379.13,373.83999999999986,374.425,363.76
2023-08-29 03:00:00,363.76,3,1,0,367.15,370.01333333333315,372.99333333333334,375.86
2023-08-29 04:00:00,375.86,4,1,0,363.76,368.9233333333332,373.8283333333334,372.45
2023-08-29 05:00:00,372.45,5,1,0,375.86,370.6899999999999,372.26500000000004,380.01
2023-08-29 06:00:00,380.01,6,1,0,372.45,376.10666666666657,373.05999999999995,824.36
2023-08-29 07:00:00,824.36,7,1,0,380.01,525.6066666666665,447.26500000000004,826.64
2023-08-29 08:00:00,826.64,8,1,0,824.36,677.0033333333331,523.8466666666667,812.01
2023-08-29 09:00:00,812.01,9,1,0,826.64,821.0033333333332,598.555,840.11
2023-08-29 10:00:00,840.11,10,1,0,812.01,826.2533333333331,675.93,823.69
2023-08-29 11:00:00,823.69,11,1,0,840.11,825.2699999999999,751.1366666666668,830.58
2023-08-29 12:00:00,830.58,12,1,0,823.69,831.4599999999999,826.2316666666667,818.31
2023-08-29 13:00:00,818.31,13,1,0,830.58,824.1933333333332,825.2233333333334,827.46
2023-08-29 14:00:00,827.46,14,1,0,818.31,825.4499999999998,825.36,614.58
2023-08-29 15:00:00,614.58,15,1,0,827.46,753.4499999999998,792.4549999999999,628.62
2023-08-29 16:00:00,628.62,16,1,0,614.58,690.2199999999999,757.2066666666666,622.15
2023-08-29 17:00:00,622.15,17,1,0,628.62,621.7833333333332,723.6166666666667,625.23
2023-08-29 18:00:00,625.23,18,1,0,622.15,625.3333333333331,689.3916666666668,630.58
2023-08-29 19:00:00,630.58,19,1,0,625.23,625.9866666666666,658.1033333333334,615.14
2023-08-29 20:00:00,615.14,20,1,0,630.58,623.6499999999999,622.7166666666666,369.52
2023-08-29 21:00:00,369.52,21,1,0,615.14,538.4133333333332,581.8733333333333,378.66
2023-08-29 22:00:00,378.66,22,1,0,369.52,454.4399999999998,540.2133333333334,391.79
2023-08-29 23:00:00,391.79,23,1,0,378.66,379.98999999999984,501.82,373.9
2023-08-30 00:00:00,373.9,0,2,0,391.79,381.4499999999998,459.9316666666667,379.73
2023-08-30 01:00:00,379.73,1,2,0,373.9,381.80666666666656,418.1233333333333,374.14
2023-08-30 02:00:00,374.14,2,2,0,379.73,375.9233333333332,377.9566666666667,390.54
2023-08-30 03:00:00,390.54,3,2,0,374.14,381.46999999999986,381.46000000000004,361.02
2023-08-30 04:00:00,361.02,4,2,0,390.54,375.2333333333332,378.52,375.76
2023-08-30 05:00:00,375.76,5,2,0,361.02,375.77333333333314,375.84833333333336,362.0
2023-08-30 06:00:00,362.0,6,2,0,375.76,366.2599999999998,373.865,804.95
2023-08-30 07:00:00,804.95,7,2,0,362.0,514.2366666666666,444.73499999999996,827.38
2023-08-30 08:00:00,827.38,8,2,0,804.95,664.7766666666665,520.275,826.12
2023-08-30 09:00:00,826.12,9,2,0,827.38,819.4833333333332,592.8716666666668,822.72
2023-08-30 10:00:00,822.72,10,2,0,826.12,825.4066666666664,669.8216666666667,824.15
2023-08-30 11:00:00,824.15,11,2,0,822.72,824.3299999999998,744.5533333333333,849.79
2023-08-30 12:00:00,849.79,12,2,0,824.15,832.2199999999998,825.8516666666666,822.93
2023-08-30 13:00:00,822.93,13,2,0,849.79,832.2899999999998,828.8483333333334,829.08
2023-08-30 14:00:00,829.08,14,2,0,822.93,833.933333333333,829.1316666666667,619.81
2023-08-30 15:00:00,619.81,15,2,0,829.08,757.2733333333331,794.7466666666668,627.36
2023-08-30 16:00:00,627.36,16,2,0,619.81,692.0833333333331,762.1866666666666,623.09
2023-08-30 17:00:00,623.09,17,2,0,627.36,623.42,728.6766666666666,621.72
2023-08-30 18:00:00,621.72,18,2,0,623.09,624.0566666666665,690.665,639.55
2023-08-30 19:00:00,639.55,19,2,0,621.72,628.1199999999999,660.1016666666667,634.42
2023-08-30 20:00:00,634.42,20,2,0,639.55,631.8966666666664,627.6583333333333,376.09
2023-08-30 21:00:00,376.09,21,2,0,634.42,550.0199999999998,587.0383333333333,356.57
2023-08-30 22:00:00,356.57,22,2,0,376.09,455.69333333333316,541.9066666666666,372.11
2023-08-30 23:00:00,372.11,23,2,0,356.57,368.2566666666665,500.07666666666665,396.62
2023-08-31 00:00:00,396.62,0,3,0,372.11,375.0999999999999,462.56,373.15
2023-08-31 01:00:00,373.15,1,3,0,396.62,380.62666666666655,418.16,383.83
2023-08-31 02:00:00,383.83,2,3,0,373.15,384.53333333333313,376.395,386.54
2023-08-31 03:00:00,386.54,3,3,0,383.83,381.1733333333332,378.1366666666667,376.75
2023-08-31 04:00:00,376.75,4,3,0,386.54,382.37333333333316,381.5,368.27
2023-08-31 05:00:00,368.27,5,3,0,376.75,377.1866666666665,380.85999999999996,355.52
2023-08-31 06:00:00,355.52,6,3,0,368.27,366.8466666666665,374.01,830.47
2023-08-31 07:00:00,830.47,7,3,0,355.52,518.0866666666665,450.23,818.48
2023-08-31 08:00:00,818.48,8,3,0,830.47,668.1566666666665,522.6716666666667,826.41
2023-08-31 09:00:00,826.41,9,3,0,818.48,825.1199999999999,595.9833333333333,815.0
2023-08-31 10:00:00,815.0,10,3,0,826.41,819.9633333333331,669.025,822.88
2023-08-31 11:00:00,822.88,11,3,0,815.0,821.4299999999998,744.7933333333334,825.27
2023-08-31 12:00:00,825.27,12,3,0,822.88,821.0499999999998,823.0849999999999,827.15
2023-08-31 13:00:00,827.15,13,3,0,825.27,825.0999999999999,822.5316666666668,816.08
2023-08-31 14:00:00,816.08,14,3,0,827.15,822.8333333333331,822.1316666666667,634.58
2023-08-31 15:00:00,634.58,15,3,0,816.08,759.2699999999999,790.16,620.22
2023-08-31 16:00:00,620.22,16,3,0,634.58,690.2933333333332,757.6966666666667,611.6
2023-08-31 17:00:00,611.6,17,3,0,620.22,622.1333333333332,722.4833333333332,624.13
2023-08-31 18:00:00,624.13,18,3,0,611.6,618.65,688.96,625.28
2023-08-31 19:00:00,625.28,19,3,0,624.13,620.3366666666665,655.315,626.28
2023-08-31 20:00:00,626.28,20,3,0,625.28,625.2299999999999,623.6816666666667,385.9
2023-08-31 21:00:00,385.9,21,3,0,626.28,545.8199999999998,582.235,373.11
2023-08-31 22:00:00,373.11,22,3,0,385.9,461.76333333333315,541.05,374.04
2023-08-31 23:00:00,374.04,23,3,0,373.11,377.68333333333317,501.45666666666665,347.87
2023-09-01 00:00:00,347.87,0,4,0,374.04,365.0066666666665,455.41333333333324,363.26
2023-09-01 01:00:00,363.26,1,4,0,347.87,361.7233333333332,411.74333333333334,358.17
2023-09-01 02:00:00,358.17,2,4,0,363.26,356.4333333333332,367.05833333333334,353.34
2023-09-01 03:00:00,353.34,3,4,0,358.17,358.2566666666665,361.63166666666666,341.46
2023-09-01 04:00:00,341.46,4,4,0,353.34,350.9899999999998,356.3566666666666,368.25
2023-09-01 05:00:00,368.25,5,4,0,341.46,354.34999999999985,355.39166666666665,346.88
2023-09-01 06:00:00,346.88,6,4,0,368.25,352.19666666666654,355.22666666666663,801.97
2023-09-01 07:00:00,801.97,7,4,0,346.88,505.6999999999998,428.34499999999997,809.57
2023-09-01 08:00:00,809.57,8,4,0,801.97,652.8066666666665,503.5783333333333,797.13
2023-09-01 09:00:00,797.13,9,4,0,809.57,802.8899999999999,577.5433333333334,794.75
2023-09-01 10:00:00,794.75,10,4,0,797.13,800.4833333333332,653.0916666666667,789.71
2023-09-01 11:00:00,789.71,11,4,0,794.75,793.8633333333332,723.335,812.47
2023-09-01 12:00:00,812.47,12,4,0,789.71,798.9766666666665,800.9333333333334,802.34
2023-09-01 13:00:00,802.34,13,4,0,812.47,801.5066666666665,800.995,830.12
2023-09-01 14:00:00,830.12,14,4,0,802.34,814.9766666666665,804.4200000000001,598.74
2023-09-01 15:00:00,598.74,15,4,0,830.12,743.7333333333332,771.355,599.33
2023-09-01 16:00:00,599.33,16,4,0,598.74,676.0633333333332,738.785,602.18
2023-09-01 17:00:00,602.18,17,4,0,599.33,600.0833333333331,707.5300000000001,608.64
2023-09-01 18:00:00,608.64,18,4,0,602.18,603.3833333333331,673.5583333333333,602.94
2023-09-01 19:00:00,602.94,19,4,0,608.64,604.5866666666665,640.325,611.6
2023-09-01 20:00:00,611.6,20,4,0,602.94,607.7266666666665,603.905,348.87
2023-09-01 21:00:00,348.87,21,4,0,611.6,521.1366666666665,562.26,345.65
2023-09-01 22:00:00,345.65,22,4,0,348.87,435.37333333333316,519.98,342.31
2023-09-01 23:00:00,342.31,23,4,0,345.65,345.60999999999984,476.6683333333333,300.0
2023-09-02 00:00:00,300.0,0,5,1,342.31,329.3199999999999,425.2283333333333,300.0
2023-09-02 01:00:00,300.0,1,5,1,300.0,314.1033333333332,374.7383333333333,300.0
2023-09-02 02:00:00,300.0,2,5,1,300.0,300.0,322.805,300.0
2023-09-02 03:00:00,300.0,3,5,1,300.0,300.0,314.66,300.0
2023-09-02 04:00:00,300.0,4,5,1,300.0,300.0,307.0516666666667,300.0
2023-09-02 05:00:00,300.0,5,5,1,300.0,300.0,300.0,300.0
2023-09-02 06:00:00,300.0,6,5,1,300.0,300.0,300.0,712.35
2023-09-02 07:00:00,712.35,7,5,1,300.0,437.4499999999999,368.7250000000001,722.17
2023-09-02 08:00:00,722.17,8,5,1,712.35,578.1733333333332,439.08666666666664,721.9
2023-09-02 09:00:00,721.9,9,5,1,722.17,718.8066666666665,509.40333333333336,721.44
2023-09-02 10:00:00,721.44,10,5,1,721.9,721.8366666666665,579.6433333333333,721.12
2023-09-02 11:00:00,721.12,11,5,1,721.44,721.4866666666666,649.83,721.47
2023-09-02 12:00:00,721.47,12,5,1,721.12,721.3433333333332,720.0749999999999,723.61
2023-09-02 13:00:00,723.61,13,5,1,721.47,722.0666666666666,721.9516666666667,721.61
2023-09-02 14:00:00,721.61,14,5,1,723.61,722.2299999999999,721.8583333333335,528.37
2023-09-02 15:00:00,528.37,15,5,1,721.61,657.8633333333331,689.6033333333334,529.58
2023-09-02 16:00:00,529.58,16,5,1,528.37,593.1866666666665,657.6266666666667,519.41
2023-09-02 17:00:00,519.41,17,5,1,529.58,525.7866666666665,624.0083333333333,536.87
2023-09-02 18:00:00,536.87,18,5,1,519.41,528.6199999999999,593.2416666666667,518.86
2023-09-02 19:00:00,518.86,19,5,1,536.87,525.0466666666665,559.1166666666667,513.76
2023-09-02 20:00:00,513.76,20,5,1,518.86,523.1633333333332,524.475,300.0
2023-09-02 21:00:00,300.0,21,5,1,513.76,444.2066666666665,486.4133333333334,300.0
2023-09-02 22:00:00,300.0,22,5,1,300.0,371.25333333333316,448.1499999999999,300.0
2023-09-02 23:00:00,300.0,23,5,1,300.0,300.0,411.58166666666665,300.0
2023-09-03 00:00:00,300.0,0,6,1,300.0,300.0,372.1033333333333,300.0
2023-09-03 01:00:00,300.0,1,6,1,300.0,300.0,335.62666666666667,300.0
2023-09-03 02:00:00,300.0,2,6,1,300.0,300.0,300.0,300.0
2023-09-03 03:00:00,300.0,3,6,1,300.0,300.0,300.0,300.0
2023-09-03 04:00:00,300.0,4,6,1,300.0,300.0,300.0,300.0
2023-09-03 05:00:00,300.0,5,6,1,300.0,300.0,300.0,300.0
2023-09-03 06:00:00,300.0,6,6,1,300.0,300.0,300.0,720.03
2023-09-03 07:00:00,720.03,7,6,1,300.0,440.0099999999998,370.00499999999994,708.57
2023-09-03 08:00:00,708.57,8,6,1,720.03,576.1999999999998,438.09999999999997,723.89
2023-09-03 09:00:00,723.89,9,6,1,708.57,717.4966666666666,508.7483333333333,724.88
2023-09-03 10:00:00,724.88,10,6,1,723.89,719.1133333333332,579.5616666666666,732.42
2023-09-03 11:00:00,732.42,11,6,1,724.88,727.0633333333332,651.6316666666667,715.51
2023-09-03 12:00:00,715.51,12,6,1,732.42,724.2699999999999,720.8833333333333,714.54
2023-09-03 13:00:00,714.54,13,6,1,715.51,720.8233333333332,719.9683333333334,730.31
2023-09-03 14:00:00,730.31,14,6,1,714.54,720.1199999999999,723.5916666666667,534.75
2023-09-03 15:00:00,534.75,15,6,1,730.31,659.8666666666664,692.0683333333333,514.13
2023-09-03 16:00:00,514.13,16,6,1,534.75,593.0633333333332,656.9433333333333,535.35
2023-09-03 17:00:00,535.35,17,6,1,514.13,528.0766666666665,624.0983333333334,527.0
2023-09-03 18:00:00,527.0,18,6,1,535.35,525.4933333333332,592.68,535.43
2023-09-03 19:00:00,535.43,19,6,1,527.0,532.5933333333331,562.8283333333333,526.14
2023-09-03 20:00:00,526.14,20,6,1,535.43,529.5233333333332,528.8,300.0
2023-09-03 21:00:00,300.0,21,6,1,526.14,453.8566666666665,489.675,300.0
2023-09-03 22:00:00,300.0,22,6,1,300.0,375.3799999999998,453.9866666666667,300.0
2023-09-03 23:00:00,300.0,23,6,1,300.0,300.0,414.7616666666666,349.55
2023-09-04 00:00:00,349.55,0,0,0,300.0,316.5166666666665,385.18666666666667,353.6
2023-09-04 01:00:00,353.6,1,0,0,349.55,334.3833333333332,354.88166666666666,355.29
2023-09-04 02:00:00,355.29,2,0,0,353.6,352.8133333333332,326.4066666666667,333.5
2023-09-04 03:00:00,333.5,3,0,0,355.29,347.4633333333332,331.99,370.07
2023-09-04 04:00:00,370.07,4,0,0,333.5,352.95333333333315,343.66833333333335,349.49
2023-09-04 05:00:00,349.49,5,0,0,370.07,351.0199999999998,351.9166666666667,360.74
2023-09-04 06:00:00,360.74,6,0,0,349.49,360.09999999999985,353.7816666666667,806.01
2023-09-04 07:00:00,806.01,7,0,0,360.74,505.4133333333332,429.18333333333334,816.76
2023-09-04 08:00:00,816.76,8,0,0,806.01,661.1699999999998,506.09499999999997,809.95
2023-09-04 09:00:00,809.95,9,0,0,816.76,810.9066666666664,585.5033333333333,804.82
2023-09-04 10:00:00,804.82,10,0,0,809.95,810.5099999999999,657.9616666666667,799.55
2023-09-04 11:00:00,799.55,11,0,0,804.82,804.7733333333332,732.9716666666667,813.08
2023-09-04 12:00:00,813.08,12,0,0,799.55,805.8166666666666,808.3616666666667,791.71
2023-09-04 13:00:00,791.71,13,0,0,813.08,801.4466666666664,805.9783333333334,811.87
2023-09-04 14:00:00,811.87,14,0,0,791.71,805.5533333333333,805.1633333333333,597.91
2023-09-04 15:00:00,597.91,15,0,0,811.87,733.8299999999999,769.8233333333334,616.72
2023-09-04 16:00:00,616.72,16,0,0,597.91,675.4999999999999,738.4733333333334,607.99
2023-09-04 17:00:00,607.99,17,0,0,616.72,607.5399999999998,706.5466666666667,611.85
2023-09-04 18:00:00,611.85,18,0,0,607.99,612.1866666666665,673.0083333333333,607.35
2023-09-04 19:00:00,607.35,19,0,0,611.85,609.0633333333332,642.2816666666668,592.68
2023-09-04 20:00:00,592.68,20,0,0,607.35,603.9599999999999,605.75,349.81
2023-09-04 21:00:00,349.81,21,0,0,592.68,516.6133333333332,564.4,362.08
2023-09-04 22:00:00,362.08,22,0,0,349.81,434.8566666666665,521.96,358.03
2023-09-04 23:00:00,358.03,23,0,0,362.08,356.6399999999999,480.3,366.15
2023-09-05 00:00:00,366.15,0,1,0,358.03,362.08666666666653,439.34999999999997,359.92
2023-09-05 01:00:00,359.92,1,1,0,366.15,361.3666666666665,398.1116666666667,348.97
2023-09-05 02:00:00,348.97,2,1,0,359.92,358.3466666666665,357.49333333333334,350.33
2023-09-05 03:00:00,350.33,3,1,0,348.97,353.0733333333332,357.58,357.52
2023-09-05 04:00:00,357.52,4,1,0,350.33,352.27333333333314,356.82,338.19
2023-09-05 05:00:00,338.19,5,1,0,357.52,348.67999999999984,353.5133333333333,370.09
2023-09-05 06:00:00,370.09,6,1,0,338.19,355.2666666666665,354.17,810.23
2023-09-05 07:00:00,810.23,7,1,0,370.09,506.16999999999985,429.22166666666664,816.52
2023-09-05 08:00:00,816.52,8,1,0,810.23,665.6133333333331,507.1466666666666,794.05
2023-09-05 09:00:00,794.05,9,1,0,816.52,806.933333333333,581.1,816.66
2023-09-05 10:00:00,816.66,10,1,0,794.05,809.0766666666665,657.6233333333333,824.55
2023-09-05 11:00:00,824.55,11,1,0,816.66,811.7533333333331,738.6833333333333,796.13
2023-09-05 12:00:00,796.13,12,1,0,824.55,812.4466666666664,809.69,812.87
2023-09-05 13:00:00,812.87,13,1,0,796.13,811.1833333333333,810.13,806.71
2023-09-05 14:00:00,806.71,14,1,0,812.87,805.2366666666666,808.495,594.34
2023-09-05 15:00:00,594.34,15,1,0,806.71,737.9733333333332,775.21,610.64
2023-09-05 16:00:00,610.64,16,1,0,594.34,670.5633333333332,740.8733333333333,613.37
2023-09-05 17:00:00,613.37,17,1,0,610.64,606.1166666666666,705.6766666666666,601.89
2023-09-05 18:00:00,601.89,18,1,0,613.37,608.6333333333332,673.3033333333334,616.03
2023-09-05 19:00:00,616.03,19,1,0,601.89,610.4299999999998,640.4966666666666,593.36
2023-09-05 20:00:00,593.36,20,1,0,616.03,603.7599999999999,604.9383333333333,344.74
2023-09-05 21:00:00,344.74,21,1,0,593.36,518.0433333333332,563.3383333333334,357.79
2023-09-05 22:00:00,357.79,22,1,0,344.74,431.9633333333332,521.1966666666667,356.9
2023-09-05 23:00:00,356.9,23,1,0,357.79,353.1433333333332,478.45166666666665,350.97
2023-09-06 00:00:00,350.97,0,2,0,356.9,355.21999999999986,436.63166666666666,363.18
2023-09-06 01:00:00,363.18,1,2,0,350.97,357.0166666666666,394.49,360.95
2023-09-06 02:00:00,360.95,2,2,0,363.18,358.3666666666665,355.75499999999994,363.56
2023-09-06 03:00:00,363.56,3,2,0,360.95,362.5633333333332,358.8916666666667,355.71
2023-09-06 04:00:00,355.71,4,2,0,363.56,360.0733333333332,358.545,361.52
2023-09-06 05:00:00,361.52,5,2,0,355.71,360.26333333333315,359.315,353.13
2023-09-06 06:00:00,353.13,6,2,0,361.52,356.78666666666646,359.675,823.13
2023-09-06 07:00:00,823.13,7,2,0,353.13,512.5933333333331,436.3333333333333,800.2
2023-09-06 08:00:00,800.2,8,2,0,823.13,658.8199999999998,509.5416666666667,823.54
2023-09-06 09:00:00,823.54,9,2,0,800.2,815.6233333333333,586.2049999999999,806.98
2023-09-06 10:00:00,806.98,10,2,0,823.54,810.2399999999998,661.4166666666666,795.69
2023-09-06 11:00:00,795.69,11,2,0,806.98,808.7366666666666,733.7783333333333,817.64
2023-09-06 12:00:00,817.64,12,2,0,795.69,806.7699999999999,811.1966666666667,807.71
2023-09-06 13:00:00,807.71,13,2,0,817.64,807.0133333333332,808.6266666666667,813.51
2023-09-06 14:00:00,813.51,14,2,0,807.71,812.9533333333333,810.8450000000001,616.49
2023-09-06 15:00:00,616.49,15,2,0,813.51,745.9033333333332,776.3366666666667,609.4
2023-09-06 16:00:00,609.4,16,2,0,616.49,679.7999999999998,743.4066666666666,601.96
2023-09-06 17:00:00,601.96,17,2,0,609.4,609.2833333333332,711.1183333333333,614.5
2023-09-06 18:00:00,614.5,18,2,0,601.96,608.6199999999999,677.2616666666667,606.7
2023-09-06 19:00:00,606.7,19,2,0,614.5,607.7199999999999,643.76,612.19
2023-09-06 20:00:00,612.19,20,2,0,606.7,611.1299999999999,610.2066666666667,339.47
2023-09-06 21:00:00,339.47,21,2,0,612.19,519.4533333333333,564.0366666666667,360.27
2023-09-06 22:00:00,360.27,22,2,0,339.47,437.3099999999999,522.515,351.59
2023-09-06 23:00:00,351.59,23,2,0,360.27,350.44333333333316,480.7866666666667,369.93
2023-09-07 00:00:00,369.93,0,3,0,351.59,360.5966666666665,440.0250000000001,361.68
2023-09-07 01:00:00,361.68,1,3,0,369.93,361.06666666666655,399.18833333333333,358.62
2023-09-07 02:00:00,358.62,2,3,0,361.68,363.40999999999985,356.9266666666667,360.59
2023-09-07 03:00:00,360.59,3,3,0,358.62,360.29666666666645,360.44666666666666,348.71
2023-09-07 04:00:00,348.71,4,3,0,360.59,355.97333333333313,358.52,369.68
2023-09-07 05:00:00,369.68,5,3,0,348.71,359.65999999999985,361.535,372.63
2023-09-07 06:00:00,372.63,6,3,0,369.68,363.6733333333332,361.98499999999996,809.84
2023-09-07 07:00:00,809.84,7,3,0,372.63,517.3833333333332,436.6783333333333,819.42
2023-09-07 08:00:00,819.42,8,3,0,809.84,667.2966666666665,513.4783333333334,802.15
2023-09-07 09:00:00,802.15,9,3,0,819.42,810.4699999999998,587.0716666666666,800.32
2023-09-07 10:00:00,800.32,10,3,0,802.15,807.2966666666665,662.34,807.03
2023-09-07 11:00:00,807.03,11,3,0,800.32,803.1666666666665,735.2316666666667,810.18
2023-09-07 12:00:00,810.18,12,3,0,807.03,805.8433333333331,808.1566666666666,803.55
2023-09-07 13:00:00,803.55,13,3,0,810.18,806.9199999999997,807.1083333333332,811.0
2023-09-07 14:00:00,811.0,14,3,0,803.55,808.2433333333332,805.7049999999999,609.15
2023-09-07 15:00:00,609.15,15,3,0,811.0,741.2333333333332,773.5383333333333,598.71
2023-09-07 16:00:00,598.71,16,3,0,609.15,672.9533333333331,739.9366666666666,610.85
2023-09-07 17:00:00,610.85,17,3,0,598.71,606.2366666666666,707.2400000000001,613.61
2023-09-07 18:00:00,613.61,18,3,0,610.85,607.7233333333332,674.4783333333334,608.07
2023-09-07 19:00:00,608.07,19,3,0,613.61,610.8433333333332,641.8983333333334,615.92
2023-09-07 20:00:00,615.92,20,3,0,608.07,612.5333333333332,609.385,346.96
2023-09-07 21:00:00,346.96,21,3,0,615.92,523.6499999999999,565.6866666666666,360.44
2023-09-07 22:00:00,360.44,22,3,0,346.96,441.1066666666665,525.975,347.34
2023-09-07 23:00:00,347.34,23,3,0,360.44,351.57999999999987,482.0566666666667,347.79
2023-09-08 00:00:00,347.79,0,4,0,347.34,351.8566666666665,437.75333333333333,351.65
2023-09-08 01:00:00,351.65,1,4,0,347.79,348.9266666666665,395.01666666666665,349.16
2023-09-08 02:00:00,349.16,2,4,0,351.65,349.53333333333325,350.5566666666666,352.31
2023-09-08 03:00:00,352.31,3,4,0,349.16,351.0399999999998,351.4483333333333,354.99
2023-09-08 04:00:00,354.99,4,4,0,352.31,352.1533333333332,350.53999999999996,363.4
2023-09-08 05:00:00,363.4,5,4,0,354.99,356.8999999999998,353.2166666666667,354.13
2023-09-08 06:00:00,354.13,6,4,0,363.4,357.5066666666665,354.27333333333337,794.01
2023-09-08 07:00:00,794.01,7,4,0,354.13,503.8466666666665,428.0,815.82
2023-09-08 08:00:00,815.82,8,4,0,794.01,654.6533333333332,505.7766666666667,800.0
2023-09-08 09:00:00,800.0,9,4,0,815.82,803.2766666666665,580.3916666666668,806.23
2023-09-08 10:00:00,806.23,10,4,0,800.0,807.3499999999999,655.5983333333334,810.27
2023-09-08 11:00:00,810.27,11,4,0,806.23,805.4999999999999,730.0766666666667,808.3
2023-09-08 12:00:00,808.3,12,4,0,810.27,808.2666666666664,805.7716666666666,815.45
2023-09-08 13:00:00,815.45,13,4,0,808.3,811.3399999999998,809.3449999999999,810.53
2023-09-08 14:00:00,810.53,14,4,0,815.45,811.4266666666664,808.4633333333333,599.81
2023-09-08 15:00:00,599.81,15,4,0,810.53,741.9299999999998,775.0983333333334,624.13
2023-09-08 16:00:00,624.13,16,4,0,599.81,678.1566666666664,744.7483333333333,608.25
2023-09-08 17:00:00,608.25,17,4,0,624.13,610.7299999999999,711.0783333333333,605.52
2023-09-08 18:00:00,605.52,18,4,0,608.25,612.6333333333332,677.2816666666666,614.41
2023-09-08 19:00:00,614.41,19,4,0,605.52,609.3933333333331,643.775,608.69
2023-09-08 20:00:00,608.69,20,4,0,614.41,609.5399999999998,610.135,359.89
2023-09-08 21:00:00,359.89,21,4,0,608.69,527.6633333333332,570.1483333333334,376.64
2023-09-08 22:00:00,376.64,22,4,0,359.89,448.4066666666665,528.9,354.5
2023-09-08 23:00:00,354.5,23,4,0,376.64,363.6766666666665,486.60833333333335,300.0
2023-09-09 00:00:00,300.0,0,5,1,354.5,343.71333333333314,435.68833333333333,300.0
2023-09-09 01:00:00,300.0,1,5,1,300.0,318.1666666666665,383.2866666666667,300.0
2023-09-09 02:00:00,300.0,2,5,1,300.0,300.0,331.83833333333337,300.0
2023-09-09 03:00:00,300.0,3,5,1,300.0,300.0,321.8566666666666,300.0
2023-09-09 04:00:00,300.0,4,5,1,300.0,300.0,309.0833333333333,300.0
2023-09-09 05:00:00,300.0,5,5,1,300.0,300.0,300.0,300.0
2023-09-09 06:00:00,300.0,6,5,1,300.0,300.0,300.0,723.3
2023-09-09 07:00:00,723.3,7,5,1,300.0,441.09999999999985,370.55,730.72
2023-09-09 08:00:00,730.72,8,5,1,723.3,584.6733333333332,442.33666666666664,719.57
2023-09-09 09:00:00,719.57,9,5,1,730.72,724.5299999999999,512.265,715.28
2023-09-09 10:00:00,715.28,10,5,1,719.57,721.8566666666666,581.4783333333334,727.25
2023-09-09 11:00:00,727.25,11,5,1,715.28,720.6999999999998,652.6866666666666,733.6
2023-09-09 12:00:00,733.6,12,5,1,727.25,725.3766666666664,724.9533333333334,713.14
2023-09-09 13:00:00,713.14,13,5,1,733.6,724.6633333333333,723.2599999999999,733.26
2023-09-09 14:00:00,733.26,14,5,1,713.14,726.6666666666665,723.6833333333334,533.24
2023-09-09 15:00:00,533.24,15,5,1,733.26,659.8799999999998,692.6283333333334,534.33
2023-09-09 16:00:00,534.33,16,5,1,533.24,600.2766666666665,662.47,536.45
2023-09-09 17:00:00,536.45,17,5,1,534.33,534.6733333333333,630.67,544.31
2023-09-09 18:00:00,544.31,18,5,1,536.45,538.3633333333332,599.1216666666667,523.85
2023-09-09 19:00:00,523.85,19,5,1,544.31,534.8699999999999,567.5733333333334,527.58
2023-09-09 20:00:00,527.58,20,5,1,523.85,531.9133333333332,533.2933333333334,300.0
2023-09-09 21:00:00,300.0,21,5,1,527.58,450.4766666666665,494.42,300.0
2023-09-09 22:00:00,300.0,22,5,1,300.0,375.85999999999984,455.365,300.0
2023-09-09 23:00:00,300.0,23,5,1,300.0,300.0,415.95666666666665,300.0
2023-09-10 00:00:00,300.0,0,6,1,300.0,300.0,375.2383333333333,300.0
2023-09-10 01:00:00,300.0,1,6,1,300.0,300.0,337.93,300.0
2023-09-10 02:00:00,300.0,2,6,1,300.0,300.0,300.0,300.0
2023-09-10 03:00:00,300.0,3,6,1,300.0,300.0,300.0,300.0
2023-09-10 04:00:00,300.0,4,6,1,300.0,300.0,300.0,300.0
2023-09-10 05:00:00,300.0,5,6,1,300.0,300.0,300.0,300.0
2023-09-10 06:00:00,300.0,6,6,1,300.0,300.0,300.0,738.7
2023-09-10 07:00:00,738.7,7,6,1,300.0,446.2333333333332,373.11666666666673,727.29
2023-09-10 08:00:00,727.29,8,6,1,738.7,588.6633333333332,444.3316666666667,734.9
2023-09-10 09:00:00,734.9,9,6,1,727.29,733.6299999999998,516.815,747.83
2023-09-10 10:00:00,747.83,10,6,1,734.9,736.6733333333332,591.4533333333334,731.48
2023-09-10 11:00:00,731.48,11,6,1,747.83,738.0699999999998,663.3666666666667,727.09
2023-09-10 12:00:00,727.09,12,6,1,731.48,735.4666666666666,734.5483333333333,732.48
2023-09-10 13:00:00,732.48,13,6,1,727.09,730.3499999999999,733.5116666666667,723.78
2023-09-10 14:00:00,723.78,14,6,1,732.48,727.7833333333332,732.9266666666666,545.8
2023-09-10 15:00:00,545.8,15,6,1,723.78,667.3533333333331,701.41,528.14
2023-09-10 16:00:00,528.14,16,6,1,545.8,599.2399999999998,664.795,524.52
2023-09-10 17:00:00,524.52,17,6,1,528.14,532.8199999999998,630.3016666666666,520.01
2023-09-10 18:00:00,520.01,18,6,1,524.52,524.2233333333331,595.7883333333333,535.48
2023-09-10 19:00:00,535.48,19,6,1,520.01,526.6699999999998,562.955,533.64
2023-09-10 20:00:00,533.64,20,6,1,535.48,529.7099999999999,531.265,300.0
2023-09-10 21:00:00,300.0,21,6,1,533.64,456.37333333333316,490.29833333333335,300.0
2023-09-10 22:00:00,300.0,22,6,1,300.0,377.8799999999998,452.2749999999999,300.0
2023-09-10 23:00:00,300.0,23,6,1,300.0,300.0,414.855,358.18
2023-09-11 00:00:00,358.18,0,0,0,300.0,319.3933333333332,387.8833333333334,360.32
2023-09-11 01:00:00,360.32,1,0,0,358.18,339.49999999999983,358.69000000000005,370.36
2023-09-11 02:00:00,370.36,2,0,0,360.32,362.9533333333332,331.4766666666667,350.53
2023-09-11 03:00:00,350.53,3,0,0,370.36,360.4033333333332,339.8983333333333,346.47
2023-09-11 04:00:00,346.47,4,0,0,350.53,355.7866666666666,347.6433333333334,349.54
2023-09-11 05:00:00,349.54,5,0,0,346.47,348.8466666666665,355.90000000000003,346.01
2023-09-11 06:00:00,346.01,6,0,0,349.54,347.33999999999986,353.87166666666667,817.39
2023-09-11 07:00:00,817.39,7,0,0,346.01,504.3133333333332,430.05,819.09
2023-09-11 08:00:00,819.09,8,0,0,817.39,660.8299999999999,504.8383333333333,809.26
2023-09-11 09:00:00,809.26,9,0,0,819.09,815.2466666666666,581.2933333333334,816.47
2023-09-11 10:00:00,816.47,10,0,0,809.26,814.9399999999999,659.6266666666667,807.77
2023-09-11 11:00:00,807.77,11,0,0,816.47,811.1666666666665,735.9983333333333,805.94
2023-09-11 12:00:00,805.94,12,0,0,807.77,810.06,812.6533333333333,804.03
2023-09-11 13:00:00,804.03,13,0,0,805.94,805.9133333333331,810.4266666666666,804.22
2023-09-11 14:00:00,804.22,14,0,0,804.03,804.7299999999999,807.9483333333334,594.32
2023-09-11 15:00:00,594.32,15,0,0,804.22,734.1899999999999,772.125,608.81
2023-09-11 16:00:00,608.81,16,0,0,594.32,669.1166666666666,737.515,606.38
2023-09-11 17:00:00,606.38,17,0,0,608.81,603.17,703.9499999999999,612.66
2023-09-11 18:00:00,612.66,18,0,0,606.38,609.2833333333332,671.7366666666667,607.45
2023-09-11 19:00:00,607.45,19,0,0,612.66,608.8299999999998,638.9733333333334,605.4
2023-09-11 20:00:00,605.4,20,0,0,607.45,608.5033333333332,605.8366666666667,349.73
2023-09-11 21:00:00,349.73,21,0,0,605.4,520.8599999999998,565.0716666666666,357.28
2023-09-11 22:00:00,357.28,22,0,0,349.73,437.4699999999998,523.15,362.6
2023-09-11 23:00:00,362.6,23,0,0,357.28,356.5366666666666,482.52,347.55
2023-09-12 00:00:00,347.55,0,1,0,362.6,355.8099999999999,438.33500000000004,357.4
2023-09-12 01:00:00,357.4,1,1,0,347.55,355.84999999999985,396.66,358.56
2023-09-12 02:00:00,358.56,2,1,0,357.4,354.50333333333316,355.52,350.95
2023-09-12 03:00:00,350.95,3,1,0,358.56,355.63666666666654,355.7233333333333,352.0
2023-09-12 04:00:00,352.0,4,1,0,350.95,353.83666666666653,354.8433333333333,358.54
2023-09-12 05:00:00,358.54,5,1,0,352.0,353.82999999999987,354.1666666666667,347.63
2023-09-12 06:00:00,347.63,6,1,0,358.54,352.7233333333332,354.18,809.5
2023-09-12 07:00:00,809.5,7,1,0,347.63,505.2233333333332,429.53,799.54
2023-09-12 08:00:00,799.54,8,1,0,809.5,652.2233333333332,503.02666666666664,815.2
2023-09-12 09:00:00,815.2,9,1,0,799.54,808.0799999999998,580.4016666666668,825.4
2023-09-12 10:00:00,825.4,10,1,0,815.2,813.3799999999998,659.3016666666667,799.81
2023-09-12 11:00:00,799.81,11,1,0,825.4,813.4699999999998,732.8466666666667,810.97
2023-09-12 12:00:00,810.97,12,1,0,799.81,812.0599999999998,810.07,800.88
2023-09-12 13:00:00,800.88,13,1,0,810.97,803.8866666666664,808.6333333333333,815.03
2023-09-12 14:00:00,815.03,14,1,0,800.88,808.9599999999999,811.215,596.58
2023-09-12 15:00:00,596.58,15,1,0,815.03,737.4966666666666,774.7783333333333,610.54
2023-09-12 16:00:00,610.54,16,1,0,596.58,674.0499999999998,738.9683333333334,599.71
2023-09-12 17:00:00,599.71,17,1,0,610.54,602.2766666666665,705.6183333333333,605.04
2023-09-12 18:00:00,605.04,18,1,0,599.71,605.0966666666665,671.2966666666666,598.45
2023-09-12 19:00:00,598.45,19,1,0,605.04,601.0666666666665,637.5583333333333,613.28
2023-09-12 20:00:00,613.28,20,1,0,598.45,605.5899999999998,603.9333333333334,350.0
2023-09-12 21:00:00,350.0,21,1,0,613.28,520.5766666666665,562.8366666666667,361.11
2023-09-12 22:00:00,361.11,22,1,0,350.0,441.46333333333314,521.265,353.95
2023-09-12 23:00:00,353.95,23,1,0,361.11,355.0199999999998,480.30500000000006,355.78
2023-09-13 00:00:00,355.78,0,2,0,353.95,356.9466666666665,438.7616666666666,357.88
2023-09-13 01:00:00,357.88,1,2,0,355.78,355.86999999999983,398.6666666666667,350.6
2023-09-13 02:00:00,350.6,2,2,0,357.88,354.75333333333316,354.8866666666667,358.38
2023-09-13 03:00:00,358.38,3,2,0,350.6,355.61999999999983,356.2833333333333,368.94
2023-09-13 04:00:00,368.94,4,2,0,358.38,359.30666666666656,357.5883333333333,350.47
2023-09-13 05:00:00,350.47,5,2,0,368.94,359.26333333333315,357.0083333333334,366.07
2023-09-13 06:00:00,366.07,6,2,0,350.47,361.82666666666654,358.72333333333336,818.68
2023-09-13 07:00:00,818.68,7,2,0,366.07,511.73999999999984,435.5233333333333,800.17
2023-09-13 08:00:00,800.17,8,2,0,818.68,661.6399999999999,510.45166666666665,795.06
2023-09-13 09:00:00,795.06,9,2,0,800.17,804.6366666666664,583.2316666666667,809.11
2023-09-13 10:00:00,809.11,10,2,0,795.06,801.4466666666664,656.5933333333332,802.32
2023-09-13 11:00:00,802.32,11,2,0,809.11,802.1633333333331,731.9016666666666,821.65
2023-09-13 12:00:00,821.65,12,2,0,802.32,811.0266666666665,807.8316666666666,806.98
2023-09-13 13:00:00,806.98,13,2,0,821.65,810.3166666666666,805.8816666666667,800.28
2023-09-13 14:00:00,800.28,14,2,0,806.98,809.6366666666664,805.9,597.52
2023-09-13 15:00:00,597.52,15,2,0,800.28,734.9266666666666,772.9766666666666,615.42
2023-09-13 16:00:00,615.42,16,2,0,597.52,671.0733333333332,740.695,602.13
2023-09-13 17:00:00,602.13,17,2,0,615.42,605.0233333333332,707.3299999999999,607.05
2023-09-13 18:00:00,607.05,18,2,0,602.13,608.1999999999998,671.5633333333334,614.35
2023-09-13 19:00:00,614.35,19,2,0,607.05,607.8433333333331,639.4583333333334,602.82
2023-09-13 20:00:00,602.82,20,2,0,614.35,608.0733333333332,606.5483333333333,356.33
2023-09-13 21:00:00,356.33,21,2,0,602.82,524.4999999999999,566.35,356.57
2023-09-13 22:00:00,356.57,22,2,0,356.33,438.5733333333332,523.2083333333334,362.17
2023-09-13 23:00:00,362.17,23,2,0,356.57,358.3566666666665,483.215,361.42
2023-09-14 00:00:00,361.42,0,3,0,362.17,360.0533333333332,442.27666666666664,354.94
2023-09-14 01:00:00,354.94,1,3,0,361.42,359.5099999999998,399.0416666666667,357.21
2023-09-14 02:00:00,357.21,2,3,0,354.94,357.8566666666665,358.1066666666666,353.72
2023-09-14 03:00:00,353.72,3,3,0,357.21,355.2899999999998,357.6716666666667,344.88
2023-09-14 04:00:00,344.88,4,3,0,353.72,351.9366666666665,355.72333333333336,358.76
2023-09-14 05:00:00,358.76,5,3,0,344.88,352.4533333333332,355.15500000000003,371.84
2023-09-14 06:00:00,371.84,6,3,0,358.76,358.49333333333317,356.89166666666665,799.63
2023-09-14 07:00:00,799.63,7,3,0,371.84,510.07666666666654,431.00666666666666,800.51
2023-09-14 08:00:00,800.51,8,3,0,799.63,657.3266666666665,504.89000000000004,799.73
2023-09-14 09:00:00,799.73,9,3,0,800.51,799.9566666666665,579.225,812.5
2023-09-14 10:00:00,812.5,10,3,0,799.73,804.2466666666664,657.1616666666667,810.29
2023-09-14 11:00:00,810.29,11,3,0,812.5,807.5066666666665,732.4166666666666,805.43
2023-09-14 12:00:00,805.43,12,3,0,810.29,809.4066666666664,804.6816666666667,799.35
2023-09-14 13:00:00,799.35,13,3,0,805.43,805.0233333333331,804.6349999999999,807.44
2023-09-14 14:00:00,807.44,14,3,0,799.35,804.0733333333332,805.79,594.18
2023-09-14 15:00:00,594.18,15,3,0,807.44,733.6566666666664,771.5316666666668,607.85
2023-09-14 16:00:00,607.85,16,3,0,594.18,669.8233333333332,737.4233333333333,613.67
2023-09-14 17:00:00,613.67,17,3,0,607.85,605.2333333333331,704.6533333333333,596.69
2023-09-14 18:00:00,596.69,18,3,0,613.67,606.0699999999998,669.8633333333333,594.44
2023-09-14 19:00:00,594.44,19,3,0,596.69,601.5999999999998,635.7116666666667,619.33
2023-09-14 20:00:00,619.33,20,3,0,594.44,603.4866666666666,604.36,351.8
2023-09-14 21:00:00,351.8,21,3,0,619.33,521.8566666666666,563.9633333333334,365.79
2023-09-14 22:00:00,365.79,22,3,0,351.8,445.6399999999999,523.62,355.47
2023-09-14 23:00:00,355.47,23,3,0,365.79,357.6866666666665,480.58666666666676,355.4
2023-09-15 00:00:00,355.4,0,4,0,355.47,358.8866666666665,440.3716666666667,360.21
2023-09-15 01:00:00,360.21,1,4,0,355.4,357.0266666666665,401.3333333333333,349.63
2023-09-15 02:00:00,349.63,2,4,0,360.21,355.07999999999976,356.3833333333334,357.76
2023-09-15 03:00:00,357.76,3,4,0,349.63,355.8666666666665,357.3766666666667,353.65
2023-09-15 04:00:00,353.65,4,4,0,357.76,353.6799999999998,355.3533333333333,346.13
2023-09-15 05:00:00,346.13,5,4,0,353.65,352.51333333333315,353.7966666666666,359.4
2023-09-15 06:00:00,359.4,6,4,0,346.13,353.0599999999998,354.4633333333333,804.59
2023-09-15 07:00:00,804.59,7,4,0,359.4,503.37333333333316,428.52666666666664,805.44
2023-09-15 08:00:00,805.44,8,4,0,804.59,656.4766666666666,504.49499999999995,797.02
2023-09-15 09:00:00,797.02,9,4,0,805.44,802.3499999999998,577.705,819.43
2023-09-15 10:00:00,819.43,10,4,0,797.02,807.2966666666665,655.3349999999999,813.71
2023-09-15 11:00:00,813.71,11,4,0,819.43,810.0533333333332,733.265,814.41
2023-09-15 12:00:00,814.41,12,4,0,813.71,815.8499999999998,809.1,804.26
2023-09-15 13:00:00,804.26,13,4,0,814.41,810.7933333333332,809.0450000000001,792.87
2023-09-15 14:00:00,792.87,14,4,0,804.26,803.8466666666665,806.9499999999999,622.32
2023-09-15 15:00:00,622.32,15,4,0,792.87,739.8166666666666,777.8333333333334,606.21
2023-09-15 16:00:00,606.21,16,4,0,622.32,673.7999999999998,742.2966666666667,600.71
2023-09-15 17:00:00,600.71,17,4,0,606.21,609.7466666666666,706.7966666666667,610.03
2023-09-15 18:00:00,610.03,18,4,0,600.71,605.6499999999999,672.7333333333335,616.04
2023-09-15 19:00:00,616.04,19,4,0,610.03,608.9266666666665,641.3633333333333,606.51
2023-09-15 20:00:00,606.51,20,4,0,616.04,610.8599999999998,610.3033333333334,366.93
2023-09-15 21:00:00,366.93,21,4,0,606.51,529.8266666666665,567.7383333333333,365.36
2023-09-15 22:00:00,365.36,22,4,0,366.93,446.2666666666665,527.5966666666667,348.09
2023-09-15 23:00:00,348.09,23,4,0,365.36,360.12666666666655,485.49333333333334,300.0
2023-09-16 00:00:00,300.0,0,5,1,348.09,337.8166666666665,433.8216666666667,300.0
2023-09-16 01:00:00,300.0,1,5,1,300.0,316.0299999999998,381.1483333333333,300.0
2023-09-16 02:00:00,300.0,2,5,1,300.0,300.0,330.06333333333333,300.0
2023-09-16 03:00:00,300.0,3,5,1,300.0,300.0,318.9083333333333,300.0
2023-09-16 04:00:00,300.0,4,5,1,300.0,300.0,308.01500000000004,300.0
2023-09-16 05:00:00,300.0,5,5,1,300.0,300.0,300.0,300.0
2023-09-16 06:00:00,300.0,6,5,1,300.0,300.0,300.0,723.83
2023-09-16 07:00:00,723.83,7,5,1,300.0,441.2766666666665,370.6383333333333,722.28
2023-09-16 08:00:00,722.28,8,5,1,723.83,582.0366666666665,441.01833333333326,717.92
2023-09-16 09:00:00,717.92,9,5,1,722.28,721.3433333333332,510.6716666666666,745.03
2023-09-16 10:00:00,745.03,10,5,1,717.92,728.4099999999999,584.8433333333334,741.64
2023-09-16 11:00:00,741.64,11,5,1,745.03,734.8633333333331,658.4499999999999,717.4
2023-09-16 12:00:00,717.4,12,5,1,741.64,734.6899999999999,728.0166666666665,739.36
2023-09-16 13:00:00,739.36,13,5,1,717.4,732.7999999999998,730.605,723.5
2023-09-16 14:00:00,723.5,14,5,1,739.36,726.7533333333332,730.8083333333334,527.73
2023-09-16 15:00:00,527.73,15,5,1,723.5,663.5299999999999,699.11,526.19
2023-09-16 16:00:00,526.19,16,5,1,527.73,592.4733333333332,662.6366666666667,521.42
2023-09-16 17:00:00,521.42,17,5,1,526.19,525.1133333333331,625.9333333333333,534.57
2023-09-16 18:00:00,534.57,18,5,1,521.42,527.3933333333333,595.4616666666667,527.71
2023-09-16 19:00:00,527.71,19,5,1,534.57,527.9,560.1866666666666,522.89
2023-09-16 20:00:00,522.89,20,5,1,527.71,528.3899999999999,526.7516666666667,300.0
2023-09-16 21:00:00,300.0,21,5,1,522.89,450.1999999999998,488.7966666666666,300.0
2023-09-16 22:00:00,300.0,22,5,1,300.0,374.29666666666645,451.09833333333336,300.0
2023-09-16 23:00:00,300.0,23,5,1,300.0,300.0,414.195,300.0
2023-09-17 00:00:00,300.0,0,6,1,300.0,300.0,375.09999999999997,300.0
2023-09-17 01:00:00,300.0,1,6,1,300.0,300.0,337.1483333333333,300.0
2023-09-17 02:00:00,300.0,2,6,1,300.0,300.0,300.0,300.0
2023-09-17 03:00:00,300.0,3,6,1,300.0,300.0,300.0,300.0
2023-09-17 04:00:00,300.0,4,6,1,300.0,300.0,300.0,300.0
2023-09-17 05:00:00,300.0,5,6,1,300.0,300.0,300.0,300.0
2023-09-17 06:00:00,300.0,6,6,1,300.0,300.0,300.0,741.74
2023-09-17 07:00:00,741.74,7,6,1,300.0,447.2466666666665,373.6233333333334,730.86
2023-09-17 08:00:00,730.86,8,6,1,741.74,590.8666666666664,445.4333333333334,724.08
2023-09-17 09:00:00,724.08,9,6,1,730.86,732.2266666666665,516.1133333333333,715.29
2023-09-17 10:00:00,715.29,10,6,1,724.08,723.4099999999999,585.3283333333334,729.85
2023-09-17 11:00:00,729.85,11,6,1,715.29,723.0733333333332,656.97,733.33
2023-09-17 12:00:00,733.33,12,6,1,729.85,726.1566666666664,729.1916666666667,721.65
2023-09-17 13:00:00,721.65,13,6,1,733.33,728.2766666666665,725.8433333333332,729.03
2023-09-17 14:00:00,729.03,14,6,1,721.65,728.0033333333332,725.5383333333334,523.79
2023-09-17 15:00:00,523.79,15,6,1,729.03,658.1566666666664,692.1566666666666,525.23
2023-09-17 16:00:00,525.23,16,6,1,523.79,592.683333333333,660.48,506.8
2023-09-17 17:00:00,506.8,17,6,1,525.23,518.6066666666666,623.305,524.92
2023-09-17 18:00:00,524.92,18,6,1,506.8,518.9833333333332,588.57,534.45
2023-09-17 19:00:00,534.45,19,6,1,524.92,522.0566666666665,557.37,521.65
2023-09-17 20:00:00,521.65,20,6,1,534.45,527.0066666666665,522.8066666666667,300.0
2023-09-17 21:00:00,300.0,21,6,1,521.65,452.03333333333313,485.5083333333334,300.0
2023-09-17 22:00:00,300.0,22,6,1,300.0,373.8833333333332,447.96999999999997,300.0
2023-09-17 23:00:00,300.0,23,6,1,300.0,300.0,413.50333333333333,354.97
2023-09-18 00:00:00,354.97,0,0,0,300.0,318.3233333333332,385.17833333333334,349.18
2023-09-18 01:00:00,349.18,1,0,0,354.97,334.7166666666665,354.3,367.36
2023-09-18 02:00:00,367.36,2,0,0,349.18,357.16999999999985,328.585,364.13
2023-09-18 03:00:00,364.13,3,0,0,367.36,360.2233333333332,339.27333333333337,351.86
2023-09-18 04:00:00,351.86,4,0,0,364.13,361.1166666666665,347.9166666666667,360.68
2023-09-18 05:00:00,360.68,5,0,0,351.86,358.8899999999999,358.03,361.0
2023-09-18 06:00:00,361.0,6,0,0,360.68,357.8466666666665,359.035,811.84
2023-09-18 07:00:00,811.84,7,0,0,361.0,511.1733333333332,436.145,793.14
2023-09-18 08:00:00,793.14,8,0,0,811.84,655.3266666666665,507.10833333333335,814.75
2023-09-18 09:00:00,814.75,9,0,0,793.14,806.5766666666665,582.2116666666667,802.14
2023-09-18 10:00:00,802.14,10,0,0,814.75,803.3433333333331,657.2583333333333,803.84
2023-09-18 11:00:00,803.84,11,0,0,802.14,806.9099999999999,731.1183333333333,827.8
2023-09-18 12:00:00,827.8,12,0,0,803.84,811.2599999999999,808.9183333333334,809.11
2023-09-18 13:00:00,809.11,13,0,0,827.8,813.5833333333331,808.4633333333333,803.61
2023-09-18 14:00:00,803.61,14,0,0,809.11,813.5066666666665,810.2083333333334,589.06
2023-09-18 15:00:00,589.06,15,0,0,803.61,733.9266666666666,772.5933333333332,617.82
2023-09-18 16:00:00,617.82,16,0,0,589.06,670.1633333333331,741.8733333333333,595.94
2023-09-18 17:00:00,595.94,17,0,0,617.82,600.9399999999999,707.2233333333334,598.67
2023-09-18 18:00:00,598.67,18,0,0,595.94,604.1433333333332,669.035,604.05
2023-09-18 19:00:00,604.05,19,0,0,598.67,599.5533333333332,634.8583333333333,618.03
2023-09-18 20:00:00,618.03,20,0,0,604.05,606.9166666666664,603.9283333333333,362.88
2023-09-18 21:00:00,362.88,21,0,0,618.03,528.3199999999998,566.2316666666667,355.44
2023-09-18 22:00:00,355.44,22,0,0,362.88,445.4499999999998,522.5016666666667,359.17
2023-09-18 23:00:00,359.17,23,0,0,355.44,359.1633333333332,483.03999999999996,351.9
2023-09-19 00:00:00,351.9,0,1,0,359.17,355.50333333333316,441.9116666666667,357.82
2023-09-19 01:00:00,357.82,1,1,0,351.9,356.29666666666645,400.8733333333333,357.29
2023-09-19 02:00:00,357.29,2,1,0,357.82,355.66999999999985,357.4166666666667,364.45
2023-09-19 03:00:00,364.45,3,1,0,357.29,359.8533333333332,357.67833333333334,364.44
2023-09-19 04:00:00,364.44,4,1,0,364.45,362.0599999999999,359.1783333333333,360.65
2023-09-19 05:00:00,360.65,5,1,0,364.44,363.17999999999984,359.42499999999995,353.8
2023-09-19 06:00:00,353.8,6,1,0,360.65,359.6299999999998,359.7416666666666,812.63
2023-09-19 07:00:00,812.63,7,1,0,353.8,509.0266666666665,435.54333333333335,805.96
2023-09-19 08:00:00,805.96,8,1,0,812.63,657.4633333333331,510.3216666666667,798.04
2023-09-19 09:00:00,798.04,9,1,0,805.96,805.5433333333332,582.5866666666666,803.47
2023-09-19 10:00:00,803.47,10,1,0,798.04,802.4899999999999,655.7583333333333,807.37
2023-09-19 11:00:00,807.37,11,1,0,803.47,802.9599999999999,730.2116666666667,813.98
2023-09-19 12:00:00,813.98,12,1,0,807.37,808.2733333333332,806.9083333333333,805.23
2023-09-19 13:00:00,805.23,13,1,0,813.98,808.86,805.6750000000001,797.03
2023-09-19 14:00:00,797.03,14,1,0,805.23,805.4133333333333,804.1866666666666,607.15
2023-09-19 15:00:00,607.15,15,1,0,797.03,736.4699999999999,772.3716666666666,607.61
2023-09-19 16:00:00,607.61,16,1,0,607.15,670.5966666666666,739.7283333333334,608.19
2023-09-19 17:00:00,608.19,17,1,0,607.61,607.65,706.5316666666668,614.06
2023-09-19 18:00:00,614.06,18,1,0,608.19,609.9533333333333,673.2116666666667,614.85
2023-09-19 19:00:00,614.85,19,1,0,614.06,612.3666666666664,641.4816666666667,601.95
2023-09-19 20:00:00,601.95,20,1,0,614.85,610.2866666666665,608.9683333333334,351.77
2023-09-19 21:00:00,351.77,21,1,0,601.95,522.8566666666666,566.405,348.38
2023-09-19 22:00:00,348.38,22,1,0,351.77,434.03333333333325,523.2,362.29
2023-09-19 23:00:00,362.29,23,1,0,348.38,354.14666666666653,482.2166666666667,368.29
2023-09-20 00:00:00,368.29,0,2,0,362.29,359.6533333333332,441.25500000000005,354.18
2023-09-20 01:00:00,354.18,1,2,0,368.29,361.5866666666666,397.81,354.77
2023-09-20 02:00:00,354.77,2,2,0,354.18,359.0799999999999,356.6133333333333,368.43
2023-09-20 03:00:00,368.43,3,2,0,354.77,359.12666666666655,359.39000000000004,360.74
2023-09-20 04:00:00,360.74,4,2,0,368.43,361.3133333333332,361.45,360.19
2023-09-20 05:00:00,360.19,5,2,0,360.74,363.1199999999999,361.09999999999997,347.17
2023-09-20 06:00:00,347.17,6,2,0,360.19,356.03333333333325,357.58,812.13
2023-09-20 07:00:00,812.13,7,2,0,347.17,506.4966666666666,433.905,799.27
2023-09-20 08:00:00,799.27,8,2,0,812.13,652.8566666666666,507.9883333333333,797.63
2023-09-20 09:00:00,797.63,9,2,0,799.27,803.0099999999999,579.5216666666666,803.92
2023-09-20 10:00:00,803.92,10,2,0,797.63,800.2733333333332,653.385,802.01
2023-09-20 11:00:00,802.01,11,2,0,803.92,801.1866666666665,727.0216666666666,804.93
2023-09-20 12:00:00,804.93,12,2,0,802.01,803.6199999999999,803.3149999999999,795.17
2023-09-20 13:00:00,795.17,13,2,0,804.93,800.7033333333333,800.4883333333333,814.37
2023-09-20 14:00:00,814.37,14,2,0,795.17,804.8233333333332,803.005,615.72
2023-09-20 15:00:00,615.72,15,2,0,814.37,741.7533333333332,772.6866666666666,591.12
2023-09-20 16:00:00,591.12,16,2,0,615.72,673.7366666666666,737.2199999999999,614.53
2023-09-20 17:00:00,614.53,17,2,0,591.12,607.1233333333333,705.9733333333334,600.21
2023-09-20 18:00:00,600.21,18,2,0,614.53,601.9533333333333,671.8533333333334,613.55
2023-09-20 19:00:00,613.55,19,2,0,600.21,609.4299999999998,641.5833333333334,606.15
2023-09-20 20:00:00,606.15,20,2,0,613.55,606.6366666666665,606.88,356.93
2023-09-20 21:00:00,356.93,21,2,0,606.15,525.5433333333332,563.7483333333333,355.22
2023-09-20 22:00:00,355.22,22,2,0,356.93,439.4333333333332,524.4316666666667,366.4
2023-09-20 23:00:00,366.4,23,2,0,355.22,359.5166666666666,483.07666666666665,346.78
2023-09-21 00:00:00,346.78,0,3,0,366.4,356.1333333333332,440.8383333333333,361.56
2023-09-21 01:00:00,361.56,1,3,0,346.78,358.2466666666665,398.84,365.51
2023-09-21 02:00:00,365.51,2,3,0,361.56,357.9499999999999,358.73333333333335,362.43
2023-09-21 03:00:00,362.43,3,3,0,365.51,363.1666666666666,359.65000000000003,375.3
2023-09-21 04:00:00,375.3,4,3,0,362.43,367.7466666666666,362.99666666666667,352.47
2023-09-21 05:00:00,352.47,5,3,0,375.3,363.3999999999999,360.675,364.36
2023-09-21 06:00:00,364.36,6,3,0,352.47,364.04333333333324,363.605,805.85
2023-09-21 07:00:00,805.85,7,3,0,364.36,507.55999999999995,437.65333333333336,816.57
2023-09-21 08:00:00,816.57,8,3,0,805.85,662.2599999999999,512.83,806.64
2023-09-21 09:00:00,806.64,9,3,0,816.57,809.6866666666665,586.865,803.6
2023-09-21 10:00:00,803.6,10,3,0,806.64,808.9366666666665,658.2483333333333,817.15
2023-09-21 11:00:00,817.15,11,3,0,803.6,809.1299999999998,735.695,802.77
2023-09-21 12:00:00,802.77,12,3,0,817.15,807.8399999999998,808.7633333333333,795.4
2023-09-21 13:00:00,795.4,13,3,0,802.77,805.1066666666666,807.0216666666666,802.56
2023-09-21 14:00:00,802.56,14,3,0,795.4,800.2433333333332,804.6866666666666,611.65
2023-09-21 15:00:00,611.65,15,3,0,802.56,736.5366666666665,772.1883333333334,617.84
2023-09-21 16:00:00,617.84,16,3,0,611.65,677.3499999999998,741.2283333333334,607.59
2023-09-21 17:00:00,607.59,17,3,0,617.84,612.36,706.3016666666667,617.24
2023-09-21 18:00:00,617.24,18,3,0,607.59,614.2233333333332,675.38,595.83
2023-09-21 19:00:00,595.83,19,3,0,617.24,606.8866666666665,642.1183333333333,603.15
2023-09-21 20:00:00,603.15,20,3,0,595.83,605.4066666666666,608.8833333333333,354.39
2023-09-21 21:00:00,354.39,21,3,0,603.15,517.7899999999998,566.0066666666667,355.78
2023-09-21 22:00:00,355.78,22,3,0,354.39,437.77333333333326,522.3299999999999,357.37
2023-09-21 23:00:00,357.37,23,3,0,355.78,355.8466666666665,480.6266666666667,362.23
2023-09-22 00:00:00,362.23,0,4,0,357.37,358.45999999999987,438.125,353.14
2023-09-22 01:00:00,353.14,1,4,0,362.23,357.5799999999999,397.6766666666667,357.81
2023-09-22 02:00:00,357.81,2,4,0,353.14,357.7266666666665,356.78666666666663,356.34
2023-09-22 03:00:00,356.34,3,4,0,357.81,355.76333333333315,357.1116666666667,349.29
2023-09-22 04:00:00,349.29,4,4,0,356.34,354.47999999999985,356.03,355.79
2023-09-22 05:00:00,355.79,5,4,0,349.29,353.80666666666656,355.7666666666667,355.55
2023-09-22 06:00:00,355.55,6,4,0,355.79,353.54333333333324,354.65333333333336,805.38
2023-09-22 07:00:00,805.38,7,4,0,355.55,505.57333333333327,430.02666666666664,806.95
2023-09-22 08:00:00,806.95,8,4,0,805.38,655.9599999999999,504.8833333333334,807.3
2023-09-22 09:00:00,807.3,9,4,0,806.95,806.5433333333332,580.0433333333334,803.24
2023-09-22 10:00:00,803.24,10,4,0,807.3,805.8299999999999,655.7016666666667,816.88
2023-09-22 11:00:00,816.88,11,4,0,803.24,809.1399999999999,732.5500000000001,797.34
2023-09-22 12:00:00,797.34,12,4,0,816.88,805.82,806.1816666666667,800.93
2023-09-22 13:00:00,800.93,13,4,0,797.34,805.0499999999998,805.4399999999999,828.94
2023-09-22 14:00:00,828.94,14,4,0,800.93,809.0699999999998,809.105,598.39
2023-09-22 15:00:00,598.39,15,4,0,828.94,742.7533333333332,774.2866666666665,595.87
2023-09-22 16:00:00,595.87,16,4,0,598.39,674.4,739.725,612.57
2023-09-22 17:00:00,612.57,17,4,0,595.87,602.2766666666666,705.6733333333333,590.08
2023-09-22 18:00:00,590.08,18,4,0,612.57,599.5066666666667,671.13,604.82
2023-09-22 19:00:00,604.82,19,4,0,590.08,602.49,638.445,623.87
2023-09-22 20:00:00,623.87,20,4,0,604.82,606.2566666666667,604.2666666666667,344.34
2023-09-22 21:00:00,344.34,21,4,0,623.87,524.3433333333334,561.9250000000001,340.84
2023-09-22 22:00:00,340.84,22,4,0,344.34,436.3499999999999,519.4200000000001,344.71
2023-09-22 23:00:00,344.71,23,4,0,340.84,343.29666666666657,474.77666666666664,300.0
2023-09-23 00:00:00,300.0,0,5,1,344.71,328.5166666666666,426.43,300.0
2023-09-23 01:00:00,300.0,1,5,1,300.0,314.90333333333325,375.6266666666666,300.0
2023-09-23 02:00:00,300.0,2,5,1,300.0,300.0,321.64833333333337,300.0
2023-09-23 03:00:00,300.0,3,5,1,300.0,300.0,314.2583333333333,300.0
2023-09-23 04:00:00,300.0,4,5,1,300.0,300.0,307.45166666666665,300.0
2023-09-23 05:00:00,300.0,5,5,1,300.0,300.0,300.0,300.0
2023-09-23 06:00:00,300.0,6,5,1,300.0,300.0,300.0,708.29
2023-09-23 07:00:00,708.29,7,5,1,300.0,436.0966666666666,368.04833333333335,720.13
2023-09-23 08:00:00,720.13,8,5,1,708.29,576.1399999999999,438.07,723.28
2023-09-23 09:00:00,723.28,9,5,1,720.13,717.2333333333332,508.6166666666666,724.63
2023-09-23 10:00:00,724.63,10,5,1,723.28,722.68,579.3883333333333,725.2
2023-09-23 11:00:00,725.2,11,5,1,724.63,724.3699999999999,650.255,735.65
2023-09-23 12:00:00,735.65,12,5,1,725.2,728.4933333333333,722.8633333333333,736.89
2023-09-23 13:00:00,736.89,13,5,1,735.65,732.5799999999999,727.63,725.33
2023-09-23 14:00:00,725.33,14,5,1,736.89,732.6233333333333,728.4966666666666,535.49
2023-09-23 15:00:00,535.49,15,5,1,725.33,665.9033333333332,697.1983333333334,529.56
2023-09-23 16:00:00,529.56,16,5,1,535.49,596.7933333333332,664.6866666666666,527.21
2023-09-23 17:00:00,527.21,17,5,1,529.56,530.7533333333332,631.6883333333334,533.95
2023-09-23 18:00:00,533.95,18,5,1,527.21,530.2399999999999,598.0716666666667,527.28
2023-09-23 19:00:00,527.28,19,5,1,533.95,529.4799999999999,563.1366666666667,543.16
2023-09-23 20:00:00,543.16,20,5,1,527.28,534.7966666666665,532.775,300.0
2023-09-23 21:00:00,300.0,21,5,1,543.16,456.8133333333332,493.52666666666664,300.0
2023-09-23 22:00:00,300.0,22,5,1,300.0,381.0533333333333,455.2666666666667,300.0
2023-09-23 23:00:00,300.0,23,5,1,300.0,300.0,417.39833333333337,300.0
2023-09-24 00:00:00,300.0,0,6,1,300.0,300.0,378.4066666666666,300.0
2023-09-24 01:00:00,300.0,1,6,1,300.0,300.0,340.5266666666667,300.0
2023-09-24 02:00:00,300.0,2,6,1,300.0,300.0,300.0,300.0
2023-09-24 03:00:00,300.0,3,6,1,300.0,300.0,300.0,300.0
2023-09-24 04:00:00,300.0,4,6,1,300.0,300.0,300.0,300.0
2023-09-24 05:00:00,300.0,5,6,1,300.0,300.0,300.0,300.0
2023-09-24 06:00:00,300.0,6,6,1,300.0,300.0,300.0,726.67
2023-09-24 07:00:00,726.67,7,6,1,300.0,442.2233333333332,371.1116666666667,713.98
2023-09-24 08:00:00,713.98,8,6,1,726.67,580.2166666666666,440.10833333333335,721.38
2023-09-24 09:00:00,721.38,9,6,1,713.98,720.6766666666666,510.3383333333333,719.48
2023-09-24 10:00:00,719.48,10,6,1,721.38,718.2799999999999,580.2516666666667,733.17
2023-09-24 11:00:00,733.17,11,6,1,719.48,724.6766666666666,652.4466666666666,727.63
2023-09-24 12:00:00,727.63,12,6,1,733.17,726.7599999999999,723.7183333333332,716.41
2023-09-24 13:00:00,716.41,13,6,1,727.63,725.7366666666666,722.0083333333333,733.74
2023-09-24 14:00:00,733.74,14,6,1,716.41,725.9266666666666,725.3016666666666,515.23
2023-09-24 15:00:00,515.23,15,6,1,733.74,655.1266666666666,690.9433333333333,529.34
2023-09-24 16:00:00,529.34,16,6,1,515.23,592.77,659.2533333333334,520.19
2023-09-24 17:00:00,520.19,17,6,1,529.34,521.5866666666666,623.7566666666667,523.77
2023-09-24 18:00:00,523.77,18,6,1,520.19,524.4333333333333,589.7800000000001,530.73
2023-09-24 19:00:00,530.73,19,6,1,523.77,524.8966666666666,558.8333333333334,530.87
2023-09-24 20:00:00,530.87,20,6,1,530.73,528.4566666666666,525.0216666666666,300.0
2023-09-24 21:00:00,300.0,21,6,1,530.87,453.8666666666666,489.15000000000003,300.0
2023-09-24 22:00:00,300.0,22,6,1,300.0,376.95666666666665,450.92666666666673,300.0
2023-09-24 23:00:00,300.0,23,6,1,300.0,300.0,414.2283333333333,353.2
2023-09-25 00:00:00,353.2,0,0,0,300.0,317.7333333333333,385.8,358.15
2023-09-25 01:00:00,358.15,1,0,0,353.2,337.11666666666656,357.03666666666663,360.21
2023-09-25 02:00:00,360.21,2,0,0,358.15,357.18666666666655,328.5933333333333,355.91
2023-09-25 03:00:00,355.91,3,0,0,360.21,358.0899999999999,337.9116666666667,342.27
2023-09-25 04:00:00,342.27,4,0,0,355.91,352.7966666666666,344.95666666666665,359.35
2023-09-25 05:00:00,359.35,5,0,0,342.27,352.50999999999993,354.8483333333333,359.62
2023-09-25 06:00:00,359.62,6,0,0,359.35,353.7466666666666,355.91833333333335,801.26
2023-09-25 07:00:00,801.26,7,0,0,359.62,506.7433333333333,429.77,796.42
2023-09-25 08:00:00,796.42,8,0,0,801.26,652.4333333333333,502.47166666666664,818.51
2023-09-25 09:00:00,818.51,9,0,0,796.42,805.3966666666665,579.5716666666666,810.63
2023-09-25 10:00:00,810.63,10,0,0,818.51,808.5199999999999,657.6316666666667,804.87
2023-09-25 11:00:00,804.87,11,0,0,810.63,811.3366666666666,731.8850000000001,797.6
2023-09-25 12:00:00,797.6,12,0,0,804.87,804.3666666666667,804.8816666666667,800.12
2023-09-25 13:00:00,800.12,13,0,0,797.6,800.8633333333332,804.6916666666666,817.12
2023-09-25 14:00:00,817.12,14,0,0,800.12,804.9466666666667,808.1416666666668,607.8
2023-09-25 15:00:00,607.8,15,0,0,817.12,741.68,773.0233333333334,602.29
2023-09-25 16:00:00,602.29,16,0,0,607.8,675.7366666666666,738.3000000000001,610.78
2023-09-25 17:00:00,610.78,17,0,0,602.29,606.9566666666666,705.9516666666667,600.18
2023-09-25 18:00:00,600.18,18,0,0,610.78,604.4166666666665,673.0483333333333,618.71
2023-09-25 19:00:00,618.71,19,0,0,600.18,609.8899999999999,642.8133333333333,617.52
2023-09-25 20:00:00,617.52,20,0,0,618.71,612.1366666666667,609.5466666666666,352.97
2023-09-25 21:00:00,352.97,21,0,0,617.52,529.7333333333332,567.0749999999999,351.67
2023-09-25 22:00:00,351.67,22,0,0,352.97,440.71999999999997,525.305,335.75
2023-09-25 23:00:00,335.75,23,0,0,351.67,346.7966666666666,479.4666666666667,344.85
2023-09-26 00:00:00,344.85,0,1,0,335.75,344.0899999999999,436.9116666666667,345.98
2023-09-26 01:00:00,345.98,1,1,0,344.85,342.1933333333332,391.4566666666667,357.78
2023-09-26 02:00:00,357.78,2,1,0,345.98,349.5366666666666,348.1666666666667,354.09
2023-09-26 03:00:00,354.09,3,1,0,357.78,352.6166666666666,348.3533333333333,345.94
2023-09-26 04:00:00,345.94,4,1,0,354.09,352.60333333333324,347.3983333333333,354.45
2023-09-26 05:00:00,354.45,5,1,0,345.94,351.4933333333333,350.51500000000004,360.74
2023-09-26 06:00:00,360.74,6,1,0,354.45,353.70999999999987,353.16333333333336,810.92
2023-09-26 07:00:00,810.92,7,1,0,360.74,508.7033333333332,430.65333333333336,791.5
2023-09-26 08:00:00,791.5,8,1,0,810.92,654.3866666666667,502.94000000000005,805.67
2023-09-26 09:00:00,805.67,9,1,0,791.5,802.6966666666666,578.2033333333333,795.63
2023-09-26 10:00:00,795.63,10,1,0,805.67,797.5999999999999,653.1516666666666,813.91
2023-09-26 11:00:00,813.91,11,1,0,795.63,805.0699999999998,729.7283333333334,812.97
2023-09-26 12:00:00,812.97,12,1,0,813.91,807.5033333333332,805.0999999999999,799.51
2023-09-26 13:00:00,799.51,13,1,0,812.97,808.7966666666666,803.1983333333333,800.57
2023-09-26 14:00:00,800.57,14,1,0,799.51,804.35,804.71,603.01
2023-09-26 15:00:00,603.01,15,1,0,800.57,734.3633333333332,770.9333333333334,588.68
2023-09-26 16:00:00,588.68,16,1,0,603.01,664.0866666666666,736.4416666666666,609.39
2023-09-26 17:00:00,609.39,17,1,0,588.68,600.3599999999999,702.355,604.52
2023-09-26 18:00:00,604.52,18,1,0,609.39,600.8633333333332,667.6133333333333,614.46
2023-09-26 19:00:00,614.46,19,1,0,604.52,609.4566666666666,636.7716666666666,597.91
2023-09-26 20:00:00,597.91,20,1,0,614.46,605.63,602.995,351.75
2023-09-26 21:00:00,351.75,21,1,0,597.91,521.3733333333333,561.1183333333333,344.65
2023-09-26 22:00:00,344.65,22,1,0,351.75,431.43666666666655,520.4466666666666,348.66
2023-09-26 23:00:00,348.66,23,1,0,344.65,348.35333333333324,476.9916666666666,347.24
2023-09-27 00:00:00,347.24,0,2,0,348.66,346.8499999999999,434.1116666666667,364.67
2023-09-27 01:00:00,364.67,1,2,0,347.24,353.52333333333326,392.48,351.11
2023-09-27 02:00:00,351.11,2,2,0,364.67,354.3399999999999,351.34666666666664,357.69
2023-09-27 03:00:00,357.69,3,2,0,351.11,357.82333333333327,352.33666666666664,353.65
2023-09-27 04:00:00,353.65,4,2,0,357.69,354.1499999999999,353.83666666666664,346.54
2023-09-27 05:00:00,346.54,5,2,0,353.65,352.62666666666655,353.48333333333335,355.35
2023-09-27 06:00:00,355.35,6,2,0,346.54,351.8466666666666,354.83500000000004,811.49
2023-09-27 07:00:00,811.49,7,2,0,355.35,504.46,429.305,797.04
2023-09-27 08:00:00,797.04,8,2,0,811.49,654.6266666666666,503.6266666666667,813.17
2023-09-27 09:00:00,813.17,9,2,0,797.04,807.2333333333332,579.5400000000001,799.9
2023-09-27 10:00:00,799.9,10,2,0,813.17,803.3699999999999,653.915,802.83
2023-09-27 11:00:00,802.83,11,2,0,799.9,805.2999999999998,729.9633333333333,810.94
2023-09-27 12:00:00,810.94,12,2,0,802.83,804.5566666666665,805.895,801.39
2023-09-27 13:00:00,801.39,13,2,0,810.94,805.0533333333333,804.2116666666667,807.0
2023-09-27 14:00:00,807.0,14,2,0,801.39,806.4433333333333,805.8716666666666,604.18
2023-09-27 15:00:00,604.18,15,2,0,807.0,737.5233333333332,771.04,607.73
2023-09-27 16:00:00,607.73,16,2,0,604.18,672.9699999999999,739.0116666666668,587.65
2023-09-27 17:00:00,587.65,17,2,0,607.73,599.8533333333332,703.1483333333332,592.06
2023-09-27 18:00:00,592.06,18,2,0,587.65,595.8133333333332,666.6683333333333,611.63
2023-09-27 19:00:00,611.63,19,2,0,592.06,597.1133333333332,635.0416666666666,615.0
2023-09-27 20:00:00,615.0,20,2,0,611.63,606.2299999999999,603.0416666666666,349.41
2023-09-27 21:00:00,349.41,21,2,0,615.0,525.3466666666666,560.58,354.75
2023-09-27 22:00:00,354.75,22,2,0,349.41,439.71999999999997,518.4166666666666,359.06
2023-09-27 23:00:00,359.06,23,2,0,354.75,354.4066666666666,480.3183333333333,362.24
2023-09-28 00:00:00,362.24,0,3,0,359.06,358.6833333333332,442.01500000000004,340.48
2023-09-28 01:00:00,340.48,1,3,0,362.24,353.92666666666656,396.8233333333333,349.61
2023-09-28 02:00:00,349.61,2,3,0,340.48,350.77666666666664,352.5916666666667,354.04
2023-09-28 03:00:00,354.04,3,3,0,349.61,348.0433333333333,353.3633333333334,362.32
2023-09-28 04:00:00,362.32,4,3,0,354.04,355.32333333333327,354.625,376.69
2023-09-28 05:00:00,376.69,5,3,0,362.32,364.3499999999999,357.56333333333333,354.87
2023-09-28 06:00:00,354.87,6,3,0,376.69,364.6266666666666,356.335,795.44
2023-09-28 07:00:00,795.44,7,3,0,354.87,509.0,432.1616666666667,809.92
2023-09-28 08:00:00,809.92,8,3,0,795.44,653.41,508.88000000000005,817.27
2023-09-28 09:00:00,817.27,9,3,0,809.92,807.5433333333334,586.0849999999999,807.56
2023-09-28 10:00:00,807.56,10,3,0,817.27,811.5833333333334,660.2916666666666,799.45
2023-09-28 11:00:00,799.45,11,3,0,807.56,808.0933333333332,730.7516666666667,814.36
2023-09-28 12:00:00,814.36,12,3,0,799.45,807.1233333333333,807.3333333333334,812.01
2023-09-28 13:00:00,812.01,13,3,0,814.36,808.6066666666666,810.0949999999999,798.49
2023-09-28 14:00:00,798.49,14,3,0,812.01,808.2866666666667,808.19,609.75
2023-09-28 15:00:00,609.75,15,3,0,798.49,740.0833333333334,773.6033333333334,614.68
2023-09-28 16:00:00,614.68,16,3,0,609.75,674.3066666666666,741.4566666666666,616.15
2023-09-28 17:00:00,616.15,17,3,0,614.68,613.5266666666666,710.9066666666666,606.17
2023-09-28 18:00:00,606.17,18,3,0,616.15,612.3333333333333,676.2083333333334,603.83
2023-09-28 19:00:00,603.83,19,3,0,606.17,608.7166666666666,641.5116666666667,616.52
2023-09-28 20:00:00,616.52,20,3,0,603.83,608.84,611.1833333333334,347.02
2023-09-28 21:00:00,347.02,21,3,0,616.52,522.4566666666666,567.395,360.21
2023-09-28 22:00:00,360.21,22,3,0,347.02,441.24999999999994,524.9833333333332,345.74
2023-09-28 23:00:00,345.74,23,3,0,360.21,350.98999999999995,479.915,365.22
2023-09-29 00:00:00,365.22,0,4,0,345.74,357.0566666666666,439.75666666666666,354.63
2023-09-29 01:00:00,354.63,1,4,0,365.22,355.19666666666666,398.22333333333336,366.85
2023-09-29 02:00:00,366.85,2,4,0,354.63,362.2333333333333,356.6116666666667,360.63
2023-09-29 03:00:00,360.63,3,4,0,366.85,360.7033333333333,358.88000000000005,346.91
2023-09-29 04:00:00,346.91,4,4,0,360.63,358.12999999999994,356.66333333333336,368.1
2023-09-29 05:00:00,368.1,5,4,0,346.91,358.5466666666666,360.39000000000004,369.11
2023-09-29 06:00:00,369.11,6,4,0,368.1,361.3733333333333,361.03833333333336,813.76
2023-09-29 07:00:00,813.76,7,4,0,369.11,516.9899999999999,437.56,800.61
2023-09-29 08:00:00,800.61,8,4,0,813.76,661.16,509.8533333333334,804.25
2023-09-29 09:00:00,804.25,9,4,0,800.61,806.2066666666666,583.7900000000001,807.86
2023-09-29 10:00:00,807.86,10,4,0,804.25,804.2399999999999,660.6149999999999,801.07
2023-09-29 11:00:00,801.07,11,4,0,807.86,804.3933333333333,732.7766666666666,820.24
2023-09-29 12:00:00,820.24,12,4,0,801.07,809.7233333333334,807.965,807.85
2023-09-29 13:00:00,807.85,13,4,0,820.24,809.7199999999999,806.98,785.07
2023-09-29 14:00:00,785.07,14,4,0,807.85,804.3866666666667,804.39,609.41
2023-09-29 15:00:00,609.41,15,4,0,785.07,734.11,771.9166666666666,603.91
2023-09-29 16:00:00,603.91,16,4,0,609.41,666.13,737.9250000000001,606.1
2023-09-29 17:00:00,606.1,17,4,0,603.91,606.4733333333332,705.43,603.75
2023-09-29 18:00:00,603.75,18,4,0,606.1,604.5866666666666,669.3483333333334,613.16
2023-09-29 19:00:00,613.16,19,4,0,603.75,607.67,636.9,615.66
2023-09-29 20:00:00,615.66,20,4,0,613.16,610.8566666666666,608.665,358.96
2023-09-29 21:00:00,358.96,21,4,0,615.66,529.2599999999999,566.9233333333333,353.98
2023-09-29 22:00:00,353.98,22,4,0,358.96,442.8666666666666,525.2683333333333,356.37
2023-09-29 23:00:00,356.37,23,4,0,353.98,356.43666666666667,483.6466666666667,300.0
2023-09-30 00:00:00,300.0,0,5,1,356.37,336.7833333333333,433.0216666666667,300.0
2023-09-30 01:00:00,300.0,1,5,1,300.0,318.78999999999996,380.8283333333333,300.0
2023-09-30 02:00:00,300.0,2,5,1,300.0,300.0,328.2183333333333,300.0
2023-09-30 03:00:00,300.0,3,5,1,300.0,300.0,318.39166666666665,300.0
2023-09-30 04:00:00,300.0,4,5,1,300.0,300.0,309.395,300.0
2023-09-30 05:00:00,300.0,5,5,1,300.0,300.0,300.0,300.0
2023-09-30 06:00:00,300.0,6,5,1,300.0,300.0,300.0,733.26
2023-09-30 07:00:00,733.26,7,5,1,300.0,444.42,372.21000000000004,719.09
2023-09-30 08:00:00,719.09,8,5,1,733.26,584.1166666666667,442.05833333333334,732.27
2023-09-30 09:00:00,732.27,9,5,1,719.09,728.2066666666666,514.1033333333334,722.57
2023-09-30 10:00:00,722.57,10,5,1,732.27,724.6433333333334,584.5316666666666,718.51
2023-09-30 11:00:00,718.51,11,5,1,722.57,724.4499999999999,654.2833333333333,728.94
2023-09-30 12:00:00,728.94,12,5,1,718.51,723.34,725.7733333333334,705.3
2023-09-30 13:00:00,705.3,13,5,1,728.94,717.5833333333334,721.1133333333333,712.69
2023-09-30 14:00:00,712.69,14,5,1,705.3,715.6433333333334,720.0466666666667,525.28
2023-09-30 15:00:00,525.28,15,5,1,712.69,647.7566666666667,685.5483333333333,527.36
2023-09-30 16:00:00,527.36,16,5,1,525.28,588.4433333333333,653.0133333333333,523.74
2023-09-30 17:00:00,523.74,17,5,1,527.36,525.46,620.5516666666666,514.06
2023-09-30 18:00:00,514.06,18,5,1,523.74,521.7199999999999,584.7383333333333,520.16
2023-09-30 19:00:00,520.16,19,5,1,514.06,519.3199999999999,553.8816666666667,529.83
2023-09-30 20:00:00,529.83,20,5,1,520.16,521.3499999999999,523.405,300.0
2023-09-30 21:00:00,300.0,21,5,1,529.83,449.9966666666666,485.8583333333333,300.0
2023-09-30 22:00:00,300.0,22,5,1,300.0,376.60999999999996,447.965,300.0
2023-09-30 23:00:00,300.0,23,5,1,300.0,300.0,410.67499999999995,300.0
2023-10-01 00:00:00,300.0,0,6,1,300.0,300.0,374.9983333333333,300.0
2023-10-01 01:00:00,300.0,1,6,1,300.0,300.0,338.305,300.0
2023-10-01 02:00:00,300.0,2,6,1,300.0,300.0,300.0,300.0
2023-10-01 03:00:00,300.0,3,6,1,300.0,300.0,300.0,300.0
2023-10-01 04:00:00,300.0,4,6,1,300.0,300.0,300.0,300.0
2023-10-01 05:00:00,300.0,5,6,1,300.0,300.0,300.0,300.0
2023-10-01 06:00:00,300.0,6,6,1,300.0,300.0,300.0,731.22
2023-10-01 07:00:00,731.22,7,6,1,300.0,443.74,371.87000000000006,717.58
2023-10-01 08:00:00,717.58,8,6,1,731.22,582.9333333333334,441.4666666666667,730.77
2023-10-01 09:00:00,730.77,9,6,1,717.58,726.5233333333334,513.2616666666667,718.45
2023-10-01 10:00:00,718.45,10,6,1,730.77,722.2666666666668,583.0033333333334,731.77
2023-10-01 11:00:00,731.77,11,6,1,718.45,726.9966666666668,654.965,719.83
2023-10-01 12:00:00,719.83,12,6,1,731.77,723.35,724.9366666666666,725.66
2023-10-01 13:00:00,725.66,13,6,1,719.83,725.7533333333332,724.0099999999999,731.8
2023-10-01 14:00:00,731.8,14,6,1,725.66,725.7633333333333,726.38,518.45
2023-10-01 15:00:00,518.45,15,6,1,731.8,658.6366666666667,690.9933333333333,521.75
2023-10-01 16:00:00,521.75,16,6,1,518.45,590.6666666666666,658.21,530.31
2023-10-01 17:00:00,530.31,17,6,1,521.75,523.5033333333332,624.6333333333333,518.94
2023-10-01 18:00:00,518.94,18,6,1,530.31,523.6666666666666,591.1516666666666,509.43
2023-10-01 19:00:00,509.43,19,6,1,518.94,519.5600000000001,555.1133333333333,537.14
2023-10-01 20:00:00,537.14,20,6,1,509.43,521.8366666666667,522.6700000000001,300.0
2023-10-01 21:00:00,300.0,21,6,1,537.14,448.85666666666674,486.2616666666666,300.0
2023-10-01 22:00:00,300.0,22,6,1,300.0,379.0466666666667,449.3033333333333,300.0
2023-10-01 23:00:00,300.0,23,6,1,300.0,300.0,410.91833333333335,345.13
2023-10-02 00:00:00,345.13,0,0,0,300.0,315.04333333333335,381.95,341.94
2023-10-02 01:00:00,341.94,1,0,0,345.13,329.0233333333333,354.035,352.03
2023-10-02 02:00:00,352.03,2,0,0,341.94,346.3666666666666,323.18333333333334,335.66
2023-10-02 03:00:00,335.66,3,0,0,352.03,343.21000000000004,329.12666666666667,347.7
2023-10-02 04:00:00,347.7,4,0,0,335.66,345.12999999999994,337.07666666666665,351.96
2023-10-02 05:00:00,351.96,5,0,0,347.7,345.1066666666666,345.7366666666667,347.84
2023-10-02 06:00:00,347.84,6,0,0,351.96,349.1666666666667,346.1883333333333,787.65
2023-10-02 07:00:00,787.65,7,0,0,347.84,495.8166666666666,420.47333333333336,812.75
2023-10-02 08:00:00,812.75,8,0,0,787.65,649.4133333333333,497.25999999999993,800.83
2023-10-02 09:00:00,800.83,9,0,0,812.75,800.41,574.7883333333333,811.45
2023-10-02 10:00:00,811.45,10,0,0,800.83,808.3433333333334,652.08,797.92
2023-10-02 11:00:00,797.92,11,0,0,811.45,803.4,726.4066666666668,792.96
2023-10-02 12:00:00,792.96,12,0,0,797.92,800.7766666666666,800.5933333333332,802.15
2023-10-02 13:00:00,802.15,13,0,0,792.96,797.6766666666666,803.0100000000001,798.27
2023-10-02 14:00:00,798.27,14,0,0,802.15,797.7933333333334,800.5966666666667,590.58
2023-10-02 15:00:00,590.58,15,0,0,798.27,730.3333333333334,765.555,611.76
2023-10-02 16:00:00,611.76,16,0,0,590.58,666.87,732.2733333333334,595.02
2023-10-02 17:00:00,595.02,17,0,0,611.76,599.12,698.4566666666666,585.28
2023-10-02 18:00:00,585.28,18,0,0,595.02,597.3533333333334,663.8433333333334,610.63
2023-10-02 19:00:00,610.63,19,0,0,585.28,596.9766666666666,631.9233333333333,595.97
2023-10-02 20:00:00,595.97,20,0,0,610.63,597.2933333333334,598.2066666666666,345.14
2023-10-02 21:00:00,345.14,21,0,0,595.97,517.2466666666667,557.3000000000001,335.88
2023-10-02 22:00:00,335.88,22,0,0,345.14,425.66333333333336,511.31999999999994,363.93
2023-10-02 23:00:00,363.93,23,0,0,335.88,348.31666666666666,472.805,339.68
2023-10-03 00:00:00,339.68,0,1,0,363.93,346.49666666666667,431.87166666666667,350.47
2023-10-03 01:00:00,350.47,1,1,0,339.68,351.35999999999996,388.5116666666666,357.3
2023-10-03 02:00:00,357.3,2,1,0,350.47,349.15000000000003,348.73333333333335,353.37
2023-10-03 03:00:00,353.37,3,1,0,357.3,353.71333333333337,350.105,349.52
2023-10-03 04:00:00,349.52,4,1,0,353.37,353.3966666666667,352.37833333333333,336.39
2023-10-03 05:00:00,336.39,5,1,0,349.52,346.4266666666667,347.78833333333336,343.52
2023-10-03 06:00:00,343.52,6,1,0,336.39,343.14333333333326,348.42833333333334,801.5
2023-10-03 07:00:00,801.5,7,1,0,343.52,493.8033333333333,423.59999999999997,793.7
2023-10-03 08:00:00,793.7,8,1,0,801.5,646.24,496.3333333333333,801.63
2023-10-03 09:00:00,801.63,9,1,0,793.7,798.9433333333333,571.0433333333333,805.45
2023-10-03 10:00:00,805.45,10,1,0,801.63,800.2600000000001,647.0316666666666,807.7
2023-10-03 11:00:00,807.7,11,1,0,805.45,804.9266666666667,725.5833333333334,790.19
2023-10-03 12:00:00,790.19,12,1,0,807.7,801.1133333333333,800.0283333333333,817.57
2023-10-03 13:00:00,817.57,13,1,0,790.19,805.1533333333333,802.7066666666666,806.14
2023-10-03 14:00:00,806.14,14,1,0,817.57,804.6333333333333,804.7800000000001,599.99
2023-10-03 15:00:00,599.99,15,1,0,806.14,741.2333333333332,771.1733333333333,608.72
2023-10-03 16:00:00,608.72,16,1,0,599.99,671.6166666666667,738.3850000000001,618.92
2023-10-03 17:00:00,618.92,17,1,0,608.72,609.21,706.9216666666667,588.49
2023-10-03 18:00:00,588.49,18,1,0,618.92,605.3766666666667,673.305,598.2
2023-10-03 19:00:00,598.2,19,1,0,588.49,601.87,636.7433333333333,580.97
2023-10-03 20:00:00,580.97,20,1,0,598.2,589.22,599.215,351.54
2023-10-03 21:00:00,351.54,21,1,0,580.97,510.2366666666667,557.8066666666667,352.92
2023-10-03 22:00:00,352.92,22,1,0,351.54,428.4766666666667,515.1733333333333,349.69
2023-10-03 23:00:00,349.69,23,1,0,352.92,351.3833333333334,470.3016666666667,344.76
2023-10-04 00:00:00,344.76,0,2,0,349.69,349.1233333333334,429.68,333.6
2023-10-04 01:00:00,333.6,1,2,0,344.76,342.68333333333334,385.58,352.99
2023-10-04 02:00:00,352.99,2,2,0,333.6,343.7833333333333,347.5833333333333,361.64
2023-10-04 03:00:00,361.64,3,2,0,352.99,349.41,349.26666666666665,345.27
2023-10-04 04:00:00,345.27,4,2,0,361.64,353.3,347.9916666666666,353.52
2023-10-04 05:00:00,353.52,5,2,0,345.27,353.4766666666667,348.62999999999994,337.45
2023-10-04 06:00:00,337.45,6,2,0,353.52,345.41333333333324,347.41166666666663,803.66
2023-10-04 07:00:00,803.66,7,2,0,337.45,498.21,425.75499999999994,796.85
2023-10-04 08:00:00,796.85,8,2,0,803.66,645.9866666666667,499.7316666666666,793.9
2023-10-04 09:00:00,793.9,9,2,0,796.85,798.1366666666667,571.775,793.92
2023-10-04 10:00:00,793.92,10,2,0,793.9,794.89,646.55,796.85
2023-10-04 11:00:00,796.85,11,2,0,793.92,794.89,720.4383333333334,803.06
2023-10-04 12:00:00,803.06,12,2,0,796.85,797.9433333333333,798.04,789.5
2023-10-04 13:00:00,789.5,13,2,0,803.06,796.4699999999999,795.68,796.82
2023-10-04 14:00:00,796.82,14,2,0,789.5,796.46,795.6750000000001,599.67
2023-10-04 15:00:00,599.67,15,2,0,796.82,728.6633333333333,763.3033333333333,591.21
2023-10-04 16:00:00,591.21,16,2,0,599.67,662.5666666666667,729.5183333333334,614.37
2023-10-04 17:00:00,614.37,17,2,0,591.21,601.75,699.105,593.17
2023-10-04 18:00:00,593.17,18,2,0,614.37,599.5833333333334,664.1233333333333,594.64
2023-10-04 19:00:00,594.64,19,2,0,593.17,600.7266666666666,631.6466666666666,592.17
2023-10-04 20:00:00,592.17,20,2,0,594.64,593.3266666666667,597.5383333333333,364.39
2023-10-04 21:00:00,364.39,21,2,0,592.17,517.0666666666666,558.3249999999999,354.42
2023-10-04 22:00:00,354.42,22,2,0,364.39,436.99333333333334,518.86,342.51
2023-10-04 23:00:00,342.51,23,2,0,354.42,353.7733333333333,473.55,358.85
2023-10-05 00:00:00,358.85,0,3,0,342.51,351.9266666666667,434.49666666666667,351.61
2023-10-05 01:00:00,351.61,1,3,0,358.85,350.99,393.99166666666673,352.06
2023-10-05 02:00:00,352.06,2,3,0,351.61,354.17333333333335,353.97333333333336,347.24
2023-10-05 03:00:00,347.24,3,3,0,352.06,350.30333333333334,351.115,344.0
2023-10-05 04:00:00,344.0,4,3,0,347.24,347.76666666666665,349.37833333333333,352.7
2023-10-05 05:00:00,352.7,5,3,0,344.0,347.98,351.07666666666665,345.64
2023-10-05 06:00:00,345.64,6,3,0,352.7,347.44666666666666,348.875,814.53
2023-10-05 07:00:00,814.53,7,3,0,345.64,504.28999999999996,426.02833333333336,789.85
2023-10-05 08:00:00,789.85,8,3,0,814.53,650.0066666666667,498.99333333333334,812.29
2023-10-05 09:00:00,812.29,9,3,0,789.85,805.5566666666667,576.5016666666667,799.11
2023-10-05 10:00:00,799.11,10,3,0,812.29,800.4166666666666,652.3533333333334,802.39
2023-10-05 11:00:00,802.39,11,3,0,799.11,804.5966666666667,727.3016666666667,806.67
2023-10-05 12:00:00,806.67,12,3,0,802.39,802.7233333333334,804.14,794.96
2023-10-05 13:00:00,794.96,13,3,0,806.67,801.34,800.8783333333334,806.91
2023-10-05 14:00:00,806.91,14,3,0,794.96,802.8466666666667,803.7216666666667,578.34
2023-10-05 15:00:00,578.34,15,3,0,806.91,726.7366666666667,764.73,594.24
2023-10-05 16:00:00,594.24,16,3,0,578.34,659.83,730.585,592.61
2023-10-05 17:00:00,592.61,17,3,0,594.24,588.3966666666666,695.6216666666668,589.97
2023-10-05 18:00:00,589.97,18,3,0,592.61,592.2733333333334,659.505,598.28
2023-10-05 19:00:00,598.28,19,3,0,589.97,593.62,626.725,603.09
2023-10-05 20:00:00,603.09,20,3,0,598.28,597.1133333333333,592.755,355.62
2023-10-05 21:00:00,355.62,21,3,0,603.09,518.9966666666666,555.635,351.93
2023-10-05 22:00:00,351.93,22,3,0,355.62,436.88000000000005,515.25,344.67
2023-10-05 23:00:00,344.67,23,3,0,351.93,350.74,473.92666666666673,352.95
2023-10-06 00:00:00,352.95,0,4,0,344.67,349.84999999999997,434.42333333333335,350.99
2023-10-06 01:00:00,350.99,1,4,0,352.95,349.53666666666663,393.2083333333333,357.49
2023-10-06 02:00:00,357.49,2,4,0,350.99,353.81,352.27500000000003,356.22
2023-10-06 03:00:00,356.22,3,4,0,357.49,354.90000000000003,352.375,350.24
2023-10-06 04:00:00,350.24,4,4,0,356.22,354.65000000000003,352.0933333333333,342.82
2023-10-06 05:00:00,342.82,5,4,0,350.24,349.76,351.785,344.78
2023-10-06 06:00:00,344.78,6,4,0,342.82,345.94666666666666,350.42333333333335,795.6
2023-10-06 07:00:00,795.6,7,4,0,344.78,494.3999999999999,424.52500000000003,797.48
2023-10-06 08:00:00,797.48,8,4,0,795.6,645.9533333333334,497.85666666666674,802.14
2023-10-06 09:00:00,802.14,9,4,0,797.48,798.4066666666668,572.1766666666666,805.72
2023-10-06 10:00:00,805.72,10,4,0,802.14,801.7800000000001,648.09,799.59
2023-10-06 11:00:00,799.59,11,4,0,805.72,802.4833333333335,724.2183333333334,800.13
2023-10-06 12:00:00,800.13,12,4,0,799.59,801.8133333333334,800.11,801.15
2023-10-06 13:00:00,801.15,13,4,0,800.13,800.29,801.035,795.87
2023-10-06 14:00:00,795.87,14,4,0,801.15,799.0499999999998,800.7666666666668,592.6
2023-10-06 15:00:00,592.6,15,4,0,795.87,729.8733333333333,765.8433333333334,585.96
2023-10-06 16:00:00,585.96,16,4,0,592.6,658.1433333333333,729.2166666666667,594.44
2023-10-06 17:00:00,594.44,17,4,0,585.96,591.0,695.0250000000001,603.79
2023-10-06 18:00:00,603.79,18,4,0,594.44,594.73,662.3016666666666,594.38
2023-10-06 19:00:00,594.38,19,4,0,603.79,597.5366666666667,627.84,598.1
2023-10-06 20:00:00,598.1,20,4,0,594.38,598.7566666666667,594.8783333333333,353.73
2023-10-06 21:00:00,353.73,21,4,0,598.1,515.4033333333333,555.0666666666667,354.17
2023-10-06 22:00:00,354.17,22,4,0,353.73,435.3333333333333,516.4350000000001,341.36
2023-10-06 23:00:00,341.36,23,4,0,354.17,349.75333333333333,474.25500000000005,300.0
2023-10-07 00:00:00,300.0,0,5,1,341.36,331.8433333333333,423.6233333333334,300.0
2023-10-07 01:00:00,300.0,1,5,1,300.0,313.78666666666663,374.56,300.0
2023-10-07 02:00:00,300.0,2,5,1,300.0,300.0,324.8766666666667,300.0
2023-10-07 03:00:00,300.0,3,5,1,300.0,300.0,315.9216666666667,300.0
2023-10-07 04:00:00,300.0,4,5,1,300.0,300.0,306.8933333333334,300.0
2023-10-07 05:00:00,300.0,5,5,1,300.0,300.0,300.0,300.0
2023-10-07 06:00:00,300.0,6,5,1,300.0,300.0,300.0,708.8
2023-10-07 07:00:00,708.8,7,5,1,300.0,436.26666666666665,368.1333333333334,718.01
2023-10-07 08:00:00,718.01,8,5,1,708.8,575.6033333333334,437.8016666666667,710.7
2023-10-07 09:00:00,710.7,9,5,1,718.01,712.5033333333334,506.2516666666667,716.69
2023-10-07 10:00:00,716.69,10,5,1,710.7,715.1333333333333,575.6999999999999,720.26
2023-10-07 11:00:00,720.26,11,5,1,716.69,715.8833333333333,645.7433333333333,731.7
2023-10-07 12:00:00,731.7,12,5,1,720.26,722.8833333333333,717.6933333333333,717.68
2023-10-07 13:00:00,717.68,13,5,1,731.7,723.2133333333333,719.1733333333333,728.58
2023-10-07 14:00:00,728.58,14,5,1,717.68,725.9866666666667,720.9350000000001,531.43
2023-10-07 15:00:00,531.43,15,5,1,728.58,659.23,691.0566666666667,531.47
2023-10-07 16:00:00,531.47,16,5,1,531.43,597.16,660.1866666666666,522.28
2023-10-07 17:00:00,522.28,17,5,1,531.47,528.3933333333333,627.1899999999999,504.29
2023-10-07 18:00:00,504.29,18,5,1,522.28,519.3466666666667,589.2883333333333,523.69
2023-10-07 19:00:00,523.69,19,5,1,504.29,516.7533333333334,556.9566666666666,528.39
2023-10-07 20:00:00,528.39,20,5,1,523.69,518.79,523.5916666666667,300.0
2023-10-07 21:00:00,300.0,21,5,1,528.39,450.6933333333333,485.02000000000004,300.0
2023-10-07 22:00:00,300.0,22,5,1,300.0,376.12999999999994,446.44166666666666,300.0
2023-10-07 23:00:00,300.0,23,5,1,300.0,300.0,409.39500000000004,300.0
2023-10-08 00:00:00,300.0,0,6,1,300.0,300.0,375.34666666666664,300.0
2023-10-08 01:00:00,300.0,1,6,1,300.0,300.0,338.065,300.0
2023-10-08 02:00:00,300.0,2,6,1,300.0,300.0,300.0,300.0
2023-10-08 03:00:00,300.0,3,6,1,300.0,300.0,300.0,300.0
2023-10-08 04:00:00,300.0,4,6,1,300.0,300.0,300.0,300.0
2023-10-08 05:00:00,300.0,5,6,1,300.0,300.0,300.0,300.0
2023-10-08 06:00:00,300.0,6,6,1,300.0,300.0,300.0,718.21
2023-10-08 07:00:00,718.21,7,6,1,300.0,439.40333333333336,369.70166666666665,711.64
2023-10-08 08:00:00,711.64,8,6,1,718.21,576.6166666666667,438.3083333333334,734.27
2023-10-08 09:00:00,734.27,9,6,1,711.64,721.3733333333333,510.68666666666667,733.45
2023-10-08 10:00:00,733.45,10,6,1,734.27,726.4533333333334,582.9283333333334,712.93
2023-10-08 11:00:00,712.93,11,6,1,733.45,726.8833333333333,651.75,721.18
2023-10-08 12:00:00,721.18,12,6,1,712.93,722.52,721.9466666666667,714.56
2023-10-08 13:00:00,714.56,13,6,1,721.18,716.2233333333332,721.3383333333333,724.92
2023-10-08 14:00:00,724.92,14,6,1,714.56,720.2199999999999,723.5516666666666,524.08
2023-10-08 15:00:00,524.08,15,6,1,724.92,654.52,688.52,526.49
2023-10-08 16:00:00,526.49,16,6,1,524.08,591.83,654.0266666666666,522.66
2023-10-08 17:00:00,522.66,17,6,1,526.49,524.41,622.3149999999999,543.48
2023-10-08 18:00:00,543.48,18,6,1,522.66,530.8766666666667,592.6983333333334,511.78
2023-10-08 19:00:00,511.78,19,6,1,543.48,525.9733333333332,558.9016666666668,506.32
2023-10-08 20:00:00,506.32,20,6,1,511.78,520.5266666666666,522.4683333333334,300.0
2023-10-08 21:00:00,300.0,21,6,1,506.32,439.3666666666666,485.1216666666666,300.0
2023-10-08 22:00:00,300.0,22,6,1,300.0,368.7733333333333,447.3733333333333,300.0
2023-10-08 23:00:00,300.0,23,6,1,300.0,300.0,410.2633333333333,341.99
2023-10-09 00:00:00,341.99,0,0,0,300.0,313.99666666666667,376.6816666666667,342.62
2023-10-09 01:00:00,342.62,1,0,0,341.99,328.2033333333334,348.4883333333333,342.36
2023-10-09 02:00:00,342.36,2,0,0,342.62,342.3233333333333,321.1616666666667,354.15
2023-10-09 03:00:00,354.15,3,0,0,342.36,346.3766666666667,330.18666666666667,345.95
2023-10-09 04:00:00,345.95,4,0,0,354.15,347.4866666666667,337.84499999999997,348.56
2023-10-09 05:00:00,348.56,5,0,0,345.95,349.55333333333334,345.93833333333333,357.15
2023-10-09 06:00:00,357.15,6,0,0,348.56,350.5533333333333,348.465,793.87
2023-10-09 07:00:00,793.87,7,0,0,357.15,499.85999999999996,423.67333333333335,797.88
2023-10-09 08:00:00,797.88,8,0,0,793.87,649.6333333333333,499.5933333333333,802.93
2023-10-09 09:00:00,802.93,9,0,0,797.88,798.2266666666666,574.39,784.47
2023-10-09 10:00:00,784.47,10,0,0,802.93,795.0933333333334,647.4766666666666,780.92
2023-10-09 11:00:00,780.92,11,0,0,784.47,789.4399999999999,719.5366666666667,802.77
2023-10-09 12:00:00,802.77,12,0,0,780.92,789.3866666666667,793.8066666666667,803.94
2023-10-09 13:00:00,803.94,13,0,0,802.77,795.8766666666667,795.485,816.51
2023-10-09 14:00:00,816.51,14,0,0,803.94,807.7400000000001,798.59,601.26
2023-10-09 15:00:00,601.26,15,0,0,816.51,740.57,764.9783333333334,606.56
2023-10-09 16:00:00,606.56,16,0,0,601.26,674.7766666666666,735.3266666666667,598.44
2023-10-09 17:00:00,598.44,17,0,0,606.56,602.0866666666667,704.9133333333334,602.38
2023-10-09 18:00:00,602.38,18,0,0,598.44,602.46,671.515,613.34
2023-10-09 19:00:00,613.34,19,0,0,602.38,604.72,639.7483333333333,583.01
2023-10-09 20:00:00,583.01,20,0,0,613.34,599.5766666666667,600.8316666666666,353.31
2023-10-09 21:00:00,353.31,21,0,0,583.01,516.5533333333334,559.5066666666667,367.08
2023-10-09 22:00:00,367.08,22,0,0,353.31,434.4666666666667,519.5933333333334,352.26
2023-10-09 23:00:00,352.26,23,0,0,367.08,357.55,478.56333333333333,363.2
2023-10-10 00:00:00,363.2,0,1,0,352.26,360.84666666666675,438.7,344.97
2023-10-10 01:00:00,344.97,1,1,0,363.2,353.4766666666667,393.97166666666664,349.74
2023-10-10 02:00:00,349.74,2,1,0,344.97,352.6366666666667,355.0933333333333,350.27
2023-10-10 03:00:00,350.27,3,1,0,349.74,348.32666666666665,354.58666666666664,332.26
2023-10-10 04:00:00,332.26,4,1,0,350.27,344.09,348.7833333333333,340.65
2023-10-10 05:00:00,340.65,5,1,0,332.26,341.06,346.84833333333336,341.22
2023-10-10 06:00:00,341.22,6,1,0,340.65,338.04333333333335,343.185,806.58
2023-10-10 07:00:00,806.58,7,1,0,341.22,496.15000000000003,420.12000000000006,806.98
2023-10-10 08:00:00,806.98,8,1,0,806.58,651.5933333333334,496.32666666666665,802.59
2023-10-10 09:00:00,802.59,9,1,0,806.98,805.3833333333333,571.7133333333334,806.59
2023-10-10 10:00:00,806.59,10,1,0,802.59,805.3866666666667,650.7683333333333,798.69
2023-10-10 11:00:00,798.69,11,1,0,806.59,802.6233333333333,727.1083333333332,809.62
2023-10-10 12:00:00,809.62,12,1,0,798.69,804.9666666666667,805.1750000000001,800.07
2023-10-10 13:00:00,800.07,13,1,0,809.62,802.7933333333334,804.0900000000001,800.46
2023-10-10 14:00:00,800.46,14,1,0,800.07,803.3833333333333,803.0033333333334,597.88
2023-10-10 15:00:00,597.88,15,1,0,800.46,732.8033333333334,768.8850000000001,605.48
2023-10-10 16:00:00,605.48,16,1,0,597.88,667.94,735.3666666666667,596.63
2023-10-10 17:00:00,596.63,17,1,0,605.48,599.9966666666667,701.69,607.81
2023-10-10 18:00:00,607.81,18,1,0,596.63,603.3066666666667,668.055,590.94
2023-10-10 19:00:00,590.94,19,1,0,607.81,598.46,633.1999999999999,591.21
2023-10-10 20:00:00,591.21,20,1,0,590.94,596.6533333333333,598.3249999999999,355.5
2023-10-10 21:00:00,355.5,21,1,0,591.21,512.5500000000001,557.9283333333333,349.29
2023-10-10 22:00:00,349.29,22,1,0,355.5,432.0,515.23,346.37
2023-10-10 23:00:00,346.37,23,1,0,349.29,350.3866666666667,473.52,357.12
2023-10-11 00:00:00,357.12,0,2,0,346.37,350.9266666666667,431.7383333333334,345.14
2023-10-11 01:00:00,345.14,1,2,0,357.12,349.54333333333335,390.7716666666667,348.4
2023-10-11 02:00:00,348.4,2,2,0,345.14,350.21999999999997,350.30333333333334,361.19
2023-10-11 03:00:00,361.19,3,2,0,348.4,351.57666666666665,351.2516666666667,362.31
2023-10-11 04:00:00,362.31,4,2,0,361.19,357.29999999999995,353.4216666666667,362.58
2023-10-11 05:00:00,362.58,5,2,0,362.31,362.02666666666664,356.1233333333333,347.74
2023-10-11 06:00:00,347.74,6,2,0,362.58,357.54333333333335,354.56,809.85
2023-10-11 07:00:00,809.85,7,2,0,347.74,506.72333333333336,432.0116666666666,792.41
2023-10-11 08:00:00,792.41,8,2,0,809.85,650.0,506.0133333333333,792.74
2023-10-11 09:00:00,792.74,9,2,0,792.41,798.3333333333334,577.9383333333334,781.2
2023-10-11 10:00:00,781.2,10,2,0,792.74,788.7833333333333,647.7533333333333,813.38
2023-10-11 11:00:00,813.38,11,2,0,781.2,795.7733333333334,722.8866666666667,793.09
2023-10-11 12:00:00,793.09,12,2,0,813.38,795.89,797.1116666666667,798.99
2023-10-11 13:00:00,798.99,13,2,0,793.09,801.82,795.3016666666666,792.72
2023-10-11 14:00:00,792.72,14,2,0,798.99,794.9333333333334,795.3533333333334,605.56
2023-10-11 15:00:00,605.56,15,2,0,792.72,732.4233333333333,764.1566666666668,596.99
2023-10-11 16:00:00,596.99,16,2,0,605.56,665.09,733.4549999999999,589.56
2023-10-11 17:00:00,589.56,17,2,0,596.99,597.3699999999999,696.1516666666666,603.53
2023-10-11 18:00:00,603.53,18,2,0,589.56,596.6933333333333,664.5583333333333,588.53
2023-10-11 19:00:00,588.53,19,2,0,603.53,593.8733333333333,629.4816666666667,593.3
2023-10-11 20:00:00,593.3,20,2,0,588.53,595.12,596.245,333.14
2023-10-11 21:00:00,333.14,21,2,0,593.3,504.98999999999995,550.8416666666667,338.61
2023-10-11 22:00:00,338.61,22,2,0,333.14,421.68333333333334,507.77833333333325,351.43
2023-10-11 23:00:00,351.43,23,2,0,338.61,341.06,468.09,334.28
2023-10-12 00:00:00,334.28,0,3,0,351.43,341.44,423.215,338.15
2023-10-12 01:00:00,338.15,1,3,0,334.28,341.28666666666663,381.48499999999996,349.98
2023-10-12 02:00:00,349.98,2,3,0,338.15,340.8033333333333,340.9316666666667,345.65
2023-10-12 03:00:00,345.65,3,3,0,349.98,344.5933333333333,343.01666666666665,365.94
2023-10-12 04:00:00,365.94,4,3,0,345.65,353.85666666666674,347.57166666666666,364.67
2023-10-12 05:00:00,364.67,5,3,0,365.94,358.75333333333333,349.77833333333336,343.06
2023-10-12 06:00:00,343.06,6,3,0,364.67,357.89000000000004,351.2416666666666,804.46
2023-10-12 07:00:00,804.46,7,3,0,343.06,504.06333333333333,428.96000000000004,805.99
2023-10-12 08:00:00,805.99,8,3,0,804.46,651.17,504.96166666666664,795.22
2023-10-12 09:00:00,795.22,9,3,0,805.99,801.89,579.89,788.04
2023-10-12 10:00:00,788.04,10,3,0,795.22,796.4166666666666,650.2400000000001,799.9
2023-10-12 11:00:00,799.9,11,3,0,788.04,794.3866666666667,722.7783333333333,798.62
2023-10-12 12:00:00,798.62,12,3,0,799.9,795.52,798.7049999999999,796.51
2023-10-12 13:00:00,796.51,13,3,0,798.62,798.3433333333332,797.38,803.54
2023-10-12 14:00:00,803.54,14,3,0,796.51,799.5566666666667,796.9716666666667,593.99
2023-10-12 15:00:00,593.99,15,3,0,803.54,731.3466666666667,763.4333333333333,590.78
2023-10-12 16:00:00,590.78,16,3,0,593.99,662.77,730.5566666666667,600.87
2023-10-12 17:00:00,600.87,17,3,0,590.78,595.2133333333333,697.3850000000001,603.09
2023-10-12 18:00:00,603.09,18,3,0,600.87,598.2466666666667,664.7966666666667,590.59
2023-10-12 19:00:00,590.59,19,3,0,603.09,598.1833333333334,630.4766666666667,607.42
2023-10-12 20:00:00,607.42,20,3,0,590.59,600.3666666666667,597.79,335.84
2023-10-12 21:00:00,335.84,21,3,0,607.42,511.2833333333333,554.765,345.38
2023-10-12 22:00:00,345.38,22,3,0,335.84,429.5466666666666,513.865,347.94
2023-10-12 23:00:00,347.94,23,3,0,345.38,343.0533333333333,471.71000000000004,344.91
2023-10-13 00:00:00,344.91,0,4,0,347.94,346.07666666666665,428.68,345.48
2023-10-13 01:00:00,345.48,1,4,0,344.91,346.10999999999996,387.8283333333333,364.97
2023-10-13 02:00:00,364.97,2,4,0,345.48,351.7866666666667,347.42,343.19
2023-10-13 03:00:00,343.19,3,4,0,364.97,351.2133333333333,348.645,369.53
2023-10-13 04:00:00,369.53,4,4,0,343.19,359.23,352.67,353.5
2023-10-13 05:00:00,353.5,5,4,0,369.53,355.4066666666666,353.59666666666664,350.74
2023-10-13 06:00:00,350.74,6,4,0,353.5,357.92333333333335,354.5683333333333,803.81
2023-10-13 07:00:00,803.81,7,4,0,350.74,502.68333333333334,430.95666666666665,820.24
2023-10-13 08:00:00,820.24,8,4,0,803.81,658.2633333333333,506.835,792.05
2023-10-13 09:00:00,792.05,9,4,0,820.24,805.3666666666667,581.645,791.04
2023-10-13 10:00:00,791.04,10,4,0,792.05,801.11,651.8966666666666,793.96
2023-10-13 11:00:00,793.96,11,4,0,791.04,792.35,725.3066666666667,800.26
2023-10-13 12:00:00,800.26,12,4,0,793.96,795.0866666666667,800.2266666666668,786.19
2023-10-13 13:00:00,786.19,13,4,0,800.26,793.4699999999999,797.29,800.18
2023-10-13 14:00:00,800.18,14,4,0,786.19,795.5433333333334,793.9466666666667,613.55
2023-10-13 15:00:00,613.55,15,4,0,800.18,733.3066666666667,764.1966666666666,601.21
2023-10-13 16:00:00,601.21,16,4,0,613.55,671.6466666666666,732.5583333333333,597.66
2023-10-13 17:00:00,597.66,17,4,0,601.21,604.14,699.8416666666666,595.05
2023-10-13 18:00:00,595.05,18,4,0,597.66,597.9733333333332,665.64,607.19
2023-10-13 19:00:00,607.19,19,4,0,595.05,599.9666666666667,635.8066666666667,593.39
2023-10-13 20:00:00,593.39,20,4,0,607.19,598.5433333333334,601.3416666666667,364.77
2023-10-13 21:00:00,364.77,21,4,0,593.39,521.7833333333333,559.8783333333333,365.47
2023-10-13 22:00:00,365.47,22,4,0,364.77,441.21000000000004,520.5883333333333,352.05
2023-10-13 23:00:00,352.05,23,4,0,365.47,360.7633333333333,479.65333333333336,300.0
2023-10-14 00:00:00,300.0,0,5,1,352.05,339.17333333333335,430.4783333333333,300.0
2023-10-14 01:00:00,300.0,1,5,1,300.0,317.34999999999997,379.28,300.0
2023-10-14 02:00:00,300.0,2,5,1,300.0,300.0,330.3816666666667,300.0
2023-10-14 03:00:00,300.0,3,5,1,300.0,300.0,319.58666666666664,300.0
2023-10-14 04:00:00,300.0,4,5,1,300.0,300.0,308.675,300.0
2023-10-14 05:00:00,300.0,5,5,1,300.0,300.0,300.0,300.0
2023-10-14 06:00:00,300.0,6,5,1,300.0,300.0,300.0,725.33
2023-10-14 07:00:00,725.33,7,5,1,300.0,441.7766666666667,370.8883333333333,709.2
2023-10-14 08:00:00,709.2,8,5,1,725.33,578.1766666666667,439.0883333333333,716.36
2023-10-14 09:00:00,716.36,9,5,1,709.2,716.9633333333335,508.4816666666666,709.22
2023-10-14 10:00:00,709.22,10,5,1,716.36,711.5933333333334,576.6850000000001,712.81
2023-10-14 11:00:00,712.81,11,5,1,709.22,712.7966666666666,645.4866666666667,724.41
2023-10-14 12:00:00,724.41,12,5,1,712.81,715.4799999999999,716.2216666666667,714.13
2023-10-14 13:00:00,714.13,13,5,1,724.41,717.1166666666667,714.355,717.59
2023-10-14 14:00:00,717.59,14,5,1,714.13,718.71,715.7533333333334,506.98
2023-10-14 15:00:00,506.98,15,5,1,717.59,646.2333333333333,680.8566666666667,521.5
2023-10-14 16:00:00,521.5,16,5,1,506.98,582.0233333333334,649.57,519.65
2023-10-14 17:00:00,519.65,17,5,1,521.5,516.0433333333334,617.3766666666667,514.17
2023-10-14 18:00:00,514.17,18,5,1,519.65,518.4399999999999,582.3366666666667,518.49
2023-10-14 19:00:00,518.49,19,5,1,514.17,517.4366666666666,549.73,521.44
2023-10-14 20:00:00,521.44,20,5,1,518.49,518.0333333333333,517.0383333333333,300.0
2023-10-14 21:00:00,300.0,21,5,1,521.44,446.6433333333334,482.5416666666667,300.0
2023-10-14 22:00:00,300.0,22,5,1,300.0,373.81333333333333,445.625,300.0
2023-10-14 23:00:00,300.0,23,5,1,300.0,300.0,409.0166666666667,300.0
2023-10-15 00:00:00,300.0,0,6,1,300.0,300.0,373.3216666666667,300.0
2023-10-15 01:00:00,300.0,1,6,1,300.0,300.0,336.9066666666667,300.0
2023-10-15 02:00:00,300.0,2,6,1,300.0,300.0,300.0,300.0
2023-10-15 03:00:00,300.0,3,6,1,300.0,300.0,300.0,300.0
2023-10-15 04:00:00,300.0,4,6,1,300.0,300.0,300.0,300.0
2023-10-15 05:00:00,300.0,5,6,1,300.0,300.0,300.0,300.0
2023-10-15 06:00:00,300.0,6,6,1,300.0,300.0,300.0,715.69
2023-10-15 07:00:00,715.69,7,6,1,300.0,438.56333333333333,369.2816666666667,714.24
2023-10-15 08:00:00,714.24,8,6,1,715.69,576.6433333333333,438.3216666666667,710.99
2023-10-15 09:00:00,710.99,9,6,1,714.24,713.64,506.82,719.67
2023-10-15 10:00:00,719.67,10,6,1,710.99,714.9666666666667,576.765,708.2
2023-10-15 11:00:00,708.2,11,6,1,719.67,712.9533333333334,644.7983333333333,727.57
2023-10-15 12:00:00,727.57,12,6,1,708.2,718.48,716.0600000000001,720.44
2023-10-15 13:00:00,720.44,13,6,1,727.57,718.7366666666667,716.8516666666668,723.38
2023-10-15 14:00:00,723.38,14,6,1,720.44,723.7966666666667,718.375,516.27
2023-10-15 15:00:00,516.27,15,6,1,723.38,653.3633333333333,685.9216666666666,517.06
2023-10-15 16:00:00,517.06,16,6,1,516.27,585.57,652.1533333333333,522.3
2023-10-15 17:00:00,522.3,17,6,1,517.06,518.5433333333332,621.17,510.69
2023-10-15 18:00:00,510.69,18,6,1,522.3,516.6833333333333,585.0233333333333,517.14
2023-10-15 19:00:00,517.14,19,6,1,510.69,516.7099999999999,551.14,513.12
2023-10-15 20:00:00,513.12,20,6,1,517.14,513.65,516.0966666666667,300.0
2023-10-15 21:00:00,300.0,21,6,1,513.12,443.4200000000001,480.0516666666667,300.0
2023-10-15 22:00:00,300.0,22,6,1,300.0,371.03999999999996,443.875,300.0
2023-10-15 23:00:00,300.0,23,6,1,300.0,300.0,406.82500000000005,344.51
2023-10-16 00:00:00,344.51,0,0,0,300.0,314.83666666666664,379.12833333333333,359.31
2023-10-16 01:00:00,359.31,1,0,0,344.51,334.6066666666666,352.8233333333333,358.55
2023-10-16 02:00:00,358.55,2,0,0,359.31,354.1233333333333,327.06166666666667,339.71
2023-10-16 03:00:00,339.71,3,0,0,358.55,352.5233333333333,333.68,341.29
2023-10-16 04:00:00,341.29,4,0,0,339.71,346.5166666666667,340.56166666666667,370.48
2023-10-16 05:00:00,370.48,5,0,0,341.29,350.49333333333334,352.30833333333334,364.01
2023-10-16 06:00:00,364.01,6,0,0,370.48,358.5933333333333,355.5583333333334,799.75
2023-10-16 07:00:00,799.75,7,0,0,364.01,511.41333333333336,428.965,802.06
2023-10-16 08:00:00,802.06,8,0,0,799.75,655.2733333333333,502.88333333333327,794.95
2023-10-16 09:00:00,794.95,9,0,0,802.06,798.9200000000001,578.7566666666667,803.46
2023-10-16 10:00:00,803.46,10,0,0,794.95,800.1566666666668,655.785,794.26
2023-10-16 11:00:00,794.26,11,0,0,803.46,797.5566666666667,726.415,783.74
2023-10-16 12:00:00,783.74,12,0,0,794.26,793.82,796.37,789.43
2023-10-16 13:00:00,789.43,13,0,0,783.74,789.1433333333333,794.65,800.17
2023-10-16 14:00:00,800.17,14,0,0,789.43,791.1133333333333,794.335,590.95
2023-10-16 15:00:00,590.95,15,0,0,800.17,726.85,760.335,599.46
2023-10-16 16:00:00,599.46,16,0,0,590.95,663.5266666666668,726.335,591.4
2023-10-16 17:00:00,591.4,17,0,0,599.46,593.9366666666666,692.525,593.74
2023-10-16 18:00:00,593.74,18,0,0,591.4,594.8666666666667,660.8583333333333,606.83
2023-10-16 19:00:00,606.83,19,0,0,593.74,597.3233333333334,630.4250000000001,601.98
2023-10-16 20:00:00,601.98,20,0,0,606.83,600.85,597.3933333333333,349.92
2023-10-16 21:00:00,349.92,21,0,0,601.98,519.5766666666667,557.2216666666667,357.03
2023-10-16 22:00:00,357.03,22,0,0,349.92,436.31,516.8166666666667,353.84
2023-10-16 23:00:00,353.84,23,0,0,357.03,353.59666666666664,477.22333333333336,361.57
2023-10-17 00:00:00,361.57,0,1,0,353.84,357.47999999999996,438.52833333333336,346.32
2023-10-17 01:00:00,346.32,1,1,0,361.57,353.91,395.10999999999996,346.56
2023-10-17 02:00:00,346.56,2,1,0,346.32,351.48333333333335,352.53999999999996,339.59
2023-10-17 03:00:00,339.59,3,1,0,346.56,344.1566666666667,350.8183333333333,346.57
2023-10-17 04:00:00,346.57,4,1,0,339.59,344.24,349.075,357.72
2023-10-17 05:00:00,357.72,5,1,0,346.57,347.96000000000004,349.72166666666664,360.4
2023-10-17 06:00:00,360.4,6,1,0,357.72,354.8966666666667,349.52666666666664,807.68
2023-10-17 07:00:00,807.68,7,1,0,360.4,508.59999999999997,426.4199999999999,785.65
2023-10-17 08:00:00,785.65,8,1,0,807.68,651.2433333333333,499.60166666666663,808.67
2023-10-17 09:00:00,808.67,9,1,0,785.65,800.6666666666666,577.7816666666666,785.29
2023-10-17 10:00:00,785.29,10,1,0,808.67,793.2033333333333,650.9016666666666,807.18
2023-10-17 11:00:00,807.18,11,1,0,785.29,800.38,725.8116666666666,797.06
2023-10-17 12:00:00,797.06,12,1,0,807.18,796.5099999999999,798.5883333333333,805.62
2023-10-17 13:00:00,805.62,13,1,0,797.06,803.2866666666665,798.2449999999999,789.34
2023-10-17 14:00:00,789.34,14,1,0,805.62,797.34,798.86,609.37
2023-10-17 15:00:00,609.37,15,1,0,789.34,734.7766666666666,765.6433333333333,588.28
2023-10-17 16:00:00,588.28,16,1,0,609.37,662.33,732.8083333333334,594.65
2023-10-17 17:00:00,594.65,17,1,0,588.28,597.4333333333334,697.3866666666667,592.02
2023-10-17 18:00:00,592.02,18,1,0,594.65,591.65,663.2133333333334,585.97
2023-10-17 19:00:00,585.97,19,1,0,592.02,590.88,626.6049999999999,600.76
2023-10-17 20:00:00,600.76,20,1,0,585.97,592.9166666666666,595.1750000000001,364.45
2023-10-17 21:00:00,364.45,21,1,0,600.76,517.06,554.355,371.34
2023-10-17 22:00:00,371.34,22,1,0,364.45,445.51666666666665,518.1983333333334,350.78
2023-10-17 23:00:00,350.78,23,1,0,371.34,362.19,477.5533333333333,358.93
2023-10-18 00:00:00,358.93,0,2,0,350.78,360.34999999999997,438.705,351.86
2023-10-18 01:00:00,351.86,1,2,0,358.93,353.8566666666666,399.68666666666667,353.99
2023-10-18 02:00:00,353.99,2,2,0,351.86,354.9266666666667,358.55833333333334,347.26
2023-10-18 03:00:00,347.26,3,2,0,353.99,351.03666666666663,355.6933333333333,351.56
2023-10-18 04:00:00,351.56,4,2,0,347.26,350.93666666666667,352.3966666666667,354.3
2023-10-18 05:00:00,354.3,5,2,0,351.56,351.04,352.98333333333335,345.37
2023-10-18 06:00:00,345.37,6,2,0,354.3,350.41,350.72333333333336,799.38
2023-10-18 07:00:00,799.38,7,2,0,345.37,499.6833333333334,425.30999999999995,799.53
2023-10-18 08:00:00,799.53,8,2,0,799.38,648.0933333333334,499.56666666666666,806.61
2023-10-18 09:00:00,806.61,9,2,0,799.53,801.84,576.125,791.47
2023-10-18 10:00:00,791.47,10,2,0,806.61,799.2033333333334,649.4433333333333,799.59
2023-10-18 11:00:00,799.59,11,2,0,791.47,799.2233333333334,723.6583333333333,815.3
2023-10-18 12:00:00,815.3,12,2,0,799.59,802.12,801.98,809.31
2023-10-18 13:00:00,809.31,13,2,0,815.3,808.0666666666667,803.6349999999999,810.79
2023-10-18 14:00:00,810.79,14,2,0,809.31,811.8000000000001,805.5116666666667,600.2
2023-10-18 15:00:00,600.2,15,2,0,810.79,740.1,771.11,602.57
2023-10-18 16:00:00,602.57,16,2,0,600.2,671.1866666666667,739.6266666666667,608.02
2023-10-18 17:00:00,608.02,17,2,0,602.57,603.5966666666667,707.6983333333333,612.48
2023-10-18 18:00:00,612.48,18,2,0,608.02,607.69,673.895,584.39
2023-10-18 19:00:00,584.39,19,2,0,612.48,601.63,636.4083333333334,589.48
2023-10-18 20:00:00,589.48,20,2,0,584.39,595.4499999999999,599.5233333333333,360.48
2023-10-18 21:00:00,360.48,21,2,0,589.48,511.45,559.57,347.78
2023-10-18 22:00:00,347.78,22,2,0,360.48,432.5800000000001,517.105,344.63
2023-10-18 23:00:00,344.63,23,2,0,347.78,350.96333333333337,473.20666666666665,339.97
2023-10-19 00:00:00,339.97,0,3,0,344.63,344.1266666666667,427.78833333333336,345.56
2023-10-19 01:00:00,345.56,1,3,0,339.97,343.3866666666667,387.98333333333335,338.78
2023-10-19 02:00:00,338.78,2,3,0,345.56,341.4366666666667,346.2,366.73
2023-10-19 03:00:00,366.73,3,3,0,338.78,350.35666666666674,347.2416666666666,349.82
2023-10-19 04:00:00,349.82,4,3,0,366.73,351.7766666666667,347.58166666666665,349.54
2023-10-19 05:00:00,349.54,5,3,0,349.82,355.3633333333334,348.40000000000003,354.7
2023-10-19 06:00:00,354.7,6,3,0,349.54,351.3533333333334,350.855,807.7
2023-10-19 07:00:00,807.7,7,3,0,354.7,503.98,427.87833333333333,807.57
2023-10-19 08:00:00,807.57,8,3,0,807.7,656.6566666666668,506.01000000000005,808.59
2023-10-19 09:00:00,808.59,9,3,0,807.57,807.9533333333334,579.6533333333333,794.95
2023-10-19 10:00:00,794.95,10,3,0,808.59,803.7033333333334,653.8416666666667,797.62
2023-10-19 11:00:00,797.62,11,3,0,794.95,800.3866666666667,728.5216666666666,806.15
2023-10-19 12:00:00,806.15,12,3,0,797.62,799.5733333333334,803.7633333333333,795.78
2023-10-19 13:00:00,795.78,13,3,0,806.15,799.85,801.7766666666666,799.96
2023-10-19 14:00:00,799.96,14,3,0,795.78,800.6300000000001,800.5083333333333,603.19
2023-10-19 15:00:00,603.19,15,3,0,799.96,732.9766666666668,766.275,606.28
2023-10-19 16:00:00,606.28,16,3,0,603.19,669.8100000000001,734.8299999999999,585.78
2023-10-19 17:00:00,585.78,17,3,0,606.28,598.4166666666666,699.5233333333334,605.72
2023-10-19 18:00:00,605.72,18,3,0,585.78,599.2600000000001,666.1183333333333,598.13
2023-10-19 19:00:00,598.13,19,3,0,605.72,596.5433333333334,633.1766666666667,605.66
2023-10-19 20:00:00,605.66,20,3,0,598.13,603.1700000000001,600.7933333333334,356.22
2023-10-19 21:00:00,356.22,21,3,0,605.66,520.0033333333334,559.6316666666667,362.86
2023-10-19 22:00:00,362.86,22,3,0,356.22,441.5800000000001,519.0616666666666,360.83
2023-10-19 23:00:00,360.83,23,3,0,362.86,359.97,481.57,360.77
2023-10-20 00:00:00,360.77,0,4,0,360.83,361.4866666666667,440.74499999999995,361.55
2023-10-20 01:00:00,361.55,1,4,0,360.77,361.05,401.315,352.33
2023-10-20 02:00:00,352.33,2,4,0,361.55,358.2166666666667,359.0933333333333,350.26
2023-10-20 03:00:00,350.26,3,4,0,352.33,354.71333333333337,358.09999999999997,356.98
2023-10-20 04:00:00,356.98,4,4,0,350.26,353.19000000000005,357.11999999999995,355.86
2023-10-20 05:00:00,355.86,5,4,0,356.98,354.36666666666673,356.2916666666667,347.53
2023-10-20 06:00:00,347.53,6,4,0,355.86,353.4566666666667,354.085,803.24
2023-10-20 07:00:00,803.24,7,4,0,347.53,502.21000000000004,427.7,799.72
2023-10-20 08:00:00,799.72,8,4,0,803.24,650.1633333333333,502.26500000000004,793.17
2023-10-20 09:00:00,793.17,9,4,0,799.72,798.71,576.0833333333334,810.32
2023-10-20 10:00:00,810.32,10,4,0,793.17,801.07,651.64,800.44
2023-10-20 11:00:00,800.44,11,4,0,810.32,801.3100000000001,725.7366666666667,816.39
2023-10-20 12:00:00,816.39,12,4,0,800.44,809.0500000000001,803.88,787.0
2023-10-20 13:00:00,787.0,13,4,0,816.39,801.2766666666666,801.1733333333333,795.55
2023-10-20 14:00:00,795.55,14,4,0,787.0,799.6466666666666,800.4783333333334,600.26
2023-10-20 15:00:00,600.26,15,4,0,795.55,727.6033333333334,768.3266666666667,609.1
2023-10-20 16:00:00,609.1,16,4,0,600.26,668.3033333333334,734.79,603.2
2023-10-20 17:00:00,603.2,17,4,0,609.1,604.1866666666667,701.9166666666666,602.48
2023-10-20 18:00:00,602.48,18,4,0,603.2,604.9266666666667,666.265,590.98
2023-10-20 19:00:00,590.98,19,4,0,602.48,598.8866666666667,633.5949999999999,590.74
2023-10-20 20:00:00,590.74,20,4,0,590.98,594.7333333333333,599.46,352.58
2023-10-20 21:00:00,352.58,21,4,0,590.74,511.43333333333334,558.18,339.09
2023-10-20 22:00:00,339.09,22,4,0,352.58,427.46999999999997,513.1783333333334,345.74
2023-10-20 23:00:00,345.74,23,4,0,339.09,345.8033333333333,470.26833333333326,300.0
2023-10-21 00:00:00,300.0,0,5,1,345.74,328.2766666666667,419.855,300.0
2023-10-21 01:00:00,300.0,1,5,1,300.0,315.24666666666667,371.35833333333335,300.0
2023-10-21 02:00:00,300.0,2,5,1,300.0,300.0,322.90166666666664,300.0
2023-10-21 03:00:00,300.0,3,5,1,300.0,300.0,314.1383333333333,300.0
2023-10-21 04:00:00,300.0,4,5,1,300.0,300.0,307.6233333333333,300.0
2023-10-21 05:00:00,300.0,5,5,1,300.0,300.0,300.0,300.0
2023-10-21 06:00:00,300.0,6,5,1,300.0,300.0,300.0,713.74
2023-10-21 07:00:00,713.74,7,5,1,300.0,437.91333333333336,368.9566666666667,726.13
2023-10-21 08:00:00,726.13,8,5,1,713.74,579.9566666666666,439.9783333333333,716.69
2023-10-21 09:00:00,716.69,9,5,1,726.13,718.8533333333334,509.42666666666673,723.69
2023-10-21 10:00:00,723.69,10,5,1,716.69,722.1700000000001,580.0416666666666,707.82
2023-10-21 11:00:00,707.82,11,5,1,723.69,716.0666666666666,648.0116666666667,726.38
2023-10-21 12:00:00,726.38,12,5,1,707.82,719.2966666666666,719.0750000000002,715.56
2023-10-21 13:00:00,715.56,13,5,1,726.38,716.5866666666666,719.3783333333334,720.1
2023-10-21 14:00:00,720.1,14,5,1,715.56,720.68,718.3733333333333,519.26
2023-10-21 15:00:00,519.26,15,5,1,720.1,651.64,685.4683333333334,509.83
2023-10-21 16:00:00,509.83,16,5,1,519.26,583.0633333333334,649.8249999999999,510.78
2023-10-21 17:00:00,510.78,17,5,1,509.83,513.29,616.985,527.74
2023-10-21 18:00:00,527.74,18,5,1,510.78,516.1166666666667,583.8783333333333,523.19
2023-10-21 19:00:00,523.19,19,5,1,527.74,520.57,551.8166666666667,528.4
2023-10-21 20:00:00,528.4,20,5,1,523.19,526.4433333333333,519.8666666666667,300.0
2023-10-21 21:00:00,300.0,21,5,1,528.4,450.53000000000003,483.3233333333333,300.0
2023-10-21 22:00:00,300.0,22,5,1,300.0,376.1333333333334,448.3516666666667,300.0
2023-10-21 23:00:00,300.0,23,5,1,300.0,300.0,413.22166666666675,300.0
2023-10-22 00:00:00,300.0,0,6,1,300.0,300.0,375.26500000000004,300.0
2023-10-22 01:00:00,300.0,1,6,1,300.0,300.0,338.06666666666666,300.0
2023-10-22 02:00:00,300.0,2,6,1,300.0,300.0,300.0,300.0
2023-10-22 03:00:00,300.0,3,6,1,300.0,300.0,300.0,300.0
2023-10-22 04:00:00,300.0,4,6,1,300.0,300.0,300.0,300.0
2023-10-22 05:00:00,300.0,5,6,1,300.0,300.0,300.0,300.0
2023-10-22 06:00:00,300.0,6,6,1,300.0,300.0,300.0,720.94
2023-10-22 07:00:00,720.94,7,6,1,300.0,440.31333333333333,370.1566666666667,721.89
2023-10-22 08:00:00,721.89,8,6,1,720.94,580.9433333333333,440.47166666666664,712.49
2023-10-22 09:00:00,712.49,9,6,1,721.89,718.44,509.21999999999997,716.92
2023-10-22 10:00:00,716.92,10,6,1,712.49,717.1,578.7066666666666,718.35
2023-10-22 11:00:00,718.35,11,6,1,716.92,715.9200000000001,648.4316666666667,732.84
2023-10-22 12:00:00,732.84,12,6,1,718.35,722.7033333333333,720.5716666666667,703.35
2023-10-22 13:00:00,703.35,13,6,1,732.84,718.18,717.64,729.65
2023-10-22 14:00:00,729.65,14,6,1,703.35,721.9466666666667,718.9333333333334,512.51
2023-10-22 15:00:00,512.51,15,6,1,729.65,648.5033333333333,685.6033333333334,509.02
2023-10-22 16:00:00,509.02,16,6,1,512.51,583.7266666666666,650.9533333333334,529.44
2023-10-22 17:00:00,529.44,17,6,1,509.02,516.99,619.4683333333334,525.86
2023-10-22 18:00:00,525.86,18,6,1,529.44,521.44,584.9716666666667,530.04
2023-10-22 19:00:00,530.04,19,6,1,525.86,528.4466666666667,556.0866666666666,526.41
2023-10-22 20:00:00,526.41,20,6,1,530.04,527.4366666666666,522.2133333333334,300.0
2023-10-22 21:00:00,300.0,21,6,1,526.41,452.1499999999999,486.795,300.0
2023-10-22 22:00:00,300.0,22,6,1,300.0,375.46999999999997,451.9583333333333,300.0
2023-10-22 23:00:00,300.0,23,6,1,300.0,300.0,413.7183333333333,352.74
2023-10-23 00:00:00,352.74,0,0,0,300.0,317.58,384.865,359.95
2023-10-23 01:00:00,359.95,1,0,0,352.74,337.56333333333333,356.51666666666665,343.76
2023-10-23 02:00:00,343.76,2,0,0,359.95,352.15000000000003,326.075,344.78
2023-10-23 03:00:00,344.78,3,0,0,343.76,349.49666666666667,333.5383333333333,347.53
2023-10-23 04:00:00,347.53,4,0,0,344.78,345.3566666666666,341.46000000000004,333.16
2023-10-23 05:00:00,333.16,5,0,0,347.53,341.82333333333327,346.9866666666667,351.1
2023-10-23 06:00:00,351.1,6,0,0,333.16,343.93,346.7133333333333,784.91
2023-10-23 07:00:00,784.91,7,0,0,351.1,489.72333333333336,417.53999999999996,800.42
2023-10-23 08:00:00,800.42,8,0,0,784.91,645.4766666666667,493.6499999999999,806.92
2023-10-23 09:00:00,806.92,9,0,0,800.42,797.4166666666666,570.6733333333333,796.18
2023-10-23 10:00:00,796.18,10,0,0,806.92,801.1733333333333,645.4483333333333,813.42
2023-10-23 11:00:00,813.42,11,0,0,796.18,805.5066666666667,725.4916666666667,788.32
2023-10-23 12:00:00,788.32,12,0,0,813.42,799.3066666666667,798.3616666666667,809.53
2023-10-23 13:00:00,809.53,13,0,0,788.32,803.7566666666667,802.465,805.4
2023-10-23 14:00:00,805.4,14,0,0,809.53,801.0833333333334,803.2950000000001,586.27
2023-10-23 15:00:00,586.27,15,0,0,805.4,733.7333333333332,766.52,621.69
2023-10-23 16:00:00,621.69,16,0,0,586.27,671.12,737.4383333333334,599.49
2023-10-23 17:00:00,599.49,17,0,0,621.69,602.4833333333332,701.7833333333333,592.98
2023-10-23 18:00:00,592.98,18,0,0,599.49,604.7199999999999,669.2266666666666,588.74
2023-10-23 19:00:00,588.74,19,0,0,592.98,593.7366666666667,632.4283333333334,598.24
2023-10-23 20:00:00,598.24,20,0,0,588.74,593.32,597.9016666666666,348.98
2023-10-23 21:00:00,348.98,21,0,0,598.24,511.9866666666667,558.3533333333334,350.82
2023-10-23 22:00:00,350.82,22,0,0,348.98,432.68,513.2083333333334,347.62
2023-10-23 23:00:00,347.62,23,0,0,350.82,349.14000000000004,471.23,355.07
2023-10-24 00:00:00,355.07,0,1,0,347.62,351.17,431.5783333333333,346.9
2023-10-24 01:00:00,346.9,1,1,0,355.07,349.8633333333334,391.2716666666667,334.52
2023-10-24 02:00:00,334.52,2,1,0,346.9,345.4966666666666,347.3183333333333,348.81
2023-10-24 03:00:00,348.81,3,1,0,334.52,343.41,347.28999999999996,331.06
2023-10-24 04:00:00,331.06,4,1,0,348.81,338.13,343.99666666666667,352.83
2023-10-24 05:00:00,352.83,5,1,0,331.06,344.23333333333335,344.865,342.17
2023-10-24 06:00:00,342.17,6,1,0,352.83,342.02,342.715,801.31
2023-10-24 07:00:00,801.31,7,1,0,342.17,498.77,418.45,810.51
2023-10-24 08:00:00,810.51,8,1,0,801.31,651.33,497.7816666666666,792.41
2023-10-24 09:00:00,792.41,9,1,0,810.51,801.41,571.715,808.49
2023-10-24 10:00:00,808.49,10,1,0,792.41,803.8033333333333,651.2866666666666,796.53
2023-10-24 11:00:00,796.53,11,1,0,808.49,799.1433333333333,725.2366666666667,814.03
2023-10-24 12:00:00,814.03,12,1,0,796.53,806.35,803.88,797.08
2023-10-24 13:00:00,797.08,13,1,0,814.03,802.5466666666666,803.1750000000001,793.28
2023-10-24 14:00:00,793.28,14,1,0,797.08,801.4633333333335,800.3033333333333,605.5
2023-10-24 15:00:00,605.5,15,1,0,793.28,731.9533333333333,769.1516666666666,596.51
2023-10-24 16:00:00,596.51,16,1,0,605.5,665.0966666666667,733.8216666666667,593.27
2023-10-24 17:00:00,593.27,17,1,0,596.51,598.4266666666666,699.945,596.18
2023-10-24 18:00:00,596.18,18,1,0,593.27,595.32,663.6366666666667,599.64
2023-10-24 19:00:00,599.64,19,1,0,596.18,596.3633333333333,630.7299999999999,610.74
2023-10-24 20:00:00,610.74,20,1,0,599.64,602.1866666666666,600.3066666666667,334.53
2023-10-24 21:00:00,334.53,21,1,0,610.74,514.97,555.145,350.18
2023-10-24 22:00:00,350.18,22,1,0,334.53,431.81666666666666,514.0899999999999,355.0
2023-10-24 23:00:00,355.0,23,1,0,350.18,346.57,474.3783333333333,351.55
2023-10-25 00:00:00,351.55,0,2,0,355.0,352.24333333333334,433.6066666666666,360.48
2023-10-25 01:00:00,360.48,1,2,0,351.55,355.6766666666667,393.74666666666667,349.41
2023-10-25 02:00:00,349.41,2,2,0,360.48,353.81333333333333,350.19166666666666,348.52
2023-10-25 03:00:00,348.52,3,2,0,349.41,352.80333333333334,352.5233333333333,354.74
2023-10-25 04:00:00,354.74,4,2,0,348.52,350.89000000000004,353.2833333333333,350.79
2023-10-25 05:00:00,350.79,5,2,0,354.74,351.34999999999997,352.58166666666665,346.88
2023-10-25 06:00:00,346.88,6,2,0,350.79,350.8033333333333,351.80333333333334,804.13
2023-10-25 07:00:00,804.13,7,2,0,346.88,500.59999999999997,425.74500000000006,794.78
2023-10-25 08:00:00,794.78,8,2,0,804.13,648.5966666666667,499.97333333333336,795.11
2023-10-25 09:00:00,795.11,9,2,0,794.78,798.0066666666667,574.4050000000001,795.78
2023-10-25 10:00:00,795.78,10,2,0,795.11,795.2233333333334,647.9116666666666,810.82
2023-10-25 11:00:00,810.82,11,2,0,795.78,800.57,724.5833333333334,774.23
2023-10-25 12:00:00,774.23,12,2,0,810.82,793.61,795.8083333333334,803.16
2023-10-25 13:00:00,803.16,13,2,0,774.23,796.07,795.6466666666666,800.27
2023-10-25 14:00:00,800.27,14,2,0,803.16,792.5533333333333,796.5616666666666,586.55
2023-10-25 15:00:00,586.55,15,2,0,800.27,729.9933333333333,761.8016666666666,602.48
2023-10-25 16:00:00,602.48,16,2,0,586.55,663.1,729.585,603.81
2023-10-25 17:00:00,603.81,17,2,0,602.48,597.6133333333333,695.0833333333334,604.72
2023-10-25 18:00:00,604.72,18,2,0,603.81,603.67,666.8316666666666,578.79
2023-10-25 19:00:00,578.79,19,2,0,604.72,595.7733333333332,629.4366666666666,610.93
2023-10-25 20:00:00,610.93,20,2,0,578.79,598.1466666666666,597.88,344.1
2023-10-25 21:00:00,344.1,21,2,0,610.93,511.27333333333326,557.4716666666667,355.49
2023-10-25 22:00:00,355.49,22,2,0,344.1,436.84,516.3066666666666,355.93
2023-10-25 23:00:00,355.93,23,2,0,355.49,351.84,474.99333333333334,342.99
2023-10-26 00:00:00,342.99,0,3,0,355.93,351.47,431.37166666666667,355.28
2023-10-26 01:00:00,355.28,1,3,0,342.99,351.40000000000003,394.12000000000006,346.92
2023-10-26 02:00:00,346.92,2,3,0,355.28,348.3966666666667,350.11833333333334,333.43
2023-10-26 03:00:00,333.43,3,3,0,346.92,345.21,348.34,359.34
2023-10-26 04:00:00,359.34,4,3,0,333.43,346.56333333333333,348.9816666666666,343.8
2023-10-26 05:00:00,343.8,5,3,0,359.34,345.5233333333333,346.96000000000004,343.16
2023-10-26 06:00:00,343.16,6,3,0,343.8,348.76666666666665,346.9883333333334,796.78
2023-10-26 07:00:00,796.78,7,3,0,343.16,494.58,420.5716666666667,802.18
2023-10-26 08:00:00,802.18,8,3,0,796.78,647.3733333333333,496.4483333333333,799.54
2023-10-26 09:00:00,799.54,9,3,0,802.18,799.5,574.1333333333333,804.38
2023-10-26 10:00:00,804.38,10,3,0,799.54,802.0333333333333,648.3066666666667,789.28
2023-10-26 11:00:00,789.28,11,3,0,804.38,797.7333333333332,722.5533333333333,794.06
2023-10-26 12:00:00,794.06,12,3,0,789.28,795.9066666666668,797.7033333333333,799.07
2023-10-26 13:00:00,799.07,13,3,0,794.06,794.1366666666667,798.085,815.18
2023-10-26 14:00:00,815.18,14,3,0,799.07,802.77,800.2516666666667,599.09
2023-10-26 15:00:00,599.09,15,3,0,815.18,737.7800000000001,766.8433333333332,608.68
2023-10-26 16:00:00,608.68,16,3,0,599.09,674.3166666666666,734.2266666666666,600.31
2023-10-26 17:00:00,600.31,17,3,0,608.68,602.6933333333333,702.7316666666666,596.13
2023-10-26 18:00:00,596.13,18,3,0,600.31,601.7066666666666,669.7433333333333,598.03
2023-10-26 19:00:00,598.03,19,3,0,596.13,598.1566666666666,636.2366666666666,598.65
2023-10-26 20:00:00,598.65,20,3,0,598.03,597.6033333333334,600.1483333333333,354.83
2023-10-26 21:00:00,354.83,21,3,0,598.65,517.17,559.4383333333333,361.0
2023-10-26 22:00:00,361.0,22,3,0,354.83,438.16,518.1583333333333,352.88
2023-10-26 23:00:00,352.88,23,3,0,361.0,356.2366666666667,476.92,359.5
2023-10-27 00:00:00,359.5,0,4,0,352.88,357.79333333333335,437.4816666666666,342.28
2023-10-27 01:00:00,342.28,1,4,0,359.5,351.55333333333334,394.8566666666666,346.68
2023-10-27 02:00:00,346.68,2,4,0,342.28,349.4866666666667,352.8616666666667,344.21
2023-10-27 03:00:00,344.21,3,4,0,346.68,344.38999999999993,351.0916666666667,352.52
2023-10-27 04:00:00,352.52,4,4,0,344.21,347.8033333333333,349.67833333333334,347.13
2023-10-27 05:00:00,347.13,5,4,0,352.52,347.9533333333333,348.71999999999997,355.84
2023-10-27 06:00:00,355.84,6,4,0,347.13,351.8299999999999,348.10999999999996,792.55
2023-10-27 07:00:00,792.55,7,4,0,355.84,498.50666666666666,423.155,800.34
2023-10-27 08:00:00,800.34,8,4,0,792.55,649.5766666666667,498.76500000000004,805.49
2023-10-27 09:00:00,805.49,9,4,0,800.34,799.46,575.645,783.48
2023-10-27 10:00:00,783.48,10,4,0,805.49,796.4366666666668,647.4716666666667,816.97
2023-10-27 11:00:00,816.97,11,4,0,783.48,801.98,725.7783333333333,797.73
2023-10-27 12:00:00,797.73,12,4,0,816.97,799.3933333333334,799.4266666666666,783.8
2023-10-27 13:00:00,783.8,13,4,0,797.73,799.5,797.9683333333334,801.26
2023-10-27 14:00:00,801.26,14,4,0,783.8,794.2633333333333,798.1216666666666,600.27
2023-10-27 15:00:00,600.27,15,4,0,801.26,728.4433333333333,763.9183333333334,599.34
2023-10-27 16:00:00,599.34,16,4,0,600.27,666.9566666666666,733.2283333333334,607.93
2023-10-27 17:00:00,607.93,17,4,0,599.34,602.5133333333333,698.3883333333333,605.98
2023-10-27 18:00:00,605.98,18,4,0,607.93,604.4166666666666,666.43,602.38
2023-10-27 19:00:00,602.38,19,4,0,605.98,605.43,636.1933333333333,603.6
2023-10-27 20:00:00,603.6,20,4,0,602.38,603.9866666666667,603.25,349.17
2023-10-27 21:00:00,349.17,21,4,0,603.6,518.3833333333333,561.4,364.2
2023-10-27 22:00:00,364.2,22,4,0,349.17,438.99,522.21,338.17
2023-10-27 23:00:00,338.17,23,4,0,364.2,350.5133333333333,477.25,300.0
2023-10-28 00:00:00,300.0,0,5,1,338.17,334.1233333333333,426.25333333333333,300.0
2023-10-28 01:00:00,300.0,1,5,1,300.0,312.72333333333336,375.8566666666666,300.0
2023-10-28 02:00:00,300.0,2,5,1,300.0,300.0,325.2566666666667,300.0
2023-10-28 03:00:00,300.0,3,5,1,300.0,300.0,317.06166666666667,300.0
2023-10-28 04:00:00,300.0,4,5,1,300.0,300.0,306.3616666666667,300.0
2023-10-28 05:00:00,300.0,5,5,1,300.0,300.0,300.0,300.0
2023-10-28 06:00:00,300.0,6,5,1,300.0,300.0,300.0,731.92
2023-10-28 07:00:00,731.92,7,5,1,300.0,443.9733333333333,371.9866666666667,709.84
2023-10-28 08:00:00,709.84,8,5,1,731.92,580.5866666666666,440.2933333333333,729.24
2023-10-28 09:00:00,729.24,9,5,1,709.84,723.6666666666666,511.8333333333333,738.94
2023-10-28 10:00:00,738.94,10,5,1,729.24,726.0066666666667,584.99,716.98
2023-10-28 11:00:00,716.98,11,5,1,738.94,728.3866666666667,654.4866666666667,709.67
2023-10-28 12:00:00,709.67,12,5,1,716.98,721.8633333333333,722.765,716.74
2023-10-28 13:00:00,716.74,13,5,1,709.67,714.4633333333335,720.235,720.11
2023-10-28 14:00:00,720.11,14,5,1,716.74,715.5066666666667,721.9466666666667,524.51
2023-10-28 15:00:00,524.51,15,5,1,720.11,653.7866666666667,687.8249999999999,515.27
2023-10-28 16:00:00,515.27,16,5,1,524.51,586.63,650.5466666666666,532.44
2023-10-28 17:00:00,532.44,17,5,1,515.27,524.0733333333333,619.79,511.08
2023-10-28 18:00:00,511.08,18,5,1,532.44,519.5966666666667,586.6916666666666,506.09
2023-10-28 19:00:00,506.09,19,5,1,511.08,516.5366666666666,551.5833333333334,528.85
2023-10-28 20:00:00,528.85,20,5,1,506.09,515.34,519.7066666666666,300.0
2023-10-28 21:00:00,300.0,21,5,1,528.85,444.98,482.28833333333336,300.0
2023-10-28 22:00:00,300.0,22,5,1,300.0,376.2833333333333,446.41,300.0
2023-10-28 23:00:00,300.0,23,5,1,300.0,300.0,407.67,300.0
2023-10-29 00:00:00,300.0,0,6,1,300.0,300.0,372.49,300.0
2023-10-29 01:00:00,300.0,1,6,1,300.0,300.0,338.14166666666665,300.0
2023-10-29 02:00:00,300.0,2,6,1,300.0,300.0,300.0,300.0
2023-10-29 03:00:00,300.0,3,6,1,300.0,300.0,300.0,300.0
2023-10-29 04:00:00,300.0,4,6,1,300.0,300.0,300.0,300.0
2023-10-29 05:00:00,300.0,5,6,1,300.0,300.0,300.0,300.0
2023-10-29 06:00:00,300.0,6,6,1,300.0,300.0,300.0,733.5
2023-10-29 07:00:00,733.5,7,6,1,300.0,444.5,372.25,721.96
2023-10-29 08:00:00,721.96,8,6,1,733.5,585.1533333333333,442.57666666666665,725.81
2023-10-29 09:00:00,725.81,9,6,1,721.96,727.09,513.545,714.97
2023-10-29 10:00:00,714.97,10,6,1,725.81,720.9133333333333,582.7066666666667,730.29
2023-10-29 11:00:00,730.29,11,6,1,714.97,723.6899999999999,654.4216666666667,717.94
2023-10-29 12:00:00,717.94,12,6,1,730.29,721.0666666666666,724.0783333333334,722.22
2023-10-29 13:00:00,722.22,13,6,1,717.94,723.4833333333332,722.1983333333334,712.54
2023-10-29 14:00:00,712.54,14,6,1,722.22,717.5666666666666,720.6283333333334,512.02
2023-10-29 15:00:00,512.02,15,6,1,712.54,648.9266666666666,684.9966666666668,525.51
2023-10-29 16:00:00,525.51,16,6,1,512.02,583.3566666666667,653.42,516.45
2023-10-29 17:00:00,516.45,17,6,1,525.51,517.9933333333333,617.78,513.17
2023-10-29 18:00:00,513.17,18,6,1,516.45,518.3766666666667,583.6516666666666,514.85
2023-10-29 19:00:00,514.85,19,6,1,513.17,514.8233333333334,549.09,525.59
2023-10-29 20:00:00,525.59,20,6,1,514.85,517.87,517.9316666666667,300.0
2023-10-29 21:00:00,300.0,21,6,1,525.59,446.81333333333333,482.595,300.0
2023-10-29 22:00:00,300.0,22,6,1,300.0,375.1966666666667,445.01,300.0
2023-10-29 23:00:00,300.0,23,6,1,300.0,300.0,408.935,334.66
2023-10-30 00:00:00,334.66,0,0,0,300.0,311.55333333333334,379.18333333333334,338.23
2023-10-30 01:00:00,338.23,1,0,0,334.66,324.2966666666667,349.74666666666667,352.69
2023-10-30 02:00:00,352.69,2,0,0,338.23,341.85999999999996,320.93,344.1
2023-10-30 03:00:00,344.1,3,0,0,352.69,345.00666666666666,328.28000000000003,358.45
2023-10-30 04:00:00,358.45,4,0,0,344.1,351.74666666666667,338.0216666666667,357.73
2023-10-30 05:00:00,357.73,5,0,0,358.45,353.4266666666667,347.6433333333334,355.75
2023-10-30 06:00:00,355.75,6,0,0,357.73,357.31,351.1583333333333,814.56
2023-10-30 07:00:00,814.56,7,0,0,355.75,509.34666666666664,430.5466666666666,799.34
2023-10-30 08:00:00,799.34,8,0,0,814.56,656.5500000000001,504.9883333333333,805.19
2023-10-30 09:00:00,805.19,9,0,0,799.34,806.3633333333333,581.8366666666667,795.32
2023-10-30 10:00:00,795.32,10,0,0,805.19,799.9500000000002,654.6483333333334,819.62
2023-10-30 11:00:00,819.62,11,0,0,795.32,806.71,731.6300000000001,815.87
2023-10-30 12:00:00,815.87,12,0,0,819.62,810.27,808.3166666666667,800.1
2023-10-30 13:00:00,800.1,13,0,0,815.87,811.8633333333333,805.9066666666666,803.09
2023-10-30 14:00:00,803.09,14,0,0,800.1,806.3533333333335,806.5316666666668,610.87
2023-10-30 15:00:00,610.87,15,0,0,803.09,738.02,774.145,598.82
2023-10-30 16:00:00,598.82,16,0,0,610.87,670.9266666666667,741.395,594.75
2023-10-30 17:00:00,594.75,17,0,0,598.82,601.48,703.9166666666666,606.99
2023-10-30 18:00:00,606.99,18,0,0,594.75,600.1866666666667,669.1033333333334,600.63
2023-10-30 19:00:00,600.63,19,0,0,606.99,600.79,635.8583333333333,601.46
2023-10-30 20:00:00,601.46,20,0,0,600.63,603.0266666666666,602.2533333333334,343.33
2023-10-30 21:00:00,343.33,21,0,0,601.46,515.14,557.6633333333333,336.26
2023-10-30 22:00:00,336.26,22,0,0,343.33,427.01666666666665,513.9033333333333,351.89
2023-10-30 23:00:00,351.89,23,0,0,336.26,343.82666666666665,473.42666666666673,357.24
2023-10-31 00:00:00,357.24,0,1,0,351.89,348.46333333333337,431.8016666666667,348.19
2023-10-31 01:00:00,348.19,1,1,0,357.24,352.44000000000005,389.7283333333333,361.49
2023-10-31 02:00:00,361.49,2,1,0,348.19,355.64000000000004,349.7333333333333,344.37
2023-10-31 03:00:00,344.37,3,1,0,361.49,351.34999999999997,349.9066666666667,341.56
2023-10-31 04:00:00,341.56,4,1,0,344.37,349.14000000000004,350.78999999999996,349.46
2023-10-31 05:00:00,349.46,5,1,0,341.56,345.12999999999994,350.385,349.34
2023-10-31 06:00:00,349.34,6,1,0,349.46,346.78666666666663,349.0683333333333,806.16
2023-10-31 07:00:00,806.16,7,1,0,349.34,501.65333333333336,425.3966666666667,793.8
2023-10-31 08:00:00,793.8,8,1,0,806.16,649.7666666666667,497.4483333333333,810.94
2023-10-31 09:00:00,810.94,9,1,0,793.8,803.6333333333333,575.2099999999999,815.74
2023-10-31 10:00:00,815.74,10,1,0,810.94,806.8266666666667,654.2399999999999,799.69
2023-10-31 11:00:00,799.69,11,1,0,815.74,808.79,729.2783333333333,810.0
2023-10-31 12:00:00,810.0,12,1,0,799.69,808.4766666666668,806.055,791.55
2023-10-31 13:00:00,791.55,13,1,0,810.0,800.4133333333333,803.62,808.6
2023-10-31 14:00:00,808.6,14,1,0,791.55,803.3833333333333,806.0866666666667,608.38
2023-10-31 15:00:00,608.38,15,1,0,808.6,736.1766666666666,772.3266666666667,606.91
2023-10-31 16:00:00,606.91,16,1,0,608.38,674.63,737.5216666666666,599.88
2023-10-31 17:00:00,599.88,17,1,0,606.91,605.0566666666667,704.2199999999999,576.37
2023-10-31 18:00:00,576.37,18,1,0,599.88,594.3866666666667,665.2816666666666,594.87
2023-10-31 19:00:00,594.87,19,1,0,576.37,590.3733333333333,632.5016666666667,594.99
2023-10-31 20:00:00,594.99,20,1,0,594.87,588.7433333333333,596.9,342.17
2023-10-31 21:00:00,342.17,21,1,0,594.99,510.67666666666673,552.5316666666666,350.98
2023-10-31 22:00:00,350.98,22,1,0,342.17,429.38000000000005,509.8766666666667,346.65
2023-10-31 23:00:00,346.65,23,1,0,350.98,346.59999999999997,467.6716666666667,350.1
2023-11-01 00:00:00,350.1,0,2,0,346.65,349.24333333333334,429.96000000000004,348.23
2023-11-01 01:00:00,348.23,1,2,0,350.1,348.32666666666665,388.8533333333333,350.97
2023-11-01 02:00:00,350.97,2,2,0,348.23,349.7666666666667,348.18333333333334,365.67
2023-11-01 03:00:00,365.67,3,2,0,350.97,354.95666666666665,352.09999999999997,351.41
2023-11-01 04:00:00,351.41,4,2,0,365.67,356.01666666666665,352.1716666666667,352.58
2023-11-01 05:00:00,352.58,5,2,0,351.41,356.5533333333333,353.16,353.05
2023-11-01 06:00:00,353.05,6,2,0,352.58,352.34666666666664,353.65166666666664,809.41
2023-11-01 07:00:00,809.41,7,2,0,353.05,505.0133333333333,430.51500000000004,810.35
2023-11-01 08:00:00,810.35,8,2,0,809.41,657.6033333333334,507.0783333333334,782.34
2023-11-01 09:00:00,782.34,9,2,0,810.35,800.7000000000002,576.5233333333334,814.87
2023-11-01 10:00:00,814.87,10,2,0,782.34,802.52,653.7666666666667,818.19
2023-11-01 11:00:00,818.19,11,2,0,814.87,805.1333333333333,731.3683333333333,798.3
2023-11-01 12:00:00,798.3,12,2,0,818.19,810.4533333333334,805.5766666666667,798.92
2023-11-01 13:00:00,798.92,13,2,0,798.3,805.1366666666667,803.8283333333334,803.1
2023-11-01 14:00:00,803.1,14,2,0,798.92,800.1066666666667,802.62,600.65
2023-11-01 15:00:00,600.65,15,2,0,803.1,734.2233333333334,772.3383333333333,608.49
2023-11-01 16:00:00,608.49,16,2,0,600.65,670.7466666666667,737.9416666666666,591.13
2023-11-01 17:00:00,591.13,17,2,0,608.49,600.09,700.0983333333334,597.76
2023-11-01 18:00:00,597.76,18,2,0,591.13,599.1266666666667,666.6750000000001,619.01
2023-11-01 19:00:00,619.01,19,2,0,597.76,602.6333333333333,636.6899999999999,599.27
2023-11-01 20:00:00,599.27,20,2,0,619.01,605.3466666666667,602.7183333333334,366.65
2023-11-01 21:00:00,366.65,21,2,0,599.27,528.3100000000001,563.7183333333334,359.54
2023-11-01 22:00:00,359.54,22,2,0,366.65,441.82,522.2266666666666,342.22
2023-11-01 23:00:00,342.22,23,2,0,359.54,356.1366666666667,480.74166666666673,361.78
2023-11-02 00:00:00,361.78,0,3,0,342.22,354.5133333333333,441.41166666666663,355.76
2023-11-02 01:00:00,355.76,1,3,0,361.78,353.25333333333333,397.5366666666667,353.05
2023-11-02 02:00:00,353.05,2,3,0,355.76,356.8633333333334,356.5,358.66
2023-11-02 03:00:00,358.66,3,3,0,353.05,355.8233333333333,355.16833333333335,360.5
2023-11-02 04:00:00,360.5,4,3,0,358.66,357.40333333333336,355.3283333333334,362.36
2023-11-02 05:00:00,362.36,5,3,0,360.5,360.50666666666666,358.685,366.12
2023-11-02 06:00:00,366.12,6,3,0,362.36,362.99333333333334,359.40833333333336,809.96
2023-11-02 07:00:00,809.96,7,3,0,366.12,512.8133333333334,435.10833333333335,795.69
2023-11-02 08:00:00,795.69,8,3,0,809.96,657.2566666666668,508.88166666666666,802.91
2023-11-02 09:00:00,802.91,9,3,0,795.69,802.8533333333334,582.9233333333333,830.24
2023-11-02 10:00:00,830.24,10,3,0,802.91,809.6133333333333,661.2133333333334,812.49
2023-11-02 11:00:00,812.49,11,3,0,830.24,815.2133333333333,736.235,825.65
2023-11-02 12:00:00,825.65,12,3,0,812.49,822.7933333333334,812.8233333333334,817.86
2023-11-02 13:00:00,817.86,13,3,0,825.65,818.6666666666666,814.14,808.63
2023-11-02 14:00:00,808.63,14,3,0,817.86,817.3800000000001,816.2966666666666,609.11
2023-11-02 15:00:00,609.11,15,3,0,808.63,745.1999999999999,783.9966666666668,606.41
2023-11-02 16:00:00,606.41,16,3,0,609.11,674.7166666666666,746.6916666666666,592.8
2023-11-02 17:00:00,592.8,17,3,0,606.41,602.7733333333333,710.0766666666667,606.84
2023-11-02 18:00:00,606.84,18,3,0,592.8,602.0166666666668,673.6083333333333,616.38
2023-11-02 19:00:00,616.38,19,3,0,606.84,605.34,640.0283333333333,601.9
2023-11-02 20:00:00,601.9,20,3,0,616.38,608.3733333333333,605.5733333333333,359.99
2023-11-02 21:00:00,359.99,21,3,0,601.9,526.09,564.0533333333334,363.51
2023-11-02 22:00:00,363.51,22,3,0,359.99,441.8,523.5699999999999,349.42
2023-11-02 23:00:00,349.42,23,3,0,363.51,357.64000000000004,483.00666666666666,353.09
2023-11-03 00:00:00,353.09,0,4,0,349.42,355.34,440.715,348.56
2023-11-03 01:00:00,348.56,1,4,0,353.09,350.3566666666666,396.0783333333333,350.12
2023-11-03 02:00:00,350.12,2,4,0,348.56,350.59,354.115,346.4
2023-11-03 03:00:00,346.4,3,4,0,350.12,348.35999999999996,351.84999999999997,349.5
2023-11-03 04:00:00,349.5,4,4,0,346.4,348.67333333333335,349.51499999999993,368.05
2023-11-03 05:00:00,368.05,5,4,0,349.5,354.6499999999999,352.62000000000006,349.37
2023-11-03 06:00:00,349.37,6,4,0,368.05,355.64000000000004,352.0,807.71
2023-11-03 07:00:00,807.71,7,4,0,349.37,508.3766666666667,428.52500000000003,802.68
2023-11-03 08:00:00,802.68,8,4,0,807.71,653.2533333333332,503.95166666666665,816.13
2023-11-03 09:00:00,816.13,9,4,0,802.68,808.84,582.24,817.19
2023-11-03 10:00:00,817.19,10,4,0,816.13,812.0,660.1883333333334,813.61
2023-11-03 11:00:00,813.61,11,4,0,817.19,815.6433333333334,734.4483333333333,809.15
2023-11-03 12:00:00,809.15,12,4,0,813.61,813.3166666666666,811.0783333333334,804.85
2023-11-03 13:00:00,804.85,13,4,0,809.15,809.2033333333334,810.6016666666666,797.16
2023-11-03 14:00:00,797.16,14,4,0,804.85,803.7199999999999,809.6816666666667,622.25
2023-11-03 15:00:00,622.25,15,4,0,797.16,741.4200000000001,777.3683333333333,600.62
2023-11-03 16:00:00,600.62,16,4,0,622.25,673.3433333333334,741.2733333333332,612.01
2023-11-03 17:00:00,612.01,17,4,0,600.62,611.6266666666667,707.6733333333333,615.18
2023-11-03 18:00:00,615.18,18,4,0,612.01,609.27,675.345,602.26
2023-11-03 19:00:00,602.26,19,4,0,615.18,609.8166666666667,641.58,615.0
2023-11-03 20:00:00,615.0,20,4,0,602.26,610.8133333333334,611.2199999999999,362.81
2023-11-03 21:00:00,362.81,21,4,0,615.0,526.6899999999999,567.9799999999999,370.52
2023-11-03 22:00:00,370.52,22,4,0,362.81,449.4433333333333,529.63,352.94
2023-11-03 23:00:00,352.94,23,4,0,370.52,362.09,486.4516666666666,300.0
2023-11-04 00:00:00,300.0,0,5,1,352.94,341.15333333333336,433.9216666666666,300.0
2023-11-04 01:00:00,300.0,1,5,1,300.0,317.6466666666667,383.545,300.0
2023-11-04 02:00:00,300.0,2,5,1,300.0,300.0,331.045,300.0
2023-11-04 03:00:00,300.0,3,5,1,300.0,300.0,320.57666666666665,300.0
2023-11-04 04:00:00,300.0,4,5,1,300.0,300.0,308.8233333333333,300.0
2023-11-04 05:00:00,300.0,5,5,1,300.0,300.0,300.0,300.0
2023-11-04 06:00:00,300.0,6,5,1,300.0,300.0,300.0,742.48
2023-11-04 07:00:00,742.48,7,5,1,300.0,447.49333333333334,373.74666666666667,730.41
2023-11-04 08:00:00,730.41,8,5,1,742.48,590.9633333333333,445.4816666666666,731.57
2023-11-04 09:00:00,731.57,9,5,1,730.41,734.82,517.41,731.28
2023-11-04 10:00:00,731.28,10,5,1,731.57,731.0866666666667,589.29,729.88
2023-11-04 11:00:00,729.88,11,5,1,731.28,730.91,660.9366666666666,734.15
2023-11-04 12:00:00,734.15,12,5,1,729.88,731.77,733.295,729.86
2023-11-04 13:00:00,729.86,13,5,1,734.15,731.2966666666666,731.1916666666666,724.2
2023-11-04 14:00:00,724.2,14,5,1,729.86,729.4033333333333,730.1566666666668,520.33
2023-11-04 15:00:00,520.33,15,5,1,724.2,658.13,694.9499999999999,524.71
2023-11-04 16:00:00,524.71,16,5,1,520.33,589.7466666666668,660.5216666666666,529.21
2023-11-04 17:00:00,529.21,17,5,1,524.71,524.75,627.0766666666667,524.17
2023-11-04 18:00:00,524.17,18,5,1,529.21,526.0300000000001,592.08,529.21
2023-11-04 19:00:00,529.21,19,5,1,524.17,527.5300000000001,558.6383333333333,530.21
2023-11-04 20:00:00,530.21,20,5,1,529.21,527.8633333333333,526.3066666666667,300.0
2023-11-04 21:00:00,300.0,21,5,1,530.21,453.14000000000004,489.58500000000004,300.0
2023-11-04 22:00:00,300.0,22,5,1,300.0,376.7366666666667,452.1333333333334,300.0
2023-11-04 23:00:00,300.0,23,5,1,300.0,300.0,413.9316666666667,300.0
2023-11-05 00:00:00,300.0,0,6,1,300.0,300.0,376.57,300.0
2023-11-05 01:00:00,300.0,1,6,1,300.0,300.0,338.36833333333334,300.0
2023-11-05 02:00:00,300.0,2,6,1,300.0,300.0,300.0,300.0
2023-11-05 03:00:00,300.0,3,6,1,300.0,300.0,300.0,300.0
2023-11-05 04:00:00,300.0,4,6,1,300.0,300.0,300.0,300.0
2023-11-05 05:00:00,300.0,5,6,1,300.0,300.0,300.0,300.0
2023-11-05 06:00:00,300.0,6,6,1,300.0,300.0,300.0,737.62
2023-11-05 07:00:00,737.62,7,6,1,300.0,445.8733333333333,372.93666666666667,721.66
2023-11-05 08:00:00,721.66,8,6,1,737.62,586.4266666666666,443.2133333333333,731.29
2023-11-05 09:00:00,731.29,9,6,1,721.66,730.1899999999999,515.0949999999999,725.82
2023-11-05 10:00:00,725.82,10,6,1,731.29,726.2566666666667,586.0649999999999,725.23
2023-11-05 11:00:00,725.23,11,6,1,725.82,727.4466666666667,656.9366666666666,720.52
2023-11-05 12:00:00,720.52,12,6,1,725.23,723.8566666666667,727.0233333333334,740.02
2023-11-05 13:00:00,740.02,13,6,1,720.52,728.59,727.4233333333333,723.69
2023-11-05 14:00:00,723.69,14,6,1,740.02,728.0766666666667,727.7616666666668,532.29
2023-11-05 15:00:00,532.29,15,6,1,723.69,665.3333333333334,694.5950000000001,511.7
2023-11-05 16:00:00,511.7,16,6,1,532.29,589.2266666666666,658.9083333333334,536.14
2023-11-05 17:00:00,536.14,17,6,1,511.7,526.7099999999999,627.3933333333333,535.12
2023-11-05 18:00:00,535.12,18,6,1,536.14,527.6533333333333,596.4933333333333,527.48
2023-11-05 19:00:00,527.48,19,6,1,535.12,532.9133333333334,561.07,524.88
2023-11-05 20:00:00,524.88,20,6,1,527.48,529.16,527.9350000000001,300.0
2023-11-05 21:00:00,300.0,21,6,1,524.88,450.7866666666667,489.22,300.0
2023-11-05 22:00:00,300.0,22,6,1,300.0,374.96000000000004,453.93666666666667,300.0
2023-11-05 23:00:00,300.0,23,6,1,300.0,300.0,414.58,362.95
2023-11-06 00:00:00,362.95,0,0,0,300.0,320.98333333333335,385.885,349.41
2023-11-06 01:00:00,349.41,1,0,0,362.95,337.4533333333333,356.2066666666667,356.54
2023-11-06 02:00:00,356.54,2,0,0,349.41,356.3,328.15000000000003,354.72
2023-11-06 03:00:00,354.72,3,0,0,356.54,353.5566666666667,337.27000000000004,353.27
2023-11-06 04:00:00,353.27,4,0,0,354.72,354.8433333333333,346.1483333333333,356.62
2023-11-06 05:00:00,356.62,5,0,0,353.27,354.87000000000006,355.58500000000004,347.63
2023-11-06 06:00:00,347.63,6,0,0,356.62,352.50666666666666,353.0316666666667,814.93
2023-11-06 07:00:00,814.93,7,0,0,347.63,506.3933333333334,430.61833333333334,792.35
2023-11-06 08:00:00,792.35,8,0,0,814.93,651.6366666666667,503.25333333333333,811.02
2023-11-06 09:00:00,811.02,9,0,0,792.35,806.1,579.3033333333333,804.09
2023-11-06 10:00:00,804.09,10,0,0,811.02,802.4866666666667,654.4399999999999,797.33
2023-11-06 11:00:00,797.33,11,0,0,804.09,804.1466666666666,727.8916666666668,808.32
2023-11-06 12:00:00,808.32,12,0,0,797.33,803.2466666666668,804.6733333333333,794.24
2023-11-06 13:00:00,794.24,13,0,0,808.32,799.9633333333335,801.225,807.02
2023-11-06 14:00:00,807.02,14,0,0,794.24,803.1933333333333,803.6700000000001,595.32
2023-11-06 15:00:00,595.32,15,0,0,807.02,732.1933333333333,767.7200000000001,610.39
2023-11-06 16:00:00,610.39,16,0,0,595.32,670.91,735.4366666666666,599.3
2023-11-06 17:00:00,599.3,17,0,0,610.39,601.67,702.4316666666667,603.09
2023-11-06 18:00:00,603.09,18,0,0,599.3,604.2600000000001,668.2266666666667,609.05
2023-11-06 19:00:00,609.05,19,0,0,603.09,603.8133333333334,637.3616666666666,600.52
2023-11-06 20:00:00,600.52,20,0,0,609.05,604.2199999999999,602.9449999999999,356.24
2023-11-06 21:00:00,356.24,21,0,0,600.52,521.9366666666666,563.0983333333334,344.59
2023-11-06 22:00:00,344.59,22,0,0,356.24,433.7833333333333,518.7983333333333,361.75
2023-11-06 23:00:00,361.75,23,0,0,344.59,354.1933333333333,479.20666666666665,370.82
2023-11-07 00:00:00,370.82,0,1,0,361.75,359.0533333333333,440.49499999999995,379.04
2023-11-07 01:00:00,379.04,1,1,0,370.82,370.5366666666667,402.16,357.43
2023-11-07 02:00:00,357.43,2,1,0,379.04,369.09666666666664,361.645,363.0
2023-11-07 03:00:00,363.0,3,1,0,357.43,366.49,362.7716666666667,342.45
2023-11-07 04:00:00,342.45,4,1,0,363.0,354.29333333333335,362.41499999999996,368.72
2023-11-07 05:00:00,368.72,5,1,0,342.45,358.0566666666667,363.57666666666665,362.91
2023-11-07 06:00:00,362.91,6,1,0,368.72,358.02666666666664,362.2583333333334,802.83
2023-11-07 07:00:00,802.83,7,1,0,362.91,511.4866666666667,432.89000000000004,816.6
2023-11-07 08:00:00,816.6,8,1,0,802.83,660.7800000000001,509.4183333333333,804.66
2023-11-07 09:00:00,804.66,9,1,0,816.6,808.0300000000001,583.0283333333333,803.03
2023-11-07 10:00:00,803.03,10,1,0,804.66,808.0966666666667,659.7916666666666,810.5
2023-11-07 11:00:00,810.5,11,1,0,803.03,806.0633333333334,733.4216666666667,798.19
2023-11-07 12:00:00,798.19,12,1,0,810.5,803.9066666666668,805.9683333333332,814.87
2023-11-07 13:00:00,814.87,13,1,0,798.19,807.8533333333334,807.975,798.25
2023-11-07 14:00:00,798.25,14,1,0,814.87,803.77,804.9166666666666,598.3
2023-11-07 15:00:00,598.3,15,1,0,798.25,737.14,770.5233333333334,599.42
2023-11-07 16:00:00,599.42,16,1,0,598.3,665.3233333333334,736.5883333333333,612.77
2023-11-07 17:00:00,612.77,17,1,0,599.42,603.4966666666666,703.6333333333333,601.76
2023-11-07 18:00:00,601.76,18,1,0,612.77,604.65,670.895,595.91
2023-11-07 19:00:00,595.91,19,1,0,601.76,603.48,634.4016666666666,601.85
2023-11-07 20:00:00,601.85,20,1,0,595.91,599.84,601.6683333333334,356.44
2023-11-07 21:00:00,356.44,21,1,0,601.85,518.0666666666667,561.3583333333332,347.25
2023-11-07 22:00:00,347.25,22,1,0,356.44,435.18,519.3299999999999,347.49
2023-11-07 23:00:00,347.49,23,1,0,347.25,350.3933333333334,475.11666666666673,373.59
2023-11-08 00:00:00,373.59,0,2,0,347.49,356.10999999999996,437.0883333333333,349.81
2023-11-08 01:00:00,349.81,1,2,0,373.59,356.9633333333333,396.0716666666667,354.11
2023-11-08 02:00:00,354.11,2,2,0,349.81,359.17,354.7816666666667,353.76
2023-11-08 03:00:00,353.76,3,2,0,354.11,352.56,354.335,353.33
2023-11-08 04:00:00,353.33,4,2,0,353.76,353.73333333333335,355.34833333333336,361.67
2023-11-08 05:00:00,361.67,5,2,0,353.33,356.25333333333333,357.71166666666664,364.28
2023-11-08 06:00:00,364.28,6,2,0,361.67,359.76,356.16,804.25
2023-11-08 07:00:00,804.25,7,2,0,364.28,510.06666666666666,431.90000000000003,796.81
2023-11-08 08:00:00,796.81,8,2,0,804.25,655.1133333333333,505.68333333333334,816.89
2023-11-08 09:00:00,816.89,9,2,0,796.81,805.9833333333332,582.8716666666667,805.94
2023-11-08 10:00:00,805.94,10,2,0,816.89,806.5466666666666,658.3066666666666,820.54
2023-11-08 11:00:00,820.54,11,2,0,805.94,814.4566666666666,734.785,788.73
2023-11-08 12:00:00,788.73,12,2,0,820.54,805.07,805.5266666666666,808.26
2023-11-08 13:00:00,808.26,13,2,0,788.73,805.8433333333334,806.195,822.05
2023-11-08 14:00:00,822.05,14,2,0,808.26,806.3466666666667,810.4016666666666,603.87
2023-11-08 15:00:00,603.87,15,2,0,822.05,744.7266666666668,774.8983333333334,604.89
2023-11-08 16:00:00,604.89,16,2,0,603.87,676.9366666666666,741.39,609.06
2023-11-08 17:00:00,609.06,17,2,0,604.89,605.94,706.1433333333333,602.23
2023-11-08 18:00:00,602.23,18,2,0,609.06,605.3933333333333,675.0600000000001,604.2
2023-11-08 19:00:00,604.2,19,2,0,602.23,605.1633333333334,641.05,604.0
2023-11-08 20:00:00,604.0,20,2,0,604.2,603.4766666666668,604.7083333333334,351.68
2023-11-08 21:00:00,351.68,21,2,0,604.0,519.96,562.6766666666667,366.53
2023-11-08 22:00:00,366.53,22,2,0,351.68,440.7366666666667,522.9499999999999,360.39
2023-11-08 23:00:00,360.39,23,2,0,366.53,359.5333333333333,481.50499999999994,358.7
2023-11-09 00:00:00,358.7,0,3,0,360.39,361.8733333333333,440.9166666666667,363.17
2023-11-09 01:00:00,363.17,1,3,0,358.7,360.75333333333333,400.74500000000006,354.58
2023-11-09 02:00:00,354.58,2,3,0,363.17,358.81666666666666,359.175,350.51
2023-11-09 03:00:00,350.51,3,3,0,354.58,356.08666666666664,358.98,351.88
2023-11-09 04:00:00,351.88,4,3,0,350.51,352.32333333333327,356.53833333333336,356.71
2023-11-09 05:00:00,356.71,5,3,0,351.88,353.0333333333333,355.92499999999995,348.23
2023-11-09 06:00:00,348.23,6,3,0,356.71,352.2733333333333,354.18,802.7
2023-11-09 07:00:00,802.7,7,3,0,348.23,502.5466666666666,427.435,802.57
2023-11-09 08:00:00,802.57,8,3,0,802.7,651.1666666666666,502.1000000000001,823.7
2023-11-09 09:00:00,823.7,9,3,0,802.57,809.6566666666668,580.965,784.51
2023-11-09 10:00:00,784.51,10,3,0,823.7,803.5933333333332,653.07,805.26
2023-11-09 11:00:00,805.26,11,3,0,784.51,804.4899999999999,727.8283333333334,820.5
2023-11-09 12:00:00,820.5,12,3,0,805.26,803.4233333333333,806.5400000000001,807.67
2023-11-09 13:00:00,807.67,13,3,0,820.5,811.1433333333333,807.3683333333333,812.73
2023-11-09 14:00:00,812.73,14,3,0,807.67,813.6333333333333,809.0616666666666,607.5
2023-11-09 15:00:00,607.5,15,3,0,812.73,742.6333333333333,773.0283333333333,601.36
2023-11-09 16:00:00,601.36,16,3,0,607.5,673.8633333333333,742.5033333333332,588.76
2023-11-09 17:00:00,588.76,17,3,0,601.36,599.2066666666666,706.4200000000001,608.34
2023-11-09 18:00:00,608.34,18,3,0,588.76,599.4866666666667,671.0600000000001,600.49
2023-11-09 19:00:00,600.49,19,3,0,608.34,599.1966666666666,636.5300000000001,600.3
2023-11-09 20:00:00,600.3,20,3,0,600.49,603.0433333333334,601.125,352.71
2023-11-09 21:00:00,352.71,21,3,0,600.3,517.8333333333333,558.66,370.66
2023-11-09 22:00:00,370.66,22,3,0,352.71,441.2233333333333,520.2099999999999,375.94
2023-11-09 23:00:00,375.94,23,3,0,370.66,366.43666666666667,484.74,358.44
2023-11-10 00:00:00,358.44,0,4,0,375.94,368.34666666666664,443.09,352.98
2023-11-10 01:00:00,352.98,1,4,0,358.44,362.4533333333333,401.83833333333337,347.28
2023-11-10 02:00:00,347.28,2,4,0,352.98,352.8999999999999,359.66833333333335,360.45
2023-11-10 03:00:00,360.45,3,4,0,347.28,353.56999999999994,360.9583333333333,370.96
2023-11-10 04:00:00,370.96,4,4,0,360.45,359.5633333333333,361.0083333333334,354.72
2023-11-10 05:00:00,354.72,5,4,0,370.96,362.0433333333333,357.47166666666664,337.67
2023-11-10 06:00:00,337.67,6,4,0,354.72,354.45,354.01,812.06
2023-11-10 07:00:00,812.06,7,4,0,337.67,501.4833333333333,430.5233333333333,814.58
2023-11-10 08:00:00,814.58,8,4,0,812.06,654.77,508.4066666666666,794.01
2023-11-10 09:00:00,794.01,9,4,0,814.58,806.8833333333332,580.6666666666666,808.11
2023-11-10 10:00:00,808.11,10,4,0,794.01,805.5666666666666,653.525,810.31
2023-11-10 11:00:00,810.31,11,4,0,808.11,804.1433333333333,729.4566666666666,806.11
2023-11-10 12:00:00,806.11,12,4,0,810.31,808.1766666666666,807.5300000000001,800.37
2023-11-10 13:00:00,800.37,13,4,0,806.11,805.5966666666667,805.5816666666666,814.83
2023-11-10 14:00:00,814.83,14,4,0,800.37,807.1033333333334,805.6233333333333,603.47
2023-11-10 15:00:00,603.47,15,4,0,814.83,739.5566666666667,773.8666666666667,594.82
2023-11-10 16:00:00,594.82,16,4,0,603.47,671.04,738.3183333333333,590.3
2023-11-10 17:00:00,590.3,17,4,0,594.82,596.1966666666667,701.65,616.79
2023-11-10 18:00:00,616.79,18,4,0,590.3,600.6366666666667,670.0966666666667,611.63
2023-11-10 19:00:00,611.63,19,4,0,616.79,606.2399999999999,638.64,607.4
2023-11-10 20:00:00,607.4,20,4,0,611.63,611.9399999999999,604.0683333333333,353.18
2023-11-10 21:00:00,353.18,21,4,0,607.4,524.0699999999999,562.3533333333334,352.47
2023-11-10 22:00:00,352.47,22,4,0,353.18,437.68333333333334,521.9616666666667,348.09
2023-11-10 23:00:00,348.09,23,4,0,352.47,351.2466666666666,481.5933333333334,300.0
2023-11-11 00:00:00,300.0,0,5,1,348.09,333.5199999999999,428.7950000000001,300.0
2023-11-11 01:00:00,300.0,1,5,1,300.0,316.03,376.85666666666674,300.0
2023-11-11 02:00:00,300.0,2,5,1,300.0,300.0,325.62333333333333,300.0
2023-11-11 03:00:00,300.0,3,5,1,300.0,300.0,316.76,300.0
2023-11-11 04:00:00,300.0,4,5,1,300.0,300.0,308.015,300.0
2023-11-11 05:00:00,300.0,5,5,1,300.0,300.0,300.0,300.0
2023-11-11 06:00:00,300.0,6,5,1,300.0,300.0,300.0,737.49
2023-11-11 07:00:00,737.49,7,5,1,300.0,445.8299999999999,372.91499999999996,735.16
2023-11-11 08:00:00,735.16,8,5,1,737.49,590.8833333333333,445.44166666666666,730.46
2023-11-11 09:00:00,730.46,9,5,1,735.16,734.3699999999999,517.1850000000001,726.79
2023-11-11 10:00:00,726.79,10,5,1,730.46,730.8033333333333,588.3166666666667,718.85
2023-11-11 11:00:00,718.85,11,5,1,726.79,725.3666666666667,658.125,732.62
2023-11-11 12:00:00,732.62,12,5,1,718.85,726.0866666666667,730.2283333333334,740.14
2023-11-11 13:00:00,740.14,13,5,1,732.62,730.5366666666667,730.6700000000001,729.44
2023-11-11 14:00:00,729.44,14,5,1,740.14,734.0666666666666,729.7166666666667,542.04
2023-11-11 15:00:00,542.04,15,5,1,729.44,670.54,698.3133333333334,514.49
2023-11-11 16:00:00,514.49,16,5,1,542.04,595.3233333333333,662.93,517.47
2023-11-11 17:00:00,517.47,17,5,1,514.49,524.6666666666666,629.3666666666667,533.54
2023-11-11 18:00:00,533.54,18,5,1,517.47,521.8333333333334,596.1866666666666,528.81
2023-11-11 19:00:00,528.81,19,5,1,533.54,526.6066666666666,560.965,537.21
2023-11-11 20:00:00,537.21,20,5,1,528.81,533.1866666666666,528.9266666666667,300.0
2023-11-11 21:00:00,300.0,21,5,1,537.21,455.34,488.58666666666676,300.0
2023-11-11 22:00:00,300.0,22,5,1,300.0,379.07,452.8383333333333,300.0
2023-11-11 23:00:00,300.0,23,5,1,300.0,300.0,416.59333333333325,300.0
2023-11-12 00:00:00,300.0,0,6,1,300.0,300.0,377.67,300.0
2023-11-12 01:00:00,300.0,1,6,1,300.0,300.0,339.535,300.0
2023-11-12 02:00:00,300.0,2,6,1,300.0,300.0,300.0,300.0
2023-11-12 03:00:00,300.0,3,6,1,300.0,300.0,300.0,300.0
2023-11-12 04:00:00,300.0,4,6,1,300.0,300.0,300.0,300.0
2023-11-12 05:00:00,300.0,5,6,1,300.0,300.0,300.0,300.0
2023-11-12 06:00:00,300.0,6,6,1,300.0,300.0,300.0,716.9
2023-11-12 07:00:00,716.9,7,6,1,300.0,438.96666666666664,369.48333333333335,736.11
2023-11-12 08:00:00,736.11,8,6,1,716.9,584.3366666666666,442.16833333333335,722.03
2023-11-12 09:00:00,722.03,9,6,1,736.11,725.0133333333333,512.5066666666667,718.01
2023-11-12 10:00:00,718.01,10,6,1,722.03,725.3833333333332,582.1750000000001,726.94
2023-11-12 11:00:00,726.94,11,6,1,718.01,722.3266666666667,653.3316666666666,721.58
2023-11-12 12:00:00,721.58,12,6,1,726.94,722.1766666666666,723.5949999999999,738.57
2023-11-12 13:00:00,738.57,13,6,1,721.58,729.0300000000001,727.2066666666666,720.82
2023-11-12 14:00:00,720.82,14,6,1,738.57,726.9900000000001,724.6583333333334,515.5
2023-11-12 15:00:00,515.5,15,6,1,720.82,658.2966666666667,690.2366666666667,509.48
2023-11-12 16:00:00,509.48,16,6,1,515.5,581.9333333333333,655.4816666666667,526.45
2023-11-12 17:00:00,526.45,17,6,1,509.48,517.1433333333333,622.0666666666667,522.2
2023-11-12 18:00:00,522.2,18,6,1,526.45,519.3766666666667,588.8366666666667,515.27
2023-11-12 19:00:00,515.27,19,6,1,522.2,521.3066666666667,551.62,536.21
2023-11-12 20:00:00,536.21,20,6,1,515.27,524.56,520.8516666666667,300.0
2023-11-12 21:00:00,300.0,21,6,1,536.21,450.49333333333334,484.935,300.0
2023-11-12 22:00:00,300.0,22,6,1,300.0,378.7366666666667,450.0216666666667,300.0
2023-11-12 23:00:00,300.0,23,6,1,300.0,300.0,412.28,362.0
2023-11-13 00:00:00,362.0,0,0,0,300.0,320.66666666666663,385.58,350.12
2023-11-13 01:00:00,350.12,1,0,0,362.0,337.3733333333333,358.055,348.38
2023-11-13 02:00:00,348.38,2,0,0,350.12,353.5,326.75,363.24
2023-11-13 03:00:00,363.24,3,0,0,348.38,353.91333333333324,337.29,359.87
2023-11-13 04:00:00,359.87,4,0,0,363.24,357.16333333333324,347.2683333333334,358.06
2023-11-13 05:00:00,358.06,5,0,0,359.87,360.38999999999993,356.945,349.93
2023-11-13 06:00:00,349.93,6,0,0,358.06,355.9533333333333,354.9333333333334,811.56
2023-11-13 07:00:00,811.56,7,0,0,349.93,506.5166666666666,431.84,800.65
2023-11-13 08:00:00,800.65,8,0,0,811.56,654.0466666666666,507.2183333333333,805.88
2023-11-13 09:00:00,805.88,9,0,0,800.65,806.0299999999999,580.9916666666667,818.27
2023-11-13 10:00:00,818.27,10,0,0,805.88,808.2666666666665,657.3916666666668,801.41
2023-11-13 11:00:00,801.41,11,0,0,818.27,808.5199999999999,731.2833333333333,794.11
2023-11-13 12:00:00,794.11,12,0,0,801.41,804.5966666666667,805.3133333333334,798.28
2023-11-13 13:00:00,798.28,13,0,0,794.11,797.9333333333333,803.1,814.65
2023-11-13 14:00:00,814.65,14,0,0,798.28,802.3466666666667,805.4333333333333,608.74
2023-11-13 15:00:00,608.74,15,0,0,814.65,740.5566666666667,772.5766666666667,605.67
2023-11-13 16:00:00,605.67,16,0,0,608.74,676.3533333333334,737.1433333333334,602.63
2023-11-13 17:00:00,602.63,17,0,0,605.67,605.68,704.0133333333333,610.58
2023-11-13 18:00:00,610.58,18,0,0,602.63,606.2933333333332,673.4250000000001,599.91
2023-11-13 19:00:00,599.91,19,0,0,610.58,604.3733333333333,640.3633333333333,609.14
2023-11-13 20:00:00,609.14,20,0,0,599.91,606.5433333333332,606.1116666666667,350.85
2023-11-13 21:00:00,350.85,21,0,0,609.14,519.9666666666666,563.13,349.52
2023-11-13 22:00:00,349.52,22,0,0,350.85,436.5033333333333,520.4383333333334,351.6
2023-11-13 23:00:00,351.6,23,0,0,349.52,350.6566666666666,478.59999999999997,353.7
2023-11-14 00:00:00,353.7,0,1,0,351.6,351.6066666666666,435.78666666666663,356.31
2023-11-14 01:00:00,356.31,1,1,0,353.7,353.86999999999995,395.18666666666667,358.58
2023-11-14 02:00:00,358.58,2,1,0,356.31,356.19666666666666,353.4266666666667,327.19
2023-11-14 03:00:00,327.19,3,1,0,358.58,347.35999999999996,349.48333333333335,350.24
2023-11-14 04:00:00,350.24,4,1,0,327.19,345.3366666666666,349.6033333333333,353.57
2023-11-14 05:00:00,353.57,5,1,0,350.24,343.6666666666667,349.9316666666667,368.74
2023-11-14 06:00:00,368.74,6,1,0,353.57,357.51666666666665,352.43833333333333,798.06
2023-11-14 07:00:00,798.06,7,1,0,368.74,506.78999999999996,426.06333333333333,808.0
2023-11-14 08:00:00,808.0,8,1,0,798.06,658.2666666666667,500.9666666666667,818.66
2023-11-14 09:00:00,818.66,9,1,0,808.0,808.2399999999999,582.8783333333333,796.19
2023-11-14 10:00:00,796.19,10,1,0,818.66,807.6166666666667,657.2033333333333,809.85
2023-11-14 11:00:00,809.85,11,1,0,796.19,808.2333333333332,733.25,800.28
2023-11-14 12:00:00,800.28,12,1,0,809.85,802.1066666666667,805.1733333333333,802.66
2023-11-14 13:00:00,802.66,13,1,0,800.28,804.2633333333333,805.94,800.27
2023-11-14 14:00:00,800.27,14,1,0,802.66,801.07,804.6516666666666,600.84
2023-11-14 15:00:00,600.84,15,1,0,800.27,734.59,768.3483333333334,628.47
2023-11-14 16:00:00,628.47,16,1,0,600.84,676.5266666666668,740.395,613.45
2023-11-14 17:00:00,613.45,17,1,0,628.47,614.2533333333333,707.6616666666667,615.51
2023-11-14 18:00:00,615.51,18,1,0,613.45,619.1433333333333,676.8666666666667,610.63
2023-11-14 19:00:00,610.63,19,1,0,615.51,613.1966666666667,644.8616666666667,593.85
2023-11-14 20:00:00,593.85,20,1,0,610.63,606.6633333333333,610.4583333333334,359.86
2023-11-14 21:00:00,359.86,21,1,0,593.85,521.4466666666667,570.295,365.28
2023-11-14 22:00:00,365.28,22,1,0,359.86,439.66333333333336,526.43,349.87
2023-11-14 23:00:00,349.87,23,1,0,365.28,358.33666666666664,482.5,364.42
2023-11-15 00:00:00,364.42,0,2,0,349.87,359.8566666666666,440.65166666666664,362.33
2023-11-15 01:00:00,362.33,1,2,0,364.42,358.8733333333333,399.26833333333326,371.52
2023-11-15 02:00:00,371.52,2,2,0,362.33,366.09,362.2133333333333,353.36
2023-11-15 03:00:00,353.36,3,2,0,371.52,362.40333333333336,361.12999999999994,347.92
2023-11-15 04:00:00,347.92,4,2,0,353.36,357.59999999999997,358.2366666666667,353.81
2023-11-15 05:00:00,353.81,5,2,0,347.92,351.6966666666667,358.8933333333334,368.18
2023-11-15 06:00:00,368.18,6,2,0,353.81,356.6366666666667,359.52,792.07
2023-11-15 07:00:00,792.07,7,2,0,368.18,504.68666666666667,431.1433333333334,790.15
2023-11-15 08:00:00,790.15,8,2,0,792.07,650.1333333333333,500.915,807.41
2023-11-15 09:00:00,807.41,9,2,0,790.15,796.5433333333334,576.59,803.16
2023-11-15 10:00:00,803.16,10,2,0,807.41,800.2399999999999,652.4633333333333,806.76
2023-11-15 11:00:00,806.76,11,2,0,803.16,805.7766666666666,727.9549999999999,814.26
2023-11-15 12:00:00,814.26,12,2,0,806.76,808.06,802.3016666666667,802.28
2023-11-15 13:00:00,802.28,13,2,0,814.26,807.7666666666668,804.0033333333332,791.71
2023-11-15 14:00:00,791.71,14,2,0,802.28,802.75,804.2633333333333,623.05
2023-11-15 15:00:00,623.05,15,2,0,791.71,739.0133333333333,773.5366666666667,598.72
2023-11-15 16:00:00,598.72,16,2,0,623.05,671.16,739.4633333333333,598.23
2023-11-15 17:00:00,598.23,17,2,0,598.72,606.6666666666666,704.7083333333334,615.53
2023-11-15 18:00:00,615.53,18,2,0,598.23,604.16,671.5866666666667,603.62
2023-11-15 19:00:00,603.62,19,2,0,615.53,605.7933333333333,638.4766666666666,606.19
2023-11-15 20:00:00,606.19,20,2,0,603.62,608.4466666666667,607.5566666666667,360.56
2023-11-15 21:00:00,360.56,21,2,0,606.19,523.4566666666666,563.8083333333334,365.37
2023-11-15 22:00:00,365.37,22,2,0,360.56,444.04,524.9166666666666,354.03
2023-11-15 23:00:00,354.03,23,2,0,365.37,359.9866666666667,484.21666666666664,368.86
2023-11-16 00:00:00,368.86,0,3,0,354.03,362.75333333333333,443.105,339.61
2023-11-16 01:00:00,339.61,1,3,0,368.86,354.1666666666667,399.1033333333334,362.78
2023-11-16 02:00:00,362.78,2,3,0,339.61,357.0833333333333,358.535,349.98
2023-11-16 03:00:00,349.98,3,3,0,362.78,350.79,356.7716666666667,367.68
2023-11-16 04:00:00,367.68,4,3,0,349.98,360.1466666666667,357.1566666666667,357.84
2023-11-16 05:00:00,357.84,5,3,0,367.68,358.5,357.7916666666667,351.32
2023-11-16 06:00:00,351.32,6,3,0,357.84,358.94666666666666,354.86833333333334,812.0
2023-11-16 07:00:00,812.0,7,3,0,351.32,507.0533333333333,433.59999999999997,813.84
2023-11-16 08:00:00,813.84,8,3,0,812.0,659.0533333333334,508.7766666666667,811.83
2023-11-16 09:00:00,811.83,9,3,0,813.84,812.5566666666667,585.7516666666667,798.46
2023-11-16 10:00:00,798.46,10,3,0,811.83,808.0433333333334,657.5483333333333,802.83
2023-11-16 11:00:00,802.83,11,3,0,798.46,804.3733333333333,731.7133333333335,806.67
2023-11-16 12:00:00,806.67,12,3,0,802.83,802.6533333333333,807.605,806.37
2023-11-16 13:00:00,806.37,13,3,0,806.67,805.29,806.6666666666666,812.7
2023-11-16 14:00:00,812.7,14,3,0,806.37,808.5799999999999,806.4766666666666,590.58
2023-11-16 15:00:00,590.58,15,3,0,812.7,736.5500000000001,769.6016666666668,609.37
2023-11-16 16:00:00,609.37,16,3,0,590.58,670.8833333333333,738.0866666666667,604.38
2023-11-16 17:00:00,604.38,17,3,0,609.37,601.4433333333333,705.0116666666667,599.99
2023-11-16 18:00:00,599.99,18,3,0,604.38,604.58,670.565,600.76
2023-11-16 19:00:00,600.76,19,3,0,599.99,601.71,636.2966666666667,604.98
2023-11-16 20:00:00,604.98,20,3,0,600.76,601.91,601.6766666666666,327.89
2023-11-16 21:00:00,327.89,21,3,0,604.98,511.21000000000004,557.895,351.09
2023-11-16 22:00:00,351.09,22,3,0,327.89,427.9866666666667,514.8483333333334,349.69
2023-11-16 23:00:00,349.69,23,3,0,351.09,342.89000000000004,472.40000000000003,360.96
2023-11-17 00:00:00,360.96,0,4,0,349.69,353.91333333333336,432.56166666666667,350.25
2023-11-17 01:00:00,350.25,1,4,0,360.96,353.6333333333334,390.81,354.98
2023-11-17 02:00:00,354.98,2,4,0,350.25,355.3966666666667,349.1433333333334,369.04
2023-11-17 03:00:00,369.04,3,4,0,354.98,358.09,356.0016666666667,364.65
2023-11-17 04:00:00,364.65,4,4,0,369.04,362.89000000000004,358.2616666666666,363.92
2023-11-17 05:00:00,363.92,5,4,0,364.65,365.86999999999995,360.63333333333327,352.7
2023-11-17 06:00:00,352.7,6,4,0,363.92,360.42333333333335,359.25666666666666,811.04
2023-11-17 07:00:00,811.04,7,4,0,352.7,509.21999999999997,436.055,804.83
2023-11-17 08:00:00,804.83,8,4,0,811.04,656.1899999999999,511.03000000000003,805.13
2023-11-17 09:00:00,805.13,9,4,0,804.83,807.0,583.7116666666667,809.98
2023-11-17 10:00:00,809.98,10,4,0,805.13,806.6466666666666,657.9333333333333,801.92
2023-11-17 11:00:00,801.92,11,4,0,809.98,805.6766666666666,730.9333333333334,818.64
2023-11-17 12:00:00,818.64,12,4,0,801.92,810.18,808.59,805.42
2023-11-17 13:00:00,805.42,13,4,0,818.64,808.6599999999999,807.6533333333333,811.65
2023-11-17 14:00:00,811.65,14,4,0,805.42,811.9033333333333,808.79,618.34
2023-11-17 15:00:00,618.34,15,4,0,811.65,745.1366666666667,777.6583333333333,614.95
2023-11-17 16:00:00,614.95,16,4,0,618.34,681.6466666666666,745.1533333333333,595.43
2023-11-17 17:00:00,595.43,17,4,0,614.95,609.5733333333333,710.7383333333333,610.26
2023-11-17 18:00:00,610.26,18,4,0,595.43,606.88,676.0083333333333,613.5
2023-11-17 19:00:00,613.5,19,4,0,610.26,606.3966666666666,644.0216666666666,613.83
2023-11-17 20:00:00,613.83,20,4,0,613.5,612.5300000000001,611.0516666666666,347.79
2023-11-17 21:00:00,347.79,21,4,0,613.83,525.04,565.96,351.44
2023-11-17 22:00:00,351.44,22,4,0,347.79,437.68666666666667,522.0416666666666,364.66
2023-11-17 23:00:00,364.66,23,4,0,351.44,354.63000000000005,483.58,300.0
2023-11-18 00:00:00,300.0,0,5,1,364.66,338.70000000000005,431.86999999999995,300.0
2023-11-18 01:00:00,300.0,1,5,1,300.0,321.55333333333334,379.61999999999995,300.0
2023-11-18 02:00:00,300.0,2,5,1,300.0,300.0,327.315,300.0
2023-11-18 03:00:00,300.0,3,5,1,300.0,300.0,319.35,300.0
2023-11-18 04:00:00,300.0,4,5,1,300.0,300.0,310.7766666666667,300.0
2023-11-18 05:00:00,300.0,5,5,1,300.0,300.0,300.0,300.0
2023-11-18 06:00:00,300.0,6,5,1,300.0,300.0,300.0,716.03
2023-11-18 07:00:00,716.03,7,5,1,300.0,438.6766666666667,369.3383333333333,724.72
2023-11-18 08:00:00,724.72,8,5,1,716.03,580.25,440.125,729.36
2023-11-18 09:00:00,729.36,9,5,1,724.72,723.37,511.685,737.09
2023-11-18 10:00:00,737.09,10,5,1,729.36,730.39,584.5333333333333,732.04
2023-11-18 11:00:00,732.04,11,5,1,737.09,732.8299999999999,656.54,720.99
2023-11-18 12:00:00,720.99,12,5,1,732.04,730.04,726.7049999999999,736.13
2023-11-18 13:00:00,736.13,13,5,1,720.99,729.7199999999999,730.055,724.3
2023-11-18 14:00:00,724.3,14,5,1,736.13,727.14,729.985,516.81
2023-11-18 15:00:00,516.81,15,5,1,724.3,659.0799999999999,694.56,525.32
2023-11-18 16:00:00,525.32,16,5,1,516.81,588.81,659.265,538.2
2023-11-18 17:00:00,538.2,17,5,1,525.32,526.7766666666668,626.9583333333334,528.02
2023-11-18 18:00:00,528.02,18,5,1,538.2,530.5133333333333,594.7966666666666,526.8
2023-11-18 19:00:00,526.8,19,5,1,528.02,531.0066666666667,559.9083333333333,539.8
2023-11-18 20:00:00,539.8,20,5,1,526.8,531.54,529.1583333333333,300.0
2023-11-18 21:00:00,300.0,21,5,1,539.8,455.5333333333333,493.02333333333337,300.0
2023-11-18 22:00:00,300.0,22,5,1,300.0,379.93333333333334,455.46999999999997,300.0
2023-11-18 23:00:00,300.0,23,5,1,300.0,300.0,415.77,300.0
2023-11-19 00:00:00,300.0,0,6,1,300.0,300.0,377.76666666666665,300.0
2023-11-19 01:00:00,300.0,1,6,1,300.0,300.0,339.96666666666664,300.0
2023-11-19 02:00:00,300.0,2,6,1,300.0,300.0,300.0,300.0
2023-11-19 03:00:00,300.0,3,6,1,300.0,300.0,300.0,300.0
2023-11-19 04:00:00,300.0,4,6,1,300.0,300.0,300.0,300.0
2023-11-19 05:00:00,300.0,5,6,1,300.0,300.0,300.0,300.0
2023-11-19 06:00:00,300.0,6,6,1,300.0,300.0,300.0,713.32
2023-11-19 07:00:00,713.32,7,6,1,300.0,437.77333333333337,368.8866666666667,748.38
2023-11-19 08:00:00,748.38,8,6,1,713.32,587.2333333333333,443.6166666666666,730.86
2023-11-19 09:00:00,730.86,9,6,1,748.38,730.8533333333334,515.4266666666666,728.38
2023-11-19 10:00:00,728.38,10,6,1,730.86,735.8733333333333,586.8233333333334,731.62
2023-11-19 11:00:00,731.62,11,6,1,728.38,730.2866666666667,658.76,732.37
2023-11-19 12:00:00,732.37,12,6,1,731.62,730.79,730.8216666666667,725.57
2023-11-19 13:00:00,725.57,13,6,1,732.37,729.8533333333334,732.8633333333333,721.65
2023-11-19 14:00:00,721.65,14,6,1,725.57,726.5300000000001,728.4083333333333,531.49
2023-11-19 15:00:00,531.49,15,6,1,721.65,659.57,695.18,529.78
2023-11-19 16:00:00,529.78,16,6,1,531.49,594.3066666666666,662.08,520.22
2023-11-19 17:00:00,520.22,17,6,1,529.78,527.1633333333333,626.8466666666667,538.05
2023-11-19 18:00:00,538.05,18,6,1,520.22,529.35,594.46,529.05
2023-11-19 19:00:00,529.05,19,6,1,538.05,529.1066666666667,561.7066666666666,532.54
2023-11-19 20:00:00,532.54,20,6,1,529.05,533.2133333333333,530.1883333333334,300.0
2023-11-19 21:00:00,300.0,21,6,1,532.54,453.8633333333333,491.60666666666674,300.0
2023-11-19 22:00:00,300.0,22,6,1,300.0,377.5133333333333,453.30999999999995,300.0
2023-11-19 23:00:00,300.0,23,6,1,300.0,300.0,416.60666666666657,363.18
2023-11-20 00:00:00,363.18,0,0,0,300.0,321.06,387.46166666666664,350.9
2023-11-20 01:00:00,350.9,1,0,0,363.18,338.02666666666664,357.77,357.13
2023-11-20 02:00:00,357.13,2,0,0,350.9,357.07,328.535,357.7
2023-11-20 03:00:00,357.7,3,0,0,357.13,355.24333333333334,338.15166666666664,349.05
2023-11-20 04:00:00,349.05,4,0,0,357.7,354.6266666666667,346.32666666666665,375.24
2023-11-20 05:00:00,375.24,5,0,0,349.05,360.66333333333336,358.8666666666666,345.44
2023-11-20 06:00:00,345.44,6,0,0,375.24,356.57666666666665,355.91,796.31
2023-11-20 07:00:00,796.31,7,0,0,345.44,505.66333333333336,430.145,817.21
2023-11-20 08:00:00,817.21,8,0,0,796.31,652.9866666666667,506.825,812.4
2023-11-20 09:00:00,812.4,9,0,0,817.21,808.64,582.6083333333333,798.49
2023-11-20 10:00:00,798.49,10,0,0,812.4,809.3666666666667,657.515,811.56
2023-11-20 11:00:00,811.56,11,0,0,798.49,807.4833333333332,730.235,818.44
2023-11-20 12:00:00,818.44,12,0,0,811.56,809.4966666666666,809.0683333333333,806.46
2023-11-20 13:00:00,806.46,13,0,0,818.44,812.1533333333333,810.7600000000001,827.49
2023-11-20 14:00:00,827.49,14,0,0,806.46,817.4633333333335,812.4733333333334,592.91
2023-11-20 15:00:00,592.91,15,0,0,827.49,742.2866666666667,775.8916666666668,612.25
2023-11-20 16:00:00,612.25,16,0,0,592.91,677.5500000000001,744.8516666666668,616.03
2023-11-20 17:00:00,616.03,17,0,0,612.25,607.0633333333333,712.2633333333333,613.83
2023-11-20 18:00:00,613.83,18,0,0,616.03,614.0366666666667,678.1616666666667,605.06
2023-11-20 19:00:00,605.06,19,0,0,613.83,611.64,644.595,604.38
2023-11-20 20:00:00,604.38,20,0,0,605.06,607.7566666666667,607.41,360.25
2023-11-20 21:00:00,360.25,21,0,0,604.38,523.23,568.6333333333333,363.22
2023-11-20 22:00:00,363.22,22,0,0,360.25,442.6166666666666,527.1283333333333,361.52
2023-11-20 23:00:00,361.52,23,0,0,363.22,361.66333333333336,484.71,365.02
2023-11-21 00:00:00,365.02,0,1,0,361.52,363.25333333333333,443.2416666666666,348.55
2023-11-21 01:00:00,348.55,1,1,0,365.02,358.3633333333333,400.49,354.88
2023-11-21 02:00:00,354.88,2,1,0,348.55,356.15000000000003,358.9066666666667,349.18
2023-11-21 03:00:00,349.18,3,1,0,354.88,350.87000000000006,357.06166666666667,353.61
2023-11-21 04:00:00,353.61,4,1,0,349.18,352.5566666666667,355.46000000000004,364.82
2023-11-21 05:00:00,364.82,5,1,0,353.61,355.86999999999995,356.01,357.56
2023-11-21 06:00:00,357.56,6,1,0,364.82,358.66333333333336,354.7666666666667,827.55
2023-11-21 07:00:00,827.55,7,1,0,357.56,516.6433333333333,434.59999999999997,808.25
2023-11-21 08:00:00,808.25,8,1,0,827.55,664.4533333333334,510.16166666666663,807.18
2023-11-21 09:00:00,807.18,9,1,0,808.25,814.3266666666667,586.495,807.55
2023-11-21 10:00:00,807.55,10,1,0,807.18,807.6599999999999,662.1516666666666,801.6
2023-11-21 11:00:00,801.6,11,1,0,807.55,805.4433333333333,734.9483333333334,806.24
2023-11-21 12:00:00,806.24,12,1,0,801.6,805.13,809.7283333333334,815.72
2023-11-21 13:00:00,815.72,13,1,0,806.24,807.8533333333334,807.7566666666667,807.61
2023-11-21 14:00:00,807.61,14,1,0,815.72,809.8566666666667,807.65,600.35
2023-11-21 15:00:00,600.35,15,1,0,807.61,741.2266666666666,773.1783333333333,599.3
2023-11-21 16:00:00,599.3,16,1,0,600.35,669.0866666666667,738.4699999999999,603.1
2023-11-21 17:00:00,603.1,17,1,0,599.3,600.9166666666666,705.3866666666667,607.29
2023-11-21 18:00:00,607.29,18,1,0,603.1,603.23,672.2283333333334,616.25
2023-11-21 19:00:00,616.25,19,1,0,607.29,608.88,638.9833333333333,595.97
2023-11-21 20:00:00,595.97,20,1,0,616.25,606.5033333333333,603.7099999999999,354.14
2023-11-21 21:00:00,354.14,21,1,0,595.97,522.12,562.6750000000001,357.85
2023-11-21 22:00:00,357.85,22,1,0,354.14,435.9866666666667,522.4333333333333,342.03
2023-11-21 23:00:00,342.03,23,1,0,357.85,351.34,478.9216666666666,350.03
2023-11-22 00:00:00,350.03,0,2,0,342.03,349.96999999999997,436.045,351.26
2023-11-22 01:00:00,351.26,1,2,0,350.03,347.7733333333333,391.87999999999994,350.33
2023-11-22 02:00:00,350.33,2,2,0,351.26,350.53999999999996,350.94,358.23
2023-11-22 03:00:00,358.23,3,2,0,350.33,353.2733333333333,351.62166666666667,355.41
2023-11-22 04:00:00,355.41,4,2,0,358.23,354.6566666666667,351.215,352.26
2023-11-22 05:00:00,352.26,5,2,0,355.41,355.3,352.92,360.12
2023-11-22 06:00:00,360.12,6,2,0,352.26,355.93,354.6016666666667,820.48
2023-11-22 07:00:00,820.48,7,2,0,360.12,510.9533333333334,432.805,819.81
2023-11-22 08:00:00,819.81,8,2,0,820.48,666.8033333333333,511.0516666666667,791.32
2023-11-22 09:00:00,791.32,9,2,0,819.81,810.5366666666667,583.2333333333333,811.32
2023-11-22 10:00:00,811.32,10,2,0,791.32,807.4833333333335,659.2183333333334,805.27
2023-11-22 11:00:00,805.27,11,2,0,811.32,802.6366666666668,734.7199999999999,807.94
2023-11-22 12:00:00,807.94,12,2,0,805.27,808.1766666666667,809.3566666666667,803.51
2023-11-22 13:00:00,803.51,13,2,0,807.94,805.5733333333333,806.5283333333333,807.64
2023-11-22 14:00:00,807.64,14,2,0,803.51,806.3633333333333,804.5,607.91
2023-11-22 15:00:00,607.91,15,2,0,807.64,739.6866666666666,773.9316666666667,602.07
2023-11-22 16:00:00,602.07,16,2,0,607.91,672.5400000000001,739.0566666666667,599.53
2023-11-22 17:00:00,599.53,17,2,0,602.07,603.17,704.7666666666665,603.11
2023-11-22 18:00:00,603.11,18,2,0,599.53,601.57,670.6283333333334,608.57
2023-11-22 19:00:00,608.57,19,2,0,603.11,603.7366666666667,638.1383333333333,611.49
2023-11-22 20:00:00,611.49,20,2,0,608.57,607.7233333333334,605.4466666666667,363.53
2023-11-22 21:00:00,363.53,21,2,0,611.49,527.8633333333333,564.7166666666667,352.75
2023-11-22 22:00:00,352.75,22,2,0,363.53,442.59,523.1633333333333,358.97
2023-11-22 23:00:00,358.97,23,2,0,352.75,358.4166666666667,483.07,364.4
2023-11-23 00:00:00,364.4,0,3,0,358.97,358.70666666666665,443.285,366.02
2023-11-23 01:00:00,366.02,1,3,0,364.4,363.12999999999994,402.85999999999996,356.23
2023-11-23 02:00:00,356.23,2,3,0,366.02,362.2166666666667,360.3166666666666,354.93
2023-11-23 03:00:00,354.93,3,3,0,356.23,359.06,358.8833333333334,358.23
2023-11-23 04:00:00,358.23,4,3,0,354.93,356.46333333333337,359.7966666666667,347.5
2023-11-23 05:00:00,347.5,5,3,0,358.23,353.55333333333334,357.885,355.15
2023-11-23 06:00:00,355.15,6,3,0,347.5,353.6266666666666,356.3433333333333,812.66
2023-11-23 07:00:00,812.66,7,3,0,355.15,505.1033333333333,430.7833333333333,811.83
2023-11-23 08:00:00,811.83,8,3,0,812.66,659.88,506.7166666666667,804.54
2023-11-23 09:00:00,804.54,9,3,0,811.83,809.6766666666667,581.6516666666668,808.44
2023-11-23 10:00:00,808.44,10,3,0,804.54,808.27,656.6866666666667,800.1
2023-11-23 11:00:00,800.1,11,3,0,808.44,804.36,732.12,812.33
2023-11-23 12:00:00,812.33,12,3,0,800.1,806.9566666666668,808.3166666666667,806.08
2023-11-23 13:00:00,806.08,13,3,0,812.33,806.1700000000001,807.2200000000001,804.49
2023-11-23 14:00:00,804.49,14,3,0,806.08,807.6333333333333,805.9966666666666,603.8
2023-11-23 15:00:00,603.8,15,3,0,804.49,738.1233333333333,772.54,606.2
2023-11-23 16:00:00,606.2,16,3,0,603.8,671.4966666666667,738.8333333333334,603.12
2023-11-23 17:00:00,603.12,17,3,0,606.2,604.3733333333333,706.0033333333334,611.96
2023-11-23 18:00:00,611.96,18,3,0,603.12,607.0933333333334,672.6083333333333,603.54
2023-11-23 19:00:00,603.54,19,3,0,611.96,606.2066666666666,638.8516666666666,619.44
2023-11-23 20:00:00,619.44,20,3,0,603.54,611.6466666666666,608.01,368.42
2023-11-23 21:00:00,368.42,21,3,0,619.44,530.4666666666667,568.7800000000001,349.57
2023-11-23 22:00:00,349.57,22,3,0,368.42,445.81,526.0083333333333,357.26
2023-11-23 23:00:00,357.26,23,3,0,349.57,358.4166666666667,485.0316666666667,351.49
2023-11-24 00:00:00,351.49,0,4,0,357.26,352.7733333333333,441.62000000000006,354.09
2023-11-24 01:00:00,354.09,1,4,0,351.49,354.28,400.045,372.72
2023-11-24 02:00:00,372.72,2,4,0,354.09,359.43333333333334,358.925,354.24
2023-11-24 03:00:00,354.24,3,4,0,372.72,360.34999999999997,356.56166666666667,359.58
2023-11-24 04:00:00,359.58,4,4,0,354.24,362.18,358.23,361.03
2023-11-24 05:00:00,361.03,5,4,0,359.58,358.2833333333333,358.85833333333335,348.69
2023-11-24 06:00:00,348.69,6,4,0,361.03,356.43333333333334,358.39166666666665,799.86
2023-11-24 07:00:00,799.86,7,4,0,348.69,503.1933333333333,432.68666666666667,797.05
2023-11-24 08:00:00,797.05,8,4,0,799.86,648.5333333333333,503.4083333333333,799.61
2023-11-24 09:00:00,799.61,9,4,0,797.05,798.84,577.6366666666667,783.9
2023-11-24 10:00:00,783.9,10,4,0,799.61,793.52,648.3566666666667,811.06
2023-11-24 11:00:00,811.06,11,4,0,783.9,798.19,723.3616666666667,823.13
2023-11-24 12:00:00,823.13,12,4,0,811.06,806.0300000000001,802.435,807.88
2023-11-24 13:00:00,807.88,13,4,0,823.13,814.0233333333334,803.7716666666666,795.37
2023-11-24 14:00:00,795.37,14,4,0,807.88,808.7933333333334,803.4916666666667,601.56
2023-11-24 15:00:00,601.56,15,4,0,795.37,734.9366666666666,770.4833333333332,603.03
2023-11-24 16:00:00,603.03,16,4,0,601.56,666.6533333333333,740.3383333333333,598.56
2023-11-24 17:00:00,598.56,17,4,0,603.03,601.0500000000001,704.9216666666666,613.58
2023-11-24 18:00:00,613.58,18,4,0,598.56,605.0566666666667,669.9966666666666,613.18
2023-11-24 19:00:00,613.18,19,4,0,613.58,608.4399999999999,637.5466666666666,597.46
2023-11-24 20:00:00,597.46,20,4,0,613.18,608.0733333333334,604.5616666666666,362.5
2023-11-24 21:00:00,362.5,21,4,0,597.46,524.38,564.7183333333334,368.91
2023-11-24 22:00:00,368.91,22,4,0,362.5,442.9566666666667,525.6983333333334,371.92
2023-11-24 23:00:00,371.92,23,4,0,368.91,367.7766666666667,487.925,300.0
2023-11-25 00:00:00,300.0,0,5,1,371.92,346.9433333333334,435.6616666666667,300.0
2023-11-25 01:00:00,300.0,1,5,1,300.0,323.97333333333336,383.465,300.0
2023-11-25 02:00:00,300.0,2,5,1,300.0,300.0,333.8883333333333,300.0
2023-11-25 03:00:00,300.0,3,5,1,300.0,300.0,323.47166666666664,300.0
2023-11-25 04:00:00,300.0,4,5,1,300.0,300.0,311.9866666666667,300.0
2023-11-25 05:00:00,300.0,5,5,1,300.0,300.0,300.0,300.0
2023-11-25 06:00:00,300.0,6,5,1,300.0,300.0,300.0,729.89
2023-11-25 07:00:00,729.89,7,5,1,300.0,443.2966666666667,371.6483333333333,716.14
2023-11-25 08:00:00,716.14,8,5,1,729.89,582.0100000000001,441.00499999999994,724.79
2023-11-25 09:00:00,724.79,9,5,1,716.14,723.6066666666667,511.8033333333333,736.98
2023-11-25 10:00:00,736.98,10,5,1,724.79,725.9700000000001,584.6333333333333,726.24
2023-11-25 11:00:00,726.24,11,5,1,736.98,729.3366666666667,655.6733333333333,727.83
2023-11-25 12:00:00,727.83,12,5,1,726.24,730.35,726.9783333333334,730.5
2023-11-25 13:00:00,730.5,13,5,1,727.83,728.19,727.08,736.06
2023-11-25 14:00:00,736.06,14,5,1,730.5,731.4633333333335,730.4,513.46
2023-11-25 15:00:00,513.46,15,5,1,736.06,660.0066666666668,695.1783333333333,531.37
2023-11-25 16:00:00,531.37,16,5,1,513.46,593.63,660.91,524.55
2023-11-25 17:00:00,524.55,17,5,1,531.37,523.1266666666667,627.295,528.03
2023-11-25 18:00:00,528.03,18,5,1,524.55,527.9833333333332,593.995,535.18
2023-11-25 19:00:00,535.18,19,5,1,528.03,529.2533333333333,561.4416666666667,517.15
2023-11-25 20:00:00,517.15,20,5,1,535.18,526.7866666666667,524.9566666666666,300.0
2023-11-25 21:00:00,300.0,21,5,1,517.15,450.77666666666664,489.37999999999994,300.0
2023-11-25 22:00:00,300.0,22,5,1,300.0,372.3833333333334,450.8183333333333,300.0
2023-11-25 23:00:00,300.0,23,5,1,300.0,300.0,413.39333333333326,300.0
2023-11-26 00:00:00,300.0,0,6,1,300.0,300.0,375.3883333333333,300.0
2023-11-26 01:00:00,300.0,1,6,1,300.0,300.0,336.19166666666666,300.0
2023-11-26 02:00:00,300.0,2,6,1,300.0,300.0,300.0,300.0
2023-11-26 03:00:00,300.0,3,6,1,300.0,300.0,300.0,300.0
2023-11-26 04:00:00,300.0,4,6,1,300.0,300.0,300.0,300.0
2023-11-26 05:00:00,300.0,5,6,1,300.0,300.0,300.0,300.0
2023-11-26 06:00:00,300.0,6,6,1,300.0,300.0,300.0,717.31
2023-11-26 07:00:00,717.31,7,6,1,300.0,439.1033333333333,369.5516666666667,735.6
2023-11-26 08:00:00,735.6,8,6,1,717.31,584.3033333333334,442.15166666666664,726.13
2023-11-26 09:00:00,726.13,9,6,1,735.6,726.3466666666667,513.1733333333333,727.38
2023-11-26 10:00:00,727.38,10,6,1,726.13,729.7033333333334,584.4033333333333,724.47
2023-11-26 11:00:00,724.47,11,6,1,727.38,725.9933333333335,655.1483333333333,732.88
2023-11-26 12:00:00,732.88,12,6,1,724.47,728.2433333333333,727.2950000000001,732.96
2023-11-26 13:00:00,732.96,13,6,1,732.88,730.1033333333334,729.9033333333333,729.38
2023-11-26 14:00:00,729.38,14,6,1,732.96,731.7400000000001,728.8666666666667,531.22
2023-11-26 15:00:00,531.22,15,6,1,729.38,664.5200000000001,696.3816666666667,525.0
2023-11-26 16:00:00,525.0,16,6,1,531.22,595.2,662.6516666666666,531.04
2023-11-26 17:00:00,531.04,17,6,1,525.0,529.0866666666667,630.4133333333333,524.0
2023-11-26 18:00:00,524.0,18,6,1,531.04,526.68,595.6,526.72
2023-11-26 19:00:00,526.72,19,6,1,524.0,527.2533333333333,561.2266666666667,524.5
2023-11-26 20:00:00,524.5,20,6,1,526.72,525.0733333333334,527.08,300.0
2023-11-26 21:00:00,300.0,21,6,1,524.5,450.40666666666675,488.54333333333335,300.0
2023-11-26 22:00:00,300.0,22,6,1,300.0,374.8333333333333,451.04333333333335,300.0
2023-11-26 23:00:00,300.0,23,6,1,300.0,300.0,412.5366666666667,367.18
2023-11-27 00:00:00,367.18,0,0,0,300.0,322.3933333333334,386.40000000000003,366.07
2023-11-27 01:00:00,366.07,1,0,0,367.18,344.4166666666667,359.625,346.65
2023-11-27 02:00:00,346.65,2,0,0,366.07,359.9666666666667,329.9833333333333,367.01
2023-11-27 03:00:00,367.01,3,0,0,346.65,359.91,341.1516666666667,354.15
2023-11-27 04:00:00,354.15,4,0,0,367.01,355.93666666666667,350.1766666666667,361.5
2023-11-27 05:00:00,361.5,5,0,0,354.15,360.8866666666667,360.4266666666667,349.45
2023-11-27 06:00:00,349.45,6,0,0,361.5,355.03333333333336,357.47166666666664,807.83
2023-11-27 07:00:00,807.83,7,0,0,349.45,506.26000000000005,431.09833333333336,809.21
2023-11-27 08:00:00,809.21,8,0,0,807.83,655.4966666666668,508.1916666666668,794.82
2023-11-27 09:00:00,794.82,9,0,0,809.21,803.9533333333334,579.4933333333333,811.56
2023-11-27 10:00:00,811.56,10,0,0,794.82,805.1966666666667,655.7283333333334,817.47
2023-11-27 11:00:00,817.47,11,0,0,811.56,807.9500000000002,731.7233333333334,805.3
2023-11-27 12:00:00,805.3,12,0,0,817.47,811.4433333333333,807.6983333333334,817.58
2023-11-27 13:00:00,817.58,13,0,0,805.3,813.4499999999999,809.3233333333334,805.18
2023-11-27 14:00:00,805.18,14,0,0,817.58,809.3533333333335,808.6516666666666,613.5
2023-11-27 15:00:00,613.5,15,0,0,805.18,745.4200000000001,778.4316666666667,588.95
2023-11-27 16:00:00,588.95,16,0,0,613.5,669.21,741.33,626.05
2023-11-27 17:00:00,626.05,17,0,0,588.95,609.5000000000001,709.4266666666666,618.66
2023-11-27 18:00:00,618.66,18,0,0,626.05,611.2199999999999,678.32,604.42
2023-11-27 19:00:00,604.42,19,0,0,618.66,616.3766666666667,642.7933333333334,590.92
2023-11-27 20:00:00,590.92,20,0,0,604.42,604.6666666666666,607.0833333333334,359.0
2023-11-27 21:00:00,359.0,21,0,0,590.92,518.1133333333333,564.6666666666666,345.15
2023-11-27 22:00:00,345.15,22,0,0,359.0,431.69000000000005,524.0333333333333,360.26
2023-11-27 23:00:00,360.26,23,0,0,345.15,354.80333333333334,479.73499999999996,359.99
2023-11-28 00:00:00,359.99,0,1,0,360.26,355.1333333333334,436.6233333333333,349.17
2023-11-28 01:00:00,349.17,1,1,0,359.99,356.47333333333336,394.08166666666665,365.67
2023-11-28 02:00:00,365.67,2,1,0,349.17,358.2766666666667,356.53999999999996,363.14
2023-11-28 03:00:00,363.14,3,1,0,365.67,359.32666666666665,357.23,364.51
2023-11-28 04:00:00,364.51,4,1,0,363.14,364.44000000000005,360.45666666666665,356.77
2023-11-28 05:00:00,356.77,5,1,0,364.51,361.47333333333336,359.875,345.37
2023-11-28 06:00:00,345.37,6,1,0,356.77,355.55,357.43833333333333,814.52
2023-11-28 07:00:00,814.52,7,1,0,345.37,505.55333333333334,434.99666666666667,804.54
2023-11-28 08:00:00,804.54,8,1,0,814.52,654.8100000000001,508.14166666666665,795.58
2023-11-28 09:00:00,795.58,9,1,0,804.54,804.88,580.215,817.52
2023-11-28 10:00:00,817.52,10,1,0,795.58,805.88,655.7166666666666,823.49
2023-11-28 11:00:00,823.49,11,1,0,817.52,812.1966666666667,733.5033333333332,806.37
2023-11-28 12:00:00,806.37,12,1,0,823.49,815.7933333333334,810.3366666666667,823.97
2023-11-28 13:00:00,823.97,13,1,0,806.37,817.9433333333333,811.9116666666667,807.43
2023-11-28 14:00:00,807.43,14,1,0,823.97,812.59,812.3933333333333,603.66
2023-11-28 15:00:00,603.66,15,1,0,807.43,745.0200000000001,780.4066666666668,601.66
2023-11-28 16:00:00,601.66,16,1,0,603.66,670.9166666666666,744.43,619.8
2023-11-28 17:00:00,619.8,17,1,0,601.66,608.3733333333333,710.4816666666666,600.46
2023-11-28 18:00:00,600.46,18,1,0,619.8,607.3066666666667,676.1633333333333,612.58
2023-11-28 19:00:00,612.58,19,1,0,600.46,610.9466666666667,640.9316666666667,602.23
2023-11-28 20:00:00,602.23,20,1,0,612.58,605.09,606.7316666666667,353.02
2023-11-28 21:00:00,353.02,21,1,0,602.23,522.61,564.9583333333334,364.94
2023-11-28 22:00:00,364.94,22,1,0,353.02,440.06333333333333,525.505,353.66
2023-11-28 23:00:00,353.66,23,1,0,364.94,357.2066666666667,481.1483333333333,353.46
2023-11-29 00:00:00,353.46,0,2,0,353.66,357.3533333333334,439.9816666666666,365.76
2023-11-29 01:00:00,365.76,1,2,0,353.46,357.6266666666667,398.845,369.48
2023-11-29 02:00:00,369.48,2,2,0,365.76,362.90000000000003,360.05333333333334,361.86
2023-11-29 03:00:00,361.86,3,2,0,369.48,365.70000000000005,361.52666666666664,351.46
2023-11-29 04:00:00,351.46,4,2,0,361.86,360.9333333333334,359.28,352.61
2023-11-29 05:00:00,352.61,5,2,0,351.46,355.31,359.105,357.34
2023-11-29 06:00:00,357.34,6,2,0,352.61,353.80333333333334,359.7516666666667,809.27
2023-11-29 07:00:00,809.27,7,2,0,357.34,506.4066666666667,433.67,798.8
2023-11-29 08:00:00,798.8,8,2,0,809.27,655.1366666666667,505.22333333333336,812.48
2023-11-29 09:00:00,812.48,9,2,0,798.8,806.85,580.3266666666667,807.38
2023-11-29 10:00:00,807.38,10,2,0,812.48,806.2199999999999,656.3133333333333,792.97
2023-11-29 11:00:00,792.97,11,2,0,807.38,804.2766666666666,729.7066666666666,799.27
2023-11-29 12:00:00,799.27,12,2,0,792.97,799.8733333333333,803.3616666666667,802.67
2023-11-29 13:00:00,802.67,13,2,0,799.27,798.3033333333333,802.2616666666667,806.12
2023-11-29 14:00:00,806.12,14,2,0,802.67,802.6866666666666,803.4816666666666,621.81
2023-11-29 15:00:00,621.81,15,2,0,806.12,743.5333333333333,771.7033333333334,608.6
2023-11-29 16:00:00,608.6,16,2,0,621.81,678.8433333333334,738.5733333333334,599.97
2023-11-29 17:00:00,599.97,17,2,0,608.6,610.1266666666667,706.4066666666666,608.46
2023-11-29 18:00:00,608.46,18,2,0,599.97,605.6766666666667,674.605,603.88
2023-11-29 19:00:00,603.88,19,2,0,608.46,604.1033333333334,641.4733333333332,609.3
2023-11-29 20:00:00,609.3,20,2,0,603.88,607.2133333333333,608.67,361.34
2023-11-29 21:00:00,361.34,21,2,0,609.3,524.84,565.2583333333333,366.37
2023-11-29 22:00:00,366.37,22,2,0,361.34,445.67,524.8866666666667,356.5
2023-11-29 23:00:00,356.5,23,2,0,366.37,361.40333333333336,484.3083333333334,369.81
2023-11-30 00:00:00,369.81,0,3,0,356.5,364.2266666666667,444.53333333333336,363.96
2023-11-30 01:00:00,363.96,1,3,0,369.81,363.42333333333335,404.5466666666667,351.04
2023-11-30 02:00:00,351.04,2,3,0,363.96,361.6033333333333,361.50333333333333,374.38
2023-11-30 03:00:00,374.38,3,3,0,351.04,363.1266666666667,363.6766666666667,359.31
2023-11-30 04:00:00,359.31,4,3,0,374.38,361.57666666666665,362.5,350.02
2023-11-30 05:00:00,350.02,5,3,0,359.31,361.2366666666667,361.42,369.92
2023-11-30 06:00:00,369.92,6,3,0,350.02,359.75,361.43833333333333,823.32
2023-11-30 07:00:00,823.32,7,3,0,369.92,514.4200000000001,437.9983333333334,806.43
2023-11-30 08:00:00,806.43,8,3,0,823.32,666.5566666666667,513.8966666666666,802.67
2023-11-30 09:00:00,802.67,9,3,0,806.43,810.8066666666667,585.2783333333333,805.32
2023-11-30 10:00:00,805.32,10,3,0,802.67,804.8066666666667,659.6133333333333,812.42
2023-11-30 11:00:00,812.42,11,3,0,805.32,806.8033333333333,736.68,816.92
2023-11-30 12:00:00,816.92,12,3,0,812.42,811.5533333333333,811.18,811.26
2023-11-30 13:00:00,811.26,13,3,0,816.92,813.5333333333333,809.17,807.51
2023-11-30 14:00:00,807.51,14,3,0,811.26,811.8966666666665,809.35,618.68
2023-11-30 15:00:00,618.68,15,3,0,807.51,745.8166666666666,778.685,604.2
2023-11-30 16:00:00,604.2,16,3,0,618.68,676.7966666666666,745.165,614.95
2023-11-30 17:00:00,614.95,17,3,0,604.2,612.61,712.2533333333334,604.39
2023-11-30 18:00:00,604.39,18,3,0,614.95,607.8466666666667,676.8316666666666,610.15
2023-11-30 19:00:00,610.15,19,3,0,604.39,609.83,643.3133333333333,605.79
2023-11-30 20:00:00,605.79,20,3,0,610.15,606.7766666666666,609.6933333333333,356.25
2023-11-30 21:00:00,356.25,21,3,0,605.79,524.0633333333334,565.955,353.68
2023-11-30 22:00:00,353.68,22,3,0,356.25,438.5733333333333,524.2016666666667,367.46
2023-11-30 23:00:00,367.46,23,3,0,353.68,359.12999999999994,482.9533333333334,369.14
2023-12-01 00:00:00,369.14,0,4,0,367.46,363.4266666666667,443.74499999999995,369.08
2023-12-01 01:00:00,369.08,1,4,0,369.14,368.55999999999995,403.56666666666666,391.97
2023-12-01 02:00:00,391.97,2,4,0,369.08,376.73,367.93,382.82
2023-12-01 03:00:00,382.82,3,4,0,391.97,381.28999999999996,372.35833333333335,355.92
2023-12-01 04:00:00,355.92,4,4,0,382.82,376.90333333333336,372.7316666666666,370.48
2023-12-01 05:00:00,370.48,5,4,0,355.92,369.74,373.23499999999996,360.5
2023-12-01 06:00:00,360.5,6,4,0,370.48,362.3,371.795,817.39
2023-12-01 07:00:00,817.39,7,4,0,360.5,516.1233333333333,446.5133333333333,799.89
2023-12-01 08:00:00,799.89,8,4,0,817.39,659.2599999999999,514.5,823.9
2023-12-01 09:00:00,823.9,9,4,0,799.89,813.7266666666666,588.0133333333333,815.86
2023-12-01 10:00:00,815.86,10,4,0,823.9,813.2166666666667,664.67,825.48
2023-12-01 11:00:00,825.48,11,4,0,815.86,821.7466666666668,740.5033333333332,812.0
2023-12-01 12:00:00,812.0,12,4,0,825.48,817.7800000000001,815.7533333333332,825.66
2023-12-01 13:00:00,825.66,13,4,0,812.0,821.0466666666666,817.1316666666667,821.68
2023-12-01 14:00:00,821.68,14,4,0,825.66,819.7799999999999,820.7633333333333,637.02
2023-12-01 15:00:00,637.02,15,4,0,821.68,761.4533333333333,789.6166666666667,636.29
2023-12-01 16:00:00,636.29,16,4,0,637.02,698.3299999999999,759.6883333333334,631.28
2023-12-01 17:00:00,631.28,17,4,0,636.29,634.8633333333333,727.3216666666666,622.39
2023-12-01 18:00:00,622.39,18,4,0,631.28,629.9866666666667,695.7199999999999,640.88
2023-12-01 19:00:00,640.88,19,4,0,622.39,631.5166666666668,664.9233333333333,612.58
2023-12-01 20:00:00,612.58,20,4,0,640.88,625.2833333333333,630.0733333333334,363.77
2023-12-01 21:00:00,363.77,21,4,0,612.58,539.0766666666667,584.5316666666666,374.33
2023-12-01 22:00:00,374.33,22,4,0,363.77,450.2266666666667,540.8716666666667,393.03
2023-12-01 23:00:00,393.03,23,4,0,374.33,377.0433333333333,501.16333333333336,300.0
2023-12-02 00:00:00,300.0,0,5,1,393.03,355.78666666666663,447.4316666666667,300.0
2023-12-02 01:00:00,300.0,1,5,1,300.0,331.01,390.61833333333334,300.0
2023-12-02 02:00:00,300.0,2,5,1,300.0,300.0,338.52166666666665,302.57
2023-12-02 03:00:00,302.57,3,5,1,300.0,300.8566666666667,328.32166666666666,302.63
2023-12-02 04:00:00,302.63,4,5,1,302.57,301.7333333333333,316.37166666666667,301.31
2023-12-02 05:00:00,301.31,5,5,1,302.63,302.17,301.085,300.0
2023-12-02 06:00:00,300.0,6,5,1,301.31,301.31333333333333,301.085,739.35
2023-12-02 07:00:00,739.35,7,5,1,300.0,446.8866666666666,374.31,734.66
2023-12-02 08:00:00,734.66,8,5,1,739.35,591.3366666666667,446.75333333333333,745.67
2023-12-02 09:00:00,745.67,9,5,1,734.66,739.8933333333333,520.6033333333334,736.36
2023-12-02 10:00:00,736.36,10,5,1,745.67,738.8966666666665,592.8916666666667,735.58
2023-12-02 11:00:00,735.58,11,5,1,736.36,739.2033333333334,665.27,741.61
2023-12-02 12:00:00,741.61,12,5,1,735.58,737.85,738.8716666666666,741.09
2023-12-02 13:00:00,741.09,13,5,1,741.61,739.4266666666666,739.1616666666667,740.7
2023-12-02 14:00:00,740.7,14,5,1,741.09,741.1333333333333,740.1683333333334,548.73
2023-12-02 15:00:00,548.73,15,5,1,740.7,676.84,707.3449999999999,545.63
2023-12-02 16:00:00,545.63,16,5,1,548.73,611.6866666666666,675.5566666666667,542.69
2023-12-02 17:00:00,542.69,17,5,1,545.63,545.6833333333333,643.4083333333334,546.46
2023-12-02 18:00:00,546.46,18,5,1,542.69,544.9266666666666,610.8833333333333,537.07
2023-12-02 19:00:00,537.07,19,5,1,546.46,542.0733333333334,576.88,545.84
2023-12-02 20:00:00,545.84,20,5,1,537.07,543.1233333333333,544.4033333333333,300.0
2023-12-02 21:00:00,300.0,21,5,1,545.84,460.96999999999997,502.9483333333333,300.0
2023-12-02 22:00:00,300.0,22,5,1,300.0,381.94666666666666,462.01,302.97
2023-12-02 23:00:00,302.97,23,5,1,300.0,300.98999999999995,422.0566666666667,300.0
2023-12-03 00:00:00,300.0,0,6,1,302.97,300.98999999999995,380.98,300.0
2023-12-03 01:00:00,300.0,1,6,1,300.0,300.98999999999995,341.4683333333333,304.32
2023-12-03 02:00:00,304.32,2,6,1,300.0,301.44,301.215,302.41
2023-12-03 03:00:00,302.41,3,6,1,304.32,302.2433333333333,301.6166666666666,300.0
2023-12-03 04:00:00,300.0,4,6,1,302.41,302.2433333333333,301.6166666666666,300.0
2023-12-03 05:00:00,300.0,5,6,1,300.0,300.8033333333333,301.12166666666667,302.58
2023-12-03 06:00:00,302.58,6,6,1,300.0,300.85999999999996,301.5516666666667,750.4
2023-12-03 07:00:00,750.4,7,6,1,302.58,450.9933333333333,376.61833333333334,740.05
2023-12-03 08:00:00,740.05,8,6,1,750.4,597.6766666666666,449.23999999999995,738.64
2023-12-03 09:00:00,738.64,9,6,1,740.05,743.0299999999999,521.945,728.42
2023-12-03 10:00:00,728.42,10,6,1,738.64,735.7033333333333,593.3483333333334,746.23
2023-12-03 11:00:00,746.23,11,6,1,728.42,737.7633333333333,667.7199999999999,744.34
2023-12-03 12:00:00,744.34,12,6,1,746.23,739.6633333333333,741.3466666666667,754.09
2023-12-03 13:00:00,754.09,13,6,1,744.34,748.2199999999999,741.9616666666667,747.87
2023-12-03 14:00:00,747.87,14,6,1,754.09,748.7666666666665,743.265,555.67
2023-12-03 15:00:00,555.67,15,6,1,747.87,685.8766666666666,712.77,539.42
2023-12-03 16:00:00,539.42,16,6,1,555.67,614.3199999999998,681.27,554.11
2023-12-03 17:00:00,554.11,17,6,1,539.42,549.7333333333332,649.25,540.77
2023-12-03 18:00:00,540.77,18,6,1,554.11,544.7666666666665,615.3216666666667,551.22
2023-12-03 19:00:00,551.22,19,6,1,540.77,548.6999999999999,581.51,533.33
2023-12-03 20:00:00,533.33,20,6,1,551.22,541.7733333333332,545.7533333333333,300.0
2023-12-03 21:00:00,300.0,21,6,1,533.33,461.5166666666666,503.14166666666665,300.0
2023-12-03 22:00:00,300.0,22,6,1,300.0,377.77666666666664,463.2383333333333,300.0
2023-12-03 23:00:00,300.0,23,6,1,300.0,300.0,420.8866666666666,378.52
2023-12-04 00:00:00,378.52,0,0,0,300.0,326.17333333333323,393.845,370.83
2023-12-04 01:00:00,370.83,1,0,0,378.52,349.78333333333325,363.78,366.6
2023-12-04 02:00:00,366.6,2,0,0,370.83,371.9833333333333,335.9916666666667,381.77
2023-12-04 03:00:00,381.77,3,0,0,366.6,373.0666666666666,349.61999999999995,374.17
2023-12-04 04:00:00,374.17,4,0,0,381.77,374.18,361.9816666666666,371.08
2023-12-04 05:00:00,371.08,5,0,0,374.17,375.67333333333323,373.8283333333333,375.34
2023-12-04 06:00:00,375.34,6,0,0,371.08,373.5299999999999,373.29833333333335,846.09
2023-12-04 07:00:00,846.09,7,0,0,375.34,530.8366666666666,452.5083333333334,834.23
2023-12-04 08:00:00,834.23,8,0,0,846.09,685.2199999999999,530.4466666666667,834.3
2023-12-04 09:00:00,834.3,9,0,0,834.23,838.2066666666666,605.8683333333333,828.48
2023-12-04 10:00:00,828.48,10,0,0,834.3,832.3366666666666,681.5866666666667,826.33
2023-12-04 11:00:00,826.33,11,0,0,828.48,829.7033333333333,757.4616666666667,805.83
2023-12-04 12:00:00,805.83,12,0,0,826.33,820.2133333333333,829.21,819.57
2023-12-04 13:00:00,819.57,13,0,0,805.83,817.2433333333333,824.79,821.16
2023-12-04 14:00:00,821.16,14,0,0,819.57,815.52,822.6116666666667,610.0
2023-12-04 15:00:00,610.0,15,0,0,821.16,750.2433333333332,785.2283333333334,615.74
2023-12-04 16:00:00,615.74,16,0,0,610.0,682.2999999999998,749.7716666666666,609.15
2023-12-04 17:00:00,609.15,17,0,0,615.74,611.63,713.5749999999999,624.69
2023-12-04 18:00:00,624.69,18,0,0,609.15,616.5266666666666,683.3850000000001,631.55
2023-12-04 19:00:00,631.55,19,0,0,624.69,621.7966666666666,652.0483333333333,633.85
2023-12-04 20:00:00,633.85,20,0,0,631.55,630.0299999999999,620.83,378.32
2023-12-04 21:00:00,378.32,21,0,0,633.85,547.9066666666665,582.2166666666667,367.29
2023-12-04 22:00:00,367.29,22,0,0,378.32,459.81999999999994,540.8083333333333,359.54
2023-12-04 23:00:00,359.54,23,0,0,367.29,368.38333333333327,499.20666666666665,360.95
2023-12-05 00:00:00,360.95,0,1,0,359.54,362.59333333333325,455.25,364.85
2023-12-05 01:00:00,364.85,1,1,0,360.95,361.7799999999999,410.8,367.89
2023-12-05 02:00:00,367.89,2,1,0,364.85,364.5633333333333,366.47333333333336,373.72
2023-12-05 03:00:00,373.72,3,1,0,367.89,368.81999999999994,365.7066666666667,366.89
2023-12-05 04:00:00,366.89,4,1,0,373.72,369.49999999999994,365.64000000000004,377.71
2023-12-05 05:00:00,377.71,5,1,0,366.89,372.77333333333326,368.6683333333333,373.14
2023-12-05 06:00:00,373.14,6,1,0,377.71,372.5799999999999,370.70000000000005,825.08
2023-12-05 07:00:00,825.08,7,1,0,373.14,525.31,447.40500000000003,834.12
2023-12-05 08:00:00,834.12,8,1,0,825.08,677.4466666666666,525.11,815.56
2023-12-05 09:00:00,815.56,9,1,0,834.12,824.92,598.75,828.35
2023-12-05 10:00:00,828.35,10,1,0,815.56,826.0099999999999,675.66,824.89
2023-12-05 11:00:00,824.89,11,1,0,828.35,822.9333333333333,750.19,822.33
2023-12-05 12:00:00,822.33,12,1,0,824.89,825.1899999999999,825.055,832.08
2023-12-05 13:00:00,832.08,13,1,0,822.33,826.4333333333333,826.2216666666667,832.03
2023-12-05 14:00:00,832.03,14,1,0,832.08,828.8133333333332,825.8733333333333,617.43
2023-12-05 15:00:00,617.43,15,1,0,832.03,760.5133333333332,792.8516666666668,623.54
2023-12-05 16:00:00,623.54,16,1,0,617.43,690.9999999999999,758.7166666666667,627.25
2023-12-05 17:00:00,627.25,17,1,0,623.54,622.7399999999998,725.7766666666666,622.82
2023-12-05 18:00:00,622.82,18,1,0,627.25,624.5366666666665,692.5250000000001,629.68
2023-12-05 19:00:00,629.68,19,1,0,622.82,626.5833333333331,658.7916666666666,627.25
2023-12-05 20:00:00,627.25,20,1,0,629.68,626.5833333333331,624.6616666666667,389.66
2023-12-05 21:00:00,389.66,21,1,0,627.25,548.8633333333331,586.6999999999999,362.76
2023-12-05 22:00:00,362.76,22,1,0,389.66,459.8899999999999,543.2366666666666,374.02
2023-12-05 23:00:00,374.02,23,1,0,362.76,375.47999999999985,501.0316666666667,367.73
2023-12-06 00:00:00,367.73,0,2,0,374.02,368.16999999999985,458.51666666666665,379.83
2023-12-06 01:00:00,379.83,1,2,0,367.73,373.85999999999984,416.875,362.06
2023-12-06 02:00:00,362.06,2,2,0,379.83,369.8733333333332,372.6766666666667,377.77
2023-12-06 03:00:00,377.77,3,2,0,362.06,373.21999999999986,370.695,369.96
2023-12-06 04:00:00,369.96,4,2,0,377.77,369.92999999999984,371.895,369.13
2023-12-06 05:00:00,369.13,5,2,0,369.96,372.2866666666666,371.08,363.43
2023-12-06 06:00:00,363.43,6,2,0,369.13,367.5066666666666,370.3633333333333,821.28
2023-12-06 07:00:00,821.28,7,2,0,363.43,517.9466666666666,443.93833333333333,833.68
2023-12-06 08:00:00,833.68,8,2,0,821.28,672.7966666666665,522.5416666666666,824.8
2023-12-06 09:00:00,824.8,9,2,0,833.68,826.5866666666666,597.0466666666666,830.02
2023-12-06 10:00:00,830.02,10,2,0,824.8,829.4999999999999,673.7233333333332,838.32
2023-12-06 11:00:00,838.32,11,2,0,830.02,831.0466666666666,751.9216666666666,827.11
2023-12-06 12:00:00,827.11,12,2,0,838.32,831.8166666666666,829.2016666666665,820.53
2023-12-06 13:00:00,820.53,13,2,0,827.11,828.6533333333332,829.0766666666667,828.74
2023-12-06 14:00:00,828.74,14,2,0,820.53,825.4599999999999,828.2533333333334,620.65
2023-12-06 15:00:00,620.65,15,2,0,828.74,756.6399999999999,794.2283333333334,620.96
2023-12-06 16:00:00,620.96,16,2,0,620.65,690.1166666666667,759.3850000000001,612.84
2023-12-06 17:00:00,612.84,17,2,0,620.96,618.15,721.805,632.41
2023-12-06 18:00:00,632.41,18,2,0,612.84,622.0699999999999,689.355,621.91
2023-12-06 19:00:00,621.91,19,2,0,632.41,622.3866666666667,656.2516666666667,626.46
2023-12-06 20:00:00,626.46,20,2,0,621.91,626.9266666666666,622.5383333333333,366.71
2023-12-06 21:00:00,366.71,21,2,0,626.46,538.3599999999999,580.215,378.49
2023-12-06 22:00:00,378.49,22,2,0,366.71,457.21999999999997,539.8033333333333,368.9
2023-12-06 23:00:00,368.9,23,2,0,378.49,371.36666666666656,499.1466666666667,373.87
2023-12-07 00:00:00,373.87,0,3,0,368.9,373.7533333333333,456.0566666666667,382.02
2023-12-07 01:00:00,382.02,1,3,0,373.87,374.9299999999999,416.075,381.33
2023-12-07 02:00:00,381.33,2,3,0,382.02,379.07333333333327,375.21999999999997,374.82
2023-12-07 03:00:00,374.82,3,3,0,381.33,379.3899999999999,376.57166666666666,360.85
2023-12-07 04:00:00,360.85,4,3,0,374.82,372.33333333333326,373.63166666666666,398.94
2023-12-07 05:00:00,398.94,5,3,0,360.85,378.2033333333332,378.6383333333333,388.97
2023-12-07 06:00:00,388.97,6,3,0,398.94,382.9199999999999,381.15500000000003,830.78
2023-12-07 07:00:00,830.78,7,3,0,388.97,539.5633333333332,455.9483333333333,818.97
2023-12-07 08:00:00,818.97,8,3,0,830.78,679.5733333333333,528.8883333333333,824.09
2023-12-07 09:00:00,824.09,9,3,0,818.97,824.6133333333333,603.7666666666667,820.65
2023-12-07 10:00:00,820.65,10,3,0,824.09,821.2366666666666,680.4,835.11
2023-12-07 11:00:00,835.11,11,3,0,820.65,826.6166666666667,753.0949999999999,827.1
2023-12-07 12:00:00,827.1,12,3,0,835.11,827.6199999999999,826.1166666666667,818.73
2023-12-07 13:00:00,818.73,13,3,0,827.1,826.9799999999999,824.1083333333332,821.23
2023-12-07 14:00:00,821.23,14,3,0,818.73,822.3533333333334,824.485,633.97
2023-12-07 15:00:00,633.97,15,3,0,821.23,757.9766666666666,792.7983333333333,637.8
2023-12-07 16:00:00,637.8,16,3,0,633.97,697.6666666666666,762.3233333333334,637.23
2023-12-07 17:00:00,637.23,17,3,0,637.8,636.3333333333334,729.3433333333332,631.06
2023-12-07 18:00:00,631.06,18,3,0,637.23,635.3633333333332,696.6700000000001,622.98
2023-12-07 19:00:00,622.98,19,3,0,631.06,630.4233333333333,664.045,599.07
2023-12-07 20:00:00,599.07,20,3,0,622.98,617.7033333333333,627.0183333333333,377.38
2023-12-07 21:00:00,377.38,21,3,0,599.07,533.1433333333333,584.2533333333334,374.99
2023-12-07 22:00:00,374.99,22,3,0,377.38,450.47999999999996,540.4516666666667,376.12
2023-12-07 23:00:00,376.12,23,3,0,374.99,376.16333333333324,496.93333333333334,375.43
2023-12-08 00:00:00,375.43,0,4,0,376.12,375.51333333333326,454.3283333333334,364.39
2023-12-08 01:00:00,364.39,1,4,0,375.43,371.97999999999996,411.23,379.46
2023-12-08 02:00:00,379.46,2,4,0,364.39,373.09333333333325,374.62833333333333,380.06
2023-12-08 03:00:00,380.06,3,4,0,379.46,374.63666666666654,375.075,380.46
2023-12-08 04:00:00,380.46,4,4,0,380.06,379.9933333333333,375.9866666666667,382.57
2023-12-08 05:00:00,382.57,5,4,0,380.46,381.0299999999999,377.06166666666667,379.83
2023-12-08 06:00:00,379.83,6,4,0,382.57,380.9533333333332,377.795,821.72
2023-12-08 07:00:00,821.72,7,4,0,379.83,528.04,454.01666666666665,824.43
2023-12-08 08:00:00,824.43,8,4,0,821.72,675.3266666666666,528.1783333333333,825.73
2023-12-08 09:00:00,825.73,9,4,0,824.43,823.9599999999999,602.4566666666666,825.86
2023-12-08 10:00:00,825.86,10,4,0,825.73,825.34,676.6899999999999,832.99
2023-12-08 11:00:00,832.99,11,4,0,825.86,828.1933333333333,751.7600000000001,830.15
2023-12-08 12:00:00,830.15,12,4,0,832.99,829.6666666666666,826.8133333333334,841.62
2023-12-08 13:00:00,841.62,13,4,0,830.15,834.92,830.13,842.65
2023-12-08 14:00:00,842.65,14,4,0,841.62,838.14,833.1666666666666,625.64
2023-12-08 15:00:00,625.64,15,4,0,842.65,769.9699999999999,799.8183333333333,594.31
2023-12-08 16:00:00,594.31,16,4,0,625.64,687.5333333333333,761.2266666666666,634.89
2023-12-08 17:00:00,634.89,17,4,0,594.31,618.2799999999999,728.21,620.68
2023-12-08 18:00:00,620.68,18,4,0,634.89,616.6266666666666,693.2983333333333,618.59
2023-12-08 19:00:00,618.59,19,4,0,620.68,624.7199999999999,656.1266666666667,621.81
2023-12-08 20:00:00,621.81,20,4,0,618.59,620.3599999999999,619.32,371.43
2023-12-08 21:00:00,371.43,21,4,0,621.81,537.2766666666665,576.9516666666666,379.9
2023-12-08 22:00:00,379.9,22,4,0,371.43,457.7133333333332,541.2166666666666,362.52
2023-12-08 23:00:00,362.52,23,4,0,379.9,371.28333333333325,495.82166666666666,300.0
2023-12-09 00:00:00,300.0,0,5,1,362.52,347.4733333333332,442.375,300.0
2023-12-09 01:00:00,300.0,1,5,1,300.0,320.8399999999999,389.27666666666664,300.0
2023-12-09 02:00:00,300.0,2,5,1,300.0,300.0,335.64166666666665,300.13
2023-12-09 03:00:00,300.13,3,5,1,300.0,300.0433333333333,323.7583333333333,300.0
2023-12-09 04:00:00,300.0,4,5,1,300.13,300.0433333333333,310.44166666666666,300.0
2023-12-09 05:00:00,300.0,5,5,1,300.0,300.0433333333333,300.02166666666665,300.0
2023-12-09 06:00:00,300.0,6,5,1,300.0,300.0,300.02166666666665,746.92
2023-12-09 07:00:00,746.92,7,5,1,300.0,448.9733333333332,374.5083333333334,756.88
2023-12-09 08:00:00,756.88,8,5,1,746.92,601.2666666666665,450.655,728.62
2023-12-09 09:00:00,728.62,9,5,1,756.88,744.1399999999999,522.07,743.23
2023-12-09 10:00:00,743.23,10,5,1,728.62,742.9099999999999,595.9416666666666,734.34
2023-12-09 11:00:00,734.34,11,5,1,743.23,735.3966666666665,668.3316666666666,731.78
2023-12-09 12:00:00,731.78,12,5,1,734.34,736.4499999999999,740.295,752.74
2023-12-09 13:00:00,752.74,13,5,1,731.78,739.6199999999999,741.265,749.36
2023-12-09 14:00:00,749.36,14,5,1,752.74,744.6266666666666,740.0116666666667,548.6
2023-12-09 15:00:00,548.6,15,5,1,749.36,683.5666666666666,710.0083333333333,552.37
2023-12-09 16:00:00,552.37,16,5,1,548.6,616.7766666666665,678.1983333333333,541.16
2023-12-09 17:00:00,541.16,17,5,1,552.37,547.3766666666666,646.0016666666667,541.54
2023-12-09 18:00:00,541.54,18,5,1,541.16,545.0233333333332,614.295,562.49
2023-12-09 19:00:00,562.49,19,5,1,541.54,548.3966666666665,582.5866666666667,543.03
2023-12-09 20:00:00,543.03,20,5,1,562.49,549.02,548.1983333333334,300.88
2023-12-09 21:00:00,300.88,21,5,1,543.03,468.79999999999995,506.9116666666667,300.0
2023-12-09 22:00:00,300.0,22,5,1,300.88,381.3033333333333,464.8500000000001,300.0
2023-12-09 23:00:00,300.0,23,5,1,300.0,300.29333333333324,424.6566666666666,300.0
2023-12-10 00:00:00,300.0,0,6,1,300.0,300.0,384.3999999999999,300.0
2023-12-10 01:00:00,300.0,1,6,1,300.0,300.0,340.6516666666667,303.45
2023-12-10 02:00:00,303.45,2,6,1,300.0,301.1499999999999,300.7216666666667,301.31
2023-12-10 03:00:00,301.31,3,6,1,303.45,301.5866666666666,300.79333333333335,302.31
2023-12-10 04:00:00,302.31,4,6,1,301.31,302.35666666666657,301.17833333333334,300.0
2023-12-10 05:00:00,300.0,5,6,1,302.31,301.20666666666654,301.17833333333334,307.93
2023-12-10 06:00:00,307.93,6,6,1,300.0,303.41333333333324,302.5,737.28
2023-12-10 07:00:00,737.28,7,6,1,307.93,448.40333333333325,375.37999999999994,746.7
2023-12-10 08:00:00,746.7,8,6,1,737.28,597.3033333333333,449.25499999999994,744.92
2023-12-10 09:00:00,744.92,9,6,1,746.7,742.9666666666666,523.1899999999999,743.61
2023-12-10 10:00:00,743.61,10,6,1,744.92,745.0766666666665,596.74,755.71
2023-12-10 11:00:00,755.71,11,6,1,743.61,748.0799999999999,672.6916666666667,739.36
2023-12-10 12:00:00,739.36,12,6,1,755.71,746.2266666666666,744.5966666666667,734.2
2023-12-10 13:00:00,734.2,13,6,1,739.36,743.09,744.0833333333334,745.16
2023-12-10 14:00:00,745.16,14,6,1,734.2,739.5733333333333,743.8266666666667,541.8
2023-12-10 15:00:00,541.8,15,6,1,745.16,673.7199999999999,709.9733333333334,572.02
2023-12-10 16:00:00,572.02,16,6,1,541.8,619.6599999999999,681.375,550.41
2023-12-10 17:00:00,550.41,17,6,1,572.02,554.7433333333332,647.1583333333333,541.73
2023-12-10 18:00:00,541.73,18,6,1,550.41,554.7199999999999,614.2199999999999,536.55
2023-12-10 19:00:00,536.55,19,6,1,541.73,542.8966666666665,581.2783333333333,529.96
2023-12-10 20:00:00,529.96,20,6,1,536.55,536.0799999999999,545.4116666666667,300.0
2023-12-10 21:00:00,300.0,21,6,1,529.96,455.5033333333333,505.1116666666667,300.0
2023-12-10 22:00:00,300.0,22,6,1,300.0,376.65333333333325,459.77500000000003,306.42
2023-12-10 23:00:00,306.42,23,6,1,300.0,302.13999999999993,419.11000000000007,383.97
2023-12-11 00:00:00,383.97,0,0,0,306.42,330.12999999999994,392.81666666666666,376.83
2023-12-11 01:00:00,376.83,1,0,0,383.97,355.73999999999995,366.19666666666666,372.41
2023-12-11 02:00:00,372.41,2,0,0,376.83,377.7366666666666,339.93833333333333,377.15
2023-12-11 03:00:00,377.15,3,0,0,372.41,375.4633333333332,352.7966666666667,370.85
2023-12-11 04:00:00,370.85,4,0,0,377.15,373.46999999999997,364.605,388.75
2023-12-11 05:00:00,388.75,5,0,0,370.85,378.9166666666666,378.32666666666665,373.49
2023-12-11 06:00:00,373.49,6,0,0,388.75,377.69666666666666,376.58,824.31
2023-12-11 07:00:00,824.31,7,0,0,373.49,528.8499999999999,451.16,807.27
2023-12-11 08:00:00,807.27,8,0,0,824.31,668.3566666666666,523.6366666666667,823.44
2023-12-11 09:00:00,823.44,9,0,0,807.27,818.3399999999998,598.0183333333333,831.69
2023-12-11 10:00:00,831.69,10,0,0,823.44,820.7999999999998,674.8249999999999,816.46
2023-12-11 11:00:00,816.46,11,0,0,831.69,823.8633333333333,746.11,818.99
2023-12-11 12:00:00,818.99,12,0,0,816.46,822.38,820.36,831.34
2023-12-11 13:00:00,831.34,13,0,0,818.99,822.2633333333333,821.5316666666668,813.19
2023-12-11 14:00:00,813.19,14,0,0,831.34,821.1733333333333,822.5183333333334,633.46
2023-12-11 15:00:00,633.46,15,0,0,813.19,759.3299999999999,790.855,620.74
2023-12-11 16:00:00,620.74,16,0,0,633.46,689.13,755.6966666666667,621.89
2023-12-11 17:00:00,621.89,17,0,0,620.74,625.3633333333332,723.2683333333334,616.01
2023-12-11 18:00:00,616.01,18,0,0,621.89,619.5466666666665,689.4383333333334,628.02
2023-12-11 19:00:00,628.02,19,0,0,616.01,621.9733333333332,655.5516666666667,644.68
2023-12-11 20:00:00,644.68,20,0,0,628.02,629.5699999999998,627.4666666666667,381.25
2023-12-11 21:00:00,381.25,21,0,0,644.68,551.3166666666666,585.4316666666667,368.09
2023-12-11 22:00:00,368.09,22,0,0,381.25,464.67333333333323,543.3233333333333,384.08
2023-12-11 23:00:00,384.08,23,0,0,368.09,377.80666666666656,503.68833333333333,372.47
2023-12-12 00:00:00,372.47,0,1,0,384.08,374.87999999999994,463.0983333333333,386.0
2023-12-12 01:00:00,386.0,1,1,0,372.47,380.8499999999999,422.7616666666666,381.45
2023-12-12 02:00:00,381.45,2,1,0,386.0,379.9733333333333,378.88999999999993,351.45
2023-12-12 03:00:00,351.45,3,1,0,381.45,372.9666666666665,373.92333333333335,366.97
2023-12-12 04:00:00,366.97,4,1,0,351.45,366.6233333333333,373.7366666666667,382.56
2023-12-12 05:00:00,382.56,5,1,0,366.97,366.9933333333333,373.48333333333335,376.21
2023-12-12 06:00:00,376.21,6,1,0,382.56,375.2466666666666,374.1066666666666,816.81
2023-12-12 07:00:00,816.81,7,1,0,376.21,525.1933333333333,445.9083333333333,819.93
2023-12-12 08:00:00,819.93,8,1,0,816.81,670.9833333333332,518.9883333333333,809.75
2023-12-12 09:00:00,809.75,9,1,0,819.93,815.4966666666666,595.3716666666666,824.29
2023-12-12 10:00:00,824.29,10,1,0,809.75,817.9899999999999,671.5916666666667,842.69
2023-12-12 11:00:00,842.69,11,1,0,824.29,825.5766666666667,748.2800000000001,831.44
2023-12-12 12:00:00,831.44,12,1,0,842.69,832.8066666666667,824.1516666666666,842.52
2023-12-12 13:00:00,842.52,13,1,0,831.44,838.8833333333333,828.4366666666666,832.06
2023-12-12 14:00:00,832.06,14,1,0,842.52,835.34,830.4583333333334,633.22
2023-12-12 15:00:00,633.22,15,1,0,832.06,769.2666666666665,801.0366666666667,640.79
2023-12-12 16:00:00,640.79,16,1,0,633.22,702.0233333333332,770.4533333333334,628.02
2023-12-12 17:00:00,628.02,17,1,0,640.79,634.0099999999999,734.6749999999998,623.5
2023-12-12 18:00:00,623.5,18,1,0,628.02,630.7699999999999,700.0183333333334,633.26
2023-12-12 19:00:00,633.26,19,1,0,623.5,628.2599999999999,665.1416666666665,636.63
2023-12-12 20:00:00,636.63,20,1,0,633.26,631.1299999999999,632.57,371.16
2023-12-12 21:00:00,371.16,21,1,0,636.63,547.0166666666667,588.8933333333333,369.23
2023-12-12 22:00:00,369.23,22,1,0,371.16,459.0066666666666,543.6333333333333,376.11
2023-12-12 23:00:00,376.11,23,1,0,369.23,372.1666666666666,501.6483333333333,381.65
2023-12-13 00:00:00,381.65,0,2,0,376.11,375.66333333333324,461.34,381.38
2023-12-13 01:00:00,381.38,1,2,0,381.65,379.7133333333332,419.35999999999996,363.61
2023-12-13 02:00:00,363.61,2,2,0,381.38,375.5466666666666,373.85666666666674,390.29
2023-12-13 03:00:00,390.29,3,2,0,363.61,378.42666666666656,377.045,369.87
2023-12-13 04:00:00,369.87,4,2,0,390.29,374.59,377.15166666666664,372.88
2023-12-13 05:00:00,372.88,5,2,0,369.87,377.6799999999999,376.6133333333333,367.78
2023-12-13 06:00:00,367.78,6,2,0,372.88,370.17666666666656,374.3016666666667,846.59
2023-12-13 07:00:00,846.59,7,2,0,367.78,529.0833333333333,451.83666666666664,826.94
2023-12-13 08:00:00,826.94,8,2,0,846.59,680.4366666666666,529.0583333333333,818.19
2023-12-13 09:00:00,818.19,9,2,0,826.94,830.5733333333333,600.375,831.91
2023-12-13 10:00:00,831.91,10,2,0,818.19,825.68,677.3816666666667,831.15
2023-12-13 11:00:00,831.15,11,2,0,831.91,827.0833333333334,753.7599999999999,823.5
2023-12-13 12:00:00,823.5,12,2,0,831.15,828.8533333333331,829.7133333333335,831.72
2023-12-13 13:00:00,831.72,13,2,0,823.5,828.79,827.235,818.4
2023-12-13 14:00:00,818.4,14,2,0,831.72,824.54,825.8116666666666,621.06
2023-12-13 15:00:00,621.06,15,2,0,818.4,757.06,792.9566666666666,608.92
2023-12-13 16:00:00,608.92,16,2,0,621.06,682.7933333333332,755.7916666666666,614.41
2023-12-13 17:00:00,614.41,17,2,0,608.92,614.7966666666665,719.6683333333334,639.46
2023-12-13 18:00:00,639.46,18,2,0,614.41,620.9299999999998,688.995,638.13
2023-12-13 19:00:00,638.13,19,2,0,639.46,630.6666666666666,656.7299999999999,625.53
2023-12-13 20:00:00,625.53,20,2,0,638.13,634.3733333333332,624.585,388.3
2023-12-13 21:00:00,388.3,21,2,0,625.53,550.6533333333333,585.7916666666666,373.72
2023-12-13 22:00:00,373.72,22,2,0,388.3,462.5166666666666,546.5916666666667,373.05
2023-12-13 23:00:00,373.05,23,2,0,373.72,378.35666666666657,506.365,375.45
2023-12-14 00:00:00,375.45,0,3,0,373.05,374.07333333333327,462.3633333333334,374.0
2023-12-14 01:00:00,374.0,1,3,0,375.45,374.1666666666666,418.3416666666667,373.28
2023-12-14 02:00:00,373.28,2,3,0,374.0,374.2433333333333,376.3,384.15
2023-12-14 03:00:00,384.15,3,3,0,373.28,377.1433333333332,375.60833333333335,376.2
2023-12-14 04:00:00,376.2,4,3,0,384.15,377.87666666666655,376.0216666666667,380.7
2023-12-14 05:00:00,380.7,5,3,0,376.2,380.3499999999999,377.2966666666666,383.25
2023-12-14 06:00:00,383.25,6,3,0,380.7,380.04999999999995,378.59666666666664,828.11
2023-12-14 07:00:00,828.11,7,3,0,383.25,530.6866666666666,454.2816666666667,817.24
2023-12-14 08:00:00,817.24,8,3,0,828.11,676.1999999999999,528.275,814.18
2023-12-14 09:00:00,814.18,9,3,0,817.24,819.8433333333332,599.9466666666667,826.19
2023-12-14 10:00:00,826.19,10,3,0,814.18,819.2033333333333,674.945,823.63
2023-12-14 11:00:00,823.63,11,3,0,826.19,821.3333333333334,748.7666666666668,825.7
2023-12-14 12:00:00,825.7,12,3,0,823.63,825.1733333333333,822.5083333333333,824.87
2023-12-14 13:00:00,824.87,13,3,0,825.7,824.7333333333332,821.9683333333334,845.67
2023-12-14 14:00:00,845.67,14,3,0,824.87,832.0799999999999,826.7066666666666,614.36
2023-12-14 15:00:00,614.36,15,3,0,845.67,761.6333333333332,793.4033333333333,609.08
2023-12-14 16:00:00,609.08,16,3,0,614.36,689.7033333333333,757.2183333333332,627.66
2023-12-14 17:00:00,627.66,17,3,0,609.08,617.0333333333333,724.5566666666667,621.99
2023-12-14 18:00:00,621.99,18,3,0,627.66,619.5766666666665,690.605,627.53
2023-12-14 19:00:00,627.53,19,3,0,621.99,625.7266666666666,657.715,629.67
2023-12-14 20:00:00,629.67,20,3,0,627.53,626.3966666666666,621.715,385.27
2023-12-14 21:00:00,385.27,21,3,0,629.67,547.4899999999999,583.5333333333333,362.94
2023-12-14 22:00:00,362.94,22,3,0,385.27,459.29333333333324,542.51,370.55
2023-12-14 23:00:00,370.55,23,3,0,362.94,372.9199999999999,499.6583333333333,378.43
2023-12-15 00:00:00,378.43,0,4,0,370.55,370.63999999999993,459.065,381.16
2023-12-15 01:00:00,381.16,1,4,0,378.43,376.7133333333333,418.00333333333333,392.55
2023-12-15 02:00:00,392.55,2,4,0,381.16,384.0466666666666,378.48333333333335,382.65
2023-12-15 03:00:00,382.65,3,4,0,392.55,385.4533333333332,378.0466666666667,374.55
2023-12-15 04:00:00,374.55,4,4,0,382.65,383.24999999999994,379.9816666666666,367.88
2023-12-15 05:00:00,367.88,5,4,0,374.55,375.02666666666664,379.5366666666667,370.49
2023-12-15 06:00:00,370.49,6,4,0,367.88,370.9733333333332,378.2133333333333,820.26
2023-12-15 07:00:00,820.26,7,4,0,370.49,519.5433333333332,451.3966666666667,830.24
2023-12-15 08:00:00,830.24,8,4,0,820.26,673.6633333333333,524.3449999999999,827.06
2023-12-15 09:00:00,827.06,9,4,0,830.24,825.8533333333334,598.4133333333333,814.41
2023-12-15 10:00:00,814.41,10,4,0,827.06,823.9033333333332,671.7233333333334,821.51
2023-12-15 11:00:00,821.51,11,4,0,814.41,820.9933333333332,747.3283333333334,832.02
2023-12-15 12:00:00,832.02,12,4,0,821.51,822.6466666666665,824.25,827.81
2023-12-15 13:00:00,827.81,13,4,0,832.02,827.1133333333332,825.5083333333333,829.55
2023-12-15 14:00:00,829.55,14,4,0,827.81,829.7933333333332,825.3933333333333,628.06
2023-12-15 15:00:00,628.06,15,4,0,829.55,761.8066666666665,792.2266666666666,638.01
2023-12-15 16:00:00,638.01,16,4,0,628.06,698.54,762.8266666666667,626.89
2023-12-15 17:00:00,626.89,17,4,0,638.01,630.9866666666666,730.39,621.91
2023-12-15 18:00:00,621.91,18,4,0,626.89,628.9366666666666,695.3716666666666,617.67
2023-12-15 19:00:00,617.67,19,4,0,621.91,622.1566666666666,660.3483333333334,627.0
2023-12-15 20:00:00,627.0,20,4,0,617.67,622.1933333333333,626.59,355.47
2023-12-15 21:00:00,355.47,21,4,0,627.0,533.38,581.1583333333333,373.53
2023-12-15 22:00:00,373.53,22,4,0,355.47,451.99999999999994,537.0783333333334,373.35
2023-12-15 23:00:00,373.35,23,4,0,373.53,367.45,494.82166666666666,300.0
2023-12-16 00:00:00,300.0,0,5,1,373.35,348.95999999999987,441.17,300.0
2023-12-16 01:00:00,300.0,1,5,1,300.0,324.44999999999993,388.22499999999997,301.48
2023-12-16 02:00:00,301.48,2,5,1,300.0,300.4933333333333,333.97166666666664,300.0
2023-12-16 03:00:00,300.0,3,5,1,301.48,300.4933333333333,324.7266666666667,300.0
2023-12-16 04:00:00,300.0,4,5,1,300.0,300.4933333333333,312.47166666666664,300.0
2023-12-16 05:00:00,300.0,5,5,1,300.0,300.0,300.24666666666667,300.0
2023-12-16 06:00:00,300.0,6,5,1,300.0,300.0,300.24666666666667,754.94
2023-12-16 07:00:00,754.94,7,5,1,300.0,451.6466666666666,376.07,745.99
2023-12-16 08:00:00,745.99,8,5,1,754.94,600.31,450.15500000000003,733.33
2023-12-16 09:00:00,733.33,9,5,1,745.99,744.7533333333332,522.3766666666667,758.04
2023-12-16 10:00:00,758.04,10,5,1,733.33,745.7866666666665,598.7166666666667,747.96
2023-12-16 11:00:00,747.96,11,5,1,758.04,746.4433333333333,673.3766666666667,740.29
2023-12-16 12:00:00,740.29,12,5,1,747.96,748.7633333333333,746.7583333333333,734.97
2023-12-16 13:00:00,734.97,13,5,1,740.29,741.0733333333333,743.43,748.17
2023-12-16 14:00:00,748.17,14,5,1,734.97,741.1433333333333,743.7933333333334,544.06
2023-12-16 15:00:00,544.06,15,5,1,748.17,675.7333333333332,712.2483333333333,557.59
2023-12-16 16:00:00,557.59,16,5,1,544.06,616.6066666666666,678.84,542.23
2023-12-16 17:00:00,542.23,17,5,1,557.59,547.9599999999999,644.5516666666666,538.3
2023-12-16 18:00:00,538.3,18,5,1,542.23,546.04,610.8866666666667,552.17
2023-12-16 19:00:00,552.17,19,5,1,538.3,544.2333333333332,580.42,552.4
2023-12-16 20:00:00,552.4,20,5,1,552.17,547.6233333333333,547.7916666666666,300.0
2023-12-16 21:00:00,300.0,21,5,1,552.4,468.1899999999999,507.115,300.41
2023-12-16 22:00:00,300.41,22,5,1,300.0,384.2699999999999,464.2516666666666,300.0
2023-12-16 23:00:00,300.0,23,5,1,300.41,300.1366666666666,423.87999999999994,300.0
2023-12-17 00:00:00,300.0,0,6,1,300.0,300.1366666666666,384.16333333333336,304.32
2023-12-17 01:00:00,304.32,1,6,1,300.0,301.4399999999999,342.855,300.0
2023-12-17 02:00:00,300.0,2,6,1,304.32,301.4399999999999,300.78833333333336,300.0
2023-12-17 03:00:00,300.0,3,6,1,300.0,301.4399999999999,300.78833333333336,305.82
2023-12-17 04:00:00,305.82,4,6,1,300.0,301.9399999999999,301.69,300.0
2023-12-17 05:00:00,300.0,5,6,1,305.82,301.9399999999999,301.69,311.42
2023-12-17 06:00:00,311.42,6,6,1,300.0,305.7466666666666,303.5933333333333,731.35
2023-12-17 07:00:00,731.35,7,6,1,311.42,447.59,374.76500000000004,739.98
2023-12-17 08:00:00,739.98,8,6,1,731.35,594.25,448.095,744.67
2023-12-17 09:00:00,744.67,9,6,1,739.98,738.6666666666666,522.2066666666666,743.83
2023-12-17 10:00:00,743.83,10,6,1,744.67,742.8266666666667,595.2083333333334,753.05
2023-12-17 11:00:00,753.05,11,6,1,743.83,747.1833333333333,670.7166666666666,736.54
2023-12-17 12:00:00,736.54,12,6,1,753.05,744.4733333333332,741.57,747.09
2023-12-17 13:00:00,747.09,13,6,1,736.54,745.56,744.1933333333333,740.37
2023-12-17 14:00:00,740.37,14,6,1,747.09,741.3333333333331,744.2583333333333,547.36
2023-12-17 15:00:00,547.36,15,6,1,740.37,678.2733333333332,711.3733333333333,544.48
2023-12-17 16:00:00,544.48,16,6,1,547.36,610.7366666666666,678.1483333333333,545.74
2023-12-17 17:00:00,545.74,17,6,1,544.48,545.8599999999999,643.5966666666667,540.6
2023-12-17 18:00:00,540.6,18,6,1,545.74,543.6066666666666,610.94,540.92
2023-12-17 19:00:00,540.92,19,6,1,540.6,542.42,576.5783333333334,547.3
2023-12-17 20:00:00,547.3,20,6,1,540.92,542.9399999999999,544.4,302.55
2023-12-17 21:00:00,302.55,21,6,1,547.3,463.5899999999999,503.59833333333336,300.0
2023-12-17 22:00:00,300.0,22,6,1,302.55,383.28333333333325,462.8516666666667,300.0
2023-12-17 23:00:00,300.0,23,6,1,300.0,300.8499999999999,421.895,379.91
2023-12-18 00:00:00,379.91,0,0,0,300.0,326.6366666666666,395.1133333333333,374.74
2023-12-18 01:00:00,374.74,1,0,0,379.91,351.54999999999995,367.4166666666667,381.64
2023-12-18 02:00:00,381.64,2,0,0,374.74,378.7633333333333,339.8066666666667,367.75
2023-12-18 03:00:00,367.75,3,0,0,381.64,374.70999999999987,350.67333333333335,360.76
2023-12-18 04:00:00,360.76,4,0,0,367.75,370.0499999999999,360.8,370.74
2023-12-18 05:00:00,370.74,5,0,0,360.76,366.4166666666666,372.59,368.87
2023-12-18 06:00:00,368.87,6,0,0,370.74,366.78999999999996,370.75,824.37
2023-12-18 07:00:00,824.37,7,0,0,368.87,521.3266666666666,445.68833333333333,819.91
2023-12-18 08:00:00,819.91,8,0,0,824.37,671.0499999999998,518.7333333333333,830.93
2023-12-18 09:00:00,830.93,9,0,0,819.91,825.07,595.93,822.69
2023-12-18 10:00:00,822.69,10,0,0,830.93,824.5099999999999,672.9183333333333,826.2
2023-12-18 11:00:00,826.2,11,0,0,822.69,826.6066666666666,748.8283333333334,826.26
2023-12-18 12:00:00,826.26,12,0,0,826.2,825.0499999999998,825.0600000000001,826.56
2023-12-18 13:00:00,826.56,13,0,0,826.26,826.3399999999998,825.4250000000001,824.81
2023-12-18 14:00:00,824.81,14,0,0,826.56,825.8766666666666,826.2416666666667,629.08
2023-12-18 15:00:00,629.08,15,0,0,824.81,760.15,792.6,618.63
2023-12-18 16:00:00,618.63,16,0,0,629.08,690.8399999999998,758.59,636.2
2023-12-18 17:00:00,636.2,17,0,0,618.63,627.9699999999999,726.9233333333333,623.11
2023-12-18 18:00:00,623.11,18,0,0,636.2,625.98,693.065,614.51
2023-12-18 19:00:00,614.51,19,0,0,623.11,624.6066666666666,657.7233333333334,626.5
2023-12-18 20:00:00,626.5,20,0,0,614.51,621.3733333333333,624.6716666666667,368.19
2023-12-18 21:00:00,368.19,21,0,0,626.5,536.3999999999999,581.1899999999999,380.32
2023-12-18 22:00:00,380.32,22,0,0,368.19,458.3366666666666,541.4716666666667,392.68
2023-12-18 23:00:00,392.68,23,0,0,380.32,380.3966666666666,500.885,368.71
2023-12-19 00:00:00,368.71,0,1,0,392.68,380.5699999999999,458.48499999999996,377.66
2023-12-19 01:00:00,377.66,1,1,0,368.71,379.6833333333332,419.01,360.96
2023-12-19 02:00:00,360.96,2,1,0,377.66,369.1099999999999,374.75333333333333,378.63
2023-12-19 03:00:00,378.63,3,1,0,360.96,372.4166666666666,376.49333333333334,367.91
2023-12-19 04:00:00,367.91,4,1,0,378.63,369.1666666666666,374.425,370.0
2023-12-19 05:00:00,370.0,5,1,0,367.91,372.1799999999999,370.645,366.19
2023-12-19 06:00:00,366.19,6,1,0,370.0,368.0333333333333,370.22499999999997,830.86
2023-12-19 07:00:00,830.86,7,1,0,366.19,522.3499999999999,445.7583333333334,833.06
2023-12-19 08:00:00,833.06,8,1,0,830.86,676.7033333333333,524.4416666666667,825.19
2023-12-19 09:00:00,825.19,9,1,0,833.06,829.7033333333333,598.8683333333333,818.08
2023-12-19 10:00:00,818.08,10,1,0,825.19,825.4433333333333,673.8966666666666,837.72
2023-12-19 11:00:00,837.72,11,1,0,818.08,826.9966666666666,751.85,819.0
2023-12-19 12:00:00,819.0,12,1,0,837.72,824.9333333333333,827.3183333333333,807.7
2023-12-19 13:00:00,807.7,13,1,0,819.0,821.4733333333334,823.4583333333334,828.67
2023-12-19 14:00:00,828.67,14,1,0,807.7,818.4566666666666,822.7266666666668,616.16
2023-12-19 15:00:00,616.16,15,1,0,828.67,750.8433333333332,787.8883333333333,632.91
2023-12-19 16:00:00,632.91,16,1,0,616.16,692.5799999999999,757.0266666666666,621.95
2023-12-19 17:00:00,621.95,17,1,0,632.91,623.6733333333333,721.0649999999999,629.83
2023-12-19 18:00:00,629.83,18,1,0,621.95,628.2299999999999,689.5366666666665,636.21
2023-12-19 19:00:00,636.21,19,1,0,629.83,629.3299999999999,660.955,615.33
2023-12-19 20:00:00,615.33,20,1,0,636.21,627.1233333333333,625.3983333333333,370.47
2023-12-19 21:00:00,370.47,21,1,0,615.33,540.67,584.45,374.39
2023-12-19 22:00:00,374.39,22,1,0,370.47,453.3966666666666,541.3633333333333,387.3
2023-12-19 23:00:00,387.3,23,1,0,374.39,377.3866666666666,502.25500000000005,369.73
2023-12-20 00:00:00,369.73,0,2,0,387.3,377.13999999999993,458.90500000000003,370.24
2023-12-20 01:00:00,370.24,1,2,0,369.73,375.7566666666666,414.57666666666665,378.83
2023-12-20 02:00:00,378.83,2,2,0,370.24,372.9333333333332,375.16,370.38
2023-12-20 03:00:00,370.38,3,2,0,378.83,373.1499999999999,375.145,376.22
2023-12-20 04:00:00,376.22,4,2,0,370.38,375.14333333333326,375.45,362.59
2023-12-20 05:00:00,362.59,5,2,0,376.22,369.72999999999996,371.3316666666667,392.71
2023-12-20 06:00:00,392.71,6,2,0,362.59,377.17333333333323,375.1616666666667,814.22
2023-12-20 07:00:00,814.22,7,2,0,392.71,523.1733333333333,449.1583333333333,822.43
2023-12-20 08:00:00,822.43,8,2,0,814.22,676.4533333333333,523.0916666666667,824.74
2023-12-20 09:00:00,824.74,9,2,0,822.43,820.4633333333333,598.8183333333333,840.3
2023-12-20 10:00:00,840.3,10,2,0,824.74,829.1566666666666,676.165,814.4
2023-12-20 11:00:00,814.4,11,2,0,840.3,826.4799999999999,751.4666666666667,840.87
2023-12-20 12:00:00,840.87,12,2,0,814.4,831.8566666666666,826.16,831.06
2023-12-20 13:00:00,831.06,13,2,0,840.87,828.7766666666666,828.9666666666666,828.34
2023-12-20 14:00:00,828.34,14,2,0,831.06,833.4233333333332,829.9516666666667,617.12
2023-12-20 15:00:00,617.12,15,2,0,828.34,758.84,795.3483333333332,629.57
2023-12-20 16:00:00,629.57,16,2,0,617.12,691.6766666666666,760.2266666666666,619.21
2023-12-20 17:00:00,619.21,17,2,0,629.57,621.9666666666666,727.695,635.13
2023-12-20 18:00:00,635.13,18,2,0,619.21,627.9699999999999,693.4050000000001,617.23
2023-12-20 19:00:00,617.23,19,2,0,635.13,623.8566666666666,657.7666666666667,624.09
2023-12-20 20:00:00,624.09,20,2,0,617.23,625.4833333333332,623.725,370.56
2023-12-20 21:00:00,370.56,21,2,0,624.09,537.2933333333332,582.6316666666667,367.1
2023-12-20 22:00:00,367.1,22,2,0,370.56,453.9166666666666,538.8866666666667,380.93
2023-12-20 23:00:00,380.93,23,2,0,367.1,372.86333333333323,499.17333333333335,379.28
2023-12-21 00:00:00,379.28,0,3,0,380.93,375.77,456.5316666666667,384.67
2023-12-21 01:00:00,384.67,1,3,0,379.28,381.62666666666655,417.7716666666667,360.76
2023-12-21 02:00:00,360.76,2,3,0,384.67,374.90333333333325,373.8833333333334,383.51
2023-12-21 03:00:00,383.51,3,3,0,360.76,376.3133333333333,376.0416666666667,395.04
2023-12-21 04:00:00,395.04,4,3,0,383.51,379.7699999999999,380.6983333333333,371.39
2023-12-21 05:00:00,371.39,5,3,0,395.04,383.3133333333332,379.10833333333335,390.16
2023-12-21 06:00:00,390.16,6,3,0,371.39,385.5299999999999,380.9216666666666,822.89
2023-12-21 07:00:00,822.89,7,3,0,390.16,528.1466666666666,453.9583333333333,814.02
2023-12-21 08:00:00,814.02,8,3,0,822.89,675.6899999999999,529.5016666666667,822.55
2023-12-21 09:00:00,822.55,9,3,0,814.02,819.82,602.6750000000001,833.39
2023-12-21 10:00:00,833.39,10,3,0,822.55,823.3199999999998,675.7333333333333,818.29
2023-12-21 11:00:00,818.29,11,3,0,833.39,824.7433333333332,750.2166666666667,820.2
2023-12-21 12:00:00,820.2,12,3,0,818.29,823.9599999999999,821.89,829.75
2023-12-21 13:00:00,829.75,13,3,0,820.2,822.7466666666666,823.0333333333333,825.02
2023-12-21 14:00:00,825.02,14,3,0,829.75,824.9899999999999,824.8666666666668,629.68
2023-12-21 15:00:00,629.68,15,3,0,825.02,761.4833333333332,792.7216666666667,626.9
2023-12-21 16:00:00,626.9,16,3,0,629.68,693.8666666666664,758.3066666666667,628.84
2023-12-21 17:00:00,628.84,17,3,0,626.9,628.4733333333332,726.7316666666666,621.54
2023-12-21 18:00:00,621.54,18,3,0,628.84,625.7599999999999,693.6216666666666,626.85
2023-12-21 19:00:00,626.85,19,3,0,621.54,625.7433333333332,659.805,617.58
2023-12-21 20:00:00,617.58,20,3,0,626.85,621.9899999999999,625.2316666666667,385.31
2023-12-21 21:00:00,385.31,21,3,0,617.58,543.2466666666666,584.5033333333333,369.93
2023-12-21 22:00:00,369.93,22,3,0,385.31,457.60666666666657,541.6750000000001,384.03
2023-12-21 23:00:00,384.03,23,3,0,369.93,379.7566666666666,500.8733333333333,373.13
2023-12-22 00:00:00,373.13,0,4,0,384.03,375.69666666666654,459.47166666666664,376.62
2023-12-22 01:00:00,376.62,1,4,0,373.13,377.92666666666656,417.7666666666667,371.04
2023-12-22 02:00:00,371.04,2,4,0,376.62,373.5966666666666,376.6766666666667,366.87
2023-12-22 03:00:00,366.87,3,4,0,371.04,371.50999999999993,373.6033333333333,361.04
2023-12-22 04:00:00,361.04,4,4,0,366.87,366.3166666666666,372.12166666666667,366.56
2023-12-22 05:00:00,366.56,5,4,0,361.04,364.82333333333327,369.21000000000004,372.41
2023-12-22 06:00:00,372.41,6,4,0,366.56,366.6699999999999,369.09,826.7
2023-12-22 07:00:00,826.7,7,4,0,372.41,521.89,444.1033333333333,833.08
2023-12-22 08:00:00,833.08,8,4,0,826.7,677.3966666666666,521.11,821.43
2023-12-22 09:00:00,821.43,9,4,0,833.08,827.07,596.87,817.94
2023-12-22 10:00:00,817.94,10,4,0,821.43,824.15,673.0200000000001,813.46
2023-12-22 11:00:00,813.46,11,4,0,817.94,817.61,747.5033333333334,828.84
2023-12-22 12:00:00,828.84,12,4,0,813.46,820.0799999999999,823.5749999999999,836.07
2023-12-22 13:00:00,836.07,13,4,0,828.84,826.1233333333333,825.1366666666668,835.13
2023-12-22 14:00:00,835.13,14,4,0,836.07,833.3466666666667,825.4783333333335,630.68
2023-12-22 15:00:00,630.68,15,4,0,835.13,767.2933333333332,793.6866666666666,630.11
2023-12-22 16:00:00,630.11,16,4,0,630.68,698.6399999999999,762.3816666666667,638.58
2023-12-22 17:00:00,638.58,17,4,0,630.11,633.1233333333332,733.235,627.66
2023-12-22 18:00:00,627.66,18,4,0,638.58,632.1166666666667,699.7049999999999,630.17
2023-12-22 19:00:00,630.17,19,4,0,627.66,632.1366666666665,665.3883333333333,622.43
2023-12-22 20:00:00,622.43,20,4,0,630.17,626.7533333333332,629.9383333333334,364.1
2023-12-22 21:00:00,364.1,21,4,0,622.43,538.9,585.5083333333333,369.53
2023-12-22 22:00:00,369.53,22,4,0,364.1,452.0199999999999,542.0783333333334,374.93
2023-12-22 23:00:00,374.93,23,4,0,369.53,369.5199999999999,498.1366666666667,300.0
2023-12-23 00:00:00,300.0,0,5,1,374.93,348.15333333333325,443.52666666666664,310.41
2023-12-23 01:00:00,310.41,1,5,1,300.0,328.4466666666666,390.23333333333335,300.0
2023-12-23 02:00:00,300.0,2,5,1,310.41,303.46999999999997,336.49500000000006,304.43
2023-12-23 03:00:00,304.43,3,5,1,300.0,304.94666666666666,326.55,300.0
2023-12-23 04:00:00,300.0,4,5,1,304.43,301.47666666666663,314.96166666666664,300.0
2023-12-23 05:00:00,300.0,5,5,1,300.0,301.47666666666663,302.4733333333333,300.0
2023-12-23 06:00:00,300.0,6,5,1,300.0,300.0,302.4733333333333,739.06
2023-12-23 07:00:00,739.06,7,5,1,300.0,446.35333333333324,373.91499999999996,749.22
2023-12-23 08:00:00,749.22,8,5,1,739.06,596.0933333333332,448.785,745.06
2023-12-23 09:00:00,745.06,9,5,1,749.22,744.4466666666666,522.2233333333334,752.54
2023-12-23 10:00:00,752.54,10,5,1,745.06,748.9399999999999,597.6466666666666,746.45
2023-12-23 11:00:00,746.45,11,5,1,752.54,748.0166666666665,672.055,742.18
2023-12-23 12:00:00,742.18,12,5,1,746.45,747.0566666666665,745.7516666666667,762.19
2023-12-23 13:00:00,762.19,13,5,1,742.18,750.2733333333332,749.6066666666667,744.25
2023-12-23 14:00:00,744.25,14,5,1,762.19,749.54,748.7783333333333,554.3
2023-12-23 15:00:00,554.3,15,5,1,744.25,686.9133333333333,716.985,541.79
2023-12-23 16:00:00,541.79,16,5,1,554.3,613.4466666666666,681.86,550.68
2023-12-23 17:00:00,550.68,17,5,1,541.79,548.9233333333333,649.2316666666667,552.42
2023-12-23 18:00:00,552.42,18,5,1,550.68,548.2966666666666,617.605,546.67
2023-12-23 19:00:00,546.67,19,5,1,552.42,549.9233333333333,581.685,526.16
2023-12-23 20:00:00,526.16,20,5,1,546.67,541.7499999999999,545.3366666666667,300.0
2023-12-23 21:00:00,300.0,21,5,1,526.16,457.60999999999984,502.9533333333333,304.84
2023-12-23 22:00:00,304.84,22,5,1,300.0,376.99999999999994,463.4616666666666,300.0
2023-12-23 23:00:00,300.0,23,5,1,304.84,301.61333333333323,421.6816666666666,300.0
2023-12-24 00:00:00,300.0,0,6,1,300.0,301.61333333333323,379.6116666666666,300.0
2023-12-24 01:00:00,300.0,1,6,1,300.0,300.0,338.5,300.0
2023-12-24 02:00:00,300.0,2,6,1,300.0,300.0,300.8066666666667,300.0
2023-12-24 03:00:00,300.0,3,6,1,300.0,300.0,300.8066666666667,300.0
2023-12-24 04:00:00,300.0,4,6,1,300.0,300.0,300.0,304.72
2023-12-24 05:00:00,304.72,5,6,1,300.0,301.57333333333327,300.7866666666667,300.0
2023-12-24 06:00:00,300.0,6,6,1,304.72,301.57333333333327,300.7866666666667,748.25
2023-12-24 07:00:00,748.25,7,6,1,300.0,450.98999999999995,375.49500000000006,745.13
2023-12-24 08:00:00,745.13,8,6,1,748.25,597.7933333333332,449.68333333333334,737.1
2023-12-24 09:00:00,737.1,9,6,1,745.13,743.4933333333332,522.5333333333333,726.95
2023-12-24 10:00:00,726.95,10,6,1,737.1,736.3933333333333,593.6916666666667,748.45
2023-12-24 11:00:00,748.45,11,6,1,726.95,737.5,667.6466666666666,746.39
2023-12-24 12:00:00,746.39,12,6,1,748.45,740.5966666666667,742.0450000000001,740.05
2023-12-24 13:00:00,740.05,13,6,1,746.39,744.9633333333333,740.6783333333334,732.05
2023-12-24 14:00:00,732.05,14,6,1,740.05,739.4966666666666,738.4983333333333,550.04
2023-12-24 15:00:00,550.04,15,6,1,732.05,674.0466666666666,707.3216666666666,542.87
2023-12-24 16:00:00,542.87,16,6,1,550.04,608.3199999999998,676.6416666666667,549.45
2023-12-24 17:00:00,549.45,17,6,1,542.87,547.4533333333333,643.4749999999999,559.91
2023-12-24 18:00:00,559.91,18,6,1,549.45,550.7433333333332,612.395,527.87
2023-12-24 19:00:00,527.87,19,6,1,559.91,545.7433333333332,577.0316666666666,539.4
2023-12-24 20:00:00,539.4,20,6,1,527.87,542.3933333333333,544.9233333333333,300.0
2023-12-24 21:00:00,300.0,21,6,1,539.4,455.75666666666666,503.25,306.64
2023-12-24 22:00:00,306.64,22,6,1,300.0,382.01333333333326,463.87833333333333,300.0
2023-12-24 23:00:00,300.0,23,6,1,306.64,302.21333333333325,422.3033333333333,390.49
2023-12-25 00:00:00,390.49,0,0,0,300.0,332.3766666666666,394.0666666666666,376.09
2023-12-25 01:00:00,376.09,1,0,0,390.49,355.5266666666666,368.77,374.23
2023-12-25 02:00:00,374.23,2,0,0,376.09,380.2699999999999,341.2416666666666,373.42
2023-12-25 03:00:00,373.42,3,0,0,374.23,374.5799999999999,353.4783333333333,371.51
2023-12-25 04:00:00,371.51,4,0,0,373.42,373.0533333333333,364.28999999999996,383.38
2023-12-25 05:00:00,383.38,5,0,0,371.51,376.1033333333333,378.18666666666667,366.45
2023-12-25 06:00:00,366.45,6,0,0,383.38,373.7799999999999,374.18,827.76
2023-12-25 07:00:00,827.76,7,0,0,366.45,525.8633333333332,449.4583333333333,821.93
2023-12-25 08:00:00,821.93,8,0,0,827.76,672.0466666666665,524.0749999999999,818.9
2023-12-25 09:00:00,818.9,9,0,0,821.93,822.8633333333332,598.3216666666666,845.69
2023-12-25 10:00:00,845.69,10,0,0,818.9,828.8399999999998,677.3516666666667,828.35
2023-12-25 11:00:00,828.35,11,0,0,845.69,830.98,751.5133333333333,829.91
2023-12-25 12:00:00,829.91,12,0,0,828.35,834.65,828.7566666666667,834.1
2023-12-25 13:00:00,834.1,13,0,0,829.91,830.7866666666665,829.8133333333334,813.63
2023-12-25 14:00:00,813.63,14,0,0,834.1,825.88,828.43,639.02
2023-12-25 15:00:00,639.02,15,0,0,813.63,762.25,798.4499999999999,604.93
2023-12-25 16:00:00,604.93,16,0,0,639.02,685.86,758.3233333333333,618.85
2023-12-25 17:00:00,618.85,17,0,0,604.93,620.9333333333333,723.4066666666668,621.33
2023-12-25 18:00:00,621.33,18,0,0,618.85,615.0366666666665,688.6433333333334,629.65
2023-12-25 19:00:00,629.65,19,0,0,621.33,623.2766666666666,654.5683333333333,626.75
2023-12-25 20:00:00,626.75,20,0,0,629.65,625.91,623.4216666666666,373.67
2023-12-25 21:00:00,373.67,21,0,0,626.75,543.3566666666666,579.1966666666667,374.9
2023-12-25 22:00:00,374.9,22,0,0,373.67,458.4399999999999,540.8583333333333,367.18
2023-12-25 23:00:00,367.18,23,0,0,374.9,371.9166666666666,498.91333333333336,363.02
2023-12-26 00:00:00,363.02,0,1,0,367.18,368.36666666666656,455.8616666666667,380.81
2023-12-26 01:00:00,380.81,1,1,0,363.02,370.3366666666666,414.3883333333333,380.55
2023-12-26 02:00:00,380.55,2,1,0,380.81,374.79333333333324,373.355,387.68
2023-12-26 03:00:00,387.68,3,1,0,380.55,383.01333333333326,375.69,368.68
2023-12-26 04:00:00,368.68,4,1,0,387.68,378.96999999999997,374.65333333333336,380.54
2023-12-26 05:00:00,380.54,5,1,0,368.68,378.96666666666664,376.88000000000005,372.73
2023-12-26 06:00:00,372.73,6,1,0,380.54,373.9833333333333,378.4983333333334,834.52
2023-12-26 07:00:00,834.52,7,1,0,372.73,529.2633333333333,454.1166666666666,833.18
2023-12-26 08:00:00,833.18,8,1,0,834.52,680.1433333333333,529.555,826.69
2023-12-26 09:00:00,826.69,9,1,0,833.18,831.4633333333333,602.7233333333334,822.28
2023-12-26 10:00:00,822.28,10,1,0,826.69,827.3833333333332,678.3233333333333,832.69
2023-12-26 11:00:00,832.69,11,1,0,822.28,827.2199999999999,753.6816666666667,830.18
2023-12-26 12:00:00,830.18,12,1,0,832.69,828.3833333333333,829.9233333333333,819.52
2023-12-26 13:00:00,819.52,13,1,0,830.18,827.4633333333333,827.4233333333333,814.38
2023-12-26 14:00:00,814.38,14,1,0,819.52,821.36,824.2900000000001,622.69
2023-12-26 15:00:00,622.69,15,1,0,814.38,752.1966666666667,790.29,637.12
2023-12-26 16:00:00,637.12,16,1,0,622.69,691.3966666666666,759.43,634.17
2023-12-26 17:00:00,634.17,17,1,0,637.12,631.3266666666666,726.3433333333334,616.1
2023-12-26 18:00:00,616.1,18,1,0,634.17,629.13,690.6633333333333,615.66
2023-12-26 19:00:00,615.66,19,1,0,616.1,621.9766666666666,656.6866666666667,635.2
2023-12-26 20:00:00,635.2,20,1,0,615.66,622.3199999999999,626.8233333333334,365.91
2023-12-26 21:00:00,365.91,21,1,0,635.2,538.9233333333333,584.0266666666668,379.07
2023-12-26 22:00:00,379.07,22,1,0,365.91,460.05999999999995,541.0183333333333,370.07
2023-12-26 23:00:00,370.07,23,1,0,379.07,371.68333333333334,497.0016666666667,387.94
2023-12-27 00:00:00,387.94,0,2,0,370.07,379.02666666666664,458.97499999999997,368.84
2023-12-27 01:00:00,368.84,1,2,0,387.94,375.6166666666666,417.8383333333333,384.15
2023-12-27 02:00:00,384.15,2,2,0,368.84,380.30999999999995,375.99666666666667,376.48
2023-12-27 03:00:00,376.48,3,2,0,384.15,376.48999999999995,377.7583333333334,377.02
2023-12-27 04:00:00,377.02,4,2,0,376.48,379.21666666666664,377.4166666666667,359.24
2023-12-27 05:00:00,359.24,5,2,0,377.02,370.91333333333324,375.6116666666667,357.38
2023-12-27 06:00:00,357.38,6,2,0,359.24,364.5466666666666,370.51833333333326,823.24
2023-12-27 07:00:00,823.24,7,2,0,357.38,513.2866666666666,446.2516666666667,826.98
2023-12-27 08:00:00,826.98,8,2,0,823.24,669.1999999999999,520.0566666666667,816.0
2023-12-27 09:00:00,816.0,9,2,0,826.98,822.0733333333334,593.31,816.29
2023-12-27 10:00:00,816.29,10,2,0,816.0,819.7566666666667,666.5216666666666,829.49
2023-12-27 11:00:00,829.49,11,2,0,816.29,820.5933333333332,744.8966666666666,829.5
2023-12-27 12:00:00,829.5,12,2,0,829.49,825.0933333333332,823.5833333333334,823.9
2023-12-27 13:00:00,823.9,13,2,0,829.5,827.63,823.6933333333333,831.24
2023-12-27 14:00:00,831.24,14,2,0,823.9,828.2133333333333,824.4033333333333,615.61
2023-12-27 15:00:00,615.61,15,2,0,831.24,756.9166666666666,791.005,622.15
2023-12-27 16:00:00,622.15,16,2,0,615.61,689.6666666666666,758.6483333333332,638.18
2023-12-27 17:00:00,638.18,17,2,0,622.15,625.3133333333334,726.7633333333333,625.55
2023-12-27 18:00:00,625.55,18,2,0,638.18,628.6266666666667,692.7716666666666,626.01
2023-12-27 19:00:00,626.01,19,2,0,625.55,629.9133333333333,659.79,643.45
2023-12-27 20:00:00,643.45,20,2,0,626.01,631.67,628.4916666666667,363.81
2023-12-27 21:00:00,363.81,21,2,0,643.45,544.4233333333333,586.525,381.37
2023-12-27 22:00:00,381.37,22,2,0,363.81,462.8766666666667,546.395,388.31
2023-12-27 23:00:00,388.31,23,2,0,381.37,377.83,504.75,372.4
2023-12-28 00:00:00,372.4,0,3,0,388.31,380.6933333333333,462.55833333333334,381.88
2023-12-28 01:00:00,381.88,1,3,0,372.4,380.8633333333333,421.87000000000006,367.14
2023-12-28 02:00:00,367.14,2,3,0,381.88,373.8066666666667,375.8183333333333,369.51
2023-12-28 03:00:00,369.51,3,3,0,367.14,372.8433333333333,376.7683333333334,378.08
2023-12-28 04:00:00,378.08,4,3,0,369.51,371.57666666666665,376.21999999999997,381.39
2023-12-28 05:00:00,381.39,5,3,0,378.08,376.32666666666665,375.06666666666666,383.97
2023-12-28 06:00:00,383.97,6,3,0,381.39,381.1466666666667,376.99499999999995,837.56
2023-12-28 07:00:00,837.56,7,3,0,383.97,534.3066666666667,452.9416666666666,824.46
2023-12-28 08:00:00,824.46,8,3,0,837.56,681.9966666666667,529.1616666666667,834.55
2023-12-28 09:00:00,834.55,9,3,0,824.46,832.1899999999999,606.6683333333333,822.26
2023-12-28 10:00:00,822.26,10,3,0,834.55,827.09,680.6983333333333,832.22
2023-12-28 11:00:00,832.22,11,3,0,822.26,829.6766666666666,755.8366666666667,826.66
2023-12-28 12:00:00,826.66,12,3,0,832.22,827.0466666666666,829.6183333333333,828.57
2023-12-28 13:00:00,828.57,13,3,0,826.66,829.15,828.12,828.39
2023-12-28 14:00:00,828.39,14,3,0,828.57,827.8733333333333,828.7750000000001,612.16
2023-12-28 15:00:00,612.16,15,3,0,828.39,756.3733333333333,791.71,616.01
2023-12-28 16:00:00,616.01,16,3,0,612.16,685.52,757.335,625.82
2023-12-28 17:00:00,625.82,17,3,0,616.01,617.9966666666668,722.935,611.5
2023-12-28 18:00:00,611.5,18,3,0,625.82,617.7766666666666,687.0749999999999,631.65
2023-12-28 19:00:00,631.65,19,3,0,611.5,622.99,654.255,631.97
2023-12-28 20:00:00,631.97,20,3,0,631.65,625.0400000000001,621.5183333333333,377.62
2023-12-28 21:00:00,377.62,21,3,0,631.97,547.0799999999999,582.4283333333333,366.03
2023-12-28 22:00:00,366.03,22,3,0,377.62,458.53999999999996,540.765,386.04
2023-12-28 23:00:00,386.04,23,3,0,366.03,376.56333333333333,500.8016666666667,391.3
2023-12-29 00:00:00,391.3,0,4,0,386.04,381.1233333333333,464.10166666666663,376.18
2023-12-29 01:00:00,376.18,1,4,0,391.3,384.50666666666666,421.52333333333337,379.08
2023-12-29 02:00:00,379.08,2,4,0,376.18,382.18666666666667,379.375,376.61
2023-12-29 03:00:00,376.61,3,4,0,379.08,377.28999999999996,379.2066666666667,379.24
2023-12-29 04:00:00,379.24,4,4,0,376.61,378.30999999999995,381.4083333333333,374.04
2023-12-29 05:00:00,374.04,5,4,0,379.24,376.63000000000005,379.4083333333333,374.72
2023-12-29 06:00:00,374.72,6,4,0,374.04,376.0,376.645,832.25
2023-12-29 07:00:00,832.25,7,4,0,374.72,527.0033333333333,452.6566666666667,843.76
2023-12-29 08:00:00,843.76,8,4,0,832.25,683.5766666666667,530.1033333333334,813.8
2023-12-29 09:00:00,813.8,9,4,0,843.76,829.9366666666666,602.9683333333334,824.17
2023-12-29 10:00:00,824.17,10,4,0,813.8,827.2433333333333,677.1233333333333,815.56
2023-12-29 11:00:00,815.56,11,4,0,824.17,817.8433333333332,750.71,837.74
2023-12-29 12:00:00,837.74,12,4,0,815.56,825.8233333333333,827.88,820.3
2023-12-29 13:00:00,820.3,13,4,0,837.74,824.5333333333333,825.8883333333333,813.45
2023-12-29 14:00:00,813.45,14,4,0,820.3,823.8299999999999,820.8366666666666,630.11
2023-12-29 15:00:00,630.11,15,4,0,813.45,754.62,790.2216666666667,638.95
2023-12-29 16:00:00,638.95,16,4,0,630.11,694.1700000000001,759.3516666666666,630.31
2023-12-29 17:00:00,630.31,17,4,0,638.95,633.1233333333333,728.4766666666666,626.64
2023-12-29 18:00:00,626.64,18,4,0,630.31,631.9666666666667,693.2933333333334,628.27
2023-12-29 19:00:00,628.27,19,4,0,626.64,628.4066666666666,661.2883333333333,636.32
2023-12-29 20:00:00,636.32,20,4,0,628.27,630.41,631.7666666666668,368.01
2023-12-29 21:00:00,368.01,21,4,0,636.32,544.2,588.0833333333334,374.11
2023-12-29 22:00:00,374.11,22,4,0,368.01,459.48,543.9433333333334,371.38
2023-12-29 23:00:00,371.38,23,4,0,374.11,371.1666666666667,500.7883333333334,300.0
2023-12-30 00:00:00,300.0,0,5,1,371.38,348.49666666666667,446.34833333333336,300.0
2023-12-30 01:00:00,300.0,1,5,1,300.0,323.79333333333335,391.6366666666666,303.86
2023-12-30 02:00:00,303.86,2,5,1,300.0,301.2866666666667,336.2266666666667,300.0
2023-12-30 03:00:00,300.0,3,5,1,303.86,301.2866666666667,324.89166666666665,300.15
2023-12-30 04:00:00,300.15,4,5,1,300.0,301.33666666666664,312.565,300.0
2023-12-30 05:00:00,300.0,5,5,1,300.15,300.05,300.66833333333335,300.0
2023-12-30 06:00:00,300.0,6,5,1,300.0,300.05,300.66833333333335,738.6
2023-12-30 07:00:00,738.6,7,5,1,300.0,446.2,373.7683333333334,742.52
2023-12-30 08:00:00,742.52,8,5,1,738.6,593.7066666666666,446.87833333333333,746.54
2023-12-30 09:00:00,746.54,9,5,1,742.52,742.5533333333333,521.3016666666666,747.22
2023-12-30 10:00:00,747.22,10,5,1,746.54,745.4266666666667,595.8133333333333,747.56
2023-12-30 11:00:00,747.56,11,5,1,747.22,747.1066666666667,670.4066666666666,743.89
2023-12-30 12:00:00,743.89,12,5,1,747.56,746.2233333333334,744.3883333333333,741.98
2023-12-30 13:00:00,741.98,13,5,1,743.89,744.4766666666666,744.9516666666667,770.26
2023-12-30 14:00:00,770.26,14,5,1,741.98,752.0433333333334,749.5749999999999,552.25
2023-12-30 15:00:00,552.25,15,5,1,770.26,688.1633333333333,717.1933333333333,548.31
2023-12-30 16:00:00,548.31,16,5,1,552.25,623.6066666666667,684.0416666666666,543.13
2023-12-30 17:00:00,543.13,17,5,1,548.31,547.8966666666666,649.97,541.39
2023-12-30 18:00:00,541.39,18,5,1,543.13,544.2766666666666,616.22,543.95
2023-12-30 19:00:00,543.95,19,5,1,541.39,542.8233333333334,583.215,547.34
2023-12-30 20:00:00,547.34,20,5,1,543.95,544.2266666666668,546.0616666666666,300.0
2023-12-30 21:00:00,300.0,21,5,1,547.34,463.7633333333333,504.02,300.0
2023-12-30 22:00:00,300.0,22,5,1,300.0,382.4466666666667,462.635,300.0
2023-12-30 23:00:00,300.0,23,5,1,300.0,300.0,422.1133333333333,300.0
2023-12-31 00:00:00,300.0,0,6,1,300.0,300.0,381.88166666666666,300.0
2023-12-31 01:00:00,300.0,1,6,1,300.0,300.0,341.22333333333336,306.82
2023-12-31 02:00:00,306.82,2,6,1,300.0,302.2733333333333,301.13666666666666,300.0
2023-12-31 03:00:00,300.0,3,6,1,306.82,302.2733333333333,301.1366666666667,300.0
2023-12-31 04:00:00,300.0,4,6,1,300.0,302.2733333333333,301.1366666666667,307.16
2023-12-31 05:00:00,307.16,5,6,1,300.0,302.3866666666667,302.33,300.0
2023-12-31 06:00:00,300.0,6,6,1,307.16,302.3866666666667,302.33,752.08
2023-12-31 07:00:00,752.08,7,6,1,300.0,453.0800000000001,377.67666666666673,761.41
2023-12-31 08:00:00,761.41,8,6,1,752.08,604.4966666666667,453.44166666666666,739.45
2023-12-31 09:00:00,739.45,9,6,1,761.41,750.98,526.6833333333333,744.21
2023-12-31 10:00:00,744.21,10,6,1,739.45,748.3566666666667,600.7183333333334,742.82
2023-12-31 11:00:00,742.82,11,6,1,744.21,742.16,673.3283333333334,729.36
2023-12-31 12:00:00,729.36,12,6,1,742.82,738.7966666666667,744.8883333333333,742.52
2023-12-31 13:00:00,742.52,13,6,1,729.36,738.2333333333332,743.2950000000001,752.05
2023-12-31 14:00:00,752.05,14,6,1,742.52,741.31,741.735,549.32
2023-12-31 15:00:00,549.32,15,6,1,752.05,681.2966666666666,710.0466666666667,549.95
2023-12-31 16:00:00,549.95,16,6,1,549.32,617.1066666666667,677.6700000000001,542.0
2023-12-31 17:00:00,542.0,17,6,1,549.95,547.09,644.1999999999999,539.75
2023-12-31 18:00:00,539.75,18,6,1,542.0,543.9,612.5983333333334,555.15
2023-12-31 19:00:00,555.15,19,6,1,539.75,545.6333333333333,581.37,541.02
2023-12-31 20:00:00,541.02,20,6,1,555.15,545.3066666666667,546.1983333333334,300.0
2023-12-31 21:00:00,300.0,21,6,1,541.02,465.39000000000004,504.645,300.0
2023-12-31 22:00:00,300.0,22,6,1,300.0,380.34,462.9866666666667,306.69
