datetime,energy_kwh,hour,day_of_week,is_weekend,prev_hour_energy,rolling_3h_avg,rolling_6h_avg,target_next_hour
2023-01-01 05:00:00,190.85,5,6,1,190.16,194.35,195.80666666666664,197.44
2023-01-01 06:00:00,197.44,6,6,1,190.85,192.8166666666667,197.00333333333333,198.01
2023-01-01 07:00:00,198.01,7,6,1,197.44,195.4333333333333,195.36166666666668,190.5
2023-01-01 08:00:00,190.5,8,6,1,198.01,195.3166666666667,194.83333333333334,172.46
2023-01-01 09:00:00,172.46,9,6,1,190.5,186.99,189.90333333333334,297.16
2023-01-01 10:00:00,297.16,10,6,1,172.46,220.04,207.73666666666668,303.98
2023-01-01 11:00:00,303.98,11,6,1,297.16,257.8666666666667,226.5916666666667,298.69
2023-01-01 12:00:00,298.69,12,6,1,303.98,299.9433333333333,243.46666666666667,302.15
2023-01-01 13:00:00,302.15,13,6,1,298.69,301.6066666666666,260.8233333333333,300.66
2023-01-01 14:00:00,300.66,14,6,1,302.15,300.5,279.18333333333334,287.02
2023-01-01 15:00:00,287.02,15,6,1,300.66,296.60999999999996,298.27666666666664,305.56
2023-01-01 16:00:00,305.56,16,6,1,287.02,297.74666666666667,299.6766666666667,186.76
2023-01-01 17:00:00,186.76,17,6,1,305.56,259.78,280.14,187.39
2023-01-01 18:00:00,187.39,18,6,1,186.76,226.57000000000002,261.59,196.13
2023-01-01 19:00:00,196.13,19,6,1,187.39,190.09333333333333,243.92,185.55
2023-01-01 20:00:00,185.55,20,6,1,196.13,189.68999999999997,224.735,193.49
2023-01-01 21:00:00,193.49,21,6,1,185.55,191.72333333333336,209.14666666666665,184.55
2023-01-01 22:00:00,184.55,22,6,1,193.49,187.86333333333334,188.97833333333332,189.9
2023-01-01 23:00:00,189.9,23,6,1,184.55,189.31333333333336,189.50166666666667,174.13
2023-01-02 00:00:00,174.13,0,0,0,189.9,182.86,187.29166666666666,173.42
2023-01-02 01:00:00,173.42,1,0,0,174.13,179.15,183.50666666666666,170.59
2023-01-02 02:00:00,170.59,2,0,0,173.42,172.71333333333334,181.01333333333332,176.76
2023-01-02 03:00:00,176.76,3,0,0,170.59,173.59,178.225,178.09
2023-01-02 04:00:00,178.09,4,0,0,176.76,175.14666666666668,177.14833333333334,184.53
2023-01-02 05:00:00,184.53,5,0,0,178.09,179.79333333333332,176.25333333333333,172.53
2023-01-02 06:00:00,172.53,6,0,0,184.53,178.38333333333333,175.98666666666668,477.42
2023-01-02 07:00:00,477.42,7,0,0,172.53,278.16,226.65333333333334,708.86
2023-01-02 08:00:00,708.86,8,0,0,477.42,452.93666666666667,316.365,841.84
2023-01-02 09:00:00,841.84,9,0,0,708.86,676.0400000000001,427.21166666666664,859.53
2023-01-02 10:00:00,859.53,10,0,0,841.84,803.41,540.785,919.17
2023-01-02 11:00:00,919.17,11,0,0,859.53,873.5133333333333,663.225,948.1
2023-01-02 12:00:00,948.1,12,0,0,919.17,908.9333333333334,792.4866666666667,693.46
2023-01-02 13:00:00,693.46,13,0,0,948.1,853.5766666666667,828.4933333333333,722.12
2023-01-02 14:00:00,722.12,14,0,0,693.46,787.8933333333333,830.7033333333334,900.82
2023-01-02 15:00:00,900.82,15,0,0,722.12,772.1333333333333,840.5333333333333,852.18
2023-01-02 16:00:00,852.18,16,0,0,900.82,825.04,839.3083333333334,818.87
2023-01-02 17:00:00,818.87,17,0,0,852.18,857.29,822.5916666666667,408.55
2023-01-02 18:00:00,408.55,18,0,0,818.87,693.1999999999999,732.6666666666666,334.55
2023-01-02 19:00:00,334.55,19,0,0,408.55,520.6566666666668,672.8483333333334,270.25
2023-01-02 20:00:00,270.25,20,0,0,334.55,337.78333333333336,597.5366666666667,188.32
2023-01-02 21:00:00,188.32,21,0,0,270.25,264.3733333333333,478.78666666666663,171.85
2023-01-02 22:00:00,171.85,22,0,0,188.32,210.14,365.3983333333333,169.62
2023-01-02 23:00:00,169.62,23,0,0,171.85,176.59666666666666,257.19,173.19
2023-01-03 00:00:00,173.19,0,1,0,169.62,171.5533333333333,217.96333333333334,170.3
2023-01-03 01:00:00,170.3,1,1,0,173.19,171.03666666666666,190.58833333333334,184.34
2023-01-03 02:00:00,184.34,2,1,0,170.3,175.9433333333333,176.26999999999998,181.4
2023-01-03 03:00:00,181.4,3,1,0,184.34,178.68000000000004,175.11666666666667,197.06
2023-01-03 04:00:00,197.06,4,1,0,181.4,187.6,179.31833333333336,164.2
2023-01-03 05:00:00,164.2,5,1,0,197.06,180.88666666666666,178.415,191.54
2023-01-03 06:00:00,191.54,6,1,0,164.2,184.26666666666665,181.47333333333333,478.06
2023-01-03 07:00:00,478.06,7,1,0,191.54,277.93333333333334,232.76666666666665,686.88
2023-01-03 08:00:00,686.88,8,1,0,478.06,452.16,316.5233333333333,847.15
2023-01-03 09:00:00,847.15,9,1,0,686.88,670.6966666666667,427.4816666666666,927.8
2023-01-03 10:00:00,927.8,10,1,0,847.15,820.61,549.2716666666666,894.78
2023-01-03 11:00:00,894.78,11,1,0,927.8,889.91,671.035,925.66
2023-01-03 12:00:00,925.66,12,1,0,894.78,916.0799999999999,793.3883333333333,721.25
2023-01-03 13:00:00,721.25,13,1,0,925.66,847.23,833.9200000000001,732.04
2023-01-03 14:00:00,732.04,14,1,0,721.25,792.9833333333332,841.4466666666667,845.94
2023-01-03 15:00:00,845.94,15,1,0,732.04,766.41,841.2449999999999,879.83
2023-01-03 16:00:00,879.83,16,1,0,845.94,819.27,833.25,847.39
2023-01-03 17:00:00,847.39,17,1,0,879.83,857.7199999999999,825.3516666666666,408.28
2023-01-03 18:00:00,408.28,18,1,0,847.39,711.8333333333334,739.1216666666666,345.9
2023-01-03 19:00:00,345.9,19,1,0,408.28,533.8566666666667,676.5633333333333,261.22
2023-01-03 20:00:00,261.22,20,1,0,345.9,338.46666666666664,598.0933333333334,169.84
2023-01-03 21:00:00,169.84,21,1,0,261.22,258.9866666666667,485.4099999999999,177.32
2023-01-03 22:00:00,177.32,22,1,0,169.84,202.79333333333332,368.325,167.39
2023-01-03 23:00:00,167.39,23,1,0,177.32,171.51666666666665,254.99166666666667,176.21
2023-01-04 00:00:00,176.21,0,2,0,167.39,173.64,216.31333333333336,188.22
2023-01-04 01:00:00,188.22,1,2,0,176.21,177.27333333333334,190.03333333333333,162.09
2023-01-04 02:00:00,162.09,2,2,0,188.22,175.50666666666666,173.51166666666666,171.24
2023-01-04 03:00:00,171.24,3,2,0,162.09,173.85,173.745,178.67
2023-01-04 04:00:00,178.67,4,2,0,171.24,170.66666666666666,173.97,174.19
2023-01-04 05:00:00,174.19,5,2,0,178.67,174.70000000000002,175.10333333333335,182.25
2023-01-04 06:00:00,182.25,6,2,0,174.19,178.37,176.11,488.2
2023-01-04 07:00:00,488.2,7,2,0,182.25,281.5466666666667,226.10666666666665,694.74
2023-01-04 08:00:00,694.74,8,2,0,488.2,455.06333333333333,314.88166666666666,826.39
2023-01-04 09:00:00,826.39,9,2,0,694.74,669.7766666666666,424.0733333333333,900.75
2023-01-04 10:00:00,900.75,10,2,0,826.39,807.2933333333334,544.42,907.27
2023-01-04 11:00:00,907.27,11,2,0,900.75,878.1366666666667,666.6,919.36
2023-01-04 12:00:00,919.36,12,2,0,907.27,909.1266666666667,789.4516666666667,743.32
2023-01-04 13:00:00,743.32,13,2,0,919.36,856.65,831.9716666666667,755.02
2023-01-04 14:00:00,755.02,14,2,0,743.32,805.9,842.0183333333334,909.74
2023-01-04 15:00:00,909.74,15,2,0,755.02,802.6933333333333,855.91,834.96
2023-01-04 16:00:00,834.96,16,2,0,909.74,833.2400000000001,844.945,843.9
2023-01-04 17:00:00,843.9,17,2,0,834.96,862.8666666666667,834.3833333333332,423.51
2023-01-04 18:00:00,423.51,18,2,0,843.9,700.79,751.7416666666667,338.02
2023-01-04 19:00:00,338.02,19,2,0,423.51,535.1433333333333,684.1916666666667,261.88
2023-01-04 20:00:00,261.88,20,2,0,338.02,341.13666666666666,602.0016666666667,178.38
2023-01-04 21:00:00,178.38,21,2,0,261.88,259.4266666666667,480.10833333333335,180.22
2023-01-04 22:00:00,180.22,22,2,0,178.38,206.82666666666668,370.98499999999996,168.91
2023-01-04 23:00:00,168.91,23,2,0,180.22,175.83666666666667,258.4866666666666,182.55
2023-01-05 00:00:00,182.55,0,3,0,168.91,177.2266666666667,218.32666666666663,181.56
2023-01-05 01:00:00,181.56,1,3,0,182.55,177.67333333333332,192.25,176.07
2023-01-05 02:00:00,176.07,2,3,0,181.56,180.06000000000003,177.94833333333335,182.46
2023-01-05 03:00:00,182.46,3,3,0,176.07,180.03,178.62833333333333,186.43
2023-01-05 04:00:00,186.43,4,3,0,182.46,181.65333333333334,179.66333333333333,168.99
2023-01-05 05:00:00,168.99,5,3,0,186.43,179.29333333333332,179.67666666666665,188.89
2023-01-05 06:00:00,188.89,6,3,0,168.99,181.43666666666664,180.73333333333335,485.13
2023-01-05 07:00:00,485.13,7,3,0,188.89,281.00333333333333,231.32833333333335,699.25
2023-01-05 08:00:00,699.25,8,3,0,485.13,457.75666666666666,318.52500000000003,853.95
2023-01-05 09:00:00,853.95,9,3,0,699.25,679.4433333333333,430.44000000000005,869.72
2023-01-05 10:00:00,869.72,10,3,0,853.95,807.64,544.3216666666667,888.33
2023-01-05 11:00:00,888.33,11,3,0,869.72,870.6666666666666,664.2116666666667,975.17
2023-01-05 12:00:00,975.17,12,3,0,888.33,911.0733333333334,795.2583333333333,760.88
2023-01-05 13:00:00,760.88,13,3,0,975.17,874.7933333333334,841.2166666666667,763.45
2023-01-05 14:00:00,763.45,14,3,0,760.88,833.1666666666666,851.9166666666666,867.5
2023-01-05 15:00:00,867.5,15,3,0,763.45,797.2766666666666,854.1750000000001,823.72
2023-01-05 16:00:00,823.72,16,3,0,867.5,818.2233333333334,846.5083333333333,826.23
2023-01-05 17:00:00,826.23,17,3,0,823.72,839.1500000000001,836.1583333333333,429.92
2023-01-05 18:00:00,429.92,18,3,0,826.23,693.2900000000001,745.2833333333333,331.13
2023-01-05 19:00:00,331.13,19,3,0,429.92,529.0933333333334,673.6583333333333,263.53
2023-01-05 20:00:00,263.53,20,3,0,331.13,341.52666666666664,590.3383333333334,175.12
2023-01-05 21:00:00,175.12,21,3,0,263.53,256.5933333333333,474.94166666666666,185.73
2023-01-05 22:00:00,185.73,22,3,0,175.12,208.12666666666667,368.60999999999996,179.81
2023-01-05 23:00:00,179.81,23,3,0,185.73,180.22,260.8733333333333,166.49
2023-01-06 00:00:00,166.49,0,4,0,179.81,177.34333333333333,216.96833333333333,157.58
2023-01-06 01:00:00,157.58,1,4,0,166.49,167.96,188.04333333333332,177.41
2023-01-06 02:00:00,177.41,2,4,0,157.58,167.16,173.68999999999997,187.19
2023-01-06 03:00:00,187.19,3,4,0,177.41,174.06000000000003,175.70166666666668,162.48
2023-01-06 04:00:00,162.48,4,4,0,187.19,175.6933333333333,171.82666666666668,174.33
2023-01-06 05:00:00,174.33,5,4,0,162.48,174.66666666666666,170.91333333333333,165.81
2023-01-06 06:00:00,165.81,6,4,0,174.33,167.54,170.79999999999998,467.96
2023-01-06 07:00:00,467.96,7,4,0,165.81,269.3666666666666,222.53,702.66
2023-01-06 08:00:00,702.66,8,4,0,467.96,445.47666666666663,310.07166666666666,841.0
2023-01-06 09:00:00,841.0,9,4,0,702.66,670.54,419.03999999999996,879.75
2023-01-06 10:00:00,879.75,10,4,0,841.0,807.8033333333333,538.5849999999999,909.59
2023-01-06 11:00:00,909.59,11,4,0,879.75,876.7800000000001,661.1283333333333,938.86
2023-01-06 12:00:00,938.86,12,4,0,909.59,909.4000000000001,789.9699999999999,717.22
2023-01-06 13:00:00,717.22,13,4,0,938.86,855.2233333333334,831.5133333333333,718.01
2023-01-06 14:00:00,718.01,14,4,0,717.22,791.3633333333333,834.0716666666667,858.37
2023-01-06 15:00:00,858.37,15,4,0,718.01,764.5333333333333,836.9666666666667,875.84
2023-01-06 16:00:00,875.84,16,4,0,858.37,817.4066666666668,836.315,829.44
2023-01-06 17:00:00,829.44,17,4,0,875.84,854.5500000000001,822.9566666666666,401.79
2023-01-06 18:00:00,401.79,18,4,0,829.44,702.3566666666667,733.445,327.79
2023-01-06 19:00:00,327.79,19,4,0,401.79,519.6733333333333,668.5400000000001,260.75
2023-01-06 20:00:00,260.75,20,4,0,327.79,330.11,592.33,184.04
2023-01-06 21:00:00,184.04,21,4,0,260.75,257.52666666666664,479.94166666666666,176.62
2023-01-06 22:00:00,176.62,22,4,0,184.04,207.13666666666666,363.405,174.18
2023-01-06 23:00:00,174.18,23,4,0,176.62,178.28,254.19499999999996,192.77
2023-01-07 00:00:00,192.77,0,5,1,174.18,181.19000000000003,219.35833333333335,185.15
2023-01-07 01:00:00,185.15,1,5,1,192.77,184.03333333333333,195.585,174.14
2023-01-07 02:00:00,174.14,2,5,1,185.15,184.01999999999998,181.15,187.51
2023-01-07 03:00:00,187.51,3,5,1,174.14,182.26666666666665,181.72833333333335,167.49
2023-01-07 04:00:00,167.49,4,5,1,187.51,176.38,180.20666666666668,189.28
2023-01-07 05:00:00,189.28,5,5,1,167.49,181.42666666666665,182.72333333333333,194.69
2023-01-07 06:00:00,194.69,6,5,1,189.28,183.82000000000002,183.04333333333332,199.3
2023-01-07 07:00:00,199.3,7,5,1,194.69,194.42333333333332,185.40166666666667,195.64
2023-01-07 08:00:00,195.64,8,5,1,199.3,196.54333333333332,188.985,191.69
2023-01-07 09:00:00,191.69,9,5,1,195.64,195.54333333333332,189.6816666666667,290.29
2023-01-07 10:00:00,290.29,10,5,1,191.69,225.87333333333333,210.14833333333334,289.71
2023-01-07 11:00:00,289.71,11,5,1,290.29,257.23,226.88666666666668,296.82
2023-01-07 12:00:00,296.82,12,5,1,289.71,292.2733333333333,243.90833333333333,291.58
2023-01-07 13:00:00,291.58,13,5,1,296.82,292.7033333333333,259.28833333333336,290.8
2023-01-07 14:00:00,290.8,14,5,1,291.58,293.06666666666666,275.1483333333333,298.86
2023-01-07 15:00:00,298.86,15,5,1,290.8,293.74666666666667,293.01,291.69
2023-01-07 16:00:00,291.69,16,5,1,298.86,293.78333333333336,293.24333333333334,176.87
2023-01-07 17:00:00,176.87,17,5,1,291.69,255.8066666666667,274.43666666666667,189.65
2023-01-07 18:00:00,189.65,18,5,1,176.87,219.40333333333334,256.575,183.8
2023-01-07 19:00:00,183.8,19,5,1,189.65,183.44000000000003,238.61166666666668,195.54
2023-01-07 20:00:00,195.54,20,5,1,183.8,189.66333333333333,222.735,201.75
2023-01-07 21:00:00,201.75,21,5,1,195.54,193.6966666666667,206.54999999999998,197.48
2023-01-07 22:00:00,197.48,22,5,1,201.75,198.25666666666666,190.84833333333333,194.89
2023-01-07 23:00:00,194.89,23,5,1,197.48,198.04,193.85166666666666,202.33
2023-01-08 00:00:00,202.33,0,6,1,194.89,198.23333333333335,195.965,183.55
2023-01-08 01:00:00,183.55,1,6,1,202.33,193.59,195.92333333333332,186.79
2023-01-08 02:00:00,186.79,2,6,1,183.55,190.89,194.465,192.88
2023-01-08 03:00:00,192.88,3,6,1,186.79,187.74,192.98666666666668,188.23
2023-01-08 04:00:00,188.23,4,6,1,192.88,189.29999999999998,191.44500000000002,192.56
2023-01-08 05:00:00,192.56,5,6,1,188.23,191.22333333333336,191.05666666666664,188.38
2023-01-08 06:00:00,188.38,6,6,1,192.56,189.72333333333336,188.73166666666668,189.3
2023-01-08 07:00:00,189.3,7,6,1,188.38,190.08,189.68999999999997,187.98
2023-01-08 08:00:00,187.98,8,6,1,189.3,188.5533333333333,189.88833333333332,197.35
2023-01-08 09:00:00,197.35,9,6,1,187.98,191.54333333333332,190.63333333333333,297.01
2023-01-08 10:00:00,297.01,10,6,1,197.35,227.44666666666663,208.76333333333332,288.02
2023-01-08 11:00:00,288.02,11,6,1,297.01,260.7933333333333,224.67333333333332,297.53
2023-01-08 12:00:00,297.53,12,6,1,288.02,294.18666666666667,242.86499999999998,293.63
2023-01-08 13:00:00,293.63,13,6,1,297.53,293.06,260.25333333333333,310.05
2023-01-08 14:00:00,310.05,14,6,1,293.63,300.40333333333336,280.5983333333333,301.4
2023-01-08 15:00:00,301.4,15,6,1,310.05,301.6933333333333,297.94,308.67
2023-01-08 16:00:00,308.67,16,6,1,301.4,306.7066666666667,299.8833333333333,192.29
2023-01-08 17:00:00,192.29,17,6,1,308.67,267.4533333333333,283.92833333333334,198.77
2023-01-08 18:00:00,198.77,18,6,1,192.29,233.24333333333334,267.4683333333333,197.52
2023-01-08 19:00:00,197.52,19,6,1,198.77,196.19333333333336,251.45000000000002,195.86
2023-01-08 20:00:00,195.86,20,6,1,197.52,197.38333333333335,232.41833333333332,177.48
2023-01-08 21:00:00,177.48,21,6,1,195.86,190.28666666666666,211.76500000000001,193.0
2023-01-08 22:00:00,193.0,22,6,1,177.48,188.78,192.48666666666668,202.29
2023-01-08 23:00:00,202.29,23,6,1,193.0,190.92333333333332,194.15333333333334,177.23
2023-01-09 00:00:00,177.23,0,0,0,202.29,190.84,190.56333333333336,186.48
2023-01-09 01:00:00,186.48,1,0,0,177.23,188.66666666666666,188.72333333333333,173.28
2023-01-09 02:00:00,173.28,2,0,0,186.48,178.99666666666667,184.96,174.67
2023-01-09 03:00:00,174.67,3,0,0,173.28,178.14333333333332,184.49166666666667,182.63
2023-01-09 04:00:00,182.63,4,0,0,174.67,176.85999999999999,182.76333333333332,165.81
2023-01-09 05:00:00,165.81,5,0,0,182.63,174.37,176.6833333333333,190.5
2023-01-09 06:00:00,190.5,6,0,0,165.81,179.64666666666668,178.89499999999998,474.8
2023-01-09 07:00:00,474.8,7,0,0,190.5,277.0366666666667,226.94833333333335,701.71
2023-01-09 08:00:00,701.71,8,0,0,474.8,455.67,315.02,822.04
2023-01-09 09:00:00,822.04,9,0,0,701.71,666.1833333333333,422.91499999999996,865.55
2023-01-09 10:00:00,865.55,10,0,0,822.04,796.4333333333334,536.735,926.9
2023-01-09 11:00:00,926.9,11,0,0,865.55,871.4966666666666,663.5833333333334,971.4
2023-01-09 12:00:00,971.4,12,0,0,926.9,921.2833333333333,793.7333333333332,711.97
2023-01-09 13:00:00,711.97,13,0,0,971.4,870.09,833.2616666666667,763.12
2023-01-09 14:00:00,763.12,14,0,0,711.97,815.4966666666666,843.4966666666666,872.83
2023-01-09 15:00:00,872.83,15,0,0,763.12,782.64,851.9616666666666,860.52
2023-01-09 16:00:00,860.52,16,0,0,872.83,832.1566666666668,851.1233333333334,828.09
2023-01-09 17:00:00,828.09,17,0,0,860.52,853.8133333333334,834.6550000000001,389.48
2023-01-09 18:00:00,389.48,18,0,0,828.09,692.6966666666667,737.6683333333334,329.77
2023-01-09 19:00:00,329.77,19,0,0,389.48,515.7800000000001,673.9683333333334,276.33
2023-01-09 20:00:00,276.33,20,0,0,329.77,331.85999999999996,592.8366666666667,175.07
2023-01-09 21:00:00,175.07,21,0,0,276.33,260.39,476.54333333333335,177.71
2023-01-09 22:00:00,177.71,22,0,0,175.07,209.70333333333335,362.74166666666673,186.75
2023-01-09 23:00:00,186.75,23,0,0,177.71,179.84333333333333,255.85166666666666,172.25
2023-01-10 00:00:00,172.25,0,1,0,186.75,178.90333333333334,219.64666666666665,163.61
2023-01-10 01:00:00,163.61,1,1,0,172.25,174.20333333333335,191.95333333333335,189.25
2023-01-10 02:00:00,189.25,2,1,0,163.61,175.03666666666666,177.44000000000003,169.84
2023-01-10 03:00:00,169.84,3,1,0,189.25,174.23333333333335,176.56833333333336,188.57
2023-01-10 04:00:00,188.57,4,1,0,169.84,182.5533333333333,178.37833333333333,174.07
2023-01-10 05:00:00,174.07,5,1,0,188.57,177.49333333333334,176.265,171.93
2023-01-10 06:00:00,171.93,6,1,0,174.07,178.18999999999997,176.21166666666667,463.92
2023-01-10 07:00:00,463.92,7,1,0,171.93,269.97333333333336,226.26333333333332,682.75
2023-01-10 08:00:00,682.75,8,1,0,463.92,439.53333333333336,308.5133333333333,841.31
2023-01-10 09:00:00,841.31,9,1,0,682.75,662.66,420.425,885.73
2023-01-10 10:00:00,885.73,10,1,0,841.31,803.2633333333333,536.6183333333333,934.12
2023-01-10 11:00:00,934.12,11,1,0,885.73,887.0533333333333,663.2933333333334,934.47
2023-01-10 12:00:00,934.47,12,1,0,934.12,918.1066666666667,790.3833333333333,770.74
2023-01-10 13:00:00,770.74,13,1,0,934.47,879.7766666666666,841.52,763.83
2023-01-10 14:00:00,763.83,14,1,0,770.74,823.0133333333333,855.0333333333333,918.66
2023-01-10 15:00:00,918.66,15,1,0,763.83,817.7433333333333,867.9250000000001,891.88
2023-01-10 16:00:00,891.88,16,1,0,918.66,858.1233333333333,868.9499999999999,828.92
2023-01-10 17:00:00,828.92,17,1,0,891.88,879.82,851.4166666666666,420.23
2023-01-10 18:00:00,420.23,18,1,0,828.92,713.6766666666667,765.7099999999999,326.88
2023-01-10 19:00:00,326.88,19,1,0,420.23,525.3433333333334,691.7333333333332,268.52
2023-01-10 20:00:00,268.52,20,1,0,326.88,338.54333333333335,609.1816666666667,161.91
2023-01-10 21:00:00,161.91,21,1,0,268.52,252.43666666666664,483.0566666666667,176.74
2023-01-10 22:00:00,176.74,22,1,0,161.91,202.39,363.8666666666666,182.06
2023-01-10 23:00:00,182.06,23,1,0,176.74,173.57000000000002,256.0566666666667,162.49
2023-01-11 00:00:00,162.49,0,2,0,182.06,173.76333333333335,213.10000000000002,181.77
2023-01-11 01:00:00,181.77,1,2,0,162.49,175.44000000000003,188.915,184.62
2023-01-11 02:00:00,184.62,2,2,0,181.77,176.29333333333332,174.9316666666667,184.87
2023-01-11 03:00:00,184.87,3,2,0,184.62,183.75333333333333,178.75833333333335,164.29
2023-01-11 04:00:00,164.29,4,2,0,184.87,177.92666666666665,176.68333333333337,166.03
2023-01-11 05:00:00,166.03,5,2,0,164.29,171.73000000000002,174.01166666666666,186.61
2023-01-11 06:00:00,186.61,6,2,0,166.03,172.31000000000003,178.03166666666667,486.5
2023-01-11 07:00:00,486.5,7,2,0,186.61,279.71333333333337,228.82000000000002,683.15
2023-01-11 08:00:00,683.15,8,2,0,486.5,452.08666666666664,311.90833333333336,808.45
2023-01-11 09:00:00,808.45,9,2,0,683.15,659.3666666666667,415.8383333333333,835.91
2023-01-11 10:00:00,835.91,10,2,0,808.45,775.8366666666666,527.775,917.15
2023-01-11 11:00:00,917.15,11,2,0,835.91,853.8366666666667,652.9616666666666,952.81
2023-01-11 12:00:00,952.81,12,2,0,917.15,901.9566666666666,780.6616666666667,713.93
2023-01-11 13:00:00,713.93,13,2,0,952.81,861.2966666666666,818.5666666666666,755.03
2023-01-11 14:00:00,755.03,14,2,0,713.93,807.2566666666667,830.5466666666667,882.18
2023-01-11 15:00:00,882.18,15,2,0,755.03,783.7133333333333,842.8349999999999,841.99
2023-01-11 16:00:00,841.99,16,2,0,882.18,826.4,843.8483333333334,822.29
2023-01-11 17:00:00,822.29,17,2,0,841.99,848.82,828.0383333333333,406.89
2023-01-11 18:00:00,406.89,18,2,0,822.29,690.39,737.0516666666666,326.73
2023-01-11 19:00:00,326.73,19,2,0,406.89,518.6366666666667,672.5183333333333,262.74
2023-01-11 20:00:00,262.74,20,2,0,326.73,332.12,590.47,178.83
2023-01-11 21:00:00,178.83,21,2,0,262.74,256.1,473.24500000000006,181.26
2023-01-11 22:00:00,181.26,22,2,0,178.83,207.61,363.1233333333333,180.81
2023-01-11 23:00:00,180.81,23,2,0,181.26,180.29999999999998,256.21,167.14
2023-01-12 00:00:00,167.14,0,3,0,180.81,176.4033333333333,216.25166666666667,177.64
2023-01-12 01:00:00,177.64,1,3,0,167.14,175.19666666666663,191.40333333333334,180.71
2023-01-12 02:00:00,180.71,2,3,0,177.64,175.16333333333333,177.73166666666665,171.65
2023-01-12 03:00:00,171.65,3,3,0,180.71,176.66666666666666,176.535,174.01
2023-01-12 04:00:00,174.01,4,3,0,171.65,175.45666666666668,175.32666666666668,188.32
2023-01-12 05:00:00,188.32,5,3,0,174.01,177.99333333333334,176.57833333333335,161.39
2023-01-12 06:00:00,161.39,6,3,0,188.32,174.57333333333335,175.62,494.37
2023-01-12 07:00:00,494.37,7,3,0,161.39,281.36,228.40833333333333,700.99
2023-01-12 08:00:00,700.99,8,3,0,494.37,452.25,315.12166666666667,828.01
2023-01-12 09:00:00,828.01,9,3,0,700.99,674.4566666666667,424.51500000000004,861.34
2023-01-12 10:00:00,861.34,10,3,0,828.01,796.7800000000001,539.07,937.97
2023-01-12 11:00:00,937.97,11,3,0,861.34,875.7733333333334,664.0116666666667,972.72
2023-01-12 12:00:00,972.72,12,3,0,937.97,924.0100000000001,799.2333333333335,714.24
2023-01-12 13:00:00,714.24,13,3,0,972.72,874.9766666666666,835.8783333333334,744.39
2023-01-12 14:00:00,744.39,14,3,0,714.24,810.4500000000002,843.1116666666667,911.12
2023-01-12 15:00:00,911.12,15,3,0,744.39,789.9166666666666,856.9633333333335,890.81
2023-01-12 16:00:00,890.81,16,3,0,911.12,848.7733333333334,861.875,852.56
2023-01-12 17:00:00,852.56,17,3,0,890.81,884.8299999999999,847.64,422.37
2023-01-12 18:00:00,422.37,18,3,0,852.56,721.9133333333333,755.915,325.09
2023-01-12 19:00:00,325.09,19,3,0,422.37,533.34,691.0566666666667,263.06
2023-01-12 20:00:00,263.06,20,3,0,325.09,336.84,610.8349999999999,192.99
2023-01-12 21:00:00,192.99,21,3,0,263.06,260.38,491.1466666666667,174.1
2023-01-12 22:00:00,174.1,22,3,0,192.99,210.04999999999998,371.695,172.44
2023-01-12 23:00:00,172.44,23,3,0,174.1,179.84333333333333,258.3416666666667,183.78
2023-01-13 00:00:00,183.78,0,4,0,172.44,176.7733333333333,218.57666666666668,186.01
2023-01-13 01:00:00,186.01,1,4,0,183.78,180.74333333333334,195.39666666666668,174.6
2023-01-13 02:00:00,174.6,2,4,0,186.01,181.46333333333334,180.65333333333334,181.3
2023-01-13 03:00:00,181.3,3,4,0,174.6,180.63666666666666,178.705,182.0
2023-01-13 04:00:00,182.0,4,4,0,181.3,179.29999999999998,180.02166666666665,176.99
2023-01-13 05:00:00,176.99,5,4,0,182.0,180.09666666666666,180.78,188.71
2023-01-13 06:00:00,188.71,6,4,0,176.99,182.5666666666667,181.6016666666667,476.47
2023-01-13 07:00:00,476.47,7,4,0,188.71,280.72333333333336,230.01166666666668,686.6
2023-01-13 08:00:00,686.6,8,4,0,476.47,450.5933333333334,315.34499999999997,853.13
2023-01-13 09:00:00,853.13,9,4,0,686.6,672.0666666666667,427.31666666666666,876.88
2023-01-13 10:00:00,876.88,10,4,0,853.13,805.5366666666667,543.13,891.34
2023-01-13 11:00:00,891.34,11,4,0,876.88,873.7833333333334,662.1883333333334,949.21
2023-01-13 12:00:00,949.21,12,4,0,891.34,905.8100000000001,788.9383333333334,758.77
2023-01-13 13:00:00,758.77,13,4,0,949.21,866.4399999999999,835.9883333333333,712.36
2023-01-13 14:00:00,712.36,14,4,0,758.77,806.7800000000001,840.2816666666666,858.16
2023-01-13 15:00:00,858.16,15,4,0,712.36,776.43,841.12,851.84
2023-01-13 16:00:00,851.84,16,4,0,858.16,807.4533333333334,836.9466666666667,858.03
2023-01-13 17:00:00,858.03,17,4,0,851.84,856.0099999999999,831.395,385.49
2023-01-13 18:00:00,385.49,18,4,0,858.03,698.4533333333334,737.4416666666666,333.73
2023-01-13 19:00:00,333.73,19,4,0,385.49,525.75,666.6016666666667,260.67
2023-01-13 20:00:00,260.67,20,4,0,333.73,326.63000000000005,591.32,181.76
2023-01-13 21:00:00,181.76,21,4,0,260.67,258.72,478.58666666666664,188.75
2023-01-13 22:00:00,188.75,22,4,0,181.76,210.39333333333335,368.07166666666666,173.69
2023-01-13 23:00:00,173.69,23,4,0,188.75,181.4,254.01500000000001,183.4
2023-01-14 00:00:00,183.4,0,5,1,173.69,181.9466666666667,220.33333333333334,186.25
2023-01-14 01:00:00,186.25,1,5,1,183.4,181.11333333333334,195.75333333333333,207.1
2023-01-14 02:00:00,207.1,2,5,1,186.25,192.25,186.82499999999996,207.24
2023-01-14 03:00:00,207.24,3,5,1,207.1,200.1966666666667,191.07166666666663,194.83
2023-01-14 04:00:00,194.83,4,5,1,207.24,203.0566666666667,192.085,196.37
2023-01-14 05:00:00,196.37,5,5,1,194.83,199.48000000000002,195.865,186.4
2023-01-14 06:00:00,186.4,6,5,1,196.37,192.53333333333333,196.365,199.55
2023-01-14 07:00:00,199.55,7,5,1,186.4,194.10666666666665,198.58166666666668,189.43
2023-01-14 08:00:00,189.43,8,5,1,199.55,191.79333333333332,195.63666666666668,184.66
2023-01-14 09:00:00,184.66,9,5,1,189.43,191.21333333333334,191.87333333333333,300.54
2023-01-14 10:00:00,300.54,10,5,1,184.66,224.8766666666667,209.49166666666667,296.12
2023-01-14 11:00:00,296.12,11,5,1,300.54,260.44,226.1166666666667,300.25
2023-01-14 12:00:00,300.25,12,5,1,296.12,298.97,245.0916666666667,298.29
2023-01-14 13:00:00,298.29,13,5,1,300.25,298.22,261.54833333333335,301.34
2023-01-14 14:00:00,301.34,14,5,1,298.29,299.96,280.2,299.55
2023-01-14 15:00:00,299.55,15,5,1,301.34,299.7266666666667,299.3483333333333,313.54
2023-01-14 16:00:00,313.54,16,5,1,299.55,304.81,301.51500000000004,197.42
2023-01-14 17:00:00,197.42,17,5,1,313.54,270.17,285.065,188.78
2023-01-14 18:00:00,188.78,18,5,1,197.42,233.24666666666667,266.4866666666666,195.69
2023-01-14 19:00:00,195.69,19,5,1,188.78,193.96333333333334,249.38666666666666,186.78
2023-01-14 20:00:00,186.78,20,5,1,195.69,190.41666666666666,230.29333333333332,191.39
2023-01-14 21:00:00,191.39,21,5,1,186.78,191.28666666666666,212.26666666666668,183.39
2023-01-14 22:00:00,183.39,22,5,1,191.39,187.18666666666664,190.57500000000002,183.24
2023-01-14 23:00:00,183.24,23,5,1,183.39,186.00666666666666,188.21166666666667,192.59
2023-01-15 00:00:00,192.59,0,6,1,183.24,186.40666666666667,188.84666666666666,180.16
2023-01-15 01:00:00,180.16,1,6,1,192.59,185.33,186.25833333333333,192.55
2023-01-15 02:00:00,192.55,2,6,1,180.16,188.43333333333337,187.22,188.39
2023-01-15 03:00:00,188.39,3,6,1,192.55,187.03333333333333,186.72,191.82
2023-01-15 04:00:00,191.82,4,6,1,188.39,190.92,188.125,197.16
2023-01-15 05:00:00,197.16,5,6,1,191.82,192.45666666666662,190.44500000000002,199.49
2023-01-15 06:00:00,199.49,6,6,1,197.16,196.15666666666667,191.595,194.72
2023-01-15 07:00:00,194.72,7,6,1,199.49,197.12333333333333,194.02166666666668,184.49
2023-01-15 08:00:00,184.49,8,6,1,194.72,192.9,192.6783333333333,196.54
2023-01-15 09:00:00,196.54,9,6,1,184.49,191.91666666666666,194.03666666666666,310.27
2023-01-15 10:00:00,310.27,10,6,1,196.54,230.4333333333333,213.77833333333334,301.07
2023-01-15 11:00:00,301.07,11,6,1,310.27,269.2933333333333,231.09666666666666,283.47
2023-01-15 12:00:00,283.47,12,6,1,301.07,298.27,245.09333333333333,288.51
2023-01-15 13:00:00,288.51,13,6,1,283.47,291.01666666666665,260.72499999999997,301.21
2023-01-15 14:00:00,301.21,14,6,1,288.51,291.06333333333333,280.17833333333334,296.11
2023-01-15 15:00:00,296.11,15,6,1,301.21,295.2766666666667,296.7733333333333,316.82
2023-01-15 16:00:00,316.82,16,6,1,296.11,304.7133333333333,297.865,187.56
2023-01-15 17:00:00,187.56,17,6,1,316.82,266.83,278.94666666666666,189.58
2023-01-15 18:00:00,189.58,18,6,1,187.56,231.32000000000002,263.29833333333335,195.85
2023-01-15 19:00:00,195.85,19,6,1,189.58,190.99666666666667,247.85500000000002,172.3
2023-01-15 20:00:00,172.3,20,6,1,195.85,185.91,226.37,198.5
2023-01-15 21:00:00,198.5,21,6,1,172.3,188.88333333333333,210.1016666666667,189.41
2023-01-15 22:00:00,189.41,22,6,1,198.5,186.73666666666668,188.86666666666667,180.11
2023-01-15 23:00:00,180.11,23,6,1,189.41,189.34,187.625,173.82
2023-01-16 00:00:00,173.82,0,0,0,180.11,181.11333333333334,184.99833333333333,186.47
2023-01-16 01:00:00,186.47,1,0,0,173.82,180.13333333333335,183.43500000000003,179.42
2023-01-16 02:00:00,179.42,2,0,0,186.47,179.90333333333334,184.62166666666667,155.23
2023-01-16 03:00:00,155.23,3,0,0,179.42,173.70666666666662,177.41,180.75
2023-01-16 04:00:00,180.75,4,0,0,155.23,171.79999999999998,175.96666666666667,174.65
2023-01-16 05:00:00,174.65,5,0,0,180.75,170.21,175.05666666666664,178.83
2023-01-16 06:00:00,178.83,6,0,0,174.65,178.07666666666668,175.89166666666665,466.78
2023-01-16 07:00:00,466.78,7,0,0,178.83,273.42,222.60999999999999,699.2
2023-01-16 08:00:00,699.2,8,0,0,466.78,448.27,309.24,853.71
2023-01-16 09:00:00,853.71,9,0,0,699.2,673.23,425.65333333333336,858.52
2023-01-16 10:00:00,858.52,10,0,0,853.71,803.81,538.615,965.81
2023-01-16 11:00:00,965.81,11,0,0,858.52,892.68,670.475,931.85
2023-01-16 12:00:00,931.85,12,0,0,965.81,918.7266666666668,795.9783333333334,718.32
2023-01-16 13:00:00,718.32,13,0,0,931.85,871.9933333333333,837.9016666666666,751.07
2023-01-16 14:00:00,751.07,14,0,0,718.32,800.4133333333334,846.5466666666667,891.86
2023-01-16 15:00:00,891.86,15,0,0,751.07,787.0833333333334,852.9050000000001,836.53
2023-01-16 16:00:00,836.53,16,0,0,891.86,826.4866666666667,849.2399999999999,848.23
2023-01-16 17:00:00,848.23,17,0,0,836.53,858.8733333333333,829.6433333333334,396.34
2023-01-16 18:00:00,396.34,18,0,0,848.23,693.6999999999999,740.3916666666668,333.86
2023-01-16 19:00:00,333.86,19,0,0,396.34,526.1433333333333,676.3149999999999,257.7
2023-01-16 20:00:00,257.7,20,0,0,333.86,329.3,594.0866666666666,176.1
2023-01-16 21:00:00,176.1,21,0,0,257.7,255.88666666666666,474.79333333333335,171.7
2023-01-16 22:00:00,171.7,22,0,0,176.1,201.83333333333334,363.9883333333333,174.72
2023-01-16 23:00:00,174.72,23,0,0,171.7,174.17333333333332,251.73666666666665,171.27
2023-01-17 00:00:00,171.27,0,1,0,174.72,172.5633333333333,214.225,178.56
2023-01-17 01:00:00,178.56,1,1,0,171.27,174.85000000000002,188.34166666666667,187.06
2023-01-17 02:00:00,187.06,2,1,0,178.56,178.96333333333334,176.56833333333336,172.93
2023-01-17 03:00:00,172.93,3,1,0,187.06,179.51666666666668,176.04,182.82
2023-01-17 04:00:00,182.82,4,1,0,172.93,180.93666666666664,177.89333333333335,173.34
2023-01-17 05:00:00,173.34,5,1,0,182.82,176.36333333333334,177.66333333333333,167.81
2023-01-17 06:00:00,167.81,6,1,0,173.34,174.65666666666667,177.08666666666667,476.05
2023-01-17 07:00:00,476.05,7,1,0,167.81,272.40000000000003,226.66833333333332,688.9
2023-01-17 08:00:00,688.9,8,1,0,476.05,444.25333333333333,310.30833333333334,803.13
2023-01-17 09:00:00,803.13,9,1,0,688.9,656.0266666666666,415.3416666666667,863.92
2023-01-17 10:00:00,863.92,10,1,0,803.13,785.3166666666666,528.8583333333332,898.47
2023-01-17 11:00:00,898.47,11,1,0,863.92,855.1733333333333,649.7133333333334,954.15
2023-01-17 12:00:00,954.15,12,1,0,898.47,905.5133333333333,780.77,748.89
2023-01-17 13:00:00,748.89,13,1,0,954.15,867.1700000000001,826.2433333333333,734.61
2023-01-17 14:00:00,734.61,14,1,0,748.89,812.5500000000001,833.8616666666667,902.97
2023-01-17 15:00:00,902.97,15,1,0,734.61,795.4899999999999,850.5016666666667,845.35
2023-01-17 16:00:00,845.35,16,1,0,902.97,827.6433333333334,847.4066666666668,852.51
2023-01-17 17:00:00,852.51,17,1,0,845.35,866.9433333333333,839.7466666666666,368.94
2023-01-17 18:00:00,368.94,18,1,0,852.51,688.9333333333334,742.2116666666667,342.94
2023-01-17 19:00:00,342.94,19,1,0,368.94,521.4633333333333,674.5533333333333,273.07
2023-01-17 20:00:00,273.07,20,1,0,342.94,328.31666666666666,597.63,170.24
2023-01-17 21:00:00,170.24,21,1,0,273.07,262.0833333333333,475.5083333333334,177.99
2023-01-17 22:00:00,177.99,22,1,0,170.24,207.1,364.2816666666667,162.93
2023-01-17 23:00:00,162.93,23,1,0,177.99,170.38666666666668,249.35166666666666,176.73
2023-01-18 00:00:00,176.73,0,2,0,162.93,172.54999999999998,217.3166666666667,172.39
2023-01-18 01:00:00,172.39,1,2,0,176.73,170.6833333333333,188.89166666666665,166.64
2023-01-18 02:00:00,166.64,2,2,0,172.39,171.92,171.15333333333334,179.27
2023-01-18 03:00:00,179.27,3,2,0,166.64,172.76666666666665,172.65833333333333,190.31
2023-01-18 04:00:00,190.31,4,2,0,179.27,178.74,174.71166666666667,184.8
2023-01-18 05:00:00,184.8,5,2,0,190.31,184.79333333333332,178.35666666666665,173.91
2023-01-18 06:00:00,173.91,6,2,0,184.8,183.00666666666666,177.88666666666666,488.76
2023-01-18 07:00:00,488.76,7,2,0,173.91,282.49,230.615,698.69
2023-01-18 08:00:00,698.69,8,2,0,488.76,453.7866666666667,319.29,875.04
2023-01-18 09:00:00,875.04,9,2,0,698.69,687.4966666666666,435.2516666666667,888.75
2023-01-18 10:00:00,888.75,10,2,0,875.04,820.8266666666667,551.6583333333334,924.85
2023-01-18 11:00:00,924.85,11,2,0,888.75,896.2133333333333,675.0,956.45
2023-01-18 12:00:00,956.45,12,2,0,924.85,923.35,805.4233333333333,705.47
2023-01-18 13:00:00,705.47,13,2,0,956.45,862.2566666666667,841.5416666666666,811.32
2023-01-18 14:00:00,811.32,14,2,0,705.47,824.4133333333334,860.3133333333334,924.27
2023-01-18 15:00:00,924.27,15,2,0,811.32,813.6866666666666,868.5183333333334,878.99
2023-01-18 16:00:00,878.99,16,2,0,924.27,871.5266666666666,866.8916666666668,810.83
2023-01-18 17:00:00,810.83,17,2,0,878.99,871.3633333333333,847.8883333333333,394.1
2023-01-18 18:00:00,394.1,18,2,0,810.83,694.64,754.1633333333334,341.35
2023-01-18 19:00:00,341.35,19,2,0,394.1,515.4266666666667,693.4766666666668,263.45
2023-01-18 20:00:00,263.45,20,2,0,341.35,332.9666666666667,602.165,178.68
2023-01-18 21:00:00,178.68,21,2,0,263.45,261.16,477.90000000000003,180.78
2023-01-18 22:00:00,180.78,22,2,0,178.68,207.63666666666666,361.5316666666667,176.34
2023-01-18 23:00:00,176.34,23,2,0,180.78,178.6,255.78333333333333,184.15
2023-01-19 00:00:00,184.15,0,3,0,176.34,180.42333333333332,220.79166666666666,170.86
2023-01-19 01:00:00,170.86,1,3,0,184.15,177.11666666666667,192.37666666666667,187.2
2023-01-19 02:00:00,187.2,2,3,0,170.86,180.73666666666668,179.66833333333332,181.93
2023-01-19 03:00:00,181.93,3,3,0,187.2,179.99666666666667,180.21,190.93
2023-01-19 04:00:00,190.93,4,3,0,181.93,186.6866666666667,181.90166666666667,154.88
2023-01-19 05:00:00,154.88,5,3,0,190.93,175.91333333333333,178.32500000000002,175.5
2023-01-19 06:00:00,175.5,6,3,0,154.88,173.77,176.88333333333333,471.65
2023-01-19 07:00:00,471.65,7,3,0,175.5,267.3433333333333,227.01500000000001,696.78
2023-01-19 08:00:00,696.78,8,3,0,471.65,447.97666666666663,311.945,829.46
2023-01-19 09:00:00,829.46,9,3,0,696.78,665.9633333333333,419.8666666666666,857.18
2023-01-19 10:00:00,857.18,10,3,0,829.46,794.4733333333334,530.9083333333333,914.16
2023-01-19 11:00:00,914.16,11,3,0,857.18,866.9333333333334,657.455,946.55
2023-01-19 12:00:00,946.55,12,3,0,914.16,905.9633333333333,785.9633333333333,694.51
2023-01-19 13:00:00,694.51,13,3,0,946.55,851.7399999999999,823.1066666666667,736.34
2023-01-19 14:00:00,736.34,14,3,0,694.51,792.4666666666667,829.6999999999999,893.21
2023-01-19 15:00:00,893.21,15,3,0,736.34,774.6866666666666,840.3249999999999,864.64
2023-01-19 16:00:00,864.64,16,3,0,893.21,831.3966666666666,841.5683333333333,861.53
2023-01-19 17:00:00,861.53,17,3,0,864.64,873.1266666666667,832.7966666666667,433.4
2023-01-19 18:00:00,433.4,18,3,0,861.53,719.8566666666666,747.2716666666666,331.52
2023-01-19 19:00:00,331.52,19,3,0,433.4,542.15,686.7733333333332,261.29
2023-01-19 20:00:00,261.29,20,3,0,331.52,342.07,607.5983333333332,172.25
2023-01-19 21:00:00,172.25,21,3,0,261.29,255.01999999999998,487.43833333333333,187.12
2023-01-19 22:00:00,187.12,22,3,0,172.25,206.88666666666668,374.51833333333326,175.9
2023-01-19 23:00:00,175.9,23,3,0,187.12,178.42333333333332,260.24666666666667,182.77
2023-01-20 00:00:00,182.77,0,4,0,175.9,181.92999999999998,218.475,177.42
2023-01-20 01:00:00,177.42,1,4,0,182.77,178.6966666666667,192.79166666666666,184.52
2023-01-20 02:00:00,184.52,2,4,0,177.42,181.57000000000002,179.99666666666667,190.5
2023-01-20 03:00:00,190.5,3,4,0,184.52,184.14666666666668,183.03833333333333,175.86
2023-01-20 04:00:00,175.86,4,4,0,190.5,183.6266666666667,181.16166666666666,179.21
2023-01-20 05:00:00,179.21,5,4,0,175.86,181.85666666666668,181.71333333333334,176.93
2023-01-20 06:00:00,176.93,6,4,0,179.21,177.33333333333334,180.74,475.71
2023-01-20 07:00:00,475.71,7,4,0,176.93,277.28333333333336,230.455,685.69
2023-01-20 08:00:00,685.69,8,4,0,475.71,446.10999999999996,313.98333333333335,809.09
2023-01-20 09:00:00,809.09,9,4,0,685.69,656.83,417.0816666666667,884.62
2023-01-20 10:00:00,884.62,10,4,0,809.09,793.1333333333333,535.2083333333334,901.64
2023-01-20 11:00:00,901.64,11,4,0,884.62,865.1166666666668,655.6133333333333,986.95
2023-01-20 12:00:00,986.95,12,4,0,901.64,924.4033333333333,790.6166666666667,710.72
2023-01-20 13:00:00,710.72,13,4,0,986.95,866.4366666666668,829.785,711.85
2023-01-20 14:00:00,711.85,14,4,0,710.72,803.1733333333333,834.1450000000001,897.85
2023-01-20 15:00:00,897.85,15,4,0,711.85,773.4733333333334,848.9383333333334,859.34
2023-01-20 16:00:00,859.34,16,4,0,897.85,823.0133333333333,844.725,843.39
2023-01-20 17:00:00,843.39,17,4,0,859.34,866.86,835.0166666666668,394.59
2023-01-20 18:00:00,394.59,18,4,0,843.39,699.1066666666667,736.29,328.28
2023-01-20 19:00:00,328.28,19,4,0,394.59,522.0866666666666,672.5500000000001,274.81
2023-01-20 20:00:00,274.81,20,4,0,328.28,332.56,599.7099999999999,166.39
2023-01-20 21:00:00,166.39,21,4,0,274.81,256.4933333333333,477.79999999999995,157.57
2023-01-20 22:00:00,157.57,22,4,0,166.39,199.59,360.8383333333333,180.23
2023-01-20 23:00:00,180.23,23,4,0,157.57,168.0633333333333,250.3116666666667,184.72
2023-01-21 00:00:00,184.72,0,5,1,180.23,174.17333333333332,215.33333333333334,187.76
2023-01-21 01:00:00,187.76,1,5,1,184.72,184.23666666666668,191.91333333333333,184.55
2023-01-21 02:00:00,184.55,2,5,1,187.76,185.67666666666665,176.87,198.48
2023-01-21 03:00:00,198.48,3,5,1,184.55,190.26333333333332,182.21833333333333,189.29
2023-01-21 04:00:00,189.29,4,5,1,198.48,190.7733333333333,187.505,187.99
2023-01-21 05:00:00,187.99,5,5,1,189.29,191.92,188.79833333333332,192.33
2023-01-21 06:00:00,192.33,6,5,1,187.99,189.87,190.0666666666667,190.18
2023-01-21 07:00:00,190.18,7,5,1,192.33,190.16666666666666,190.47,186.44
2023-01-21 08:00:00,186.44,8,5,1,190.18,189.65,190.785,187.95
2023-01-21 09:00:00,187.95,9,5,1,186.44,188.18999999999997,189.03,301.26
2023-01-21 10:00:00,301.26,10,5,1,187.95,225.21666666666667,207.6916666666667,297.06
2023-01-21 11:00:00,297.06,11,5,1,301.26,262.09,225.87,307.92
2023-01-21 12:00:00,307.92,12,5,1,297.06,302.08,245.135,301.82
2023-01-21 13:00:00,301.82,13,5,1,307.92,302.26666666666665,263.7416666666667,293.97
2023-01-21 14:00:00,293.97,14,5,1,301.82,301.2366666666667,281.66333333333336,310.03
2023-01-21 15:00:00,310.03,15,5,1,293.97,301.94,302.01,283.15
2023-01-21 16:00:00,283.15,16,5,1,310.03,295.7166666666667,298.9916666666667,196.99
2023-01-21 17:00:00,196.99,17,5,1,283.15,263.39000000000004,282.31333333333333,193.1
2023-01-21 18:00:00,193.1,18,5,1,196.99,224.41333333333333,263.1766666666667,176.62
2023-01-21 19:00:00,176.62,19,5,1,193.1,188.90333333333334,242.31000000000003,193.47
2023-01-21 20:00:00,193.47,20,5,1,176.62,187.73000000000002,225.56000000000003,189.52
2023-01-21 21:00:00,189.52,21,5,1,193.47,186.53666666666666,205.47500000000002,199.13
2023-01-21 22:00:00,199.13,22,5,1,189.52,194.04,191.47166666666666,191.58
2023-01-21 23:00:00,191.58,23,5,1,199.13,193.41,190.57000000000002,208.38
2023-01-22 00:00:00,208.38,0,6,1,191.58,199.6966666666667,193.11666666666667,184.78
2023-01-22 01:00:00,184.78,1,6,1,208.38,194.91333333333333,194.4766666666667,197.02
2023-01-22 02:00:00,197.02,2,6,1,184.78,196.7266666666667,195.06833333333336,193.5
2023-01-22 03:00:00,193.5,3,6,1,197.02,191.76666666666665,195.73166666666668,195.78
2023-01-22 04:00:00,195.78,4,6,1,193.5,195.43333333333337,195.17333333333332,198.44
2023-01-22 05:00:00,198.44,5,6,1,195.78,195.90666666666667,196.3166666666667,183.33
2023-01-22 06:00:00,183.33,6,6,1,198.44,192.51666666666665,192.14166666666665,216.43
2023-01-22 07:00:00,216.43,7,6,1,183.33,199.4,197.41666666666666,202.06
2023-01-22 08:00:00,202.06,8,6,1,216.43,200.60666666666665,198.25666666666666,193.22
2023-01-22 09:00:00,193.22,9,6,1,202.06,203.90333333333334,198.21,303.64
2023-01-22 10:00:00,303.64,10,6,1,193.22,232.97333333333336,216.18666666666664,295.7
2023-01-22 11:00:00,295.7,11,6,1,303.64,264.18666666666667,232.39666666666665,286.8
2023-01-22 12:00:00,286.8,12,6,1,295.7,295.38,249.64166666666665,291.17
2023-01-22 13:00:00,291.17,13,6,1,286.8,291.22333333333336,262.0983333333333,302.43
2023-01-22 14:00:00,302.43,14,6,1,291.17,293.46666666666664,278.82666666666665,305.71
2023-01-22 15:00:00,305.71,15,6,1,302.43,299.77,297.575,304.06
2023-01-22 16:00:00,304.06,16,6,1,305.71,304.06666666666666,297.645,195.4
2023-01-22 17:00:00,195.4,17,6,1,304.06,268.39,280.92833333333334,194.32
2023-01-22 18:00:00,194.32,18,6,1,195.4,231.26,265.515,169.05
2023-01-22 19:00:00,169.05,19,6,1,194.32,186.25666666666666,245.16166666666666,171.93
2023-01-22 20:00:00,171.93,20,6,1,169.05,178.43333333333337,223.41166666666666,203.39
2023-01-22 21:00:00,203.39,21,6,1,171.93,181.45666666666668,206.35833333333332,188.85
2023-01-22 22:00:00,188.85,22,6,1,203.39,188.0566666666667,187.15666666666667,189.27
2023-01-22 23:00:00,189.27,23,6,1,188.85,193.83666666666667,186.135,178.6
2023-01-23 00:00:00,178.6,0,0,0,189.27,185.57333333333335,183.515,173.12
2023-01-23 01:00:00,173.12,1,0,0,178.6,180.33,184.19333333333336,168.83
2023-01-23 02:00:00,168.83,2,0,0,173.12,173.51666666666668,183.67666666666665,178.24
2023-01-23 03:00:00,178.24,3,0,0,168.83,173.39666666666668,179.485,166.77
2023-01-23 04:00:00,166.77,4,0,0,178.24,171.28,175.80500000000004,180.75
2023-01-23 05:00:00,180.75,5,0,0,166.77,175.25333333333333,174.385,187.54
2023-01-23 06:00:00,187.54,6,0,0,180.75,178.35333333333332,175.875,483.22
2023-01-23 07:00:00,483.22,7,0,0,187.54,283.83666666666664,227.5583333333333,692.41
2023-01-23 08:00:00,692.41,8,0,0,483.22,454.39000000000004,314.82166666666666,846.19
2023-01-23 09:00:00,846.19,9,0,0,692.41,673.94,426.1466666666667,859.63
2023-01-23 10:00:00,859.63,10,0,0,846.19,799.41,541.6233333333333,890.35
2023-01-23 11:00:00,890.35,11,0,0,859.63,865.39,659.89,968.91
2023-01-23 12:00:00,968.91,12,0,0,890.35,906.2966666666667,790.1183333333333,730.49
2023-01-23 13:00:00,730.49,13,0,0,968.91,863.25,831.3299999999999,708.56
2023-01-23 14:00:00,708.56,14,0,0,730.49,802.6533333333333,834.0216666666666,860.84
2023-01-23 15:00:00,860.84,15,0,0,708.56,766.63,836.4633333333335,886.55
2023-01-23 16:00:00,886.55,16,0,0,860.84,818.65,840.9500000000002,822.39
2023-01-23 17:00:00,822.39,17,0,0,886.55,856.5933333333332,829.6233333333333,372.87
2023-01-23 18:00:00,372.87,18,0,0,822.39,693.9366666666666,730.2833333333333,329.59
2023-01-23 19:00:00,329.59,19,0,0,372.87,508.28333333333336,663.4666666666666,265.42
2023-01-23 20:00:00,265.42,20,0,0,329.59,322.62666666666667,589.61,175.79
2023-01-23 21:00:00,175.79,21,0,0,265.42,256.93333333333334,475.43499999999995,181.38
2023-01-23 22:00:00,181.38,22,0,0,175.79,207.53,357.9066666666667,194.61
2023-01-23 23:00:00,194.61,23,0,0,181.38,183.92666666666665,253.27666666666667,179.59
2023-01-24 00:00:00,179.59,0,1,0,194.61,185.19333333333336,221.06333333333336,177.04
2023-01-24 01:00:00,177.04,1,1,0,179.59,183.74666666666667,195.63833333333335,173.18
2023-01-24 02:00:00,173.18,2,1,0,177.04,176.60333333333335,180.265,175.34
2023-01-24 03:00:00,175.34,3,1,0,173.18,175.18666666666664,180.19000000000003,190.27
2023-01-24 04:00:00,190.27,4,1,0,175.34,179.5966666666667,181.67166666666665,186.46
2023-01-24 05:00:00,186.46,5,1,0,190.27,184.0233333333333,180.31333333333336,190.39
2023-01-24 06:00:00,190.39,6,1,0,186.46,189.04,182.11333333333334,479.03
2023-01-24 07:00:00,479.03,7,1,0,190.39,285.29333333333335,232.44500000000002,686.3
2023-01-24 08:00:00,686.3,8,1,0,479.03,451.9066666666666,317.965,835.57
2023-01-24 09:00:00,835.57,9,1,0,686.3,666.9666666666667,428.00333333333333,830.2
2023-01-24 10:00:00,830.2,10,1,0,835.57,784.0233333333332,534.6583333333334,894.85
2023-01-24 11:00:00,894.85,11,1,0,830.2,853.5400000000001,652.7233333333334,935.91
2023-01-24 12:00:00,935.91,12,1,0,894.85,886.9866666666667,776.9766666666668,703.64
2023-01-24 13:00:00,703.64,13,1,0,935.91,844.8000000000001,814.4116666666667,745.86
2023-01-24 14:00:00,745.86,14,1,0,703.64,795.1366666666667,824.3383333333335,888.12
2023-01-24 15:00:00,888.12,15,1,0,745.86,779.2066666666666,833.0966666666667,903.5
2023-01-24 16:00:00,903.5,16,1,0,888.12,845.8266666666667,845.3133333333334,853.62
2023-01-24 17:00:00,853.62,17,1,0,903.5,881.7466666666666,838.4416666666667,392.97
2023-01-24 18:00:00,392.97,18,1,0,853.62,716.6966666666667,747.9516666666667,341.61
2023-01-24 19:00:00,341.61,19,1,0,392.97,529.4000000000001,687.6133333333333,260.03
2023-01-24 20:00:00,260.03,20,1,0,341.61,331.5366666666667,606.6416666666668,173.54
2023-01-24 21:00:00,173.54,21,1,0,260.03,258.3933333333333,487.5450000000001,176.59
2023-01-24 22:00:00,176.59,22,1,0,173.54,203.38666666666666,366.3933333333334,170.55
2023-01-24 23:00:00,170.55,23,1,0,176.59,173.56000000000003,252.54833333333337,180.59
2023-01-25 00:00:00,180.59,0,2,0,170.55,175.91,217.15166666666667,193.56
2023-01-25 01:00:00,193.56,1,2,0,180.59,181.5666666666667,192.47666666666666,159.45
2023-01-25 02:00:00,159.45,2,2,0,193.56,177.86666666666667,175.71333333333334,180.07
2023-01-25 03:00:00,180.07,3,2,0,159.45,177.6933333333333,176.80166666666665,158.3
2023-01-25 04:00:00,158.3,4,2,0,180.07,165.94000000000003,173.75333333333333,180.44
2023-01-25 05:00:00,180.44,5,2,0,158.3,172.93666666666664,175.40166666666667,160.34
2023-01-25 06:00:00,160.34,6,2,0,180.44,166.36,172.02666666666667,471.52
2023-01-25 07:00:00,471.52,7,2,0,160.34,270.76666666666665,218.35333333333332,692.54
2023-01-25 08:00:00,692.54,8,2,0,471.52,441.4666666666667,307.20166666666665,806.8
2023-01-25 09:00:00,806.8,9,2,0,692.54,656.9533333333333,411.6566666666666,838.54
2023-01-25 10:00:00,838.54,10,2,0,806.8,779.2933333333332,525.0299999999999,916.49
2023-01-25 11:00:00,916.49,11,2,0,838.54,853.9433333333333,647.705,949.66
2023-01-25 12:00:00,949.66,12,2,0,916.49,901.5633333333334,779.2583333333333,736.06
2023-01-25 13:00:00,736.06,13,2,0,949.66,867.4033333333333,823.3483333333332,717.25
2023-01-25 14:00:00,717.25,14,2,0,736.06,800.9899999999999,827.4666666666666,864.52
2023-01-25 15:00:00,864.52,15,2,0,717.25,772.61,837.0866666666667,931.48
2023-01-25 16:00:00,931.48,16,2,0,864.52,837.75,852.5766666666667,806.24
2023-01-25 17:00:00,806.24,17,2,0,931.48,867.4133333333333,834.2016666666665,428.91
2023-01-25 18:00:00,428.91,18,2,0,806.24,722.21,747.41,342.23
2023-01-25 19:00:00,342.23,19,2,0,428.91,525.7933333333334,681.7716666666666,252.78
2023-01-25 20:00:00,252.78,20,2,0,342.23,341.3066666666667,604.36,173.16
2023-01-25 21:00:00,173.16,21,2,0,252.78,256.0566666666667,489.1333333333334,176.69
2023-01-25 22:00:00,176.69,22,2,0,173.16,200.87666666666667,363.33500000000004,166.8
2023-01-25 23:00:00,166.8,23,2,0,176.69,172.2166666666667,256.76166666666666,227.13
2023-01-26 00:00:00,227.13,0,3,0,166.8,190.20666666666668,223.13166666666666,222.49
2023-01-26 01:00:00,222.49,1,3,0,227.13,205.47333333333336,203.17500000000004,224.82
2023-01-26 02:00:00,224.82,2,3,0,222.49,224.81333333333336,198.515,216.52
2023-01-26 03:00:00,216.52,3,3,0,224.82,221.27666666666667,205.74166666666667,218.3
2023-01-26 04:00:00,218.3,4,3,0,216.52,219.88,212.67666666666665,225.1
2023-01-26 05:00:00,225.1,5,3,0,218.3,219.97333333333336,222.39333333333335,230.37
2023-01-26 06:00:00,230.37,6,3,0,225.1,224.59,222.9333333333333,233.47
2023-01-26 07:00:00,233.47,7,3,0,230.37,229.64666666666665,224.76333333333335,211.64
2023-01-26 08:00:00,211.64,8,3,0,233.47,225.16,222.56666666666663,219.95
2023-01-26 09:00:00,219.95,9,3,0,211.64,221.68666666666664,223.13833333333332,205.79
2023-01-26 10:00:00,205.79,10,3,0,219.95,212.45999999999995,221.0533333333333,258.45
2023-01-26 11:00:00,258.45,11,3,0,205.79,228.0633333333333,226.61166666666665,257.05
2023-01-26 12:00:00,257.05,12,3,0,258.45,240.42999999999998,231.0583333333333,255.34
2023-01-26 13:00:00,255.34,13,3,0,257.05,256.94666666666666,234.70333333333335,238.03
2023-01-26 14:00:00,238.03,14,3,0,255.34,250.14000000000001,239.1016666666667,262.65
2023-01-26 15:00:00,262.65,15,3,0,238.03,252.00666666666666,246.21833333333333,274.79
2023-01-26 16:00:00,274.79,16,3,0,262.65,258.49,257.7183333333333,187.87
2023-01-26 17:00:00,187.87,17,3,0,274.79,241.76999999999998,245.955,259.66
2023-01-26 18:00:00,259.66,18,3,0,187.87,240.77333333333334,246.39000000000001,229.56
2023-01-26 19:00:00,229.56,19,3,0,259.66,225.6966666666667,242.09333333333333,229.58
2023-01-26 20:00:00,229.58,20,3,0,229.56,239.60000000000002,240.68499999999997,224.81
2023-01-26 21:00:00,224.81,21,3,0,229.58,227.98333333333335,234.37833333333336,238.73
2023-01-26 22:00:00,238.73,22,3,0,224.81,231.04,228.36833333333334,217.54
2023-01-26 23:00:00,217.54,23,3,0,238.73,227.02666666666664,233.31333333333336,190.41
2023-01-27 00:00:00,190.41,0,4,0,217.54,215.56000000000003,221.77166666666665,175.15
2023-01-27 01:00:00,175.15,1,4,0,190.41,194.36666666666667,212.70333333333335,188.58
2023-01-27 02:00:00,188.58,2,4,0,175.15,184.71333333333337,205.87,179.63
2023-01-27 03:00:00,179.63,3,4,0,188.58,181.12,198.34,176.52
2023-01-27 04:00:00,176.52,4,4,0,179.63,181.57666666666668,187.97166666666666,193.86
2023-01-27 05:00:00,193.86,5,4,0,176.52,183.33666666666667,184.025,168.34
2023-01-27 06:00:00,168.34,6,4,0,193.86,179.57333333333335,180.34666666666666,474.83
2023-01-27 07:00:00,474.83,7,4,0,168.34,279.01,230.29333333333332,690.02
2023-01-27 08:00:00,690.02,8,4,0,474.83,444.3966666666667,313.8666666666667,840.97
2023-01-27 09:00:00,840.97,9,4,0,690.02,668.6066666666666,424.09,866.66
2023-01-27 10:00:00,866.66,10,4,0,840.97,799.2166666666666,539.1133333333333,905.48
2023-01-27 11:00:00,905.48,11,4,0,866.66,871.0366666666665,657.7166666666666,962.82
2023-01-27 12:00:00,962.82,12,4,0,905.48,911.6533333333333,790.1300000000001,735.19
2023-01-27 13:00:00,735.19,13,4,0,962.82,867.83,833.5233333333334,728.95
2023-01-27 14:00:00,728.95,14,4,0,735.19,808.9866666666667,840.0116666666667,896.98
2023-01-27 15:00:00,896.98,15,4,0,728.95,787.04,849.3466666666668,839.48
2023-01-27 16:00:00,839.48,16,4,0,896.98,821.8033333333333,844.8166666666666,826.09
2023-01-27 17:00:00,826.09,17,4,0,839.48,854.1833333333334,831.585,412.32
2023-01-27 18:00:00,412.32,18,4,0,826.09,692.63,739.835,337.49
2023-01-27 19:00:00,337.49,19,4,0,412.32,525.3,673.5516666666666,270.98
2023-01-27 20:00:00,270.98,20,4,0,337.49,340.2633333333333,597.2233333333332,181.6
2023-01-27 21:00:00,181.6,21,4,0,270.98,263.3566666666666,477.99333333333334,182.45
2023-01-27 22:00:00,182.45,22,4,0,181.6,211.67666666666662,368.4883333333333,179.51
2023-01-27 23:00:00,179.51,23,4,0,182.45,181.1866666666666,260.72499999999997,194.71
2023-01-28 00:00:00,194.71,0,5,1,179.51,185.55666666666662,224.45666666666668,185.48
2023-01-28 01:00:00,185.48,1,5,1,194.71,186.56666666666663,199.12166666666667,200.21
2023-01-28 02:00:00,200.21,2,5,1,185.48,193.4666666666666,187.32666666666668,200.7
2023-01-28 03:00:00,200.7,3,5,1,200.21,195.46333333333328,190.51,189.01
2023-01-28 04:00:00,189.01,4,5,1,200.7,196.63999999999996,191.60333333333332,179.0
2023-01-28 05:00:00,179.0,5,5,1,189.01,189.56999999999994,191.51833333333332,200.42
2023-01-28 06:00:00,200.42,6,5,1,179.0,189.4766666666666,192.47,199.02
2023-01-28 07:00:00,199.02,7,5,1,200.42,192.81333333333328,194.7266666666667,182.08
2023-01-28 08:00:00,182.08,8,5,1,199.02,193.83999999999995,191.705,193.77
2023-01-28 09:00:00,193.77,9,5,1,182.08,191.6233333333333,190.54999999999998,303.38
2023-01-28 10:00:00,303.38,10,5,1,193.77,226.40999999999997,209.61166666666668,303.23
2023-01-28 11:00:00,303.23,11,5,1,303.38,266.7933333333333,230.3166666666667,311.72
2023-01-28 12:00:00,311.72,12,5,1,303.23,306.10999999999996,248.8666666666667,296.48
2023-01-28 13:00:00,296.48,13,5,1,311.72,303.81,265.11000000000007,305.6
2023-01-28 14:00:00,305.6,14,5,1,296.48,304.59999999999997,285.69666666666666,288.82
2023-01-28 15:00:00,288.82,15,5,1,305.6,296.96666666666664,301.53833333333336,303.0
2023-01-28 16:00:00,303.0,16,5,1,288.82,299.13999999999993,301.47499999999997,200.27
2023-01-28 17:00:00,200.27,17,5,1,303.0,264.03,284.315,192.24
2023-01-28 18:00:00,192.24,18,5,1,200.27,231.83666666666662,264.4016666666667,193.24
2023-01-28 19:00:00,193.24,19,5,1,192.24,195.24999999999997,247.19499999999996,185.74
2023-01-28 20:00:00,185.74,20,5,1,193.24,190.40666666666664,227.21833333333333,191.83
2023-01-28 21:00:00,191.83,21,5,1,185.74,190.26999999999998,211.05333333333337,192.78
2023-01-28 22:00:00,192.78,22,5,1,191.83,190.11666666666665,192.68333333333337,190.47
2023-01-28 23:00:00,190.47,23,5,1,192.78,191.6933333333333,191.04999999999998,188.38
2023-01-29 00:00:00,188.38,0,6,1,190.47,190.5433333333333,190.40666666666667,191.86
2023-01-29 01:00:00,191.86,1,6,1,188.38,190.23666666666665,190.17666666666665,179.05
2023-01-29 02:00:00,179.05,2,6,1,191.86,186.42999999999998,189.06166666666664,190.0
2023-01-29 03:00:00,190.0,3,6,1,179.05,186.96999999999994,188.75666666666666,193.25
2023-01-29 04:00:00,193.25,4,6,1,190.0,187.4333333333333,188.835,209.73
2023-01-29 05:00:00,209.73,5,6,1,193.25,197.65999999999997,192.045,181.09
2023-01-29 06:00:00,181.09,6,6,1,209.73,194.68999999999997,190.83,184.88
2023-01-29 07:00:00,184.88,7,6,1,181.09,191.89999999999995,189.66666666666666,182.09
2023-01-29 08:00:00,182.09,8,6,1,184.88,182.6866666666666,190.17333333333332,187.44
2023-01-29 09:00:00,187.44,9,6,1,182.09,184.80333333333328,189.74666666666667,299.59
2023-01-29 10:00:00,299.59,10,6,1,187.44,223.03999999999996,207.47,289.78
2023-01-29 11:00:00,289.78,11,6,1,299.59,258.9366666666666,220.81166666666664,303.18
2023-01-29 12:00:00,303.18,12,6,1,289.78,297.51666666666665,241.16,301.65
2023-01-29 13:00:00,301.65,13,6,1,303.18,298.2033333333333,260.6216666666666,292.13
2023-01-29 14:00:00,292.13,14,6,1,301.65,298.9866666666666,278.96166666666664,291.76
2023-01-29 15:00:00,291.76,15,6,1,292.13,295.1799999999999,296.3483333333333,298.61
2023-01-29 16:00:00,298.61,16,6,1,291.76,294.1666666666667,296.185,200.17
2023-01-29 17:00:00,200.17,17,6,1,298.61,263.51333333333326,281.25,179.82
2023-01-29 18:00:00,179.82,18,6,1,200.17,226.19999999999996,260.69,192.67
2023-01-29 19:00:00,192.67,19,6,1,179.82,190.88666666666663,242.52666666666667,200.27
2023-01-29 20:00:00,200.27,20,6,1,192.67,190.91999999999996,227.21666666666667,179.46
2023-01-29 21:00:00,179.46,21,6,1,200.27,190.79999999999995,208.5,202.73
2023-01-29 22:00:00,202.73,22,6,1,179.46,194.1533333333333,192.52,185.27
2023-01-29 23:00:00,185.27,23,6,1,202.73,189.1533333333333,190.03666666666666,170.41
2023-01-30 00:00:00,170.41,0,0,0,185.27,186.13666666666663,188.46833333333333,170.37
2023-01-30 01:00:00,170.37,1,0,0,170.41,175.34999999999994,184.75166666666667,183.4
2023-01-30 02:00:00,183.4,2,0,0,170.37,174.7266666666666,181.93999999999997,182.98
2023-01-30 03:00:00,182.98,3,0,0,183.4,178.91666666666663,182.52666666666664,184.21
2023-01-30 04:00:00,184.21,4,0,0,182.98,183.52999999999997,179.44000000000003,192.64
2023-01-30 05:00:00,192.64,5,0,0,184.21,186.60999999999999,180.66833333333332,172.65
2023-01-30 06:00:00,172.65,6,0,0,192.64,183.16666666666663,181.04166666666666,474.95
2023-01-30 07:00:00,474.95,7,0,0,172.65,280.0799999999999,231.80499999999998,690.9
2023-01-30 08:00:00,690.9,8,0,0,474.95,446.1666666666667,316.3883333333333,822.36
2023-01-30 09:00:00,822.36,9,0,0,690.9,662.7366666666666,422.95166666666665,859.25
2023-01-30 10:00:00,859.25,10,0,0,822.36,790.8366666666666,535.4583333333334,896.3
2023-01-30 11:00:00,896.3,11,0,0,859.25,859.3033333333333,652.735,949.62
2023-01-30 12:00:00,949.62,12,0,0,896.3,901.7233333333332,782.23,700.21
2023-01-30 13:00:00,700.21,13,0,0,949.62,848.7099999999999,819.7733333333334,725.67
2023-01-30 14:00:00,725.67,14,0,0,700.21,791.8333333333334,825.5683333333333,895.3
2023-01-30 15:00:00,895.3,15,0,0,725.67,773.7266666666666,837.725,831.67
2023-01-30 16:00:00,831.67,16,0,0,895.3,817.5466666666666,833.1283333333332,827.49
2023-01-30 17:00:00,827.49,17,0,0,831.67,851.4866666666666,821.66,433.86
2023-01-30 18:00:00,433.86,18,0,0,827.49,697.6733333333333,735.6999999999999,327.21
2023-01-30 19:00:00,327.21,19,0,0,433.86,529.52,673.5333333333333,261.82
2023-01-30 20:00:00,261.82,20,0,0,327.21,340.9633333333333,596.2249999999999,207.26
2023-01-30 21:00:00,207.26,21,0,0,261.82,265.42999999999995,481.5516666666667,182.39
2023-01-30 22:00:00,182.39,22,0,0,207.26,217.1566666666666,373.3383333333333,178.27
2023-01-30 23:00:00,178.27,23,0,0,182.39,189.30666666666662,265.13500000000005,165.16
2023-01-31 00:00:00,165.16,0,1,0,178.27,175.2733333333333,220.35166666666666,173.18
2023-01-31 01:00:00,173.18,1,1,0,165.16,172.2033333333333,194.67999999999998,173.87
2023-01-31 02:00:00,173.87,2,1,0,173.18,170.73666666666665,180.02166666666668,167.61
2023-01-31 03:00:00,167.61,3,1,0,173.87,171.55333333333328,173.41333333333333,170.52
2023-01-31 04:00:00,170.52,4,1,0,167.61,170.66666666666663,171.43500000000003,180.78
2023-01-31 05:00:00,180.78,5,1,0,170.52,172.96999999999994,171.85333333333335,170.38
2023-01-31 06:00:00,170.38,6,1,0,180.78,173.8933333333333,172.72333333333333,479.2
2023-01-31 07:00:00,479.2,7,1,0,170.38,276.78666666666663,223.7266666666667,678.0
2023-01-31 08:00:00,678.0,8,1,0,479.2,442.52666666666664,307.7483333333334,807.05
2023-01-31 09:00:00,807.05,9,1,0,678.0,654.7499999999999,414.32166666666666,889.57
2023-01-31 10:00:00,889.57,10,1,0,807.05,791.54,534.1633333333333,917.43
2023-01-31 11:00:00,917.43,11,1,0,889.57,871.3499999999999,656.9383333333333,965.37
2023-01-31 12:00:00,965.37,12,1,0,917.43,924.1233333333333,789.4366666666666,715.01
2023-01-31 13:00:00,715.01,13,1,0,965.37,865.9366666666666,828.7383333333333,741.76
2023-01-31 14:00:00,741.76,14,1,0,715.01,807.38,839.3650000000001,863.59
2023-01-31 15:00:00,863.59,15,1,0,741.76,773.4533333333333,848.7883333333334,848.18
2023-01-31 16:00:00,848.18,16,1,0,863.59,817.8433333333332,841.8899999999999,817.8
2023-01-31 17:00:00,817.8,17,1,0,848.18,843.1899999999999,825.285,425.45
2023-01-31 18:00:00,425.45,18,1,0,817.8,697.1433333333333,735.2983333333333,332.3
2023-01-31 19:00:00,332.3,19,1,0,425.45,525.1833333333333,671.5133333333333,261.2
2023-01-31 20:00:00,261.2,20,1,0,332.3,339.6499999999999,591.42,174.0
2023-01-31 21:00:00,174.0,21,1,0,261.2,255.83333333333326,476.4883333333333,185.37
2023-01-31 22:00:00,185.37,22,1,0,174.0,206.85666666666665,366.02,178.61
2023-01-31 23:00:00,178.61,23,1,0,185.37,179.32666666666663,259.48833333333334,174.6
2023-02-01 00:00:00,174.6,0,2,0,178.61,179.52666666666664,217.67999999999998,171.89
2023-02-01 01:00:00,171.89,1,2,0,174.6,175.0333333333333,190.94500000000002,176.03
2023-02-01 02:00:00,176.03,2,2,0,171.89,174.1733333333333,176.75,174.55
2023-02-01 03:00:00,174.55,3,2,0,176.03,174.1566666666666,176.84166666666667,185.17
2023-02-01 04:00:00,185.17,4,2,0,174.55,178.5833333333333,176.80833333333337,178.28
2023-02-01 05:00:00,178.28,5,2,0,185.17,179.3333333333333,176.75333333333333,175.52
2023-02-01 06:00:00,175.52,6,2,0,178.28,179.65666666666664,176.90666666666667,447.26
2023-02-01 07:00:00,447.26,7,2,0,175.52,267.02,222.80166666666665,690.48
2023-02-01 08:00:00,690.48,8,2,0,447.26,437.75333333333333,308.54333333333335,839.22
2023-02-01 09:00:00,839.22,9,2,0,690.48,658.9866666666667,419.32166666666666,846.38
2023-02-01 10:00:00,846.38,10,2,0,839.22,792.0266666666666,529.5233333333333,888.76
2023-02-01 11:00:00,888.76,11,2,0,846.38,858.1199999999999,647.9366666666666,935.59
2023-02-01 12:00:00,935.59,12,2,0,888.76,890.2433333333333,774.6150000000001,723.55
2023-02-01 13:00:00,723.55,13,2,0,935.59,849.2999999999998,820.6633333333333,750.23
2023-02-01 14:00:00,750.23,14,2,0,723.55,803.1233333333333,830.6216666666668,831.8
2023-02-01 15:00:00,831.8,15,2,0,750.23,768.5266666666666,829.3850000000001,879.3
2023-02-01 16:00:00,879.3,16,2,0,831.8,820.4433333333333,834.8716666666666,814.06
2023-02-01 17:00:00,814.06,17,2,0,879.3,841.7199999999999,822.4216666666666,418.85
2023-02-01 18:00:00,418.85,18,2,0,814.06,704.0699999999998,736.2983333333333,334.77
2023-02-01 19:00:00,334.77,19,2,0,418.85,522.56,671.5016666666667,273.08
2023-02-01 20:00:00,273.08,20,2,0,334.77,342.2333333333333,591.9766666666666,183.72
2023-02-01 21:00:00,183.72,21,2,0,273.08,263.8566666666666,483.96333333333337,187.11
2023-02-01 22:00:00,187.11,22,2,0,183.72,214.63666666666663,368.5983333333333,178.68
2023-02-01 23:00:00,178.68,23,2,0,187.11,183.16999999999996,262.70166666666665,177.37
2023-02-02 00:00:00,177.37,0,3,0,178.68,181.05333333333328,222.455,182.16
2023-02-02 01:00:00,182.16,1,3,0,177.37,179.40333333333328,197.01999999999998,188.07
2023-02-02 02:00:00,188.07,2,3,0,182.16,182.5333333333333,182.8516666666667,177.2
2023-02-02 03:00:00,177.2,3,3,0,188.07,182.4766666666666,181.76500000000001,172.08
2023-02-02 04:00:00,172.08,4,3,0,177.2,179.11666666666665,179.26,180.31
2023-02-02 05:00:00,180.31,5,3,0,172.08,176.52999999999997,179.53166666666667,179.59
2023-02-02 06:00:00,179.59,6,3,0,180.31,177.32666666666663,179.90166666666664,468.4
2023-02-02 07:00:00,468.4,7,3,0,179.59,276.09999999999997,227.60833333333335,683.38
2023-02-02 08:00:00,683.38,8,3,0,468.4,443.78999999999996,310.16,825.68
2023-02-02 09:00:00,825.68,9,3,0,683.38,659.1533333333332,418.24,858.24
2023-02-02 10:00:00,858.24,10,3,0,825.68,789.0999999999999,532.6,895.24
2023-02-02 11:00:00,895.24,11,3,0,858.24,859.7199999999999,651.755,953.56
2023-02-02 12:00:00,953.56,12,3,0,895.24,902.3466666666667,780.75,731.58
2023-02-02 13:00:00,731.58,13,3,0,953.56,860.1266666666667,824.6133333333333,733.17
2023-02-02 14:00:00,733.17,14,3,0,731.58,806.1033333333334,832.9116666666667,851.28
2023-02-02 15:00:00,851.28,15,3,0,733.17,772.0099999999999,837.1783333333333,861.46
2023-02-02 16:00:00,861.46,16,3,0,851.28,815.3033333333333,837.715,832.46
2023-02-02 17:00:00,832.46,17,3,0,861.46,848.4,827.2516666666667,412.42
2023-02-02 18:00:00,412.42,18,3,0,832.46,702.1133333333333,737.0616666666666,334.28
2023-02-02 19:00:00,334.28,19,3,0,412.42,526.3866666666667,670.845,261.6
2023-02-02 20:00:00,261.6,20,3,0,334.28,336.09999999999997,592.25,187.36
2023-02-02 21:00:00,187.36,21,3,0,261.6,261.0799999999999,481.59666666666675,173.29
2023-02-02 22:00:00,173.29,22,3,0,187.36,207.41666666666663,366.9016666666667,178.81
2023-02-02 23:00:00,178.81,23,3,0,173.29,179.81999999999996,257.96000000000004,171.11
2023-02-03 00:00:00,171.11,0,4,0,178.81,174.4033333333333,217.74166666666667,181.28
2023-02-03 01:00:00,181.28,1,4,0,171.11,177.06666666666663,192.24166666666667,173.28
2023-02-03 02:00:00,173.28,2,4,0,181.28,175.22333333333327,177.52166666666665,180.0
2023-02-03 03:00:00,180.0,3,4,0,173.28,178.1866666666666,176.295,178.03
2023-02-03 04:00:00,178.03,4,4,0,180.0,177.10333333333332,177.085,170.23
2023-02-03 05:00:00,170.23,5,4,0,178.03,176.08666666666662,175.655,196.78
2023-02-03 06:00:00,196.78,6,4,0,170.23,181.67999999999998,179.9333333333333,473.38
2023-02-03 07:00:00,473.38,7,4,0,196.78,280.12999999999994,228.61666666666667,695.58
2023-02-03 08:00:00,695.58,8,4,0,473.38,455.2466666666666,315.6666666666667,846.42
2023-02-03 09:00:00,846.42,9,4,0,695.58,671.7933333333333,426.7366666666667,861.22
2023-02-03 10:00:00,861.22,10,4,0,846.42,801.0733333333334,540.6016666666666,896.67
2023-02-03 11:00:00,896.67,11,4,0,861.22,868.1033333333334,661.675,914.98
2023-02-03 12:00:00,914.98,12,4,0,896.67,890.9566666666666,781.375,726.74
2023-02-03 13:00:00,726.74,13,4,0,914.98,846.13,823.6016666666666,777.87
2023-02-03 14:00:00,777.87,14,4,0,726.74,806.5300000000001,837.3166666666666,867.79
2023-02-03 15:00:00,867.79,15,4,0,777.87,790.7999999999998,840.8783333333334,840.0
2023-02-03 16:00:00,840.0,16,4,0,867.79,828.5533333333333,837.3416666666666,816.3
2023-02-03 17:00:00,816.3,17,4,0,840.0,841.3633333333333,823.9466666666666,388.65
2023-02-03 18:00:00,388.65,18,4,0,816.3,681.65,736.225,321.7
2023-02-03 19:00:00,321.7,19,4,0,388.65,508.88333333333327,668.7183333333334,272.45
2023-02-03 20:00:00,272.45,20,4,0,321.7,327.59999999999997,584.4816666666667,186.97
2023-02-03 21:00:00,186.97,21,4,0,272.45,260.3733333333333,471.0116666666666,160.11
2023-02-03 22:00:00,160.11,22,4,0,186.97,206.50999999999996,357.69666666666666,180.21
2023-02-03 23:00:00,180.21,23,4,0,160.11,175.76333333333332,251.68166666666664,178.96
2023-02-04 00:00:00,178.96,0,5,1,180.21,173.09333333333328,216.73333333333335,195.53
2023-02-04 01:00:00,195.53,1,5,1,178.96,184.89999999999995,195.705,200.04
2023-02-04 02:00:00,200.04,2,5,1,195.53,191.50999999999996,183.63666666666666,197.31
2023-02-04 03:00:00,197.31,3,5,1,200.04,197.62666666666664,185.36,195.73
2023-02-04 04:00:00,195.73,4,5,1,197.31,197.6933333333333,191.29666666666665,189.14
2023-02-04 05:00:00,189.14,5,5,1,195.73,194.05999999999995,192.785,185.14
2023-02-04 06:00:00,185.14,6,5,1,189.14,190.00333333333325,193.81499999999997,198.7
2023-02-04 07:00:00,198.7,7,5,1,185.14,190.99333333333325,194.34333333333333,193.45
2023-02-04 08:00:00,193.45,8,5,1,198.7,192.42999999999995,193.24499999999998,205.77
2023-02-04 09:00:00,205.77,9,5,1,193.45,199.30666666666662,194.655,308.05
2023-02-04 10:00:00,308.05,10,5,1,205.77,235.75666666666666,213.375,319.82
2023-02-04 11:00:00,319.82,11,5,1,308.05,277.87999999999994,235.155,300.13
2023-02-04 12:00:00,300.13,12,5,1,319.82,309.3333333333333,254.32000000000002,292.89
2023-02-04 13:00:00,292.89,13,5,1,300.13,304.28,270.0183333333333,281.16
2023-02-04 14:00:00,281.16,14,5,1,292.89,291.3933333333334,284.63666666666666,304.84
2023-02-04 15:00:00,304.84,15,5,1,281.16,292.9633333333333,301.1483333333333,297.84
2023-02-04 16:00:00,297.84,16,5,1,304.84,294.6133333333333,299.44666666666666,196.53
2023-02-04 17:00:00,196.53,17,5,1,297.84,266.4033333333333,278.89833333333337,194.62
2023-02-04 18:00:00,194.62,18,5,1,196.53,229.6633333333333,261.31333333333333,183.61
2023-02-04 19:00:00,183.61,19,5,1,194.62,191.58666666666667,243.10000000000002,184.65
2023-02-04 20:00:00,184.65,20,5,1,183.61,187.62666666666667,227.015,194.06
2023-02-04 21:00:00,194.06,21,5,1,184.65,187.43999999999997,208.55166666666665,189.76
2023-02-04 22:00:00,189.76,22,5,1,194.06,189.49,190.53833333333333,193.11
2023-02-04 23:00:00,193.11,23,5,1,189.76,192.30999999999997,189.96833333333333,194.33
2023-02-05 00:00:00,194.33,0,6,1,193.11,192.39999999999998,189.92,202.31
2023-02-05 01:00:00,202.31,1,6,1,194.33,196.58333333333334,193.03666666666666,190.59
2023-02-05 02:00:00,190.59,2,6,1,202.31,195.74333333333334,194.02666666666664,181.39
2023-02-05 03:00:00,181.39,3,6,1,190.59,191.42999999999998,191.915,183.76
2023-02-05 04:00:00,183.76,4,6,1,181.39,185.24666666666667,190.915,184.34
2023-02-05 05:00:00,184.34,5,6,1,183.76,183.1633333333333,189.45333333333335,182.08
2023-02-05 06:00:00,182.08,6,6,1,184.34,183.39333333333332,187.41166666666666,192.77
2023-02-05 07:00:00,192.77,7,6,1,182.08,186.39666666666665,185.8216666666667,187.64
2023-02-05 08:00:00,187.64,8,6,1,192.77,187.49666666666664,185.33,189.62
2023-02-05 09:00:00,189.62,9,6,1,187.64,190.01,186.70166666666668,297.8
2023-02-05 10:00:00,297.8,10,6,1,189.62,225.01999999999998,205.70833333333334,304.5
2023-02-05 11:00:00,304.5,11,6,1,297.8,263.9733333333333,225.735,292.72
2023-02-05 12:00:00,292.72,12,6,1,304.5,298.34,244.17499999999998,299.82
2023-02-05 13:00:00,299.82,13,6,1,292.72,299.0133333333333,262.01666666666665,297.39
2023-02-05 14:00:00,297.39,14,6,1,299.82,296.64333333333326,280.30833333333334,307.04
2023-02-05 15:00:00,307.04,15,6,1,297.39,301.41666666666663,299.87833333333333,278.91
2023-02-05 16:00:00,278.91,16,6,1,307.04,294.44666666666666,296.73,196.95
2023-02-05 17:00:00,196.95,17,6,1,278.91,260.96666666666664,278.805,194.97
2023-02-05 18:00:00,194.97,18,6,1,196.95,223.60999999999999,262.5133333333333,195.1
2023-02-05 19:00:00,195.1,19,6,1,194.97,195.6733333333333,245.06000000000003,196.66
2023-02-05 20:00:00,196.66,20,6,1,195.1,195.57666666666663,228.27166666666665,204.82
2023-02-05 21:00:00,204.82,21,6,1,196.66,198.85999999999993,211.235,203.1
2023-02-05 22:00:00,203.1,22,6,1,204.82,201.52666666666664,198.6,199.69
2023-02-05 23:00:00,199.69,23,6,1,203.1,202.53666666666663,199.05666666666664,175.26
2023-02-06 00:00:00,175.26,0,0,0,199.69,192.68333333333328,195.77166666666665,181.03
2023-02-06 01:00:00,181.03,1,0,0,175.26,185.32666666666663,193.42666666666665,184.52
2023-02-06 02:00:00,184.52,2,0,0,181.03,180.26999999999998,191.40333333333334,187.04
2023-02-06 03:00:00,187.04,3,0,0,184.52,184.19666666666663,188.44000000000003,183.36
2023-02-06 04:00:00,183.36,4,0,0,187.04,184.97333333333333,185.15,163.19
2023-02-06 05:00:00,163.19,5,0,0,183.36,177.86333333333332,179.06666666666663,166.2
2023-02-06 06:00:00,166.2,6,0,0,163.19,170.91666666666663,177.55666666666664,472.31
2023-02-06 07:00:00,472.31,7,0,0,166.2,267.2333333333333,226.10333333333332,697.45
2023-02-06 08:00:00,697.45,8,0,0,472.31,445.32,311.5916666666667,845.69
2023-02-06 09:00:00,845.69,9,0,0,697.45,671.8166666666666,421.36666666666673,874.31
2023-02-06 10:00:00,874.31,10,0,0,845.69,805.8166666666666,536.525,983.05
2023-02-06 11:00:00,983.05,11,0,0,874.31,901.0166666666665,673.1683333333333,925.01
2023-02-06 12:00:00,925.01,12,0,0,983.05,927.4566666666666,799.6366666666667,752.28
2023-02-06 13:00:00,752.28,13,0,0,925.01,886.7799999999999,846.2983333333333,756.96
2023-02-06 14:00:00,756.96,14,0,0,752.28,811.4166666666666,856.2166666666667,859.63
2023-02-06 15:00:00,859.63,15,0,0,756.96,789.6233333333333,858.54,861.49
2023-02-06 16:00:00,861.49,16,0,0,859.63,826.0266666666666,856.4033333333333,792.29
2023-02-06 17:00:00,792.29,17,0,0,861.49,837.8033333333333,824.61,406.24
2023-02-06 18:00:00,406.24,18,0,0,792.29,686.6733333333332,738.1483333333332,346.51
2023-02-06 19:00:00,346.51,19,0,0,406.24,515.0133333333333,670.52,260.79
2023-02-06 20:00:00,260.79,20,0,0,346.51,337.84666666666664,587.825,173.76
2023-02-06 21:00:00,173.76,21,0,0,260.79,260.3533333333333,473.5133333333333,186.15
2023-02-06 22:00:00,186.15,22,0,0,173.76,206.89999999999998,360.95666666666665,179.77
2023-02-06 23:00:00,179.77,23,0,0,186.15,179.8933333333333,258.87,166.23
2023-02-07 00:00:00,166.23,0,1,0,179.77,177.3833333333333,218.86833333333334,177.99
2023-02-07 01:00:00,177.99,1,1,0,166.23,174.6633333333333,190.78166666666667,189.75
2023-02-07 02:00:00,189.75,2,1,0,177.99,177.98999999999998,178.9416666666667,172.56
2023-02-07 03:00:00,172.56,3,1,0,189.75,180.09999999999994,178.74166666666667,173.73
2023-02-07 04:00:00,173.73,4,1,0,172.56,178.67999999999995,176.67166666666665,180.08
2023-02-07 05:00:00,180.08,5,1,0,173.73,175.45666666666662,176.72333333333333,185.77
2023-02-07 06:00:00,185.77,6,1,0,180.08,179.85999999999999,179.98000000000002,465.37
2023-02-07 07:00:00,465.37,7,1,0,185.77,277.0733333333333,227.87666666666667,681.81
2023-02-07 08:00:00,681.81,8,1,0,465.37,444.3166666666666,309.88666666666666,834.29
2023-02-07 09:00:00,834.29,9,1,0,681.81,660.4899999999999,420.175,873.47
2023-02-07 10:00:00,873.47,10,1,0,834.29,796.5233333333332,536.7983333333333,898.81
2023-02-07 11:00:00,898.81,11,1,0,873.47,868.8566666666666,656.5866666666667,965.24
2023-02-07 12:00:00,965.24,12,1,0,898.81,912.5066666666667,786.4983333333333,733.02
2023-02-07 13:00:00,733.02,13,1,0,965.24,865.6899999999999,831.1066666666667,734.31
2023-02-07 14:00:00,734.31,14,1,0,733.02,810.8566666666666,839.8566666666666,865.5
2023-02-07 15:00:00,865.5,15,1,0,734.31,777.61,845.0583333333333,879.39
2023-02-07 16:00:00,879.39,16,1,0,865.5,826.4,846.045,828.46
2023-02-07 17:00:00,828.46,17,1,0,879.39,857.7833333333333,834.32,378.66
2023-02-07 18:00:00,378.66,18,1,0,828.46,695.5033333333334,736.5566666666667,340.05
2023-02-07 19:00:00,340.05,19,1,0,378.66,515.7233333333334,671.0616666666666,259.4
2023-02-07 20:00:00,259.4,20,1,0,340.05,326.03666666666663,591.91,185.26
2023-02-07 21:00:00,185.26,21,1,0,259.4,261.56999999999994,478.5366666666667,177.16
2023-02-07 22:00:00,177.16,22,1,0,185.26,207.27333333333328,361.4983333333333,163.65
2023-02-07 23:00:00,163.65,23,1,0,177.16,175.35666666666665,250.69666666666663,178.97
2023-02-08 00:00:00,178.97,0,2,0,163.65,173.25999999999996,217.415,190.39
2023-02-08 01:00:00,190.39,1,2,0,178.97,177.66999999999996,192.47166666666666,176.21
2023-02-08 02:00:00,176.21,2,2,0,190.39,181.85666666666665,178.60666666666665,177.51
2023-02-08 03:00:00,177.51,3,2,0,176.21,181.36999999999998,177.31499999999997,175.07
2023-02-08 04:00:00,175.07,4,2,0,177.51,176.2633333333333,176.96666666666667,151.11
2023-02-08 05:00:00,151.11,5,2,0,175.07,167.89666666666662,174.87666666666667,174.11
2023-02-08 06:00:00,174.11,6,2,0,151.11,166.7633333333333,174.0666666666667,480.7
2023-02-08 07:00:00,480.7,7,2,0,174.11,268.63999999999993,222.45166666666668,691.22
2023-02-08 08:00:00,691.22,8,2,0,480.7,448.67666666666656,308.2866666666667,820.04
2023-02-08 09:00:00,820.04,9,2,0,691.22,663.9866666666666,415.375,849.06
2023-02-08 10:00:00,849.06,10,2,0,820.04,786.7733333333332,527.7066666666666,975.88
2023-02-08 11:00:00,975.88,11,2,0,849.06,881.6599999999999,665.1683333333334,924.53
2023-02-08 12:00:00,924.53,12,2,0,975.88,916.4899999999999,790.2383333333333,741.61
2023-02-08 13:00:00,741.61,13,2,0,924.53,880.6733333333333,833.7233333333334,711.2
2023-02-08 14:00:00,711.2,14,2,0,741.61,792.4466666666666,837.0533333333333,877.83
2023-02-08 15:00:00,877.83,15,2,0,711.2,776.8800000000001,846.685,853.51
2023-02-08 16:00:00,853.51,16,2,0,877.83,814.18,847.4266666666666,853.38
2023-02-08 17:00:00,853.38,17,2,0,853.51,861.5733333333333,827.0100000000001,403.86
2023-02-08 18:00:00,403.86,18,2,0,853.38,703.5833333333334,740.2316666666667,347.13
2023-02-08 19:00:00,347.13,19,2,0,403.86,534.79,674.485,272.23
2023-02-08 20:00:00,272.23,20,2,0,347.13,341.0733333333333,601.3233333333334,175.77
2023-02-08 21:00:00,175.77,21,2,0,272.23,265.0433333333333,484.31333333333333,177.49
2023-02-08 22:00:00,177.49,22,2,0,175.77,208.49666666666664,371.6433333333334,180.62
2023-02-08 23:00:00,180.62,23,2,0,177.49,177.95999999999995,259.5166666666667,179.33
2023-02-09 00:00:00,179.33,0,3,0,180.62,179.14666666666665,222.09500000000003,172.16
2023-02-09 01:00:00,172.16,1,3,0,179.33,177.36999999999998,192.93333333333337,169.33
2023-02-09 02:00:00,169.33,2,3,0,172.16,173.60666666666665,175.78333333333333,175.85
2023-02-09 03:00:00,175.85,3,3,0,169.33,172.44666666666663,175.79666666666665,174.57
2023-02-09 04:00:00,174.57,4,3,0,175.85,173.24999999999997,175.31000000000003,183.17
2023-02-09 05:00:00,183.17,5,3,0,174.57,177.86333333333332,175.735,171.11
2023-02-09 06:00:00,171.11,6,3,0,183.17,176.2833333333333,174.365,479.57
2023-02-09 07:00:00,479.57,7,3,0,171.11,277.95,225.6,692.82
2023-02-09 08:00:00,692.82,8,3,0,479.57,447.8333333333333,312.84833333333336,802.82
2023-02-09 09:00:00,802.82,9,3,0,692.82,658.4033333333333,417.3433333333333,867.3
2023-02-09 10:00:00,867.3,10,3,0,802.82,787.6466666666665,532.7983333333333,921.63
2023-02-09 11:00:00,921.63,11,3,0,867.3,863.9166666666666,655.875,929.81
2023-02-09 12:00:00,929.81,12,3,0,921.63,906.2466666666666,782.3249999999999,741.65
2023-02-09 13:00:00,741.65,13,3,0,929.81,864.3633333333333,826.0050000000001,739.32
2023-02-09 14:00:00,739.32,14,3,0,741.65,803.5933333333332,833.755,846.57
2023-02-09 15:00:00,846.57,15,3,0,739.32,775.8466666666667,841.0466666666666,956.13
2023-02-09 16:00:00,956.13,16,3,0,846.57,847.34,855.8516666666666,840.33
2023-02-09 17:00:00,840.33,17,3,0,956.13,881.0099999999999,842.3016666666666,413.78
2023-02-09 18:00:00,413.78,18,3,0,840.33,736.7466666666666,756.2966666666667,335.87
2023-02-09 19:00:00,335.87,19,3,0,413.78,529.9933333333333,688.6666666666666,268.97
2023-02-09 20:00:00,268.97,20,3,0,335.87,339.53999999999996,610.275,191.8
2023-02-09 21:00:00,191.8,21,3,0,268.97,265.5466666666666,501.1466666666667,185.23
2023-02-09 22:00:00,185.23,22,3,0,191.8,215.3333333333333,372.66333333333336,186.59
2023-02-09 23:00:00,186.59,23,3,0,185.23,187.8733333333333,263.70666666666665,174.65
2023-02-10 00:00:00,174.65,0,4,0,186.59,182.15666666666664,223.8516666666667,194.26
2023-02-10 01:00:00,194.26,1,4,0,174.65,185.16666666666663,200.25,180.42
2023-02-10 02:00:00,180.42,2,4,0,194.26,183.10999999999999,185.49166666666667,172.41
2023-02-10 03:00:00,172.41,3,4,0,180.42,182.36333333333332,182.26,175.47
2023-02-10 04:00:00,175.47,4,4,0,172.41,176.1,180.63333333333333,158.33
2023-02-10 05:00:00,158.33,5,4,0,175.47,168.73666666666665,175.92333333333332,184.45
2023-02-10 06:00:00,184.45,6,4,0,158.33,172.74999999999997,177.55666666666664,485.81
2023-02-10 07:00:00,485.81,7,4,0,184.45,276.19666666666666,226.1483333333333,676.28
2023-02-10 08:00:00,676.28,8,4,0,485.81,448.84666666666664,308.7916666666667,865.23
2023-02-10 09:00:00,865.23,9,4,0,676.28,675.7733333333332,424.2616666666667,902.01
2023-02-10 10:00:00,902.01,10,4,0,865.23,814.5066666666667,545.3516666666666,914.5
2023-02-10 11:00:00,914.5,11,4,0,902.01,893.9133333333333,671.38,972.38
2023-02-10 12:00:00,972.38,12,4,0,914.5,929.63,802.7016666666667,729.55
2023-02-10 13:00:00,729.55,13,4,0,972.38,872.1433333333333,843.3249999999999,738.17
2023-02-10 14:00:00,738.17,14,4,0,729.55,813.3666666666667,853.64,911.51
2023-02-10 15:00:00,911.51,15,4,0,738.17,793.0766666666665,861.3533333333334,880.16
2023-02-10 16:00:00,880.16,16,4,0,911.51,843.2800000000001,857.7116666666667,863.9
2023-02-10 17:00:00,863.9,17,4,0,880.16,885.1899999999999,849.2783333333333,412.73
2023-02-10 18:00:00,412.73,18,4,0,863.9,718.93,756.0033333333332,332.61
2023-02-10 19:00:00,332.61,19,4,0,412.73,536.4133333333333,689.8466666666667,264.42
2023-02-10 20:00:00,264.42,20,4,0,332.61,336.58666666666664,610.8883333333333,182.94
2023-02-10 21:00:00,182.94,21,4,0,264.42,259.98999999999995,489.46,173.24
2023-02-10 22:00:00,173.24,22,4,0,182.94,206.86666666666665,371.64000000000004,179.26
2023-02-10 23:00:00,179.26,23,4,0,173.24,178.47999999999993,257.5333333333333,194.28
2023-02-11 00:00:00,194.28,0,5,1,179.26,182.25999999999996,221.125,204.42
2023-02-11 01:00:00,204.42,1,5,1,194.28,192.65333333333328,199.76,203.35
2023-02-11 02:00:00,203.35,2,5,1,204.42,200.68333333333328,189.58166666666668,199.64
2023-02-11 03:00:00,199.64,3,5,1,203.35,202.46999999999994,192.365,189.37
2023-02-11 04:00:00,189.37,4,5,1,199.64,197.4533333333333,195.0533333333333,193.74
2023-02-11 05:00:00,193.74,5,5,1,189.37,194.24999999999997,197.46666666666667,184.35
2023-02-11 06:00:00,184.35,6,5,1,193.74,189.15333333333328,195.81166666666664,176.77
2023-02-11 07:00:00,176.77,7,5,1,184.35,184.9533333333333,191.20333333333335,195.76
2023-02-11 08:00:00,195.76,8,5,1,176.77,185.62666666666664,189.93833333333336,189.42
2023-02-11 09:00:00,189.42,9,5,1,195.76,187.3166666666666,188.235,289.47
2023-02-11 10:00:00,289.47,10,5,1,189.42,224.8833333333333,204.91833333333332,299.3
2023-02-11 11:00:00,299.3,11,5,1,289.47,259.39666666666665,222.51166666666668,303.17
2023-02-11 12:00:00,303.17,12,5,1,299.3,297.31333333333333,242.31500000000003,290.24
2023-02-11 13:00:00,290.24,13,5,1,303.17,297.57,261.22666666666663,293.66
2023-02-11 14:00:00,293.66,14,5,1,290.24,295.69,277.54333333333335,294.41
2023-02-11 15:00:00,294.41,15,5,1,293.66,292.77,295.0416666666667,302.44
2023-02-11 16:00:00,302.44,16,5,1,294.41,296.83666666666664,297.2033333333334,192.35
2023-02-11 17:00:00,192.35,17,5,1,302.44,263.06666666666666,279.37833333333333,190.52
2023-02-11 18:00:00,190.52,18,5,1,192.35,228.43666666666664,260.60333333333335,191.59
2023-02-11 19:00:00,191.59,19,5,1,190.52,191.48666666666665,244.16166666666666,205.21
2023-02-11 20:00:00,205.21,20,5,1,191.59,195.7733333333333,229.42,198.32
2023-02-11 21:00:00,198.32,21,5,1,205.21,198.3733333333333,213.40499999999997,194.06
2023-02-11 22:00:00,194.06,22,5,1,198.32,199.19666666666663,195.34166666666667,187.12
2023-02-11 23:00:00,187.12,23,5,1,194.06,193.16666666666663,194.47,193.29
2023-02-12 00:00:00,193.29,0,6,1,187.12,191.48999999999998,194.93166666666664,189.75
2023-02-12 01:00:00,189.75,1,6,1,193.29,190.05333333333328,194.625,200.36
2023-02-12 02:00:00,200.36,2,6,1,189.75,194.4666666666666,193.81666666666663,219.96
2023-02-12 03:00:00,219.96,3,6,1,200.36,203.35666666666665,197.42333333333332,181.38
2023-02-12 04:00:00,181.38,4,6,1,219.96,200.56666666666663,195.31000000000003,191.24
2023-02-12 05:00:00,191.24,5,6,1,181.38,197.52666666666664,195.99666666666667,196.18
2023-02-12 06:00:00,196.18,6,6,1,191.24,189.6,196.47833333333332,190.49
2023-02-12 07:00:00,190.49,7,6,1,196.18,192.63666666666663,196.6016666666667,188.24
2023-02-12 08:00:00,188.24,8,6,1,190.49,191.63666666666663,194.58166666666668,197.03
2023-02-12 09:00:00,197.03,9,6,1,188.24,191.91999999999996,190.76,308.32
2023-02-12 10:00:00,308.32,10,6,1,197.03,231.19666666666663,211.91666666666666,299.36
2023-02-12 11:00:00,299.36,11,6,1,308.32,268.2366666666666,229.9366666666667,303.86
2023-02-12 12:00:00,303.86,12,6,1,299.36,303.84666666666664,247.88333333333335,300.69
2023-02-12 13:00:00,300.69,13,6,1,303.86,301.3033333333333,266.25,320.92
2023-02-12 14:00:00,320.92,14,6,1,300.69,308.48999999999995,288.36333333333334,300.39
2023-02-12 15:00:00,300.39,15,6,1,320.92,307.3333333333333,305.59,305.5
2023-02-12 16:00:00,305.5,16,6,1,300.39,308.93666666666667,305.11999999999995,186.21
2023-02-12 17:00:00,186.21,17,6,1,305.5,264.0333333333333,286.26166666666666,194.59
2023-02-12 18:00:00,194.59,18,6,1,186.21,228.76666666666665,268.05,184.56
2023-02-12 19:00:00,184.56,19,6,1,194.59,188.4533333333333,248.69500000000002,195.06
2023-02-12 20:00:00,195.06,20,6,1,184.56,191.40333333333328,227.71833333333333,192.29
2023-02-12 21:00:00,192.29,21,6,1,195.06,190.63666666666663,209.70166666666668,198.68
2023-02-12 22:00:00,198.68,22,6,1,192.29,195.34333333333328,191.89833333333334,186.17
2023-02-12 23:00:00,186.17,23,6,1,198.68,192.37999999999997,191.89166666666665,177.5
2023-02-13 00:00:00,177.5,0,0,0,186.17,187.44999999999996,189.04333333333332,183.49
2023-02-13 01:00:00,183.49,1,0,0,177.5,182.38666666666663,188.865,183.99
2023-02-13 02:00:00,183.99,2,0,0,183.49,181.65999999999997,187.02,171.18
2023-02-13 03:00:00,171.18,3,0,0,183.99,179.55333333333328,183.50166666666667,184.08
2023-02-13 04:00:00,184.08,4,0,0,171.18,179.74999999999997,181.06833333333336,169.09
2023-02-13 05:00:00,169.09,5,0,0,184.08,174.7833333333333,178.22166666666666,184.82
2023-02-13 06:00:00,184.82,6,0,0,169.09,179.32999999999996,179.4416666666667,467.09
2023-02-13 07:00:00,467.09,7,0,0,184.82,273.6666666666666,226.70833333333334,690.81
2023-02-13 08:00:00,690.81,8,0,0,467.09,447.57333333333327,311.17833333333334,825.07
2023-02-13 09:00:00,825.07,9,0,0,690.81,660.9899999999999,420.16,900.19
2023-02-13 10:00:00,900.19,10,0,0,825.07,805.3566666666666,539.5116666666667,903.01
2023-02-13 11:00:00,903.01,11,0,0,900.19,876.09,661.8316666666666,984.89
2023-02-13 12:00:00,984.89,12,0,0,903.01,929.3633333333332,795.1766666666667,685.38
2023-02-13 13:00:00,685.38,13,0,0,984.89,857.7599999999999,831.5583333333334,780.03
2023-02-13 14:00:00,780.03,14,0,0,685.38,816.7666666666665,846.4283333333334,867.63
2023-02-13 15:00:00,867.63,15,0,0,780.03,777.68,853.5216666666666,860.19
2023-02-13 16:00:00,860.19,16,0,0,867.63,835.9499999999998,846.855,824.59
2023-02-13 17:00:00,824.59,17,0,0,860.19,850.8033333333333,833.785,403.22
2023-02-13 18:00:00,403.22,18,0,0,824.59,696.0,736.84,331.89
2023-02-13 19:00:00,331.89,19,0,0,403.22,519.9,677.9250000000001,260.29
2023-02-13 20:00:00,260.29,20,0,0,331.89,331.79999999999995,591.3016666666666,173.91
2023-02-13 21:00:00,173.91,21,0,0,260.29,255.36333333333326,475.6816666666667,167.67
2023-02-13 22:00:00,167.67,22,0,0,173.91,200.62333333333325,360.2616666666667,178.33
2023-02-13 23:00:00,178.33,23,0,0,167.67,173.30333333333326,252.55166666666665,187.0
2023-02-14 00:00:00,187.0,0,1,0,178.33,177.6666666666666,216.51500000000001,168.87
2023-02-14 01:00:00,168.87,1,1,0,187.0,178.0666666666666,189.345,168.59
2023-02-14 02:00:00,168.59,2,1,0,168.87,174.81999999999994,174.0616666666667,181.05
2023-02-14 03:00:00,181.05,3,1,0,168.59,172.8366666666666,175.25166666666667,179.93
2023-02-14 04:00:00,179.93,4,1,0,181.05,176.52333333333323,177.295,185.38
2023-02-14 05:00:00,185.38,5,1,0,179.93,182.11999999999992,178.47,173.28
2023-02-14 06:00:00,173.28,6,1,0,185.38,179.52999999999994,176.1833333333333,476.87
2023-02-14 07:00:00,476.87,7,1,0,173.28,278.50999999999993,227.51666666666665,700.53
2023-02-14 08:00:00,700.53,8,1,0,476.87,450.22666666666663,316.17333333333335,858.16
2023-02-14 09:00:00,858.16,9,1,0,700.53,678.5199999999999,429.0249999999999,856.11
2023-02-14 10:00:00,856.11,10,1,0,858.16,804.9333333333333,541.7216666666667,905.36
2023-02-14 11:00:00,905.36,11,1,0,856.11,873.21,661.7183333333334,945.44
2023-02-14 12:00:00,945.44,12,1,0,905.36,902.3033333333333,790.4116666666667,762.36
2023-02-14 13:00:00,762.36,13,1,0,945.44,871.0533333333333,837.9933333333333,744.42
2023-02-14 14:00:00,744.42,14,1,0,762.36,817.4066666666666,845.3083333333333,913.74
2023-02-14 15:00:00,913.74,15,1,0,744.42,806.8399999999998,854.5716666666667,917.92
2023-02-14 16:00:00,917.92,16,1,0,913.74,858.6933333333332,864.8733333333333,809.44
2023-02-14 17:00:00,809.44,17,1,0,917.92,880.3666666666667,848.8866666666667,425.73
2023-02-14 18:00:00,425.73,18,1,0,809.44,717.6966666666666,762.2683333333333,346.27
2023-02-14 19:00:00,346.27,19,1,0,425.73,527.1466666666665,692.92,251.54
2023-02-14 20:00:00,251.54,20,1,0,346.27,341.1799999999999,610.7733333333333,186.47
2023-02-14 21:00:00,186.47,21,1,0,251.54,261.42666666666656,489.56166666666667,178.78
2023-02-14 22:00:00,178.78,22,1,0,186.47,205.59666666666658,366.37166666666667,188.04
2023-02-14 23:00:00,188.04,23,1,0,178.78,184.42999999999992,262.805,185.13
2023-02-15 00:00:00,185.13,0,2,0,188.04,183.98333333333326,222.70499999999996,169.88
2023-02-15 01:00:00,169.88,1,2,0,185.13,181.01666666666657,193.30666666666664,194.43
2023-02-15 02:00:00,194.43,2,2,0,169.88,183.14666666666662,183.78833333333333,157.41
2023-02-15 03:00:00,157.41,3,2,0,194.43,173.9066666666666,178.94500000000002,173.56
2023-02-15 04:00:00,173.56,4,2,0,157.41,175.13333333333324,178.07500000000002,175.74
2023-02-15 05:00:00,175.74,5,2,0,173.56,168.90333333333328,176.025,188.25
2023-02-15 06:00:00,188.25,6,2,0,175.74,179.18333333333328,176.545,466.38
2023-02-15 07:00:00,466.38,7,2,0,188.25,276.7899999999999,225.96166666666667,684.89
2023-02-15 08:00:00,684.89,8,2,0,466.38,446.5066666666666,307.705,801.97
2023-02-15 09:00:00,801.97,9,2,0,684.89,651.0799999999999,415.13166666666666,930.64
2023-02-15 10:00:00,930.64,10,2,0,801.97,805.8333333333331,541.3116666666666,879.71
2023-02-15 11:00:00,879.71,11,2,0,930.64,870.7733333333332,658.64,950.74
2023-02-15 12:00:00,950.74,12,2,0,879.71,920.3633333333332,785.7216666666667,808.84
2023-02-15 13:00:00,808.84,13,2,0,950.74,879.7633333333333,842.7983333333333,760.58
2023-02-15 14:00:00,760.58,14,2,0,808.84,840.0533333333333,855.4133333333333,905.85
2023-02-15 15:00:00,905.85,15,2,0,760.58,825.0899999999998,872.7266666666668,887.05
2023-02-15 16:00:00,887.05,16,2,0,905.85,851.1599999999999,865.4616666666667,830.58
2023-02-15 17:00:00,830.58,17,2,0,887.05,874.4933333333333,857.2733333333334,410.88
2023-02-15 18:00:00,410.88,18,2,0,830.58,709.5033333333332,767.2966666666667,337.21
2023-02-15 19:00:00,337.21,19,2,0,410.88,526.2233333333332,688.6916666666667,251.79
2023-02-15 20:00:00,251.79,20,2,0,337.21,333.29333333333324,603.8933333333333,176.97
2023-02-15 21:00:00,176.97,21,2,0,251.79,255.32333333333327,482.41333333333336,180.28
2023-02-15 22:00:00,180.28,22,2,0,176.97,203.01333333333324,364.61833333333334,163.65
2023-02-15 23:00:00,163.65,23,2,0,180.28,173.6333333333333,253.46333333333337,187.45
2023-02-16 00:00:00,187.45,0,3,0,163.65,177.12666666666658,216.225,163.8
2023-02-16 01:00:00,163.8,1,3,0,187.45,171.6333333333333,187.32333333333335,171.06
2023-02-16 02:00:00,171.06,2,3,0,163.8,174.10333333333324,173.86833333333334,178.62
2023-02-16 03:00:00,178.62,3,3,0,171.06,171.15999999999994,174.14333333333332,175.69
2023-02-16 04:00:00,175.69,4,3,0,178.62,175.12333333333325,173.37833333333333,193.27
2023-02-16 05:00:00,193.27,5,3,0,175.69,182.5266666666666,178.31500000000003,170.25
2023-02-16 06:00:00,170.25,6,3,0,193.27,179.7366666666666,175.44833333333335,480.89
2023-02-16 07:00:00,480.89,7,3,0,170.25,281.46999999999997,228.29666666666665,693.69
2023-02-16 08:00:00,693.69,8,3,0,480.89,448.27666666666664,315.4016666666667,861.5
2023-02-16 09:00:00,861.5,9,3,0,693.69,678.6933333333333,429.215,867.33
2023-02-16 10:00:00,867.33,10,3,0,861.5,807.5066666666667,544.4883333333333,886.06
2023-02-16 11:00:00,886.06,11,3,0,867.33,871.63,659.9533333333333,947.2
2023-02-16 12:00:00,947.2,12,3,0,886.06,900.1966666666667,789.445,723.69
2023-02-16 13:00:00,723.69,13,3,0,947.2,852.3166666666666,829.9116666666667,719.26
2023-02-16 14:00:00,719.26,14,3,0,723.69,796.7166666666667,834.1733333333333,879.35
2023-02-16 15:00:00,879.35,15,3,0,719.26,774.1,837.1483333333334,858.74
2023-02-16 16:00:00,858.74,16,3,0,879.35,819.1166666666667,835.7166666666667,838.68
2023-02-16 17:00:00,838.68,17,3,0,858.74,858.9233333333333,827.82,421.96
2023-02-16 18:00:00,421.96,18,3,0,838.68,706.46,740.2800000000001,327.97
2023-02-16 19:00:00,327.97,19,3,0,421.96,529.5366666666665,674.3266666666667,280.27
2023-02-16 20:00:00,280.27,20,3,0,327.97,343.3999999999999,601.1616666666667,175.39
2023-02-16 21:00:00,175.39,21,3,0,280.27,261.21,483.835,170.59
2023-02-16 22:00:00,170.59,22,3,0,175.39,208.74999999999997,369.1433333333334,178.04
2023-02-16 23:00:00,178.04,23,3,0,170.59,174.6733333333333,259.0366666666667,182.34
2023-02-17 00:00:00,182.34,0,4,0,178.04,176.98999999999998,219.10000000000002,169.42
2023-02-17 01:00:00,169.42,1,4,0,182.34,176.59999999999994,192.67499999999998,193.63
2023-02-17 02:00:00,193.63,2,4,0,169.42,181.79666666666662,178.235,174.31
2023-02-17 03:00:00,174.31,3,4,0,193.63,179.11999999999998,178.05499999999998,168.33
2023-02-17 04:00:00,168.33,4,4,0,174.31,178.75666666666663,177.6783333333333,170.12
2023-02-17 05:00:00,170.12,5,4,0,168.33,170.91999999999996,176.35833333333335,156.37
2023-02-17 06:00:00,156.37,6,4,0,170.12,164.93999999999997,172.03,498.17
2023-02-17 07:00:00,498.17,7,4,0,156.37,274.8866666666666,226.82166666666663,681.79
2023-02-17 08:00:00,681.79,8,4,0,498.17,445.4433333333333,308.1816666666667,835.96
2023-02-17 09:00:00,835.96,9,4,0,681.79,671.9733333333334,418.4566666666667,882.75
2023-02-17 10:00:00,882.75,10,4,0,835.96,800.1666666666666,537.5266666666668,911.21
2023-02-17 11:00:00,911.21,11,4,0,882.75,876.64,661.0416666666666,945.14
2023-02-17 12:00:00,945.14,12,4,0,911.21,913.0333333333333,792.5033333333334,729.49
2023-02-17 13:00:00,729.49,13,4,0,945.14,861.9466666666667,831.0566666666667,724.96
2023-02-17 14:00:00,724.96,14,4,0,729.49,799.8633333333333,838.2516666666667,879.98
2023-02-17 15:00:00,879.98,15,4,0,724.96,778.1433333333334,845.5883333333333,858.49
2023-02-17 16:00:00,858.49,16,4,0,879.98,821.1433333333333,841.5450000000001,831.18
2023-02-17 17:00:00,831.18,17,4,0,858.49,856.5499999999998,828.2066666666666,431.99
2023-02-17 18:00:00,431.99,18,4,0,831.18,707.2199999999999,742.6816666666667,340.43
2023-02-17 19:00:00,340.43,19,4,0,431.99,534.5333333333333,677.8383333333334,264.7
2023-02-17 20:00:00,264.7,20,4,0,340.43,345.70666666666665,601.1283333333332,177.5
2023-02-17 21:00:00,177.5,21,4,0,264.7,260.8766666666666,484.04833333333335,181.05
2023-02-17 22:00:00,181.05,22,4,0,177.5,207.74999999999997,371.14166666666665,174.12
2023-02-17 23:00:00,174.12,23,4,0,181.05,177.55666666666662,261.6316666666667,185.12
2023-02-18 00:00:00,185.12,0,5,1,174.12,180.09666666666666,220.48666666666668,188.43
2023-02-18 01:00:00,188.43,1,5,1,185.12,182.55666666666662,195.15333333333334,186.27
2023-02-18 02:00:00,186.27,2,5,1,188.43,186.60666666666665,182.08166666666668,183.24
2023-02-18 03:00:00,183.24,3,5,1,186.27,185.98,183.03833333333333,194.79
2023-02-18 04:00:00,194.79,4,5,1,183.24,188.1,185.32833333333335,183.01
2023-02-18 05:00:00,183.01,5,5,1,194.79,187.01333333333332,186.80999999999997,183.81
2023-02-18 06:00:00,183.81,6,5,1,183.01,187.2033333333333,186.5916666666667,186.24
2023-02-18 07:00:00,186.24,7,5,1,183.81,184.35333333333332,186.2266666666667,206.3
2023-02-18 08:00:00,206.3,8,5,1,186.24,192.11666666666665,189.56500000000003,192.26
2023-02-18 09:00:00,192.26,9,5,1,206.3,194.9333333333333,191.06833333333336,290.6
2023-02-18 10:00:00,290.6,10,5,1,192.26,229.71999999999994,207.03666666666666,296.8
2023-02-18 11:00:00,296.8,11,5,1,290.6,259.8866666666666,226.0016666666667,293.3
2023-02-18 12:00:00,293.3,12,5,1,296.8,293.56666666666666,244.25000000000003,300.24
2023-02-18 13:00:00,300.24,13,5,1,293.3,296.78,263.25000000000006,292.96
2023-02-18 14:00:00,292.96,14,5,1,300.24,295.5,277.6933333333333,298.81
2023-02-18 15:00:00,298.81,15,5,1,292.96,297.33666666666664,295.45166666666665,306.69
2023-02-18 16:00:00,306.69,16,5,1,298.81,299.4866666666666,298.1333333333334,206.33
2023-02-18 17:00:00,206.33,17,5,1,306.69,270.60999999999996,283.055,192.9
2023-02-18 18:00:00,192.9,18,5,1,206.33,235.30666666666662,266.32166666666666,204.06
2023-02-18 19:00:00,204.06,19,5,1,192.9,201.09666666666666,250.29166666666666,177.29
2023-02-18 20:00:00,177.29,20,5,1,204.06,191.41666666666663,231.01333333333332,199.04
2023-02-18 21:00:00,199.04,21,5,1,177.29,193.46333333333328,214.385,186.59
2023-02-18 22:00:00,186.59,22,5,1,199.04,187.63999999999996,194.36833333333334,195.69
2023-02-18 23:00:00,195.69,23,5,1,186.59,193.7733333333333,192.595,198.29
2023-02-19 00:00:00,198.29,0,6,1,195.69,193.5233333333333,193.49333333333334,184.97
2023-02-19 01:00:00,184.97,1,6,1,198.29,192.98333333333326,190.3116666666667,196.11
2023-02-19 02:00:00,196.11,2,6,1,184.97,193.1233333333333,193.44833333333335,190.39
2023-02-19 03:00:00,190.39,3,6,1,196.11,190.48999999999998,192.00666666666666,176.01
2023-02-19 04:00:00,176.01,4,6,1,190.39,187.5033333333333,190.24333333333334,187.79
2023-02-19 05:00:00,187.79,5,6,1,176.01,184.72999999999993,188.92666666666665,185.3
2023-02-19 06:00:00,185.3,6,6,1,187.79,183.0333333333333,186.76166666666668,177.3
2023-02-19 07:00:00,177.3,7,6,1,185.3,183.46333333333328,185.48333333333335,187.85
2023-02-19 08:00:00,187.85,8,6,1,177.3,183.48333333333332,184.10666666666668,188.3
2023-02-19 09:00:00,188.3,9,6,1,187.85,184.48333333333332,183.75833333333333,294.81
2023-02-19 10:00:00,294.81,10,6,1,188.3,223.65333333333328,203.5583333333333,305.82
2023-02-19 11:00:00,305.82,11,6,1,294.81,262.97666666666663,223.23000000000002,307.63
2023-02-19 12:00:00,307.63,12,6,1,305.82,302.7533333333333,243.6183333333333,297.03
2023-02-19 13:00:00,297.03,13,6,1,307.63,303.4933333333333,263.5733333333333,302.03
2023-02-19 14:00:00,302.03,14,6,1,297.03,302.22999999999996,282.6033333333333,300.17
2023-02-19 15:00:00,300.17,15,6,1,302.03,299.7433333333333,301.24833333333333,310.99
2023-02-19 16:00:00,310.99,16,6,1,300.17,304.3966666666666,303.945,191.59
2023-02-19 17:00:00,191.59,17,6,1,310.99,267.58333333333326,284.90666666666664,191.36
2023-02-19 18:00:00,191.36,18,6,1,191.59,231.31333333333328,265.52833333333336,188.94
2023-02-19 19:00:00,188.94,19,6,1,191.36,190.62999999999997,247.51333333333335,200.99
2023-02-19 20:00:00,200.99,20,6,1,188.94,193.7633333333333,230.67333333333337,182.62
2023-02-19 21:00:00,182.62,21,6,1,200.99,190.84999999999994,211.08166666666668,186.21
2023-02-19 22:00:00,186.21,22,6,1,182.62,189.93999999999997,190.285,183.56
2023-02-19 23:00:00,183.56,23,6,1,186.21,184.12999999999997,188.9466666666667,187.51
2023-02-20 00:00:00,187.51,0,0,0,183.56,185.75999999999996,188.30499999999998,192.17
2023-02-20 01:00:00,192.17,1,0,0,187.51,187.74666666666658,188.84333333333333,181.57
2023-02-20 02:00:00,181.57,2,0,0,192.17,187.08333333333326,185.60666666666668,173.16
2023-02-20 03:00:00,173.16,3,0,0,181.57,182.29999999999995,184.03,181.04
2023-02-20 04:00:00,181.04,4,0,0,173.16,178.58999999999995,183.16833333333332,166.98
2023-02-20 05:00:00,166.98,5,0,0,181.04,173.7266666666666,180.405,183.27
2023-02-20 06:00:00,183.27,6,0,0,166.98,177.0966666666666,179.69833333333335,495.01
2023-02-20 07:00:00,495.01,7,0,0,183.27,281.7533333333333,230.17166666666665,695.51
2023-02-20 08:00:00,695.51,8,0,0,495.01,457.93,315.8283333333333,840.68
2023-02-20 09:00:00,840.68,9,0,0,695.51,677.0666666666666,427.08166666666665,885.58
2023-02-20 10:00:00,885.58,10,0,0,840.68,807.2566666666667,544.505,880.52
2023-02-20 11:00:00,880.52,11,0,0,885.58,868.9266666666666,663.4283333333333,945.25
2023-02-20 12:00:00,945.25,12,0,0,880.52,903.7833333333333,790.4250000000001,784.67
2023-02-20 13:00:00,784.67,13,0,0,945.25,870.1466666666665,838.7016666666667,730.55
2023-02-20 14:00:00,730.55,14,0,0,784.67,820.1566666666666,844.5416666666666,872.7
2023-02-20 15:00:00,872.7,15,0,0,730.55,795.9733333333334,849.8783333333334,814.89
2023-02-20 16:00:00,814.89,16,0,0,872.7,806.0466666666666,838.0966666666667,842.62
2023-02-20 17:00:00,842.62,17,0,0,814.89,843.4033333333333,831.7799999999999,372.56
2023-02-20 18:00:00,372.56,18,0,0,842.62,676.6899999999999,736.3316666666666,335.18
2023-02-20 19:00:00,335.18,19,0,0,372.56,516.7866666666666,661.4166666666666,264.28
2023-02-20 20:00:00,264.28,20,0,0,335.18,324.0066666666666,583.705,169.97
2023-02-20 21:00:00,169.97,21,0,0,264.28,256.47666666666663,466.5833333333333,176.31
2023-02-20 22:00:00,176.31,22,0,0,169.97,203.51999999999995,360.15333333333336,169.72
2023-02-20 23:00:00,169.72,23,0,0,176.31,171.99999999999997,248.00333333333333,184.07
2023-02-21 00:00:00,184.07,0,1,0,169.72,176.69999999999996,216.58833333333334,174.86
2023-02-21 01:00:00,174.86,1,1,0,184.07,176.2166666666666,189.86833333333334,166.73
2023-02-21 02:00:00,166.73,2,1,0,174.86,175.21999999999994,173.61,170.63
2023-02-21 03:00:00,170.63,3,1,0,166.73,170.73999999999998,173.72,175.28
2023-02-21 04:00:00,175.28,4,1,0,170.63,170.87999999999997,173.54833333333332,177.49
2023-02-21 05:00:00,177.49,5,1,0,175.28,174.4666666666666,174.84333333333333,177.64
2023-02-21 06:00:00,177.64,6,1,0,177.49,176.80333333333328,173.77166666666668,484.44
2023-02-21 07:00:00,484.44,7,1,0,177.64,279.8566666666666,225.36833333333334,707.37
2023-02-21 08:00:00,707.37,8,1,0,484.44,456.4833333333333,315.47499999999997,834.81
2023-02-21 09:00:00,834.81,9,1,0,707.37,675.54,426.1716666666666,835.46
2023-02-21 10:00:00,835.46,10,1,0,834.81,792.5466666666666,536.2016666666667,872.84
2023-02-21 11:00:00,872.84,11,1,0,835.46,847.7033333333333,652.0933333333334,911.96
2023-02-21 12:00:00,911.96,12,1,0,872.84,873.42,774.48,752.72
2023-02-21 13:00:00,752.72,13,1,0,911.96,845.84,819.1933333333333,692.0
2023-02-21 14:00:00,692.0,14,1,0,752.72,785.56,816.6316666666667,849.04
2023-02-21 15:00:00,849.04,15,1,0,692.0,764.5866666666666,819.0033333333334,887.57
2023-02-21 16:00:00,887.57,16,1,0,849.04,809.5366666666665,827.6883333333334,825.35
2023-02-21 17:00:00,825.35,17,1,0,887.57,853.9866666666667,819.7733333333334,418.74
2023-02-21 18:00:00,418.74,18,1,0,825.35,710.5533333333333,737.57,333.93
2023-02-21 19:00:00,333.93,19,1,0,418.74,526.0066666666665,667.7716666666666,271.84
2023-02-21 20:00:00,271.84,20,1,0,333.93,341.5033333333333,597.745,171.03
2023-02-21 21:00:00,171.03,21,1,0,271.84,258.9333333333332,484.74333333333334,176.11
2023-02-21 22:00:00,176.11,22,1,0,171.03,206.3266666666666,366.1666666666667,194.05
2023-02-21 23:00:00,194.05,23,1,0,176.11,180.39666666666662,260.95,178.79
2023-02-22 00:00:00,178.79,0,2,0,194.05,182.98333333333326,220.95833333333334,171.03
2023-02-22 01:00:00,171.03,1,2,0,178.79,181.28999999999994,193.80833333333337,184.1
2023-02-22 02:00:00,184.1,2,2,0,171.03,177.97333333333324,179.18500000000003,172.2
2023-02-22 03:00:00,172.2,3,2,0,184.1,175.77666666666656,179.38,176.07
2023-02-22 04:00:00,176.07,4,2,0,172.2,177.4566666666666,179.37333333333333,169.84
2023-02-22 05:00:00,169.84,5,2,0,176.07,172.70333333333326,175.33833333333334,193.32
2023-02-22 06:00:00,193.32,6,2,0,169.84,179.74333333333325,177.76,471.26
2023-02-22 07:00:00,471.26,7,2,0,193.32,278.13999999999993,227.79833333333332,692.19
2023-02-22 08:00:00,692.19,8,2,0,471.26,452.25666666666666,312.48,825.84
2023-02-22 09:00:00,825.84,9,2,0,692.19,663.0966666666667,421.42,914.98
2023-02-22 10:00:00,914.98,10,2,0,825.84,811.0033333333334,544.5716666666666,906.71
2023-02-22 11:00:00,906.71,11,2,0,914.98,882.5099999999999,667.3833333333333,955.03
2023-02-22 12:00:00,955.03,12,2,0,906.71,925.5733333333333,794.335,715.71
2023-02-22 13:00:00,715.71,13,2,0,955.03,859.15,835.0766666666667,715.22
2023-02-22 14:00:00,715.22,14,2,0,715.71,795.32,838.9150000000001,880.24
2023-02-22 15:00:00,880.24,15,2,0,715.22,770.39,847.9816666666667,861.83
2023-02-22 16:00:00,861.83,16,2,0,880.24,819.0966666666667,839.1233333333333,788.35
2023-02-22 17:00:00,788.35,17,2,0,861.83,843.4733333333334,819.3966666666666,439.83
2023-02-22 18:00:00,439.83,18,2,0,788.35,696.6700000000001,733.5300000000001,339.36
2023-02-22 19:00:00,339.36,19,2,0,439.83,522.5133333333333,670.805,263.64
2023-02-22 20:00:00,263.64,20,2,0,339.36,347.60999999999996,595.5416666666666,171.99
2023-02-22 21:00:00,171.99,21,2,0,263.64,258.33,477.5,182.92
2023-02-22 22:00:00,182.92,22,2,0,171.99,206.18333333333328,364.34833333333336,159.21
2023-02-22 23:00:00,159.21,23,2,0,182.92,171.3733333333333,259.4916666666667,184.66
2023-02-23 00:00:00,184.66,0,3,0,159.21,175.5966666666666,216.96333333333334,174.13
2023-02-23 01:00:00,174.13,1,3,0,184.66,172.66666666666663,189.42499999999998,161.04
2023-02-23 02:00:00,161.04,2,3,0,174.13,173.27666666666664,172.32499999999996,173.49
2023-02-23 03:00:00,173.49,3,3,0,161.04,169.5533333333333,172.57499999999996,172.63
2023-02-23 04:00:00,172.63,4,3,0,173.49,169.05333333333328,170.85999999999999,187.58
2023-02-23 05:00:00,187.58,5,3,0,172.63,177.89999999999998,175.58833333333334,165.36
2023-02-23 06:00:00,165.36,6,3,0,187.58,175.18999999999997,172.37166666666667,484.79
2023-02-23 07:00:00,484.79,7,3,0,165.36,279.2433333333333,224.1483333333333,693.32
2023-02-23 08:00:00,693.32,8,3,0,484.79,447.82333333333327,312.8616666666667,768.5
2023-02-23 09:00:00,768.5,9,3,0,693.32,648.87,412.03000000000003,901.02
2023-02-23 10:00:00,901.02,10,3,0,768.5,787.6133333333333,533.4283333333333,874.0
2023-02-23 11:00:00,874.0,11,3,0,901.02,847.84,647.8316666666666,909.53
2023-02-23 12:00:00,909.53,12,3,0,874.0,894.8499999999999,771.86,701.42
2023-02-23 13:00:00,701.42,13,3,0,909.53,828.3166666666666,807.965,716.61
2023-02-23 14:00:00,716.61,14,3,0,701.42,775.8533333333334,811.8466666666667,856.32
2023-02-23 15:00:00,856.32,15,3,0,716.61,758.1166666666667,826.4833333333335,843.34
2023-02-23 16:00:00,843.34,16,3,0,856.32,805.4233333333333,816.8699999999999,864.38
2023-02-23 17:00:00,864.38,17,3,0,843.34,854.68,815.2666666666665,403.37
2023-02-23 18:00:00,403.37,18,3,0,864.38,703.6966666666666,730.9066666666668,327.93
2023-02-23 19:00:00,327.93,19,3,0,403.37,531.8933333333333,668.6583333333333,270.92
2023-02-23 20:00:00,270.92,20,3,0,327.93,334.0733333333333,594.3766666666667,177.85
2023-02-23 21:00:00,177.85,21,3,0,270.92,258.9,481.29833333333335,180.6
2023-02-23 22:00:00,180.6,22,3,0,177.85,209.78999999999996,370.8416666666667,174.16
2023-02-23 23:00:00,174.16,23,3,0,180.6,177.53666666666663,255.80499999999998,178.99
2023-02-24 00:00:00,178.99,0,4,0,174.16,177.91666666666663,218.40833333333333,183.25
2023-02-24 01:00:00,183.25,1,4,0,178.99,178.79999999999995,194.295,162.44
2023-02-24 02:00:00,162.44,2,4,0,183.25,174.89333333333332,176.215,176.15
2023-02-24 03:00:00,176.15,3,4,0,162.44,173.94666666666663,175.93166666666664,171.74
2023-02-24 04:00:00,171.74,4,4,0,176.15,170.10999999999999,174.455,161.52
2023-02-24 05:00:00,161.52,5,4,0,171.74,169.80333333333328,172.34833333333333,190.63
2023-02-24 06:00:00,190.63,6,4,0,161.52,174.62999999999997,174.28833333333333,475.74
2023-02-24 07:00:00,475.74,7,4,0,190.63,275.9633333333333,223.03666666666666,702.84
2023-02-24 08:00:00,702.84,8,4,0,475.74,456.40333333333336,313.1033333333333,823.93
2023-02-24 09:00:00,823.93,9,4,0,702.84,667.5033333333332,421.06666666666666,863.52
2023-02-24 10:00:00,863.52,10,4,0,823.93,796.7633333333333,536.3633333333333,917.7
2023-02-24 11:00:00,917.7,11,4,0,863.52,868.3833333333332,662.3933333333333,938.81
2023-02-24 12:00:00,938.81,12,4,0,917.7,906.6766666666666,787.09,809.61
2023-02-24 13:00:00,809.61,13,4,0,938.81,888.7066666666666,842.735,745.57
2023-02-24 14:00:00,745.57,14,4,0,809.61,831.3299999999999,849.8566666666667,832.6
2023-02-24 15:00:00,832.6,15,4,0,745.57,795.9266666666666,851.3016666666667,909.96
2023-02-24 16:00:00,909.96,16,4,0,832.6,829.3766666666667,859.0416666666669,819.56
2023-02-24 17:00:00,819.56,17,4,0,909.96,854.04,842.685,388.37
2023-02-24 18:00:00,388.37,18,4,0,819.56,705.9633333333333,750.945,347.78
2023-02-24 19:00:00,347.78,19,4,0,388.37,518.5699999999999,673.9733333333334,256.49
2023-02-24 20:00:00,256.49,20,4,0,347.78,330.87999999999994,592.46,189.43
2023-02-24 21:00:00,189.43,21,4,0,256.49,264.5666666666666,485.26500000000004,169.88
2023-02-24 22:00:00,169.88,22,4,0,189.43,205.26666666666665,361.91833333333335,178.81
2023-02-24 23:00:00,178.81,23,4,0,169.88,179.3733333333333,255.1266666666667,196.17
2023-02-25 00:00:00,196.17,0,5,1,178.81,181.61999999999998,223.09333333333333,198.67
2023-02-25 01:00:00,198.67,1,5,1,196.17,191.2166666666666,198.24166666666667,190.3
2023-02-25 02:00:00,190.3,2,5,1,198.67,195.04666666666662,187.21,179.94
2023-02-25 03:00:00,179.94,3,5,1,190.3,189.63666666666663,185.62833333333333,198.87
2023-02-25 04:00:00,198.87,4,5,1,179.94,189.7033333333333,190.46,188.23
2023-02-25 05:00:00,188.23,5,5,1,198.87,189.0133333333333,192.03,186.1
2023-02-25 06:00:00,186.1,6,5,1,188.23,191.0666666666666,190.3516666666667,184.33
2023-02-25 07:00:00,184.33,7,5,1,186.1,186.21999999999994,187.96166666666667,205.73
2023-02-25 08:00:00,205.73,8,5,1,184.33,192.05333333333328,190.53333333333333,185.52
2023-02-25 09:00:00,185.52,9,5,1,205.73,191.85999999999999,191.46333333333334,297.69
2023-02-25 10:00:00,297.69,10,5,1,185.52,229.64666666666662,207.9333333333333,305.58
2023-02-25 11:00:00,305.58,11,5,1,297.69,262.92999999999995,227.49166666666667,302.52
2023-02-25 12:00:00,302.52,12,5,1,305.58,301.92999999999995,246.89499999999998,290.88
2023-02-25 13:00:00,290.88,13,5,1,302.52,299.6599999999999,264.6533333333333,308.0
2023-02-25 14:00:00,308.0,14,5,1,290.88,300.46666666666664,281.6983333333333,312.38
2023-02-25 15:00:00,312.38,15,5,1,308.0,303.7533333333333,302.84166666666664,299.12
2023-02-25 16:00:00,299.12,16,5,1,312.38,306.49999999999994,303.08,204.97
2023-02-25 17:00:00,204.97,17,5,1,299.12,272.1566666666666,286.31166666666667,193.46
2023-02-25 18:00:00,193.46,18,5,1,204.97,232.51666666666662,268.135,194.53
2023-02-25 19:00:00,194.53,19,5,1,193.46,197.65333333333328,252.07666666666668,191.01
2023-02-25 20:00:00,191.01,20,5,1,194.53,192.99999999999991,232.57833333333335,176.89
2023-02-25 21:00:00,176.89,21,5,1,191.01,187.4766666666666,209.99666666666667,187.7
2023-02-25 22:00:00,187.7,22,5,1,176.89,185.19999999999993,191.42666666666665,205.55
2023-02-25 23:00:00,205.55,23,5,1,187.7,190.04666666666662,191.52333333333334,192.42
2023-02-26 00:00:00,192.42,0,6,1,205.55,195.22333333333327,191.35,187.39
2023-02-26 01:00:00,187.39,1,6,1,192.42,195.11999999999992,190.16,179.62
2023-02-26 02:00:00,179.62,2,6,1,187.39,186.4766666666666,188.26166666666666,200.4
2023-02-26 03:00:00,200.4,3,6,1,179.62,189.13666666666663,192.17999999999998,194.56
2023-02-26 04:00:00,194.56,4,6,1,200.4,191.5266666666666,193.32333333333335,197.07
2023-02-26 05:00:00,197.07,5,6,1,194.56,197.34333333333328,191.91,187.39
2023-02-26 06:00:00,187.39,6,6,1,197.07,193.00666666666663,191.07166666666663,199.75
2023-02-26 07:00:00,199.75,7,6,1,187.39,194.7366666666666,193.13166666666666,203.24
2023-02-26 08:00:00,203.24,8,6,1,199.75,196.7933333333333,197.0683333333333,200.4
2023-02-26 09:00:00,200.4,9,6,1,203.24,201.12999999999997,197.0683333333333,295.23
2023-02-26 10:00:00,295.23,10,6,1,200.4,232.95666666666662,213.84666666666666,294.85
2023-02-26 11:00:00,294.85,11,6,1,295.23,263.4933333333333,230.14333333333335,308.51
2023-02-26 12:00:00,308.51,12,6,1,294.85,299.53,250.33,295.62
2023-02-26 13:00:00,295.62,13,6,1,308.51,299.65999999999997,266.30833333333334,299.9
2023-02-26 14:00:00,299.9,14,6,1,295.62,301.3433333333333,282.41833333333335,306.68
2023-02-26 15:00:00,306.68,15,6,1,299.9,300.7333333333333,300.1316666666667,305.61
2023-02-26 16:00:00,305.61,16,6,1,306.68,304.0633333333333,301.8616666666666,188.94
2023-02-26 17:00:00,188.94,17,6,1,305.61,267.0766666666666,284.21,187.99
2023-02-26 18:00:00,187.99,18,6,1,188.94,227.5133333333333,264.12333333333333,182.81
2023-02-26 19:00:00,182.81,19,6,1,187.99,186.57999999999993,245.32166666666663,216.67
2023-02-26 20:00:00,216.67,20,6,1,182.81,195.82333333333327,231.45000000000002,186.28
2023-02-26 21:00:00,186.28,21,6,1,216.67,195.25333333333325,211.38333333333333,195.35
2023-02-26 22:00:00,195.35,22,6,1,186.28,199.43333333333328,193.00666666666666,197.76
2023-02-26 23:00:00,197.76,23,6,1,195.35,193.12999999999997,194.47666666666666,186.42
2023-02-27 00:00:00,186.42,0,0,0,197.76,193.1766666666666,194.215,181.38
2023-02-27 01:00:00,181.38,1,0,0,186.42,188.5199999999999,193.9766666666667,180.44
2023-02-27 02:00:00,180.44,2,0,0,181.38,182.74666666666658,187.9383333333333,174.94
2023-02-27 03:00:00,174.94,3,0,0,180.44,178.91999999999993,186.04833333333332,166.48
2023-02-27 04:00:00,166.48,4,0,0,174.94,173.95333333333326,181.23666666666665,184.11
2023-02-27 05:00:00,184.11,5,0,0,166.48,175.17666666666662,178.96166666666667,187.3
2023-02-27 06:00:00,187.3,6,0,0,184.11,179.29666666666662,179.10833333333335,486.53
2023-02-27 07:00:00,486.53,7,0,0,187.3,285.97999999999996,229.96666666666667,699.09
2023-02-27 08:00:00,699.09,8,0,0,486.53,457.63999999999993,316.4083333333333,825.03
2023-02-27 09:00:00,825.03,9,0,0,699.09,670.2166666666666,424.75666666666666,868.61
2023-02-27 10:00:00,868.61,10,0,0,825.03,797.5766666666667,541.7783333333333,920.73
2023-02-27 11:00:00,920.73,11,0,0,868.61,871.4566666666666,664.5483333333333,990.6
2023-02-27 12:00:00,990.6,12,0,0,920.73,926.6466666666666,798.4316666666667,719.35
2023-02-27 13:00:00,719.35,13,0,0,990.6,876.8933333333333,837.235,749.19
2023-02-27 14:00:00,749.19,14,0,0,719.35,819.7133333333333,845.585,883.06
2023-02-27 15:00:00,883.06,15,0,0,749.19,783.8666666666667,855.2566666666668,846.75
2023-02-27 16:00:00,846.75,16,0,0,883.06,826.3333333333334,851.6133333333333,850.05
2023-02-27 17:00:00,850.05,17,0,0,846.75,859.9533333333333,839.8333333333334,435.46
2023-02-27 18:00:00,435.46,18,0,0,850.05,710.7533333333332,747.31,333.48
2023-02-27 19:00:00,333.48,19,0,0,435.46,539.6633333333333,682.9983333333333,253.72
2023-02-27 20:00:00,253.72,20,0,0,333.48,340.8866666666666,600.42,174.07
2023-02-27 21:00:00,174.07,21,0,0,253.72,253.75666666666663,482.25499999999994,179.37
2023-02-27 22:00:00,179.37,22,0,0,174.07,202.38666666666663,371.02500000000003,175.03
2023-02-27 23:00:00,175.03,23,0,0,179.37,176.1566666666666,258.5216666666667,182.49
2023-02-28 00:00:00,182.49,0,1,0,175.03,178.96333333333328,216.35999999999999,165.65
2023-02-28 01:00:00,165.65,1,1,0,182.49,174.39,188.38833333333332,164.78
2023-02-28 02:00:00,164.78,2,1,0,165.65,170.97333333333327,173.56500000000003,169.68
2023-02-28 03:00:00,169.68,3,1,0,164.78,166.7033333333333,172.83333333333334,180.09
2023-02-28 04:00:00,180.09,4,1,0,169.68,171.51666666666665,172.95333333333335,178.45
2023-02-28 05:00:00,178.45,5,1,0,180.09,176.0733333333333,173.52333333333334,175.73
2023-02-28 06:00:00,175.73,6,1,0,178.45,178.08999999999995,172.39666666666668,468.84
2023-02-28 07:00:00,468.84,7,1,0,175.73,274.3399999999999,222.9283333333333,685.75
2023-02-28 08:00:00,685.75,8,1,0,468.84,443.4399999999999,309.75666666666666,839.73
2023-02-28 09:00:00,839.73,9,1,0,685.75,664.7733333333332,421.4316666666667,842.05
2023-02-28 10:00:00,842.05,10,1,0,839.73,789.1766666666666,531.7583333333333,915.88
2023-02-28 11:00:00,915.88,11,1,0,842.05,865.8866666666667,654.6633333333333,964.56
2023-02-28 12:00:00,964.56,12,1,0,915.88,907.4966666666666,786.1349999999999,787.17
2023-02-28 13:00:00,787.17,13,1,0,964.56,889.2033333333333,839.1899999999999,773.52
2023-02-28 14:00:00,773.52,14,1,0,787.17,841.7499999999999,853.8183333333333,865.58
2023-02-28 15:00:00,865.58,15,1,0,773.52,808.7566666666665,858.1266666666667,868.15
2023-02-28 16:00:00,868.15,16,1,0,865.58,835.75,862.4766666666666,855.07
2023-02-28 17:00:00,855.07,17,1,0,868.15,862.9333333333334,852.3416666666667,422.25
2023-02-28 18:00:00,422.25,18,1,0,855.07,715.1566666666668,761.9566666666668,349.99
2023-02-28 19:00:00,349.99,19,1,0,422.25,542.4366666666666,689.0933333333334,255.93
2023-02-28 20:00:00,255.93,20,1,0,349.99,342.7233333333333,602.8283333333333,162.4
2023-02-28 21:00:00,162.4,21,1,0,255.93,256.1066666666666,485.63166666666666,185.39
2023-02-28 22:00:00,185.39,22,1,0,162.4,201.23999999999998,371.83833333333337,189.67
2023-02-28 23:00:00,189.67,23,1,0,185.39,179.15333333333328,260.93833333333333,180.84
2023-03-01 00:00:00,180.84,0,2,0,189.67,185.29999999999995,220.70333333333335,157.98
2023-03-01 01:00:00,157.98,1,2,0,180.84,176.1633333333333,188.70166666666668,167.43
2023-03-01 02:00:00,167.43,2,2,0,157.98,168.74999999999997,173.95166666666668,177.12
2023-03-01 03:00:00,177.12,3,2,0,167.43,167.50999999999996,176.40499999999997,175.69
2023-03-01 04:00:00,175.69,4,2,0,177.12,173.4133333333333,174.78833333333333,181.7
2023-03-01 05:00:00,181.7,5,2,0,175.69,178.16999999999996,173.46,185.27
2023-03-01 06:00:00,185.27,6,2,0,181.7,180.88666666666663,174.19833333333335,457.81
2023-03-01 07:00:00,457.81,7,2,0,185.27,274.9266666666667,224.17,667.14
2023-03-01 08:00:00,667.14,8,2,0,457.81,436.73999999999995,307.455,770.29
2023-03-01 09:00:00,770.29,9,2,0,667.14,631.7466666666666,406.31666666666666,845.73
2023-03-01 10:00:00,845.73,10,2,0,770.29,761.0533333333333,517.99,813.07
2023-03-01 11:00:00,813.07,11,2,0,845.73,809.6966666666667,623.2183333333334,903.73
2023-03-01 12:00:00,903.73,12,2,0,813.07,854.1766666666667,742.9616666666667,718.61
2023-03-01 13:00:00,718.61,13,2,0,903.73,811.8033333333333,786.4283333333333,695.57
2023-03-01 14:00:00,695.57,14,2,0,718.61,772.6366666666667,791.1666666666666,824.71
2023-03-01 15:00:00,824.71,15,2,0,695.57,746.2966666666666,800.2366666666667,821.86
2023-03-01 16:00:00,821.86,16,2,0,824.71,780.7133333333333,796.2583333333333,766.17
2023-03-01 17:00:00,766.17,17,2,0,821.86,804.2466666666666,788.4416666666667,401.13
2023-03-01 18:00:00,401.13,18,2,0,766.17,663.0533333333333,704.6750000000001,329.93
2023-03-01 19:00:00,329.93,19,2,0,401.13,499.0766666666666,639.8950000000001,248.87
2023-03-01 20:00:00,248.87,20,2,0,329.93,326.64333333333326,565.445,173.51
2023-03-01 21:00:00,173.51,21,2,0,248.87,250.76999999999998,456.91166666666663,164.79
2023-03-01 22:00:00,164.79,22,2,0,173.51,195.72333333333327,347.3999999999999,174.93
2023-03-01 23:00:00,174.93,23,2,0,164.79,171.07666666666663,248.86,182.8
2023-03-02 00:00:00,182.8,0,3,0,174.93,174.1733333333333,212.4716666666667,168.15
2023-03-02 01:00:00,168.15,1,3,0,182.8,175.2933333333333,185.50833333333335,170.88
2023-03-02 02:00:00,170.88,2,3,0,168.15,173.9433333333333,172.51,161.15
2023-03-02 03:00:00,161.15,3,3,0,170.88,166.72666666666666,170.45,182.83
2023-03-02 04:00:00,182.83,4,3,0,161.15,171.61999999999998,173.45666666666668,167.69
2023-03-02 05:00:00,167.69,5,3,0,182.83,170.55666666666664,172.25,178.33
2023-03-02 06:00:00,178.33,6,3,0,167.69,176.2833333333333,171.505,451.55
2023-03-02 07:00:00,451.55,7,3,0,178.33,265.8566666666666,218.73833333333334,672.66
2023-03-02 08:00:00,672.66,8,3,0,451.55,434.1799999999999,302.36833333333334,814.55
2023-03-02 09:00:00,814.55,9,3,0,672.66,646.2533333333332,411.2683333333334,831.91
2023-03-02 10:00:00,831.91,10,3,0,814.55,773.0399999999998,519.4483333333334,861.75
2023-03-02 11:00:00,861.75,11,3,0,831.91,836.0699999999998,635.125,906.71
2023-03-02 12:00:00,906.71,12,3,0,861.75,866.79,756.5216666666666,713.78
2023-03-02 13:00:00,713.78,13,3,0,906.71,827.4133333333333,800.2266666666666,686.72
2023-03-02 14:00:00,686.72,14,3,0,713.78,769.07,802.57,878.58
2023-03-02 15:00:00,878.58,15,3,0,686.72,759.6933333333333,813.2416666666667,795.38
2023-03-02 16:00:00,795.38,16,3,0,878.58,786.8933333333333,807.1533333333333,800.07
2023-03-02 17:00:00,800.07,17,3,0,795.38,824.6766666666666,796.8733333333333,389.82
2023-03-02 18:00:00,389.82,18,3,0,800.07,661.7566666666665,710.725,327.66
2023-03-02 19:00:00,327.66,19,3,0,389.82,505.84999999999997,646.3716666666668,267.48
2023-03-02 20:00:00,267.48,20,3,0,327.66,328.31999999999994,576.4983333333333,159.82
2023-03-02 21:00:00,159.82,21,3,0,267.48,251.65333333333328,456.705,186.15
2023-03-02 22:00:00,186.15,22,3,0,159.82,204.48333333333326,355.1666666666667,168.22
2023-03-02 23:00:00,168.22,23,3,0,186.15,171.39666666666662,249.85833333333332,164.34
2023-03-03 00:00:00,164.34,0,4,0,168.22,172.90333333333328,212.27833333333334,173.9
2023-03-03 01:00:00,173.9,1,4,0,164.34,168.81999999999994,186.65166666666667,167.08
2023-03-03 02:00:00,167.08,2,4,0,173.9,168.43999999999994,169.91833333333332,185.46
2023-03-03 03:00:00,185.46,3,4,0,167.08,175.47999999999993,174.1916666666667,197.69
2023-03-03 04:00:00,197.69,4,4,0,185.46,183.40999999999994,176.115,189.31
2023-03-03 05:00:00,189.31,5,4,0,197.69,190.81999999999994,179.63,172.77
2023-03-03 06:00:00,172.77,6,4,0,189.31,186.58999999999992,181.035,444.27
2023-03-03 07:00:00,444.27,7,4,0,172.77,268.78333333333325,226.09666666666666,652.79
2023-03-03 08:00:00,652.79,8,4,0,444.27,423.2766666666666,307.04833333333335,790.02
2023-03-03 09:00:00,790.02,9,4,0,652.79,629.0266666666665,407.80833333333334,845.82
2023-03-03 10:00:00,845.82,10,4,0,790.02,762.8766666666666,515.83,874.01
2023-03-03 11:00:00,874.01,11,4,0,845.82,836.6166666666664,629.9466666666666,929.81
2023-03-03 12:00:00,929.81,12,4,0,874.01,883.2133333333331,756.12,714.66
2023-03-03 13:00:00,714.66,13,4,0,929.81,839.4933333333332,801.185,717.23
2023-03-03 14:00:00,717.23,14,4,0,714.66,787.2333333333332,811.9250000000001,816.63
2023-03-03 15:00:00,816.63,15,4,0,717.23,749.5066666666665,816.36,837.48
2023-03-03 16:00:00,837.48,16,4,0,816.63,790.4466666666666,814.9699999999999,805.75
2023-03-03 17:00:00,805.75,17,4,0,837.48,819.9533333333333,803.5933333333334,397.55
2023-03-03 18:00:00,397.55,18,4,0,805.75,680.2599999999999,714.8833333333333,319.64
2023-03-03 19:00:00,319.64,19,4,0,397.55,507.64666666666653,649.0466666666667,259.35
2023-03-03 20:00:00,259.35,20,4,0,319.64,325.51333333333326,572.7333333333333,167.04
2023-03-03 21:00:00,167.04,21,4,0,259.35,248.6766666666666,464.4683333333333,170.7
2023-03-03 22:00:00,170.7,22,4,0,167.04,199.0299999999999,353.33833333333337,161.37
2023-03-03 23:00:00,161.37,23,4,0,170.7,166.3699999999999,245.9416666666667,186.54
2023-03-04 00:00:00,186.54,0,5,1,161.37,172.8699999999999,210.7733333333333,179.36
2023-03-04 01:00:00,179.36,1,5,1,186.54,175.75666666666655,187.39333333333335,190.8
2023-03-04 02:00:00,190.8,2,5,1,179.36,185.56666666666652,175.96833333333333,197.62
2023-03-04 03:00:00,197.62,3,5,1,190.8,189.2599999999999,181.06499999999997,176.28
2023-03-04 04:00:00,176.28,4,5,1,197.62,188.23333333333323,181.995,181.81
2023-03-04 05:00:00,181.81,5,5,1,176.28,185.23666666666657,185.40166666666667,189.6
2023-03-04 06:00:00,189.6,6,5,1,181.81,182.5633333333332,185.91166666666666,183.31
2023-03-04 07:00:00,183.31,7,5,1,189.6,184.90666666666655,186.57000000000002,190.56
2023-03-04 08:00:00,190.56,8,5,1,183.31,187.82333333333318,186.53,188.65
2023-03-04 09:00:00,188.65,9,5,1,190.56,187.50666666666655,185.035,280.73
2023-03-04 10:00:00,280.73,10,5,1,188.65,219.97999999999988,202.44333333333336,294.68
2023-03-04 11:00:00,294.68,11,5,1,280.73,254.68666666666658,221.25500000000002,279.51
2023-03-04 12:00:00,279.51,12,5,1,294.68,284.9733333333332,236.24,311.75
2023-03-04 13:00:00,311.75,13,5,1,279.51,295.3133333333332,257.6466666666667,293.02
2023-03-04 14:00:00,293.02,14,5,1,311.75,294.7599999999998,274.72333333333336,290.12
2023-03-04 15:00:00,290.12,15,5,1,293.02,298.29666666666657,291.635,287.1
2023-03-04 16:00:00,287.1,16,5,1,290.12,290.07999999999987,292.69666666666666,190.63
2023-03-04 17:00:00,190.63,17,5,1,287.1,255.9499999999999,275.35499999999996,193.9
2023-03-04 18:00:00,193.9,18,5,1,190.63,223.87666666666655,261.08666666666664,191.14
2023-03-04 19:00:00,191.14,19,5,1,193.9,191.88999999999987,240.98499999999999,169.97
2023-03-04 20:00:00,169.97,20,5,1,191.14,185.00333333333322,220.47666666666666,178.91
2023-03-04 21:00:00,178.91,21,5,1,169.97,180.00666666666655,201.9416666666667,188.17
2023-03-04 22:00:00,188.17,22,5,1,178.91,179.01666666666657,185.4533333333333,186.58
2023-03-04 23:00:00,186.58,23,5,1,188.17,184.5533333333332,184.77833333333334,188.84
2023-03-05 00:00:00,188.84,0,6,1,186.58,187.86333333333323,183.93499999999997,178.15
2023-03-05 01:00:00,178.15,1,6,1,188.84,184.52333333333323,181.76999999999998,173.62
2023-03-05 02:00:00,173.62,2,6,1,178.15,180.20333333333323,182.37833333333333,191.84
2023-03-05 03:00:00,191.84,3,6,1,173.62,181.20333333333323,184.53333333333333,195.01
2023-03-05 04:00:00,195.01,4,6,1,191.84,186.82333333333324,185.67333333333332,172.45
2023-03-05 05:00:00,172.45,5,6,1,195.01,186.43333333333325,183.3183333333333,195.73
2023-03-05 06:00:00,195.73,6,6,1,172.45,187.72999999999988,184.46666666666667,193.81
2023-03-05 07:00:00,193.81,7,6,1,195.73,187.3299999999999,187.07666666666668,187.61
2023-03-05 08:00:00,187.61,8,6,1,193.81,192.3833333333332,189.40833333333333,190.98
2023-03-05 09:00:00,190.98,9,6,1,187.61,190.79999999999987,189.26500000000001,283.17
2023-03-05 10:00:00,283.17,10,6,1,190.98,220.5866666666666,203.95833333333334,289.3
2023-03-05 11:00:00,289.3,11,6,1,283.17,254.48333333333323,223.4333333333333,286.8
2023-03-05 12:00:00,286.8,12,6,1,289.3,286.42333333333323,238.61166666666668,272.78
2023-03-05 13:00:00,272.78,13,6,1,286.8,282.95999999999987,251.77333333333334,279.19
2023-03-05 14:00:00,279.19,14,6,1,272.78,279.58999999999986,267.03666666666663,288.49
2023-03-05 15:00:00,288.49,15,6,1,279.19,280.1533333333332,283.28833333333336,292.88
2023-03-05 16:00:00,292.88,16,6,1,288.49,286.8533333333332,284.9066666666667,193.63
2023-03-05 17:00:00,193.63,17,6,1,292.88,258.3333333333332,268.96166666666664,185.47
2023-03-05 18:00:00,185.47,18,6,1,193.63,223.99333333333323,252.0733333333333,187.42
2023-03-05 19:00:00,187.42,19,6,1,185.47,188.8399999999999,237.84666666666666,173.7
2023-03-05 20:00:00,173.7,20,6,1,187.42,182.19666666666657,220.265,180.91
2023-03-05 21:00:00,180.91,21,6,1,173.7,180.67666666666653,202.33499999999995,168.81
2023-03-05 22:00:00,168.81,22,6,1,180.91,174.47333333333322,181.65666666666667,202.6
2023-03-05 23:00:00,202.6,23,6,1,168.81,184.10666666666657,183.15166666666664,158.21
2023-03-06 00:00:00,158.21,0,0,0,202.6,176.53999999999988,178.60833333333332,170.53
2023-03-06 01:00:00,170.53,1,0,0,158.21,177.11333333333323,175.79333333333332,179.49
2023-03-06 02:00:00,179.49,2,0,0,170.53,169.40999999999988,176.75833333333333,184.3
2023-03-06 03:00:00,184.3,3,0,0,179.49,178.10666666666657,177.32333333333335,163.16
2023-03-06 04:00:00,163.16,4,0,0,184.3,175.6499999999999,176.38166666666666,169.98
2023-03-06 05:00:00,169.98,5,0,0,163.16,172.47999999999988,170.94500000000002,172.49
2023-03-06 06:00:00,172.49,6,0,0,169.98,168.5433333333332,173.32500000000002,461.92
2023-03-06 07:00:00,461.92,7,0,0,172.49,268.1299999999999,221.89000000000001,656.73
2023-03-06 08:00:00,656.73,8,0,0,461.92,430.3799999999999,301.43,792.23
2023-03-06 09:00:00,792.23,9,0,0,656.73,636.9599999999999,402.7516666666667,884.53
2023-03-06 10:00:00,884.53,10,0,0,792.23,777.8299999999999,522.98,881.48
2023-03-06 11:00:00,881.48,11,0,0,884.53,852.7466666666666,641.5633333333334,920.67
2023-03-06 12:00:00,920.67,12,0,0,881.48,895.5599999999998,766.2599999999999,678.04
2023-03-06 13:00:00,678.04,13,0,0,920.67,826.7299999999999,802.2800000000001,713.29
2023-03-06 14:00:00,713.29,14,0,0,678.04,770.6666666666665,811.7066666666666,846.62
2023-03-06 15:00:00,846.62,15,0,0,713.29,745.9833333333331,820.7716666666666,790.76
2023-03-06 16:00:00,790.76,16,0,0,846.62,783.5566666666664,805.1433333333333,813.03
2023-03-06 17:00:00,813.03,17,0,0,790.76,816.8033333333332,793.735,366.52
2023-03-06 18:00:00,366.52,18,0,0,813.03,656.7699999999999,701.3766666666667,329.3
2023-03-06 19:00:00,329.3,19,0,0,366.52,502.9499999999998,643.2533333333333,255.47
2023-03-06 20:00:00,255.47,20,0,0,329.3,317.0966666666665,566.9499999999999,174.46
2023-03-06 21:00:00,174.46,21,0,0,255.47,253.0766666666665,454.92333333333335,175.34
2023-03-06 22:00:00,175.34,22,0,0,174.46,201.75666666666652,352.3533333333333,175.96
2023-03-06 23:00:00,175.96,23,0,0,175.34,175.2533333333332,246.17500000000004,182.53
2023-03-07 00:00:00,182.53,0,1,0,175.96,177.9433333333332,215.51000000000002,170.39
2023-03-07 01:00:00,170.39,1,1,0,182.53,176.29333333333318,189.02499999999998,175.94
2023-03-07 02:00:00,175.94,2,1,0,170.39,176.28666666666652,175.77,192.78
2023-03-07 03:00:00,192.78,3,1,0,175.94,179.70333333333318,178.82333333333335,165.87
2023-03-07 04:00:00,165.87,4,1,0,192.78,178.19666666666652,177.245,161.39
2023-03-07 05:00:00,161.39,5,1,0,165.87,173.3466666666665,174.81666666666663,161.69
2023-03-07 06:00:00,161.69,6,1,0,161.39,162.98333333333318,171.34333333333333,461.49
2023-03-07 07:00:00,461.49,7,1,0,161.69,261.52333333333314,219.85999999999999,676.62
2023-03-07 08:00:00,676.62,8,1,0,461.49,433.2666666666666,303.3066666666667,806.34
2023-03-07 09:00:00,806.34,9,1,0,676.62,648.1499999999999,405.56666666666666,833.31
2023-03-07 10:00:00,833.31,10,1,0,806.34,772.0899999999998,516.8066666666667,861.36
2023-03-07 11:00:00,861.36,11,1,0,833.31,833.67,633.4683333333334,890.72
2023-03-07 12:00:00,890.72,12,1,0,861.36,861.7966666666665,754.9733333333334,701.45
2023-03-07 13:00:00,701.45,13,1,0,890.72,817.8433333333332,794.9666666666667,668.11
2023-03-07 14:00:00,668.11,14,1,0,701.45,753.4266666666666,793.5483333333333,824.64
2023-03-07 15:00:00,824.64,15,1,0,668.11,731.4,796.5983333333334,831.53
2023-03-07 16:00:00,831.53,16,1,0,824.64,774.7599999999999,796.3016666666666,807.75
2023-03-07 17:00:00,807.75,17,1,0,831.53,821.3066666666665,787.3666666666668,360.49
2023-03-07 18:00:00,360.49,18,1,0,807.75,666.5899999999998,698.995,331.89
2023-03-07 19:00:00,331.89,19,1,0,360.49,500.04333333333324,637.4016666666668,264.79
2023-03-07 20:00:00,264.79,20,1,0,331.89,319.05666666666656,570.1816666666667,179.26
2023-03-07 21:00:00,179.26,21,1,0,264.79,258.64666666666653,462.6183333333333,148.79
2023-03-07 22:00:00,148.79,22,1,0,179.26,197.61333333333323,348.8283333333333,173.05
2023-03-07 23:00:00,173.05,23,1,0,148.79,167.03333333333322,243.045,231.8
2023-03-08 00:00:00,231.8,0,2,0,173.05,184.54666666666654,221.59666666666666,226.7
2023-03-08 01:00:00,226.7,1,2,0,231.8,210.51666666666657,204.06500000000003,214.13
2023-03-08 02:00:00,214.13,2,2,0,226.7,224.2099999999999,195.62166666666667,219.25
2023-03-08 03:00:00,219.25,3,2,0,214.13,220.02666666666656,202.28666666666666,225.69
2023-03-08 04:00:00,225.69,4,2,0,219.25,219.68999999999986,215.10333333333335,242.53
2023-03-08 05:00:00,242.53,5,2,0,225.69,229.15666666666652,226.6833333333333,224.35
2023-03-08 06:00:00,224.35,6,2,0,242.53,230.85666666666654,225.44166666666663,217.2
2023-03-08 07:00:00,217.2,7,2,0,224.35,228.02666666666656,223.85833333333332,213.87
2023-03-08 08:00:00,213.87,8,2,0,217.2,218.47333333333322,223.81500000000003,239.35
2023-03-08 09:00:00,239.35,9,2,0,213.87,223.47333333333322,227.165,234.64
2023-03-08 10:00:00,234.64,10,2,0,239.35,229.28666666666655,228.65666666666667,245.05
2023-03-08 11:00:00,245.05,11,2,0,234.64,239.67999999999992,229.07666666666668,202.89
2023-03-08 12:00:00,202.89,12,2,0,245.05,227.52666666666656,225.5,239.83
2023-03-08 13:00:00,239.83,13,2,0,202.89,229.25666666666655,229.27166666666668,258.9
2023-03-08 14:00:00,258.9,14,2,0,239.83,233.87333333333322,236.77666666666664,257.03
2023-03-08 15:00:00,257.03,15,2,0,258.9,251.91999999999985,239.72333333333333,258.36
2023-03-08 16:00:00,258.36,16,2,0,257.03,258.0966666666665,243.67666666666665,230.6
2023-03-08 17:00:00,230.6,17,2,0,258.36,248.66333333333318,241.26833333333332,211.96
2023-03-08 18:00:00,211.96,18,2,0,230.6,233.63999999999987,242.78,210.57
2023-03-08 19:00:00,210.57,19,2,0,211.96,217.7099999999999,237.9033333333333,220.88
2023-03-08 20:00:00,220.88,20,2,0,210.57,214.46999999999989,231.5666666666667,222.54
2023-03-08 21:00:00,222.54,21,2,0,220.88,217.99666666666653,225.81833333333336,220.88
2023-03-08 22:00:00,220.88,22,2,0,222.54,221.4333333333332,219.5716666666667,228.96
2023-03-08 23:00:00,228.96,23,2,0,220.88,224.12666666666655,219.29833333333332,188.12
2023-03-09 00:00:00,188.12,0,3,0,228.96,212.6533333333332,215.32499999999996,163.86
2023-03-09 01:00:00,163.86,1,3,0,188.12,193.64666666666653,207.54,188.9
2023-03-09 02:00:00,188.9,2,3,0,163.86,180.2933333333332,202.21000000000004,181.71
2023-03-09 03:00:00,181.71,3,3,0,188.9,178.15666666666652,195.405,168.95
2023-03-09 04:00:00,168.95,4,3,0,181.71,179.8533333333332,186.75,174.95
2023-03-09 05:00:00,174.95,5,3,0,168.95,175.20333333333323,177.74833333333333,182.17
2023-03-09 06:00:00,182.17,6,3,0,174.95,175.35666666666654,176.75666666666666,460.95
2023-03-09 07:00:00,460.95,7,3,0,182.17,272.6899999999998,226.27166666666668,667.0
2023-03-09 08:00:00,667.0,8,3,0,460.95,436.7066666666665,305.955,771.6
2023-03-09 09:00:00,771.6,9,3,0,667.0,633.1833333333333,404.27,823.27
2023-03-09 10:00:00,823.27,10,3,0,771.6,753.9566666666665,513.3233333333334,862.43
2023-03-09 11:00:00,862.43,11,3,0,823.27,819.0999999999998,627.9033333333333,944.29
2023-03-09 12:00:00,944.29,12,3,0,862.43,876.6633333333333,754.9233333333333,754.41
2023-03-09 13:00:00,754.41,13,3,0,944.29,853.7099999999999,803.8333333333334,678.89
2023-03-09 14:00:00,678.89,14,3,0,754.41,792.5299999999997,805.8149999999999,875.71
2023-03-09 15:00:00,875.71,15,3,0,678.89,769.6699999999997,823.1666666666666,802.21
2023-03-09 16:00:00,802.21,16,3,0,875.71,785.6033333333331,819.6566666666666,776.21
2023-03-09 17:00:00,776.21,17,3,0,802.21,818.0433333333332,805.2866666666667,359.4
2023-03-09 18:00:00,359.4,18,3,0,776.21,645.9399999999999,707.805,307.96
2023-03-09 19:00:00,307.96,19,3,0,359.4,481.1899999999998,633.3966666666666,279.07
2023-03-09 20:00:00,279.07,20,3,0,307.96,315.4766666666665,566.76,169.52
2023-03-09 21:00:00,169.52,21,3,0,279.07,252.18333333333317,449.06166666666667,190.68
2023-03-09 22:00:00,190.68,22,3,0,169.52,213.08999999999983,347.13999999999993,165.16
2023-03-09 23:00:00,165.16,23,3,0,190.68,175.11999999999986,245.29833333333332,167.74
2023-03-10 00:00:00,167.74,0,4,0,165.16,174.52666666666653,213.35500000000002,164.23
2023-03-10 01:00:00,164.23,1,4,0,167.74,165.70999999999984,189.39999999999998,173.34
2023-03-10 02:00:00,173.34,2,4,0,164.23,168.43666666666653,171.77833333333334,177.14
2023-03-10 03:00:00,177.14,3,4,0,173.34,171.56999999999985,173.04833333333332,172.13
2023-03-10 04:00:00,172.13,4,4,0,177.14,174.20333333333315,169.95666666666668,177.71
2023-03-10 05:00:00,177.71,5,4,0,172.13,175.65999999999985,172.04833333333332,180.73
2023-03-10 06:00:00,180.73,6,4,0,177.71,176.85666666666648,174.21333333333334,452.65
2023-03-10 07:00:00,452.65,7,4,0,180.73,270.3633333333332,222.2833333333333,661.38
2023-03-10 08:00:00,661.38,8,4,0,452.65,431.58666666666653,303.62333333333333,817.12
2023-03-10 09:00:00,817.12,9,4,0,661.38,643.7166666666666,410.28666666666663,822.72
2023-03-10 10:00:00,822.72,10,4,0,817.12,767.0733333333333,518.7183333333334,914.24
2023-03-10 11:00:00,914.24,11,4,0,822.72,851.3599999999998,641.4733333333332,924.73
2023-03-10 12:00:00,924.73,12,4,0,914.24,887.2299999999999,765.4733333333334,704.26
2023-03-10 13:00:00,704.26,13,4,0,924.73,847.7433333333332,807.4083333333333,681.16
2023-03-10 14:00:00,681.16,14,4,0,704.26,770.0499999999998,810.7049999999999,857.88
2023-03-10 15:00:00,857.88,15,4,0,681.16,747.7666666666665,817.4983333333333,827.96
2023-03-10 16:00:00,827.96,16,4,0,857.88,788.9999999999999,818.3716666666666,806.83
2023-03-10 17:00:00,806.83,17,4,0,827.96,830.8899999999999,800.4699999999999,386.75
2023-03-10 18:00:00,386.75,18,4,0,806.83,673.8466666666665,710.8066666666667,330.13
2023-03-10 19:00:00,330.13,19,4,0,386.75,507.9033333333332,648.4516666666667,271.76
2023-03-10 20:00:00,271.76,20,4,0,330.13,329.5466666666665,580.2183333333334,157.99
2023-03-10 21:00:00,157.99,21,4,0,271.76,253.29333333333318,463.57,180.6
2023-03-10 22:00:00,180.6,22,4,0,157.99,203.44999999999985,355.6766666666667,179.57
2023-03-10 23:00:00,179.57,23,4,0,180.6,172.71999999999983,251.13333333333333,201.19
2023-03-11 00:00:00,201.19,0,5,1,179.57,187.11999999999986,220.20666666666668,193.14
2023-03-11 01:00:00,193.14,1,5,1,201.19,191.29999999999984,197.375,193.62
2023-03-11 02:00:00,193.62,2,5,1,193.14,195.9833333333332,184.35166666666666,183.42
2023-03-11 03:00:00,183.42,3,5,1,193.62,190.05999999999983,188.59,179.5
2023-03-11 04:00:00,179.5,4,5,1,183.42,185.51333333333318,188.40666666666667,171.89
2023-03-11 05:00:00,171.89,5,5,1,179.5,178.26999999999984,187.12666666666667,182.32
2023-03-11 06:00:00,182.32,6,5,1,171.89,177.9033333333332,183.98166666666665,191.91
2023-03-11 07:00:00,191.91,7,5,1,182.32,182.03999999999985,183.77666666666664,188.86
2023-03-11 08:00:00,188.86,8,5,1,191.91,187.69666666666652,182.98333333333332,183.15
2023-03-11 09:00:00,183.15,9,5,1,188.86,187.97333333333322,182.93833333333336,278.77
2023-03-11 10:00:00,278.77,10,5,1,183.15,216.9266666666665,199.48333333333335,287.2
2023-03-11 11:00:00,287.2,11,5,1,278.77,249.7066666666665,218.70166666666668,289.98
2023-03-11 12:00:00,289.98,12,5,1,287.2,285.31666666666655,236.64499999999998,294.79
2023-03-11 13:00:00,294.79,13,5,1,289.98,290.6566666666665,253.79166666666666,299.91
2023-03-11 14:00:00,299.91,14,5,1,294.79,294.8933333333332,272.3,293.05
2023-03-11 15:00:00,293.05,15,5,1,299.91,295.9166666666665,290.61666666666673,295.22
2023-03-11 16:00:00,295.22,16,5,1,293.05,296.0599999999999,293.35833333333335,189.15
2023-03-11 17:00:00,189.15,17,5,1,295.22,259.1399999999999,277.0166666666667,193.66
2023-03-11 18:00:00,193.66,18,5,1,189.15,226.00999999999985,260.96333333333337,175.32
2023-03-11 19:00:00,175.32,19,5,1,193.66,186.04333333333318,241.0516666666667,187.27
2023-03-11 20:00:00,187.27,20,5,1,175.32,185.41666666666652,222.27833333333334,189.42
2023-03-11 21:00:00,189.42,21,5,1,187.27,184.0033333333332,205.00666666666666,188.27
2023-03-11 22:00:00,188.27,22,5,1,189.42,188.31999999999985,187.18166666666664,194.21
2023-03-11 23:00:00,194.21,23,5,1,188.27,190.6333333333332,188.025,172.89
2023-03-12 00:00:00,172.89,0,6,1,194.21,185.1233333333332,184.5633333333333,182.69
2023-03-12 01:00:00,182.69,1,6,1,172.89,183.26333333333318,185.79166666666666,181.91
2023-03-12 02:00:00,181.91,2,6,1,182.69,179.16333333333318,184.89833333333334,173.99
2023-03-12 03:00:00,173.99,3,6,1,181.91,179.52999999999986,182.32666666666668,204.24
2023-03-12 04:00:00,204.24,4,6,1,173.99,186.71333333333317,184.98833333333334,199.16
2023-03-12 05:00:00,199.16,5,6,1,204.24,192.46333333333322,185.8133333333333,173.77
2023-03-12 06:00:00,173.77,6,6,1,199.16,192.38999999999987,185.96,193.17
2023-03-12 07:00:00,193.17,7,6,1,173.77,188.69999999999985,187.70666666666668,189.78
2023-03-12 08:00:00,189.78,8,6,1,193.17,185.57333333333318,189.01833333333335,195.53
2023-03-12 09:00:00,195.53,9,6,1,189.78,192.8266666666665,192.60833333333335,295.24
2023-03-12 10:00:00,295.24,10,6,1,195.53,226.84999999999982,207.775,287.62
2023-03-12 11:00:00,287.62,11,6,1,295.24,259.4633333333332,222.51833333333332,294.86
2023-03-12 12:00:00,294.86,12,6,1,287.62,292.5733333333332,242.70000000000002,290.69
2023-03-12 13:00:00,290.69,13,6,1,294.86,291.05666666666656,258.9533333333334,286.31
2023-03-12 14:00:00,286.31,14,6,1,290.69,290.61999999999983,275.0416666666667,299.91
2023-03-12 15:00:00,299.91,15,6,1,286.31,292.3033333333332,292.43833333333333,303.56
2023-03-12 16:00:00,303.56,16,6,1,299.91,296.5933333333332,293.825,186.34
2023-03-12 17:00:00,186.34,17,6,1,303.56,263.26999999999987,276.945,181.42
2023-03-12 18:00:00,181.42,18,6,1,186.34,223.77333333333317,258.03833333333336,185.92
2023-03-12 19:00:00,185.92,19,6,1,181.42,184.55999999999983,240.57666666666663,189.68
2023-03-12 20:00:00,189.68,20,6,1,185.92,185.67333333333318,224.47166666666666,196.28
2023-03-12 21:00:00,196.28,21,6,1,189.68,190.62666666666652,207.20000000000002,183.56
2023-03-12 22:00:00,183.56,22,6,1,196.28,189.83999999999983,187.19999999999996,193.57
2023-03-12 23:00:00,193.57,23,6,1,183.56,191.1366666666665,188.405,175.71
2023-03-13 00:00:00,175.71,0,0,0,193.57,184.27999999999986,187.45333333333335,177.18
2023-03-13 01:00:00,177.18,1,0,0,175.71,182.1533333333332,185.99666666666667,187.52
2023-03-13 02:00:00,187.52,2,0,0,177.18,180.13666666666654,185.63666666666668,180.53
2023-03-13 03:00:00,180.53,3,0,0,187.52,181.7433333333332,183.01166666666668,160.28
2023-03-13 04:00:00,160.28,4,0,0,180.53,176.10999999999987,179.13166666666666,170.41
2023-03-13 05:00:00,170.41,5,0,0,160.28,170.40666666666652,175.27166666666668,171.15
2023-03-13 06:00:00,171.15,6,0,0,170.41,167.27999999999986,174.51166666666668,458.32
2023-03-13 07:00:00,458.32,7,0,0,171.15,266.6266666666665,221.36833333333334,669.92
2023-03-13 08:00:00,669.92,8,0,0,458.32,433.1299999999998,301.7683333333333,820.16
2023-03-13 09:00:00,820.16,9,0,0,669.92,649.4666666666665,408.3733333333333,839.76
2023-03-13 10:00:00,839.76,10,0,0,820.16,776.6133333333331,521.62,908.57
2023-03-13 11:00:00,908.57,11,0,0,839.76,856.1633333333331,644.6466666666666,872.6
2023-03-13 12:00:00,872.6,12,0,0,908.57,873.6433333333331,761.555,707.43
2023-03-13 13:00:00,707.43,13,0,0,872.6,829.5333333333332,803.0733333333334,698.1
2023-03-13 14:00:00,698.1,14,0,0,707.43,759.3766666666664,807.77,820.63
2023-03-13 15:00:00,820.63,15,0,0,698.1,742.0533333333332,807.8483333333334,829.53
2023-03-13 16:00:00,829.53,16,0,0,820.63,782.7533333333332,806.1433333333333,849.33
2023-03-13 17:00:00,849.33,17,0,0,829.53,833.1633333333333,796.27,363.91
2023-03-13 18:00:00,363.91,18,0,0,849.33,680.9233333333332,711.4883333333333,329.75
2023-03-13 19:00:00,329.75,19,0,0,363.91,514.3299999999999,648.5416666666666,260.93
2023-03-13 20:00:00,260.93,20,0,0,329.75,318.19666666666654,575.68,164.29
2023-03-13 21:00:00,164.29,21,0,0,260.93,251.65666666666652,466.29,178.17
2023-03-13 22:00:00,178.17,22,0,0,164.29,201.12999999999985,357.73,171.14
2023-03-13 23:00:00,171.14,23,0,0,178.17,171.19999999999982,244.69833333333335,173.69
2023-03-14 00:00:00,173.69,0,1,0,171.14,174.33333333333317,212.995,175.89
2023-03-14 01:00:00,175.89,1,1,0,173.69,173.57333333333318,187.3516666666667,171.34
2023-03-14 02:00:00,171.34,2,1,0,175.89,173.63999999999984,172.42,160.27
2023-03-14 03:00:00,160.27,3,1,0,171.34,169.16666666666652,171.75,175.25
2023-03-14 04:00:00,175.25,4,1,0,160.27,168.95333333333318,171.26333333333332,184.57
2023-03-14 05:00:00,184.57,5,1,0,175.25,173.36333333333314,173.50166666666667,180.95
2023-03-14 06:00:00,180.95,6,1,0,184.57,180.25666666666652,174.71166666666667,460.51
2023-03-14 07:00:00,460.51,7,1,0,180.95,275.3433333333332,222.1483333333333,662.83
2023-03-14 08:00:00,662.83,8,1,0,460.51,434.76333333333315,304.06333333333333,803.21
2023-03-14 09:00:00,803.21,9,1,0,662.83,642.1833333333333,411.22,846.5
2023-03-14 10:00:00,846.5,10,1,0,803.21,770.8466666666665,523.095,869.78
2023-03-14 11:00:00,869.78,11,1,0,846.5,839.8299999999999,637.2966666666666,882.8
2023-03-14 12:00:00,882.8,12,1,0,869.78,866.3599999999998,754.2716666666666,716.98
2023-03-14 13:00:00,716.98,13,1,0,882.8,823.1866666666665,797.0166666666668,675.86
2023-03-14 14:00:00,675.86,14,1,0,716.98,758.5466666666665,799.1883333333334,810.26
2023-03-14 15:00:00,810.26,15,1,0,675.86,734.3666666666664,800.3633333333333,849.51
2023-03-14 16:00:00,849.51,16,1,0,810.26,778.5433333333332,800.8649999999999,809.16
2023-03-14 17:00:00,809.16,17,1,0,849.51,822.9766666666665,790.7616666666667,394.53
2023-03-14 18:00:00,394.53,18,1,0,809.16,684.3999999999997,709.3833333333333,325.6
2023-03-14 19:00:00,325.6,19,1,0,394.53,509.76333333333315,644.1533333333333,265.37
2023-03-14 20:00:00,265.37,20,1,0,325.6,328.49999999999983,575.7383333333333,184.22
2023-03-14 21:00:00,184.22,21,1,0,265.37,258.39666666666653,471.3983333333333,163.72
2023-03-14 22:00:00,163.72,22,1,0,184.22,204.4366666666665,357.09999999999997,166.1
2023-03-14 23:00:00,166.1,23,1,0,163.72,171.3466666666665,249.92333333333332,183.84
2023-03-15 00:00:00,183.84,0,2,0,166.1,171.21999999999983,214.8083333333333,175.67
2023-03-15 01:00:00,175.67,1,2,0,183.84,175.20333333333318,189.82000000000002,178.23
2023-03-15 02:00:00,178.23,2,2,0,175.67,179.24666666666653,175.29666666666665,170.51
2023-03-15 03:00:00,170.51,3,2,0,178.23,174.80333333333317,173.01166666666666,174.14
2023-03-15 04:00:00,174.14,4,2,0,170.51,174.29333333333318,174.7483333333333,168.3
2023-03-15 05:00:00,168.3,5,2,0,174.14,170.9833333333332,175.115,159.97
2023-03-15 06:00:00,159.97,6,2,0,168.3,167.46999999999983,171.13666666666666,442.05
2023-03-15 07:00:00,442.05,7,2,0,159.97,256.7733333333332,215.53333333333333,663.2
2023-03-15 08:00:00,663.2,8,2,0,442.05,421.73999999999984,296.3616666666667,813.33
2023-03-15 09:00:00,813.33,9,2,0,663.2,639.5266666666665,403.4983333333334,841.22
2023-03-15 10:00:00,841.22,10,2,0,813.33,772.5833333333331,514.6783333333334,912.01
2023-03-15 11:00:00,912.01,11,2,0,841.22,855.5199999999999,638.63,905.84
2023-03-15 12:00:00,905.84,12,2,0,912.01,886.3566666666666,762.9416666666667,710.92
2023-03-15 13:00:00,710.92,13,2,0,905.84,842.9233333333332,807.7533333333334,659.37
2023-03-15 14:00:00,659.37,14,2,0,710.92,758.7099999999999,807.1150000000001,844.7
2023-03-15 15:00:00,844.7,15,2,0,659.37,738.3299999999999,812.3433333333332,898.02
2023-03-15 16:00:00,898.02,16,2,0,844.7,800.6966666666664,821.8100000000001,825.04
2023-03-15 17:00:00,825.04,17,2,0,898.02,855.9199999999997,807.3149999999999,373.38
2023-03-15 18:00:00,373.38,18,2,0,825.04,698.8133333333332,718.5716666666666,327.43
2023-03-15 19:00:00,327.43,19,2,0,373.38,508.6166666666665,654.6566666666666,259.9
2023-03-15 20:00:00,259.9,20,2,0,327.43,320.2366666666665,588.0783333333333,162.98
2023-03-15 21:00:00,162.98,21,2,0,259.9,250.10333333333315,474.4583333333333,172.63
2023-03-15 22:00:00,172.63,22,2,0,162.98,198.5033333333332,353.56,168.82
2023-03-15 23:00:00,168.82,23,2,0,172.63,168.14333333333317,244.18999999999997,156.98
2023-03-16 00:00:00,156.98,0,3,0,168.82,166.14333333333317,208.1233333333333,164.58
2023-03-16 01:00:00,164.58,1,3,0,156.98,163.45999999999984,180.98166666666668,186.34
2023-03-16 02:00:00,186.34,2,3,0,164.58,169.29999999999987,168.72166666666666,180.83
2023-03-16 03:00:00,180.83,3,3,0,186.34,177.24999999999986,171.6966666666667,185.75
2023-03-16 04:00:00,185.75,4,3,0,180.83,184.3066666666665,173.88333333333333,170.67
2023-03-16 05:00:00,170.67,5,3,0,185.75,179.08333333333317,174.1916666666667,187.58
2023-03-16 06:00:00,187.58,6,3,0,170.67,181.33333333333317,179.29166666666666,450.78
2023-03-16 07:00:00,450.78,7,3,0,187.58,269.6766666666665,226.99166666666667,674.94
2023-03-16 08:00:00,674.94,8,3,0,450.78,437.7666666666666,308.425,816.97
2023-03-16 09:00:00,816.97,9,3,0,674.94,647.5633333333332,414.4483333333333,883.93
2023-03-16 10:00:00,883.93,10,3,0,816.97,791.9466666666664,530.8116666666666,863.72
2023-03-16 11:00:00,863.72,11,3,0,883.93,854.8733333333331,646.32,904.31
2023-03-16 12:00:00,904.31,12,3,0,863.72,883.9866666666666,765.775,683.78
2023-03-16 13:00:00,683.78,13,3,0,904.31,817.2699999999999,804.6083333333335,689.43
2023-03-16 14:00:00,689.43,14,3,0,683.78,759.1733333333332,807.0233333333332,843.68
2023-03-16 15:00:00,843.68,15,3,0,689.43,738.9633333333331,811.4749999999999,819.23
2023-03-16 16:00:00,819.23,16,3,0,843.68,784.1133333333331,800.6916666666666,800.34
2023-03-16 17:00:00,800.34,17,3,0,819.23,821.0833333333331,790.1283333333332,394.92
2023-03-16 18:00:00,394.92,18,3,0,800.34,671.4966666666666,705.23,328.48
2023-03-16 19:00:00,328.48,19,3,0,394.92,507.9133333333332,646.0133333333333,242.04
2023-03-16 20:00:00,242.04,20,3,0,328.48,321.8133333333332,571.4483333333333,170.83
2023-03-16 21:00:00,170.83,21,3,0,242.04,247.11666666666648,459.3066666666667,182.56
2023-03-16 22:00:00,182.56,22,3,0,170.83,198.47666666666655,353.195,181.8
2023-03-16 23:00:00,181.8,23,3,0,182.56,178.39666666666653,250.10500000000002,174.66
2023-03-17 00:00:00,174.66,0,4,0,181.8,179.67333333333318,213.39499999999998,174.14
2023-03-17 01:00:00,174.14,1,4,0,174.66,176.86666666666653,187.67166666666665,176.24
2023-03-17 02:00:00,176.24,2,4,0,174.14,175.01333333333318,176.705,179.08
2023-03-17 03:00:00,179.08,3,4,0,176.24,176.48666666666654,178.08,183.72
2023-03-17 04:00:00,183.72,4,4,0,179.08,179.67999999999986,178.27333333333334,173.51
2023-03-17 05:00:00,173.51,5,4,0,183.72,178.76999999999987,176.89166666666668,166.55
2023-03-17 06:00:00,166.55,6,4,0,173.51,174.59333333333316,175.54,442.76
2023-03-17 07:00:00,442.76,7,4,0,166.55,260.9399999999998,220.31000000000003,660.09
2023-03-17 08:00:00,660.09,8,4,0,442.76,423.1333333333332,300.95166666666665,781.02
2023-03-17 09:00:00,781.02,9,4,0,660.09,627.9566666666665,401.27500000000003,836.12
2023-03-17 10:00:00,836.12,10,4,0,781.02,759.0766666666665,510.00833333333327,878.56
2023-03-17 11:00:00,878.56,11,4,0,836.12,831.8999999999997,627.5166666666667,896.47
2023-03-17 12:00:00,896.47,12,4,0,878.56,870.3833333333332,749.17,697.49
2023-03-17 13:00:00,697.49,13,4,0,896.47,824.1733333333332,791.625,687.85
2023-03-17 14:00:00,687.85,14,4,0,697.49,760.6033333333331,796.2516666666667,887.53
2023-03-17 15:00:00,887.53,15,4,0,687.85,757.6233333333331,814.0033333333334,789.07
2023-03-17 16:00:00,789.07,16,4,0,887.53,788.15,806.1616666666667,803.85
2023-03-17 17:00:00,803.85,17,4,0,789.07,826.8166666666666,793.71,433.45
2023-03-17 18:00:00,433.45,18,4,0,803.85,675.4566666666665,716.54,322.5
2023-03-17 19:00:00,322.5,19,4,0,433.45,519.9333333333332,654.0416666666666,265.27
2023-03-17 20:00:00,265.27,20,4,0,322.5,340.4066666666665,583.6116666666666,163.22
2023-03-17 21:00:00,163.22,21,4,0,265.27,250.3299999999998,462.8933333333334,167.82
2023-03-17 22:00:00,167.82,22,4,0,163.22,198.76999999999984,359.35166666666663,178.76
2023-03-17 23:00:00,178.76,23,4,0,167.82,169.93333333333317,255.17,189.93
2023-03-18 00:00:00,189.93,0,5,1,178.76,178.8366666666665,214.58333333333334,196.1
2023-03-18 01:00:00,196.1,1,5,1,189.93,188.26333333333318,193.51666666666665,173.01
2023-03-18 02:00:00,173.01,2,5,1,196.1,186.3466666666665,178.14,187.71
2023-03-18 03:00:00,187.71,3,5,1,173.01,185.60666666666648,182.22166666666666,192.32
2023-03-18 04:00:00,192.32,4,5,1,187.71,184.3466666666665,186.30499999999998,182.87
2023-03-18 05:00:00,182.87,5,5,1,192.32,187.63333333333318,186.99,185.74
2023-03-18 06:00:00,185.74,6,5,1,182.87,186.9766666666665,186.29166666666666,188.81
2023-03-18 07:00:00,188.81,7,5,1,185.74,185.80666666666653,185.07666666666668,181.82
2023-03-18 08:00:00,181.82,8,5,1,188.81,185.4566666666665,186.545,186.89
2023-03-18 09:00:00,186.89,9,5,1,181.82,185.83999999999983,186.40833333333333,277.55
2023-03-18 10:00:00,277.55,10,5,1,186.89,215.41999999999985,200.61333333333334,288.52
2023-03-18 11:00:00,288.52,11,5,1,277.55,250.98666666666654,218.22166666666666,289.27
2023-03-18 12:00:00,289.27,12,5,1,288.52,285.1133333333332,235.4766666666667,294.31
2023-03-18 13:00:00,294.31,13,5,1,289.27,290.6999999999998,253.06000000000003,285.42
2023-03-18 14:00:00,285.42,14,5,1,294.31,289.6666666666665,270.32666666666665,285.05
2023-03-18 15:00:00,285.05,15,5,1,285.42,288.2599999999998,286.68666666666667,285.31
2023-03-18 16:00:00,285.31,16,5,1,285.05,285.2599999999999,287.98,192.95
2023-03-18 17:00:00,192.95,17,5,1,285.31,254.4366666666665,272.0516666666667,197.06
2023-03-18 18:00:00,197.06,18,5,1,192.95,225.10666666666648,256.68333333333334,183.74
2023-03-18 19:00:00,183.74,19,5,1,197.06,191.24999999999986,238.255,182.2
2023-03-18 20:00:00,182.2,20,5,1,183.74,187.66666666666652,221.0516666666667,205.79
2023-03-18 21:00:00,205.79,21,5,1,182.2,190.5766666666665,207.84166666666667,183.98
2023-03-18 22:00:00,183.98,22,5,1,205.79,190.65666666666652,190.95333333333335,169.57
2023-03-18 23:00:00,169.57,23,5,1,183.98,186.4466666666665,187.05666666666664,181.53
2023-03-19 00:00:00,181.53,0,6,1,169.57,178.35999999999987,184.46833333333333,182.12
2023-03-19 01:00:00,182.12,1,6,1,181.53,177.73999999999987,184.19833333333335,180.21
2023-03-19 02:00:00,180.21,2,6,1,182.12,181.28666666666652,183.86666666666665,185.84
2023-03-19 03:00:00,185.84,3,6,1,180.21,182.72333333333322,180.54166666666666,206.48
2023-03-19 04:00:00,206.48,4,6,1,185.84,190.84333333333316,184.29166666666666,189.04
2023-03-19 05:00:00,189.04,5,6,1,206.48,193.78666666666652,187.53666666666666,182.71
2023-03-19 06:00:00,182.71,6,6,1,189.04,192.7433333333332,187.73333333333335,192.62
2023-03-19 07:00:00,192.62,7,6,1,182.71,188.1233333333332,189.48333333333335,191.22
2023-03-19 08:00:00,191.22,8,6,1,192.62,188.84999999999988,191.31833333333336,188.55
2023-03-19 09:00:00,188.55,9,6,1,191.22,190.7966666666665,191.76999999999998,286.56
2023-03-19 10:00:00,286.56,10,6,1,188.55,222.10999999999987,205.11666666666665,288.54
2023-03-19 11:00:00,288.54,11,6,1,286.56,254.54999999999987,221.70000000000002,273.71
2023-03-19 12:00:00,273.71,12,6,1,288.54,282.93666666666655,236.86666666666665,284.93
2023-03-19 13:00:00,284.93,13,6,1,273.71,282.3933333333332,252.25166666666667,280.22
2023-03-19 14:00:00,280.22,14,6,1,284.93,279.6199999999999,267.085,284.69
2023-03-19 15:00:00,284.69,15,6,1,280.22,283.27999999999986,283.10833333333335,275.3
2023-03-19 16:00:00,275.3,16,6,1,284.69,280.0699999999999,281.2316666666667,186.35
2023-03-19 17:00:00,186.35,17,6,1,275.3,248.77999999999986,264.2,179.62
2023-03-19 18:00:00,179.62,18,6,1,186.35,213.75666666666652,248.51833333333335,193.94
2023-03-19 19:00:00,193.94,19,6,1,179.62,186.6366666666665,233.35333333333335,194.94
2023-03-19 20:00:00,194.94,20,6,1,193.94,189.49999999999986,219.14000000000001,199.71
2023-03-19 21:00:00,199.71,21,6,1,194.94,196.1966666666665,204.9766666666667,192.73
2023-03-19 22:00:00,192.73,22,6,1,199.71,195.79333333333318,191.215,175.74
2023-03-19 23:00:00,175.74,23,6,1,192.73,189.39333333333317,189.4466666666667,167.68
2023-03-20 00:00:00,167.68,0,0,0,175.74,178.7166666666665,187.45666666666668,166.94
2023-03-20 01:00:00,166.94,1,0,0,167.68,170.11999999999986,182.95666666666668,180.77
2023-03-20 02:00:00,180.77,2,0,0,166.94,171.7966666666665,180.59500000000003,176.5
2023-03-20 03:00:00,176.5,3,0,0,180.77,174.73666666666654,176.7266666666667,182.07
2023-03-20 04:00:00,182.07,4,0,0,176.5,179.77999999999983,174.95000000000002,172.88
2023-03-20 05:00:00,172.88,5,0,0,182.07,177.14999999999986,174.47333333333333,173.11
2023-03-20 06:00:00,173.11,6,0,0,172.88,176.01999999999984,175.37833333333333,448.32
2023-03-20 07:00:00,448.32,7,0,0,173.11,264.7699999999998,222.275,678.29
2023-03-20 08:00:00,678.29,8,0,0,448.32,433.2399999999998,305.195,806.5
2023-03-20 09:00:00,806.5,9,0,0,678.29,644.3699999999998,410.195,800.08
2023-03-20 10:00:00,800.08,10,0,0,806.5,761.6233333333331,513.1966666666666,878.59
2023-03-20 11:00:00,878.59,11,0,0,800.08,828.3899999999999,630.815,900.18
2023-03-20 12:00:00,900.18,12,0,0,878.59,859.6166666666664,751.9933333333333,712.74
2023-03-20 13:00:00,712.74,13,0,0,900.18,830.5033333333331,796.0633333333334,710.2
2023-03-20 14:00:00,710.2,14,0,0,712.74,774.3733333333331,801.3816666666667,908.6
2023-03-20 15:00:00,908.6,15,0,0,710.2,777.1799999999998,818.3983333333334,834.18
2023-03-20 16:00:00,834.18,16,0,0,908.6,817.6599999999999,824.0816666666666,805.33
2023-03-20 17:00:00,805.33,17,0,0,834.18,849.3699999999999,811.8716666666666,393.94
2023-03-20 18:00:00,393.94,18,0,0,805.33,677.8166666666665,727.4983333333333,330.54
2023-03-20 19:00:00,330.54,19,0,0,393.94,509.9366666666665,663.7983333333334,250.71
2023-03-20 20:00:00,250.71,20,0,0,330.54,325.06333333333316,587.2166666666667,171.15
2023-03-20 21:00:00,171.15,21,0,0,250.71,250.79999999999984,464.3083333333334,172.64
2023-03-20 22:00:00,172.64,22,0,0,171.15,198.1666666666665,354.0516666666667,179.45
2023-03-20 23:00:00,179.45,23,0,0,172.64,174.4133333333331,249.73833333333334,163.51
2023-03-21 00:00:00,163.51,0,1,0,179.45,171.86666666666648,211.33333333333334,180.36
2023-03-21 01:00:00,180.36,1,1,0,163.51,174.43999999999983,186.3033333333333,173.9
2023-03-21 02:00:00,173.9,2,1,0,180.36,172.5899999999998,173.50166666666667,164.17
2023-03-21 03:00:00,164.17,3,1,0,173.9,172.8099999999998,172.33833333333334,174.81
2023-03-21 04:00:00,174.81,4,1,0,164.17,170.9599999999998,172.70000000000002,159.24
2023-03-21 05:00:00,159.24,5,1,0,174.81,166.07333333333315,169.33166666666668,178.49
2023-03-21 06:00:00,178.49,6,1,0,159.24,170.8466666666665,171.82833333333335,463.0
2023-03-21 07:00:00,463.0,7,1,0,178.49,266.9099999999998,218.93500000000003,666.13
2023-03-21 08:00:00,666.13,8,1,0,463.0,435.87333333333316,300.9733333333333,782.54
2023-03-21 09:00:00,782.54,9,1,0,666.13,637.2233333333331,404.035,839.08
2023-03-21 10:00:00,839.08,10,1,0,782.54,762.5833333333331,514.7466666666667,910.72
2023-03-21 11:00:00,910.72,11,1,0,839.08,844.1133333333331,639.9933333333333,879.62
2023-03-21 12:00:00,879.62,12,1,0,910.72,876.473333333333,756.8483333333334,684.39
2023-03-21 13:00:00,684.39,13,1,0,879.62,824.9099999999999,793.7466666666668,710.06
2023-03-21 14:00:00,710.06,14,1,0,684.39,758.0233333333331,801.0683333333333,840.6
2023-03-21 15:00:00,840.6,15,1,0,710.06,745.0166666666664,810.745,826.08
2023-03-21 16:00:00,826.08,16,1,0,840.6,792.2466666666664,808.5783333333334,742.02
2023-03-21 17:00:00,742.02,17,1,0,826.08,802.8999999999997,780.4616666666666,408.84
2023-03-21 18:00:00,408.84,18,1,0,742.02,658.9799999999999,701.9983333333333,319.32
2023-03-21 19:00:00,319.32,19,1,0,408.84,490.0599999999998,641.1533333333333,256.72
2023-03-21 20:00:00,256.72,20,1,0,319.32,328.2933333333331,565.5966666666667,178.56
2023-03-21 21:00:00,178.56,21,1,0,256.72,251.53333333333316,455.25666666666666,182.76
2023-03-21 22:00:00,182.76,22,1,0,178.56,206.01333333333318,348.03666666666663,163.44
2023-03-21 23:00:00,163.44,23,1,0,182.76,174.91999999999982,251.60666666666665,170.15
2023-03-22 00:00:00,170.15,0,2,0,163.44,172.11666666666648,211.82500000000002,166.77
2023-03-22 01:00:00,166.77,1,2,0,170.15,166.7866666666665,186.4,161.46
2023-03-22 02:00:00,161.46,2,2,0,166.77,166.12666666666647,170.52333333333334,163.61
2023-03-22 03:00:00,163.61,3,2,0,161.46,163.9466666666665,168.03166666666667,178.96
2023-03-22 04:00:00,178.96,4,2,0,163.61,168.00999999999982,167.39833333333334,173.47
2023-03-22 05:00:00,173.47,5,2,0,178.96,172.01333333333318,169.07000000000002,180.33
2023-03-22 06:00:00,180.33,6,2,0,173.47,177.5866666666665,170.76666666666668,438.78
2023-03-22 07:00:00,438.78,7,2,0,180.33,264.19333333333316,216.1016666666667,669.22
2023-03-22 08:00:00,669.22,8,2,0,438.78,429.44333333333316,300.72833333333335,796.6
2023-03-22 09:00:00,796.6,9,2,0,669.22,634.8666666666664,406.2266666666667,831.96
2023-03-22 10:00:00,831.96,10,2,0,796.6,765.9266666666666,515.0600000000001,856.89
2023-03-22 11:00:00,856.89,11,2,0,831.96,828.4833333333332,628.9633333333334,884.59
2023-03-22 12:00:00,884.59,12,2,0,856.89,857.8133333333332,746.34,662.69
2023-03-22 13:00:00,662.69,13,2,0,884.59,801.3899999999999,783.6583333333333,676.94
2023-03-22 14:00:00,676.94,14,2,0,662.69,741.4066666666666,784.945,851.36
2023-03-22 15:00:00,851.36,15,2,0,676.94,730.3299999999999,794.0716666666667,829.52
2023-03-22 16:00:00,829.52,16,2,0,851.36,785.9399999999999,793.665,796.12
2023-03-22 17:00:00,796.12,17,2,0,829.52,825.6666666666665,783.5366666666667,386.7
2023-03-22 18:00:00,386.7,18,2,0,796.12,670.7799999999999,700.555,320.41
2023-03-22 19:00:00,320.41,19,2,0,386.7,501.07666666666654,643.5083333333333,264.29
2023-03-22 20:00:00,264.29,20,2,0,320.41,323.7999999999999,574.7333333333333,165.65
2023-03-22 21:00:00,165.65,21,2,0,264.29,250.11666666666653,460.44833333333327,178.56
2023-03-22 22:00:00,178.56,22,2,0,165.65,202.83333333333317,351.955,171.7
2023-03-22 23:00:00,171.7,23,2,0,178.56,171.96999999999983,247.88500000000002,187.37
2023-03-23 00:00:00,187.37,0,3,0,171.7,179.20999999999984,214.66333333333333,166.7
2023-03-23 01:00:00,166.7,1,3,0,187.37,175.25666666666652,189.045,174.13
2023-03-23 02:00:00,174.13,2,3,0,166.7,176.06666666666652,174.01833333333335,178.85
2023-03-23 03:00:00,178.85,3,3,0,174.13,173.22666666666655,176.21833333333333,175.97
2023-03-23 04:00:00,175.97,4,3,0,178.85,176.3166666666665,175.78666666666666,170.44
2023-03-23 05:00:00,170.44,5,3,0,175.97,175.0866666666665,175.57666666666668,181.09
2023-03-23 06:00:00,181.09,6,3,0,170.44,175.83333333333317,174.52999999999997,451.82
2023-03-23 07:00:00,451.82,7,3,0,181.09,267.78333333333313,222.04999999999998,672.61
2023-03-23 08:00:00,672.61,8,3,0,451.82,435.1733333333332,305.13,825.0
2023-03-23 09:00:00,825.0,9,3,0,672.61,649.8099999999998,412.8216666666667,812.98
2023-03-23 10:00:00,812.98,10,3,0,825.0,770.1966666666666,518.9900000000001,877.96
2023-03-23 11:00:00,877.96,11,3,0,812.98,838.6466666666665,636.91,912.51
2023-03-23 12:00:00,912.51,12,3,0,877.96,867.8166666666666,758.8133333333334,687.31
2023-03-23 13:00:00,687.31,13,3,0,912.51,825.9266666666666,798.0616666666668,719.94
2023-03-23 14:00:00,719.94,14,3,0,687.31,773.2533333333332,805.9499999999999,876.28
2023-03-23 15:00:00,876.28,15,3,0,719.94,761.1766666666666,814.4966666666666,799.71
2023-03-23 16:00:00,799.71,16,3,0,876.28,798.6433333333333,812.285,824.85
2023-03-23 17:00:00,824.85,17,3,0,799.71,833.6133333333332,803.4333333333334,391.88
2023-03-23 18:00:00,391.88,18,3,0,824.85,672.1466666666665,716.6616666666667,326.56
2023-03-23 19:00:00,326.56,19,3,0,391.88,514.43,656.5366666666667,267.0
2023-03-23 20:00:00,267.0,20,3,0,326.56,328.47999999999985,581.0466666666667,173.52
2023-03-23 21:00:00,173.52,21,3,0,267.0,255.69333333333324,463.92,171.25
2023-03-23 22:00:00,171.25,22,3,0,173.52,203.9233333333332,359.1766666666667,170.71
2023-03-23 23:00:00,170.71,23,3,0,171.25,171.82666666666657,250.15333333333334,179.83
2023-03-24 00:00:00,179.83,0,4,0,170.71,173.92999999999992,214.8116666666667,183.85
2023-03-24 01:00:00,183.85,1,4,0,179.83,178.12999999999988,191.02666666666667,166.26
2023-03-24 02:00:00,166.26,2,4,0,183.85,176.64666666666653,174.23666666666668,174.98
2023-03-24 03:00:00,174.98,3,4,0,166.26,175.02999999999986,174.48,167.78
2023-03-24 04:00:00,167.78,4,4,0,174.98,169.6733333333332,173.90166666666664,165.56
2023-03-24 05:00:00,165.56,5,4,0,167.78,169.43999999999988,173.04333333333332,176.71
2023-03-24 06:00:00,176.71,6,4,0,165.56,170.01666666666657,172.52333333333334,465.98
2023-03-24 07:00:00,465.98,7,4,0,176.71,269.4166666666666,219.545,677.05
2023-03-24 08:00:00,677.05,8,4,0,465.98,439.91333333333324,304.6766666666667,815.53
2023-03-24 09:00:00,815.53,9,4,0,677.05,652.8533333333332,411.43499999999995,823.67
2023-03-24 10:00:00,823.67,10,4,0,815.53,772.0833333333331,520.75,937.76
2023-03-24 11:00:00,937.76,11,4,0,823.67,858.9866666666666,649.4499999999999,882.28
2023-03-24 12:00:00,882.28,12,4,0,937.76,881.2366666666666,767.045,766.41
2023-03-24 13:00:00,766.41,13,4,0,882.28,862.15,817.1166666666667,727.09
2023-03-24 14:00:00,727.09,14,4,0,766.41,791.9266666666666,825.4566666666666,901.19
2023-03-24 15:00:00,901.19,15,4,0,727.09,798.2299999999999,839.7333333333335,889.05
2023-03-24 16:00:00,889.05,16,4,0,901.19,839.11,850.63,796.34
2023-03-24 17:00:00,796.34,17,4,0,889.05,862.1933333333333,827.06,373.54
2023-03-24 18:00:00,373.54,18,4,0,796.34,686.31,742.27,326.7
2023-03-24 19:00:00,326.7,19,4,0,373.54,498.85999999999996,668.985,236.91
2023-03-24 20:00:00,236.91,20,4,0,326.7,312.38333333333327,587.2883333333333,172.8
2023-03-24 21:00:00,172.8,21,4,0,236.91,245.4699999999999,465.89000000000004,164.38
2023-03-24 22:00:00,164.38,22,4,0,172.8,191.36333333333326,345.1116666666667,163.24
2023-03-24 23:00:00,163.24,23,4,0,164.38,166.80666666666662,239.595,196.47
2023-03-25 00:00:00,196.47,0,5,1,163.24,174.69666666666657,210.08333333333334,175.88
2023-03-25 01:00:00,175.88,1,5,1,196.47,178.5299999999999,184.9466666666667,188.03
2023-03-25 02:00:00,188.03,2,5,1,175.88,186.79333333333327,176.79999999999998,178.71
2023-03-25 03:00:00,178.71,3,5,1,188.03,180.87333333333325,177.785,205.27
2023-03-25 04:00:00,205.27,4,5,1,178.71,190.66999999999993,184.6,191.61
2023-03-25 05:00:00,191.61,5,5,1,205.27,191.86333333333326,189.32833333333335,196.45
2023-03-25 06:00:00,196.45,6,5,1,191.61,197.7766666666666,189.32500000000002,174.2
2023-03-25 07:00:00,174.2,7,5,1,196.45,187.41999999999993,189.045,191.61
2023-03-25 08:00:00,191.61,8,5,1,174.2,187.41999999999993,189.64166666666665,186.93
2023-03-25 09:00:00,186.93,9,5,1,191.61,184.24666666666658,191.01166666666666,280.89
2023-03-25 10:00:00,280.89,10,5,1,186.93,219.80999999999995,203.615,296.12
2023-03-25 11:00:00,296.12,11,5,1,280.89,254.64666666666662,221.03333333333333,276.87
2023-03-25 12:00:00,276.87,12,5,1,296.12,284.6266666666666,234.43666666666664,304.05
2023-03-25 13:00:00,304.05,13,5,1,276.87,292.3466666666666,256.0783333333333,295.55
2023-03-25 14:00:00,295.55,14,5,1,304.05,292.1566666666666,273.4016666666667,290.84
2023-03-25 15:00:00,290.84,15,5,1,295.55,296.8133333333333,290.71999999999997,288.35
2023-03-25 16:00:00,288.35,16,5,1,290.84,291.5799999999999,291.9633333333333,189.19
2023-03-25 17:00:00,189.19,17,5,1,288.35,256.1266666666666,274.14166666666665,188.6
2023-03-25 18:00:00,188.6,18,5,1,189.19,222.0466666666666,259.43,190.49
2023-03-25 19:00:00,190.49,19,5,1,188.6,189.4266666666666,240.50333333333333,195.03
2023-03-25 20:00:00,195.03,20,5,1,190.49,191.37333333333325,223.75,172.55
2023-03-25 21:00:00,172.55,21,5,1,195.03,186.02333333333323,204.035,194.57
2023-03-25 22:00:00,194.57,22,5,1,172.55,187.38333333333324,188.40499999999997,195.34
2023-03-25 23:00:00,195.34,23,5,1,194.57,187.4866666666666,189.42999999999998,194.63
2023-03-26 00:00:00,194.63,0,6,1,195.34,194.84666666666658,190.43499999999997,184.72
2023-03-26 01:00:00,184.72,1,6,1,194.63,191.56333333333328,189.47333333333333,191.85
2023-03-26 02:00:00,191.85,2,6,1,184.72,190.3999999999999,188.94333333333336,189.18
2023-03-26 03:00:00,189.18,3,6,1,191.85,188.58333333333326,191.715,194.54
2023-03-26 04:00:00,194.54,4,6,1,189.18,191.85666666666657,191.71,180.7
2023-03-26 05:00:00,180.7,5,6,1,194.54,188.1399999999999,189.26999999999998,183.22
2023-03-26 06:00:00,183.22,6,6,1,180.7,186.15333333333328,187.36833333333334,181.9
2023-03-26 07:00:00,181.9,7,6,1,183.22,181.9399999999999,186.8983333333333,189.17
2023-03-26 08:00:00,189.17,8,6,1,181.9,184.76333333333324,186.45166666666668,190.66
2023-03-26 09:00:00,190.66,9,6,1,189.17,187.24333333333325,186.69833333333335,283.34
2023-03-26 10:00:00,283.34,10,6,1,190.66,221.0566666666666,201.49833333333333,279.58
2023-03-26 11:00:00,279.58,11,6,1,283.34,251.19333333333324,217.97833333333332,284.73
2023-03-26 12:00:00,284.73,12,6,1,279.58,282.5499999999999,234.89666666666665,290.67
2023-03-26 13:00:00,290.67,13,6,1,284.73,284.9933333333333,253.025,273.03
2023-03-26 14:00:00,273.03,14,6,1,290.67,282.80999999999995,267.00166666666667,302.43
2023-03-26 15:00:00,302.43,15,6,1,273.03,288.71,285.62999999999994,276.88
2023-03-26 16:00:00,276.88,16,6,1,302.43,284.11333333333323,284.55333333333334,182.65
2023-03-26 17:00:00,182.65,17,6,1,276.88,253.9866666666666,268.39833333333337,192.24
2023-03-26 18:00:00,192.24,18,6,1,182.65,217.25666666666658,252.98333333333335,184.91
2023-03-26 19:00:00,184.91,19,6,1,192.24,186.5999999999999,235.35666666666665,191.53
2023-03-26 20:00:00,191.53,20,6,1,184.91,189.55999999999995,221.7733333333333,191.8
2023-03-26 21:00:00,191.8,21,6,1,191.53,189.41333333333327,203.33500000000004,205.41
2023-03-26 22:00:00,205.41,22,6,1,191.8,196.24666666666658,191.42333333333332,172.71
2023-03-26 23:00:00,172.71,23,6,1,205.41,189.97333333333327,189.76666666666668,159.48
2023-03-27 00:00:00,159.48,0,0,0,172.71,179.1999999999999,184.3066666666667,160.57
2023-03-27 01:00:00,160.57,1,0,0,159.48,164.25333333333325,180.25,176.95
2023-03-27 02:00:00,176.95,2,0,0,160.57,165.66666666666657,177.82000000000002,178.48
2023-03-27 03:00:00,178.48,3,0,0,176.95,171.99999999999991,175.6,179.1
2023-03-27 04:00:00,179.1,4,0,0,178.48,178.1766666666666,171.215,168.28
2023-03-27 05:00:00,168.28,5,0,0,179.1,175.2866666666666,170.47666666666666,174.4
2023-03-27 06:00:00,174.4,6,0,0,168.28,173.9266666666666,172.96333333333334,459.79
2023-03-27 07:00:00,459.79,7,0,0,174.4,267.48999999999995,222.83333333333334,655.91
2023-03-27 08:00:00,655.91,8,0,0,459.79,430.0333333333333,302.66,801.38
2023-03-27 09:00:00,801.38,9,0,0,655.91,639.0266666666665,406.4766666666667,841.83
2023-03-27 10:00:00,841.83,10,0,0,801.38,766.3733333333333,516.9316666666667,863.89
2023-03-27 11:00:00,863.89,11,0,0,841.83,835.6999999999999,632.8666666666667,988.39
2023-03-27 12:00:00,988.39,12,0,0,863.89,898.0366666666665,768.5316666666668,683.28
2023-03-27 13:00:00,683.28,13,0,0,988.39,845.1866666666666,805.7800000000001,686.08
2023-03-27 14:00:00,686.08,14,0,0,683.28,785.9166666666666,810.8083333333334,835.44
2023-03-27 15:00:00,835.44,15,0,0,686.08,734.9333333333334,816.485,811.42
2023-03-27 16:00:00,811.42,16,0,0,835.44,777.6466666666665,811.4166666666666,810.07
2023-03-27 17:00:00,810.07,17,0,0,811.42,818.9766666666666,802.4466666666667,367.11
2023-03-27 18:00:00,367.11,18,0,0,810.07,662.8666666666667,698.9,335.07
2023-03-27 19:00:00,335.07,19,0,0,367.11,504.08333333333326,640.865,263.97
2023-03-27 20:00:00,263.97,20,0,0,335.07,322.04999999999995,570.5133333333334,184.63
2023-03-27 21:00:00,184.63,21,0,0,263.97,261.2233333333333,462.045,171.14
2023-03-27 22:00:00,171.14,22,0,0,184.63,206.57999999999993,355.3316666666667,175.17
2023-03-27 23:00:00,175.17,23,0,0,171.14,176.9799999999999,249.515,169.14
2023-03-28 00:00:00,169.14,0,1,0,175.17,171.81666666666658,216.51999999999998,168.73
2023-03-28 01:00:00,168.73,1,1,0,169.14,171.01333333333324,188.79666666666665,173.56
2023-03-28 02:00:00,173.56,2,1,0,168.73,170.4766666666666,173.72833333333332,167.81
2023-03-28 03:00:00,167.81,3,1,0,173.56,170.03333333333325,170.92499999999998,184.82
2023-03-28 04:00:00,184.82,4,1,0,167.81,175.39666666666662,173.205,184.13
2023-03-28 05:00:00,184.13,5,1,0,184.82,178.91999999999993,174.69833333333335,174.81
2023-03-28 06:00:00,174.81,6,1,0,184.13,181.25333333333325,175.64333333333332,466.63
2023-03-28 07:00:00,466.63,7,1,0,174.81,275.1899999999999,225.29333333333332,678.45
2023-03-28 08:00:00,678.45,8,1,0,466.63,439.9633333333333,309.44166666666666,799.12
2023-03-28 09:00:00,799.12,9,1,0,678.45,648.0666666666666,414.66,832.67
2023-03-28 10:00:00,832.67,10,1,0,799.12,770.0799999999999,522.635,858.55
2023-03-28 11:00:00,858.55,11,1,0,832.67,830.1133333333332,635.0383333333334,908.26
2023-03-28 12:00:00,908.26,12,1,0,858.55,866.4933333333332,757.2800000000001,660.64
2023-03-28 13:00:00,660.64,13,1,0,908.26,809.15,789.6150000000001,688.52
2023-03-28 14:00:00,688.52,14,1,0,660.64,752.4733333333332,791.2933333333334,835.99
2023-03-28 15:00:00,835.99,15,1,0,688.52,728.3833333333332,797.4383333333334,806.85
2023-03-28 16:00:00,806.85,16,1,0,835.99,777.1199999999999,793.1349999999999,802.89
2023-03-28 17:00:00,802.89,17,1,0,806.85,815.2433333333332,783.8583333333332,375.91
2023-03-28 18:00:00,375.91,18,1,0,802.89,661.8833333333332,695.1333333333333,325.19
2023-03-28 19:00:00,325.19,19,1,0,375.91,501.3299999999999,639.225,253.59
2023-03-28 20:00:00,253.59,20,1,0,325.19,318.2299999999999,566.7366666666667,172.28
2023-03-28 21:00:00,172.28,21,1,0,253.59,250.35333333333324,456.11833333333334,175.76
2023-03-28 22:00:00,175.76,22,1,0,172.28,200.5433333333332,350.93666666666667,187.45
2023-03-28 23:00:00,187.45,23,1,0,175.76,178.49666666666653,248.36333333333334,173.11
2023-03-29 00:00:00,173.11,0,2,0,187.45,178.77333333333323,214.56333333333336,172.77
2023-03-29 01:00:00,172.77,1,2,0,173.11,177.77666666666656,189.16,181.5
2023-03-29 02:00:00,181.5,2,2,0,172.77,175.7933333333332,177.14499999999998,179.1
2023-03-29 03:00:00,179.1,3,2,0,181.5,177.78999999999988,178.28166666666667,181.93
2023-03-29 04:00:00,181.93,4,2,0,179.1,180.84333333333325,179.31000000000003,170.43
2023-03-29 05:00:00,170.43,5,2,0,181.93,177.15333333333322,176.47333333333333,182.7
2023-03-29 06:00:00,182.7,6,2,0,170.43,178.35333333333324,178.0716666666667,467.14
2023-03-29 07:00:00,467.14,7,2,0,182.7,273.42333333333323,227.13333333333333,670.12
2023-03-29 08:00:00,670.12,8,2,0,467.14,439.9866666666665,308.57,809.93
2023-03-29 09:00:00,809.93,9,2,0,670.12,649.0633333333332,413.7083333333333,833.12
2023-03-29 10:00:00,833.12,10,2,0,809.93,771.0566666666665,522.2399999999999,863.27
2023-03-29 11:00:00,863.27,11,2,0,833.12,835.4399999999999,637.7133333333333,926.15
2023-03-29 12:00:00,926.15,12,2,0,863.27,874.18,761.6216666666666,718.21
2023-03-29 13:00:00,718.21,13,2,0,926.15,835.8766666666666,803.4666666666666,720.43
2023-03-29 14:00:00,720.43,14,2,0,718.21,788.2633333333332,811.8516666666666,818.92
2023-03-29 15:00:00,818.92,15,2,0,720.43,752.5199999999999,813.35,848.92
2023-03-29 16:00:00,848.92,16,2,0,818.92,796.0899999999998,815.9833333333332,796.46
2023-03-29 17:00:00,796.46,17,2,0,848.92,821.4333333333333,804.8483333333334,389.63
2023-03-29 18:00:00,389.63,18,2,0,796.46,678.3366666666665,715.4283333333333,328.78
2023-03-29 19:00:00,328.78,19,2,0,389.63,504.95666666666654,650.5233333333333,251.95
2023-03-29 20:00:00,251.95,20,2,0,328.78,323.4533333333332,572.4433333333333,165.89
2023-03-29 21:00:00,165.89,21,2,0,251.95,248.87333333333322,463.605,173.3
2023-03-29 22:00:00,173.3,22,2,0,165.89,197.04666666666654,351.0016666666666,185.34
2023-03-29 23:00:00,185.34,23,2,0,173.3,174.84333333333322,249.1483333333333,229.02
2023-03-30 00:00:00,229.02,0,3,0,185.34,195.88666666666654,222.38,220.97
2023-03-30 01:00:00,220.97,1,3,0,229.02,211.77666666666656,204.41166666666666,225.96
2023-03-30 02:00:00,225.96,2,3,0,220.97,225.31666666666652,200.08,222.47
2023-03-30 03:00:00,222.47,3,3,0,225.96,223.1333333333332,209.51000000000002,227.34
2023-03-30 04:00:00,227.34,4,3,0,222.47,225.25666666666655,218.51666666666668,218.6
2023-03-30 05:00:00,218.6,5,3,0,227.34,222.8033333333332,224.05999999999997,226.55
2023-03-30 06:00:00,226.55,6,3,0,218.6,224.1633333333332,223.64833333333334,224.11
2023-03-30 07:00:00,224.11,7,3,0,226.55,223.08666666666656,224.17166666666665,216.2
2023-03-30 08:00:00,216.2,8,3,0,224.11,222.28666666666655,222.545,239.06
2023-03-30 09:00:00,239.06,9,3,0,216.2,226.45666666666656,225.30999999999997,286.85
2023-03-30 10:00:00,286.85,10,3,0,239.06,247.3699999999999,235.22833333333332,221.75
2023-03-30 11:00:00,221.75,11,3,0,286.85,249.21999999999989,235.75333333333333,228.89
2023-03-30 12:00:00,228.89,12,3,0,221.75,245.8299999999999,236.14333333333332,270.12
2023-03-30 13:00:00,270.12,13,3,0,228.89,240.25333333333322,243.81166666666664,224.55
2023-03-30 14:00:00,224.55,14,3,0,270.12,241.18666666666658,245.20333333333335,229.05
2023-03-30 15:00:00,229.05,15,3,0,224.55,241.2399999999999,243.535,296.22
2023-03-30 16:00:00,296.22,16,3,0,229.05,249.9399999999999,245.0966666666667,214.61
2023-03-30 17:00:00,214.61,17,3,0,296.22,246.62666666666658,243.90666666666667,198.66
2023-03-30 18:00:00,198.66,18,3,0,214.61,236.49666666666656,238.86833333333334,221.49
2023-03-30 19:00:00,221.49,19,3,0,198.66,211.58666666666656,230.76333333333335,226.95
2023-03-30 20:00:00,226.95,20,3,0,221.49,215.6999999999999,231.16333333333333,224.42
2023-03-30 21:00:00,224.42,21,3,0,226.95,224.28666666666655,230.39166666666665,214.31
2023-03-30 22:00:00,214.31,22,3,0,224.42,221.8933333333332,216.74,219.03
2023-03-30 23:00:00,219.03,23,3,0,214.31,219.25333333333322,217.47666666666666,173.53
2023-03-31 00:00:00,173.53,0,4,0,219.03,202.28999999999988,213.28833333333333,173.63
2023-03-31 01:00:00,173.63,1,4,0,173.53,188.72999999999988,205.31166666666664,182.94
2023-03-31 02:00:00,182.94,2,4,0,173.63,176.6999999999999,197.97666666666666,151.43
2023-03-31 03:00:00,151.43,3,4,0,182.94,169.33333333333323,185.81166666666664,191.81
2023-03-31 04:00:00,191.81,4,4,0,151.43,175.3933333333332,182.0616666666667,193.59
2023-03-31 05:00:00,193.59,5,4,0,191.81,178.94333333333324,177.8216666666667,187.05
2023-03-31 06:00:00,187.05,6,4,0,193.59,190.81666666666658,180.07500000000002,471.35
2023-03-31 07:00:00,471.35,7,4,0,187.05,283.9966666666666,229.69500000000002,662.57
2023-03-31 08:00:00,662.57,8,4,0,471.35,440.32333333333327,309.6333333333334,800.3
2023-03-31 09:00:00,800.3,9,4,0,662.57,644.7399999999999,417.77833333333336,825.61
2023-03-31 10:00:00,825.61,10,4,0,800.3,762.8266666666665,523.4116666666667,906.69
2023-03-31 11:00:00,906.69,11,4,0,825.61,844.1999999999998,642.2616666666667,887.21
2023-03-31 12:00:00,887.21,12,4,0,906.69,873.17,758.9549999999999,669.8
2023-03-31 13:00:00,669.8,13,4,0,887.21,821.2333333333332,792.0300000000001,711.02
2023-03-31 14:00:00,711.02,14,4,0,669.8,756.0099999999999,800.105,838.07
2023-03-31 15:00:00,838.07,15,4,0,711.02,739.6299999999998,806.4000000000001,797.09
2023-03-31 16:00:00,797.09,16,4,0,838.07,782.06,801.6466666666666,782.04
2023-03-31 17:00:00,782.04,17,4,0,797.09,805.7333333333332,780.8716666666666,413.73
2023-03-31 18:00:00,413.73,18,4,0,782.04,664.2866666666665,701.9583333333334,326.96
2023-03-31 19:00:00,326.96,19,4,0,413.73,507.57666666666654,644.8183333333333,249.89
2023-03-31 20:00:00,249.89,20,4,0,326.96,330.1933333333332,567.9633333333334,176.87
2023-03-31 21:00:00,176.87,21,4,0,249.89,251.23999999999987,457.7633333333333,170.82
2023-03-31 22:00:00,170.82,22,4,0,176.87,199.19333333333324,353.385,177.78
2023-03-31 23:00:00,177.78,23,4,0,170.82,175.15666666666655,252.67499999999998,200.29
2023-04-01 00:00:00,200.29,0,5,1,177.78,182.96333333333322,217.10166666666666,197.34
2023-04-01 01:00:00,197.34,1,5,1,200.29,191.8033333333332,195.49833333333333,206.88
2023-04-01 02:00:00,206.88,2,5,1,197.34,201.50333333333322,188.33,192.86
2023-04-01 03:00:00,192.86,3,5,1,206.88,199.02666666666656,190.995,210.68
2023-04-01 04:00:00,210.68,4,5,1,192.86,203.47333333333322,197.63833333333332,210.51
2023-04-01 05:00:00,210.51,5,5,1,210.68,204.6833333333332,203.09333333333333,214.24
2023-04-01 06:00:00,214.24,6,5,1,210.51,211.80999999999986,205.41833333333332,202.0
2023-04-01 07:00:00,202.0,7,5,1,214.24,208.91666666666654,206.19499999999996,209.46
2023-04-01 08:00:00,209.46,8,5,1,202.0,208.56666666666658,206.625,210.36
2023-04-01 09:00:00,210.36,9,5,1,209.46,207.27333333333323,209.54166666666666,333.4
2023-04-01 10:00:00,333.4,10,5,1,210.36,251.07333333333324,229.995,321.95
2023-04-01 11:00:00,321.95,11,5,1,333.4,288.5699999999999,248.56833333333336,303.17
2023-04-01 12:00:00,303.17,12,5,1,321.95,319.50666666666655,263.39000000000004,322.67
2023-04-01 13:00:00,322.67,13,5,1,303.17,315.9299999999999,283.5016666666667,322.66
2023-04-01 14:00:00,322.66,14,5,1,322.67,316.1666666666666,302.36833333333334,342.44
2023-04-01 15:00:00,342.44,15,5,1,322.66,329.2566666666666,324.38166666666666,313.2
2023-04-01 16:00:00,313.2,16,5,1,342.44,326.09999999999985,321.01500000000004,179.84
2023-04-01 17:00:00,179.84,17,5,1,313.2,278.4933333333332,297.33,197.18
2023-04-01 18:00:00,197.18,18,5,1,179.84,230.07333333333324,279.665,216.29
2023-04-01 19:00:00,216.29,19,5,1,197.18,197.7699999999999,261.935,214.1
2023-04-01 20:00:00,214.1,20,5,1,216.29,209.18999999999986,243.84166666666667,208.16
2023-04-01 21:00:00,208.16,21,5,1,214.1,212.8499999999999,221.46166666666667,204.52
2023-04-01 22:00:00,204.52,22,5,1,208.16,208.92666666666653,203.34833333333333,205.55
2023-04-01 23:00:00,205.55,23,5,1,204.52,206.07666666666657,207.63333333333333,214.54
2023-04-02 00:00:00,214.54,0,6,1,205.55,208.20333333333323,210.52666666666664,204.38
2023-04-02 01:00:00,204.38,1,6,1,214.54,208.15666666666655,208.54166666666666,203.63
2023-04-02 02:00:00,203.63,2,6,1,204.38,207.51666666666654,206.7966666666667,191.2
2023-04-02 03:00:00,191.2,3,6,1,203.63,199.73666666666654,203.97,196.7
2023-04-02 04:00:00,196.7,4,6,1,191.2,197.17666666666653,202.66666666666666,211.48
2023-04-02 05:00:00,211.48,5,6,1,196.7,199.7933333333332,203.65499999999997,204.34
2023-04-02 06:00:00,204.34,6,6,1,211.48,204.1733333333332,201.955,198.34
2023-04-02 07:00:00,198.34,7,6,1,204.34,204.71999999999989,200.94833333333335,202.3
2023-04-02 08:00:00,202.3,8,6,1,198.34,201.65999999999988,200.72666666666666,191.05
2023-04-02 09:00:00,191.05,9,6,1,202.3,197.2299999999999,200.70166666666668,325.43
2023-04-02 10:00:00,325.43,10,6,1,191.05,239.59333333333322,222.15666666666667,312.9
2023-04-02 11:00:00,312.9,11,6,1,325.43,276.45999999999987,239.06000000000003,332.59
2023-04-02 12:00:00,332.59,12,6,1,312.9,323.6399999999999,260.435,334.32
2023-04-02 13:00:00,334.32,13,6,1,332.59,326.6033333333332,283.0983333333333,333.75
2023-04-02 14:00:00,333.75,14,6,1,334.32,333.5533333333332,305.00666666666666,323.12
2023-04-02 15:00:00,323.12,15,6,1,333.75,330.3966666666666,327.0183333333334,309.11
2023-04-02 16:00:00,309.11,16,6,1,323.12,321.9933333333332,324.29833333333335,206.09
2023-04-02 17:00:00,206.09,17,6,1,309.11,279.4399999999999,306.4966666666666,217.95
2023-04-02 18:00:00,217.95,18,6,1,206.09,244.3833333333332,287.39,198.74
2023-04-02 19:00:00,198.74,19,6,1,217.95,207.59333333333322,264.79333333333335,198.62
2023-04-02 20:00:00,198.62,20,6,1,198.74,205.1033333333332,242.27166666666668,201.8
2023-04-02 21:00:00,201.8,21,6,1,198.62,199.7199999999999,222.0516666666667,214.43
2023-04-02 22:00:00,214.43,22,6,1,201.8,204.9499999999999,206.27166666666668,192.68
2023-04-02 23:00:00,192.68,23,6,1,214.43,202.9699999999999,204.03666666666666,177.87
2023-04-03 00:00:00,177.87,0,0,0,192.68,194.99333333333323,197.35666666666668,180.08
2023-04-03 01:00:00,180.08,1,0,0,177.87,183.5433333333332,194.24666666666667,196.36
2023-04-03 02:00:00,196.36,2,0,0,180.08,184.7699999999999,193.87,183.52
2023-04-03 03:00:00,183.52,3,0,0,196.36,186.65333333333322,190.82333333333335,179.66
2023-04-03 04:00:00,179.66,4,0,0,183.52,186.51333333333324,185.02833333333334,185.47
2023-04-03 05:00:00,185.47,5,0,0,179.66,182.8833333333332,183.82666666666668,189.63
2023-04-03 06:00:00,189.63,6,0,0,185.47,184.91999999999987,185.78666666666666,513.14
2023-04-03 07:00:00,513.14,7,0,0,189.63,296.07999999999987,241.2966666666667,763.45
2023-04-03 08:00:00,763.45,8,0,0,513.14,488.73999999999995,335.81166666666667,992.56
2023-04-03 09:00:00,992.56,9,0,0,763.45,756.3833333333332,470.65166666666664,1010.83
2023-04-03 10:00:00,1010.83,10,0,0,992.56,922.2799999999999,609.18,1020.11
2023-04-03 11:00:00,1020.11,11,0,0,1010.83,1007.8333333333331,748.2866666666667,1037.25
2023-04-03 12:00:00,1037.25,12,0,0,1020.11,1022.7299999999999,889.5566666666667,801.71
2023-04-03 13:00:00,801.71,13,0,0,1037.25,953.0233333333332,937.6516666666666,810.39
2023-04-03 14:00:00,810.39,14,0,0,801.71,883.1166666666664,945.4749999999999,1014.34
2023-04-03 15:00:00,1014.34,15,0,0,810.39,875.4799999999999,949.105,909.8
2023-04-03 16:00:00,909.8,16,0,0,1014.34,911.5099999999999,932.2666666666668,935.68
2023-04-03 17:00:00,935.68,17,0,0,909.8,953.2733333333332,918.1949999999998,453.77
2023-04-03 18:00:00,453.77,18,0,0,935.68,766.4166666666665,820.9483333333334,358.46
2023-04-03 19:00:00,358.46,19,0,0,453.77,582.6366666666664,747.0733333333333,275.47
2023-04-03 20:00:00,275.47,20,0,0,358.46,362.56666666666655,657.92,195.4
2023-04-03 21:00:00,195.4,21,0,0,275.47,276.4433333333332,521.43,188.15
2023-04-03 22:00:00,188.15,22,0,0,195.4,219.67333333333318,401.155,175.8
2023-04-03 23:00:00,175.8,23,0,0,188.15,186.44999999999985,274.5083333333333,185.6
2023-04-04 00:00:00,185.6,0,1,0,175.8,183.1833333333332,229.81333333333336,187.33
2023-04-04 01:00:00,187.33,1,1,0,185.6,182.90999999999985,201.29166666666666,174.84
2023-04-04 02:00:00,174.84,2,1,0,187.33,182.58999999999983,184.52,201.67
2023-04-04 03:00:00,201.67,3,1,0,174.84,187.9466666666665,185.56499999999997,180.18
2023-04-04 04:00:00,180.18,4,1,0,201.67,185.5633333333332,184.23666666666668,186.82
2023-04-04 05:00:00,186.82,5,1,0,180.18,189.5566666666665,186.07333333333335,187.18
2023-04-04 06:00:00,187.18,6,1,0,186.82,184.72666666666655,186.33666666666667,526.42
2023-04-04 07:00:00,526.42,7,1,0,187.18,300.1399999999998,242.8516666666667,767.01
2023-04-04 08:00:00,767.01,8,1,0,526.42,493.53666666666646,341.5466666666667,962.87
2023-04-04 09:00:00,962.87,9,1,0,767.01,752.0999999999998,468.41333333333336,974.38
2023-04-04 10:00:00,974.38,10,1,0,962.87,901.4199999999997,600.7800000000001,988.31
2023-04-04 11:00:00,988.31,11,1,0,974.38,975.1866666666665,734.3616666666667,1078.44
2023-04-04 12:00:00,1078.44,12,1,0,988.31,1013.7099999999997,882.9050000000001,796.2
2023-04-04 13:00:00,796.2,13,1,0,1078.44,954.3166666666665,927.8683333333333,801.02
2023-04-04 14:00:00,801.02,14,1,0,796.2,891.8866666666664,933.5366666666667,1020.31
2023-04-04 15:00:00,1020.31,15,1,0,801.02,872.5099999999998,943.1100000000001,979.35
2023-04-04 16:00:00,979.35,16,1,0,1020.31,933.5599999999998,943.9383333333334,951.86
2023-04-04 17:00:00,951.86,17,1,0,979.35,983.8399999999998,937.8633333333333,432.0
2023-04-04 18:00:00,432.0,18,1,0,951.86,787.7366666666663,830.1233333333334,357.97
2023-04-04 19:00:00,357.97,19,1,0,432.0,580.6099999999998,757.085,279.93
2023-04-04 20:00:00,279.93,20,1,0,357.97,356.63333333333316,670.2366666666667,185.95
2023-04-04 21:00:00,185.95,21,1,0,279.93,274.61666666666645,531.1766666666667,179.76
2023-04-04 22:00:00,179.76,22,1,0,185.95,215.2133333333331,397.9116666666667,190.91
2023-04-04 23:00:00,190.91,23,1,0,179.76,185.53999999999976,271.0866666666667,188.01
2023-04-05 00:00:00,188.01,0,2,0,190.91,186.22666666666643,230.4216666666667,194.94
2023-04-05 01:00:00,194.94,1,2,0,188.01,191.28666666666643,203.25000000000003,183.67
2023-04-05 02:00:00,183.67,2,2,0,194.94,188.8733333333331,187.2066666666667,195.85
2023-04-05 03:00:00,195.85,3,2,0,183.67,191.48666666666645,188.85666666666668,187.99
2023-04-05 04:00:00,187.99,4,2,0,195.85,189.16999999999976,190.22833333333335,178.92
2023-04-05 05:00:00,178.92,5,2,0,187.99,187.58666666666645,188.23000000000002,198.2
2023-04-05 06:00:00,198.2,6,2,0,178.92,188.36999999999975,189.92833333333337,526.97
2023-04-05 07:00:00,526.97,7,2,0,198.2,301.36333333333306,245.26666666666668,774.9
2023-04-05 08:00:00,774.9,8,2,0,526.97,500.0233333333331,343.80500000000006,971.56
2023-04-05 09:00:00,971.56,9,2,0,774.9,757.8099999999998,473.09,982.02
2023-04-05 10:00:00,982.02,10,2,0,971.56,909.493333333333,605.4283333333334,1010.53
2023-04-05 11:00:00,1010.53,11,2,0,982.02,988.0366666666663,744.0300000000001,1067.32
2023-04-05 12:00:00,1067.32,12,2,0,1010.53,1019.9566666666664,888.8833333333333,796.83
2023-04-05 13:00:00,796.83,13,2,0,1067.32,958.2266666666663,933.86,831.76
2023-04-05 14:00:00,831.76,14,2,0,796.83,898.6366666666664,943.3366666666667,1047.97
2023-04-05 15:00:00,1047.97,15,2,0,831.76,892.1866666666664,956.0716666666667,945.53
2023-04-05 16:00:00,945.53,16,2,0,1047.97,941.7533333333331,949.9900000000001,920.9
2023-04-05 17:00:00,920.9,17,2,0,945.53,971.4666666666662,935.0516666666666,427.41
2023-04-05 18:00:00,427.41,18,2,0,920.9,764.6133333333331,828.4,370.2
2023-04-05 19:00:00,370.2,19,2,0,427.41,572.8366666666664,757.2950000000001,285.38
2023-04-05 20:00:00,285.38,20,2,0,370.2,360.9966666666664,666.2316666666667,195.36
2023-04-05 21:00:00,195.36,21,2,0,285.38,283.64666666666636,524.13,197.95
2023-04-05 22:00:00,197.95,22,2,0,195.36,226.2299999999997,399.53333333333336,193.52
2023-04-05 23:00:00,193.52,23,2,0,197.95,195.6099999999997,278.30333333333334,173.28
2023-04-06 00:00:00,173.28,0,3,0,193.52,188.2499999999997,235.94833333333335,185.87
2023-04-06 01:00:00,185.87,1,3,0,173.28,184.22333333333304,205.2266666666667,197.67
2023-04-06 02:00:00,197.67,2,3,0,185.87,185.60666666666637,190.60833333333335,185.56
2023-04-06 03:00:00,185.56,3,3,0,197.67,189.6999999999997,188.975,178.46
2023-04-06 04:00:00,178.46,4,3,0,185.56,187.2299999999997,185.72666666666666,168.14
2023-04-06 05:00:00,168.14,5,3,0,178.46,177.3866666666664,181.49666666666667,184.68
2023-04-06 06:00:00,184.68,6,3,0,168.14,177.09333333333302,183.39666666666668,527.24
2023-04-06 07:00:00,527.24,7,3,0,184.68,293.353333333333,240.29166666666666,775.0
2023-04-06 08:00:00,775.0,8,3,0,527.24,495.6399999999997,336.5133333333333,918.6
2023-04-06 09:00:00,918.6,9,3,0,775.0,740.2799999999997,458.68666666666667,986.21
2023-04-06 10:00:00,986.21,10,3,0,918.6,893.2699999999996,593.3116666666666,998.22
2023-04-06 11:00:00,998.22,11,3,0,986.21,967.6766666666663,731.6583333333333,1055.78
2023-04-06 12:00:00,1055.78,12,3,0,998.22,1013.4033333333331,876.8416666666666,833.18
2023-04-06 13:00:00,833.18,13,3,0,1055.78,962.393333333333,927.8316666666666,762.79
2023-04-06 14:00:00,762.79,14,3,0,833.18,883.9166666666662,925.7966666666666,970.02
2023-04-06 15:00:00,970.02,15,3,0,762.79,855.3299999999996,934.3666666666667,950.54
2023-04-06 16:00:00,950.54,16,3,0,970.02,894.4499999999997,928.4216666666666,965.22
2023-04-06 17:00:00,965.22,17,3,0,950.54,961.9266666666664,922.9216666666666,423.62
2023-04-06 18:00:00,423.62,18,3,0,965.22,779.7933333333331,817.5616666666668,351.31
2023-04-06 19:00:00,351.31,19,3,0,423.62,580.0499999999997,737.25,288.67
2023-04-06 20:00:00,288.67,20,3,0,351.31,354.533333333333,658.23,194.97
2023-04-06 21:00:00,194.97,21,3,0,288.67,278.3166666666664,529.055,188.94
2023-04-06 22:00:00,188.94,22,3,0,194.97,224.19333333333304,402.12166666666667,165.21
2023-04-06 23:00:00,165.21,23,3,0,188.94,183.0399999999997,268.78666666666663,187.11
2023-04-07 00:00:00,187.11,0,4,0,165.21,180.4199999999997,229.36833333333334,183.2
2023-04-07 01:00:00,183.2,1,4,0,187.11,178.50666666666635,201.35000000000002,186.49
2023-04-07 02:00:00,186.49,2,4,0,183.2,185.59999999999968,184.32000000000002,183.98
2023-04-07 03:00:00,183.98,3,4,0,186.49,184.55666666666636,182.48833333333334,181.13
2023-04-07 04:00:00,181.13,4,4,0,183.98,183.86666666666636,181.1866666666667,189.12
2023-04-07 05:00:00,189.12,5,4,0,181.13,184.74333333333303,185.17166666666665,177.63
2023-04-07 06:00:00,177.63,6,4,0,189.12,182.62666666666635,183.59166666666667,523.94
2023-04-07 07:00:00,523.94,7,4,0,177.63,296.89666666666636,240.38166666666666,775.62
2023-04-07 08:00:00,775.62,8,4,0,523.94,492.39666666666636,338.57,942.77
2023-04-07 09:00:00,942.77,9,4,0,775.62,747.443333333333,465.035,967.96
2023-04-07 10:00:00,967.96,10,4,0,942.77,895.4499999999998,596.1733333333333,965.38
2023-04-07 11:00:00,965.38,11,4,0,967.96,958.703333333333,725.5500000000001,1052.77
2023-04-07 12:00:00,1052.77,12,4,0,965.38,995.3699999999998,871.4066666666666,802.65
2023-04-07 13:00:00,802.65,13,4,0,1052.77,940.2666666666664,917.8583333333335,782.17
2023-04-07 14:00:00,782.17,14,4,0,802.65,879.1966666666664,918.9500000000002,980.26
2023-04-07 15:00:00,980.26,15,4,0,782.17,855.0266666666663,925.1983333333333,1005.0
2023-04-07 16:00:00,1005.0,16,4,0,980.26,922.4766666666663,931.3716666666666,954.45
2023-04-07 17:00:00,954.45,17,4,0,1005.0,979.9033333333331,929.5499999999998,447.36
2023-04-07 18:00:00,447.36,18,4,0,954.45,802.2699999999996,828.6483333333334,368.92
2023-04-07 19:00:00,368.92,19,4,0,447.36,590.243333333333,756.36,289.7
2023-04-07 20:00:00,289.7,20,4,0,368.92,368.6599999999997,674.2816666666666,180.32
2023-04-07 21:00:00,180.32,21,4,0,289.7,279.64666666666636,540.9583333333334,187.82
2023-04-07 22:00:00,187.82,22,4,0,180.32,219.27999999999966,404.7616666666666,180.88
2023-04-07 23:00:00,180.88,23,4,0,187.82,183.00666666666635,275.8333333333333,199.49
2023-04-08 00:00:00,199.49,0,5,1,180.88,189.3966666666664,234.52166666666665,206.92
2023-04-08 01:00:00,206.92,1,5,1,199.49,195.763333333333,207.52166666666668,204.66
2023-04-08 02:00:00,204.66,2,5,1,206.92,203.68999999999969,193.34833333333333,187.97
2023-04-08 03:00:00,187.97,3,5,1,204.66,199.84999999999968,194.62333333333333,203.58
2023-04-08 04:00:00,203.58,4,5,1,187.97,198.73666666666637,197.25,212.13
2023-04-08 05:00:00,212.13,5,5,1,203.58,201.22666666666638,202.45833333333334,206.89
2023-04-08 06:00:00,206.89,6,5,1,212.13,207.533333333333,203.6916666666667,211.75
2023-04-08 07:00:00,211.75,7,5,1,206.89,210.25666666666635,204.49666666666667,205.26
2023-04-08 08:00:00,205.26,8,5,1,211.75,207.96666666666636,204.59666666666666,198.88
2023-04-08 09:00:00,198.88,9,5,1,205.26,205.29666666666637,206.41499999999996,317.28
2023-04-08 10:00:00,317.28,10,5,1,198.88,240.47333333333302,225.365,327.07
2023-04-08 11:00:00,327.07,11,5,1,317.28,281.07666666666637,244.52166666666665,313.05
2023-04-08 12:00:00,313.05,12,5,1,327.07,319.13333333333304,262.215,333.4
2023-04-08 13:00:00,333.4,13,5,1,313.05,324.5066666666664,282.49,328.83
2023-04-08 14:00:00,328.83,14,5,1,333.4,325.093333333333,303.085,329.02
2023-04-08 15:00:00,329.02,15,5,1,328.83,330.41666666666634,324.77500000000003,326.35
2023-04-08 16:00:00,326.35,16,5,1,329.02,328.0666666666664,326.28666666666663,208.89
2023-04-08 17:00:00,208.89,17,5,1,326.35,288.08666666666636,306.59,205.55
2023-04-08 18:00:00,205.55,18,5,1,208.89,246.92999999999972,288.67333333333335,206.37
2023-04-08 19:00:00,206.37,19,5,1,205.55,206.93666666666635,267.5016666666666,202.03
2023-04-08 20:00:00,202.03,20,5,1,206.37,204.64999999999972,246.36833333333334,184.1
2023-04-08 21:00:00,184.1,21,5,1,202.03,197.4999999999997,222.215,183.96
2023-04-08 22:00:00,183.96,22,5,1,184.1,190.02999999999972,198.48333333333335,218.52
2023-04-08 23:00:00,218.52,23,5,1,183.96,195.5266666666664,200.08833333333334,195.68
2023-04-09 00:00:00,195.68,0,6,1,218.52,199.3866666666664,198.44333333333336,195.92
2023-04-09 01:00:00,195.92,1,6,1,195.68,203.37333333333302,196.70166666666668,202.01
2023-04-09 02:00:00,202.01,2,6,1,195.92,197.8699999999997,196.69833333333335,208.31
2023-04-09 03:00:00,208.31,3,6,1,202.01,202.0799999999997,200.73333333333335,200.91
2023-04-09 04:00:00,200.91,4,6,1,208.31,203.74333333333303,203.5583333333333,198.04
2023-04-09 05:00:00,198.04,5,6,1,200.91,202.4199999999997,200.14499999999998,195.78
2023-04-09 06:00:00,195.78,6,6,1,198.04,198.24333333333303,200.16166666666663,198.63
2023-04-09 07:00:00,198.63,7,6,1,195.78,197.48333333333304,200.61333333333332,198.12
2023-04-09 08:00:00,198.12,8,6,1,198.63,197.50999999999968,199.965,206.78
2023-04-09 09:00:00,206.78,9,6,1,198.12,201.17666666666636,199.71,329.58
2023-04-09 10:00:00,329.58,10,6,1,206.78,244.82666666666637,221.15499999999997,313.66
2023-04-09 11:00:00,313.66,11,6,1,329.58,283.3399999999997,240.42499999999998,328.31
2023-04-09 12:00:00,328.31,12,6,1,313.66,323.84999999999974,262.5133333333333,326.92
2023-04-09 13:00:00,326.92,13,6,1,328.31,322.9633333333331,283.895,324.98
2023-04-09 14:00:00,324.98,14,6,1,326.92,326.7366666666664,305.03833333333336,324.38
2023-04-09 15:00:00,324.38,15,6,1,324.98,325.42666666666634,324.6383333333334,318.14
2023-04-09 16:00:00,318.14,16,6,1,324.38,322.4999999999997,322.7316666666666,209.91
2023-04-09 17:00:00,209.91,17,6,1,318.14,284.14333333333303,305.44,187.94
2023-04-09 18:00:00,187.94,18,6,1,209.91,238.663333333333,282.045,203.74
2023-04-09 19:00:00,203.74,19,6,1,187.94,200.52999999999972,261.51500000000004,198.3
2023-04-09 20:00:00,198.3,20,6,1,203.74,196.6599999999997,240.40166666666667,223.85
2023-04-09 21:00:00,223.85,21,6,1,198.3,208.62999999999968,223.64666666666665,200.69
2023-04-09 22:00:00,200.69,22,6,1,223.85,207.613333333333,204.0716666666667,199.19
2023-04-09 23:00:00,199.19,23,6,1,200.69,207.9099999999997,202.285,174.2
2023-04-10 00:00:00,174.2,0,0,0,199.19,191.35999999999967,199.99499999999998,193.62
2023-04-10 01:00:00,193.62,1,0,0,174.2,189.00333333333302,198.3083333333333,191.1
2023-04-10 02:00:00,191.1,2,0,0,193.62,186.30666666666636,197.10833333333332,197.75
2023-04-10 03:00:00,197.75,3,0,0,191.1,194.15666666666638,192.75833333333333,186.57
2023-04-10 04:00:00,186.57,4,0,0,197.75,191.80666666666636,190.405,190.31
2023-04-10 05:00:00,190.31,5,0,0,186.57,191.54333333333304,188.92499999999998,173.33
2023-04-10 06:00:00,173.33,6,0,0,190.31,183.40333333333305,188.78,532.05
2023-04-10 07:00:00,532.05,7,0,0,173.33,298.56333333333305,245.18500000000003,776.4
2023-04-10 08:00:00,776.4,8,0,0,532.05,493.92666666666634,342.73499999999996,923.39
2023-04-10 09:00:00,923.39,9,0,0,776.4,743.9466666666664,463.675,942.19
2023-04-10 10:00:00,942.19,10,0,0,923.39,880.6599999999997,589.6116666666667,1046.04
2023-04-10 11:00:00,1046.04,11,0,0,942.19,970.5399999999996,732.2333333333332,1143.85
2023-04-10 12:00:00,1143.85,12,0,0,1046.04,1044.0266666666664,893.9866666666667,811.11
2023-04-10 13:00:00,811.11,13,0,0,1143.85,1000.333333333333,940.4966666666666,804.31
2023-04-10 14:00:00,804.31,14,0,0,811.11,919.7566666666663,945.1483333333334,996.03
2023-04-10 15:00:00,996.03,15,0,0,804.31,870.483333333333,957.255,936.59
2023-04-10 16:00:00,936.59,16,0,0,996.03,912.3099999999996,956.3216666666667,949.44
2023-04-10 17:00:00,949.44,17,0,0,936.59,960.6866666666664,940.2216666666667,460.19
2023-04-10 18:00:00,460.19,18,0,0,949.44,782.0733333333332,826.2783333333333,384.69
2023-04-10 19:00:00,384.69,19,0,0,460.19,598.1066666666665,755.2083333333334,294.22
2023-04-10 20:00:00,294.22,20,0,0,384.69,379.69999999999965,670.1933333333334,186.39
2023-04-10 21:00:00,186.39,21,0,0,294.22,288.433333333333,535.2533333333334,191.21
2023-04-10 22:00:00,191.21,22,0,0,186.39,223.9399999999997,411.0233333333333,189.83
2023-04-10 23:00:00,189.83,23,0,0,191.21,189.14333333333306,284.4216666666667,197.97
2023-04-11 00:00:00,197.97,0,1,0,189.83,193.00333333333302,240.71833333333336,198.58
2023-04-11 01:00:00,198.58,1,1,0,197.97,195.4599999999997,209.70000000000005,174.57
2023-04-11 02:00:00,174.57,2,1,0,198.58,190.37333333333302,189.75833333333335,182.87
2023-04-11 03:00:00,182.87,3,1,0,174.57,185.3399999999997,189.1716666666667,200.22
2023-04-11 04:00:00,200.22,4,1,0,182.87,185.88666666666634,190.67333333333337,178.55
2023-04-11 05:00:00,178.55,5,1,0,200.22,187.21333333333303,188.79333333333338,189.21
2023-04-11 06:00:00,189.21,6,1,0,178.55,189.32666666666637,187.33333333333337,532.37
2023-04-11 07:00:00,532.37,7,1,0,189.21,300.043333333333,242.96500000000006,765.83
2023-04-11 08:00:00,765.83,8,1,0,532.37,495.80333333333306,341.5083333333334,906.99
2023-04-11 09:00:00,906.99,9,1,0,765.83,735.063333333333,462.195,1015.67
2023-04-11 10:00:00,1015.67,10,1,0,906.99,896.1633333333331,598.1033333333334,1037.52
2023-04-11 11:00:00,1037.52,11,1,0,1015.67,986.7266666666665,741.265,1061.63
2023-04-11 12:00:00,1061.63,12,1,0,1037.52,1038.2733333333333,886.6683333333334,809.04
2023-04-11 13:00:00,809.04,13,1,0,1061.63,969.3966666666665,932.7800000000001,833.22
2023-04-11 14:00:00,833.22,14,1,0,809.04,901.2966666666665,944.0116666666668,936.41
2023-04-11 15:00:00,936.41,15,1,0,833.22,859.5566666666664,948.9150000000001,995.2
2023-04-11 16:00:00,995.2,16,1,0,936.41,921.6099999999998,945.5033333333334,878.95
2023-04-11 17:00:00,878.95,17,1,0,995.2,936.8533333333331,919.0749999999999,457.42
2023-04-11 18:00:00,457.42,18,1,0,878.95,777.1899999999999,818.3733333333333,359.53
2023-04-11 19:00:00,359.53,19,1,0,457.42,565.2999999999997,743.455,286.75
2023-04-11 20:00:00,286.75,20,1,0,359.53,367.8999999999998,652.3766666666667,192.78
2023-04-11 21:00:00,192.78,21,1,0,286.75,279.68666666666644,528.4383333333334,178.91
2023-04-11 22:00:00,178.91,22,1,0,192.78,219.4799999999998,392.39000000000004,187.14
2023-04-11 23:00:00,187.14,23,1,0,178.91,186.27666666666642,277.08833333333337,184.63
2023-04-12 00:00:00,184.63,0,2,0,187.14,183.5599999999998,231.62333333333336,195.68
2023-04-12 01:00:00,195.68,1,2,0,184.63,189.14999999999978,204.31500000000005,177.42
2023-04-12 02:00:00,177.42,2,2,0,195.68,185.90999999999977,186.09333333333336,161.84
2023-04-12 03:00:00,161.84,3,2,0,177.42,178.31333333333313,180.9366666666667,186.23
2023-04-12 04:00:00,186.23,4,2,0,161.84,175.1633333333331,182.15666666666672,195.23
2023-04-12 05:00:00,195.23,5,2,0,186.23,181.09999999999977,183.50500000000002,193.3
2023-04-12 06:00:00,193.3,6,2,0,195.23,191.58666666666645,184.95000000000005,529.16
2023-04-12 07:00:00,529.16,7,2,0,193.3,305.8966666666664,240.53,786.27
2023-04-12 08:00:00,786.27,8,2,0,529.16,502.9099999999998,342.00500000000005,947.66
2023-04-12 09:00:00,947.66,9,2,0,786.27,754.3633333333331,472.97499999999997,1020.78
2023-04-12 10:00:00,1020.78,10,2,0,947.66,918.2366666666663,612.0666666666667,1018.82
2023-04-12 11:00:00,1018.82,11,2,0,1020.78,995.7533333333331,749.3316666666666,1080.29
2023-04-12 12:00:00,1080.29,12,2,0,1018.82,1039.9633333333331,897.1633333333333,835.65
2023-04-12 13:00:00,835.65,13,2,0,1080.29,978.2533333333331,948.245,824.72
2023-04-12 14:00:00,824.72,14,2,0,835.65,913.5533333333332,954.6533333333333,968.01
2023-04-12 15:00:00,968.01,15,2,0,824.72,876.1266666666664,958.0450000000001,966.37
2023-04-12 16:00:00,966.37,16,2,0,968.01,919.6999999999998,948.9766666666666,940.16
2023-04-12 17:00:00,940.16,17,2,0,966.37,958.1799999999998,935.8666666666667,428.8
2023-04-12 18:00:00,428.8,18,2,0,940.16,778.443333333333,827.285,367.64
2023-04-12 19:00:00,367.64,19,2,0,428.8,578.8666666666664,749.2833333333334,282.89
2023-04-12 20:00:00,282.89,20,2,0,367.64,359.7766666666664,658.9783333333334,181.49
2023-04-12 21:00:00,181.49,21,2,0,282.89,277.33999999999975,527.8916666666667,196.04
2023-04-12 22:00:00,196.04,22,2,0,181.49,220.13999999999976,399.50333333333333,193.05
2023-04-12 23:00:00,193.05,23,2,0,196.04,190.19333333333313,274.98500000000007,198.51
2023-04-13 00:00:00,198.51,0,3,0,193.05,195.86666666666645,236.60333333333335,189.38
2023-04-13 01:00:00,189.38,1,3,0,198.51,193.64666666666645,206.8933333333334,177.86
2023-04-13 02:00:00,177.86,2,3,0,189.38,188.58333333333312,189.38833333333335,186.38
2023-04-13 03:00:00,186.38,3,3,0,177.86,184.53999999999976,190.20333333333338,184.84
2023-04-13 04:00:00,184.84,4,3,0,186.38,183.02666666666642,188.3366666666667,182.33
2023-04-13 05:00:00,182.33,5,3,0,184.84,184.51666666666642,186.55000000000004,184.19
2023-04-13 06:00:00,184.19,6,3,0,182.33,183.78666666666643,184.16333333333338,518.41
2023-04-13 07:00:00,518.41,7,3,0,184.19,294.97666666666646,239.0016666666667,772.06
2023-04-13 08:00:00,772.06,8,3,0,518.41,491.55333333333306,338.035,943.75
2023-04-13 09:00:00,943.75,9,3,0,772.06,744.7399999999998,464.2633333333333,1009.43
2023-04-13 10:00:00,1009.43,10,3,0,943.75,908.4133333333331,601.695,1045.11
2023-04-13 11:00:00,1045.11,11,3,0,1009.43,999.4299999999997,745.4916666666667,1044.03
2023-04-13 12:00:00,1044.03,12,3,0,1045.11,1032.8566666666663,888.7983333333333,810.74
2023-04-13 13:00:00,810.74,13,3,0,1044.03,966.6266666666664,937.5199999999999,815.94
2023-04-13 14:00:00,815.94,14,3,0,810.74,890.2366666666663,944.8333333333334,980.18
2023-04-13 15:00:00,980.18,15,3,0,815.94,868.953333333333,950.9050000000001,1032.9
2023-04-13 16:00:00,1032.9,16,3,0,980.18,943.0066666666665,954.8166666666666,963.39
2023-04-13 17:00:00,963.39,17,3,0,1032.9,992.1566666666664,941.1966666666667,455.62
2023-04-13 18:00:00,455.62,18,3,0,963.39,817.3033333333332,843.1283333333334,370.89
2023-04-13 19:00:00,370.89,19,3,0,455.62,596.6333333333331,769.82,282.5
2023-04-13 20:00:00,282.5,20,3,0,370.89,369.6699999999998,680.9133333333333,175.83
2023-04-13 21:00:00,175.83,21,3,0,282.5,276.40666666666647,546.855,187.07
2023-04-13 22:00:00,187.07,22,3,0,175.83,215.1333333333331,405.8833333333334,178.82
2023-04-13 23:00:00,178.82,23,3,0,187.07,180.57333333333312,275.12166666666667,229.13
2023-04-14 00:00:00,229.13,0,4,0,178.82,198.33999999999978,237.37333333333333,240.1
2023-04-14 01:00:00,240.1,1,4,0,229.13,216.01666666666642,215.57499999999996,230.4
2023-04-14 02:00:00,230.4,2,4,0,240.1,233.20999999999978,206.89166666666665,240.76
2023-04-14 03:00:00,240.76,3,4,0,230.4,237.08666666666645,217.71333333333334,245.44
2023-04-14 04:00:00,245.44,4,4,0,240.76,238.86666666666645,227.44166666666663,234.38
2023-04-14 05:00:00,234.38,5,4,0,245.44,240.19333333333313,236.70166666666668,239.59
2023-04-14 06:00:00,239.59,6,4,0,234.38,239.80333333333314,238.44500000000002,249.13
2023-04-14 07:00:00,249.13,7,4,0,239.59,241.03333333333308,239.94999999999996,250.4
2023-04-14 08:00:00,250.4,8,4,0,249.13,246.3733333333331,243.28333333333333,253.72
2023-04-14 09:00:00,253.72,9,4,0,250.4,251.08333333333312,245.44333333333336,207.02
2023-04-14 10:00:00,207.02,10,4,0,253.72,237.04666666666643,239.04,256.01
2023-04-14 11:00:00,256.01,11,4,0,207.02,238.91666666666643,242.64499999999998,241.61
2023-04-14 12:00:00,241.61,12,4,0,256.01,234.87999999999977,242.98166666666665,242.73
2023-04-14 13:00:00,242.73,13,4,0,241.61,246.7833333333331,241.91499999999996,249.72
2023-04-14 14:00:00,249.72,14,4,0,242.73,244.6866666666664,241.80166666666665,240.66
2023-04-14 15:00:00,240.66,15,4,0,249.72,244.36999999999978,239.625,210.34
2023-04-14 16:00:00,210.34,16,4,0,240.66,233.57333333333312,240.1783333333333,240.58
2023-04-14 17:00:00,240.58,17,4,0,210.34,230.52666666666644,237.60666666666668,228.58
2023-04-14 18:00:00,228.58,18,4,0,240.58,226.49999999999977,235.43500000000003,254.67
2023-04-14 19:00:00,254.67,19,4,0,228.58,241.27666666666644,237.42500000000004,245.23
2023-04-14 20:00:00,245.23,20,4,0,254.67,242.82666666666645,236.67666666666665,256.02
2023-04-14 21:00:00,256.02,21,4,0,245.23,251.9733333333331,239.23666666666668,239.13
2023-04-14 22:00:00,239.13,22,4,0,256.02,246.7933333333331,244.035,236.98
2023-04-14 23:00:00,236.98,23,4,0,239.13,244.0433333333331,243.43499999999997,213.5
2023-04-15 00:00:00,213.5,0,5,1,236.98,229.86999999999978,240.92166666666665,193.67
2023-04-15 01:00:00,193.67,1,5,1,213.5,214.71666666666644,230.75499999999997,211.39
2023-04-15 02:00:00,211.39,2,5,1,193.67,206.1866666666664,225.11499999999998,204.65
2023-04-15 03:00:00,204.65,3,5,1,211.39,203.23666666666642,216.55333333333337,196.14
2023-04-15 04:00:00,196.14,4,5,1,204.65,204.05999999999975,209.38833333333332,207.56
2023-04-15 05:00:00,207.56,5,5,1,196.14,202.7833333333331,204.48499999999999,194.31
2023-04-15 06:00:00,194.31,6,5,1,207.56,199.33666666666645,201.28666666666666,199.66
2023-04-15 07:00:00,199.66,7,5,1,194.31,200.50999999999976,202.285,196.72
2023-04-15 08:00:00,196.72,8,5,1,199.66,196.89666666666642,199.84,209.54
2023-04-15 09:00:00,209.54,9,5,1,196.72,201.97333333333313,200.655,317.4
2023-04-15 10:00:00,317.4,10,5,1,209.54,241.21999999999977,220.865,334.64
2023-04-15 11:00:00,334.64,11,5,1,317.4,287.1933333333331,242.045,322.94
2023-04-15 12:00:00,322.94,12,5,1,334.64,324.9933333333331,263.4833333333333,334.07
2023-04-15 13:00:00,334.07,13,5,1,322.94,330.5499999999998,285.885,326.41
2023-04-15 14:00:00,326.41,14,5,1,334.07,327.80666666666644,307.5,312.34
2023-04-15 15:00:00,312.34,15,5,1,326.41,324.2733333333331,324.6333333333333,339.87
2023-04-15 16:00:00,339.87,16,5,1,312.34,326.2066666666664,328.37833333333333,206.8
2023-04-15 17:00:00,206.8,17,5,1,339.87,286.3366666666664,307.07166666666666,214.14
2023-04-15 18:00:00,214.14,18,5,1,206.8,253.6033333333331,288.93833333333333,190.15
2023-04-15 19:00:00,190.15,19,5,1,214.14,203.69666666666646,264.95166666666665,181.47
2023-04-15 20:00:00,181.47,20,5,1,190.15,195.2533333333331,240.795,214.56
2023-04-15 21:00:00,214.56,21,5,1,181.47,195.39333333333312,224.49833333333333,200.52
2023-04-15 22:00:00,200.52,22,5,1,214.56,198.8499999999998,201.2733333333333,203.21
2023-04-15 23:00:00,203.21,23,5,1,200.52,206.09666666666644,200.67499999999998,195.81
2023-04-16 00:00:00,195.81,0,6,1,203.21,199.84666666666644,197.62,196.09
2023-04-16 01:00:00,196.09,1,6,1,195.81,198.36999999999978,198.61,200.2
2023-04-16 02:00:00,200.2,2,6,1,196.09,197.36666666666645,201.73166666666668,205.9
2023-04-16 03:00:00,205.9,3,6,1,200.2,200.7299999999998,200.28833333333333,195.86
2023-04-16 04:00:00,195.86,4,6,1,205.9,200.6533333333331,199.51166666666666,193.21
2023-04-16 05:00:00,193.21,5,6,1,195.86,198.32333333333312,197.845,201.0
2023-04-16 06:00:00,201.0,6,6,1,193.21,196.6899999999998,198.71,209.63
2023-04-16 07:00:00,209.63,7,6,1,201.0,201.27999999999977,200.96666666666667,200.32
2023-04-16 08:00:00,200.32,8,6,1,209.63,203.64999999999975,200.98666666666668,196.05
2023-04-16 09:00:00,196.05,9,6,1,200.32,201.99999999999977,199.345,330.39
2023-04-16 10:00:00,330.39,10,6,1,196.05,242.2533333333331,221.76666666666665,325.24
2023-04-16 11:00:00,325.24,11,6,1,330.39,283.89333333333315,243.77166666666668,311.69
2023-04-16 12:00:00,311.69,12,6,1,325.24,322.43999999999977,262.21999999999997,313.28
2023-04-16 13:00:00,313.28,13,6,1,311.69,316.73666666666645,279.49499999999995,327.25
2023-04-16 14:00:00,327.25,14,6,1,313.28,317.40666666666647,300.65,330.45
2023-04-16 15:00:00,330.45,15,6,1,327.25,323.65999999999974,323.05,326.96
2023-04-16 16:00:00,326.96,16,6,1,330.45,328.2199999999998,322.4783333333333,208.54
2023-04-16 17:00:00,208.54,17,6,1,326.96,288.6499999999998,303.02833333333336,207.38
2023-04-16 18:00:00,207.38,18,6,1,208.54,247.62666666666644,285.6433333333333,193.74
2023-04-16 19:00:00,193.74,19,6,1,207.38,203.21999999999977,265.71999999999997,206.49
2023-04-16 20:00:00,206.49,20,6,1,193.74,202.53666666666643,245.59333333333333,210.45
2023-04-16 21:00:00,210.45,21,6,1,206.49,203.5599999999998,225.59333333333333,204.86
2023-04-16 22:00:00,204.86,22,6,1,210.45,207.26666666666645,205.24333333333334,213.17
2023-04-16 23:00:00,213.17,23,6,1,204.86,209.4933333333331,206.015,173.5
2023-04-17 00:00:00,173.5,0,0,0,213.17,197.17666666666642,200.36833333333334,197.03
2023-04-17 01:00:00,197.03,1,0,0,173.5,194.5666666666664,200.91666666666666,179.9
2023-04-17 02:00:00,179.9,2,0,0,197.03,183.47666666666646,196.48499999999999,197.06
2023-04-17 03:00:00,197.06,3,0,0,179.9,191.32999999999979,194.25333333333333,191.38
2023-04-17 04:00:00,191.38,4,0,0,197.06,189.44666666666646,192.00666666666666,178.09
2023-04-17 05:00:00,178.09,5,0,0,191.38,188.8433333333331,186.16,191.31
2023-04-17 06:00:00,191.31,6,0,0,178.09,186.92666666666642,189.12833333333333,527.77
2023-04-17 07:00:00,527.77,7,0,0,191.31,299.05666666666644,244.25166666666667,765.81
2023-04-17 08:00:00,765.81,8,0,0,527.77,494.9633333333331,341.90333333333336,922.32
2023-04-17 09:00:00,922.32,9,0,0,765.81,738.6333333333331,462.78,958.94
2023-04-17 10:00:00,958.94,10,0,0,922.32,882.3566666666665,590.7066666666666,1028.97
2023-04-17 11:00:00,1028.97,11,0,0,958.94,970.0766666666665,732.5200000000001,1064.34
2023-04-17 12:00:00,1064.34,12,0,0,1028.97,1017.4166666666664,878.025,796.25
2023-04-17 13:00:00,796.25,13,0,0,1064.34,963.1866666666665,922.7716666666666,829.53
2023-04-17 14:00:00,829.53,14,0,0,796.25,896.7066666666665,933.3916666666668,1027.28
2023-04-17 15:00:00,1027.28,15,0,0,829.53,884.3533333333331,950.8850000000001,967.58
2023-04-17 16:00:00,967.58,16,0,0,1027.28,941.4633333333331,952.3249999999999,933.88
2023-04-17 17:00:00,933.88,17,0,0,967.58,976.2466666666666,936.4766666666666,403.17
2023-04-17 18:00:00,403.17,18,0,0,933.88,768.2099999999999,826.2816666666668,365.19
2023-04-17 19:00:00,365.19,19,0,0,403.17,567.4133333333333,754.4383333333334,288.99
2023-04-17 20:00:00,288.99,20,0,0,365.19,352.4499999999998,664.3483333333334,184.23
2023-04-17 21:00:00,184.23,21,0,0,288.99,279.46999999999986,523.84,195.68
2023-04-17 22:00:00,195.68,22,0,0,184.23,222.9666666666665,395.19,194.11
2023-04-17 23:00:00,194.11,23,0,0,195.68,191.33999999999983,271.89500000000004,188.71
2023-04-18 00:00:00,188.71,0,1,0,194.11,192.83333333333317,236.15166666666664,195.16
2023-04-18 01:00:00,195.16,1,1,0,188.71,192.65999999999985,207.8133333333333,170.36
2023-04-18 02:00:00,170.36,2,1,0,195.16,184.7433333333332,188.04166666666666,185.62
2023-04-18 03:00:00,185.62,3,1,0,170.36,183.71333333333317,188.27333333333334,186.71
2023-04-18 04:00:00,186.71,4,1,0,185.62,180.89666666666653,186.77833333333334,191.75
2023-04-18 05:00:00,191.75,5,1,0,186.71,188.02666666666653,186.385,176.62
2023-04-18 06:00:00,176.62,6,1,0,191.75,185.02666666666653,184.37,522.57
2023-04-18 07:00:00,522.57,7,1,0,176.62,296.97999999999985,238.93833333333336,775.55
2023-04-18 08:00:00,775.55,8,1,0,522.57,491.57999999999987,339.80333333333334,917.72
2023-04-18 09:00:00,917.72,9,1,0,775.55,738.6133333333331,461.82,959.96
2023-04-18 10:00:00,959.96,10,1,0,917.72,884.4099999999999,590.695,986.79
2023-04-18 11:00:00,986.79,11,1,0,959.96,954.8233333333332,723.2016666666667,1045.14
2023-04-18 12:00:00,1045.14,12,1,0,986.79,997.2966666666665,867.955,884.4
2023-04-18 13:00:00,884.4,13,1,0,1045.14,972.1099999999998,928.2599999999999,806.43
2023-04-18 14:00:00,806.43,14,1,0,884.4,911.9899999999998,933.4066666666668,1002.09
2023-04-18 15:00:00,1002.09,15,1,0,806.43,897.6399999999999,947.4683333333334,1004.3
2023-04-18 16:00:00,1004.3,16,1,0,1002.09,937.6066666666665,954.8583333333332,936.91
2023-04-18 17:00:00,936.91,17,1,0,1004.3,981.0999999999998,946.5450000000001,449.65
2023-04-18 18:00:00,449.65,18,1,0,936.91,796.953333333333,847.2966666666666,380.13
2023-04-18 19:00:00,380.13,19,1,0,449.65,588.8966666666665,763.2516666666667,272.0
2023-04-18 20:00:00,272.0,20,1,0,380.13,367.2599999999998,674.18,184.76
2023-04-18 21:00:00,184.76,21,1,0,272.0,278.9633333333332,537.9583333333334,185.31
2023-04-18 22:00:00,185.31,22,1,0,184.76,214.02333333333317,401.46,185.75
2023-04-18 23:00:00,185.75,23,1,0,185.31,185.27333333333317,276.26666666666665,184.39
2023-04-19 00:00:00,184.39,0,2,0,185.75,185.14999999999986,232.05666666666664,194.76
2023-04-19 01:00:00,194.76,1,2,0,184.39,188.29999999999984,201.16166666666666,190.73
2023-04-19 02:00:00,190.73,2,2,0,194.76,189.95999999999984,187.61666666666667,178.84
2023-04-19 03:00:00,178.84,3,2,0,190.73,188.10999999999981,186.63,193.17
2023-04-19 04:00:00,193.17,4,2,0,178.84,187.57999999999984,187.94000000000003,176.41
2023-04-19 05:00:00,176.41,5,2,0,193.17,182.8066666666665,186.38333333333333,170.93
2023-04-19 06:00:00,170.93,6,2,0,176.41,180.16999999999985,184.14,532.22
2023-04-19 07:00:00,532.22,7,2,0,170.93,293.18666666666655,240.38333333333333,777.93
2023-04-19 08:00:00,777.93,8,2,0,532.22,493.69333333333316,338.25,915.06
2023-04-19 09:00:00,915.06,9,2,0,777.93,741.7366666666666,460.9533333333333,998.23
2023-04-19 10:00:00,998.23,10,2,0,915.06,897.0733333333332,595.13,989.38
2023-04-19 11:00:00,989.38,11,2,0,998.23,967.5566666666665,730.625,1069.67
2023-04-19 12:00:00,1069.67,12,2,0,989.38,1019.0933333333332,880.415,838.37
2023-04-19 13:00:00,838.37,13,2,0,1069.67,965.8066666666665,931.44,823.84
2023-04-19 14:00:00,823.84,14,2,0,838.37,910.6266666666666,939.0916666666667,965.05
2023-04-19 15:00:00,965.05,15,2,0,823.84,875.7533333333331,947.4233333333333,1007.55
2023-04-19 16:00:00,1007.55,16,2,0,965.05,932.1466666666665,948.9766666666668,887.24
2023-04-19 17:00:00,887.24,17,2,0,1007.55,953.2799999999997,931.9533333333334,466.13
2023-04-19 18:00:00,466.13,18,2,0,887.24,786.9733333333332,831.3633333333333,367.63
2023-04-19 19:00:00,367.63,19,2,0,466.13,573.6666666666665,752.9066666666668,291.91
2023-04-19 20:00:00,291.91,20,2,0,367.63,375.2233333333332,664.2516666666667,191.18
2023-04-19 21:00:00,191.18,21,2,0,291.91,283.5733333333332,535.2733333333334,193.48
2023-04-19 22:00:00,193.48,22,2,0,191.18,225.5233333333332,399.595,183.04
2023-04-19 23:00:00,183.04,23,2,0,193.48,189.2333333333332,282.2283333333333,184.67
2023-04-20 00:00:00,184.67,0,3,0,183.04,187.06333333333316,235.3183333333333,187.6
2023-04-20 01:00:00,187.6,1,3,0,184.67,185.10333333333315,205.31333333333336,200.26
2023-04-20 02:00:00,200.26,2,3,0,187.6,190.84333333333316,190.03833333333333,181.54
2023-04-20 03:00:00,181.54,3,3,0,200.26,189.79999999999984,188.43166666666664,179.28
2023-04-20 04:00:00,179.28,4,3,0,181.54,187.0266666666665,186.06499999999997,178.26
2023-04-20 05:00:00,178.26,5,3,0,179.28,179.69333333333316,185.26833333333332,174.89
2023-04-20 06:00:00,174.89,6,3,0,178.26,177.47666666666655,183.63833333333332,524.79
2023-04-20 07:00:00,524.79,7,3,0,174.89,292.64666666666653,239.83666666666667,760.21
2023-04-20 08:00:00,760.21,8,3,0,524.79,486.6299999999999,333.16166666666663,945.0
2023-04-20 09:00:00,945.0,9,3,0,760.21,743.3333333333331,460.405,988.01
2023-04-20 10:00:00,988.01,10,3,0,945.0,897.7399999999998,595.1933333333333,1002.58
2023-04-20 11:00:00,1002.58,11,3,0,988.01,978.5299999999999,732.5799999999999,1068.32
2023-04-20 12:00:00,1068.32,12,3,0,1002.58,1019.6366666666664,881.485,847.52
2023-04-20 13:00:00,847.52,13,3,0,1068.32,972.8066666666665,935.2733333333332,767.44
2023-04-20 14:00:00,767.44,14,3,0,847.52,894.4266666666666,936.4783333333334,1007.3
2023-04-20 15:00:00,1007.3,15,3,0,767.44,874.0866666666665,946.8616666666667,990.97
2023-04-20 16:00:00,990.97,16,3,0,1007.3,921.9033333333332,947.3549999999999,913.46
2023-04-20 17:00:00,913.46,17,3,0,990.97,970.5766666666665,932.5016666666666,468.12
2023-04-20 18:00:00,468.12,18,3,0,913.46,790.8499999999999,832.4683333333332,357.03
2023-04-20 19:00:00,357.03,19,3,0,468.12,579.5366666666665,750.7199999999999,288.44
2023-04-20 20:00:00,288.44,20,3,0,357.03,371.1966666666665,670.8866666666667,191.46
2023-04-20 21:00:00,191.46,21,3,0,288.44,278.9766666666665,534.9133333333333,188.87
2023-04-20 22:00:00,188.87,22,3,0,191.46,222.92333333333318,401.22999999999996,182.12
2023-04-20 23:00:00,182.12,23,3,0,188.87,187.4833333333332,279.34,181.28
2023-04-21 00:00:00,181.28,0,4,0,182.12,184.08999999999983,231.53333333333327,176.68
2023-04-21 01:00:00,176.68,1,4,0,181.28,180.0266666666665,201.47499999999994,192.47
2023-04-21 02:00:00,192.47,2,4,0,176.68,183.4766666666665,185.48,200.66
2023-04-21 03:00:00,200.66,3,4,0,192.47,189.9366666666665,187.01333333333332,190.72
2023-04-21 04:00:00,190.72,4,4,0,200.66,194.61666666666653,187.32166666666663,166.07
2023-04-21 05:00:00,166.07,5,4,0,190.72,185.8166666666665,184.64666666666665,175.59
2023-04-21 06:00:00,175.59,6,4,0,166.07,177.45999999999984,183.6983333333333,530.53
2023-04-21 07:00:00,530.53,7,4,0,175.59,290.72999999999985,242.6733333333333,786.14
2023-04-21 08:00:00,786.14,8,4,0,530.53,497.41999999999985,341.6183333333333,937.7
2023-04-21 09:00:00,937.7,9,4,0,786.14,751.4566666666666,464.4583333333333,985.87
2023-04-21 10:00:00,985.87,10,4,0,937.7,903.2366666666666,596.9833333333332,1012.74
2023-04-21 11:00:00,1012.74,11,4,0,985.87,978.7699999999999,738.0949999999999,1139.64
2023-04-21 12:00:00,1139.64,12,4,0,1012.74,1046.0833333333333,898.77,816.04
2023-04-21 13:00:00,816.04,13,4,0,1139.64,989.4733333333334,946.355,821.03
2023-04-21 14:00:00,821.03,14,4,0,816.04,925.5699999999998,952.17,1009.72
2023-04-21 15:00:00,1009.72,15,4,0,821.03,882.2633333333333,964.1733333333333,1047.14
2023-04-21 16:00:00,1047.14,16,4,0,1009.72,959.2966666666666,974.3850000000001,926.03
2023-04-21 17:00:00,926.03,17,4,0,1047.14,994.2966666666665,959.9333333333333,425.78
2023-04-21 18:00:00,425.78,18,4,0,926.03,799.65,840.9566666666666,371.49
2023-04-21 19:00:00,371.49,19,4,0,425.78,574.4333333333333,766.8650000000001,291.53
2023-04-21 20:00:00,291.53,20,4,0,371.49,362.9333333333332,678.6149999999999,180.21
2023-04-21 21:00:00,180.21,21,4,0,291.53,281.0766666666666,540.3633333333332,190.95
2023-04-21 22:00:00,190.95,22,4,0,180.21,220.89666666666656,397.66499999999996,189.59
2023-04-21 23:00:00,189.59,23,4,0,190.95,186.9166666666666,274.92499999999995,188.11
2023-04-22 00:00:00,188.11,0,5,1,189.59,189.54999999999993,235.31333333333328,191.16
2023-04-22 01:00:00,191.16,1,5,1,188.11,189.61999999999992,205.2583333333333,188.27
2023-04-22 02:00:00,188.27,2,5,1,191.16,189.17999999999992,188.0483333333333,204.84
2023-04-22 03:00:00,204.84,3,5,1,188.27,194.75666666666658,192.1533333333333,208.69
2023-04-22 04:00:00,208.69,4,5,1,204.84,200.59999999999994,195.10999999999999,207.22
2023-04-22 05:00:00,207.22,5,5,1,208.69,206.9166666666666,198.0483333333333,206.25
2023-04-22 06:00:00,206.25,6,5,1,207.22,207.38666666666657,201.07166666666663,205.89
2023-04-22 07:00:00,205.89,7,5,1,206.25,206.45333333333326,203.52666666666664,199.7
2023-04-22 08:00:00,199.7,8,5,1,205.89,203.94666666666657,205.43166666666662,194.18
2023-04-22 09:00:00,194.18,9,5,1,199.7,199.92333333333326,203.65499999999994,333.3
2023-04-22 10:00:00,333.3,10,5,1,194.18,242.3933333333333,224.4233333333333,327.27
2023-04-22 11:00:00,327.27,11,5,1,333.3,284.9166666666666,244.43166666666662,323.01
2023-04-22 12:00:00,323.01,12,5,1,327.27,327.8599999999999,263.8916666666666,314.58
2023-04-22 13:00:00,314.58,13,5,1,323.01,321.61999999999995,282.0066666666666,333.15
2023-04-22 14:00:00,333.15,14,5,1,314.58,323.57999999999987,304.2483333333333,319.06
2023-04-22 15:00:00,319.06,15,5,1,333.15,322.26333333333326,325.0616666666666,324.98
2023-04-22 16:00:00,324.98,16,5,1,319.06,325.72999999999996,323.67499999999995,201.72
2023-04-22 17:00:00,201.72,17,5,1,324.98,281.9199999999999,302.74999999999994,205.79
2023-04-22 18:00:00,205.79,18,5,1,201.72,244.16333333333327,283.2133333333333,186.42
2023-04-22 19:00:00,186.42,19,5,1,205.79,197.97666666666657,261.8533333333333,209.63
2023-04-22 20:00:00,209.63,20,5,1,186.42,200.61333333333323,241.26666666666662,221.24
2023-04-22 21:00:00,221.24,21,5,1,209.63,205.76333333333324,224.96333333333328,212.18
2023-04-22 22:00:00,212.18,22,5,1,221.24,214.34999999999994,206.1633333333333,211.7
2023-04-22 23:00:00,211.7,23,5,1,212.18,215.03999999999994,207.82666666666663,215.39
2023-04-23 00:00:00,215.39,0,6,1,211.7,213.08999999999992,209.42666666666662,200.55
2023-04-23 01:00:00,200.55,1,6,1,215.39,209.21333333333325,211.7816666666666,201.54
2023-04-23 02:00:00,201.54,2,6,1,200.55,205.8266666666666,210.4333333333333,205.6
2023-04-23 03:00:00,205.6,3,6,1,201.54,202.56333333333328,207.82666666666663,209.55
2023-04-23 04:00:00,209.55,4,6,1,205.6,205.56333333333325,207.3883333333333,187.53
2023-04-23 05:00:00,187.53,5,6,1,209.55,200.8933333333333,203.35999999999993,208.93
2023-04-23 06:00:00,208.93,6,6,1,187.53,202.00333333333325,202.2833333333333,214.53
2023-04-23 07:00:00,214.53,7,6,1,208.93,203.66333333333327,204.61333333333332,191.32
2023-04-23 08:00:00,191.32,8,6,1,214.53,204.9266666666666,202.90999999999997,214.78
2023-04-23 09:00:00,214.78,9,6,1,191.32,206.87666666666658,204.43999999999997,317.93
2023-04-23 10:00:00,317.93,10,6,1,214.78,241.34333333333325,222.5033333333333,326.27
2023-04-23 11:00:00,326.27,11,6,1,317.93,286.3266666666666,245.62666666666664,326.62
2023-04-23 12:00:00,326.62,12,6,1,326.27,323.60666666666657,265.2416666666666,316.79
2023-04-23 13:00:00,316.79,13,6,1,326.62,323.2266666666666,282.28499999999997,314.61
2023-04-23 14:00:00,314.61,14,6,1,316.79,319.34,302.8333333333333,339.85
2023-04-23 15:00:00,339.85,15,6,1,314.61,323.74999999999994,323.6783333333333,317.47
2023-04-23 16:00:00,317.47,16,6,1,339.85,323.97666666666663,323.60166666666663,199.76
2023-04-23 17:00:00,199.76,17,6,1,317.47,285.69333333333327,302.51666666666665,220.36
2023-04-23 18:00:00,220.36,18,6,1,199.76,245.86333333333326,284.8066666666666,204.5
2023-04-23 19:00:00,204.5,19,6,1,220.36,208.2066666666666,266.09166666666664,193.11
2023-04-23 20:00:00,193.11,20,6,1,204.5,205.98999999999992,245.8416666666666,190.42
2023-04-23 21:00:00,190.42,21,6,1,193.11,196.0099999999999,220.93666666666664,215.49
2023-04-23 22:00:00,215.49,22,6,1,190.42,199.67333333333326,203.93999999999997,205.78
2023-04-23 23:00:00,205.78,23,6,1,215.49,203.89666666666662,204.9433333333333,169.13
2023-04-24 00:00:00,169.13,0,0,0,205.78,196.79999999999995,196.40499999999997,173.3
2023-04-24 01:00:00,173.3,1,0,0,169.13,182.7366666666666,191.20499999999996,185.41
2023-04-24 02:00:00,185.41,2,0,0,173.3,175.9466666666666,189.92166666666662,185.63
2023-04-24 03:00:00,185.63,3,0,0,185.41,181.4466666666666,189.1233333333333,197.52
2023-04-24 04:00:00,197.52,4,0,0,185.63,189.5199999999999,186.1283333333333,182.08
2023-04-24 05:00:00,182.08,5,0,0,197.52,188.40999999999994,182.1783333333333,178.27
2023-04-24 06:00:00,178.27,6,0,0,182.08,185.95666666666662,183.70166666666663,534.02
2023-04-24 07:00:00,534.02,7,0,0,178.27,298.1233333333333,243.82166666666663,770.45
2023-04-24 08:00:00,770.45,8,0,0,534.02,494.2466666666666,341.3283333333333,945.73
2023-04-24 09:00:00,945.73,9,0,0,770.45,750.0666666666666,468.0116666666666,1008.13
2023-04-24 10:00:00,1008.13,10,0,0,945.73,908.1033333333334,603.1133333333333,1045.89
2023-04-24 11:00:00,1045.89,11,0,0,1008.13,999.9166666666666,747.0816666666666,1049.84
2023-04-24 12:00:00,1049.84,12,0,0,1045.89,1034.62,892.3433333333332,812.01
2023-04-24 13:00:00,812.01,13,0,0,1049.84,969.2466666666666,938.6750000000001,801.97
2023-04-24 14:00:00,801.97,14,0,0,812.01,887.9399999999999,943.9283333333334,1046.35
2023-04-24 15:00:00,1046.35,15,0,0,801.97,886.7766666666666,960.6983333333333,970.0
2023-04-24 16:00:00,970.0,16,0,0,1046.35,939.4399999999999,954.3433333333332,902.26
2023-04-24 17:00:00,902.26,17,0,0,970.0,972.8699999999999,930.4050000000001,471.82
2023-04-24 18:00:00,471.82,18,0,0,902.26,781.36,834.0683333333333,376.54
2023-04-24 19:00:00,376.54,19,0,0,471.82,583.54,761.4899999999999,276.13
2023-04-24 20:00:00,276.13,20,0,0,376.54,374.83,673.8499999999999,192.29
2023-04-24 21:00:00,192.29,21,0,0,276.13,281.65333333333336,531.5066666666668,190.41
2023-04-24 22:00:00,190.41,22,0,0,192.29,219.60999999999999,401.575,186.79
2023-04-24 23:00:00,186.79,23,0,0,190.41,189.83,282.33,185.43
2023-04-25 00:00:00,185.43,0,1,0,186.79,187.54333333333332,234.59833333333336,197.69
2023-04-25 01:00:00,197.69,1,1,0,185.43,189.97,204.79,175.68
2023-04-25 02:00:00,175.68,2,1,0,197.69,186.26666666666668,188.04833333333332,179.66
2023-04-25 03:00:00,179.66,3,1,0,175.68,184.34333333333333,185.94333333333336,184.87
2023-04-25 04:00:00,184.87,4,1,0,179.66,180.07000000000002,185.01999999999998,174.22
2023-04-25 05:00:00,174.22,5,1,0,184.87,179.58333333333334,182.92499999999998,186.85
2023-04-25 06:00:00,186.85,6,1,0,174.22,181.98000000000002,183.16166666666666,522.75
2023-04-25 07:00:00,522.75,7,1,0,186.85,294.6066666666667,237.33833333333334,769.93
2023-04-25 08:00:00,769.93,8,1,0,522.75,493.1766666666667,336.37999999999994,914.91
2023-04-25 09:00:00,914.91,9,1,0,769.93,735.8633333333333,458.9216666666666,972.6
2023-04-25 10:00:00,972.6,10,1,0,914.91,885.8133333333334,590.21,1037.61
2023-04-25 11:00:00,1037.61,11,1,0,972.6,975.04,734.1083333333332,1042.83
2023-04-25 12:00:00,1042.83,12,1,0,1037.61,1017.68,876.7716666666665,865.09
2023-04-25 13:00:00,865.09,13,1,0,1042.83,981.8433333333334,933.8283333333333,835.6
2023-04-25 14:00:00,835.6,14,1,0,865.09,914.5066666666667,944.7733333333332,992.3
2023-04-25 15:00:00,992.3,15,1,0,835.6,897.6633333333333,957.6716666666666,934.04
2023-04-25 16:00:00,934.04,16,1,0,992.3,920.6466666666665,951.2449999999999,909.75
2023-04-25 17:00:00,909.75,17,1,0,934.04,945.3633333333333,929.935,432.93
2023-04-25 18:00:00,432.93,18,1,0,909.75,758.9066666666666,828.285,367.29
2023-04-25 19:00:00,367.29,19,1,0,432.93,569.99,745.3183333333333,289.33
2023-04-25 20:00:00,289.33,20,1,0,367.29,363.18333333333334,654.2733333333333,182.54
2023-04-25 21:00:00,182.54,21,1,0,289.33,279.71999999999997,519.3133333333334,188.16
2023-04-25 22:00:00,188.16,22,1,0,182.54,220.01,395.0,186.37
2023-04-25 23:00:00,186.37,23,1,0,188.16,185.68999999999997,274.43666666666667,183.43
2023-04-26 00:00:00,183.43,0,2,0,186.37,185.98666666666668,232.85333333333332,190.54
2023-04-26 01:00:00,190.54,1,2,0,183.43,186.78,203.39499999999998,194.85
2023-04-26 02:00:00,194.85,2,2,0,190.54,189.60666666666665,187.64833333333334,170.77
2023-04-26 03:00:00,170.77,3,2,0,194.85,185.38666666666666,185.68666666666664,186.07
2023-04-26 04:00:00,186.07,4,2,0,170.77,183.89666666666668,185.33833333333334,171.94
2023-04-26 05:00:00,171.94,5,2,0,186.07,176.26,182.9333333333333,193.09
2023-04-26 06:00:00,193.09,6,2,0,171.94,183.70000000000002,184.54333333333332,535.73
2023-04-26 07:00:00,535.73,7,2,0,193.09,300.25333333333333,242.07500000000002,762.03
2023-04-26 08:00:00,762.03,8,2,0,535.73,496.95,336.605,944.33
2023-04-26 09:00:00,944.33,9,2,0,762.03,747.3633333333333,465.5316666666667,984.0
2023-04-26 10:00:00,984.0,10,2,0,944.33,896.7866666666665,598.52,1007.77
2023-04-26 11:00:00,1007.77,11,2,0,984.0,978.7000000000002,737.8249999999999,1077.21
2023-04-26 12:00:00,1077.21,12,2,0,1007.77,1022.9933333333333,885.1783333333333,814.78
2023-04-26 13:00:00,814.78,13,2,0,1077.21,966.5866666666667,931.6866666666666,808.76
2023-04-26 14:00:00,808.76,14,2,0,814.78,900.25,939.475,1001.45
2023-04-26 15:00:00,1001.45,15,2,0,808.76,874.9966666666666,948.9949999999999,955.72
2023-04-26 16:00:00,955.72,16,2,0,1001.45,921.9766666666668,944.2816666666666,925.27
2023-04-26 17:00:00,925.27,17,2,0,955.72,960.8133333333334,930.5316666666668,502.79
2023-04-26 18:00:00,502.79,18,2,0,925.27,794.5933333333334,834.7950000000001,368.4
2023-04-26 19:00:00,368.4,19,2,0,502.79,598.82,760.3983333333334,287.58
2023-04-26 20:00:00,287.58,20,2,0,368.4,386.25666666666666,673.535,191.51
2023-04-26 21:00:00,191.51,21,2,0,287.58,282.49666666666667,538.5450000000001,193.81
2023-04-26 22:00:00,193.81,22,2,0,191.51,224.29999999999998,411.56,175.45
2023-04-26 23:00:00,175.45,23,2,0,193.81,186.92333333333332,286.59,192.73
2023-04-27 00:00:00,192.73,0,3,0,175.45,187.33,234.91333333333333,191.77
2023-04-27 01:00:00,191.77,1,3,0,192.73,186.65,205.475,176.09
2023-04-27 02:00:00,176.09,2,3,0,191.77,186.86333333333334,186.89333333333332,193.85
2023-04-27 03:00:00,193.85,3,3,0,176.09,187.23666666666668,187.28333333333333,193.35
2023-04-27 04:00:00,193.35,4,3,0,193.85,187.76333333333332,187.20666666666668,181.3
2023-04-27 05:00:00,181.3,5,3,0,193.35,189.5,188.18166666666664,184.55
2023-04-27 06:00:00,184.55,6,3,0,181.3,186.4,186.81833333333336,525.3
2023-04-27 07:00:00,525.3,7,3,0,184.55,297.05,242.40666666666667,775.99
2023-04-27 08:00:00,775.99,8,3,0,525.3,495.28000000000003,342.39000000000004,944.05
2023-04-27 09:00:00,944.05,9,3,0,775.99,748.4466666666667,467.42333333333335,994.98
2023-04-27 10:00:00,994.98,10,3,0,944.05,905.0066666666667,601.0283333333333,1011.9
2023-04-27 11:00:00,1011.9,11,3,0,994.98,983.6433333333334,739.4616666666666,1083.26
2023-04-27 12:00:00,1083.26,12,3,0,1011.9,1030.0466666666666,889.2466666666666,832.59
2023-04-27 13:00:00,832.59,13,3,0,1083.26,975.9166666666666,940.4616666666667,813.47
2023-04-27 14:00:00,813.47,14,3,0,832.59,909.7733333333334,946.7083333333334,957.18
2023-04-27 15:00:00,957.18,15,3,0,813.47,867.7466666666666,948.8966666666666,977.85
2023-04-27 16:00:00,977.85,16,3,0,957.18,916.1666666666666,946.0416666666666,934.35
2023-04-27 17:00:00,934.35,17,3,0,977.85,956.46,933.1166666666668,473.88
2023-04-27 18:00:00,473.88,18,3,0,934.35,795.36,831.5533333333333,362.88
2023-04-27 19:00:00,362.88,19,3,0,473.88,590.37,753.2683333333333,282.7
2023-04-27 20:00:00,282.7,20,3,0,362.88,373.15333333333336,664.8066666666667,179.46
2023-04-27 21:00:00,179.46,21,3,0,282.7,275.0133333333333,535.1866666666666,191.83
2023-04-27 22:00:00,191.83,22,3,0,179.46,217.99666666666667,404.18333333333334,203.46
2023-04-27 23:00:00,203.46,23,3,0,191.83,191.58333333333334,282.36833333333334,178.99
2023-04-28 00:00:00,178.99,0,4,0,203.46,191.42666666666665,233.22,202.91
2023-04-28 01:00:00,202.91,1,4,0,178.99,195.12,206.5583333333333,199.61
2023-04-28 02:00:00,199.61,2,4,0,202.91,193.83666666666667,192.71,179.94
2023-04-28 03:00:00,179.94,3,4,0,199.61,194.15333333333334,192.79,175.92
2023-04-28 04:00:00,175.92,4,4,0,179.94,185.15666666666667,190.13833333333332,182.52
2023-04-28 05:00:00,182.52,5,4,0,175.92,179.46,186.6483333333333,202.33
2023-04-28 06:00:00,202.33,6,4,0,182.52,186.92333333333332,190.53833333333333,524.08
2023-04-28 07:00:00,524.08,7,4,0,202.33,302.9766666666667,244.0666666666667,765.69
2023-04-28 08:00:00,765.69,8,4,0,524.08,497.36666666666673,338.41333333333336,953.83
2023-04-28 09:00:00,953.83,9,4,0,765.69,747.8666666666667,467.39500000000004,989.49
2023-04-28 10:00:00,989.49,10,4,0,953.83,903.0033333333334,602.99,1006.78
2023-04-28 11:00:00,1006.78,11,4,0,989.49,983.3666666666667,740.3666666666667,1071.23
2023-04-28 12:00:00,1071.23,12,4,0,1006.78,1022.5,885.1833333333334,812.5
2023-04-28 13:00:00,812.5,13,4,0,1071.23,963.5033333333332,933.2533333333334,817.34
2023-04-28 14:00:00,817.34,14,4,0,812.5,900.3566666666667,941.8616666666667,997.59
2023-04-28 15:00:00,997.59,15,4,0,817.34,875.8100000000001,949.1550000000001,947.96
2023-04-28 16:00:00,947.96,16,4,0,997.59,920.9633333333335,942.2333333333335,948.73
2023-04-28 17:00:00,948.73,17,4,0,947.96,964.7599999999999,932.5583333333334,481.92
2023-04-28 18:00:00,481.92,18,4,0,948.73,792.87,834.34,366.43
2023-04-28 19:00:00,366.43,19,4,0,481.92,599.0266666666666,759.995,262.43
2023-04-28 20:00:00,262.43,20,4,0,366.43,370.26,667.51,181.88
2023-04-28 21:00:00,181.88,21,4,0,262.43,270.24666666666667,531.5583333333334,179.12
2023-04-28 22:00:00,179.12,22,4,0,181.88,207.81000000000003,403.41833333333335,188.96
2023-04-28 23:00:00,188.96,23,4,0,179.12,183.32000000000002,276.79,206.04
2023-04-29 00:00:00,206.04,0,5,1,188.96,191.37333333333333,230.80999999999997,204.1
2023-04-29 01:00:00,204.1,1,5,1,206.04,199.70000000000002,203.755,193.12
2023-04-29 02:00:00,193.12,2,5,1,204.1,201.08666666666667,192.20333333333335,199.9
2023-04-29 03:00:00,199.9,3,5,1,193.12,199.04,195.20666666666668,204.19
2023-04-29 04:00:00,204.19,4,5,1,199.9,199.07000000000002,199.385,203.78
2023-04-29 05:00:00,203.78,5,5,1,204.19,202.62333333333333,201.85500000000002,182.27
2023-04-29 06:00:00,182.27,6,5,1,203.78,196.74666666666667,197.89333333333335,187.51
2023-04-29 07:00:00,187.51,7,5,1,182.27,191.18666666666664,195.12833333333333,215.12
2023-04-29 08:00:00,215.12,8,5,1,187.51,194.9666666666667,198.795,200.65
2023-04-29 09:00:00,200.65,9,5,1,215.12,201.09333333333333,198.92,325.77
2023-04-29 10:00:00,325.77,10,5,1,200.65,247.17999999999998,219.1833333333333,325.62
2023-04-29 11:00:00,325.62,11,5,1,325.77,284.0133333333333,239.49,331.36
2023-04-29 12:00:00,331.36,12,5,1,325.62,327.5833333333333,264.33833333333337,325.45
2023-04-29 13:00:00,325.45,13,5,1,331.36,327.4766666666667,287.3283333333333,313.96
2023-04-29 14:00:00,313.96,14,5,1,325.45,323.59,303.8016666666667,316.42
2023-04-29 15:00:00,316.42,15,5,1,313.96,318.60999999999996,323.0966666666667,326.19
2023-04-29 16:00:00,326.19,16,5,1,316.42,318.8566666666666,323.1666666666667,193.79
2023-04-29 17:00:00,193.79,17,5,1,326.19,278.8,301.195,186.84
2023-04-29 18:00:00,186.84,18,5,1,193.79,235.60666666666668,277.1083333333333,224.73
2023-04-29 19:00:00,224.73,19,5,1,186.84,201.78666666666666,260.32166666666666,186.94
2023-04-29 20:00:00,186.94,20,5,1,224.73,199.50333333333333,239.15166666666667,201.23
2023-04-29 21:00:00,201.23,21,5,1,186.94,204.29999999999998,219.9533333333333,201.11
2023-04-29 22:00:00,201.11,22,5,1,201.23,196.42666666666665,199.10666666666665,197.14
2023-04-29 23:00:00,197.14,23,5,1,201.11,199.82666666666668,199.665,208.42
2023-04-30 00:00:00,208.42,0,6,1,197.14,202.22333333333333,203.26166666666666,206.78
2023-04-30 01:00:00,206.78,1,6,1,208.42,204.11333333333332,200.26999999999998,197.67
2023-04-30 02:00:00,197.67,2,6,1,206.78,204.29,202.0583333333333,207.37
2023-04-30 03:00:00,207.37,3,6,1,197.67,203.94000000000003,203.08166666666668,187.19
2023-04-30 04:00:00,187.19,4,6,1,207.37,197.41,200.76166666666666,197.15
2023-04-30 05:00:00,197.15,5,6,1,187.19,197.23666666666668,200.76333333333332,197.27
2023-04-30 06:00:00,197.27,6,6,1,197.15,193.87,198.905,197.67
2023-04-30 07:00:00,197.67,7,6,1,197.27,197.36333333333332,197.38666666666668,197.41
2023-04-30 08:00:00,197.41,8,6,1,197.67,197.45000000000002,197.34333333333333,212.27
2023-04-30 09:00:00,212.27,9,6,1,197.41,202.45000000000002,198.16,325.9
2023-04-30 10:00:00,325.9,10,6,1,212.27,245.1933333333333,221.27833333333334,340.84
2023-04-30 11:00:00,340.84,11,6,1,325.9,293.00333333333333,245.22666666666666,315.92
2023-04-30 12:00:00,315.92,12,6,1,340.84,327.55333333333334,265.00166666666667,319.81
2023-04-30 13:00:00,319.81,13,6,1,315.92,325.5233333333333,285.35833333333335,315.41
2023-04-30 14:00:00,315.41,14,6,1,319.81,317.0466666666667,305.02500000000003,317.32
2023-04-30 15:00:00,317.32,15,6,1,315.41,317.5133333333333,322.53333333333336,332.06
2023-04-30 16:00:00,332.06,16,6,1,317.32,321.59666666666664,323.56,207.48
2023-04-30 17:00:00,207.48,17,6,1,332.06,285.61999999999995,301.3333333333333,205.5
2023-04-30 18:00:00,205.5,18,6,1,207.48,248.34666666666666,282.93,185.67
2023-04-30 19:00:00,185.67,19,6,1,205.5,199.54999999999998,260.5733333333333,202.79
2023-04-30 20:00:00,202.79,20,6,1,185.67,197.98666666666665,241.8033333333333,202.07
2023-04-30 21:00:00,202.07,21,6,1,202.79,196.84333333333333,222.595,221.08
2023-04-30 22:00:00,221.08,22,6,1,202.07,208.64666666666668,204.09833333333336,200.89
2023-04-30 23:00:00,200.89,23,6,1,221.08,208.01333333333332,203.0,244.77
2023-05-01 00:00:00,244.77,0,0,0,200.89,222.24666666666667,209.545,251.86
2023-05-01 01:00:00,251.86,1,0,0,244.77,232.50666666666666,220.57666666666668,242.89
2023-05-01 02:00:00,242.89,2,0,0,251.86,246.50666666666666,227.26,246.54
2023-05-01 03:00:00,246.54,3,0,0,242.89,247.09666666666666,234.67166666666665,237.17
2023-05-01 04:00:00,237.17,4,0,0,246.54,242.20000000000002,237.35333333333332,237.95
2023-05-01 05:00:00,237.95,5,0,0,237.17,240.5533333333333,243.53,248.74
2023-05-01 06:00:00,248.74,6,0,0,237.95,241.28666666666666,244.1916666666667,260.81
2023-05-01 07:00:00,260.81,7,0,0,248.74,249.16666666666666,245.6833333333333,240.89
2023-05-01 08:00:00,240.89,8,0,0,260.81,250.14666666666665,245.35,252.44
2023-05-01 09:00:00,252.44,9,0,0,240.89,251.37999999999997,246.33333333333334,246.79
2023-05-01 10:00:00,246.79,10,0,0,252.44,246.70666666666668,247.93666666666664,260.75
2023-05-01 11:00:00,260.75,11,0,0,246.79,253.32666666666668,251.73666666666668,292.39
2023-05-01 12:00:00,292.39,12,0,0,260.75,266.6433333333334,259.01166666666666,250.79
2023-05-01 13:00:00,250.79,13,0,0,292.39,267.9766666666667,257.34166666666664,281.4
2023-05-01 14:00:00,281.4,14,0,0,250.79,274.86,264.0933333333333,260.79
2023-05-01 15:00:00,260.79,15,0,0,281.4,264.32666666666665,265.485,265.69
2023-05-01 16:00:00,265.69,16,0,0,260.79,269.29333333333335,268.635,253.97
2023-05-01 17:00:00,253.97,17,0,0,265.69,260.15000000000003,267.505,245.71
2023-05-01 18:00:00,245.71,18,0,0,253.97,255.12333333333336,259.72499999999997,245.6
2023-05-01 19:00:00,245.6,19,0,0,245.71,248.4266666666667,258.86,243.24
2023-05-01 20:00:00,243.24,20,0,0,245.6,244.85000000000002,252.50000000000003,242.62
2023-05-01 21:00:00,242.62,21,0,0,243.24,243.82000000000005,249.47166666666666,247.04
2023-05-01 22:00:00,247.04,22,0,0,242.62,244.30000000000004,246.36333333333332,253.35
2023-05-01 23:00:00,253.35,23,0,0,247.04,247.67000000000004,246.26000000000002,176.87
2023-05-02 00:00:00,176.87,0,1,0,253.35,225.75333333333336,234.78666666666666,180.28
2023-05-02 01:00:00,180.28,1,1,0,176.87,203.50000000000003,223.89999999999998,187.03
2023-05-02 02:00:00,187.03,2,1,0,180.28,181.39333333333335,214.53166666666664,187.11
2023-05-02 03:00:00,187.11,3,1,0,187.03,184.8066666666667,205.28,192.19
2023-05-02 04:00:00,192.19,4,1,0,187.11,188.77666666666673,196.13833333333335,195.89
2023-05-02 05:00:00,195.89,5,1,0,192.19,191.73000000000005,186.5616666666667,186.63
2023-05-02 06:00:00,186.63,6,1,0,195.89,191.57000000000005,188.18833333333336,555.86
2023-05-02 07:00:00,555.86,7,1,0,186.63,312.79333333333335,250.785,804.39
2023-05-02 08:00:00,804.39,8,1,0,555.86,515.6266666666667,353.67833333333334,927.12
2023-05-02 09:00:00,927.12,9,1,0,804.39,762.4566666666668,477.0133333333333,992.56
2023-05-02 10:00:00,992.56,10,1,0,927.12,908.0233333333334,610.4083333333333,1078.71
2023-05-02 11:00:00,1078.71,11,1,0,992.56,999.4633333333335,757.5450000000001,1071.26
2023-05-02 12:00:00,1071.26,12,1,0,1078.71,1047.5100000000002,904.9833333333332,847.66
2023-05-02 13:00:00,847.66,13,1,0,1071.26,999.21,953.6166666666667,884.1
2023-05-02 14:00:00,884.1,14,1,0,847.66,934.3400000000001,966.9016666666666,1021.5
2023-05-02 15:00:00,1021.5,15,1,0,884.1,917.7533333333334,982.6316666666667,1005.83
2023-05-02 16:00:00,1005.83,16,1,0,1021.5,970.4766666666668,984.8433333333332,982.47
2023-05-02 17:00:00,982.47,17,1,0,1005.83,1003.2666666666668,968.8033333333334,462.59
2023-05-02 18:00:00,462.59,18,1,0,982.47,816.9633333333335,867.3583333333335,367.02
2023-05-02 19:00:00,367.02,19,1,0,462.59,604.0266666666668,787.2516666666667,278.04
2023-05-02 20:00:00,278.04,20,1,0,367.02,369.2166666666667,686.2416666666667,203.37
2023-05-02 21:00:00,203.37,21,1,0,278.04,282.8100000000001,549.8866666666667,182.74
2023-05-02 22:00:00,182.74,22,1,0,203.37,221.38333333333344,412.705,188.23
2023-05-02 23:00:00,188.23,23,1,0,182.74,191.44666666666674,280.33166666666665,188.73
2023-05-03 00:00:00,188.73,0,2,0,188.23,186.56666666666675,234.6883333333333,174.96
2023-05-03 01:00:00,174.96,1,2,0,188.73,183.9733333333334,202.6783333333333,196.04
2023-05-03 02:00:00,196.04,2,2,0,174.96,186.57666666666674,189.01166666666666,198.18
2023-05-03 03:00:00,198.18,3,2,0,196.04,189.72666666666677,188.14666666666668,193.55
2023-05-03 04:00:00,193.55,4,2,0,198.18,195.9233333333334,189.94833333333335,196.36
2023-05-03 05:00:00,196.36,5,2,0,193.55,196.0300000000001,191.3033333333333,189.73
2023-05-03 06:00:00,189.73,6,2,0,196.36,193.2133333333334,191.47,563.64
2023-05-03 07:00:00,563.64,7,2,0,189.73,316.57666666666677,256.25,791.87
2023-05-03 08:00:00,791.87,8,2,0,563.64,515.08,355.555,995.58
2023-05-03 09:00:00,995.58,9,2,0,791.87,783.6966666666667,488.455,995.19
2023-05-03 10:00:00,995.19,10,2,0,995.58,927.5466666666667,622.0616666666666,1052.15
2023-05-03 11:00:00,1052.15,11,2,0,995.19,1014.3066666666667,764.6933333333333,1113.57
2023-05-03 12:00:00,1113.57,12,2,0,1052.15,1053.6366666666668,918.6666666666666,859.08
2023-05-03 13:00:00,859.08,13,2,0,1113.57,1008.2666666666668,967.9066666666668,823.02
2023-05-03 14:00:00,823.02,14,2,0,859.08,931.89,973.0983333333334,1016.35
2023-05-03 15:00:00,1016.35,15,2,0,823.02,899.4833333333335,976.5600000000001,996.22
2023-05-03 16:00:00,996.22,16,2,0,1016.35,945.1966666666667,976.7316666666667,1000.94
2023-05-03 17:00:00,1000.94,17,2,0,996.22,1004.5033333333334,968.1966666666666,490.43
2023-05-03 18:00:00,490.43,18,2,0,1000.94,829.1966666666667,864.34,371.23
2023-05-03 19:00:00,371.23,19,2,0,490.43,620.8666666666668,783.0316666666666,296.89
2023-05-03 20:00:00,296.89,20,2,0,371.23,386.1833333333334,695.3433333333334,181.24
2023-05-03 21:00:00,181.24,21,2,0,296.89,283.12000000000006,556.1583333333334,204.1
2023-05-03 22:00:00,204.1,22,2,0,181.24,227.41000000000008,424.1383333333334,196.76
2023-05-03 23:00:00,196.76,23,2,0,204.1,194.03333333333342,290.10833333333335,196.02
2023-05-04 00:00:00,196.02,0,3,0,196.76,198.96000000000006,241.04,203.11
2023-05-04 01:00:00,203.11,1,3,0,196.02,198.63000000000008,213.01999999999998,183.62
2023-05-04 02:00:00,183.62,2,3,0,203.11,194.25000000000009,194.14166666666668,195.81
2023-05-04 03:00:00,195.81,3,3,0,183.62,194.18000000000006,196.57000000000002,190.07
2023-05-04 04:00:00,190.07,4,3,0,195.81,189.8333333333334,194.23166666666668,201.87
2023-05-04 05:00:00,201.87,5,3,0,190.07,195.91666666666674,195.08333333333334,192.21
2023-05-04 06:00:00,192.21,6,3,0,201.87,194.71666666666673,194.44833333333335,541.18
2023-05-04 07:00:00,541.18,7,3,0,192.21,311.7533333333334,250.7933333333333,808.38
2023-05-04 08:00:00,808.38,8,3,0,541.18,513.9233333333333,354.92,906.35
2023-05-04 09:00:00,906.35,9,3,0,808.38,751.9699999999999,473.3433333333333,1027.24
2023-05-04 10:00:00,1027.24,10,3,0,906.35,913.9900000000001,612.8716666666667,1074.77
2023-05-04 11:00:00,1074.77,11,3,0,1027.24,1002.7866666666667,758.355,1087.75
2023-05-04 12:00:00,1087.75,12,3,0,1074.77,1063.2533333333333,907.6116666666667,894.74
2023-05-04 13:00:00,894.74,13,3,0,1087.75,1019.0866666666667,966.5383333333333,828.09
2023-05-04 14:00:00,828.09,14,3,0,894.74,936.86,969.8233333333334,1014.71
2023-05-04 15:00:00,1014.71,15,3,0,828.09,912.5133333333333,987.8833333333333,980.06
2023-05-04 16:00:00,980.06,16,3,0,1014.71,940.9533333333334,980.02,977.37
2023-05-04 17:00:00,977.37,17,3,0,980.06,990.7133333333333,963.7866666666667,418.54
2023-05-04 18:00:00,418.54,18,3,0,977.37,791.9899999999999,852.2516666666667,373.16
2023-05-04 19:00:00,373.16,19,3,0,418.54,589.6899999999999,765.3216666666667,300.88
2023-05-04 20:00:00,300.88,20,3,0,373.16,364.1933333333333,677.4533333333334,183.93
2023-05-04 21:00:00,183.93,21,3,0,300.88,285.99,538.99,179.21
2023-05-04 22:00:00,179.21,22,3,0,183.93,221.34,405.51500000000004,188.88
2023-05-04 23:00:00,188.88,23,3,0,179.21,184.00666666666666,274.1,183.07
2023-05-05 00:00:00,183.07,0,4,0,188.88,183.72,234.85500000000002,176.4
2023-05-05 01:00:00,176.4,1,4,0,183.07,182.7833333333333,202.06166666666664,181.05
2023-05-05 02:00:00,181.05,2,4,0,176.4,180.17333333333332,182.09,192.93
2023-05-05 03:00:00,192.93,3,4,0,181.05,183.46000000000004,183.59,197.08
2023-05-05 04:00:00,197.08,4,4,0,192.93,190.35333333333335,186.56833333333336,175.31
2023-05-05 05:00:00,175.31,5,4,0,197.08,188.44000000000003,184.3066666666667,185.48
2023-05-05 06:00:00,185.48,6,4,0,175.31,185.95666666666668,184.70833333333334,546.95
2023-05-05 07:00:00,546.95,7,4,0,185.48,302.58,246.4666666666667,802.37
2023-05-05 08:00:00,802.37,8,4,0,546.95,511.6000000000001,350.02,977.23
2023-05-05 09:00:00,977.23,9,4,0,802.37,775.5166666666668,480.7366666666667,982.23
2023-05-05 10:00:00,982.23,10,4,0,977.23,920.61,611.595,1065.85
2023-05-05 11:00:00,1065.85,11,4,0,982.23,1008.4366666666666,760.0183333333334,1132.93
2023-05-05 12:00:00,1132.93,12,4,0,1065.85,1060.3366666666668,917.9266666666666,851.95
2023-05-05 13:00:00,851.95,13,4,0,1132.93,1016.91,968.7599999999999,849.27
2023-05-05 14:00:00,849.27,14,4,0,851.95,944.7166666666667,976.5766666666667,1021.23
2023-05-05 15:00:00,1021.23,15,4,0,849.27,907.4833333333332,983.9099999999999,988.67
2023-05-05 16:00:00,988.67,16,4,0,1021.23,953.0566666666667,984.9833333333332,1003.31
2023-05-05 17:00:00,1003.31,17,4,0,988.67,1004.4033333333333,974.56,439.59
2023-05-05 18:00:00,439.59,18,4,0,1003.31,810.5233333333332,859.0033333333334,367.59
2023-05-05 19:00:00,367.59,19,4,0,439.59,603.4966666666666,778.2766666666666,301.49
2023-05-05 20:00:00,301.49,20,4,0,367.59,369.5566666666667,686.98,186.34
2023-05-05 21:00:00,186.34,21,4,0,301.49,285.14000000000004,547.8316666666666,196.85
2023-05-05 22:00:00,196.85,22,4,0,186.34,228.2266666666667,415.8616666666666,177.81
2023-05-05 23:00:00,177.81,23,4,0,196.85,187.0,278.2783333333333,200.23
2023-05-06 00:00:00,200.23,0,5,1,177.81,191.63,238.385,203.09
2023-05-06 01:00:00,203.09,1,5,1,200.23,193.71,210.96833333333333,191.45
2023-05-06 02:00:00,191.45,2,5,1,203.09,198.25666666666666,192.62833333333333,207.43
2023-05-06 03:00:00,207.43,3,5,1,191.45,200.65666666666667,196.14333333333332,216.81
2023-05-06 04:00:00,216.81,4,5,1,207.43,205.23000000000002,199.47000000000003,206.13
2023-05-06 05:00:00,206.13,5,5,1,216.81,210.12333333333333,204.18999999999997,203.3
2023-05-06 06:00:00,203.3,6,5,1,206.13,208.74666666666667,204.70166666666668,208.84
2023-05-06 07:00:00,208.84,7,5,1,203.3,206.09,205.66,194.91
2023-05-06 08:00:00,194.91,8,5,1,208.84,202.35,206.23666666666668,217.5
2023-05-06 09:00:00,217.5,9,5,1,194.91,207.08333333333334,207.915,331.33
2023-05-06 10:00:00,331.33,10,5,1,217.5,247.91333333333333,227.00166666666667,333.11
2023-05-06 11:00:00,333.11,11,5,1,331.33,293.98,248.16500000000005,337.26
2023-05-06 12:00:00,337.26,12,5,1,333.11,333.90000000000003,270.4916666666666,347.07
2023-05-06 13:00:00,347.07,13,5,1,337.26,339.1466666666667,293.53000000000003,343.49
2023-05-06 14:00:00,343.49,14,5,1,347.07,342.6066666666666,318.29333333333335,330.02
2023-05-06 15:00:00,330.02,15,5,1,343.49,340.1933333333333,337.0466666666667,321.4
2023-05-06 16:00:00,321.4,16,5,1,330.02,331.63666666666666,335.39166666666665,204.13
2023-05-06 17:00:00,204.13,17,5,1,321.4,285.18333333333334,313.895,206.99
2023-05-06 18:00:00,206.99,18,5,1,204.13,244.17333333333332,292.18333333333334,214.86
2023-05-06 19:00:00,214.86,19,5,1,206.99,208.66,270.1483333333333,215.55
2023-05-06 20:00:00,215.55,20,5,1,214.86,212.4666666666667,248.82499999999996,196.39
2023-05-06 21:00:00,196.39,21,5,1,215.55,208.9333333333333,226.5533333333333,208.03
2023-05-06 22:00:00,208.03,22,5,1,196.39,206.65666666666667,207.65833333333333,210.86
2023-05-06 23:00:00,210.86,23,5,1,208.03,205.09333333333333,208.78,190.71
2023-05-07 00:00:00,190.71,0,6,1,210.86,203.20000000000002,206.0666666666667,211.17
2023-05-07 01:00:00,211.17,1,6,1,190.71,204.24666666666667,205.45166666666668,211.7
2023-05-07 02:00:00,211.7,2,6,1,211.17,204.52666666666667,204.80999999999997,210.78
2023-05-07 03:00:00,210.78,3,6,1,211.7,211.21666666666667,207.20833333333334,199.04
2023-05-07 04:00:00,199.04,4,6,1,210.78,207.17333333333332,205.71,196.27
2023-05-07 05:00:00,196.27,5,6,1,199.04,202.02999999999997,203.27833333333334,200.04
2023-05-07 06:00:00,200.04,6,6,1,196.27,198.45000000000002,204.83333333333334,216.72
2023-05-07 07:00:00,216.72,7,6,1,200.04,204.34333333333333,205.75833333333333,206.74
2023-05-07 08:00:00,206.74,8,6,1,216.72,207.83333333333334,204.93166666666664,200.25
2023-05-07 09:00:00,200.25,9,6,1,206.74,207.90333333333334,203.17666666666665,339.25
2023-05-07 10:00:00,339.25,10,6,1,200.25,248.74666666666667,226.545,343.2
2023-05-07 11:00:00,343.2,11,6,1,339.25,294.23333333333335,251.03333333333333,316.2
2023-05-07 12:00:00,316.2,12,6,1,343.2,332.8833333333333,270.3933333333334,328.9
2023-05-07 13:00:00,328.9,13,6,1,316.2,329.43333333333334,289.09,331.33
2023-05-07 14:00:00,331.33,14,6,1,328.9,325.47666666666663,309.855,338.98
2023-05-07 15:00:00,338.98,15,6,1,331.33,333.07,332.9766666666667,334.71
2023-05-07 16:00:00,334.71,16,6,1,338.98,335.00666666666666,332.21999999999997,203.21
2023-05-07 17:00:00,203.21,17,6,1,334.71,292.3,308.8883333333333,211.36
2023-05-07 18:00:00,211.36,18,6,1,203.21,249.76000000000002,291.415,205.98
2023-05-07 19:00:00,205.98,19,6,1,211.36,206.85,270.92833333333334,202.29
2023-05-07 20:00:00,202.29,20,6,1,205.98,206.54333333333332,249.4216666666667,217.89
2023-05-07 21:00:00,217.89,21,6,1,202.29,208.72,229.24,212.95
2023-05-07 22:00:00,212.95,22,6,1,217.89,211.04333333333332,208.9466666666667,207.93
2023-05-07 23:00:00,207.93,23,6,1,212.95,212.92333333333332,209.73333333333335,174.83
2023-05-08 00:00:00,174.83,0,0,0,207.93,198.57000000000002,203.64499999999998,192.14
2023-05-08 01:00:00,192.14,1,0,0,174.83,191.63333333333333,201.33833333333334,194.42
2023-05-08 02:00:00,194.42,2,0,0,192.14,187.13,200.02666666666667,191.11
2023-05-08 03:00:00,191.11,3,0,0,194.42,192.55666666666664,195.56333333333336,202.09
2023-05-08 04:00:00,202.09,4,0,0,191.11,195.87333333333333,193.75333333333333,189.65
2023-05-08 05:00:00,189.65,5,0,0,202.09,194.28333333333333,190.70666666666668,196.03
2023-05-08 06:00:00,196.03,6,0,0,189.65,195.92333333333332,194.24,548.35
2023-05-08 07:00:00,548.35,7,0,0,196.03,311.34333333333336,253.60833333333335,802.2
2023-05-08 08:00:00,802.2,8,0,0,548.35,515.5266666666668,354.905,985.56
2023-05-08 09:00:00,985.56,9,0,0,802.2,778.7033333333334,487.31333333333333,1035.04
2023-05-08 10:00:00,1035.04,10,0,0,985.56,940.9333333333334,626.1383333333333,1074.69
2023-05-08 11:00:00,1074.69,11,0,0,1035.04,1031.7633333333333,773.645,1098.37
2023-05-08 12:00:00,1098.37,12,0,0,1074.69,1069.3666666666666,924.035,884.21
2023-05-08 13:00:00,884.21,13,0,0,1098.37,1019.09,980.0116666666667,879.9
2023-05-08 14:00:00,879.9,14,0,0,884.21,954.16,992.9616666666666,1003.17
2023-05-08 15:00:00,1003.17,15,0,0,879.9,922.4266666666666,995.8966666666665,1006.41
2023-05-08 16:00:00,1006.41,16,0,0,1003.17,963.16,991.125,945.25
2023-05-08 17:00:00,945.25,17,0,0,1006.41,984.9433333333333,969.5516666666666,424.68
2023-05-08 18:00:00,424.68,18,0,0,945.25,792.1133333333333,857.27,379.59
2023-05-08 19:00:00,379.59,19,0,0,424.68,583.1733333333333,773.1666666666666,289.07
2023-05-08 20:00:00,289.07,20,0,0,379.59,364.44666666666666,674.6949999999999,201.51
2023-05-08 21:00:00,201.51,21,0,0,289.07,290.0566666666666,541.085,200.49
2023-05-08 22:00:00,200.49,22,0,0,201.51,230.35666666666665,406.76499999999993,178.22
2023-05-08 23:00:00,178.22,23,0,0,200.49,193.40666666666667,278.9266666666667,204.1
2023-05-09 00:00:00,204.1,0,1,0,178.22,194.26999999999998,242.16333333333333,184.39
2023-05-09 01:00:00,184.39,1,1,0,204.1,188.90333333333334,209.62999999999997,196.24
2023-05-09 02:00:00,196.24,2,1,0,184.39,194.91,194.1583333333333,178.56
2023-05-09 03:00:00,178.56,3,1,0,196.24,186.39666666666668,190.33333333333334,205.98
2023-05-09 04:00:00,205.98,4,1,0,178.56,193.59333333333333,191.24833333333333,184.78
2023-05-09 05:00:00,184.78,5,1,0,205.98,189.7733333333333,192.34166666666667,180.49
2023-05-09 06:00:00,180.49,6,1,0,184.78,190.41666666666666,188.40666666666667,551.65
2023-05-09 07:00:00,551.65,7,1,0,180.49,305.64,249.61666666666665,807.18
2023-05-09 08:00:00,807.18,8,1,0,551.65,513.1066666666667,351.44,1004.41
2023-05-09 09:00:00,1004.41,9,1,0,807.18,787.7466666666666,489.08166666666665,1027.08
2023-05-09 10:00:00,1027.08,10,1,0,1004.41,946.2233333333332,625.9316666666666,1077.87
2023-05-09 11:00:00,1077.87,11,1,0,1027.08,1036.4533333333331,774.7799999999999,1164.01
2023-05-09 12:00:00,1164.01,12,1,0,1077.87,1089.6533333333334,938.6999999999999,868.09
2023-05-09 13:00:00,868.09,13,1,0,1164.01,1036.6566666666665,991.4399999999999,816.56
2023-05-09 14:00:00,816.56,14,1,0,868.09,949.5533333333333,993.0033333333332,1109.5
2023-05-09 15:00:00,1109.5,15,1,0,816.56,931.3833333333332,1010.5183333333333,1057.2
2023-05-09 16:00:00,1057.2,16,1,0,1109.5,994.42,1015.5383333333333,992.21
2023-05-09 17:00:00,992.21,17,1,0,1057.2,1052.97,1001.2616666666667,434.37
2023-05-09 18:00:00,434.37,18,1,0,992.21,827.9266666666666,879.6549999999999,380.83
2023-05-09 19:00:00,380.83,19,1,0,434.37,602.4699999999999,798.4449999999998,278.43
2023-05-09 20:00:00,278.43,20,1,0,380.83,364.54333333333324,708.7566666666667,190.19
2023-05-09 21:00:00,190.19,21,1,0,278.43,283.1499999999999,555.5383333333333,188.46
2023-05-09 22:00:00,188.46,22,1,0,190.19,219.0266666666666,410.7483333333333,195.68
2023-05-09 23:00:00,195.68,23,1,0,188.46,191.44333333333327,277.9933333333333,194.87
2023-05-10 00:00:00,194.87,0,2,0,195.68,193.00333333333325,238.0766666666666,185.76
2023-05-10 01:00:00,185.76,1,2,0,194.87,192.10333333333324,205.5649999999999,183.21
2023-05-10 02:00:00,183.21,2,2,0,185.76,187.9466666666666,189.69499999999994,189.81
2023-05-10 03:00:00,189.81,3,2,0,183.21,186.2599999999999,189.63166666666658,170.46
2023-05-10 04:00:00,170.46,4,2,0,189.81,181.15999999999994,186.63166666666658,192.1
2023-05-10 05:00:00,192.1,5,2,0,170.46,184.12333333333325,186.03499999999994,191.59
2023-05-10 06:00:00,191.59,6,2,0,192.1,184.71666666666658,185.48833333333326,555.84
2023-05-10 07:00:00,555.84,7,2,0,191.59,313.17666666666656,247.16833333333327,806.41
2023-05-10 08:00:00,806.41,8,2,0,555.84,517.9466666666666,351.0349999999999,983.77
2023-05-10 09:00:00,983.77,9,2,0,806.41,782.0066666666665,483.3616666666666,1046.05
2023-05-10 10:00:00,1046.05,10,2,0,983.77,945.4099999999999,629.2933333333332,1095.15
2023-05-10 11:00:00,1095.15,11,2,0,1046.05,1041.6566666666668,779.8016666666666,1097.13
2023-05-10 12:00:00,1097.13,12,2,0,1095.15,1079.4433333333334,930.7249999999999,902.37
2023-05-10 13:00:00,902.37,13,2,0,1097.13,1031.55,988.4799999999999,853.37
2023-05-10 14:00:00,853.37,14,2,0,902.37,950.9566666666666,996.3066666666665,1024.04
2023-05-10 15:00:00,1024.04,15,2,0,853.37,926.5933333333332,1003.0183333333333,981.04
2023-05-10 16:00:00,981.04,16,2,0,1024.04,952.8166666666666,992.1833333333333,974.68
2023-05-10 17:00:00,974.68,17,2,0,981.04,993.2533333333332,972.1049999999999,458.78
2023-05-10 18:00:00,458.78,18,2,0,974.68,804.8333333333331,865.7133333333333,367.38
2023-05-10 19:00:00,367.38,19,2,0,458.78,600.2799999999999,776.5483333333332,284.23
2023-05-10 20:00:00,284.23,20,2,0,367.38,370.12999999999994,681.6916666666665,196.31
2023-05-10 21:00:00,196.31,21,2,0,284.23,282.63999999999993,543.7366666666666,191.37
2023-05-10 22:00:00,191.37,22,2,0,196.31,223.96999999999994,412.12499999999983,182.91
2023-05-10 23:00:00,182.91,23,2,0,191.37,190.1966666666666,280.16333333333324,186.98
2023-05-11 00:00:00,186.98,0,3,0,182.91,187.0866666666666,234.86333333333323,194.51
2023-05-11 01:00:00,194.51,1,3,0,186.98,188.13333333333324,206.0516666666666,202.91
2023-05-11 02:00:00,202.91,2,3,0,194.51,194.79999999999993,192.49833333333325,181.2
2023-05-11 03:00:00,181.2,3,3,0,202.91,192.87333333333325,189.97999999999993,177.33
2023-05-11 04:00:00,177.33,4,3,0,181.2,187.14666666666662,187.6399999999999,196.51
2023-05-11 05:00:00,196.51,5,3,0,177.33,185.01333333333324,189.9066666666666,183.53
2023-05-11 06:00:00,183.53,6,3,0,196.51,185.78999999999994,189.3316666666666,555.49
2023-05-11 07:00:00,555.49,7,3,0,183.53,311.84333333333325,249.4949999999999,796.94
2023-05-11 08:00:00,796.94,8,3,0,555.49,511.9866666666666,348.49999999999994,951.24
2023-05-11 09:00:00,951.24,9,3,0,796.94,767.89,476.8399999999999,1033.71
2023-05-11 10:00:00,1033.71,10,3,0,951.24,927.2966666666666,619.5699999999999,1019.19
2023-05-11 11:00:00,1019.19,11,3,0,1033.71,1001.38,756.6833333333333,1095.51
2023-05-11 12:00:00,1095.51,12,3,0,1019.19,1049.47,908.68,823.85
2023-05-11 13:00:00,823.85,13,3,0,1095.51,979.5166666666665,953.4066666666666,785.27
2023-05-11 14:00:00,785.27,14,3,0,823.85,901.5433333333332,951.4616666666666,1061.1
2023-05-11 15:00:00,1061.1,15,3,0,785.27,890.0733333333332,969.7716666666665,1009.78
2023-05-11 16:00:00,1009.78,16,3,0,1061.1,952.0499999999998,965.7833333333333,997.38
2023-05-11 17:00:00,997.38,17,3,0,1009.78,1022.7533333333332,962.1483333333334,478.52
2023-05-11 18:00:00,478.52,18,3,0,997.38,828.56,859.3166666666666,376.74
2023-05-11 19:00:00,376.74,19,3,0,478.52,617.5466666666666,784.7983333333332,299.37
2023-05-11 20:00:00,299.37,20,3,0,376.74,384.87666666666655,703.8149999999999,198.48
2023-05-11 21:00:00,198.48,21,3,0,299.37,291.5299999999999,560.045,204.6
2023-05-11 22:00:00,204.6,22,3,0,198.48,234.14999999999995,425.8483333333333,189.58
2023-05-11 23:00:00,189.58,23,3,0,204.6,197.55333333333326,291.215,182.04
2023-05-12 00:00:00,182.04,0,4,0,189.58,192.07333333333327,241.8016666666666,182.24
2023-05-12 01:00:00,182.24,1,4,0,182.04,184.61999999999992,209.38499999999996,176.71
2023-05-12 02:00:00,176.71,2,4,0,182.24,180.32999999999993,188.9416666666666,202.71
2023-05-12 03:00:00,202.71,3,4,0,176.71,187.21999999999994,189.64666666666662,193.49
2023-05-12 04:00:00,193.49,4,4,0,202.71,190.96999999999994,187.79499999999993,175.79
2023-05-12 05:00:00,175.79,5,4,0,193.49,190.66333333333327,185.49666666666658,186.33
2023-05-12 06:00:00,186.33,6,4,0,175.79,185.20333333333326,186.2116666666666,547.93
2023-05-12 07:00:00,547.93,7,4,0,186.33,303.3499999999999,247.15999999999994,797.67
2023-05-12 08:00:00,797.67,8,4,0,547.93,510.64333333333326,350.65333333333325,974.11
2023-05-12 09:00:00,974.11,9,4,0,797.67,773.2366666666667,479.21999999999997,1005.95
2023-05-12 10:00:00,1005.95,10,4,0,974.11,925.9099999999999,614.63,1028.24
2023-05-12 11:00:00,1028.24,11,4,0,1005.95,1002.7666666666665,756.7049999999999,1086.86
2023-05-12 12:00:00,1086.86,12,4,0,1028.24,1040.35,906.7933333333332,839.87
2023-05-12 13:00:00,839.87,13,4,0,1086.86,984.9899999999998,955.4499999999999,821.85
2023-05-12 14:00:00,821.85,14,4,0,839.87,916.1933333333333,959.48,1045.48
2023-05-12 15:00:00,1045.48,15,4,0,821.85,902.4,971.3749999999999,971.03
2023-05-12 16:00:00,971.03,16,4,0,1045.48,946.1199999999999,965.555,977.81
2023-05-12 17:00:00,977.81,17,4,0,971.03,998.1066666666666,957.15,440.6
2023-05-12 18:00:00,440.6,18,4,0,977.81,796.4799999999999,849.4399999999999,361.18
2023-05-12 19:00:00,361.18,19,4,0,440.6,593.1966666666666,769.6583333333332,297.23
2023-05-12 20:00:00,297.23,20,4,0,361.18,366.3366666666666,682.2216666666667,196.29
2023-05-12 21:00:00,196.29,21,4,0,297.23,284.8999999999999,540.6899999999999,200.65
2023-05-12 22:00:00,200.65,22,4,0,196.29,231.38999999999996,412.29333333333324,185.54
2023-05-12 23:00:00,185.54,23,4,0,200.65,194.15999999999994,280.2483333333333,199.94
2023-05-13 00:00:00,199.94,0,5,1,185.54,195.37666666666658,240.13833333333324,207.97
2023-05-13 01:00:00,207.97,1,5,1,199.94,197.8166666666666,214.60333333333327,206.85
2023-05-13 02:00:00,206.85,2,5,1,207.97,204.91999999999993,199.53999999999994,218.8
2023-05-13 03:00:00,218.8,3,5,1,206.85,211.2066666666666,203.2916666666666,210.63
2023-05-13 04:00:00,210.63,4,5,1,218.8,212.09333333333325,204.95499999999993,194.1
2023-05-13 05:00:00,194.1,5,5,1,210.63,207.84333333333325,206.38166666666658,213.89
2023-05-13 06:00:00,213.89,6,5,1,194.1,206.2066666666666,208.7066666666666,213.38
2023-05-13 07:00:00,213.38,7,5,1,213.89,207.12333333333325,209.60833333333323,205.57
2023-05-13 08:00:00,205.57,8,5,1,213.38,210.94666666666657,209.3949999999999,207.56
2023-05-13 09:00:00,207.56,9,5,1,205.57,208.8366666666666,207.52166666666662,347.75
2023-05-13 10:00:00,347.75,10,5,1,207.56,253.62666666666658,230.37499999999991,346.84
2023-05-13 11:00:00,346.84,11,5,1,347.75,300.7166666666665,255.8316666666666,323.9
2023-05-13 12:00:00,323.9,12,5,1,346.84,339.4966666666666,274.1666666666666,351.76
2023-05-13 13:00:00,351.76,13,5,1,323.9,340.83333333333326,297.22999999999996,334.64
2023-05-13 14:00:00,334.64,14,5,1,351.76,336.7666666666666,318.74166666666656,331.5
2023-05-13 15:00:00,331.5,15,5,1,334.64,339.2999999999999,339.39833333333326,341.09
2023-05-13 16:00:00,341.09,16,5,1,331.5,335.7433333333332,338.28833333333324,203.51
2023-05-13 17:00:00,203.51,17,5,1,341.09,292.03333333333325,314.3999999999999,201.39
2023-05-13 18:00:00,201.39,18,5,1,203.51,248.6633333333332,293.9816666666666,208.24
2023-05-13 19:00:00,208.24,19,5,1,201.39,204.3799999999999,270.0616666666666,205.57
2023-05-13 20:00:00,205.57,20,5,1,208.24,205.0666666666666,248.54999999999993,218.55
2023-05-13 21:00:00,218.55,21,5,1,205.57,210.7866666666666,229.7249999999999,205.48
2023-05-13 22:00:00,205.48,22,5,1,218.55,209.8666666666666,207.12333333333325,216.75
2023-05-13 23:00:00,216.75,23,5,1,205.48,213.59333333333325,209.32999999999993,209.79
2023-05-14 00:00:00,209.79,0,6,1,216.75,210.67333333333326,210.7299999999999,190.06
2023-05-14 01:00:00,190.06,1,6,1,209.79,205.53333333333322,207.6999999999999,206.03
2023-05-14 02:00:00,206.03,2,6,1,190.06,201.95999999999992,207.7766666666666,186.83
2023-05-14 03:00:00,186.83,3,6,1,206.03,194.30666666666662,202.48999999999992,204.24
2023-05-14 04:00:00,204.24,4,6,1,186.83,199.03333333333327,202.28333333333327,211.45
2023-05-14 05:00:00,211.45,5,6,1,204.24,200.83999999999992,201.39999999999995,209.84
2023-05-14 06:00:00,209.84,6,6,1,211.45,208.5099999999999,201.40833333333327,208.02
2023-05-14 07:00:00,208.02,7,6,1,209.84,209.7699999999999,204.4016666666666,215.38
2023-05-14 08:00:00,215.38,8,6,1,208.02,211.07999999999993,205.95999999999992,205.29
2023-05-14 09:00:00,205.29,9,6,1,215.38,209.56333333333325,209.03666666666655,340.11
2023-05-14 10:00:00,340.11,10,6,1,205.29,253.59333333333325,231.68166666666662,328.92
2023-05-14 11:00:00,328.92,11,6,1,340.11,291.4399999999999,251.25999999999996,334.64
2023-05-14 12:00:00,334.64,12,6,1,328.92,334.5566666666666,272.0599999999999,334.15
2023-05-14 13:00:00,334.15,13,6,1,334.64,332.56999999999994,293.0816666666666,330.73
2023-05-14 14:00:00,330.73,14,6,1,334.15,333.17333333333323,312.3066666666666,340.74
2023-05-14 15:00:00,340.74,15,6,1,330.73,335.20666666666665,334.8816666666666,329.68
2023-05-14 16:00:00,329.68,16,6,1,340.74,333.7166666666666,333.14333333333326,204.8
2023-05-14 17:00:00,204.8,17,6,1,329.68,291.73999999999995,312.4566666666666,213.96
2023-05-14 18:00:00,213.96,18,6,1,204.8,249.47999999999993,292.3433333333333,196.15
2023-05-14 19:00:00,196.15,19,6,1,213.96,204.96999999999994,269.34333333333325,197.84
2023-05-14 20:00:00,197.84,20,6,1,196.15,202.64999999999995,247.19499999999994,204.88
2023-05-14 21:00:00,204.88,21,6,1,197.84,199.62333333333325,224.5516666666666,223.47
2023-05-14 22:00:00,223.47,22,6,1,204.88,208.72999999999993,206.8499999999999,223.95
2023-05-14 23:00:00,223.95,23,6,1,223.47,217.43333333333325,210.0416666666666,184.91
2023-05-15 00:00:00,184.91,0,0,0,223.95,210.77666666666656,205.19999999999993,183.84
2023-05-15 01:00:00,183.84,1,0,0,184.91,197.5666666666666,203.14833333333323,180.58
2023-05-15 02:00:00,180.58,2,0,0,183.84,183.10999999999993,200.27166666666662,196.75
2023-05-15 03:00:00,196.75,3,0,0,180.58,187.05666666666662,198.9166666666666,188.93
2023-05-15 04:00:00,188.93,4,0,0,196.75,188.75333333333325,193.15999999999994,187.81
2023-05-15 05:00:00,187.81,5,0,0,188.93,191.16333333333327,187.13666666666657,173.23
2023-05-15 06:00:00,173.23,6,0,0,187.81,183.32333333333327,185.1899999999999,544.61
2023-05-15 07:00:00,544.61,7,0,0,173.23,301.88333333333327,245.31833333333327,807.16
2023-05-15 08:00:00,807.16,8,0,0,544.61,508.3333333333332,349.7483333333332,1011.63
2023-05-15 09:00:00,1011.63,9,0,0,807.16,787.7999999999998,485.56166666666655,1033.34
2023-05-15 10:00:00,1033.34,10,0,0,1011.63,950.7099999999999,626.2966666666666,1072.7
2023-05-15 11:00:00,1072.7,11,0,0,1033.34,1039.2233333333334,773.7783333333333,1107.74
2023-05-15 12:00:00,1107.74,12,0,0,1072.7,1071.26,929.5299999999999,872.13
2023-05-15 13:00:00,872.13,13,0,0,1107.74,1017.5233333333332,984.1166666666667,835.01
2023-05-15 14:00:00,835.01,14,0,0,872.13,938.2933333333332,988.7583333333332,1042.12
2023-05-15 15:00:00,1042.12,15,0,0,835.01,916.4199999999997,993.8399999999998,1008.62
2023-05-15 16:00:00,1008.62,16,0,0,1042.12,961.9166666666665,989.7199999999999,961.89
2023-05-15 17:00:00,961.89,17,0,0,1008.62,1004.2099999999999,971.2516666666666,405.97
2023-05-15 18:00:00,405.97,18,0,0,961.89,792.1599999999999,854.29,360.96
2023-05-15 19:00:00,360.96,19,0,0,405.97,576.2733333333333,769.0949999999999,302.53
2023-05-15 20:00:00,302.53,20,0,0,360.96,356.4866666666666,680.3483333333332,184.32
2023-05-15 21:00:00,184.32,21,0,0,302.53,282.60333333333324,537.3816666666665,196.91
2023-05-15 22:00:00,196.91,22,0,0,184.32,227.91999999999993,402.0966666666666,193.88
2023-05-15 23:00:00,193.88,23,0,0,196.91,191.70333333333326,274.0949999999999,175.6
2023-05-16 00:00:00,175.6,0,1,0,193.88,188.7966666666666,235.6999999999999,187.62
2023-05-16 01:00:00,187.62,1,1,0,175.6,185.69999999999993,206.80999999999992,189.54
2023-05-16 02:00:00,189.54,2,1,0,187.62,184.25333333333325,187.97833333333324,182.91
2023-05-16 03:00:00,182.91,3,1,0,189.54,186.6899999999999,187.74333333333325,195.36
2023-05-16 04:00:00,195.36,4,1,0,182.91,189.2699999999999,187.48499999999993,177.02
2023-05-16 05:00:00,177.02,5,1,0,195.36,185.0966666666666,184.67499999999993,188.48
2023-05-16 06:00:00,188.48,6,1,0,177.02,186.95333333333326,186.8216666666666,559.52
2023-05-16 07:00:00,559.52,7,1,0,188.48,308.3399999999999,248.80499999999992,810.68
2023-05-16 08:00:00,810.68,8,1,0,559.52,519.56,352.3283333333332,974.51
2023-05-16 09:00:00,974.51,9,1,0,810.68,781.5699999999998,484.2616666666666,1030.12
2023-05-16 10:00:00,1030.12,10,1,0,974.51,938.4366666666665,623.3883333333332,1056.66
2023-05-16 11:00:00,1056.66,11,1,0,1030.12,1020.43,769.9949999999999,1098.78
2023-05-16 12:00:00,1098.78,12,1,0,1056.66,1061.8533333333332,921.7116666666666,856.41
2023-05-16 13:00:00,856.41,13,1,0,1098.78,1003.9499999999998,971.1933333333332,863.98
2023-05-16 14:00:00,863.98,14,1,0,856.41,939.7233333333332,980.0766666666667,1042.29
2023-05-16 15:00:00,1042.29,15,1,0,863.98,920.8933333333331,991.3733333333333,1012.64
2023-05-16 16:00:00,1012.64,16,1,0,1042.29,972.9699999999999,988.46,986.81
2023-05-16 17:00:00,986.81,17,1,0,1012.64,1013.9133333333333,976.8183333333333,479.98
2023-05-16 18:00:00,479.98,18,1,0,986.81,826.4766666666666,873.685,369.69
2023-05-16 19:00:00,369.69,19,1,0,479.98,612.16,792.5649999999999,274.78
2023-05-16 20:00:00,274.78,20,1,0,369.69,374.8166666666666,694.3649999999999,197.76
2023-05-16 21:00:00,197.76,21,1,0,274.78,280.7433333333333,553.61,174.27
2023-05-16 22:00:00,174.27,22,1,0,197.76,215.60333333333324,413.88166666666666,197.65
2023-05-16 23:00:00,197.65,23,1,0,174.27,189.8933333333333,282.355,197.6
2023-05-17 00:00:00,197.6,0,2,0,197.65,189.83999999999992,235.29166666666666,174.81
2023-05-17 01:00:00,174.81,1,2,0,197.6,190.01999999999995,202.8116666666667,188.48
2023-05-17 02:00:00,188.48,2,2,0,174.81,186.96333333333325,188.42833333333337,213.15
2023-05-17 03:00:00,213.15,3,2,0,188.48,192.14666666666656,190.99333333333334,182.31
2023-05-17 04:00:00,182.31,4,2,0,213.15,194.64666666666662,192.33333333333334,187.39
2023-05-17 05:00:00,187.39,5,2,0,182.31,194.28333333333327,190.62333333333333,191.6
2023-05-17 06:00:00,191.6,6,2,0,187.39,187.0999999999999,189.62333333333333,542.52
2023-05-17 07:00:00,542.52,7,2,0,191.6,307.1699999999999,250.90833333333333,811.35
2023-05-17 08:00:00,811.35,8,2,0,542.52,515.1566666666666,354.72,948.91
2023-05-17 09:00:00,948.91,9,2,0,811.35,767.5933333333332,477.34666666666664,1010.1
2023-05-17 10:00:00,1010.1,10,2,0,948.91,923.4533333333333,615.3116666666666,1136.95
2023-05-17 11:00:00,1136.95,11,2,0,1010.1,1031.9866666666667,773.5716666666667,1076.08
2023-05-17 12:00:00,1076.08,12,2,0,1136.95,1074.3766666666668,920.985,844.97
2023-05-17 13:00:00,844.97,13,2,0,1076.08,1019.3333333333334,971.3933333333334,832.61
2023-05-17 14:00:00,832.61,14,2,0,844.97,917.8866666666667,974.9366666666666,995.73
2023-05-17 15:00:00,995.73,15,2,0,832.61,891.1033333333334,982.7400000000001,992.16
2023-05-17 16:00:00,992.16,16,2,0,995.73,940.1666666666666,979.75,986.04
2023-05-17 17:00:00,986.04,17,2,0,992.16,991.31,954.5983333333334,463.68
2023-05-17 18:00:00,463.68,18,2,0,986.04,813.9599999999999,852.5316666666666,365.24
2023-05-17 19:00:00,365.24,19,2,0,463.68,604.9866666666667,772.5766666666667,296.84
2023-05-17 20:00:00,296.84,20,2,0,365.24,375.25333333333333,683.2816666666668,174.23
2023-05-17 21:00:00,174.23,21,2,0,296.84,278.77,546.365,181.96
2023-05-17 22:00:00,181.96,22,2,0,174.23,217.67666666666665,411.33166666666665,197.0
2023-05-17 23:00:00,197.0,23,2,0,181.96,184.39666666666668,279.825,192.42
2023-05-18 00:00:00,192.42,0,3,0,197.0,190.46,234.61499999999998,200.84
2023-05-18 01:00:00,200.84,1,3,0,192.42,196.75333333333333,207.215,180.82
2023-05-18 02:00:00,180.82,2,3,0,200.84,191.35999999999999,187.87833333333333,189.17
2023-05-18 03:00:00,189.17,3,3,0,180.82,190.27666666666667,190.36833333333334,197.98
2023-05-18 04:00:00,197.98,4,3,0,189.17,189.32333333333335,193.03833333333333,176.72
2023-05-18 05:00:00,176.72,5,3,0,197.98,187.95666666666668,189.6583333333333,187.29
2023-05-18 06:00:00,187.29,6,3,0,176.72,187.33,188.8033333333333,564.9
2023-05-18 07:00:00,564.9,7,3,0,187.29,309.63666666666666,249.48000000000002,796.59
2023-05-18 08:00:00,796.59,8,3,0,564.9,516.26,352.1083333333333,961.66
2023-05-18 09:00:00,961.66,9,3,0,796.59,774.3833333333333,480.8566666666666,1032.45
2023-05-18 10:00:00,1032.45,10,3,0,961.66,930.2333333333332,619.9350000000001,1063.49
2023-05-18 11:00:00,1063.49,11,3,0,1032.45,1019.1999999999999,767.73,1092.37
2023-05-18 12:00:00,1092.37,12,3,0,1063.49,1062.77,918.5766666666667,807.61
2023-05-18 13:00:00,807.61,13,3,0,1092.37,987.8233333333333,959.0283333333333,864.48
2023-05-18 14:00:00,864.48,14,3,0,807.61,921.4866666666666,970.3433333333332,1013.1
2023-05-18 15:00:00,1013.1,15,3,0,864.48,895.0633333333332,978.9166666666666,1016.75
2023-05-18 16:00:00,1016.75,16,3,0,1013.1,964.7766666666666,976.3000000000001,982.77
2023-05-18 17:00:00,982.77,17,3,0,1016.75,1004.2066666666666,962.8466666666667,493.04
2023-05-18 18:00:00,493.04,18,3,0,982.77,830.8533333333334,862.9583333333334,373.52
2023-05-18 19:00:00,373.52,19,3,0,493.04,616.4433333333333,790.61,296.76
2023-05-18 20:00:00,296.76,20,3,0,373.52,387.77333333333326,695.9900000000001,187.15
2023-05-18 21:00:00,187.15,21,3,0,296.76,285.80999999999995,558.3316666666666,192.23
2023-05-18 22:00:00,192.23,22,3,0,187.15,225.3799999999999,420.91166666666663,179.13
2023-05-18 23:00:00,179.13,23,3,0,192.23,186.16999999999993,286.97166666666664,204.05
2023-05-19 00:00:00,204.05,0,4,0,179.13,191.80333333333328,238.8066666666667,179.7
2023-05-19 01:00:00,179.7,1,4,0,204.05,187.62666666666658,206.50333333333333,197.99
2023-05-19 02:00:00,197.99,2,4,0,179.7,193.91333333333327,190.04166666666666,186.95
2023-05-19 03:00:00,186.95,3,4,0,197.99,188.21333333333325,190.00833333333333,184.33
2023-05-19 04:00:00,184.33,4,4,0,186.95,189.75666666666658,188.69166666666663,197.75
2023-05-19 05:00:00,197.75,5,4,0,184.33,189.6766666666666,191.795,187.78
2023-05-19 06:00:00,187.78,6,4,0,197.75,189.95333333333326,189.08333333333334,541.83
2023-05-19 07:00:00,541.83,7,4,0,187.78,309.11999999999995,249.43833333333336,816.68
2023-05-19 08:00:00,816.68,8,4,0,541.83,515.43,352.5533333333333,1013.43
2023-05-19 09:00:00,1013.43,9,4,0,816.68,790.6466666666665,490.3,1033.56
2023-05-19 10:00:00,1033.56,10,4,0,1013.43,954.5566666666665,631.8383333333334,1096.74
2023-05-19 11:00:00,1096.74,11,4,0,1033.56,1047.9099999999999,781.6700000000001,1140.8
2023-05-19 12:00:00,1140.8,12,4,0,1096.74,1090.3666666666666,940.5066666666665,815.9
2023-05-19 13:00:00,815.9,13,4,0,1140.8,1017.8133333333332,986.185,859.7
2023-05-19 14:00:00,859.7,14,4,0,815.9,938.7999999999998,993.355,1042.31
2023-05-19 15:00:00,1042.31,15,4,0,859.7,905.9699999999999,998.1683333333334,1022.08
2023-05-19 16:00:00,1022.08,16,4,0,1042.31,974.6966666666666,996.2550000000001,977.41
2023-05-19 17:00:00,977.41,17,4,0,1022.08,1013.9333333333333,976.3666666666667,465.59
2023-05-19 18:00:00,465.59,18,4,0,977.41,821.6933333333333,863.8316666666666,366.82
2023-05-19 19:00:00,366.82,19,4,0,465.59,603.2733333333332,788.985,292.18
2023-05-19 20:00:00,292.18,20,4,0,366.82,374.86333333333323,694.3983333333334,176.48
2023-05-19 21:00:00,176.48,21,4,0,292.18,278.4933333333333,550.0933333333334,192.53
2023-05-19 22:00:00,192.53,22,4,0,176.48,220.39666666666662,411.83500000000004,189.93
2023-05-19 23:00:00,189.93,23,4,0,192.53,186.31333333333328,280.5883333333333,206.97
2023-05-20 00:00:00,206.97,0,5,1,189.93,196.47666666666657,237.485,197.79
2023-05-20 01:00:00,197.79,1,5,1,206.97,198.22999999999993,209.31333333333336,210.82
2023-05-20 02:00:00,210.82,2,5,1,197.79,205.19333333333324,195.75333333333333,215.11
2023-05-20 03:00:00,215.11,3,5,1,210.82,207.9066666666666,202.1916666666667,196.05
2023-05-20 04:00:00,196.05,4,5,1,215.11,207.3266666666666,202.77833333333334,202.55
2023-05-20 05:00:00,202.55,5,5,1,196.05,204.56999999999994,204.88166666666666,203.17
2023-05-20 06:00:00,203.17,6,5,1,202.55,200.58999999999992,204.24833333333333,207.72
2023-05-20 07:00:00,207.72,7,5,1,203.17,204.47999999999993,205.90333333333334,199.97
2023-05-20 08:00:00,199.97,8,5,1,207.72,203.61999999999992,204.09500000000003,201.43
2023-05-20 09:00:00,201.43,9,5,1,199.97,203.03999999999994,201.81499999999997,337.58
2023-05-20 10:00:00,337.58,10,5,1,201.43,246.3266666666666,225.40333333333334,329.75
2023-05-20 11:00:00,329.75,11,5,1,337.58,289.5866666666666,246.60333333333332,341.26
2023-05-20 12:00:00,341.26,12,5,1,329.75,336.1966666666666,269.61833333333334,337.71
2023-05-20 13:00:00,337.71,13,5,1,341.26,336.23999999999995,291.2833333333333,331.93
2023-05-20 14:00:00,331.93,14,5,1,337.71,336.9666666666666,313.27666666666664,337.76
2023-05-20 15:00:00,337.76,15,5,1,331.93,335.7999999999999,335.99833333333333,333.22
2023-05-20 16:00:00,333.22,16,5,1,337.76,334.3033333333333,335.27166666666665,209.68
2023-05-20 17:00:00,209.68,17,5,1,333.22,293.5533333333333,315.26000000000005,200.49
2023-05-20 18:00:00,200.49,18,5,1,209.68,247.79666666666662,291.79833333333335,198.59
2023-05-20 19:00:00,198.59,19,5,1,200.49,202.91999999999993,268.6116666666667,206.33
2023-05-20 20:00:00,206.33,20,5,1,198.59,201.80333333333328,247.67833333333337,191.86
2023-05-20 21:00:00,191.86,21,5,1,206.33,198.9266666666666,223.36166666666668,221.62
2023-05-20 22:00:00,221.62,22,5,1,191.86,206.60333333333324,204.76166666666668,214.32
2023-05-20 23:00:00,214.32,23,5,1,221.62,209.26666666666657,205.535,226.74
2023-05-21 00:00:00,226.74,0,6,1,214.32,220.8933333333333,209.91,198.87
2023-05-21 01:00:00,198.87,1,6,1,226.74,213.30999999999995,209.95666666666668,219.04
2023-05-21 02:00:00,219.04,2,6,1,198.87,214.88333333333324,212.07499999999996,207.36
2023-05-21 03:00:00,207.36,3,6,1,219.04,208.42333333333326,214.65833333333333,197.55
2023-05-21 04:00:00,197.55,4,6,1,207.36,207.98333333333326,210.64666666666665,199.65
2023-05-21 05:00:00,199.65,5,6,1,197.55,201.51999999999995,208.20166666666668,202.86
2023-05-21 06:00:00,202.86,6,6,1,199.65,200.01999999999995,204.22166666666666,207.98
2023-05-21 07:00:00,207.98,7,6,1,202.86,203.49666666666658,205.74,185.76
2023-05-21 08:00:00,185.76,8,6,1,207.98,198.8666666666666,200.19333333333336,214.82
2023-05-21 09:00:00,214.82,9,6,1,185.76,202.85333333333324,201.43666666666664,340.97
2023-05-21 10:00:00,340.97,10,6,1,214.82,247.18333333333325,225.34,336.83
2023-05-21 11:00:00,336.83,11,6,1,340.97,297.5399999999999,248.20333333333335,335.08
2023-05-21 12:00:00,335.08,12,6,1,336.83,337.6266666666666,270.24,339.94
2023-05-21 13:00:00,339.94,13,6,1,335.08,337.28333333333325,292.23333333333335,350.17
2023-05-21 14:00:00,350.17,14,6,1,339.94,341.72999999999996,319.635,330.06
2023-05-21 15:00:00,330.06,15,6,1,350.17,340.0566666666666,338.8416666666667,330.1
2023-05-21 16:00:00,330.1,16,6,1,330.06,336.7766666666666,337.03,209.35
2023-05-21 17:00:00,209.35,17,6,1,330.1,289.8366666666666,315.78333333333336,205.17
2023-05-21 18:00:00,205.17,18,6,1,209.35,248.20666666666662,294.13166666666666,208.52
2023-05-21 19:00:00,208.52,19,6,1,205.17,207.67999999999992,272.2283333333333,220.76
2023-05-21 20:00:00,220.76,20,6,1,208.52,211.48333333333323,250.65999999999997,205.37
2023-05-21 21:00:00,205.37,21,6,1,220.76,211.54999999999993,229.87833333333333,196.63
2023-05-21 22:00:00,196.63,22,6,1,205.37,207.5866666666666,207.63333333333333,196.43
2023-05-21 23:00:00,196.43,23,6,1,196.63,199.4766666666666,205.48,193.26
2023-05-22 00:00:00,193.26,0,0,0,196.43,195.43999999999994,203.495,184.02
2023-05-22 01:00:00,184.02,1,0,0,193.26,191.2366666666666,199.41166666666666,196.98
2023-05-22 02:00:00,196.98,2,0,0,184.02,191.41999999999993,195.44833333333335,199.45
2023-05-22 03:00:00,199.45,3,0,0,196.98,193.48333333333323,194.46166666666667,189.61
2023-05-22 04:00:00,189.61,4,0,0,199.45,195.34666666666658,193.29166666666666,179.67
2023-05-22 05:00:00,179.67,5,0,0,189.61,189.5766666666666,190.49833333333333,186.32
2023-05-22 06:00:00,186.32,6,0,0,179.67,185.19999999999993,189.34166666666667,564.4
2023-05-22 07:00:00,564.4,7,0,0,186.32,310.12999999999994,252.73833333333334,805.21
2023-05-22 08:00:00,805.21,8,0,0,564.4,518.6433333333333,354.10999999999996,971.3
2023-05-22 09:00:00,971.3,9,0,0,805.21,780.3033333333333,482.7516666666667,1035.21
2023-05-22 10:00:00,1035.21,10,0,0,971.3,937.2399999999999,623.685,1073.52
2023-05-22 11:00:00,1073.52,11,0,0,1035.21,1026.6766666666665,772.66,1156.93
2023-05-22 12:00:00,1156.93,12,0,0,1073.52,1088.5533333333333,934.4283333333333,850.09
2023-05-22 13:00:00,850.09,13,0,0,1156.93,1026.8466666666666,982.0433333333334,870.64
2023-05-22 14:00:00,870.64,14,0,0,850.09,959.2199999999999,992.9483333333333,990.55
2023-05-22 15:00:00,990.55,15,0,0,870.64,903.7599999999999,996.1566666666668,1037.91
2023-05-22 16:00:00,1037.91,16,0,0,990.55,966.3666666666664,996.6066666666667,970.49
2023-05-22 17:00:00,970.49,17,0,0,1037.91,999.65,979.435,471.0
2023-05-22 18:00:00,471.0,18,0,0,970.49,826.4666666666666,865.1133333333333,358.66
2023-05-22 19:00:00,358.66,19,0,0,471.0,600.05,783.2083333333334,295.76
2023-05-22 20:00:00,295.76,20,0,0,358.66,375.13999999999993,687.395,182.06
2023-05-22 21:00:00,182.06,21,0,0,295.76,278.8266666666666,552.6466666666666,183.06
2023-05-22 22:00:00,183.06,22,0,0,182.06,220.29333333333327,410.1716666666667,199.78
2023-05-22 23:00:00,199.78,23,0,0,183.06,188.29999999999993,281.71999999999997,185.98
2023-05-23 00:00:00,185.98,0,1,0,199.78,189.60666666666657,234.21666666666667,188.07
2023-05-23 01:00:00,188.07,1,1,0,185.98,191.27666666666656,205.785,185.08
2023-05-23 02:00:00,185.08,2,1,0,188.07,186.37666666666658,187.33833333333334,178.26
2023-05-23 03:00:00,178.26,3,1,0,185.08,183.80333333333326,186.705,194.64
2023-05-23 04:00:00,194.64,4,1,0,178.26,185.99333333333325,188.635,194.96
2023-05-23 05:00:00,194.96,5,1,0,194.64,189.28666666666655,187.83166666666668,186.73
2023-05-23 06:00:00,186.73,6,1,0,194.96,192.1099999999999,187.95666666666668,542.92
2023-05-23 07:00:00,542.92,7,1,0,186.73,308.2033333333332,247.09833333333333,805.85
2023-05-23 08:00:00,805.85,8,1,0,542.92,511.8333333333332,350.56,979.02
2023-05-23 09:00:00,979.02,9,1,0,805.85,775.9299999999998,484.02,1023.58
2023-05-23 10:00:00,1023.58,10,1,0,979.02,936.15,622.1766666666667,1074.09
2023-05-23 11:00:00,1074.09,11,1,0,1023.58,1025.5633333333333,768.6983333333334,1125.09
2023-05-23 12:00:00,1125.09,12,1,0,1074.09,1074.2533333333333,925.0916666666666,841.28
2023-05-23 13:00:00,841.28,13,1,0,1125.09,1013.4866666666663,974.8183333333333,815.53
2023-05-23 14:00:00,815.53,14,1,0,841.28,927.2999999999998,976.4316666666667,1021.73
2023-05-23 15:00:00,1021.73,15,1,0,815.53,892.8466666666667,983.5499999999998,982.13
2023-05-23 16:00:00,982.13,16,1,0,1021.73,939.7966666666666,976.6416666666665,1012.82
2023-05-23 17:00:00,1012.82,17,1,0,982.13,1005.56,966.43,446.35
2023-05-23 18:00:00,446.35,18,1,0,1012.82,813.7666666666665,853.3066666666667,387.19
2023-05-23 19:00:00,387.19,19,1,0,446.35,615.4533333333333,777.625,295.77
2023-05-23 20:00:00,295.77,20,1,0,387.19,376.43666666666655,690.9983333333333,182.75
2023-05-23 21:00:00,182.75,21,1,0,295.77,288.56999999999994,551.1683333333334,184.31
2023-05-23 22:00:00,184.31,22,1,0,182.75,220.94333333333324,418.1983333333333,190.21
2023-05-23 23:00:00,190.21,23,1,0,184.31,185.75666666666658,281.09666666666664,179.62
2023-05-24 00:00:00,179.62,0,2,0,190.21,184.71333333333325,236.64166666666668,195.01
2023-05-24 01:00:00,195.01,1,2,0,179.62,188.27999999999994,204.61166666666668,173.64
2023-05-24 02:00:00,173.64,2,2,0,195.01,182.75666666666658,184.25666666666666,203.83
2023-05-24 03:00:00,203.83,3,2,0,173.64,190.8266666666666,187.77,180.92
2023-05-24 04:00:00,180.92,4,2,0,203.83,186.1299999999999,187.205,207.17
2023-05-24 05:00:00,207.17,5,2,0,180.92,197.3066666666666,190.03166666666667,184.71
2023-05-24 06:00:00,184.71,6,2,0,207.17,190.93333333333325,190.88,543.46
2023-05-24 07:00:00,543.46,7,2,0,184.71,311.7799999999999,248.955,814.73
2023-05-24 08:00:00,814.73,8,2,0,543.46,514.3,355.80333333333334,980.62
2023-05-24 09:00:00,980.62,9,2,0,814.73,779.6033333333334,485.2683333333334,1058.18
2023-05-24 10:00:00,1058.18,10,2,0,980.62,951.1766666666666,631.4783333333334,1092.0
2023-05-24 11:00:00,1092.0,11,2,0,1058.18,1043.6,778.9499999999999,1118.21
2023-05-24 12:00:00,1118.21,12,2,0,1092.0,1089.4633333333334,934.5333333333333,849.41
2023-05-24 13:00:00,849.41,13,2,0,1118.21,1019.8733333333331,985.525,847.98
2023-05-24 14:00:00,847.98,14,2,0,849.41,938.5333333333332,991.0666666666667,1014.43
2023-05-24 15:00:00,1014.43,15,2,0,847.98,903.9399999999999,996.7016666666667,1002.68
2023-05-24 16:00:00,1002.68,16,2,0,1014.43,955.0299999999999,987.4516666666667,975.34
2023-05-24 17:00:00,975.34,17,2,0,1002.68,997.4833333333332,968.0083333333333,438.43
2023-05-24 18:00:00,438.43,18,2,0,975.34,805.4833333333331,854.7116666666666,393.58
2023-05-24 19:00:00,393.58,19,2,0,438.43,602.4499999999999,778.7400000000001,292.02
2023-05-24 20:00:00,292.02,20,2,0,393.58,374.6766666666665,686.0799999999999,191.12
2023-05-24 21:00:00,191.12,21,2,0,292.02,292.23999999999984,548.8616666666666,196.26
2023-05-24 22:00:00,196.26,22,2,0,191.12,226.4666666666665,414.4583333333333,191.81
2023-05-24 23:00:00,191.81,23,2,0,196.26,193.0633333333332,283.87,188.86
2023-05-25 00:00:00,188.86,0,3,0,191.81,192.30999999999986,242.27499999999998,191.77
2023-05-25 01:00:00,191.77,1,3,0,188.86,190.8133333333332,208.64,179.94
2023-05-25 02:00:00,179.94,2,3,0,191.77,186.85666666666654,189.96,201.07
2023-05-25 03:00:00,201.07,3,3,0,179.94,190.9266666666665,191.61833333333334,188.39
2023-05-25 04:00:00,188.39,4,3,0,201.07,189.79999999999984,190.30666666666664,182.11
2023-05-25 05:00:00,182.11,5,3,0,188.39,190.52333333333317,188.69000000000003,188.66
2023-05-25 06:00:00,188.66,6,3,0,182.11,186.38666666666654,188.65666666666667,550.31
2023-05-25 07:00:00,550.31,7,3,0,188.66,307.02666666666653,248.41333333333333,809.26
2023-05-25 08:00:00,809.26,8,3,0,550.31,516.0766666666665,353.29999999999995,998.49
2023-05-25 09:00:00,998.49,9,3,0,809.26,786.0199999999999,486.2033333333333,1049.76
2023-05-25 10:00:00,1049.76,10,3,0,998.49,952.5033333333331,629.765,1039.56
2023-05-25 11:00:00,1039.56,11,3,0,1049.76,1029.2699999999998,772.6733333333333,1123.41
2023-05-25 12:00:00,1123.41,12,3,0,1039.56,1070.9099999999999,928.465,891.87
2023-05-25 13:00:00,891.87,13,3,0,1123.41,1018.2799999999997,985.3916666666665,855.03
2023-05-25 14:00:00,855.03,14,3,0,891.87,956.7699999999999,993.0200000000001,1035.34
2023-05-25 15:00:00,1035.34,15,3,0,855.03,927.4133333333333,999.1616666666665,993.68
2023-05-25 16:00:00,993.68,16,3,0,1035.34,961.3499999999999,989.8149999999999,982.4
2023-05-25 17:00:00,982.4,17,3,0,993.68,1003.8066666666664,980.2883333333333,452.73
2023-05-25 18:00:00,452.73,18,3,0,982.4,809.6033333333331,868.5083333333333,379.27
2023-05-25 19:00:00,379.27,19,3,0,452.73,604.8,783.0750000000002,284.84
2023-05-25 20:00:00,284.84,20,3,0,379.27,372.2799999999999,688.0433333333334,186.16
2023-05-25 21:00:00,186.16,21,3,0,284.84,283.42333333333323,546.5133333333333,186.96
2023-05-25 22:00:00,186.96,22,3,0,186.16,219.31999999999994,412.06,195.29
2023-05-25 23:00:00,195.29,23,3,0,186.96,189.4699999999999,280.875,183.82
2023-05-26 00:00:00,183.82,0,4,0,195.29,188.68999999999994,236.05666666666664,193.62
2023-05-26 01:00:00,193.62,1,4,0,183.82,190.90999999999994,205.115,183.55
2023-05-26 02:00:00,183.55,2,4,0,193.62,186.99666666666658,188.23333333333335,177.1
2023-05-26 03:00:00,177.1,3,4,0,183.55,184.75666666666658,186.72333333333333,192.63
2023-05-26 04:00:00,192.63,4,4,0,177.1,184.4266666666666,187.66833333333332,182.26
2023-05-26 05:00:00,182.26,5,4,0,192.63,183.99666666666658,185.49666666666667,188.83
2023-05-26 06:00:00,188.83,6,4,0,182.26,187.9066666666666,186.33166666666668,545.46
2023-05-26 07:00:00,545.46,7,4,0,188.83,305.5166666666666,244.97166666666666,810.26
2023-05-26 08:00:00,810.26,8,4,0,545.46,514.8499999999999,349.42333333333335,996.38
2023-05-26 09:00:00,996.38,9,4,0,810.26,784.0333333333333,485.96999999999997,1016.91
2023-05-26 10:00:00,1016.91,10,4,0,996.38,941.1833333333333,623.35,1034.34
2023-05-26 11:00:00,1034.34,11,4,0,1016.91,1015.8766666666666,765.3633333333333,1101.85
2023-05-26 12:00:00,1101.85,12,4,0,1034.34,1051.0333333333333,917.5333333333333,842.37
2023-05-26 13:00:00,842.37,13,4,0,1101.85,992.8533333333331,967.0183333333333,871.02
2023-05-26 14:00:00,871.02,14,4,0,842.37,938.4133333333333,977.145,1065.99
2023-05-26 15:00:00,1065.99,15,4,0,871.02,926.46,988.7466666666666,1043.94
2023-05-26 16:00:00,1043.94,16,4,0,1065.99,993.6500000000001,993.2516666666667,987.52
2023-05-26 17:00:00,987.52,17,4,0,1043.94,1032.4833333333333,985.4483333333333,497.81
2023-05-26 18:00:00,497.81,18,4,0,987.52,843.09,884.7750000000001,370.19
2023-05-26 19:00:00,370.19,19,4,0,497.81,618.5066666666667,806.0783333333334,291.22
2023-05-26 20:00:00,291.22,20,4,0,370.19,386.4066666666667,709.445,186.26
2023-05-26 21:00:00,186.26,21,4,0,291.22,282.5566666666667,562.8233333333334,177.9
2023-05-26 22:00:00,177.9,22,4,0,186.26,218.46,418.48333333333335,173.58
2023-05-26 23:00:00,173.58,23,4,0,177.9,179.24666666666667,282.82666666666665,192.46
2023-05-27 00:00:00,192.46,0,5,1,173.58,181.31333333333336,231.93500000000003,199.17
2023-05-27 01:00:00,199.17,1,5,1,192.46,188.40333333333334,203.4316666666667,206.58
2023-05-27 02:00:00,206.58,2,5,1,199.17,199.40333333333334,189.32500000000002,210.05
2023-05-27 03:00:00,210.05,3,5,1,206.58,205.26666666666665,193.29,199.06
2023-05-27 04:00:00,199.06,4,5,1,210.05,205.23000000000002,196.8166666666667,202.96
2023-05-27 05:00:00,202.96,5,5,1,199.06,204.0233333333333,201.71333333333334,217.55
2023-05-27 06:00:00,217.55,6,5,1,202.96,206.52333333333334,205.89499999999998,202.2
2023-05-27 07:00:00,202.2,7,5,1,217.55,207.57000000000002,206.39999999999998,217.6
2023-05-27 08:00:00,217.6,8,5,1,202.2,212.45000000000002,208.23666666666668,199.67
2023-05-27 09:00:00,199.67,9,5,1,217.6,206.49,206.50666666666666,324.92
2023-05-27 10:00:00,324.92,10,5,1,199.67,247.39666666666668,227.48333333333335,331.14
2023-05-27 11:00:00,331.14,11,5,1,324.92,285.24333333333334,248.84666666666666,328.93
2023-05-27 12:00:00,328.93,12,5,1,331.14,328.33,267.40999999999997,323.49
2023-05-27 13:00:00,323.49,13,5,1,328.93,327.8533333333333,287.625,336.02
2023-05-27 14:00:00,336.02,14,5,1,323.49,329.48,307.3616666666666,345.64
2023-05-27 15:00:00,345.64,15,5,1,336.02,335.05,331.69,328.62
2023-05-27 16:00:00,328.62,16,5,1,345.64,336.76,332.3066666666667,203.03
2023-05-27 17:00:00,203.03,17,5,1,328.62,292.43,310.955,189.43
2023-05-27 18:00:00,189.43,18,5,1,203.03,240.36,287.705,200.0
2023-05-27 19:00:00,200.0,19,5,1,189.43,197.48666666666668,267.12333333333333,214.23
2023-05-27 20:00:00,214.23,20,5,1,200.0,201.22000000000003,246.82500000000002,202.88
2023-05-27 21:00:00,202.88,21,5,1,214.23,205.7033333333333,223.03166666666667,215.68
2023-05-27 22:00:00,215.68,22,5,1,202.88,210.92999999999998,204.20833333333334,213.56
2023-05-27 23:00:00,213.56,23,5,1,215.68,210.70666666666668,205.96333333333334,203.94
2023-05-28 00:00:00,203.94,0,6,1,213.56,211.06000000000003,208.38166666666666,198.67
2023-05-28 01:00:00,198.67,1,6,1,203.94,205.39,208.15999999999997,201.79
2023-05-28 02:00:00,201.79,2,6,1,198.67,201.46666666666667,206.08666666666667,208.81
2023-05-28 03:00:00,208.81,3,6,1,201.79,203.09,207.07500000000002,209.93
2023-05-28 04:00:00,209.93,4,6,1,208.81,206.84333333333333,206.11666666666665,205.95
2023-05-28 05:00:00,205.95,5,6,1,209.93,208.23000000000002,204.84833333333333,223.88
2023-05-28 06:00:00,223.88,6,6,1,205.95,213.25333333333333,208.17166666666665,188.73
2023-05-28 07:00:00,188.73,7,6,1,223.88,206.18666666666664,206.51500000000001,202.49
2023-05-28 08:00:00,202.49,8,6,1,188.73,205.03333333333333,206.6316666666667,221.26
2023-05-28 09:00:00,221.26,9,6,1,202.49,204.16,208.70666666666668,330.0
2023-05-28 10:00:00,330.0,10,6,1,221.26,251.25,228.71833333333333,311.14
2023-05-28 11:00:00,311.14,11,6,1,330.0,287.46666666666664,246.25,324.89
2023-05-28 12:00:00,324.89,12,6,1,311.14,322.01,263.085,336.55
2023-05-28 13:00:00,336.55,13,6,1,324.89,324.1933333333333,287.72166666666664,321.4
2023-05-28 14:00:00,321.4,14,6,1,336.55,327.6133333333333,307.53999999999996,343.44
2023-05-28 15:00:00,343.44,15,6,1,321.4,333.7966666666667,327.9033333333333,326.09
2023-05-28 16:00:00,326.09,16,6,1,343.44,330.30999999999995,327.25166666666667,199.7
2023-05-28 17:00:00,199.7,17,6,1,326.09,289.74333333333334,308.67833333333334,188.56
2023-05-28 18:00:00,188.56,18,6,1,199.7,238.11666666666665,285.95666666666665,200.67
2023-05-28 19:00:00,200.67,19,6,1,188.56,196.30999999999997,263.31,197.4
2023-05-28 20:00:00,197.4,20,6,1,200.67,195.54333333333332,242.64333333333335,204.32
2023-05-28 21:00:00,204.32,21,6,1,197.4,200.79666666666665,219.45666666666668,203.43
2023-05-28 22:00:00,203.43,22,6,1,204.32,201.7166666666667,199.01333333333332,199.49
2023-05-28 23:00:00,199.49,23,6,1,203.43,202.41333333333333,198.97833333333332,188.82
2023-05-29 00:00:00,188.82,0,0,0,199.49,197.24666666666667,199.02166666666668,187.13
2023-05-29 01:00:00,187.13,1,0,0,188.82,191.81333333333336,196.765,193.06
2023-05-29 02:00:00,193.06,2,0,0,187.13,189.67,196.04166666666666,194.32
2023-05-29 03:00:00,194.32,3,0,0,193.06,191.50333333333333,194.375,194.03
2023-05-29 04:00:00,194.03,4,0,0,194.32,193.8033333333333,192.8083333333333,171.24
2023-05-29 05:00:00,171.24,5,0,0,194.03,186.53,188.1,181.78
2023-05-29 06:00:00,181.78,6,0,0,171.24,182.35,186.92666666666665,544.55
2023-05-29 07:00:00,544.55,7,0,0,181.78,299.19,246.49666666666667,810.63
2023-05-29 08:00:00,810.63,8,0,0,544.55,512.32,349.425,974.67
2023-05-29 09:00:00,974.67,9,0,0,810.63,776.6166666666667,479.48333333333335,1044.42
2023-05-29 10:00:00,1044.42,10,0,0,974.67,943.2400000000001,621.215,1036.87
2023-05-29 11:00:00,1036.87,11,0,0,1044.42,1018.6533333333333,765.4866666666667,1142.37
2023-05-29 12:00:00,1142.37,12,0,0,1036.87,1074.5533333333333,925.585,896.22
2023-05-29 13:00:00,896.22,13,0,0,1142.37,1025.1533333333332,984.1966666666667,895.71
2023-05-29 14:00:00,895.71,14,0,0,896.22,978.1,998.3766666666667,1040.01
2023-05-29 15:00:00,1040.01,15,0,0,895.71,943.98,1009.2666666666668,1005.83
2023-05-29 16:00:00,1005.83,16,0,0,1040.01,980.5166666666668,1002.835,986.22
2023-05-29 17:00:00,986.22,17,0,0,1005.83,1010.6866666666666,994.3933333333333,458.14
2023-05-29 18:00:00,458.14,18,0,0,986.22,816.73,880.355,381.48
2023-05-29 19:00:00,381.48,19,0,0,458.14,608.6133333333333,794.5649999999999,280.12
2023-05-29 20:00:00,280.12,20,0,0,381.48,373.24666666666667,691.9666666666667,187.13
2023-05-29 21:00:00,187.13,21,0,0,280.12,282.91,549.82,193.2
2023-05-29 22:00:00,193.2,22,0,0,187.13,220.15,414.38166666666666,176.72
2023-05-29 23:00:00,176.72,23,0,0,193.2,185.6833333333333,279.465,193.42
2023-05-30 00:00:00,193.42,0,1,0,176.72,187.77999999999997,235.345,184.22
2023-05-30 01:00:00,184.22,1,1,0,193.42,184.78666666666666,202.46833333333333,199.75
2023-05-30 02:00:00,199.75,2,1,0,184.22,192.46333333333334,189.07333333333335,198.08
2023-05-30 03:00:00,198.08,3,1,0,199.75,194.01666666666665,190.8983333333333,179.09
2023-05-30 04:00:00,179.09,4,1,0,198.08,192.30666666666664,188.54666666666665,184.87
2023-05-30 05:00:00,184.87,5,1,0,179.09,187.34666666666666,189.905,202.55
2023-05-30 06:00:00,202.55,6,1,0,184.87,188.83666666666667,191.42666666666665,554.39
2023-05-30 07:00:00,554.39,7,1,0,202.55,313.93666666666667,253.12166666666667,799.64
2023-05-30 08:00:00,799.64,8,1,0,554.39,518.86,353.1033333333333,960.23
2023-05-30 09:00:00,960.23,9,1,0,799.64,771.4200000000001,480.12833333333333,1032.75
2023-05-30 10:00:00,1032.75,10,1,0,960.23,930.8733333333333,622.405,1075.81
2023-05-30 11:00:00,1075.81,11,1,0,1032.75,1022.93,770.895,1066.18
2023-05-30 12:00:00,1066.18,12,1,0,1075.81,1058.2466666666667,914.8333333333334,932.05
2023-05-30 13:00:00,932.05,13,1,0,1066.18,1024.68,977.7766666666666,842.39
2023-05-30 14:00:00,842.39,14,1,0,932.05,946.8733333333333,984.9016666666666,1047.63
2023-05-30 15:00:00,1047.63,15,1,0,842.39,940.6899999999999,999.4683333333332,1055.27
2023-05-30 16:00:00,1055.27,16,1,0,1047.63,981.7633333333333,1003.2216666666667,975.15
2023-05-30 17:00:00,975.15,17,1,0,1055.27,1026.0166666666667,986.445,442.07
2023-05-30 18:00:00,442.07,18,1,0,975.15,824.1633333333333,882.4266666666666,391.09
2023-05-30 19:00:00,391.09,19,1,0,442.07,602.77,792.2666666666668,284.18
2023-05-30 20:00:00,284.18,20,1,0,391.09,372.44666666666666,699.2316666666667,191.48
2023-05-30 21:00:00,191.48,21,1,0,284.18,288.9166666666667,556.54,182.85
2023-05-30 22:00:00,182.85,22,1,0,191.48,219.50333333333333,411.1366666666666,196.11
2023-05-30 23:00:00,196.11,23,1,0,182.85,190.14666666666668,281.2966666666666,183.68
2023-05-31 00:00:00,183.68,0,2,0,196.11,187.54666666666665,238.23166666666665,191.61
2023-05-31 01:00:00,191.61,1,2,0,183.68,190.4666666666667,204.985,189.29
2023-05-31 02:00:00,189.29,2,2,0,191.61,188.19333333333336,189.17,200.72
2023-05-31 03:00:00,200.72,3,2,0,189.29,193.87333333333333,190.71,203.26
2023-05-31 04:00:00,203.26,4,2,0,200.72,197.75666666666666,194.11166666666668,183.3
2023-05-31 05:00:00,183.3,5,2,0,203.26,195.76,191.9766666666667,188.48
2023-05-31 06:00:00,188.48,6,2,0,183.3,191.67999999999998,192.77666666666664,541.61
2023-05-31 07:00:00,541.61,7,2,0,188.48,304.4633333333333,251.11,801.44
2023-05-31 08:00:00,801.44,8,2,0,541.61,510.51,353.13500000000005,1023.97
2023-05-31 09:00:00,1023.97,9,2,0,801.44,789.0066666666667,490.3433333333334,1028.88
2023-05-31 10:00:00,1028.88,10,2,0,1023.97,951.43,627.9466666666667,1065.84
2023-05-31 11:00:00,1065.84,11,2,0,1028.88,1039.5633333333333,775.0366666666667,1101.81
2023-05-31 12:00:00,1101.81,12,2,0,1065.84,1065.51,927.2583333333332,873.69
2023-05-31 13:00:00,873.69,13,2,0,1101.81,1013.7799999999999,982.605,854.43
2023-05-31 14:00:00,854.43,14,2,0,873.69,943.31,991.4366666666668,1032.23
2023-05-31 15:00:00,1032.23,15,2,0,854.43,920.1166666666667,992.8133333333334,997.92
2023-05-31 16:00:00,997.92,16,2,0,1032.23,961.5266666666666,987.6533333333333,927.96
2023-05-31 17:00:00,927.96,17,2,0,997.92,986.0366666666667,964.6733333333333,468.09
2023-05-31 18:00:00,468.09,18,2,0,927.96,797.9899999999999,859.0533333333333,387.55
2023-05-31 19:00:00,387.55,19,2,0,468.09,594.5333333333333,778.0300000000001,270.61
2023-05-31 20:00:00,270.61,20,2,0,387.55,375.4166666666667,680.7266666666667,198.8
2023-05-31 21:00:00,198.8,21,2,0,270.61,285.65333333333336,541.8216666666666,183.78
2023-05-31 22:00:00,183.78,22,2,0,198.8,217.73000000000002,406.13166666666666,188.98
2023-05-31 23:00:00,188.98,23,2,0,183.78,190.51999999999998,282.9683333333333,203.98
2023-06-01 00:00:00,203.98,0,3,0,188.98,192.24666666666667,238.95000000000002,189.52
2023-06-01 01:00:00,189.52,1,3,0,203.98,194.16,205.94500000000002,180.99
2023-06-01 02:00:00,180.99,2,3,0,189.52,191.49666666666667,191.00833333333333,174.23
2023-06-01 03:00:00,174.23,3,3,0,180.99,181.58,186.91333333333333,195.95
2023-06-01 04:00:00,195.95,4,3,0,174.23,183.72333333333333,188.94166666666663,188.11
2023-06-01 05:00:00,188.11,5,3,0,195.95,186.09666666666666,188.79666666666665,198.09
2023-06-01 06:00:00,198.09,6,3,0,188.11,194.04999999999998,187.81500000000003,554.39
2023-06-01 07:00:00,554.39,7,3,0,198.09,313.53000000000003,248.62666666666667,833.16
2023-06-01 08:00:00,833.16,8,3,0,554.39,528.5466666666666,357.32166666666666,1023.86
2023-06-01 09:00:00,1023.86,9,3,0,833.16,803.8033333333333,498.9266666666667,1092.48
2023-06-01 10:00:00,1092.48,10,3,0,1023.86,983.1666666666666,648.3483333333334,1063.78
2023-06-01 11:00:00,1063.78,11,3,0,1092.48,1060.04,794.2933333333334,1161.78
2023-06-01 12:00:00,1161.78,12,3,0,1063.78,1106.0133333333333,954.9083333333333,862.57
2023-06-01 13:00:00,862.57,13,3,0,1161.78,1029.3766666666668,1006.2716666666665,899.71
2023-06-01 14:00:00,899.71,14,3,0,862.57,974.6866666666666,1017.3633333333332,1107.04
2023-06-01 15:00:00,1107.04,15,3,0,899.71,956.4399999999999,1031.2266666666667,1001.3
2023-06-01 16:00:00,1001.3,16,3,0,1107.04,1002.6833333333333,1016.0300000000001,1005.49
2023-06-01 17:00:00,1005.49,17,3,0,1001.3,1037.9433333333334,1006.3149999999999,440.07
2023-06-01 18:00:00,440.07,18,3,0,1005.49,815.6199999999999,886.0300000000001,380.97
2023-06-01 19:00:00,380.97,19,3,0,440.07,608.8433333333332,805.7633333333334,302.95
2023-06-01 20:00:00,302.95,20,3,0,380.97,374.66333333333324,706.3033333333333,187.9
2023-06-01 21:00:00,187.9,21,3,0,302.95,290.6066666666666,553.1133333333333,196.68
2023-06-01 22:00:00,196.68,22,3,0,187.9,229.1766666666666,419.01000000000005,177.06
2023-06-01 23:00:00,177.06,23,3,0,196.68,187.21333333333325,280.93833333333333,177.29
2023-06-02 00:00:00,177.29,0,4,0,177.06,183.6766666666666,237.14166666666668,191.43
2023-06-02 01:00:00,191.43,1,4,0,177.29,181.9266666666666,205.55166666666665,179.88
2023-06-02 02:00:00,179.88,2,4,0,191.43,182.8666666666666,185.04,199.54
2023-06-02 03:00:00,199.54,3,4,0,179.88,190.28333333333327,186.98000000000002,188.44
2023-06-02 04:00:00,188.44,4,4,0,199.54,189.2866666666666,185.60666666666665,190.91
2023-06-02 05:00:00,190.91,5,4,0,188.44,192.96333333333325,187.915,192.68
2023-06-02 06:00:00,192.68,6,4,0,190.91,190.6766666666666,190.48000000000002,545.04
2023-06-02 07:00:00,545.04,7,4,0,192.68,309.54333333333324,249.415,817.51
2023-06-02 08:00:00,817.51,8,4,0,545.04,518.4099999999999,355.68666666666667,983.8
2023-06-02 09:00:00,983.8,9,4,0,817.51,782.1166666666664,486.3966666666667,1069.65
2023-06-02 10:00:00,1069.65,10,4,0,983.8,956.9866666666666,633.265,1138.7
2023-06-02 11:00:00,1138.7,11,4,0,1069.65,1064.05,791.23,1197.52
2023-06-02 12:00:00,1197.52,12,4,0,1138.7,1135.29,958.7033333333333,864.63
2023-06-02 13:00:00,864.63,13,4,0,1197.52,1066.9499999999998,1011.9683333333332,903.91
2023-06-02 14:00:00,903.91,14,4,0,864.63,988.6866666666665,1026.368333333333,1040.45
2023-06-02 15:00:00,1040.45,15,4,0,903.91,936.3299999999999,1035.8100000000002,1004.33
2023-06-02 16:00:00,1004.33,16,4,0,1040.45,982.8966666666665,1024.9233333333334,1039.79
2023-06-02 17:00:00,1039.79,17,4,0,1004.33,1028.1899999999998,1008.4383333333334,415.2
2023-06-02 18:00:00,415.2,18,4,0,1039.79,819.7733333333332,878.0516666666667,384.14
2023-06-02 19:00:00,384.14,19,4,0,415.2,613.0433333333332,797.9700000000001,299.79
2023-06-02 20:00:00,299.79,20,4,0,384.14,366.37666666666655,697.2833333333333,182.69
2023-06-02 21:00:00,182.69,21,4,0,299.79,288.8733333333332,554.3233333333334,183.99
2023-06-02 22:00:00,183.99,22,4,0,182.69,222.1566666666666,417.59999999999997,192.99
2023-06-02 23:00:00,192.99,23,4,0,183.99,186.55666666666662,276.46666666666664,212.87
2023-06-03 00:00:00,212.87,0,5,1,192.99,196.6166666666666,242.745,224.45
2023-06-03 01:00:00,224.45,1,5,1,212.87,210.10333333333324,216.13000000000002,204.48
2023-06-03 02:00:00,204.48,2,5,1,224.45,213.93333333333325,200.245,205.96
2023-06-03 03:00:00,205.96,3,5,1,204.48,211.6299999999999,204.12333333333333,204.99
2023-06-03 04:00:00,204.99,4,5,1,205.96,205.1433333333333,207.62333333333333,198.6
2023-06-03 05:00:00,198.6,5,5,1,204.99,203.18333333333325,208.5583333333333,212.9
2023-06-03 06:00:00,212.9,6,5,1,198.6,205.49666666666658,208.56333333333336,209.29
2023-06-03 07:00:00,209.29,7,5,1,212.9,206.92999999999992,206.03666666666666,194.18
2023-06-03 08:00:00,194.18,8,5,1,209.29,205.4566666666666,204.32000000000002,214.15
2023-06-03 09:00:00,214.15,9,5,1,194.18,205.87333333333325,205.68499999999997,344.11
2023-06-03 10:00:00,344.11,10,5,1,214.15,250.81333333333328,228.87166666666667,336.49
2023-06-03 11:00:00,336.49,11,5,1,344.11,298.24999999999994,251.85333333333335,334.36
2023-06-03 12:00:00,334.36,12,5,1,336.49,338.31999999999994,272.09666666666664,349.45
2023-06-03 13:00:00,349.45,13,5,1,334.36,340.0999999999999,295.45666666666665,357.13
2023-06-03 14:00:00,357.13,14,5,1,349.45,346.97999999999996,322.615,349.47
2023-06-03 15:00:00,349.47,15,5,1,357.13,352.0166666666666,345.16833333333335,351.18
2023-06-03 16:00:00,351.18,16,5,1,349.47,352.59333333333325,346.34666666666664,207.26
2023-06-03 17:00:00,207.26,17,5,1,351.18,302.6366666666666,324.80833333333334,212.31
2023-06-03 18:00:00,212.31,18,5,1,207.26,256.9166666666666,304.4666666666667,199.39
2023-06-03 19:00:00,199.39,19,5,1,212.31,206.31999999999994,279.45666666666665,203.63
2023-06-03 20:00:00,203.63,20,5,1,199.39,205.1099999999999,253.87333333333336,200.7
2023-06-03 21:00:00,200.7,21,5,1,203.63,201.23999999999992,229.0783333333333,195.84
2023-06-03 22:00:00,195.84,22,5,1,200.7,200.0566666666666,203.18833333333336,215.48
2023-06-03 23:00:00,215.48,23,5,1,195.84,204.00666666666658,204.5583333333333,218.14
2023-06-04 00:00:00,218.14,0,6,1,215.48,209.81999999999994,205.52999999999997,206.58
2023-06-04 01:00:00,206.58,1,6,1,218.14,213.3999999999999,206.72833333333335,211.33
2023-06-04 02:00:00,211.33,2,6,1,206.58,212.01666666666657,208.01166666666666,201.05
2023-06-04 03:00:00,201.05,3,6,1,211.33,206.31999999999994,208.07000000000002,214.53
2023-06-04 04:00:00,214.53,4,6,1,201.05,208.9699999999999,211.18500000000003,219.3
2023-06-04 05:00:00,219.3,5,6,1,214.53,211.62666666666658,211.8216666666667,199.38
2023-06-04 06:00:00,199.38,6,6,1,219.3,211.06999999999994,208.69499999999996,195.33
2023-06-04 07:00:00,195.33,7,6,1,199.38,204.66999999999993,206.82000000000002,190.53
2023-06-04 08:00:00,190.53,8,6,1,195.33,195.07999999999993,203.35333333333335,209.6
2023-06-04 09:00:00,209.6,9,6,1,190.53,198.4866666666666,204.77833333333334,328.61
2023-06-04 10:00:00,328.61,10,6,1,209.6,242.91333333333327,223.79166666666666,335.77
2023-06-04 11:00:00,335.77,11,6,1,328.61,291.3266666666666,243.20333333333335,332.58
2023-06-04 12:00:00,332.58,12,6,1,335.77,332.31999999999994,265.40333333333336,337.06
2023-06-04 13:00:00,337.06,13,6,1,332.58,335.1366666666666,289.02500000000003,336.9
2023-06-04 14:00:00,336.9,14,6,1,337.06,335.51333333333326,313.42,329.19
2023-06-04 15:00:00,329.19,15,6,1,336.9,334.38333333333327,333.35166666666663,342.72
2023-06-04 16:00:00,342.72,16,6,1,329.19,336.2699999999999,335.7033333333333,199.55
2023-06-04 17:00:00,199.55,17,6,1,342.72,290.4866666666666,313.0,198.35
2023-06-04 18:00:00,198.35,18,6,1,199.55,246.87333333333325,290.6283333333334,212.02
2023-06-04 19:00:00,212.02,19,6,1,198.35,203.30666666666662,269.78833333333336,211.25
2023-06-04 20:00:00,211.25,20,6,1,212.02,207.2066666666666,248.8466666666667,200.24
2023-06-04 21:00:00,200.24,21,6,1,211.25,207.8366666666666,227.35500000000002,200.37
2023-06-04 22:00:00,200.37,22,6,1,200.24,203.95333333333326,203.63,203.37
2023-06-04 23:00:00,203.37,23,6,1,200.37,201.3266666666666,204.26666666666668,203.05
2023-06-05 00:00:00,203.05,0,0,0,203.37,202.26333333333324,205.04999999999998,197.52
2023-06-05 01:00:00,197.52,1,0,0,203.05,201.31333333333328,202.63333333333333,205.59
2023-06-05 02:00:00,205.59,2,0,0,197.52,202.05333333333328,201.68999999999997,186.79
2023-06-05 03:00:00,186.79,3,0,0,205.59,196.63333333333324,199.44833333333335,178.77
2023-06-05 04:00:00,178.77,4,0,0,186.79,190.3833333333333,195.84833333333336,189.28
2023-06-05 05:00:00,189.28,5,0,0,178.77,184.9466666666666,193.5,182.65
2023-06-05 06:00:00,182.65,6,0,0,189.28,183.5666666666666,190.1,558.19
2023-06-05 07:00:00,558.19,7,0,0,182.65,310.03999999999996,250.21166666666667,818.86
2023-06-05 08:00:00,818.86,8,0,0,558.19,519.9,352.42333333333335,990.32
2023-06-05 09:00:00,990.32,9,0,0,818.86,789.1233333333333,486.345,1052.39
2023-06-05 10:00:00,1052.39,10,0,0,990.32,953.8566666666666,631.9483333333334,1083.42
2023-06-05 11:00:00,1083.42,11,0,0,1052.39,1042.0433333333333,780.9716666666667,1137.48
2023-06-05 12:00:00,1137.48,12,0,0,1083.42,1091.0966666666666,940.11,896.38
2023-06-05 13:00:00,896.38,13,0,0,1137.48,1039.0933333333332,996.475,911.08
2023-06-05 14:00:00,911.08,14,0,0,896.38,981.6466666666665,1011.8449999999999,1078.33
2023-06-05 15:00:00,1078.33,15,0,0,911.08,961.93,1026.5133333333333,1062.08
2023-06-05 16:00:00,1062.08,16,0,0,1078.33,1017.1633333333333,1028.1283333333333,1006.58
2023-06-05 17:00:00,1006.58,17,0,0,1062.08,1048.9966666666667,1015.3216666666667,489.22
2023-06-05 18:00:00,489.22,18,0,0,1006.58,852.6266666666666,907.2783333333333,370.11
2023-06-05 19:00:00,370.11,19,0,0,489.22,621.9699999999999,819.5666666666666,304.51
2023-06-05 20:00:00,304.51,20,0,0,370.11,387.94666666666654,718.4716666666667,188.11
2023-06-05 21:00:00,188.11,21,0,0,304.51,287.5766666666666,570.1016666666667,184.88
2023-06-05 22:00:00,184.88,22,0,0,188.11,225.83333333333326,423.90166666666664,187.34
2023-06-05 23:00:00,187.34,23,0,0,184.88,186.7766666666666,287.3616666666667,187.51
2023-06-06 00:00:00,187.51,0,1,0,187.34,186.5766666666666,237.07666666666663,190.76
2023-06-06 01:00:00,190.76,1,1,0,187.51,188.5366666666666,207.18499999999997,191.82
2023-06-06 02:00:00,191.82,2,1,0,190.76,190.0299999999999,188.40333333333334,199.55
2023-06-06 03:00:00,199.55,3,1,0,191.82,194.04333333333327,190.30999999999997,187.91
2023-06-06 04:00:00,187.91,4,1,0,199.55,193.09333333333325,190.81499999999997,191.12
2023-06-06 05:00:00,191.12,5,1,0,187.91,192.85999999999993,191.44500000000002,185.61
2023-06-06 06:00:00,185.61,6,1,0,191.12,188.21333333333325,191.12833333333333,565.1
2023-06-06 07:00:00,565.1,7,1,0,185.61,313.94333333333327,253.51833333333335,834.33
2023-06-06 08:00:00,834.33,8,1,0,565.1,528.3466666666667,360.6033333333333,1017.46
2023-06-06 09:00:00,1017.46,9,1,0,834.33,805.63,496.9216666666667,1057.57
2023-06-06 10:00:00,1057.57,10,1,0,1017.46,969.7866666666665,641.8649999999999,1097.65
2023-06-06 11:00:00,1097.65,11,1,0,1057.57,1057.56,792.9533333333334,1138.75
2023-06-06 12:00:00,1138.75,12,1,0,1097.65,1097.99,951.8100000000001,865.46
2023-06-06 13:00:00,865.46,13,1,0,1138.75,1033.9533333333331,1001.87,840.4
2023-06-06 14:00:00,840.4,14,1,0,865.46,948.2033333333333,1002.8816666666667,1038.6
2023-06-06 15:00:00,1038.6,15,1,0,840.4,914.8199999999998,1006.4050000000001,1054.15
2023-06-06 16:00:00,1054.15,16,1,0,1038.6,977.7166666666666,1005.835,1014.5
2023-06-06 17:00:00,1014.5,17,1,0,1054.15,1035.7499999999998,991.9766666666666,473.73
2023-06-06 18:00:00,473.73,18,1,0,1014.5,847.4599999999999,881.14,399.19
2023-06-06 19:00:00,399.19,19,1,0,473.73,629.1399999999999,803.4283333333333,289.08
2023-06-06 20:00:00,289.08,20,1,0,399.19,387.3333333333332,711.5416666666666,188.28
2023-06-06 21:00:00,188.28,21,1,0,289.08,292.18333333333317,569.8216666666667,172.18
2023-06-06 22:00:00,172.18,22,1,0,188.28,216.51333333333318,422.82666666666665,192.79
2023-06-06 23:00:00,192.79,23,1,0,172.18,184.41666666666652,285.875,191.81
2023-06-07 00:00:00,191.81,0,2,0,192.79,185.59333333333316,238.88833333333332,189.82
2023-06-07 01:00:00,189.82,1,2,0,191.81,191.47333333333316,203.99333333333334,189.37
2023-06-07 02:00:00,189.37,2,2,0,189.82,190.33333333333317,187.375,188.77
2023-06-07 03:00:00,188.77,3,2,0,189.37,189.31999999999985,187.45666666666668,172.21
2023-06-07 04:00:00,172.21,4,2,0,188.77,183.44999999999985,187.46166666666667,192.57
2023-06-07 05:00:00,192.57,5,2,0,172.21,184.5166666666665,187.42499999999998,183.51
2023-06-07 06:00:00,183.51,6,2,0,192.57,182.76333333333318,186.04166666666666,552.56
2023-06-07 07:00:00,552.56,7,2,0,183.51,309.54666666666645,246.4983333333333,817.94
2023-06-07 08:00:00,817.94,8,2,0,552.56,518.0033333333332,351.26,1009.23
2023-06-07 09:00:00,1009.23,9,2,0,817.94,793.2433333333332,488.00333333333333,1007.16
2023-06-07 10:00:00,1007.16,10,2,0,1009.23,944.7766666666665,627.1616666666666,1074.32
2023-06-07 11:00:00,1074.32,11,2,0,1007.16,1030.2366666666665,774.12,1152.18
2023-06-07 12:00:00,1152.18,12,2,0,1074.32,1077.8866666666665,935.5649999999999,907.06
2023-06-07 13:00:00,907.06,13,2,0,1152.18,1044.5199999999998,994.6483333333334,902.55
2023-06-07 14:00:00,902.55,14,2,0,907.06,987.2633333333332,1008.75,1046.53
2023-06-07 15:00:00,1046.53,15,2,0,902.55,952.0466666666665,1014.9666666666667,1013.47
2023-06-07 16:00:00,1013.47,16,2,0,1046.53,987.5166666666664,1016.0183333333333,1005.3
2023-06-07 17:00:00,1005.3,17,2,0,1013.47,1021.7666666666664,1004.515,447.58
2023-06-07 18:00:00,447.58,18,2,0,1005.3,822.1166666666664,887.0816666666666,385.74
2023-06-07 19:00:00,385.74,19,2,0,447.58,612.8733333333331,800.195,282.44
2023-06-07 20:00:00,282.44,20,2,0,385.74,371.91999999999985,696.8433333333332,184.9
2023-06-07 21:00:00,184.9,21,2,0,282.44,284.35999999999984,553.2383333333333,188.37
2023-06-07 22:00:00,188.37,22,2,0,184.9,218.56999999999985,415.72166666666664,185.03
2023-06-07 23:00:00,185.03,23,2,0,188.37,186.09999999999982,279.00999999999993,189.53
2023-06-08 00:00:00,189.53,0,3,0,185.03,187.6433333333332,236.00166666666664,194.22
2023-06-08 01:00:00,194.22,1,3,0,189.53,189.59333333333316,204.08166666666662,187.44
2023-06-08 02:00:00,187.44,2,3,0,194.22,190.39666666666653,188.2483333333333,185.14
2023-06-08 03:00:00,185.14,3,3,0,187.44,188.93333333333317,188.2883333333333,191.98
2023-06-08 04:00:00,191.98,4,3,0,185.14,188.1866666666665,188.88999999999996,188.67
2023-06-08 05:00:00,188.67,5,3,0,191.98,188.5966666666665,189.49666666666664,189.63
2023-06-08 06:00:00,189.63,6,3,0,188.67,190.09333333333316,189.5133333333333,562.07
2023-06-08 07:00:00,562.07,7,3,0,189.63,313.45666666666654,250.82166666666663,827.37
2023-06-08 08:00:00,827.37,8,3,0,562.07,526.3566666666666,357.47666666666663,1010.12
2023-06-08 09:00:00,1010.12,9,3,0,827.37,799.8533333333331,494.9733333333333,1094.84
2023-06-08 10:00:00,1094.84,10,3,0,1010.12,977.4433333333332,645.4499999999999,1085.4
2023-06-08 11:00:00,1085.4,11,3,0,1094.84,1063.4533333333331,794.9050000000001,1134.85
2023-06-08 12:00:00,1134.85,12,3,0,1085.4,1105.03,952.4416666666666,845.97
2023-06-08 13:00:00,845.97,13,3,0,1134.85,1022.0733333333332,999.7583333333333,891.56
2023-06-08 14:00:00,891.56,14,3,0,845.97,957.4599999999997,1010.4566666666666,1060.66
2023-06-08 15:00:00,1060.66,15,3,0,891.56,932.7299999999999,1018.8800000000001,1014.87
2023-06-08 16:00:00,1014.87,16,3,0,1060.66,989.0299999999999,1005.5516666666667,1024.45
2023-06-08 17:00:00,1024.45,17,3,0,1014.87,1033.3266666666666,995.3933333333333,475.94
2023-06-08 18:00:00,475.94,18,3,0,1024.45,838.4199999999997,885.5749999999999,387.85
2023-06-08 19:00:00,387.85,19,3,0,475.94,629.4133333333332,809.2216666666667,281.53
2023-06-08 20:00:00,281.53,20,3,0,387.85,381.7733333333331,707.5500000000001,189.7
2023-06-08 21:00:00,189.7,21,3,0,281.53,286.35999999999973,562.39,180.07
2023-06-08 22:00:00,180.07,22,3,0,189.7,217.09999999999977,423.2566666666667,182.2
2023-06-08 23:00:00,182.2,23,3,0,180.07,183.98999999999978,282.88166666666666,217.06
2023-06-09 00:00:00,217.06,0,4,0,182.2,193.10999999999976,239.73499999999999,181.19
2023-06-09 01:00:00,181.19,1,4,0,217.06,193.48333333333312,205.29166666666666,201.7
2023-06-09 02:00:00,201.7,2,4,0,181.19,199.98333333333312,191.98666666666668,196.28
2023-06-09 03:00:00,196.28,3,4,0,201.7,193.05666666666642,193.08333333333334,185.31
2023-06-09 04:00:00,185.31,4,4,0,196.28,194.42999999999975,193.95666666666668,181.96
2023-06-09 05:00:00,181.96,5,4,0,185.31,187.84999999999977,193.91666666666666,187.41
2023-06-09 06:00:00,187.41,6,4,0,181.96,184.89333333333312,188.97500000000002,562.02
2023-06-09 07:00:00,562.02,7,4,0,187.41,310.4633333333331,252.44666666666663,820.19
2023-06-09 08:00:00,820.19,8,4,0,562.02,523.2066666666665,355.52833333333336,1003.35
2023-06-09 09:00:00,1003.35,9,4,0,820.19,795.1866666666665,490.03999999999996,1039.97
2023-06-09 10:00:00,1039.97,10,4,0,1003.35,954.5033333333331,632.4833333333333,1139.74
2023-06-09 11:00:00,1139.74,11,4,0,1039.97,1061.0199999999998,792.1133333333333,1187.31
2023-06-09 12:00:00,1187.31,12,4,0,1139.74,1122.34,958.7633333333333,874.09
2023-06-09 13:00:00,874.09,13,4,0,1187.31,1067.0466666666664,1010.775,878.26
2023-06-09 14:00:00,878.26,14,4,0,874.09,979.8866666666663,1020.4533333333334,1078.95
2023-06-09 15:00:00,1078.95,15,4,0,878.26,943.7666666666664,1033.0533333333333,1053.21
2023-06-09 16:00:00,1053.21,16,4,0,1078.95,1003.473333333333,1035.26,1003.03
2023-06-09 17:00:00,1003.03,17,4,0,1053.21,1045.063333333333,1012.4749999999999,463.57
2023-06-09 18:00:00,463.57,18,4,0,1003.03,839.9366666666664,891.8516666666668,382.11
2023-06-09 19:00:00,382.11,19,4,0,463.57,616.2366666666663,809.855,293.91
2023-06-09 20:00:00,293.91,20,4,0,382.11,379.86333333333295,712.4633333333333,196.19
2023-06-09 21:00:00,196.19,21,4,0,293.91,290.7366666666663,565.3366666666667,183.93
2023-06-09 22:00:00,183.93,22,4,0,196.19,224.67666666666628,420.45666666666665,186.47
2023-06-09 23:00:00,186.47,23,4,0,183.93,188.86333333333297,284.36333333333334,200.35
2023-06-10 00:00:00,200.35,0,5,1,186.47,190.24999999999963,240.49333333333334,224.5
2023-06-10 01:00:00,224.5,1,5,1,200.35,203.77333333333294,214.225,207.3
2023-06-10 02:00:00,207.3,2,5,1,224.5,210.71666666666627,199.79,210.98
2023-06-10 03:00:00,210.98,3,5,1,207.3,214.25999999999962,202.255,210.8
2023-06-10 04:00:00,210.8,4,5,1,210.98,209.69333333333296,206.73333333333332,218.58
2023-06-10 05:00:00,218.58,5,5,1,210.8,213.45333333333295,212.08500000000004,211.1
2023-06-10 06:00:00,211.1,6,5,1,218.58,213.49333333333297,213.87666666666667,200.5
2023-06-10 07:00:00,200.5,7,5,1,211.1,210.05999999999963,209.87666666666667,198.78
2023-06-10 08:00:00,198.78,8,5,1,200.5,203.4599999999996,208.45666666666668,206.97
2023-06-10 09:00:00,206.97,9,5,1,198.78,202.08333333333294,207.78833333333333,332.75
2023-06-10 10:00:00,332.75,10,5,1,206.97,246.1666666666663,228.11333333333334,360.92
2023-06-10 11:00:00,360.92,11,5,1,332.75,300.21333333333297,251.83666666666667,346.02
2023-06-10 12:00:00,346.02,12,5,1,360.92,346.563333333333,274.3233333333333,341.9
2023-06-10 13:00:00,341.9,13,5,1,346.02,349.61333333333295,297.89,337.69
2023-06-10 14:00:00,337.69,14,5,1,341.9,341.8699999999996,321.0416666666667,335.3
2023-06-10 15:00:00,335.3,15,5,1,337.69,338.2966666666662,342.43,338.77
2023-06-10 16:00:00,338.77,16,5,1,335.3,337.25333333333293,343.43333333333334,205.18
2023-06-10 17:00:00,205.18,17,5,1,338.77,293.083333333333,317.47666666666663,213.93
2023-06-10 18:00:00,213.93,18,5,1,205.18,252.62666666666632,295.46166666666664,213.4
2023-06-10 19:00:00,213.4,19,5,1,213.93,210.83666666666628,274.045,192.89
2023-06-10 20:00:00,192.89,20,5,1,213.4,206.73999999999964,249.91166666666666,203.7
2023-06-10 21:00:00,203.7,21,5,1,192.89,203.32999999999961,227.97833333333335,195.98
2023-06-10 22:00:00,195.98,22,5,1,203.7,197.52333333333294,204.17999999999998,189.82
2023-06-10 23:00:00,189.82,23,5,1,195.98,196.49999999999963,201.62,192.66
2023-06-11 00:00:00,192.66,0,6,1,189.82,192.8199999999996,198.07499999999996,206.24
2023-06-11 01:00:00,206.24,1,6,1,192.66,196.23999999999964,196.88166666666666,210.35
2023-06-11 02:00:00,210.35,2,6,1,206.24,203.08333333333294,199.79166666666666,209.56
2023-06-11 03:00:00,209.56,3,6,1,210.35,208.71666666666633,200.76833333333335,214.77
2023-06-11 04:00:00,214.77,4,6,1,209.56,211.55999999999963,203.9,207.32
2023-06-11 05:00:00,207.32,5,6,1,214.77,210.5499999999996,206.8166666666667,199.24
2023-06-11 06:00:00,199.24,6,6,1,207.32,207.10999999999964,207.91333333333333,195.21
2023-06-11 07:00:00,195.21,7,6,1,199.24,200.5899999999996,206.07500000000002,206.69
2023-06-11 08:00:00,206.69,8,6,1,195.21,200.37999999999963,205.465,200.76
2023-06-11 09:00:00,200.76,9,6,1,206.69,200.8866666666663,203.99833333333333,340.92
2023-06-11 10:00:00,340.92,10,6,1,200.76,249.45666666666628,225.02333333333334,350.64
2023-06-11 11:00:00,350.64,11,6,1,340.92,297.43999999999966,248.91,346.95
2023-06-11 12:00:00,346.95,12,6,1,350.64,346.1699999999996,273.52833333333336,347.33
2023-06-11 13:00:00,347.33,13,6,1,346.95,348.3066666666662,298.88166666666666,335.87
2023-06-11 14:00:00,335.87,14,6,1,347.33,343.3833333333329,320.4116666666667,336.77
2023-06-11 15:00:00,336.77,15,6,1,335.87,339.9899999999996,343.08,329.78
2023-06-11 16:00:00,329.78,16,6,1,336.77,334.1399999999996,341.2233333333333,206.45
2023-06-11 17:00:00,206.45,17,6,1,329.78,290.9999999999996,317.19166666666666,217.42
2023-06-11 18:00:00,217.42,18,6,1,206.45,251.21666666666627,295.6033333333333,206.23
2023-06-11 19:00:00,206.23,19,6,1,217.42,210.03333333333293,272.08666666666664,199.78
2023-06-11 20:00:00,199.78,20,6,1,206.23,207.8099999999996,249.40499999999997,216.22
2023-06-11 21:00:00,216.22,21,6,1,199.78,207.40999999999963,229.3133333333333,218.68
2023-06-11 22:00:00,218.68,22,6,1,216.22,211.55999999999963,210.79666666666665,207.22
2023-06-11 23:00:00,207.22,23,6,1,218.68,214.03999999999962,210.92499999999998,187.77
2023-06-12 00:00:00,187.77,0,0,0,207.22,204.5566666666663,205.98333333333335,197.57
2023-06-12 01:00:00,197.57,1,0,0,187.77,197.5199999999996,204.54,193.6
2023-06-12 02:00:00,193.6,2,0,0,197.57,192.9799999999996,203.51,178.42
2023-06-12 03:00:00,178.42,3,0,0,193.6,189.86333333333292,197.21,183.83
2023-06-12 04:00:00,183.83,4,0,0,178.42,185.28333333333296,191.40166666666664,187.24
2023-06-12 05:00:00,187.24,5,0,0,183.83,183.16333333333296,188.0716666666667,180.29
2023-06-12 06:00:00,180.29,6,0,0,187.24,183.7866666666663,186.82500000000002,568.84
2023-06-12 07:00:00,568.84,7,0,0,180.29,312.12333333333294,248.70333333333335,827.57
2023-06-12 08:00:00,827.57,8,0,0,568.84,525.5666666666663,354.365,1014.15
2023-06-12 09:00:00,1014.15,9,0,0,827.57,803.5199999999996,493.65333333333336,1024.59
2023-06-12 10:00:00,1024.59,10,0,0,1014.15,955.4366666666662,633.7800000000001,1075.73
2023-06-12 11:00:00,1075.73,11,0,0,1024.59,1038.156666666666,781.8616666666667,1176.72
2023-06-12 12:00:00,1176.72,12,0,0,1075.73,1092.3466666666661,947.9333333333334,878.07
2023-06-12 13:00:00,878.07,13,0,0,1176.72,1043.5066666666664,999.4716666666667,850.03
2023-06-12 14:00:00,850.03,14,0,0,878.07,968.273333333333,1003.215,1100.71
2023-06-12 15:00:00,1100.71,15,0,0,850.03,942.9366666666662,1017.6416666666665,1035.66
2023-06-12 16:00:00,1035.66,16,0,0,1100.71,995.4666666666662,1019.4866666666667,1017.04
2023-06-12 17:00:00,1017.04,17,0,0,1035.66,1051.1366666666663,1009.7049999999999,475.69
2023-06-12 18:00:00,475.69,18,0,0,1017.04,842.7966666666663,892.8666666666668,383.39
2023-06-12 19:00:00,383.39,19,0,0,475.69,625.3733333333329,810.42,288.5
2023-06-12 20:00:00,288.5,20,0,0,383.39,382.52666666666624,716.8316666666666,186.6
2023-06-12 21:00:00,186.6,21,0,0,288.5,286.1633333333329,564.48,174.65
2023-06-12 22:00:00,174.65,22,0,0,186.6,216.58333333333294,420.9783333333334,178.05
2023-06-12 23:00:00,178.05,23,0,0,174.65,179.76666666666628,281.1466666666667,185.5
2023-06-13 00:00:00,185.5,0,1,0,178.05,179.39999999999964,232.78166666666667,184.5
2023-06-13 01:00:00,184.5,1,1,0,185.5,182.68333333333294,199.63333333333335,171.62
2023-06-13 02:00:00,171.62,2,1,0,184.5,180.53999999999962,180.15333333333334,190.78
2023-06-13 03:00:00,190.78,3,1,0,171.62,182.2999999999996,180.85000000000002,184.81
2023-06-13 04:00:00,184.81,4,1,0,190.78,182.40333333333297,182.54333333333332,195.13
2023-06-13 05:00:00,195.13,5,1,0,184.81,190.23999999999964,185.39,192.27
2023-06-13 06:00:00,192.27,6,1,0,195.13,190.7366666666663,186.51833333333335,568.85
2023-06-13 07:00:00,568.85,7,1,0,192.27,318.7499999999996,250.57666666666668,822.06
2023-06-13 08:00:00,822.06,8,1,0,568.85,527.7266666666663,358.98333333333335,1016.0
2023-06-13 09:00:00,1016.0,9,1,0,822.06,802.303333333333,496.52,1107.7
2023-06-13 10:00:00,1107.7,10,1,0,1016.0,981.9199999999996,650.335,1157.93
2023-06-13 11:00:00,1157.93,11,1,0,1107.7,1093.8766666666663,810.8016666666666,1202.34
2023-06-13 12:00:00,1202.34,12,1,0,1157.93,1155.9899999999996,979.1466666666666,866.74
2023-06-13 13:00:00,866.74,13,1,0,1202.34,1075.6699999999994,1028.795,875.96
2023-06-13 14:00:00,875.96,14,1,0,866.74,981.6799999999994,1037.7783333333334,1034.89
2023-06-13 15:00:00,1034.89,15,1,0,875.96,925.8633333333329,1040.9266666666667,1045.06
2023-06-13 16:00:00,1045.06,16,1,0,1034.89,985.303333333333,1030.4866666666667,998.36
2023-06-13 17:00:00,998.36,17,1,0,1045.06,1026.1033333333328,1003.8916666666665,489.71
2023-06-13 18:00:00,489.71,18,1,0,998.36,844.3766666666662,885.12,384.8
2023-06-13 19:00:00,384.8,19,1,0,489.71,624.2899999999995,804.7966666666666,287.14
2023-06-13 20:00:00,287.14,20,1,0,384.8,387.21666666666624,706.66,193.05
2023-06-13 21:00:00,193.05,21,1,0,287.14,288.32999999999953,566.3533333333334,211.91
2023-06-13 22:00:00,211.91,22,1,0,193.05,230.69999999999956,427.49500000000006,188.43
2023-06-13 23:00:00,188.43,23,1,0,211.91,197.7966666666662,292.5066666666667,166.81
2023-06-14 00:00:00,166.81,0,2,0,188.43,189.04999999999953,238.69000000000003,189.16
2023-06-14 01:00:00,189.16,1,2,0,166.81,181.46666666666624,206.08333333333334,189.14
2023-06-14 02:00:00,189.14,2,2,0,189.16,181.70333333333284,189.75,188.62
2023-06-14 03:00:00,188.62,3,2,0,189.14,188.9733333333329,189.01166666666668,179.91
2023-06-14 04:00:00,179.91,4,2,0,188.62,185.88999999999953,183.6783333333333,185.79
2023-06-14 05:00:00,185.79,5,2,0,179.91,184.77333333333286,183.23833333333334,191.23
2023-06-14 06:00:00,191.23,6,2,0,185.79,185.64333333333286,187.3083333333333,563.7
2023-06-14 07:00:00,563.7,7,2,0,191.23,313.57333333333287,249.73166666666665,829.44
2023-06-14 08:00:00,829.44,8,2,0,563.7,528.1233333333329,356.4483333333333,981.74
2023-06-14 09:00:00,981.74,9,2,0,829.44,791.6266666666662,488.635,1064.17
2023-06-14 10:00:00,1064.17,10,2,0,981.74,958.4499999999995,636.0116666666667,1070.18
2023-06-14 11:00:00,1070.18,11,2,0,1064.17,1038.6966666666663,783.41,1106.07
2023-06-14 12:00:00,1106.07,12,2,0,1070.18,1080.1399999999994,935.8833333333332,860.54
2023-06-14 13:00:00,860.54,13,2,0,1106.07,1012.2633333333328,985.3566666666666,871.0
2023-06-14 14:00:00,871.0,14,2,0,860.54,945.8699999999995,992.2833333333334,1038.65
2023-06-14 15:00:00,1038.65,15,2,0,871.0,923.3966666666662,1001.7683333333333,1056.68
2023-06-14 16:00:00,1056.68,16,2,0,1038.65,988.7766666666663,1000.5200000000001,1018.71
2023-06-14 17:00:00,1018.71,17,2,0,1056.68,1038.013333333333,991.9416666666667,452.05
2023-06-14 18:00:00,452.05,18,2,0,1018.71,842.4799999999996,882.9383333333334,392.96
2023-06-14 19:00:00,392.96,19,2,0,452.05,621.2399999999996,805.0083333333332,290.28
2023-06-14 20:00:00,290.28,20,2,0,392.96,378.42999999999955,708.2216666666667,199.23
2023-06-14 21:00:00,199.23,21,2,0,290.28,294.15666666666624,568.3183333333333,195.59
2023-06-14 22:00:00,195.59,22,2,0,199.23,228.3666666666662,424.8033333333333,189.99
2023-06-14 23:00:00,189.99,23,2,0,195.59,194.93666666666618,286.68333333333334,188.19
2023-06-15 00:00:00,188.19,0,3,0,189.99,191.2566666666662,242.70666666666668,184.89
2023-06-15 01:00:00,184.89,1,3,0,188.19,187.68999999999951,208.02833333333334,190.44
2023-06-15 02:00:00,190.44,2,3,0,184.89,187.83999999999955,191.38833333333332,186.42
2023-06-15 03:00:00,186.42,3,3,0,190.44,187.24999999999955,189.25333333333333,196.42
2023-06-15 04:00:00,196.42,4,3,0,186.42,191.09333333333288,189.39166666666665,193.16
2023-06-15 05:00:00,193.16,5,3,0,196.42,191.99999999999955,189.92,192.71
2023-06-15 06:00:00,192.71,6,3,0,193.16,194.0966666666662,190.67333333333332,540.6
2023-06-15 07:00:00,540.6,7,3,0,192.71,308.82333333333287,249.95833333333334,824.12
2023-06-15 08:00:00,824.12,8,3,0,540.6,519.1433333333329,355.57166666666666,1009.35
2023-06-15 09:00:00,1009.35,9,3,0,824.12,791.3566666666662,492.7266666666667,1023.06
2023-06-15 10:00:00,1023.06,10,3,0,1009.35,952.1766666666663,630.5,1095.89
2023-06-15 11:00:00,1095.89,11,3,0,1023.06,1042.7666666666662,780.955,1163.76
2023-06-15 12:00:00,1163.76,12,3,0,1095.89,1094.2366666666662,942.7966666666667,871.67
2023-06-15 13:00:00,871.67,13,3,0,1163.76,1043.7733333333329,997.9749999999999,888.16
2023-06-15 14:00:00,888.16,14,3,0,871.67,974.5299999999994,1008.6483333333332,1095.51
2023-06-15 15:00:00,1095.51,15,3,0,888.16,951.7799999999994,1023.0083333333332,1044.12
2023-06-15 16:00:00,1044.12,16,3,0,1095.51,1009.2633333333328,1026.5183333333332,983.91
2023-06-15 17:00:00,983.91,17,3,0,1044.12,1041.1799999999994,1007.8549999999999,455.14
2023-06-15 18:00:00,455.14,18,3,0,983.91,827.7233333333328,889.7516666666666,376.65
2023-06-15 19:00:00,376.65,19,3,0,455.14,605.2333333333328,807.2483333333333,296.11
2023-06-15 20:00:00,296.11,20,3,0,376.65,375.9666666666661,708.5733333333333,186.6
2023-06-15 21:00:00,186.6,21,3,0,296.11,286.4533333333328,557.0883333333333,185.96
2023-06-15 22:00:00,185.96,22,3,0,186.6,222.8899999999995,414.06166666666667,187.97
2023-06-15 23:00:00,187.97,23,3,0,185.96,186.8433333333328,281.405,186.05
2023-06-16 00:00:00,186.05,0,4,0,187.97,186.65999999999948,236.55666666666664,171.96
2023-06-16 01:00:00,171.96,1,4,0,186.05,181.9933333333328,202.4416666666667,197.04
2023-06-16 02:00:00,197.04,2,4,0,171.96,185.0166666666661,185.92999999999998,189.87
2023-06-16 03:00:00,189.87,3,4,0,197.04,186.28999999999948,186.475,184.96
2023-06-16 04:00:00,184.96,4,4,0,189.87,190.6233333333328,186.3083333333333,191.18
2023-06-16 05:00:00,191.18,5,4,0,184.96,188.66999999999948,186.84333333333333,183.92
2023-06-16 06:00:00,183.92,6,4,0,191.18,186.68666666666616,186.48833333333334,567.92
2023-06-16 07:00:00,567.92,7,4,0,183.92,314.33999999999946,252.48166666666665,835.36
2023-06-16 08:00:00,835.36,8,4,0,567.92,529.0666666666662,358.86833333333334,999.71
2023-06-16 09:00:00,999.71,9,4,0,835.36,800.9966666666661,493.8416666666667,1058.88
2023-06-16 10:00:00,1058.88,10,4,0,999.71,964.6499999999995,639.495,1076.3
2023-06-16 11:00:00,1076.3,11,4,0,1058.88,1044.963333333333,787.015,1113.56
2023-06-16 12:00:00,1113.56,12,4,0,1076.3,1082.9133333333327,941.9549999999999,901.8
2023-06-16 13:00:00,901.8,13,4,0,1113.56,1030.5533333333326,997.6016666666666,878.63
2023-06-16 14:00:00,878.63,14,4,0,901.8,964.6633333333326,1004.8133333333334,1066.15
2023-06-16 15:00:00,1066.15,15,4,0,878.63,948.8599999999993,1015.8866666666667,1047.25
2023-06-16 16:00:00,1047.25,16,4,0,1066.15,997.3433333333327,1013.9483333333334,985.43
2023-06-16 17:00:00,985.43,17,4,0,1047.25,1032.9433333333327,998.8033333333333,450.07
2023-06-16 18:00:00,450.07,18,4,0,985.43,827.5833333333326,888.2216666666667,370.01
2023-06-16 19:00:00,370.01,19,4,0,450.07,601.836666666666,799.59,298.34
2023-06-16 20:00:00,298.34,20,4,0,370.01,372.80666666666593,702.875,190.79
2023-06-16 21:00:00,190.79,21,4,0,298.34,286.3799999999993,556.9816666666667,196.54
2023-06-16 22:00:00,196.54,22,4,0,190.79,228.55666666666596,415.19666666666666,187.65
2023-06-16 23:00:00,187.65,23,4,0,196.54,191.65999999999931,282.23333333333335,206.87
2023-06-17 00:00:00,206.87,0,5,1,187.65,197.01999999999933,241.69999999999996,204.44
2023-06-17 01:00:00,204.44,1,5,1,206.87,199.65333333333265,214.105,212.19
2023-06-17 02:00:00,212.19,2,5,1,204.44,207.83333333333266,199.74666666666667,210.87
2023-06-17 03:00:00,210.87,3,5,1,212.19,209.16666666666598,203.09333333333333,197.62
2023-06-17 04:00:00,197.62,4,5,1,210.87,206.89333333333263,203.27333333333334,213.24
2023-06-17 05:00:00,213.24,5,5,1,197.62,207.24333333333266,207.53833333333333,205.22
2023-06-17 06:00:00,205.22,6,5,1,213.24,205.35999999999933,207.26333333333335,210.94
2023-06-17 07:00:00,210.94,7,5,1,205.22,209.79999999999936,208.34666666666666,217.58
2023-06-17 08:00:00,217.58,8,5,1,210.94,211.246666666666,209.245,200.83
2023-06-17 09:00:00,200.83,9,5,1,217.58,209.78333333333265,207.5716666666667,336.18
2023-06-17 10:00:00,336.18,10,5,1,200.83,251.52999999999932,230.665,349.14
2023-06-17 11:00:00,349.14,11,5,1,336.18,295.38333333333264,253.31499999999997,345.94
2023-06-17 12:00:00,345.94,12,5,1,349.14,343.75333333333265,276.7683333333333,341.29
2023-06-17 13:00:00,341.29,13,5,1,345.94,345.456666666666,298.49333333333334,346.8
2023-06-17 14:00:00,346.8,14,5,1,341.29,344.676666666666,320.03000000000003,348.85
2023-06-17 15:00:00,348.85,15,5,1,346.8,345.646666666666,344.70000000000005,329.23
2023-06-17 16:00:00,329.23,16,5,1,348.85,341.62666666666604,343.5416666666667,195.94
2023-06-17 17:00:00,195.94,17,5,1,329.23,291.33999999999935,318.0083333333334,206.27
2023-06-17 18:00:00,206.27,18,5,1,195.94,243.81333333333268,294.73,206.09
2023-06-17 19:00:00,206.09,19,5,1,206.27,202.76666666666597,272.1966666666667,209.29
2023-06-17 20:00:00,209.29,20,5,1,206.09,207.216666666666,249.27833333333334,211.68
2023-06-17 21:00:00,211.68,21,5,1,209.29,209.01999999999933,226.41666666666666,214.32
2023-06-17 22:00:00,214.32,22,5,1,211.68,211.76333333333264,207.26500000000001,212.92
2023-06-17 23:00:00,212.92,23,5,1,214.32,212.97333333333268,210.095,205.6
2023-06-18 00:00:00,205.6,0,6,1,212.92,210.94666666666595,209.98333333333335,181.09
2023-06-18 01:00:00,181.09,1,6,1,205.6,199.86999999999932,205.81666666666663,199.25
2023-06-18 02:00:00,199.25,2,6,1,181.09,195.31333333333268,204.14333333333332,219.72
2023-06-18 03:00:00,219.72,3,6,1,199.25,200.0199999999993,205.48333333333332,230.36
2023-06-18 04:00:00,230.36,4,6,1,219.72,216.44333333333267,208.15666666666667,211.63
2023-06-18 05:00:00,211.63,5,6,1,230.36,220.56999999999934,207.94166666666663,206.75
2023-06-18 06:00:00,206.75,6,6,1,211.63,216.246666666666,208.13333333333333,205.66
2023-06-18 07:00:00,205.66,7,6,1,206.75,208.01333333333264,212.22833333333335,204.67
2023-06-18 08:00:00,204.67,8,6,1,205.66,205.69333333333262,213.13166666666666,208.51
2023-06-18 09:00:00,208.51,9,6,1,204.67,206.2799999999993,211.26333333333335,350.63
2023-06-18 10:00:00,350.63,10,6,1,208.51,254.60333333333264,231.3083333333333,330.81
2023-06-18 11:00:00,330.81,11,6,1,350.63,296.64999999999935,251.17166666666665,335.71
2023-06-18 12:00:00,335.71,12,6,1,330.81,339.04999999999933,272.665,358.69
2023-06-18 13:00:00,358.69,13,6,1,335.71,341.736666666666,298.17,339.81
2023-06-18 14:00:00,339.81,14,6,1,358.69,344.736666666666,320.6933333333333,324.21
2023-06-18 15:00:00,324.21,15,6,1,339.81,340.9033333333327,339.97666666666663,332.47
2023-06-18 16:00:00,332.47,16,6,1,324.21,332.1633333333327,336.95,207.4
2023-06-18 17:00:00,207.4,17,6,1,332.47,288.026666666666,316.38166666666666,204.26
2023-06-18 18:00:00,204.26,18,6,1,207.4,248.0433333333327,294.4733333333333,194.79
2023-06-18 19:00:00,194.79,19,6,1,204.26,202.14999999999932,267.1566666666667,204.87
2023-06-18 20:00:00,204.87,20,6,1,194.79,201.30666666666602,244.66666666666666,208.22
2023-06-18 21:00:00,208.22,21,6,1,204.87,202.62666666666598,225.335,194.44
2023-06-18 22:00:00,194.44,22,6,1,208.22,202.5099999999993,202.33,201.7
2023-06-18 23:00:00,201.7,23,6,1,194.44,201.45333333333267,201.38,203.47
2023-06-19 00:00:00,203.47,0,0,0,201.7,199.8699999999993,201.24833333333333,188.94
2023-06-19 01:00:00,188.94,1,0,0,203.47,198.03666666666598,200.2733333333333,201.14
2023-06-19 02:00:00,201.14,2,0,0,188.94,197.8499999999993,199.65166666666664,196.21
2023-06-19 03:00:00,196.21,3,0,0,201.14,195.4299999999993,197.64999999999998,199.99
2023-06-19 04:00:00,199.99,4,0,0,196.21,199.11333333333266,198.57500000000002,185.97
2023-06-19 05:00:00,185.97,5,0,0,199.99,194.05666666666602,195.95333333333335,187.91
2023-06-19 06:00:00,187.91,6,0,0,185.97,191.2899999999993,193.35999999999999,552.31
2023-06-19 07:00:00,552.31,7,0,0,187.91,308.7299999999993,253.92166666666665,833.98
2023-06-19 08:00:00,833.98,8,0,0,552.31,524.7333333333327,359.395,1003.11
2023-06-19 09:00:00,1003.11,9,0,0,833.98,796.4666666666659,493.87833333333333,1050.13
2023-06-19 10:00:00,1050.13,10,0,0,1003.11,962.406666666666,635.5683333333333,1118.97
2023-06-19 11:00:00,1118.97,11,0,0,1050.13,1057.4033333333327,791.0683333333333,1203.09
2023-06-19 12:00:00,1203.09,12,0,0,1118.97,1124.0633333333326,960.265,895.75
2023-06-19 13:00:00,895.75,13,0,0,1203.09,1072.6033333333326,1017.505,837.74
2023-06-19 14:00:00,837.74,14,0,0,895.75,978.8599999999991,1018.1316666666667,1014.3
2023-06-19 15:00:00,1014.3,15,0,0,837.74,915.9299999999993,1019.9966666666666,1000.14
2023-06-19 16:00:00,1000.14,16,0,0,1014.3,950.7266666666659,1011.6650000000001,1003.52
2023-06-19 17:00:00,1003.52,17,0,0,1000.14,1005.9866666666659,992.4233333333333,452.64
2023-06-19 18:00:00,452.64,18,0,0,1003.52,818.7666666666659,867.3483333333334,377.57
2023-06-19 19:00:00,377.57,19,0,0,452.64,611.2433333333325,780.985,284.0
2023-06-19 20:00:00,284.0,20,0,0,377.57,371.40333333333257,688.695,196.69
2023-06-19 21:00:00,196.69,21,0,0,284.0,286.0866666666659,552.4266666666666,195.01
2023-06-19 22:00:00,195.01,22,0,0,196.69,225.23333333333258,418.2383333333334,186.8
2023-06-19 23:00:00,186.8,23,0,0,195.01,192.83333333333258,282.11833333333334,188.3
2023-06-20 00:00:00,188.3,0,1,0,186.8,190.03666666666592,238.06166666666664,186.49
2023-06-20 01:00:00,186.49,1,1,0,188.3,187.19666666666592,206.215,182.73
2023-06-20 02:00:00,182.73,2,1,0,186.49,185.83999999999924,189.33666666666667,188.03
2023-06-20 03:00:00,188.03,3,1,0,182.73,185.74999999999923,187.89333333333335,185.53
2023-06-20 04:00:00,185.53,4,1,0,188.03,185.42999999999924,186.31333333333336,176.65
2023-06-20 05:00:00,176.65,5,1,0,185.53,183.4033333333326,184.62166666666667,191.89
2023-06-20 06:00:00,191.89,6,1,0,176.65,184.68999999999923,185.22,560.08
2023-06-20 07:00:00,560.08,7,1,0,191.89,309.5399999999993,247.485,817.51
2023-06-20 08:00:00,817.51,8,1,0,560.08,523.1599999999993,353.2816666666667,1003.8
2023-06-20 09:00:00,1003.8,9,1,0,817.51,793.7966666666658,489.24333333333334,1058.26
2023-06-20 10:00:00,1058.26,10,1,0,1003.8,959.856666666666,634.6983333333333,1094.2
2023-06-20 11:00:00,1094.2,11,1,0,1058.26,1052.086666666666,787.6233333333333,1097.11
2023-06-20 12:00:00,1097.11,12,1,0,1094.2,1083.1899999999994,938.4933333333333,907.1
2023-06-20 13:00:00,907.1,13,1,0,1097.11,1032.8033333333326,996.3299999999999,872.23
2023-06-20 14:00:00,872.23,14,1,0,907.1,958.8133333333326,1005.4499999999999,1069.8
2023-06-20 15:00:00,1069.8,15,1,0,872.23,949.7099999999991,1016.4499999999998,1016.34
2023-06-20 16:00:00,1016.34,16,1,0,1069.8,986.1233333333325,1009.4633333333333,993.06
2023-06-20 17:00:00,993.06,17,1,0,1016.34,1026.3999999999992,992.6066666666667,423.59
2023-06-20 18:00:00,423.59,18,1,0,993.06,810.9966666666659,880.3533333333334,397.42
2023-06-20 19:00:00,397.42,19,1,0,423.59,604.6899999999991,795.4066666666668,300.1
2023-06-20 20:00:00,300.1,20,1,0,397.42,373.70333333333247,700.0516666666666,179.33
2023-06-20 21:00:00,179.33,21,1,0,300.1,292.28333333333256,551.64,202.65
2023-06-20 22:00:00,202.65,22,1,0,179.33,227.3599999999992,416.0249999999999,191.19
2023-06-20 23:00:00,191.19,23,1,0,202.65,191.05666666666585,282.38,196.43
2023-06-21 00:00:00,196.43,0,2,0,191.19,196.75666666666584,244.51999999999998,200.4
2023-06-21 01:00:00,200.4,1,2,0,196.43,196.00666666666584,211.6833333333333,195.16
2023-06-21 02:00:00,195.16,2,2,0,200.4,197.32999999999916,194.19333333333336,181.71
2023-06-21 03:00:00,181.71,3,2,0,195.16,192.4233333333325,194.59,192.86
2023-06-21 04:00:00,192.86,4,2,0,181.71,189.90999999999917,192.95833333333334,195.85
2023-06-21 05:00:00,195.85,5,2,0,192.86,190.1399999999992,193.73499999999999,192.52
2023-06-21 06:00:00,192.52,6,2,0,195.85,193.74333333333252,193.08333333333334,575.13
2023-06-21 07:00:00,575.13,7,2,0,192.52,321.16666666666583,255.53833333333333,820.2
2023-06-21 08:00:00,820.2,8,2,0,575.13,529.2833333333325,359.71166666666664,1007.08
2023-06-21 09:00:00,1007.08,9,2,0,820.2,800.8033333333325,497.2733333333333,1040.49
2023-06-21 10:00:00,1040.49,10,2,0,1007.08,955.9233333333326,638.545,1073.89
2023-06-21 11:00:00,1073.89,11,2,0,1040.49,1040.486666666666,784.8850000000001,1114.67
2023-06-21 12:00:00,1114.67,12,2,0,1073.89,1076.3499999999992,938.5766666666668,860.72
2023-06-21 13:00:00,860.72,13,2,0,1114.67,1016.4266666666659,986.1750000000002,902.35
2023-06-21 14:00:00,902.35,14,2,0,860.72,959.2466666666659,999.8666666666667,1047.39
2023-06-21 15:00:00,1047.39,15,2,0,902.35,936.8199999999993,1006.585,1062.5
2023-06-21 16:00:00,1062.5,16,2,0,1047.39,1004.0799999999994,1010.2533333333334,1003.89
2023-06-21 17:00:00,1003.89,17,2,0,1062.5,1037.926666666666,998.5866666666667,485.87
2023-06-21 18:00:00,485.87,18,2,0,1003.89,850.7533333333325,893.7866666666667,403.8
2023-06-21 19:00:00,403.8,19,2,0,485.87,631.1866666666658,817.6333333333333,299.68
2023-06-21 20:00:00,299.68,20,2,0,403.8,396.4499999999992,717.1883333333334,182.92
2023-06-21 21:00:00,182.92,21,2,0,299.68,295.46666666666584,573.11,198.87
2023-06-21 22:00:00,198.87,22,2,0,182.92,227.15666666666584,429.1716666666667,181.76
2023-06-21 23:00:00,181.76,23,2,0,198.87,187.84999999999914,292.15000000000003,185.48
2023-06-22 00:00:00,185.48,0,3,0,181.76,188.7033333333325,242.085,196.16
2023-06-22 01:00:00,196.16,1,3,0,185.48,187.79999999999916,207.47833333333335,195.65
2023-06-22 02:00:00,195.65,2,3,0,196.16,192.42999999999915,190.14,194.53
2023-06-22 03:00:00,194.53,3,3,0,195.65,195.44666666666583,192.07500000000002,175.79
2023-06-22 04:00:00,175.79,4,3,0,194.53,188.65666666666584,188.22833333333332,194.08
2023-06-22 05:00:00,194.08,5,3,0,175.79,188.1333333333325,190.28166666666667,193.45
2023-06-22 06:00:00,193.45,6,3,0,194.08,187.77333333333252,191.61,565.25
2023-06-22 07:00:00,565.25,7,3,0,193.45,317.5933333333325,253.125,805.28
2023-06-22 08:00:00,805.28,8,3,0,565.25,521.3266666666658,354.73,1003.76
2023-06-22 09:00:00,1003.76,9,3,0,805.28,791.429999999999,489.60166666666663,1038.0
2023-06-22 10:00:00,1038.0,10,3,0,1003.76,949.0133333333324,633.3033333333333,1084.51
2023-06-22 11:00:00,1084.51,11,3,0,1038.0,1042.0899999999992,781.7083333333334,1146.07
2023-06-22 12:00:00,1146.07,12,3,0,1084.51,1089.5266666666657,940.4783333333334,909.51
2023-06-22 13:00:00,909.51,13,3,0,1146.07,1046.6966666666658,997.855,902.69
2023-06-22 14:00:00,902.69,14,3,0,909.51,986.0899999999989,1014.0900000000001,1047.64
2023-06-22 15:00:00,1047.64,15,3,0,902.69,953.2799999999992,1021.4033333333333,1042.48
2023-06-22 16:00:00,1042.48,16,3,0,1047.64,997.6033333333326,1022.1500000000001,988.14
2023-06-22 17:00:00,988.14,17,3,0,1042.48,1026.086666666666,1006.0883333333333,484.94
2023-06-22 18:00:00,484.94,18,3,0,988.14,838.5199999999991,895.9000000000001,382.01
2023-06-22 19:00:00,382.01,19,3,0,484.94,618.3633333333324,807.9833333333335,286.22
2023-06-22 20:00:00,286.22,20,3,0,382.01,384.38999999999913,705.2383333333333,198.97
2023-06-22 21:00:00,198.97,21,3,0,286.22,289.06666666666575,563.7933333333333,188.07
2023-06-22 22:00:00,188.07,22,3,0,198.97,224.41999999999908,421.39166666666665,182.03
2023-06-22 23:00:00,182.03,23,3,0,188.07,189.68999999999906,287.03999999999996,194.76
2023-06-23 00:00:00,194.76,0,4,0,182.03,188.28666666666572,238.67666666666665,180.31
2023-06-23 01:00:00,180.31,1,4,0,194.76,185.6999999999991,205.06000000000003,187.25
2023-06-23 02:00:00,187.25,2,4,0,180.31,187.43999999999906,188.56500000000003,181.26
2023-06-23 03:00:00,181.26,3,4,0,187.25,182.93999999999906,185.61333333333334,184.27
2023-06-23 04:00:00,184.27,4,4,0,181.26,184.25999999999908,184.98,199.37
2023-06-23 05:00:00,199.37,5,4,0,184.27,188.29999999999907,187.87,191.56
2023-06-23 06:00:00,191.56,6,4,0,199.37,191.73333333333244,187.33666666666667,557.75
2023-06-23 07:00:00,557.75,7,4,0,191.56,316.2266666666658,250.24333333333334,821.86
2023-06-23 08:00:00,821.86,8,4,0,557.75,523.7233333333324,356.0116666666667,1010.04
2023-06-23 09:00:00,1010.04,9,4,0,821.86,796.5499999999992,494.14166666666665,1031.86
2023-06-23 10:00:00,1031.86,10,4,0,1010.04,954.5866666666658,635.4066666666666,1116.67
2023-06-23 11:00:00,1116.67,11,4,0,1031.86,1052.8566666666657,788.29,1148.76
2023-06-23 12:00:00,1148.76,12,4,0,1116.67,1099.0966666666657,947.8233333333333,892.72
2023-06-23 13:00:00,892.72,13,4,0,1148.76,1052.716666666666,1003.6516666666666,856.12
2023-06-23 14:00:00,856.12,14,4,0,892.72,965.8666666666658,1009.3616666666667,1110.25
2023-06-23 15:00:00,1110.25,15,4,0,856.12,953.0299999999992,1026.0633333333333,1052.18
2023-06-23 16:00:00,1052.18,16,4,0,1110.25,1006.1833333333325,1029.45,979.95
2023-06-23 17:00:00,979.95,17,4,0,1052.18,1047.4599999999991,1006.6633333333334,499.0
2023-06-23 18:00:00,499.0,18,4,0,979.95,843.7099999999991,898.37,387.26
2023-06-23 19:00:00,387.26,19,4,0,499.0,622.0699999999991,814.1266666666667,288.68
2023-06-23 20:00:00,288.68,20,4,0,387.26,391.6466666666658,719.5533333333333,189.86
2023-06-23 21:00:00,189.86,21,4,0,288.68,288.59999999999906,566.1550000000001,205.32
2023-06-23 22:00:00,205.32,22,4,0,189.86,227.95333333333244,425.0116666666666,188.69
2023-06-23 23:00:00,188.69,23,4,0,205.32,194.62333333333243,293.135,210.28
2023-06-24 00:00:00,210.28,0,5,1,188.69,201.42999999999907,245.015,216.25
2023-06-24 01:00:00,216.25,1,5,1,210.28,205.07333333333244,216.51333333333332,202.4
2023-06-24 02:00:00,202.4,2,5,1,216.25,209.64333333333244,202.13333333333333,204.94
2023-06-24 03:00:00,204.94,3,5,1,202.4,207.86333333333243,204.64666666666668,225.7
2023-06-24 04:00:00,225.7,4,5,1,204.94,211.0133333333324,208.04333333333332,202.05
2023-06-24 05:00:00,202.05,5,5,1,225.7,210.89666666666577,210.26999999999998,209.48
2023-06-24 06:00:00,209.48,6,5,1,202.05,212.4099999999991,210.13666666666666,220.14
2023-06-24 07:00:00,220.14,7,5,1,209.48,210.55666666666573,210.785,207.71
2023-06-24 08:00:00,207.71,8,5,1,220.14,212.4433333333324,211.67,209.05
2023-06-24 09:00:00,209.05,9,5,1,207.71,212.29999999999907,212.35500000000002,339.51
2023-06-24 10:00:00,339.51,10,5,1,209.05,252.0899999999991,231.32333333333335,337.56
2023-06-24 11:00:00,337.56,11,5,1,339.51,295.37333333333237,253.90833333333333,345.17
2023-06-24 12:00:00,345.17,12,5,1,337.56,340.74666666666576,276.52333333333337,334.72
2023-06-24 13:00:00,334.72,13,5,1,345.17,339.1499999999991,295.62,345.45
2023-06-24 14:00:00,345.45,14,5,1,334.72,341.7799999999991,318.57666666666665,341.47
2023-06-24 15:00:00,341.47,15,5,1,345.45,340.54666666666577,340.6466666666667,337.61
2023-06-24 16:00:00,337.61,16,5,1,341.47,341.5099999999991,340.33,207.31
2023-06-24 17:00:00,207.31,17,5,1,337.61,295.4633333333324,318.62166666666667,219.24
2023-06-24 18:00:00,219.24,18,5,1,207.31,254.71999999999912,297.6333333333333,220.83
2023-06-24 19:00:00,220.83,19,5,1,219.24,215.7933333333324,278.6516666666667,222.31
2023-06-24 20:00:00,222.31,20,5,1,220.83,220.7933333333324,258.12833333333333,209.96
2023-06-24 21:00:00,209.96,21,5,1,222.31,217.6999999999991,236.21000000000004,189.59
2023-06-24 22:00:00,189.59,22,5,1,209.96,207.28666666666575,211.54,206.74
2023-06-24 23:00:00,206.74,23,5,1,189.59,202.09666666666578,211.44500000000002,215.45
2023-06-25 00:00:00,215.45,0,6,1,206.74,203.92666666666574,210.81333333333336,206.94
2023-06-25 01:00:00,206.94,1,6,1,215.45,209.7099999999991,208.49833333333333,203.71
2023-06-25 02:00:00,203.71,2,6,1,206.94,208.69999999999905,205.3983333333333,203.1
2023-06-25 03:00:00,203.1,3,6,1,203.71,204.58333333333243,204.255,217.67
2023-06-25 04:00:00,217.67,4,6,1,203.1,208.1599999999991,208.93500000000003,204.95
2023-06-25 05:00:00,204.95,5,6,1,217.67,208.57333333333244,208.63666666666666,201.68
2023-06-25 06:00:00,201.68,6,6,1,204.95,208.09999999999908,206.34166666666667,219.88
2023-06-25 07:00:00,219.88,7,6,1,201.68,208.83666666666576,208.4983333333333,229.82
2023-06-25 08:00:00,229.82,8,6,1,219.88,217.12666666666576,212.85,202.13
2023-06-25 09:00:00,202.13,9,6,1,229.82,217.27666666666573,212.6883333333333,334.97
2023-06-25 10:00:00,334.97,10,6,1,202.13,255.6399999999991,232.23833333333334,348.72
2023-06-25 11:00:00,348.72,11,6,1,334.97,295.27333333333246,256.2,329.09
2023-06-25 12:00:00,329.09,12,6,1,348.72,337.5933333333324,277.435,326.53
2023-06-25 13:00:00,326.53,13,6,1,329.09,334.77999999999906,295.21,332.67
2023-06-25 14:00:00,332.67,14,6,1,326.53,329.4299999999991,312.35166666666663,344.45
2023-06-25 15:00:00,344.45,15,6,1,332.67,334.5499999999991,336.07166666666666,345.9
2023-06-25 16:00:00,345.9,16,6,1,344.45,341.00666666666575,337.8933333333334,203.01
2023-06-25 17:00:00,203.01,17,6,1,345.9,297.7866666666657,313.60833333333335,192.71
2023-06-25 18:00:00,192.71,18,6,1,203.01,247.20666666666577,290.8783333333333,211.94
2023-06-25 19:00:00,211.94,19,6,1,192.71,202.5533333333324,271.78,205.01
2023-06-25 20:00:00,205.01,20,6,1,211.94,203.2199999999991,250.50333333333333,212.42
2023-06-25 21:00:00,212.42,21,6,1,205.01,209.78999999999905,228.49833333333333,213.18
2023-06-25 22:00:00,213.18,22,6,1,212.42,210.20333333333244,206.37833333333333,189.08
2023-06-25 23:00:00,189.08,23,6,1,213.18,204.89333333333244,204.05666666666664,196.81
2023-06-26 00:00:00,196.81,0,0,0,189.08,199.68999999999912,204.74,197.86
2023-06-26 01:00:00,197.86,1,0,0,196.81,194.58333333333243,202.39333333333335,197.69
2023-06-26 02:00:00,197.69,2,0,0,197.86,197.45333333333244,201.17333333333332,193.65
2023-06-26 03:00:00,193.65,3,0,0,197.69,196.3999999999991,198.045,180.82
2023-06-26 04:00:00,180.82,4,0,0,193.65,190.71999999999912,192.65166666666667,191.88
2023-06-26 05:00:00,191.88,5,0,0,180.82,188.7833333333324,193.11833333333334,192.04
2023-06-26 06:00:00,192.04,6,0,0,191.88,188.24666666666576,192.32333333333335,545.3
2023-06-26 07:00:00,545.3,7,0,0,192.04,309.7399999999991,250.23000000000002,818.25
2023-06-26 08:00:00,818.25,8,0,0,545.3,518.5299999999992,353.6566666666667,996.12
2023-06-26 09:00:00,996.12,9,0,0,818.25,786.5566666666658,487.40166666666664,1006.97
2023-06-26 10:00:00,1006.97,10,0,0,996.12,940.4466666666658,625.0933333333334,1100.4
2023-06-26 11:00:00,1100.4,11,0,0,1006.97,1034.4966666666658,776.5133333333333,1134.79
2023-06-26 12:00:00,1134.79,12,0,0,1100.4,1080.7199999999991,933.6383333333333,889.25
2023-06-26 13:00:00,889.25,13,0,0,1134.79,1041.479999999999,990.9633333333333,868.44
2023-06-26 14:00:00,868.44,14,0,0,889.25,964.1599999999991,999.3283333333334,1053.34
2023-06-26 15:00:00,1053.34,15,0,0,868.44,937.009999999999,1008.8650000000001,1016.56
2023-06-26 16:00:00,1016.56,16,0,0,1053.34,979.4466666666658,1010.4633333333333,1001.99
2023-06-26 17:00:00,1001.99,17,0,0,1016.56,1023.9633333333323,994.0616666666666,457.95
2023-06-26 18:00:00,457.95,18,0,0,1001.99,825.4999999999991,881.255,374.27
2023-06-26 19:00:00,374.27,19,0,0,457.95,611.4033333333324,795.4250000000001,296.12
2023-06-26 20:00:00,296.12,20,0,0,374.27,376.1133333333324,700.0383333333333,187.8
2023-06-26 21:00:00,187.8,21,0,0,296.12,286.0633333333324,555.7816666666666,178.57
2023-06-26 22:00:00,178.57,22,0,0,187.8,220.8299999999991,416.1166666666666,178.88
2023-06-26 23:00:00,178.88,23,0,0,178.57,181.7499999999991,278.9316666666667,195.02
2023-06-27 00:00:00,195.02,0,1,0,178.88,184.15666666666576,235.10999999999999,200.0
2023-06-27 01:00:00,200.0,1,1,0,195.02,191.29999999999907,206.06499999999997,172.06
2023-06-27 02:00:00,172.06,2,1,0,200.0,189.02666666666576,185.38833333333335,191.34
2023-06-27 03:00:00,191.34,3,1,0,172.06,187.79999999999913,185.97833333333332,198.88
2023-06-27 04:00:00,198.88,4,1,0,191.34,187.42666666666574,189.36333333333334,192.33
2023-06-27 05:00:00,192.33,5,1,0,198.88,194.1833333333324,191.605,177.67
2023-06-27 06:00:00,177.67,6,1,0,192.33,189.62666666666576,188.71333333333334,554.46
2023-06-27 07:00:00,554.46,7,1,0,177.67,308.15333333333245,247.79,824.91
2023-06-27 08:00:00,824.91,8,1,0,554.46,519.0133333333324,356.59833333333336,995.2
2023-06-27 09:00:00,995.2,9,1,0,824.91,791.5233333333323,490.575,1037.98
2023-06-27 10:00:00,1037.98,10,1,0,995.2,952.6966666666658,630.425,1095.91
2023-06-27 11:00:00,1095.91,11,1,0,1037.98,1043.029999999999,781.0216666666666,1162.48
2023-06-27 12:00:00,1162.48,12,1,0,1095.91,1098.7899999999993,945.1566666666666,893.37
2023-06-27 13:00:00,893.37,13,1,0,1162.48,1050.586666666666,1001.6416666666665,894.28
2023-06-27 14:00:00,894.28,14,1,0,893.37,983.3766666666658,1013.2033333333334,1115.3
2023-06-27 15:00:00,1115.3,15,1,0,894.28,967.6499999999991,1033.22,1001.04
2023-06-27 16:00:00,1001.04,16,1,0,1115.3,1003.539999999999,1027.0633333333335,1020.16
2023-06-27 17:00:00,1020.16,17,1,0,1001.04,1045.4999999999989,1014.4383333333334,470.63
2023-06-27 18:00:00,470.63,18,1,0,1020.16,830.6099999999991,899.1300000000001,387.86
2023-06-27 19:00:00,387.86,19,1,0,470.63,626.2166666666658,814.8783333333334,301.95
2023-06-27 20:00:00,301.95,20,1,0,387.86,386.8133333333324,716.1566666666668,184.1
2023-06-27 21:00:00,184.1,21,1,0,301.95,291.30333333333243,560.9566666666666,184.64
2023-06-27 22:00:00,184.64,22,1,0,184.1,223.5633333333324,424.89000000000004,185.28
2023-06-27 23:00:00,185.28,23,1,0,184.64,184.6733333333324,285.74333333333334,193.54
2023-06-28 00:00:00,193.54,0,2,0,185.28,187.81999999999906,239.56166666666664,196.12
2023-06-28 01:00:00,196.12,1,2,0,193.54,191.64666666666574,207.605,210.05
2023-06-28 02:00:00,210.05,2,2,0,196.12,199.90333333333243,192.28833333333333,200.72
2023-06-28 03:00:00,200.72,3,2,0,210.05,202.2966666666658,195.0583333333333,184.73
2023-06-28 04:00:00,184.73,4,2,0,200.72,198.4999999999991,195.07333333333335,199.14
2023-06-28 05:00:00,199.14,5,2,0,184.73,194.8633333333324,197.38333333333333,200.39
2023-06-28 06:00:00,200.39,6,2,0,199.14,194.75333333333242,198.52499999999998,551.73
2023-06-28 07:00:00,551.73,7,2,0,200.39,317.08666666666574,257.79333333333335,814.1
2023-06-28 08:00:00,814.1,8,2,0,551.73,522.0733333333325,358.4683333333333,1018.85
2023-06-28 09:00:00,1018.85,9,2,0,814.1,794.8933333333325,494.8233333333333,1034.33
2023-06-28 10:00:00,1034.33,10,2,0,1018.85,955.7599999999992,636.4233333333333,1034.87
2023-06-28 11:00:00,1034.87,11,2,0,1034.33,1029.3499999999992,775.7116666666667,1169.53
2023-06-28 12:00:00,1169.53,12,2,0,1034.87,1079.5766666666657,937.235,900.07
2023-06-28 13:00:00,900.07,13,2,0,1169.53,1034.8233333333324,995.2916666666666,860.57
2023-06-28 14:00:00,860.57,14,2,0,900.07,976.7233333333324,1003.0366666666665,1071.6
2023-06-28 15:00:00,1071.6,15,2,0,860.57,944.079999999999,1011.8283333333333,1077.84
2023-06-28 16:00:00,1077.84,16,2,0,1071.6,1003.3366666666657,1019.0799999999999,998.49
2023-06-28 17:00:00,998.49,17,2,0,1077.84,1049.3099999999988,1013.0166666666668,461.68
2023-06-28 18:00:00,461.68,18,2,0,998.49,846.0033333333325,895.0416666666666,383.64
2023-06-28 19:00:00,383.64,19,2,0,461.68,614.6033333333324,808.9699999999999,297.88
2023-06-28 20:00:00,297.88,20,2,0,383.64,381.06666666666575,715.1883333333334,184.34
2023-06-28 21:00:00,184.34,21,2,0,297.88,288.61999999999904,567.3116666666666,183.66
2023-06-28 22:00:00,183.66,22,2,0,184.34,221.9599999999991,418.2816666666666,186.12
2023-06-28 23:00:00,186.12,23,2,0,183.66,184.70666666666577,282.88666666666666,254.16
2023-06-29 00:00:00,254.16,0,3,0,186.12,207.97999999999908,248.29999999999998,255.49
2023-06-29 01:00:00,255.49,1,3,0,254.16,231.9233333333324,226.9416666666667,243.56
2023-06-29 02:00:00,243.56,2,3,0,255.49,251.0699999999991,217.88833333333332,258.64
2023-06-29 03:00:00,258.64,3,3,0,243.56,252.56333333333245,230.27166666666668,248.34
2023-06-29 04:00:00,248.34,4,3,0,258.64,250.17999999999913,241.05166666666665,253.11
2023-06-29 05:00:00,253.11,5,3,0,248.34,253.36333333333243,252.21666666666667,245.71
2023-06-29 06:00:00,245.71,6,3,0,253.11,249.05333333333246,250.8083333333333,254.36
2023-06-29 07:00:00,254.36,7,3,0,245.71,251.05999999999912,250.62,254.55
2023-06-29 08:00:00,254.55,8,3,0,254.36,251.53999999999908,252.45166666666668,268.05
2023-06-29 09:00:00,268.05,9,3,0,254.55,258.98666666666577,254.02,263.06
2023-06-29 10:00:00,263.06,10,3,0,268.05,261.8866666666658,256.47333333333336,234.3
2023-06-29 11:00:00,234.3,11,3,0,263.06,255.13666666666577,253.33833333333337,257.31
2023-06-29 12:00:00,257.31,12,3,0,234.3,251.5566666666658,255.27166666666668,230.9
2023-06-29 13:00:00,230.9,13,3,0,257.31,240.83666666666576,251.36166666666668,257.56
2023-06-29 14:00:00,257.56,14,3,0,230.9,248.5899999999991,251.86333333333334,266.27
2023-06-29 15:00:00,266.27,15,3,0,257.56,251.57666666666577,251.5666666666667,305.47
2023-06-29 16:00:00,305.47,16,3,0,266.27,276.4333333333324,258.63500000000005,265.42
2023-06-29 17:00:00,265.42,17,3,0,305.47,279.05333333333243,263.82166666666666,246.94
2023-06-29 18:00:00,246.94,18,3,0,265.42,272.6099999999991,262.0933333333333,257.63
2023-06-29 19:00:00,257.63,19,3,0,246.94,256.66333333333245,266.54833333333335,253.16
2023-06-29 20:00:00,253.16,20,3,0,257.63,252.57666666666577,265.815,259.5
2023-06-29 21:00:00,259.5,21,3,0,253.16,256.7633333333324,264.68666666666667,241.19
2023-06-29 22:00:00,241.19,22,3,0,259.5,251.28333333333242,253.97333333333333,251.61
2023-06-29 23:00:00,251.61,23,3,0,241.19,250.76666666666577,251.67166666666665,179.65
2023-06-30 00:00:00,179.65,0,4,0,251.61,224.1499999999991,240.45666666666668,175.66
2023-06-30 01:00:00,175.66,1,4,0,179.65,202.3066666666658,226.795,184.32
2023-06-30 02:00:00,184.32,2,4,0,175.66,179.87666666666578,215.32166666666663,179.31
2023-06-30 03:00:00,179.31,3,4,0,184.32,179.76333333333244,201.95666666666662,195.17
2023-06-30 04:00:00,195.17,4,4,0,179.31,186.26666666666577,194.28666666666666,192.19
2023-06-30 05:00:00,192.19,5,4,0,195.17,188.8899999999991,184.38333333333333,197.97
2023-06-30 06:00:00,197.97,6,4,0,192.19,195.1099999999991,187.43666666666664,553.4
2023-06-30 07:00:00,553.4,7,4,0,197.97,314.51999999999913,250.39333333333335,824.68
2023-06-30 08:00:00,824.68,8,4,0,553.4,525.3499999999991,357.12000000000006,1004.18
2023-06-30 09:00:00,1004.18,9,4,0,824.68,794.0866666666657,494.59833333333336,1056.99
2023-06-30 10:00:00,1056.99,10,4,0,1004.18,961.9499999999992,638.235,1104.32
2023-06-30 11:00:00,1104.32,11,4,0,1056.99,1055.1633333333325,790.2566666666667,1106.42
2023-06-30 12:00:00,1106.42,12,4,0,1104.32,1089.2433333333327,941.665,893.78
2023-06-30 13:00:00,893.78,13,4,0,1106.42,1034.8399999999992,998.395,909.92
2023-06-30 14:00:00,909.92,14,4,0,893.78,970.0399999999992,1012.6016666666666,1060.81
2023-06-30 15:00:00,1060.81,15,4,0,909.92,954.8366666666658,1022.04,1073.0
2023-06-30 16:00:00,1073.0,16,4,0,1060.81,1014.5766666666659,1024.7083333333333,999.17
2023-06-30 17:00:00,999.17,17,4,0,1073.0,1044.3266666666657,1007.1833333333333,477.27
2023-06-30 18:00:00,477.27,18,4,0,999.17,849.8133333333325,902.3249999999999,378.61
2023-06-30 19:00:00,378.61,19,4,0,477.27,618.3499999999991,816.4633333333333,294.57
2023-06-30 20:00:00,294.57,20,4,0,378.61,383.4833333333325,713.9050000000001,193.74
2023-06-30 21:00:00,193.74,21,4,0,294.57,288.9733333333325,569.3933333333333,187.02
2023-06-30 22:00:00,187.02,22,4,0,193.74,225.1099999999992,421.73,197.71
2023-06-30 23:00:00,197.71,23,4,0,187.02,192.8233333333325,288.1533333333333,206.49
2023-07-01 00:00:00,206.49,0,5,1,197.71,197.0733333333325,243.02333333333334,226.26
2023-07-01 01:00:00,226.26,1,5,1,206.49,210.1533333333325,217.63166666666666,199.81
2023-07-01 02:00:00,199.81,2,5,1,226.26,210.85333333333247,201.83833333333337,213.84
2023-07-01 03:00:00,213.84,3,5,1,199.81,213.3033333333325,205.18833333333336,211.98
2023-07-01 04:00:00,211.98,4,5,1,213.84,208.5433333333325,209.34833333333336,208.99
2023-07-01 05:00:00,208.99,5,5,1,211.98,211.60333333333247,211.22833333333335,220.95
2023-07-01 06:00:00,220.95,6,5,1,208.99,213.97333333333248,213.63833333333332,202.08
2023-07-01 07:00:00,202.08,7,5,1,220.95,210.6733333333325,209.60833333333335,194.15
2023-07-01 08:00:00,194.15,8,5,1,202.08,205.72666666666586,208.66500000000005,188.83
2023-07-01 09:00:00,188.83,9,5,1,194.15,195.0199999999992,204.49666666666667,350.02
2023-07-01 10:00:00,350.02,10,5,1,188.83,244.3333333333325,227.50333333333333,338.7
2023-07-01 11:00:00,338.7,11,5,1,350.02,292.5166666666658,249.12166666666667,348.97
2023-07-01 12:00:00,348.97,12,5,1,338.7,345.89666666666585,270.45833333333337,341.97
2023-07-01 13:00:00,341.97,13,5,1,348.97,343.2133333333325,293.77333333333337,339.57
2023-07-01 14:00:00,339.57,14,5,1,341.97,343.5033333333325,318.01000000000005,351.24
2023-07-01 15:00:00,351.24,15,5,1,339.57,344.25999999999914,345.0783333333334,337.36
2023-07-01 16:00:00,337.36,16,5,1,351.24,342.72333333333245,342.9683333333333,197.92
2023-07-01 17:00:00,197.92,17,5,1,337.36,295.5066666666658,319.505,208.74
2023-07-01 18:00:00,208.74,18,5,1,197.92,248.00666666666584,296.1333333333333,204.48
2023-07-01 19:00:00,204.48,19,5,1,208.74,203.71333333333249,273.2183333333333,216.7
2023-07-01 20:00:00,216.7,20,5,1,204.48,209.97333333333253,252.74,206.53
2023-07-01 21:00:00,206.53,21,5,1,216.7,209.23666666666585,228.62166666666667,200.24
2023-07-01 22:00:00,200.24,22,5,1,206.53,207.8233333333325,205.76833333333332,195.63
2023-07-01 23:00:00,195.63,23,5,1,200.24,200.79999999999916,205.38666666666666,216.81
2023-07-02 00:00:00,216.81,0,6,1,195.63,204.22666666666586,206.73166666666668,205.29
2023-07-02 01:00:00,205.29,1,6,1,216.81,205.90999999999917,206.86666666666667,210.02
2023-07-02 02:00:00,210.02,2,6,1,205.29,210.70666666666583,205.75333333333333,191.66
2023-07-02 03:00:00,191.66,3,6,1,210.02,202.3233333333325,203.275,210.99
2023-07-02 04:00:00,210.99,4,6,1,191.66,204.22333333333253,205.0666666666667,203.15
2023-07-02 05:00:00,203.15,5,6,1,210.99,201.9333333333325,206.32000000000002,209.57
2023-07-02 06:00:00,209.57,6,6,1,203.15,207.9033333333325,205.11333333333334,195.36
2023-07-02 07:00:00,195.36,7,6,1,209.57,202.6933333333325,203.45833333333334,193.26
2023-07-02 08:00:00,193.26,8,6,1,195.36,199.39666666666585,200.665,217.29
2023-07-02 09:00:00,217.29,9,6,1,193.26,201.96999999999915,204.93666666666664,333.22
2023-07-02 10:00:00,333.22,10,6,1,217.29,247.9233333333325,225.3083333333333,346.69
2023-07-02 11:00:00,346.69,11,6,1,333.22,299.06666666666587,249.23166666666665,337.68
2023-07-02 12:00:00,337.68,12,6,1,346.69,339.19666666666586,270.5833333333333,333.31
2023-07-02 13:00:00,333.31,13,6,1,337.68,339.22666666666584,293.575,318.48
2023-07-02 14:00:00,318.48,14,6,1,333.31,329.8233333333325,314.445,336.03
2023-07-02 15:00:00,336.03,15,6,1,318.48,329.27333333333246,334.235,337.64
2023-07-02 16:00:00,337.64,16,6,1,336.03,330.71666666666584,334.9716666666667,204.72
2023-07-02 17:00:00,204.72,17,6,1,337.64,292.7966666666658,311.31,200.19
2023-07-02 18:00:00,200.19,18,6,1,204.72,247.51666666666583,288.395,208.49
2023-07-02 19:00:00,208.49,19,6,1,200.19,204.46666666666582,267.59166666666664,216.49
2023-07-02 20:00:00,216.49,20,6,1,208.49,208.38999999999916,250.59333333333333,204.53
2023-07-02 21:00:00,204.53,21,6,1,216.49,209.83666666666582,228.67666666666665,208.13
2023-07-02 22:00:00,208.13,22,6,1,204.53,209.71666666666587,207.09166666666667,204.83
2023-07-02 23:00:00,204.83,23,6,1,208.13,205.82999999999916,207.10999999999999,195.58
2023-07-03 00:00:00,195.58,0,0,0,204.83,202.8466666666658,206.3416666666667,184.04
2023-07-03 01:00:00,184.04,1,0,0,195.58,194.81666666666584,202.26666666666668,181.19
2023-07-03 02:00:00,181.19,2,0,0,184.04,186.93666666666581,196.38333333333333,194.12
2023-07-03 03:00:00,194.12,3,0,0,181.19,186.44999999999916,194.64833333333334,190.06
2023-07-03 04:00:00,190.06,4,0,0,194.12,188.45666666666583,191.63666666666666,193.96
2023-07-03 05:00:00,193.96,5,0,0,190.06,192.71333333333249,189.82500000000002,188.07
2023-07-03 06:00:00,188.07,6,0,0,193.96,190.6966666666658,188.57333333333335,560.92
2023-07-03 07:00:00,560.92,7,0,0,188.07,314.31666666666587,251.38666666666666,832.38
2023-07-03 08:00:00,832.38,8,0,0,560.92,527.1233333333325,359.9183333333333,1004.44
2023-07-03 09:00:00,1004.44,9,0,0,832.38,799.2466666666659,494.97166666666664,1033.72
2023-07-03 10:00:00,1033.72,10,0,0,1004.44,956.8466666666659,635.5816666666667,1062.14
2023-07-03 11:00:00,1062.14,11,0,0,1033.72,1033.4333333333325,780.2783333333333,1170.29
2023-07-03 12:00:00,1170.29,12,0,0,1062.14,1088.716666666666,943.9816666666667,849.8
2023-07-03 13:00:00,849.8,13,0,0,1170.29,1027.4099999999992,992.1283333333334,854.68
2023-07-03 14:00:00,854.68,14,0,0,849.8,958.2566666666659,995.8450000000001,1056.9
2023-07-03 15:00:00,1056.9,15,0,0,854.68,920.4599999999992,1004.5883333333333,1034.18
2023-07-03 16:00:00,1034.18,16,0,0,1056.9,981.9199999999993,1004.665,1013.7
2023-07-03 17:00:00,1013.7,17,0,0,1034.18,1034.926666666666,996.5916666666667,510.23
2023-07-03 18:00:00,510.23,18,0,0,1013.7,852.7033333333326,886.5816666666666,382.37
2023-07-03 19:00:00,382.37,19,0,0,510.23,635.4333333333326,808.6766666666667,296.08
2023-07-03 20:00:00,296.08,20,0,0,382.37,396.226666666666,715.5766666666667,189.05
2023-07-03 21:00:00,189.05,21,0,0,296.08,289.166666666666,570.9350000000001,174.64
2023-07-03 22:00:00,174.64,22,0,0,189.05,219.92333333333264,427.67833333333334,191.98
2023-07-03 23:00:00,191.98,23,0,0,174.64,185.22333333333265,290.72499999999997,192.54
2023-07-04 00:00:00,192.54,0,1,0,191.98,186.38666666666597,237.77666666666664,189.49
2023-07-04 01:00:00,189.49,1,1,0,192.54,191.336666666666,205.63000000000002,191.99
2023-07-04 02:00:00,191.99,2,1,0,189.49,191.33999999999932,188.28166666666667,196.04
2023-07-04 03:00:00,196.04,3,1,0,191.99,192.50666666666598,189.4466666666667,202.05
2023-07-04 04:00:00,202.05,4,1,0,196.04,196.69333333333267,194.015,191.03
2023-07-04 05:00:00,191.03,5,1,0,202.05,196.37333333333265,193.85666666666665,194.47
2023-07-04 06:00:00,194.47,6,1,0,191.03,195.84999999999934,194.1783333333333,554.16
2023-07-04 07:00:00,554.16,7,1,0,194.47,313.2199999999993,254.95666666666668,820.61
2023-07-04 08:00:00,820.61,8,1,0,554.16,523.0799999999994,359.7266666666667,978.75
2023-07-04 09:00:00,978.75,9,1,0,820.61,784.5066666666659,490.17833333333334,1102.39
2023-07-04 10:00:00,1102.39,10,1,0,978.75,967.2499999999994,640.235,1099.65
2023-07-04 11:00:00,1099.65,11,1,0,1102.39,1060.2633333333326,791.6716666666667,1105.3
2023-07-04 12:00:00,1105.3,12,1,0,1099.65,1102.446666666666,943.4766666666666,861.69
2023-07-04 13:00:00,861.69,13,1,0,1105.3,1022.2133333333326,994.7316666666667,835.27
2023-07-04 14:00:00,835.27,14,1,0,861.69,934.086666666666,997.1750000000001,1053.84
2023-07-04 15:00:00,1053.84,15,1,0,835.27,916.9333333333326,1009.69,1051.42
2023-07-04 16:00:00,1051.42,16,1,0,1053.84,980.1766666666659,1001.195,1016.44
2023-07-04 17:00:00,1016.44,17,1,0,1051.42,1040.566666666666,987.3266666666668,436.7
2023-07-04 18:00:00,436.7,18,1,0,1016.44,834.8533333333326,875.8933333333334,385.5
2023-07-04 19:00:00,385.5,19,1,0,436.7,612.8799999999993,796.5283333333333,306.25
2023-07-04 20:00:00,306.25,20,1,0,385.5,376.14999999999935,708.3583333333335,193.28
2023-07-04 21:00:00,193.28,21,1,0,306.25,295.0099999999993,564.9316666666667,182.56
2023-07-04 22:00:00,182.56,22,1,0,193.28,227.36333333333266,420.12166666666667,189.64
2023-07-04 23:00:00,189.64,23,1,0,182.56,188.49333333333266,282.32166666666666,197.45
2023-07-05 00:00:00,197.45,0,2,0,189.64,189.88333333333264,242.44666666666663,185.16
2023-07-05 01:00:00,185.16,1,2,0,197.45,190.74999999999932,209.05666666666664,194.93
2023-07-05 02:00:00,194.93,2,2,0,185.16,192.51333333333264,190.50333333333333,185.69
2023-07-05 03:00:00,185.69,3,2,0,194.93,188.59333333333265,189.23833333333332,171.13
2023-07-05 04:00:00,171.13,4,2,0,185.69,183.91666666666598,187.33333333333334,201.64
2023-07-05 05:00:00,201.64,5,2,0,171.13,186.15333333333265,189.33333333333334,192.65
2023-07-05 06:00:00,192.65,6,2,0,201.64,188.47333333333265,188.53333333333333,563.19
2023-07-05 07:00:00,563.19,7,2,0,192.65,319.15999999999934,251.53833333333333,832.51
2023-07-05 08:00:00,832.51,8,2,0,563.19,529.4499999999994,357.8016666666667,967.28
2023-07-05 09:00:00,967.28,9,2,0,832.51,787.6599999999993,488.0666666666666,1057.53
2023-07-05 10:00:00,1057.53,10,2,0,967.28,952.4399999999993,635.8,1089.79
2023-07-05 11:00:00,1089.79,11,2,0,1057.53,1038.1999999999994,783.8249999999999,1144.62
2023-07-05 12:00:00,1144.62,12,2,0,1089.79,1097.3133333333326,942.4866666666667,860.71
2023-07-05 13:00:00,860.71,13,2,0,1144.62,1031.706666666666,992.0733333333333,923.49
2023-07-05 14:00:00,923.49,14,2,0,860.71,976.2733333333326,1007.2366666666667,1035.73
2023-07-05 15:00:00,1035.73,15,2,0,923.49,939.9766666666661,1018.645,1002.72
2023-07-05 16:00:00,1002.72,16,2,0,1035.73,987.3133333333327,1009.5099999999999,966.28
2023-07-05 17:00:00,966.28,17,2,0,1002.72,1001.576666666666,988.9250000000001,498.46
2023-07-05 18:00:00,498.46,18,2,0,966.28,822.4866666666661,881.2316666666667,377.88
2023-07-05 19:00:00,377.88,19,2,0,498.46,614.206666666666,800.7600000000001,269.86
2023-07-05 20:00:00,269.86,20,2,0,377.88,382.0666666666661,691.8216666666667,210.13
2023-07-05 21:00:00,210.13,21,2,0,269.86,285.956666666666,554.2216666666667,195.22
2023-07-05 22:00:00,195.22,22,2,0,210.13,225.0699999999994,419.6383333333333,189.04
2023-07-05 23:00:00,189.04,23,2,0,195.22,198.1299999999994,290.0983333333333,184.11
2023-07-06 00:00:00,184.11,0,3,0,189.04,189.45666666666605,237.70666666666668,193.16
2023-07-06 01:00:00,193.16,1,3,0,184.11,188.76999999999938,206.92,191.77
2023-07-06 02:00:00,191.77,2,3,0,193.16,189.67999999999938,193.90499999999997,179.07
2023-07-06 03:00:00,179.07,3,3,0,191.77,187.9999999999994,188.72833333333335,198.84
2023-07-06 04:00:00,198.84,4,3,0,179.07,189.89333333333275,189.33166666666668,199.11
2023-07-06 05:00:00,199.11,5,3,0,198.84,192.33999999999938,191.01000000000002,179.99
2023-07-06 06:00:00,179.99,6,3,0,199.11,192.64666666666608,190.32333333333335,565.21
2023-07-06 07:00:00,565.21,7,3,0,179.99,314.7699999999994,252.33166666666668,824.32
2023-07-06 08:00:00,824.32,8,3,0,565.21,523.1733333333327,357.75666666666666,1022.51
2023-07-06 09:00:00,1022.51,9,3,0,824.32,804.0133333333328,498.33,1040.57
2023-07-06 10:00:00,1040.57,10,3,0,1022.51,962.4666666666661,638.6183333333333,1140.94
2023-07-06 11:00:00,1140.94,11,3,0,1040.57,1068.006666666666,795.59,1114.0
2023-07-06 12:00:00,1114.0,12,3,0,1140.94,1098.5033333333329,951.2583333333333,882.33
2023-07-06 13:00:00,882.33,13,3,0,1114.0,1045.756666666666,1004.1116666666667,850.1
2023-07-06 14:00:00,850.1,14,3,0,882.33,948.8099999999995,1008.4083333333334,1031.65
2023-07-06 15:00:00,1031.65,15,3,0,850.1,921.3599999999993,1009.9316666666667,1047.66
2023-07-06 16:00:00,1047.66,16,3,0,1031.65,976.4699999999995,1011.1133333333333,998.0
2023-07-06 17:00:00,998.0,17,3,0,1047.66,1025.7699999999995,987.29,478.15
2023-07-06 18:00:00,478.15,18,3,0,998.0,841.2699999999994,881.315,382.71
2023-07-06 19:00:00,382.71,19,3,0,478.15,619.6199999999993,798.0450000000001,296.94
2023-07-06 20:00:00,296.94,20,3,0,382.71,385.9333333333327,705.8516666666666,189.92
2023-07-06 21:00:00,189.92,21,3,0,296.94,289.85666666666606,565.5633333333334,185.74
2023-07-06 22:00:00,185.74,22,3,0,189.92,224.1999999999994,421.91,171.85
2023-07-06 23:00:00,171.85,23,3,0,185.74,182.50333333333273,284.2183333333333,177.23
2023-07-07 00:00:00,177.23,0,4,0,171.85,178.27333333333274,234.06499999999997,190.59
2023-07-07 01:00:00,190.59,1,4,0,177.23,179.88999999999942,202.045,189.78
2023-07-07 02:00:00,189.78,2,4,0,190.59,185.86666666666608,184.18499999999997,207.64
2023-07-07 03:00:00,207.64,3,4,0,189.78,196.00333333333273,187.13833333333332,176.06
2023-07-07 04:00:00,176.06,4,4,0,207.64,191.1599999999994,185.525,177.95
2023-07-07 05:00:00,177.95,5,4,0,176.06,187.21666666666604,186.54166666666666,186.68
2023-07-07 06:00:00,186.68,6,4,0,177.95,180.22999999999942,188.11666666666667,556.42
2023-07-07 07:00:00,556.42,7,4,0,186.68,307.016666666666,249.08833333333334,808.97
2023-07-07 08:00:00,808.97,8,4,0,556.42,517.3566666666661,352.2866666666667,974.85
2023-07-07 09:00:00,974.85,9,4,0,808.97,780.0799999999994,480.155,1060.79
2023-07-07 10:00:00,1060.79,10,4,0,974.85,948.2033333333326,627.61,1136.96
2023-07-07 11:00:00,1136.96,11,4,0,1060.79,1057.5333333333328,787.445,1168.18
2023-07-07 12:00:00,1168.18,12,4,0,1136.96,1121.976666666666,951.0283333333333,907.06
2023-07-07 13:00:00,907.06,13,4,0,1168.18,1070.733333333333,1009.4683333333332,866.37
2023-07-07 14:00:00,866.37,14,4,0,907.06,980.536666666666,1019.035,1116.6
2023-07-07 15:00:00,1116.6,15,4,0,866.37,963.3433333333327,1042.66,1101.39
2023-07-07 16:00:00,1101.39,16,4,0,1116.6,1028.1199999999992,1049.4266666666667,1013.85
2023-07-07 17:00:00,1013.85,17,4,0,1101.39,1077.2799999999995,1028.9083333333333,444.37
2023-07-07 18:00:00,444.37,18,4,0,1013.85,853.2033333333328,908.2733333333332,399.3
2023-07-07 19:00:00,399.3,19,4,0,444.37,619.1733333333327,823.6466666666666,297.18
2023-07-07 20:00:00,297.18,20,4,0,399.3,380.2833333333327,728.7816666666668,190.74
2023-07-07 21:00:00,190.74,21,4,0,297.18,295.7399999999994,574.4716666666667,188.55
2023-07-07 22:00:00,188.55,22,4,0,190.74,225.4899999999994,422.33166666666665,190.0
2023-07-07 23:00:00,190.0,23,4,0,188.55,189.76333333333272,285.0233333333333,209.6
2023-07-08 00:00:00,209.6,0,5,1,190.0,196.0499999999994,245.895,214.44
2023-07-08 01:00:00,214.44,1,5,1,209.6,204.67999999999938,215.085,207.57
2023-07-08 02:00:00,207.57,2,5,1,214.44,210.53666666666606,200.15,215.93
2023-07-08 03:00:00,215.93,3,5,1,207.57,212.64666666666605,204.34833333333333,223.44
2023-07-08 04:00:00,223.44,4,5,1,215.93,215.64666666666608,210.16333333333333,208.48
2023-07-08 05:00:00,208.48,5,5,1,223.44,215.94999999999936,213.24333333333334,221.7
2023-07-08 06:00:00,221.7,6,5,1,208.48,217.87333333333274,215.26,215.72
2023-07-08 07:00:00,215.72,7,5,1,221.7,215.2999999999994,215.47333333333336,198.56
2023-07-08 08:00:00,198.56,8,5,1,215.72,211.99333333333274,213.97166666666666,206.41
2023-07-08 09:00:00,206.41,9,5,1,198.56,206.89666666666608,212.385,346.19
2023-07-08 10:00:00,346.19,10,5,1,206.41,250.38666666666606,232.84333333333333,348.77
2023-07-08 11:00:00,348.77,11,5,1,346.19,300.4566666666661,256.22499999999997,341.95
2023-07-08 12:00:00,341.95,12,5,1,348.77,345.6366666666661,276.26666666666665,331.99
2023-07-08 13:00:00,331.99,13,5,1,341.95,340.90333333333274,295.645,340.16
2023-07-08 14:00:00,340.16,14,5,1,331.99,338.03333333333273,319.245,331.85
2023-07-08 15:00:00,331.85,15,5,1,340.16,334.6666666666661,340.15166666666664,343.58
2023-07-08 16:00:00,343.58,16,5,1,331.85,338.52999999999935,339.7166666666667,205.48
2023-07-08 17:00:00,205.48,17,5,1,343.58,293.63666666666603,315.835,211.84
2023-07-08 18:00:00,211.84,18,5,1,205.48,253.63333333333273,294.15000000000003,191.12
2023-07-08 19:00:00,191.12,19,5,1,211.84,202.81333333333274,270.6716666666667,197.04
2023-07-08 20:00:00,197.04,20,5,1,191.12,199.9999999999994,246.8183333333333,211.57
2023-07-08 21:00:00,211.57,21,5,1,197.04,199.9099999999994,226.77166666666668,213.48
2023-07-08 22:00:00,213.48,22,5,1,211.57,207.3633333333327,205.08833333333334,209.75
2023-07-08 23:00:00,209.75,23,5,1,213.48,211.59999999999937,205.79999999999998,217.12
2023-07-09 00:00:00,217.12,0,6,1,209.75,213.44999999999936,206.67999999999998,201.03
2023-07-09 01:00:00,201.03,1,6,1,217.12,209.2999999999994,208.33166666666668,210.74
2023-07-09 02:00:00,210.74,2,6,1,201.03,209.6299999999994,210.615,213.38
2023-07-09 03:00:00,213.38,3,6,1,210.74,208.38333333333273,210.91666666666666,196.4
2023-07-09 04:00:00,196.4,4,6,1,213.38,206.83999999999938,208.07000000000002,206.57
2023-07-09 05:00:00,206.57,5,6,1,196.4,205.4499999999994,207.54,202.99
2023-07-09 06:00:00,202.99,6,6,1,206.57,201.98666666666608,205.18499999999997,195.52
2023-07-09 07:00:00,195.52,7,6,1,202.99,201.69333333333273,204.26666666666665,211.31
2023-07-09 08:00:00,211.31,8,6,1,195.52,203.27333333333274,204.36166666666668,205.4
2023-07-09 09:00:00,205.4,9,6,1,211.31,204.07666666666606,203.03166666666667,335.13
2023-07-09 10:00:00,335.13,10,6,1,205.4,250.61333333333275,226.15333333333334,334.01
2023-07-09 11:00:00,334.01,11,6,1,335.13,291.5133333333327,247.39333333333335,335.48
2023-07-09 12:00:00,335.48,12,6,1,334.01,334.8733333333327,269.47499999999997,354.05
2023-07-09 13:00:00,354.05,13,6,1,335.48,341.1799999999994,295.8966666666667,334.29
2023-07-09 14:00:00,334.29,14,6,1,354.05,341.27333333333274,316.3933333333334,336.5
2023-07-09 15:00:00,336.5,15,6,1,334.29,341.6133333333328,338.24333333333334,349.54
2023-07-09 16:00:00,349.54,16,6,1,336.5,340.10999999999945,340.645,207.27
2023-07-09 17:00:00,207.27,17,6,1,349.54,297.7699999999994,319.5216666666667,212.09
2023-07-09 18:00:00,212.09,18,6,1,207.27,256.29999999999944,298.9566666666667,213.87
2023-07-09 19:00:00,213.87,19,6,1,212.09,211.07666666666606,275.5933333333333,195.04
2023-07-09 20:00:00,195.04,20,6,1,213.87,206.9999999999994,252.385,189.34
2023-07-09 21:00:00,189.34,21,6,1,195.04,199.41666666666606,227.85833333333335,206.54
2023-07-09 22:00:00,206.54,22,6,1,189.34,196.9733333333327,204.025,213.87
2023-07-09 23:00:00,213.87,23,6,1,206.54,203.2499999999994,205.125,180.14
2023-07-10 00:00:00,180.14,0,0,0,213.87,200.1833333333327,199.79999999999998,186.23
2023-07-10 01:00:00,186.23,1,0,0,180.14,193.41333333333273,195.1933333333333,183.78
2023-07-10 02:00:00,183.78,2,0,0,186.23,183.38333333333273,193.31666666666663,179.69
2023-07-10 03:00:00,179.69,3,0,0,183.78,183.23333333333275,191.70833333333334,201.17
2023-07-10 04:00:00,201.17,4,0,0,179.69,188.2133333333327,190.8133333333333,210.24
2023-07-10 05:00:00,210.24,5,0,0,201.17,197.03333333333273,190.20833333333334,197.45
2023-07-10 06:00:00,197.45,6,0,0,210.24,202.9533333333327,193.09333333333333,555.81
2023-07-10 07:00:00,555.81,7,0,0,197.45,321.166666666666,254.68999999999997,817.52
2023-07-10 08:00:00,817.52,8,0,0,555.81,523.5933333333327,360.31333333333333,1005.12
2023-07-10 09:00:00,1005.12,9,0,0,817.52,792.816666666666,497.885,1030.4
2023-07-10 10:00:00,1030.4,10,0,0,1005.12,951.0133333333328,636.09,1088.51
2023-07-10 11:00:00,1088.51,11,0,0,1030.4,1041.3433333333326,782.4683333333334,1122.01
2023-07-10 12:00:00,1122.01,12,0,0,1088.51,1080.3066666666662,936.5616666666668,933.02
2023-07-10 13:00:00,933.02,13,0,0,1122.01,1047.8466666666661,999.43,879.67
2023-07-10 14:00:00,879.67,14,0,0,933.02,978.2333333333327,1009.7883333333334,1122.68
2023-07-10 15:00:00,1122.68,15,0,0,879.67,978.456666666666,1029.381666666667,1034.73
2023-07-10 16:00:00,1034.73,16,0,0,1122.68,1012.3599999999993,1030.1033333333332,971.73
2023-07-10 17:00:00,971.73,17,0,0,1034.73,1043.046666666666,1010.64,411.98
2023-07-10 18:00:00,411.98,18,0,0,971.73,806.1466666666661,892.3016666666666,392.25
2023-07-10 19:00:00,392.25,19,0,0,411.98,591.9866666666661,802.1733333333333,293.91
2023-07-10 20:00:00,293.91,20,0,0,392.25,366.0466666666661,704.5466666666666,181.01
2023-07-10 21:00:00,181.01,21,0,0,293.91,289.0566666666661,547.6016666666667,187.92
2023-07-10 22:00:00,187.92,22,0,0,181.01,220.94666666666606,406.4666666666667,184.31
2023-07-10 23:00:00,184.31,23,0,0,187.92,184.41333333333273,275.23,187.53
2023-07-11 00:00:00,187.53,0,1,0,184.31,186.58666666666605,237.8216666666667,187.52
2023-07-11 01:00:00,187.52,1,1,0,187.53,186.45333333333272,203.70000000000002,169.99
2023-07-11 02:00:00,169.99,2,1,0,187.52,181.67999999999938,183.04666666666665,192.55
2023-07-11 03:00:00,192.55,3,1,0,169.99,183.35333333333276,184.97,192.7
2023-07-11 04:00:00,192.7,4,1,0,192.55,185.0799999999994,185.76666666666665,176.36
2023-07-11 05:00:00,176.36,5,1,0,192.7,187.20333333333272,184.4416666666667,184.75
2023-07-11 06:00:00,184.75,6,1,0,176.36,184.6033333333327,183.97833333333335,574.33
2023-07-11 07:00:00,574.33,7,1,0,184.75,311.81333333333276,248.4466666666667,827.85
2023-07-11 08:00:00,827.85,8,1,0,574.33,528.9766666666661,358.09,1006.16
2023-07-11 09:00:00,1006.16,9,1,0,827.85,802.7799999999994,493.69166666666666,1029.98
2023-07-11 10:00:00,1029.98,10,1,0,1006.16,954.6633333333328,633.2383333333333,1075.38
2023-07-11 11:00:00,1075.38,11,1,0,1029.98,1037.173333333333,783.0750000000002,1163.94
2023-07-11 12:00:00,1163.94,12,1,0,1075.38,1089.7666666666662,946.2733333333334,924.51
2023-07-11 13:00:00,924.51,13,1,0,1163.94,1054.6099999999994,1004.6366666666668,856.04
2023-07-11 14:00:00,856.04,14,1,0,924.51,981.4966666666661,1009.335,1046.13
2023-07-11 15:00:00,1046.13,15,1,0,856.04,942.2266666666661,1015.9966666666668,1053.01
2023-07-11 16:00:00,1053.01,16,1,0,1046.13,985.0599999999995,1019.835,1009.25
2023-07-11 17:00:00,1009.25,17,1,0,1053.01,1036.1299999999994,1008.8133333333335,488.73
2023-07-11 18:00:00,488.73,18,1,0,1009.25,850.3299999999995,896.2783333333333,386.71
2023-07-11 19:00:00,386.71,19,1,0,488.73,628.2299999999994,806.645,293.0
2023-07-11 20:00:00,293.0,20,1,0,386.71,389.4799999999995,712.805,197.13
2023-07-11 21:00:00,197.13,21,1,0,293.0,292.27999999999946,571.305,186.35
2023-07-11 22:00:00,186.35,22,1,0,197.13,225.4933333333328,426.8616666666667,190.64
2023-07-11 23:00:00,190.64,23,1,0,186.35,191.3733333333328,290.4266666666667,189.16
2023-07-12 00:00:00,189.16,0,2,0,190.64,188.71666666666613,240.49833333333333,197.58
2023-07-12 01:00:00,197.58,1,2,0,189.16,192.45999999999947,208.97666666666666,186.02
2023-07-12 02:00:00,186.02,2,2,0,197.58,190.91999999999948,191.14666666666665,193.24
2023-07-12 03:00:00,193.24,3,2,0,186.02,192.2799999999995,190.49833333333333,189.39
2023-07-12 04:00:00,189.39,4,2,0,193.24,189.54999999999947,191.005,201.84
2023-07-12 05:00:00,201.84,5,2,0,189.39,194.8233333333328,192.87166666666667,189.49
2023-07-12 06:00:00,189.49,6,2,0,201.84,193.5733333333328,192.92666666666665,573.69
2023-07-12 07:00:00,573.69,7,2,0,189.49,321.67333333333283,255.61166666666668,826.78
2023-07-12 08:00:00,826.78,8,2,0,573.69,529.9866666666661,362.40500000000003,1051.72
2023-07-12 09:00:00,1051.72,9,2,0,826.78,817.3966666666662,505.48499999999996,1070.22
2023-07-12 10:00:00,1070.22,10,2,0,1051.72,982.9066666666662,652.2900000000001,1077.72
2023-07-12 11:00:00,1077.72,11,2,0,1070.22,1066.553333333333,798.27,1136.92
2023-07-12 12:00:00,1136.92,12,2,0,1077.72,1094.953333333333,956.1750000000001,853.1
2023-07-12 13:00:00,853.1,13,2,0,1136.92,1022.5799999999995,1002.7433333333333,883.95
2023-07-12 14:00:00,883.95,14,2,0,853.1,957.9899999999994,1012.2716666666666,1032.86
2023-07-12 15:00:00,1032.86,15,2,0,883.95,923.3033333333328,1009.1283333333334,1044.79
2023-07-12 16:00:00,1044.79,16,2,0,1032.86,987.1999999999995,1004.89,970.52
2023-07-12 17:00:00,970.52,17,2,0,1044.79,1016.056666666666,987.0233333333334,479.85
2023-07-12 18:00:00,479.85,18,2,0,970.52,831.7199999999995,877.5116666666668,376.19
2023-07-12 19:00:00,376.19,19,2,0,479.85,608.8533333333329,798.0266666666666,308.55
2023-07-12 20:00:00,308.55,20,2,0,376.19,388.19666666666626,702.1266666666667,180.97
2023-07-12 21:00:00,180.97,21,2,0,308.55,288.56999999999954,560.145,205.71
2023-07-12 22:00:00,205.71,22,2,0,180.97,231.74333333333288,420.29833333333335,189.71
2023-07-12 23:00:00,189.71,23,2,0,205.71,192.12999999999954,290.16333333333336,189.65
2023-07-13 00:00:00,189.65,0,3,0,189.71,195.02333333333286,241.7966666666667,194.65
2023-07-13 01:00:00,194.65,1,3,0,189.65,191.33666666666622,211.54,186.82
2023-07-13 02:00:00,186.82,2,3,0,194.65,190.37333333333288,191.25166666666667,198.86
2023-07-13 03:00:00,198.86,3,3,0,186.82,193.4433333333329,194.23333333333335,195.01
2023-07-13 04:00:00,195.01,4,3,0,198.86,193.5633333333329,192.45000000000002,185.93
2023-07-13 05:00:00,185.93,5,3,0,195.01,193.2666666666662,191.82000000000002,192.37
2023-07-13 06:00:00,192.37,6,3,0,185.93,191.10333333333287,192.2733333333333,547.74
2023-07-13 07:00:00,547.74,7,3,0,192.37,308.67999999999955,251.12166666666667,832.97
2023-07-13 08:00:00,832.97,8,3,0,547.74,524.3599999999996,358.81333333333333,1008.71
2023-07-13 09:00:00,1008.71,9,3,0,832.97,796.4733333333329,493.78833333333336,1043.79
2023-07-13 10:00:00,1043.79,10,3,0,1008.71,961.8233333333329,635.2516666666667,1099.56
2023-07-13 11:00:00,1099.56,11,3,0,1043.79,1050.6866666666663,787.5233333333332,1110.87
2023-07-13 12:00:00,1110.87,12,3,0,1099.56,1084.7399999999996,940.6066666666666,856.1
2023-07-13 13:00:00,856.1,13,3,0,1110.87,1022.1766666666662,992.0,888.68
2023-07-13 14:00:00,888.68,14,3,0,856.1,951.8833333333329,1001.285,1075.14
2023-07-13 15:00:00,1075.14,15,3,0,888.68,939.9733333333329,1012.3566666666666,1076.45
2023-07-13 16:00:00,1076.45,16,3,0,1075.14,1013.4233333333328,1017.8000000000001,969.47
2023-07-13 17:00:00,969.47,17,3,0,1076.45,1040.3533333333328,996.1183333333332,476.95
2023-07-13 18:00:00,476.95,18,3,0,969.47,840.9566666666661,890.4650000000001,382.85
2023-07-13 19:00:00,382.85,19,3,0,476.95,609.7566666666662,811.59,287.4
2023-07-13 20:00:00,287.4,20,3,0,382.85,382.3999999999996,711.3766666666667,185.51
2023-07-13 21:00:00,185.51,21,3,0,287.4,285.2533333333329,563.105,194.1
2023-07-13 22:00:00,194.1,22,3,0,185.51,222.33666666666622,416.0466666666667,191.39
2023-07-13 23:00:00,191.39,23,3,0,194.1,190.3333333333329,286.3666666666667,203.72
2023-07-14 00:00:00,203.72,0,4,0,191.39,196.40333333333288,240.8283333333333,190.67
2023-07-14 01:00:00,190.67,1,4,0,203.72,195.25999999999954,208.79833333333332,187.55
2023-07-14 02:00:00,187.55,2,4,0,190.67,193.97999999999954,192.15666666666664,182.73
2023-07-14 03:00:00,182.73,3,4,0,187.55,186.9833333333329,191.6933333333333,188.67
2023-07-14 04:00:00,188.67,4,4,0,182.73,186.31666666666624,190.78833333333333,207.35
2023-07-14 05:00:00,207.35,5,4,0,188.67,192.9166666666662,193.44833333333335,175.21
2023-07-14 06:00:00,175.21,6,4,0,207.35,190.40999999999954,188.6966666666667,563.16
2023-07-14 07:00:00,563.16,7,4,0,175.21,315.23999999999955,250.77833333333334,834.04
2023-07-14 08:00:00,834.04,8,4,0,563.16,524.1366666666662,358.52666666666664,1002.78
2023-07-14 09:00:00,1002.78,9,4,0,834.04,799.9933333333329,495.20166666666665,1064.62
2023-07-14 10:00:00,1064.62,10,4,0,1002.78,967.1466666666662,641.1933333333333,1091.9
2023-07-14 11:00:00,1091.9,11,4,0,1064.62,1053.0999999999997,788.6183333333333,1119.71
2023-07-14 12:00:00,1119.71,12,4,0,1091.9,1092.0766666666661,946.035,888.27
2023-07-14 13:00:00,888.27,13,4,0,1119.71,1033.2933333333328,1000.2199999999999,922.6
2023-07-14 14:00:00,922.6,14,4,0,888.27,976.8599999999996,1014.98,1090.62
2023-07-14 15:00:00,1090.62,15,4,0,922.6,967.1633333333328,1029.6200000000001,1058.38
2023-07-14 16:00:00,1058.38,16,4,0,1090.62,1023.8666666666662,1028.5800000000002,1014.94
2023-07-14 17:00:00,1014.94,17,4,0,1058.38,1054.6466666666663,1015.7533333333334,491.79
2023-07-14 18:00:00,491.79,18,4,0,1014.94,855.0366666666663,911.1,386.94
2023-07-14 19:00:00,386.94,19,4,0,491.79,631.2233333333329,827.545,290.62
2023-07-14 20:00:00,290.62,20,4,0,386.94,389.78333333333285,722.215,186.72
2023-07-14 21:00:00,186.72,21,4,0,290.62,288.0933333333329,571.565,188.35
2023-07-14 22:00:00,188.35,22,4,0,186.72,221.89666666666622,426.56,190.3
2023-07-14 23:00:00,190.3,23,4,0,188.35,188.45666666666622,289.12,212.79
2023-07-15 00:00:00,212.79,0,5,1,190.3,197.1466666666662,242.62,210.33
2023-07-15 01:00:00,210.33,1,5,1,212.79,204.4733333333329,213.18500000000003,214.38
2023-07-15 02:00:00,214.38,2,5,1,210.33,212.49999999999955,200.47833333333332,207.79
2023-07-15 03:00:00,207.79,3,5,1,214.38,210.8333333333329,203.99,210.4
2023-07-15 04:00:00,210.4,4,5,1,207.79,210.8566666666662,207.665,222.16
2023-07-15 05:00:00,222.16,5,5,1,210.4,213.44999999999956,212.97500000000002,206.6
2023-07-15 06:00:00,206.6,6,5,1,222.16,213.05333333333292,211.9433333333333,204.87
2023-07-15 07:00:00,204.87,7,5,1,206.6,211.20999999999955,211.03333333333333,190.96
2023-07-15 08:00:00,190.96,8,5,1,204.87,200.80999999999958,207.13000000000002,212.84
2023-07-15 09:00:00,212.84,9,5,1,190.96,202.88999999999956,207.97166666666666,342.15
2023-07-15 10:00:00,342.15,10,5,1,212.84,248.64999999999955,229.92999999999998,344.76
2023-07-15 11:00:00,344.76,11,5,1,342.15,299.91666666666623,250.36333333333332,335.87
2023-07-15 12:00:00,335.87,12,5,1,344.76,340.9266666666662,271.90833333333336,331.44
2023-07-15 13:00:00,331.44,13,5,1,335.87,337.3566666666662,293.00333333333333,347.7
2023-07-15 14:00:00,347.7,14,5,1,331.44,338.3366666666662,319.1266666666666,337.53
2023-07-15 15:00:00,337.53,15,5,1,347.7,338.8899999999996,339.9083333333333,339.58
2023-07-15 16:00:00,339.58,16,5,1,337.53,341.60333333333284,339.47999999999996,196.17
2023-07-15 17:00:00,196.17,17,5,1,339.58,291.09333333333285,314.715,216.08
2023-07-15 18:00:00,216.08,18,5,1,196.17,250.60999999999956,294.75,208.64
2023-07-15 19:00:00,208.64,19,5,1,216.08,206.96333333333288,274.2833333333333,201.11
2023-07-15 20:00:00,201.11,20,5,1,208.64,208.60999999999956,249.8516666666667,200.34
2023-07-15 21:00:00,200.34,21,5,1,201.11,203.3633333333329,226.98666666666665,202.86
2023-07-15 22:00:00,202.86,22,5,1,200.34,201.43666666666624,204.20000000000002,213.06
2023-07-15 23:00:00,213.06,23,5,1,202.86,205.41999999999953,207.01500000000001,208.8
2023-07-16 00:00:00,208.8,0,6,1,213.06,208.23999999999955,205.80166666666665,227.72
2023-07-16 01:00:00,227.72,1,6,1,208.8,216.5266666666662,208.98166666666668,210.87
2023-07-16 02:00:00,210.87,2,6,1,227.72,215.79666666666625,210.60833333333335,201.59
2023-07-16 03:00:00,201.59,3,6,1,210.87,213.39333333333286,210.8166666666667,197.67
2023-07-16 04:00:00,197.67,4,6,1,201.59,203.3766666666662,209.95166666666668,200.69
2023-07-16 05:00:00,200.69,5,6,1,197.67,199.9833333333329,207.89,218.27
2023-07-16 06:00:00,218.27,6,6,1,200.69,205.54333333333287,209.46833333333333,201.08
2023-07-16 07:00:00,201.08,7,6,1,218.27,206.67999999999952,205.02833333333334,216.49
2023-07-16 08:00:00,216.49,8,6,1,201.08,211.94666666666623,205.965,201.68
2023-07-16 09:00:00,201.68,9,6,1,216.49,206.4166666666662,205.98000000000002,339.9
2023-07-16 10:00:00,339.9,10,6,1,201.68,252.68999999999951,229.68500000000003,357.57
2023-07-16 11:00:00,357.57,11,6,1,339.9,299.7166666666662,255.83166666666668,331.91
2023-07-16 12:00:00,331.91,12,6,1,357.57,343.12666666666627,274.7716666666667,346.93
2023-07-16 13:00:00,346.93,13,6,1,331.91,345.4699999999995,299.08,345.82
2023-07-16 14:00:00,345.82,14,6,1,346.93,341.5533333333329,320.635,328.59
2023-07-16 15:00:00,328.59,15,6,1,345.82,340.4466666666662,341.78666666666663,358.3
2023-07-16 16:00:00,358.3,16,6,1,328.59,344.2366666666662,344.8533333333333,213.6
2023-07-16 17:00:00,213.6,17,6,1,358.3,300.1633333333329,320.8583333333333,215.79
2023-07-16 18:00:00,215.79,18,6,1,213.6,262.5633333333329,301.50499999999994,206.06
2023-07-16 19:00:00,206.06,19,6,1,215.79,211.81666666666624,278.0266666666667,220.88
2023-07-16 20:00:00,220.88,20,6,1,206.06,214.24333333333288,257.2033333333333,211.98
2023-07-16 21:00:00,211.98,21,6,1,220.88,212.97333333333287,237.76833333333332,200.67
2023-07-16 22:00:00,200.67,22,6,1,211.98,211.1766666666662,211.49666666666667,205.9
2023-07-16 23:00:00,205.9,23,6,1,200.67,206.18333333333285,210.21333333333334,191.08
2023-07-17 00:00:00,191.08,0,0,0,205.9,199.2166666666662,206.095,185.04
2023-07-17 01:00:00,185.04,1,0,0,191.08,194.0066666666662,202.59166666666667,206.33
2023-07-17 02:00:00,206.33,2,0,0,185.04,194.14999999999955,200.16666666666666,196.42
2023-07-17 03:00:00,196.42,3,0,0,206.33,195.92999999999952,197.57333333333335,190.45
2023-07-17 04:00:00,190.45,4,0,0,196.42,197.7333333333329,195.87,184.76
2023-07-17 05:00:00,184.76,5,0,0,190.45,190.54333333333287,192.34666666666666,197.72
2023-07-17 06:00:00,197.72,6,0,0,184.76,190.97666666666623,193.45333333333335,556.41
2023-07-17 07:00:00,556.41,7,0,0,197.72,312.96333333333286,255.34833333333333,833.03
2023-07-17 08:00:00,833.03,8,0,0,556.41,529.0533333333328,359.79833333333335,1003.15
2023-07-17 09:00:00,1003.15,9,0,0,833.03,797.5299999999994,494.25333333333333,1009.94
2023-07-17 10:00:00,1009.94,10,0,0,1003.15,948.7066666666661,630.835,1061.66
2023-07-17 11:00:00,1061.66,11,0,0,1009.94,1024.9166666666663,776.985,1105.52
2023-07-17 12:00:00,1105.52,12,0,0,1061.66,1059.0399999999997,928.2849999999999,897.13
2023-07-17 13:00:00,897.13,13,0,0,1105.52,1021.4366666666662,985.0716666666666,851.92
2023-07-17 14:00:00,851.92,14,0,0,897.13,951.523333333333,988.2199999999999,1050.43
2023-07-17 15:00:00,1050.43,15,0,0,851.92,933.1599999999995,996.1,1039.84
2023-07-17 16:00:00,1039.84,16,0,0,1050.43,980.7299999999996,1001.0833333333334,1031.0
2023-07-17 17:00:00,1031.0,17,0,0,1039.84,1040.423333333333,995.9733333333334,466.53
2023-07-17 18:00:00,466.53,18,0,0,1031.0,845.7899999999996,889.4749999999999,373.88
2023-07-17 19:00:00,373.88,19,0,0,466.53,623.803333333333,802.2666666666668,293.21
2023-07-17 20:00:00,293.21,20,0,0,373.88,377.87333333333294,709.1483333333334,198.8
2023-07-17 21:00:00,198.8,21,0,0,293.21,288.6299999999996,567.2099999999999,188.06
2023-07-17 22:00:00,188.06,22,0,0,198.8,226.6899999999996,425.24666666666667,208.4
2023-07-17 23:00:00,208.4,23,0,0,188.06,198.41999999999962,288.14666666666665,194.04
2023-07-18 00:00:00,194.04,0,1,0,208.4,196.83333333333294,242.73166666666665,201.41
2023-07-18 01:00:00,201.41,1,1,0,194.04,201.28333333333296,213.98666666666665,192.53
2023-07-18 02:00:00,192.53,2,1,0,201.41,195.99333333333297,197.20666666666668,171.7
2023-07-18 03:00:00,171.7,3,1,0,192.53,188.54666666666628,192.68999999999997,197.76
2023-07-18 04:00:00,197.76,4,1,0,171.7,187.32999999999961,194.3066666666667,194.05
2023-07-18 05:00:00,194.05,5,1,0,197.76,187.83666666666628,191.915,189.25
2023-07-18 06:00:00,189.25,6,1,0,194.05,193.68666666666627,191.11666666666667,560.21
2023-07-18 07:00:00,560.21,7,1,0,189.25,314.50333333333293,250.91666666666666,834.22
2023-07-18 08:00:00,834.22,8,1,0,560.21,527.893333333333,357.865,1001.52
2023-07-18 09:00:00,1001.52,9,1,0,834.22,798.6499999999996,496.16833333333335,1041.85
2023-07-18 10:00:00,1041.85,10,1,0,1001.52,959.1966666666663,636.85,1112.18
2023-07-18 11:00:00,1112.18,11,1,0,1041.85,1051.8499999999997,789.8716666666668,1147.03
2023-07-18 12:00:00,1147.03,12,1,0,1112.18,1100.3533333333328,949.5016666666667,860.31
2023-07-18 13:00:00,860.31,13,1,0,1147.03,1039.8399999999995,999.5183333333334,910.46
2023-07-18 14:00:00,910.46,14,1,0,860.31,972.5999999999996,1012.225,1035.04
2023-07-18 15:00:00,1035.04,15,1,0,910.46,935.2699999999995,1017.8116666666668,1026.67
2023-07-18 16:00:00,1026.67,16,1,0,1035.04,990.723333333333,1015.2816666666668,990.04
2023-07-18 17:00:00,990.04,17,1,0,1026.67,1017.2499999999997,994.9249999999998,469.8
2023-07-18 18:00:00,469.8,18,1,0,990.04,828.8366666666662,882.0533333333333,381.87
2023-07-18 19:00:00,381.87,19,1,0,469.8,613.903333333333,802.3133333333334,295.68
2023-07-18 20:00:00,295.68,20,1,0,381.87,382.44999999999965,699.85,165.65
2023-07-18 21:00:00,165.65,21,1,0,295.68,281.0666666666663,554.9516666666667,198.75
2023-07-18 22:00:00,198.75,22,1,0,165.65,220.0266666666663,416.965,178.72
2023-07-18 23:00:00,178.72,23,1,0,198.75,181.03999999999962,281.74500000000006,166.89
2023-07-19 00:00:00,166.89,0,2,0,178.72,181.45333333333295,231.26000000000008,192.1
2023-07-19 01:00:00,192.1,1,2,0,166.89,179.2366666666663,199.6316666666667,191.04
2023-07-19 02:00:00,191.04,2,2,0,192.1,183.34333333333294,182.1916666666667,198.65
2023-07-19 03:00:00,198.65,3,2,0,191.04,193.9299999999996,187.69166666666672,184.75
2023-07-19 04:00:00,184.75,4,2,0,198.65,191.4799999999996,185.35833333333338,194.41
2023-07-19 05:00:00,194.41,5,2,0,184.75,192.60333333333293,187.97333333333336,190.42
2023-07-19 06:00:00,190.42,6,2,0,194.41,189.85999999999964,191.895,569.03
2023-07-19 07:00:00,569.03,7,2,0,190.42,317.953333333333,254.7166666666667,826.35
2023-07-19 08:00:00,826.35,8,2,0,569.03,528.5999999999996,360.6016666666667,1010.01
2023-07-19 09:00:00,1010.01,9,2,0,826.35,801.7966666666663,495.8283333333334,1048.99
2023-07-19 10:00:00,1048.99,10,2,0,1010.01,961.7833333333328,639.8683333333333,1064.27
2023-07-19 11:00:00,1064.27,11,2,0,1048.99,1041.0899999999995,784.8449999999999,1128.83
2023-07-19 12:00:00,1128.83,12,2,0,1064.27,1080.696666666666,941.2466666666666,917.52
2023-07-19 13:00:00,917.52,13,2,0,1128.83,1036.873333333333,999.3283333333334,865.14
2023-07-19 14:00:00,865.14,14,2,0,917.52,970.4966666666663,1005.7933333333334,1069.62
2023-07-19 15:00:00,1069.62,15,2,0,865.14,950.7599999999996,1015.7283333333331,1013.44
2023-07-19 16:00:00,1013.44,16,2,0,1069.62,982.733333333333,1009.8033333333333,1004.49
2023-07-19 17:00:00,1004.49,17,2,0,1013.44,1029.1833333333332,999.8399999999998,470.35
2023-07-19 18:00:00,470.35,18,2,0,1004.49,829.4266666666664,890.0933333333332,389.58
2023-07-19 19:00:00,389.58,19,2,0,470.35,621.473333333333,802.1033333333334,311.35
2023-07-19 20:00:00,311.35,20,2,0,389.58,390.42666666666634,709.805,184.71
2023-07-19 21:00:00,184.71,21,2,0,311.35,295.213333333333,562.32,187.56
2023-07-19 22:00:00,187.56,22,2,0,184.71,227.87333333333302,424.67333333333335,185.53
2023-07-19 23:00:00,185.53,23,2,0,187.56,185.93333333333302,288.18,193.82
2023-07-20 00:00:00,193.82,0,3,0,185.53,188.9699999999997,242.0916666666667,187.85
2023-07-20 01:00:00,187.85,1,3,0,193.82,189.06666666666638,208.47,204.83
2023-07-20 02:00:00,204.83,2,3,0,187.85,195.4999999999997,190.7166666666667,178.79
2023-07-20 03:00:00,178.79,3,3,0,204.83,190.4899999999997,189.73000000000002,194.62
2023-07-20 04:00:00,194.62,4,3,0,178.79,192.74666666666636,190.90666666666667,192.76
2023-07-20 05:00:00,192.76,5,3,0,194.62,188.72333333333302,192.11166666666668,196.33
2023-07-20 06:00:00,196.33,6,3,0,192.76,194.5699999999997,192.53,565.21
2023-07-20 07:00:00,565.21,7,3,0,196.33,318.09999999999974,255.42333333333332,826.53
2023-07-20 08:00:00,826.53,8,3,0,565.21,529.3566666666665,359.04,992.06
2023-07-20 09:00:00,992.06,9,3,0,826.53,794.5999999999998,494.585,1047.98
2023-07-20 10:00:00,1047.98,10,3,0,992.06,955.5233333333331,636.8116666666666,1124.23
2023-07-20 11:00:00,1124.23,11,3,0,1047.98,1054.7566666666664,792.0566666666667,1130.18
2023-07-20 12:00:00,1130.18,12,3,0,1124.23,1100.7966666666664,947.6983333333333,818.51
2023-07-20 13:00:00,818.51,13,3,0,1130.18,1024.3066666666664,989.915,894.49
2023-07-20 14:00:00,894.49,14,3,0,818.51,947.7266666666665,1001.2416666666667,1063.9
2023-07-20 15:00:00,1063.9,15,3,0,894.49,925.6333333333331,1013.215,982.53
2023-07-20 16:00:00,982.53,16,3,0,1063.9,980.3066666666664,1002.3066666666667,1004.38
2023-07-20 17:00:00,1004.38,17,3,0,982.53,1016.9366666666664,982.3316666666668,453.29
2023-07-20 18:00:00,453.29,18,3,0,1004.38,813.3999999999996,869.5166666666668,380.93
2023-07-20 19:00:00,380.93,19,3,0,453.29,612.8666666666663,796.5866666666667,307.81
2023-07-20 20:00:00,307.81,20,3,0,380.93,380.67666666666634,698.8066666666667,190.27
2023-07-20 21:00:00,190.27,21,3,0,307.81,293.00333333333305,553.2016666666666,197.64
2023-07-20 22:00:00,197.64,22,3,0,190.27,231.90666666666638,422.3866666666667,190.5
2023-07-20 23:00:00,190.5,23,3,0,197.64,192.80333333333303,286.73999999999995,179.81
2023-07-21 00:00:00,179.81,0,4,0,190.5,189.31666666666638,241.16,194.51
2023-07-21 01:00:00,194.51,1,4,0,179.81,188.27333333333306,210.09000000000003,189.85
2023-07-21 02:00:00,189.85,2,4,0,194.51,188.0566666666664,190.42999999999998,197.22
2023-07-21 03:00:00,197.22,3,4,0,189.85,193.85999999999967,191.58833333333334,203.35
2023-07-21 04:00:00,203.35,4,4,0,197.22,196.80666666666636,192.54,175.36
2023-07-21 05:00:00,175.36,5,4,0,203.35,191.97666666666638,190.01666666666665,173.78
2023-07-21 06:00:00,173.78,6,4,0,175.36,184.16333333333304,189.01166666666666,555.15
2023-07-21 07:00:00,555.15,7,4,0,173.78,301.42999999999967,249.11833333333334,819.5
2023-07-21 08:00:00,819.5,8,4,0,555.15,516.1433333333331,354.06,983.77
2023-07-21 09:00:00,983.77,9,4,0,819.5,786.1399999999998,485.15166666666664,1083.42
2023-07-21 10:00:00,1083.42,10,4,0,983.77,962.2299999999997,631.83,1085.27
2023-07-21 11:00:00,1085.27,11,4,0,1083.42,1050.8199999999997,783.4816666666667,1140.82
2023-07-21 12:00:00,1140.82,12,4,0,1085.27,1103.1699999999998,944.6550000000001,887.37
2023-07-21 13:00:00,887.37,13,4,0,1140.82,1037.8199999999997,1000.025,860.3
2023-07-21 14:00:00,860.3,14,4,0,887.37,962.8299999999996,1006.8249999999999,1073.85
2023-07-21 15:00:00,1073.85,15,4,0,860.3,940.5066666666662,1021.8383333333335,1051.64
2023-07-21 16:00:00,1051.64,16,4,0,1073.85,995.263333333333,1016.5416666666666,1028.63
2023-07-21 17:00:00,1028.63,17,4,0,1051.64,1051.373333333333,1007.1016666666666,466.29
2023-07-21 18:00:00,466.29,18,4,0,1028.63,848.853333333333,894.68,390.21
2023-07-21 19:00:00,390.21,19,4,0,466.29,628.3766666666663,811.82,301.9
2023-07-21 20:00:00,301.9,20,4,0,390.21,386.1333333333329,718.7533333333334,185.76
2023-07-21 21:00:00,185.76,21,4,0,301.9,292.62333333333294,570.7383333333333,184.92
2023-07-21 22:00:00,184.92,22,4,0,185.76,224.19333333333293,426.285,184.0
2023-07-21 23:00:00,184.0,23,4,0,184.92,184.89333333333295,285.5133333333333,206.06
2023-07-22 00:00:00,206.06,0,5,1,184.0,191.65999999999963,242.14166666666665,206.59
2023-07-22 01:00:00,206.59,1,5,1,206.06,198.88333333333298,211.53833333333333,221.15
2023-07-22 02:00:00,221.15,2,5,1,206.59,211.2666666666663,198.08,205.27
2023-07-22 03:00:00,205.27,3,5,1,221.15,211.00333333333296,201.33166666666668,201.68
2023-07-22 04:00:00,201.68,4,5,1,205.27,209.3666666666663,204.125,217.62
2023-07-22 05:00:00,217.62,5,5,1,201.68,208.18999999999963,209.72833333333335,205.17
2023-07-22 06:00:00,205.17,6,5,1,217.62,208.1566666666663,209.58,201.32
2023-07-22 07:00:00,201.32,7,5,1,205.17,208.0366666666663,208.70166666666668,219.87
2023-07-22 08:00:00,219.87,8,5,1,201.32,208.7866666666663,208.48833333333334,205.65
2023-07-22 09:00:00,205.65,9,5,1,219.87,208.9466666666663,208.55166666666665,327.04
2023-07-22 10:00:00,327.04,10,5,1,205.65,250.85333333333293,229.44500000000002,336.32
2023-07-22 11:00:00,336.32,11,5,1,327.04,289.6699999999996,249.22833333333332,351.86
2023-07-22 12:00:00,351.86,12,5,1,336.32,338.4066666666663,273.6766666666667,348.17
2023-07-22 13:00:00,348.17,13,5,1,351.86,345.44999999999965,298.15166666666664,344.33
2023-07-22 14:00:00,344.33,14,5,1,348.17,348.1199999999996,318.89500000000004,316.48
2023-07-22 15:00:00,316.48,15,5,1,344.33,336.3266666666663,337.3666666666667,348.53
2023-07-22 16:00:00,348.53,16,5,1,316.48,336.44666666666626,340.9483333333333,210.18
2023-07-22 17:00:00,210.18,17,5,1,348.53,291.7299999999996,319.925,203.4
2023-07-22 18:00:00,203.4,18,5,1,210.18,254.0366666666663,295.1816666666667,212.14
2023-07-22 19:00:00,212.14,19,5,1,203.4,208.57333333333295,272.51000000000005,213.65
2023-07-22 20:00:00,213.65,20,5,1,212.14,209.72999999999965,250.73,212.06
2023-07-22 21:00:00,212.06,21,5,1,213.65,212.6166666666663,233.32666666666668,211.99
2023-07-22 22:00:00,211.99,22,5,1,212.06,212.5666666666663,210.57000000000002,230.13
2023-07-22 23:00:00,230.13,23,5,1,211.99,218.05999999999963,213.895,208.46
2023-07-23 00:00:00,208.46,0,6,1,230.13,216.85999999999964,214.73833333333334,214.22
2023-07-23 01:00:00,214.22,1,6,1,208.46,217.60333333333293,215.085,207.76
2023-07-23 02:00:00,207.76,2,6,1,214.22,210.1466666666663,214.10333333333335,198.54
2023-07-23 03:00:00,198.54,3,6,1,207.76,206.8399999999996,211.85,205.41
2023-07-23 04:00:00,205.41,4,6,1,198.54,203.90333333333297,210.75333333333333,217.29
2023-07-23 05:00:00,217.29,5,6,1,205.41,207.07999999999961,208.61333333333334,217.0
2023-07-23 06:00:00,217.0,6,6,1,217.29,213.23333333333298,210.03666666666666,207.36
2023-07-23 07:00:00,207.36,7,6,1,217.0,213.88333333333296,208.89333333333332,206.08
2023-07-23 08:00:00,206.08,8,6,1,207.36,210.1466666666663,208.61333333333332,208.46
2023-07-23 09:00:00,208.46,9,6,1,206.08,207.29999999999964,210.26666666666665,345.01
2023-07-23 10:00:00,345.01,10,6,1,208.46,253.18333333333297,233.5333333333334,344.14
2023-07-23 11:00:00,344.14,11,6,1,345.01,299.203333333333,254.67499999999998,333.63
2023-07-23 12:00:00,333.63,12,6,1,344.14,340.9266666666663,274.1133333333333,339.09
2023-07-23 13:00:00,339.09,13,6,1,333.63,338.9533333333329,296.0683333333333,335.05
2023-07-23 14:00:00,335.05,14,6,1,339.09,335.92333333333295,317.56333333333333,332.53
2023-07-23 15:00:00,332.53,15,6,1,335.05,335.5566666666663,338.2416666666667,342.18
2023-07-23 16:00:00,342.18,16,6,1,332.53,336.5866666666663,337.77000000000004,213.33
2023-07-23 17:00:00,213.33,17,6,1,342.18,296.0133333333329,315.9683333333333,205.69
2023-07-23 18:00:00,205.69,18,6,1,213.33,253.73333333333298,294.645,219.81
2023-07-23 19:00:00,219.81,19,6,1,205.69,212.94333333333296,274.765,208.3
2023-07-23 20:00:00,208.3,20,6,1,219.81,211.26666666666628,253.64,216.26
2023-07-23 21:00:00,216.26,21,6,1,208.3,214.78999999999962,234.26166666666666,222.13
2023-07-23 22:00:00,222.13,22,6,1,216.26,215.56333333333293,214.25333333333333,203.59
2023-07-23 23:00:00,203.59,23,6,1,222.13,213.99333333333297,212.63,188.85
2023-07-24 00:00:00,188.85,0,0,0,203.59,204.8566666666663,209.82333333333335,199.91
2023-07-24 01:00:00,199.91,1,0,0,188.85,197.44999999999962,206.50666666666666,187.15
2023-07-24 02:00:00,187.15,2,0,0,199.91,191.9699999999996,202.98166666666668,191.0
2023-07-24 03:00:00,191.0,3,0,0,187.15,192.68666666666627,198.77166666666665,204.74
2023-07-24 04:00:00,204.74,4,0,0,191.0,194.29666666666628,195.87333333333333,191.54
2023-07-24 05:00:00,191.54,5,0,0,204.74,195.75999999999962,193.865,182.79
2023-07-24 06:00:00,182.79,6,0,0,191.54,193.02333333333297,192.85500000000002,562.43
2023-07-24 07:00:00,562.43,7,0,0,182.79,312.25333333333293,253.27499999999998,819.91
2023-07-24 08:00:00,819.91,8,0,0,562.43,521.7099999999996,358.73499999999996,982.79
2023-07-24 09:00:00,982.79,9,0,0,819.91,788.3766666666662,490.7,1055.35
2023-07-24 10:00:00,1055.35,10,0,0,982.79,952.6833333333328,632.4683333333332,1065.21
2023-07-24 11:00:00,1065.21,11,0,0,1055.35,1034.4499999999996,778.0799999999999,1123.67
2023-07-24 12:00:00,1123.67,12,0,0,1065.21,1081.4099999999996,934.8933333333333,873.92
2023-07-24 13:00:00,873.92,13,0,0,1123.67,1020.9333333333329,986.8083333333334,865.92
2023-07-24 14:00:00,865.92,14,0,0,873.92,954.503333333333,994.4766666666666,1052.74
2023-07-24 15:00:00,1052.74,15,0,0,865.92,930.8599999999997,1006.1349999999999,1030.82
2023-07-24 16:00:00,1030.82,16,0,0,1052.74,983.1599999999995,1002.0466666666666,1022.21
2023-07-24 17:00:00,1022.21,17,0,0,1030.82,1035.2566666666662,994.88,472.67
2023-07-24 18:00:00,472.67,18,0,0,1022.21,841.8999999999996,886.38,378.04
2023-07-24 19:00:00,378.04,19,0,0,472.67,624.3066666666663,803.7333333333332,277.45
2023-07-24 20:00:00,277.45,20,0,0,378.04,376.053333333333,705.6549999999999,193.09
2023-07-24 21:00:00,193.09,21,0,0,277.45,282.8599999999996,562.38,196.21
2023-07-24 22:00:00,196.21,22,0,0,193.09,222.24999999999963,423.27833333333336,200.53
2023-07-24 23:00:00,200.53,23,0,0,196.21,196.60999999999964,286.33166666666665,178.47
2023-07-25 00:00:00,178.47,0,1,0,200.53,191.7366666666663,237.29833333333332,184.12
2023-07-25 01:00:00,184.12,1,1,0,178.47,187.70666666666628,204.97833333333332,184.72
2023-07-25 02:00:00,184.72,2,1,0,184.12,182.4366666666663,189.5233333333333,191.31
2023-07-25 03:00:00,191.31,3,1,0,184.72,186.71666666666627,189.2266666666667,202.92
2023-07-25 04:00:00,202.92,4,1,0,191.31,192.98333333333298,190.345,189.29
2023-07-25 05:00:00,189.29,5,1,0,202.92,194.5066666666663,188.47166666666666,188.8
2023-07-25 06:00:00,188.8,6,1,0,189.29,193.66999999999962,190.19333333333336,558.09
2023-07-25 07:00:00,558.09,7,1,0,188.8,312.05999999999966,252.52166666666668,841.63
2023-07-25 08:00:00,841.63,8,1,0,558.09,529.5066666666663,362.00666666666666,1014.39
2023-07-25 09:00:00,1014.39,9,1,0,841.63,804.7033333333329,499.18666666666667,1070.88
2023-07-25 10:00:00,1070.88,10,1,0,1014.39,975.6333333333329,643.8466666666667,1095.99
2023-07-25 11:00:00,1095.99,11,1,0,1070.88,1060.4199999999994,794.9633333333333,1119.44
2023-07-25 12:00:00,1119.44,12,1,0,1095.99,1095.4366666666663,950.07,920.55
2023-07-25 13:00:00,920.55,13,1,0,1119.44,1045.3266666666661,1010.4799999999999,877.84
2023-07-25 14:00:00,877.84,14,1,0,920.55,972.6099999999996,1016.515,1021.34
2023-07-25 15:00:00,1021.34,15,1,0,877.84,939.9099999999995,1017.6733333333333,1002.98
2023-07-25 16:00:00,1002.98,16,1,0,1021.34,967.3866666666663,1006.3566666666667,1041.68
2023-07-25 17:00:00,1041.68,17,1,0,1002.98,1021.9999999999995,997.305,472.76
2023-07-25 18:00:00,472.76,18,1,0,1041.68,839.1399999999995,889.525,383.59
2023-07-25 19:00:00,383.59,19,1,0,472.76,632.6766666666662,800.0316666666668,292.05
2023-07-25 20:00:00,292.05,20,1,0,383.59,382.79999999999956,702.4,188.97
2023-07-25 21:00:00,188.97,21,1,0,292.05,288.20333333333286,563.6716666666666,176.46
2023-07-25 22:00:00,176.46,22,1,0,188.97,219.15999999999954,425.91833333333335,196.72
2023-07-25 23:00:00,196.72,23,1,0,176.46,187.38333333333287,285.09166666666664,184.73
2023-07-26 00:00:00,184.73,0,2,0,196.72,185.96999999999954,237.08666666666667,192.88
2023-07-26 01:00:00,192.88,1,2,0,184.73,191.44333333333284,205.30166666666665,187.37
2023-07-26 02:00:00,187.37,2,2,0,192.88,188.32666666666623,187.85500000000002,197.31
2023-07-26 03:00:00,197.31,3,2,0,187.37,192.51999999999953,189.245,192.9
2023-07-26 04:00:00,192.9,4,2,0,197.31,192.52666666666622,191.98499999999999,191.43
2023-07-26 05:00:00,191.43,5,2,0,192.9,193.87999999999954,191.10333333333335,200.18
2023-07-26 06:00:00,200.18,6,2,0,191.43,194.83666666666622,193.6783333333333,557.67
2023-07-26 07:00:00,557.67,7,2,0,200.18,316.4266666666662,254.4766666666667,831.19
2023-07-26 08:00:00,831.19,8,2,0,557.67,529.6799999999995,361.78000000000003,978.99
2023-07-26 09:00:00,978.99,9,2,0,831.19,789.2833333333328,492.06,1049.53
2023-07-26 10:00:00,1049.53,10,2,0,978.99,953.2366666666662,634.8316666666666,1075.25
2023-07-26 11:00:00,1075.25,11,2,0,1049.53,1034.5899999999995,782.1349999999999,1141.84
2023-07-26 12:00:00,1141.84,12,2,0,1075.25,1088.873333333333,939.0783333333333,859.91
2023-07-26 13:00:00,859.91,13,2,0,1141.84,1025.6666666666663,989.4516666666665,952.8
2023-07-26 14:00:00,952.8,14,2,0,859.91,984.8499999999995,1009.7199999999999,1057.49
2023-07-26 15:00:00,1057.49,15,2,0,952.8,956.733333333333,1022.8033333333333,1056.39
2023-07-26 16:00:00,1056.39,16,2,0,1057.49,1022.2266666666663,1023.9466666666666,1035.27
2023-07-26 17:00:00,1035.27,17,2,0,1056.39,1049.7166666666662,1017.2833333333334,496.73
2023-07-26 18:00:00,496.73,18,2,0,1035.27,862.7966666666663,909.765,380.52
2023-07-26 19:00:00,380.52,19,2,0,496.73,637.5066666666663,829.8666666666668,306.21
2023-07-26 20:00:00,306.21,20,2,0,380.52,394.4866666666663,722.1016666666668,192.96
2023-07-26 21:00:00,192.96,21,2,0,306.21,293.2299999999996,578.0133333333333,182.8
2023-07-26 22:00:00,182.8,22,2,0,192.96,227.32333333333295,432.41499999999996,188.25
2023-07-26 23:00:00,188.25,23,2,0,182.8,188.00333333333296,291.245,181.26
2023-07-27 00:00:00,181.26,0,3,0,188.25,184.10333333333293,238.66666666666666,190.12
2023-07-27 01:00:00,190.12,1,3,0,181.26,186.54333333333295,206.9333333333333,194.11
2023-07-27 02:00:00,194.11,2,3,0,190.12,188.4966666666663,188.25,199.07
2023-07-27 03:00:00,199.07,3,3,0,194.11,194.43333333333297,189.26833333333335,189.54
2023-07-27 04:00:00,189.54,4,3,0,199.07,194.23999999999964,190.39166666666665,190.36
2023-07-27 05:00:00,190.36,5,3,0,189.54,192.98999999999964,190.74333333333334,191.83
2023-07-27 06:00:00,191.83,6,3,0,190.36,190.57666666666628,192.505,567.58
2023-07-27 07:00:00,567.58,7,3,0,191.83,316.58999999999963,255.415,829.94
2023-07-27 08:00:00,829.94,8,3,0,567.58,529.783333333333,361.3866666666667,974.86
2023-07-27 09:00:00,974.86,9,3,0,829.94,790.7933333333331,490.685,1054.58
2023-07-27 10:00:00,1054.58,10,3,0,974.86,953.1266666666664,634.8583333333333,1071.8
2023-07-27 11:00:00,1071.8,11,3,0,1054.58,1033.7466666666662,781.765,1146.74
2023-07-27 12:00:00,1146.74,12,3,0,1071.8,1091.0399999999997,940.9166666666666,865.89
2023-07-27 13:00:00,865.89,13,3,0,1146.74,1028.143333333333,990.6350000000001,834.5
2023-07-27 14:00:00,834.5,14,3,0,865.89,949.043333333333,991.3950000000001,1053.09
2023-07-27 15:00:00,1053.09,15,3,0,834.5,917.8266666666663,1004.4333333333334,1064.07
2023-07-27 16:00:00,1064.07,16,3,0,1053.09,983.8866666666663,1006.015,999.0
2023-07-27 17:00:00,999.0,17,3,0,1064.07,1038.7199999999996,993.8816666666667,454.02
2023-07-27 18:00:00,454.02,18,3,0,999.0,839.0299999999996,878.4283333333333,388.0
2023-07-27 19:00:00,388.0,19,3,0,454.02,613.673333333333,798.7799999999999,301.28
2023-07-27 20:00:00,301.28,20,3,0,388.0,381.0999999999996,709.91,188.44
2023-07-27 21:00:00,188.44,21,3,0,301.28,292.573333333333,565.8016666666666,189.4
2023-07-27 22:00:00,189.4,22,3,0,188.44,226.37333333333297,420.0233333333333,191.3
2023-07-27 23:00:00,191.3,23,3,0,189.4,189.71333333333294,285.4066666666667,195.54
2023-07-28 00:00:00,195.54,0,4,0,191.3,192.07999999999961,242.32666666666668,189.82
2023-07-28 01:00:00,189.82,1,4,0,195.54,192.21999999999966,209.29666666666665,199.03
2023-07-28 02:00:00,199.03,2,4,0,189.82,194.79666666666628,192.255,186.21
2023-07-28 03:00:00,186.21,3,4,0,199.03,191.68666666666627,191.88333333333333,176.7
2023-07-28 04:00:00,176.7,4,4,0,186.21,187.31333333333296,189.76666666666665,181.53
2023-07-28 05:00:00,181.53,5,4,0,176.7,181.47999999999965,188.13833333333332,197.34
2023-07-28 06:00:00,197.34,6,4,0,181.53,185.1899999999996,188.43833333333336,549.19
2023-07-28 07:00:00,549.19,7,4,0,197.34,309.35333333333296,248.33333333333334,835.58
2023-07-28 08:00:00,835.58,8,4,0,549.19,527.3699999999995,354.425,1015.72
2023-07-28 09:00:00,1015.72,9,4,0,835.58,800.163333333333,492.67666666666673,1054.89
2023-07-28 10:00:00,1054.89,10,4,0,1015.72,968.7299999999996,639.0416666666667,1082.48
2023-07-28 11:00:00,1082.48,11,4,0,1054.89,1051.0299999999995,789.2000000000002,1121.24
2023-07-28 12:00:00,1121.24,12,4,0,1082.48,1086.203333333333,943.1833333333334,838.97
2023-07-28 13:00:00,838.97,13,4,0,1121.24,1014.2299999999996,991.4800000000001,867.52
2023-07-28 14:00:00,867.52,14,4,0,838.97,942.5766666666663,996.8033333333334,1057.67
2023-07-28 15:00:00,1057.67,15,4,0,867.52,921.3866666666663,1003.7950000000001,1033.47
2023-07-28 16:00:00,1033.47,16,4,0,1057.67,986.2199999999997,1000.225,1017.61
2023-07-28 17:00:00,1017.61,17,4,0,1033.47,1036.2499999999995,989.4133333333334,476.19
2023-07-28 18:00:00,476.19,18,4,0,1017.61,842.4233333333328,881.9050000000001,392.63
2023-07-28 19:00:00,392.63,19,4,0,476.19,628.8099999999996,807.515,297.09
2023-07-28 20:00:00,297.09,20,4,0,392.63,388.63666666666614,712.4433333333333,204.68
2023-07-28 21:00:00,204.68,21,4,0,297.09,298.1333333333328,570.2783333333333,191.21
2023-07-28 22:00:00,191.21,22,4,0,204.68,230.99333333333288,429.90166666666664,188.51
2023-07-28 23:00:00,188.51,23,4,0,191.21,194.79999999999953,291.71833333333336,211.08
2023-07-29 00:00:00,211.08,0,5,1,188.51,196.93333333333285,247.53333333333333,219.89
2023-07-29 01:00:00,219.89,1,5,1,211.08,206.49333333333288,218.74333333333334,209.56
2023-07-29 02:00:00,209.56,2,5,1,219.89,213.50999999999954,204.155,214.3
2023-07-29 03:00:00,214.3,3,5,1,209.56,214.5833333333329,205.75833333333333,203.98
2023-07-29 04:00:00,203.98,4,5,1,214.3,209.27999999999955,207.88666666666666,216.69
2023-07-29 05:00:00,216.69,5,5,1,203.98,211.6566666666662,212.58333333333334,222.41
2023-07-29 06:00:00,222.41,6,5,1,216.69,214.35999999999953,214.47166666666666,205.8
2023-07-29 07:00:00,205.8,7,5,1,222.41,214.9666666666662,212.12333333333336,197.9
2023-07-29 08:00:00,197.9,8,5,1,205.8,208.7033333333329,210.17999999999998,211.08
2023-07-29 09:00:00,211.08,9,5,1,197.9,204.9266666666662,209.64333333333335,337.03
2023-07-29 10:00:00,337.03,10,5,1,211.08,248.66999999999953,231.8183333333333,341.34
2023-07-29 11:00:00,341.34,11,5,1,337.03,296.4833333333329,252.59333333333333,357.87
2023-07-29 12:00:00,357.87,12,5,1,341.34,345.4133333333329,275.17,336.31
2023-07-29 13:00:00,336.31,13,5,1,357.87,345.1733333333329,296.9216666666666,343.91
2023-07-29 14:00:00,343.91,14,5,1,336.31,346.0299999999996,321.25666666666666,341.74
2023-07-29 15:00:00,341.74,15,5,1,343.91,340.6533333333329,343.03333333333336,344.61
2023-07-29 16:00:00,344.61,16,5,1,341.74,343.41999999999956,344.2966666666666,204.44
2023-07-29 17:00:00,204.44,17,5,1,344.61,296.92999999999955,321.48,210.07
2023-07-29 18:00:00,210.07,18,5,1,204.44,253.0399999999995,296.8466666666667,205.4
2023-07-29 19:00:00,205.4,19,5,1,210.07,206.6366666666662,275.0283333333333,215.43
2023-07-29 20:00:00,215.43,20,5,1,205.4,210.29999999999953,253.615,216.01
2023-07-29 21:00:00,216.01,21,5,1,215.43,212.27999999999955,232.66,206.13
2023-07-29 22:00:00,206.13,22,5,1,216.01,212.52333333333289,209.58,210.37
2023-07-29 23:00:00,210.37,23,5,1,206.13,210.83666666666622,210.5683333333333,211.39
2023-07-30 00:00:00,211.39,0,6,1,210.37,209.2966666666662,210.78833333333333,207.57
2023-07-30 01:00:00,207.57,1,6,1,211.39,209.7766666666662,211.15,207.48
2023-07-30 02:00:00,207.48,2,6,1,207.57,208.81333333333285,209.82500000000002,219.08
2023-07-30 03:00:00,219.08,3,6,1,207.48,211.3766666666662,210.33666666666667,210.8
2023-07-30 04:00:00,210.8,4,6,1,219.08,212.4533333333329,211.11499999999998,207.28
2023-07-30 05:00:00,207.28,5,6,1,210.8,212.38666666666623,210.6,202.33
2023-07-30 06:00:00,202.33,6,6,1,207.28,206.80333333333286,209.09,203.28
2023-07-30 07:00:00,203.28,7,6,1,202.33,204.29666666666625,208.375,196.2
2023-07-30 08:00:00,196.2,8,6,1,203.28,200.60333333333287,206.495,208.36
2023-07-30 09:00:00,208.36,9,6,1,196.2,202.61333333333286,204.70833333333334,336.76
2023-07-30 10:00:00,336.76,10,6,1,208.36,247.1066666666662,225.70166666666668,348.3
2023-07-30 11:00:00,348.3,11,6,1,336.76,297.8066666666662,249.205,338.58
2023-07-30 12:00:00,338.58,12,6,1,348.3,341.21333333333286,271.91333333333336,329.93
2023-07-30 13:00:00,329.93,13,6,1,338.58,338.9366666666662,293.02166666666665,339.42
2023-07-30 14:00:00,339.42,14,6,1,329.93,335.97666666666623,316.8916666666667,347.27
2023-07-30 15:00:00,347.27,15,6,1,339.42,338.87333333333294,340.04333333333335,342.05
2023-07-30 16:00:00,342.05,16,6,1,347.27,342.9133333333329,340.925,214.02
2023-07-30 17:00:00,214.02,17,6,1,342.05,301.11333333333283,318.545,211.81
2023-07-30 18:00:00,211.81,18,6,1,214.02,255.95999999999955,297.4166666666667,207.85
2023-07-30 19:00:00,207.85,19,6,1,211.81,211.22666666666623,277.07,200.59
2023-07-30 20:00:00,200.59,20,6,1,207.85,206.74999999999955,253.93166666666664,210.92
2023-07-30 21:00:00,210.92,21,6,1,200.59,206.45333333333284,231.20666666666668,216.61
2023-07-30 22:00:00,216.61,22,6,1,210.92,209.37333333333288,210.29999999999998,209.92
2023-07-30 23:00:00,209.92,23,6,1,216.61,212.48333333333287,209.61666666666667,182.46
2023-07-31 00:00:00,182.46,0,0,0,209.92,202.99666666666621,204.72500000000002,198.02
2023-07-31 01:00:00,198.02,1,0,0,182.46,196.79999999999953,203.08666666666667,191.21
2023-07-31 02:00:00,191.21,2,0,0,198.02,190.5633333333329,201.52333333333334,191.84
2023-07-31 03:00:00,191.84,3,0,0,191.21,193.68999999999957,198.34333333333333,186.51
2023-07-31 04:00:00,186.51,4,0,0,191.84,189.8533333333329,193.32666666666668,190.3
2023-07-31 05:00:00,190.3,5,0,0,186.51,189.54999999999953,190.05666666666664,186.7
2023-07-31 06:00:00,186.7,6,0,0,190.3,187.83666666666622,190.76333333333332,556.36
2023-07-31 07:00:00,556.36,7,0,0,186.7,311.11999999999955,250.48666666666668,829.16
2023-07-31 08:00:00,829.16,8,0,0,556.36,524.0733333333329,356.81166666666667,962.0
2023-07-31 09:00:00,962.0,9,0,0,829.16,782.5066666666662,485.1716666666666,1035.13
2023-07-31 10:00:00,1035.13,10,0,0,962.0,942.0966666666662,626.6083333333332,1136.35
2023-07-31 11:00:00,1136.35,11,0,0,1035.13,1044.4933333333329,784.2833333333333,1169.39
2023-07-31 12:00:00,1169.39,12,0,0,1136.35,1113.623333333333,948.065,875.36
2023-07-31 13:00:00,875.36,13,0,0,1169.39,1060.366666666666,1001.2316666666666,868.15
2023-07-31 14:00:00,868.15,14,0,0,875.36,970.9666666666662,1007.73,1069.4
2023-07-31 15:00:00,1069.4,15,0,0,868.15,937.6366666666663,1025.6299999999999,1030.95
2023-07-31 16:00:00,1030.95,16,0,0,1069.4,989.4999999999995,1024.9333333333334,1043.47
2023-07-31 17:00:00,1043.47,17,0,0,1030.95,1047.9399999999996,1009.4533333333334,459.76
2023-07-31 18:00:00,459.76,18,0,0,1043.47,844.7266666666663,891.1816666666667,376.45
2023-07-31 19:00:00,376.45,19,0,0,459.76,626.5599999999996,808.0300000000001,296.81
2023-07-31 20:00:00,296.81,20,0,0,376.45,377.6733333333329,712.8066666666667,189.8
2023-07-31 21:00:00,189.8,21,0,0,296.81,287.6866666666662,566.2066666666667,183.59
2023-07-31 22:00:00,183.59,22,0,0,189.8,223.39999999999955,424.98,193.65
2023-07-31 23:00:00,193.65,23,0,0,183.59,189.01333333333287,283.3433333333333,199.56
2023-08-01 00:00:00,199.56,0,1,0,193.65,192.2666666666662,239.9766666666667,193.95
2023-08-01 01:00:00,193.95,1,1,0,199.56,195.71999999999954,209.55999999999997,188.18
2023-08-01 02:00:00,188.18,2,1,0,193.95,193.89666666666622,191.455,186.6
2023-08-01 03:00:00,186.6,3,1,0,188.18,189.57666666666623,190.92166666666665,192.82
2023-08-01 04:00:00,192.82,4,1,0,186.6,189.19999999999956,192.46,179.64
2023-08-01 05:00:00,179.64,5,1,0,192.82,186.35333333333287,190.125,190.29
2023-08-01 06:00:00,190.29,6,1,0,179.64,187.5833333333329,188.58,538.12
2023-08-01 07:00:00,538.12,7,1,0,190.29,302.6833333333329,245.94166666666663,804.74
2023-08-01 08:00:00,804.74,8,1,0,538.12,511.04999999999956,348.70166666666665,979.06
2023-08-01 09:00:00,979.06,9,1,0,804.74,773.9733333333329,480.77833333333336,1027.14
2023-08-01 10:00:00,1027.14,10,1,0,979.06,936.9799999999996,619.8316666666666,1084.77
2023-08-01 11:00:00,1084.77,11,1,0,1027.14,1030.3233333333328,770.6866666666666,1109.67
2023-08-01 12:00:00,1109.67,12,1,0,1084.77,1073.8599999999994,923.9166666666666,863.17
2023-08-01 13:00:00,863.17,13,1,0,1109.67,1019.2033333333329,978.0916666666667,825.66
2023-08-01 14:00:00,825.66,14,1,0,863.17,932.8333333333327,981.5783333333334,1023.72
2023-08-01 15:00:00,1023.72,15,1,0,825.66,904.1833333333328,989.0216666666666,1029.66
2023-08-01 16:00:00,1029.66,16,1,0,1023.72,959.6799999999994,989.4416666666666,982.92
2023-08-01 17:00:00,982.92,17,1,0,1029.66,1012.0999999999995,972.4666666666667,460.85
2023-08-01 18:00:00,460.85,18,1,0,982.92,824.4766666666661,864.3299999999999,392.87
2023-08-01 19:00:00,392.87,19,1,0,460.85,612.2133333333328,785.9466666666667,292.39
2023-08-01 20:00:00,292.39,20,1,0,392.87,382.0366666666661,697.0683333333333,187.92
2023-08-01 21:00:00,187.92,21,1,0,292.39,291.05999999999943,557.7683333333333,202.29
2023-08-01 22:00:00,202.29,22,1,0,187.92,227.53333333333276,419.8733333333333,183.2
2023-08-01 23:00:00,183.2,23,1,0,202.29,191.13666666666612,286.58666666666664,194.99
2023-08-02 00:00:00,194.99,0,2,0,183.2,193.4933333333328,242.27666666666664,197.83
2023-08-02 01:00:00,197.83,1,2,0,194.99,192.00666666666612,209.77,182.92
2023-08-02 02:00:00,182.92,2,2,0,197.83,191.91333333333282,191.525,189.61
2023-08-02 03:00:00,189.61,3,2,0,182.92,190.11999999999946,191.8066666666667,182.4
2023-08-02 04:00:00,182.4,4,2,0,189.61,184.97666666666612,188.49166666666667,194.3
2023-08-02 05:00:00,194.3,5,2,0,182.4,188.7699999999995,190.34166666666667,195.53
2023-08-02 06:00:00,195.53,6,2,0,194.3,190.7433333333328,190.4316666666667,544.34
2023-08-02 07:00:00,544.34,7,2,0,195.53,311.3899999999995,248.1833333333333,796.98
2023-08-02 08:00:00,796.98,8,2,0,544.34,512.2833333333328,350.52666666666664,956.12
2023-08-02 09:00:00,956.12,9,2,0,796.98,765.8133333333329,478.27833333333336,994.1
2023-08-02 10:00:00,994.1,10,2,0,956.12,915.7333333333328,613.5616666666666,1060.58
2023-08-02 11:00:00,1060.58,11,2,0,994.1,1003.5999999999995,757.9416666666666,1101.06
2023-08-02 12:00:00,1101.06,12,2,0,1060.58,1051.9133333333327,908.8633333333332,872.62
2023-08-02 13:00:00,872.62,13,2,0,1101.06,1011.4199999999995,963.5766666666667,840.49
2023-08-02 14:00:00,840.49,14,2,0,872.62,938.0566666666663,970.8283333333333,1008.16
2023-08-02 15:00:00,1008.16,15,2,0,840.49,907.0899999999996,979.5016666666667,1020.08
2023-08-02 16:00:00,1020.08,16,2,0,1008.16,956.2433333333329,983.8316666666666,985.87
2023-08-02 17:00:00,985.87,17,2,0,1020.08,1004.7033333333329,971.38,459.77
2023-08-02 18:00:00,459.77,18,2,0,985.87,821.9066666666662,864.4983333333333,376.13
2023-08-02 19:00:00,376.13,19,2,0,459.77,607.2566666666662,781.75,304.52
2023-08-02 20:00:00,304.52,20,2,0,376.13,380.1399999999996,692.4216666666666,181.06
2023-08-02 21:00:00,181.06,21,2,0,304.52,287.2366666666662,554.5716666666666,175.8
2023-08-02 22:00:00,175.8,22,2,0,181.06,220.45999999999955,413.85833333333335,179.04
2023-08-02 23:00:00,179.04,23,2,0,175.8,178.63333333333287,279.38666666666666,177.94
2023-08-03 00:00:00,177.94,0,3,0,179.04,177.59333333333288,232.415,193.39
2023-08-03 01:00:00,193.39,1,3,0,177.94,183.45666666666622,201.95833333333334,201.7
2023-08-03 02:00:00,201.7,2,3,0,193.39,191.00999999999954,184.8216666666667,189.0
2023-08-03 03:00:00,189.0,3,3,0,201.7,194.69666666666618,186.145,191.38
2023-08-03 04:00:00,191.38,4,3,0,189.0,194.0266666666662,188.74166666666667,193.95
2023-08-03 05:00:00,193.95,5,3,0,191.38,191.4433333333329,191.22666666666666,180.32
2023-08-03 06:00:00,180.32,6,3,0,193.95,188.54999999999953,191.62333333333333,544.09
2023-08-03 07:00:00,544.09,7,3,0,180.32,306.11999999999955,250.07333333333335,814.68
2023-08-03 08:00:00,814.68,8,3,0,544.09,513.0299999999995,352.2366666666667,994.76
2023-08-03 09:00:00,994.76,9,3,0,814.68,784.5099999999996,486.53,1064.22
2023-08-03 10:00:00,1064.22,10,3,0,994.76,957.8866666666662,632.0033333333332,1034.47
2023-08-03 11:00:00,1034.47,11,3,0,1064.22,1031.1499999999996,772.09,1081.13
2023-08-03 12:00:00,1081.13,12,3,0,1034.47,1059.9399999999996,922.225,854.54
2023-08-03 13:00:00,854.54,13,3,0,1081.13,990.0466666666662,973.9666666666667,890.31
2023-08-03 14:00:00,890.31,14,3,0,854.54,941.9933333333329,986.5716666666667,1033.68
2023-08-03 15:00:00,1033.68,15,3,0,890.31,926.1766666666663,993.0583333333333,1012.56
2023-08-03 16:00:00,1012.56,16,3,0,1033.68,978.8499999999995,984.4483333333334,978.24
2023-08-03 17:00:00,978.24,17,3,0,1012.56,1008.1599999999995,975.0766666666667,436.16
2023-08-03 18:00:00,436.16,18,3,0,978.24,808.9866666666662,867.5816666666666,365.17
2023-08-03 19:00:00,365.17,19,3,0,436.16,593.1899999999996,786.02,300.0
2023-08-03 20:00:00,300.0,20,3,0,365.17,367.1099999999995,687.6350000000001,186.69
2023-08-03 21:00:00,186.69,21,3,0,300.0,283.95333333333286,546.4699999999999,186.27
2023-08-03 22:00:00,186.27,22,3,0,186.69,224.31999999999957,408.75500000000005,196.27
2023-08-03 23:00:00,196.27,23,3,0,186.27,189.74333333333288,278.4266666666667,197.74
2023-08-04 00:00:00,197.74,0,4,0,196.27,193.4266666666662,238.68999999999997,186.35
2023-08-04 01:00:00,186.35,1,4,0,197.74,193.4533333333329,208.88666666666666,188.01
2023-08-04 02:00:00,188.01,2,4,0,186.35,190.69999999999956,190.22166666666666,197.06
2023-08-04 03:00:00,197.06,3,4,0,188.01,190.47333333333287,191.95000000000002,181.07
2023-08-04 04:00:00,181.07,4,4,0,197.06,188.71333333333288,191.08333333333334,205.66
2023-08-04 05:00:00,205.66,5,4,0,181.07,194.5966666666662,192.6483333333333,209.07
2023-08-04 06:00:00,209.07,6,4,0,205.66,198.59999999999954,194.53666666666666,541.05
2023-08-04 07:00:00,541.05,7,4,0,209.07,318.59333333333285,253.65333333333334,819.25
2023-08-04 08:00:00,819.25,8,4,0,541.05,523.1233333333329,358.85999999999996,977.99
2023-08-04 09:00:00,977.99,9,4,0,819.25,779.4299999999995,489.01500000000004,988.9
2023-08-04 10:00:00,988.9,10,4,0,977.99,928.7133333333328,623.6533333333333,1124.29
2023-08-04 11:00:00,1124.29,11,4,0,988.9,1030.3933333333327,776.7583333333333,1154.82
2023-08-04 12:00:00,1154.82,12,4,0,1124.29,1089.3366666666661,934.3833333333333,836.68
2023-08-04 13:00:00,836.68,13,4,0,1154.82,1038.5966666666661,983.6550000000001,839.44
2023-08-04 14:00:00,839.44,14,4,0,836.68,943.6466666666662,987.02,1053.96
2023-08-04 15:00:00,1053.96,15,4,0,839.44,910.0266666666663,999.6816666666667,1031.93
2023-08-04 16:00:00,1031.93,16,4,0,1053.96,975.1099999999997,1006.8533333333334,1000.04
2023-08-04 17:00:00,1000.04,17,4,0,1031.93,1028.643333333333,986.145,430.99
2023-08-04 18:00:00,430.99,18,4,0,1000.04,820.9866666666663,865.5066666666667,388.22
2023-08-04 19:00:00,388.22,19,4,0,430.99,606.4166666666663,790.7633333333334,279.01
2023-08-04 20:00:00,279.01,20,4,0,388.22,366.073333333333,697.3583333333332,195.15
2023-08-04 21:00:00,195.15,21,4,0,279.01,287.45999999999964,554.2233333333334,195.21
2023-08-04 22:00:00,195.21,22,4,0,195.15,223.12333333333297,414.77,190.79
2023-08-04 23:00:00,190.79,23,4,0,195.21,193.71666666666627,279.89500000000004,201.25
2023-08-05 00:00:00,201.25,0,5,1,190.79,195.74999999999963,241.60500000000002,207.99
2023-08-05 01:00:00,207.99,1,5,1,201.25,200.00999999999962,211.5666666666667,198.19
2023-08-05 02:00:00,198.19,2,5,1,207.99,202.47666666666632,198.09666666666666,203.61
2023-08-05 03:00:00,203.61,3,5,1,198.19,203.26333333333298,199.50666666666666,214.44
2023-08-05 04:00:00,214.44,4,5,1,203.61,205.41333333333296,202.71166666666667,219.16
2023-08-05 05:00:00,219.16,5,5,1,214.44,212.40333333333297,207.44000000000003,208.21
2023-08-05 06:00:00,208.21,6,5,1,219.16,213.93666666666627,208.60000000000002,196.14
2023-08-05 07:00:00,196.14,7,5,1,208.21,207.83666666666628,206.625,213.52
2023-08-05 08:00:00,213.52,8,5,1,196.14,205.95666666666628,209.17999999999998,225.73
2023-08-05 09:00:00,225.73,9,5,1,213.52,211.79666666666628,212.86666666666667,338.5
2023-08-05 10:00:00,338.5,10,5,1,225.73,259.2499999999996,233.54333333333332,329.71
2023-08-05 11:00:00,329.71,11,5,1,338.5,297.9799999999996,251.96833333333333,339.47
2023-08-05 12:00:00,339.47,12,5,1,329.71,335.893333333333,273.84499999999997,327.26
2023-08-05 13:00:00,327.26,13,5,1,339.47,332.1466666666663,295.6983333333333,342.76
2023-08-05 14:00:00,342.76,14,5,1,327.26,336.4966666666663,317.23833333333334,337.84
2023-08-05 15:00:00,337.84,15,5,1,342.76,335.9533333333329,335.92333333333335,332.82
2023-08-05 16:00:00,332.82,16,5,1,337.84,337.8066666666662,334.97666666666663,206.12
2023-08-05 17:00:00,206.12,17,5,1,332.82,292.2599999999996,314.37833333333333,216.31
2023-08-05 18:00:00,216.31,18,5,1,206.12,251.74999999999963,293.85166666666663,197.81
2023-08-05 19:00:00,197.81,19,5,1,216.31,206.7466666666663,272.27666666666664,204.6
2023-08-05 20:00:00,204.6,20,5,1,197.81,206.23999999999964,249.25,220.1
2023-08-05 21:00:00,220.1,21,5,1,204.6,207.50333333333296,229.62666666666667,214.85
2023-08-05 22:00:00,214.85,22,5,1,220.1,213.18333333333294,209.965,218.71
2023-08-05 23:00:00,218.71,23,5,1,214.85,217.8866666666663,212.0633333333333,195.33
2023-08-06 00:00:00,195.33,0,6,1,218.71,209.62999999999963,208.5666666666667,203.34
2023-08-06 01:00:00,203.34,1,6,1,195.33,205.79333333333295,209.48833333333334,201.2
2023-08-06 02:00:00,201.2,2,6,1,203.34,199.95666666666628,208.92166666666665,224.78
2023-08-06 03:00:00,224.78,3,6,1,201.2,209.77333333333294,209.70166666666668,208.74
2023-08-06 04:00:00,208.74,4,6,1,224.78,211.57333333333295,208.68333333333337,194.76
2023-08-06 05:00:00,194.76,5,6,1,208.74,209.42666666666628,204.6916666666667,211.81
2023-08-06 06:00:00,211.81,6,6,1,194.76,205.10333333333298,207.4383333333333,205.14
2023-08-06 07:00:00,205.14,7,6,1,211.81,203.90333333333297,207.73833333333334,193.45
2023-08-06 08:00:00,193.45,8,6,1,205.14,203.46666666666627,206.44666666666663,219.23
2023-08-06 09:00:00,219.23,9,6,1,193.45,205.9399999999996,205.52166666666665,342.1
2023-08-06 10:00:00,342.1,10,6,1,219.23,251.59333333333294,227.74833333333333,347.84
2023-08-06 11:00:00,347.84,11,6,1,342.1,303.05666666666633,253.26166666666666,329.81
2023-08-06 12:00:00,329.81,12,6,1,347.84,339.9166666666663,272.92833333333334,339.68
2023-08-06 13:00:00,339.68,13,6,1,329.81,339.1099999999996,295.35166666666663,331.76
2023-08-06 14:00:00,331.76,14,6,1,339.68,333.7499999999996,318.40333333333336,325.53
2023-08-06 15:00:00,325.53,15,6,1,331.76,332.323333333333,336.12,333.33
2023-08-06 16:00:00,333.33,16,6,1,325.53,330.20666666666625,334.6583333333333,197.42
2023-08-06 17:00:00,197.42,17,6,1,333.33,285.4266666666662,309.5883333333333,204.58
2023-08-06 18:00:00,204.58,18,6,1,197.42,245.10999999999964,288.71666666666664,209.96
2023-08-06 19:00:00,209.96,19,6,1,204.58,203.9866666666663,267.09666666666664,213.61
2023-08-06 20:00:00,213.61,20,6,1,209.96,209.38333333333298,247.405,207.92
2023-08-06 21:00:00,207.92,21,6,1,213.61,210.4966666666663,227.8033333333333,210.91
2023-08-06 22:00:00,210.91,22,6,1,207.92,210.81333333333293,207.4,194.63
2023-08-06 23:00:00,194.63,23,6,1,210.91,204.48666666666625,206.93499999999997,193.56
2023-08-07 00:00:00,193.56,0,0,0,194.63,199.69999999999962,205.09833333333336,187.21
2023-08-07 01:00:00,187.21,1,0,0,193.56,191.79999999999964,201.3066666666667,184.44
2023-08-07 02:00:00,184.44,2,0,0,187.21,188.40333333333297,196.44500000000002,194.98
2023-08-07 03:00:00,194.98,3,0,0,184.44,188.8766666666663,194.28833333333333,185.16
2023-08-07 04:00:00,185.16,4,0,0,194.98,188.19333333333293,189.99666666666667,197.69
2023-08-07 05:00:00,197.69,5,0,0,185.16,192.6099999999996,190.50666666666666,179.04
2023-08-07 06:00:00,179.04,6,0,0,197.69,187.29666666666628,188.08666666666667,552.46
2023-08-07 07:00:00,552.46,7,0,0,179.04,309.7299999999996,248.96166666666667,799.27
2023-08-07 08:00:00,799.27,8,0,0,552.46,510.25666666666626,351.43333333333334,987.22
2023-08-07 09:00:00,987.22,9,0,0,799.27,779.6499999999996,483.47333333333336,999.17
2023-08-07 10:00:00,999.17,10,0,0,987.22,928.553333333333,619.1416666666667,1090.83
2023-08-07 11:00:00,1090.83,11,0,0,999.17,1025.7399999999996,767.9983333333333,1108.68
2023-08-07 12:00:00,1108.68,12,0,0,1090.83,1066.2266666666665,922.9383333333334,830.98
2023-08-07 13:00:00,830.98,13,0,0,1108.68,1010.163333333333,969.3583333333332,899.63
2023-08-07 14:00:00,899.63,14,0,0,830.98,946.4299999999997,986.0849999999999,1046.09
2023-08-07 15:00:00,1046.09,15,0,0,899.63,925.5666666666663,995.8966666666666,1030.71
2023-08-07 16:00:00,1030.71,16,0,0,1046.09,992.1433333333331,1001.1533333333333,957.59
2023-08-07 17:00:00,957.59,17,0,0,1030.71,1011.463333333333,978.9466666666667,455.18
2023-08-07 18:00:00,455.18,18,0,0,957.59,814.4933333333332,870.0300000000001,377.14
2023-08-07 19:00:00,377.14,19,0,0,455.18,596.6366666666664,794.39,295.1
2023-08-07 20:00:00,295.1,20,0,0,377.14,375.80666666666644,693.6350000000001,171.47
2023-08-07 21:00:00,171.47,21,0,0,295.1,281.2366666666664,547.865,196.51
2023-08-07 22:00:00,196.51,22,0,0,171.47,221.02666666666644,408.8316666666667,180.2
2023-08-07 23:00:00,180.2,23,0,0,196.51,182.72666666666643,279.26666666666665,186.67
2023-08-08 00:00:00,186.67,0,1,0,180.2,187.79333333333307,234.51500000000001,190.86
2023-08-08 01:00:00,190.86,1,1,0,186.67,185.90999999999977,203.46833333333333,187.85
2023-08-08 02:00:00,187.85,2,1,0,190.86,188.45999999999978,185.59333333333333,196.07
2023-08-08 03:00:00,196.07,3,1,0,187.85,191.5933333333331,189.69333333333336,185.24
2023-08-08 04:00:00,185.24,4,1,0,196.07,189.71999999999977,187.81500000000003,197.68
2023-08-08 05:00:00,197.68,5,1,0,185.24,192.99666666666644,190.72833333333332,178.12
2023-08-08 06:00:00,178.12,6,1,0,197.68,187.01333333333312,189.3033333333333,556.76
2023-08-08 07:00:00,556.76,7,1,0,178.12,310.8533333333331,250.28666666666666,820.85
2023-08-08 08:00:00,820.85,8,1,0,556.76,518.5766666666665,355.7866666666667,949.83
2023-08-08 09:00:00,949.83,9,1,0,820.85,775.8133333333332,481.41333333333336,1075.18
2023-08-08 10:00:00,1075.18,10,1,0,949.83,948.6199999999998,629.7366666666667,1071.42
2023-08-08 11:00:00,1071.42,11,1,0,1075.18,1032.1433333333332,775.36,1095.69
2023-08-08 12:00:00,1095.69,12,1,0,1071.42,1080.763333333333,928.2883333333334,838.39
2023-08-08 13:00:00,838.39,13,1,0,1095.69,1001.833333333333,975.2266666666666,826.83
2023-08-08 14:00:00,826.83,14,1,0,838.39,920.303333333333,976.2233333333334,1011.34
2023-08-08 15:00:00,1011.34,15,1,0,826.83,892.1866666666664,986.475,1026.09
2023-08-08 16:00:00,1026.09,16,1,0,1011.34,954.7533333333331,978.2933333333334,981.96
2023-08-08 17:00:00,981.96,17,1,0,1026.09,1006.4633333333331,963.3833333333333,452.54
2023-08-08 18:00:00,452.54,18,1,0,981.96,820.1966666666664,856.1916666666666,370.31
2023-08-08 19:00:00,370.31,19,1,0,452.54,601.6033333333331,778.1783333333334,300.92
2023-08-08 20:00:00,300.92,20,1,0,370.31,374.58999999999975,690.5266666666666,197.51
2023-08-08 21:00:00,197.51,21,1,0,300.92,289.57999999999976,554.8883333333333,195.59
2023-08-08 22:00:00,195.59,22,1,0,197.51,231.33999999999978,416.47166666666664,192.5
2023-08-08 23:00:00,192.5,23,1,0,195.59,195.1999999999998,284.89500000000004,188.98
2023-08-09 00:00:00,188.98,0,2,0,192.5,192.35666666666643,240.96833333333333,184.94
2023-08-09 01:00:00,184.94,1,2,0,188.98,188.80666666666642,210.07333333333335,193.22
2023-08-09 02:00:00,193.22,2,2,0,184.94,189.04666666666643,192.12333333333333,200.0
2023-08-09 03:00:00,200.0,3,2,0,193.22,192.71999999999977,192.53833333333333,202.64
2023-08-09 04:00:00,202.64,4,2,0,200.0,198.61999999999978,193.71333333333334,180.08
2023-08-09 05:00:00,180.08,5,2,0,202.64,194.23999999999978,191.64333333333335,174.96
2023-08-09 06:00:00,174.96,6,2,0,180.08,185.8933333333331,189.30666666666664,529.7
2023-08-09 07:00:00,529.7,7,2,0,174.96,294.9133333333331,246.76666666666665,806.87
2023-08-09 08:00:00,806.87,8,2,0,529.7,503.8433333333331,349.0416666666667,999.96
2023-08-09 09:00:00,999.96,9,2,0,806.87,778.8433333333331,482.36833333333334,1014.91
2023-08-09 10:00:00,1014.91,10,2,0,999.96,940.5799999999998,617.7466666666667,1066.1
2023-08-09 11:00:00,1066.1,11,2,0,1014.91,1026.9899999999998,765.4166666666666,1118.36
2023-08-09 12:00:00,1118.36,12,2,0,1066.1,1066.4566666666663,922.65,841.29
2023-08-09 13:00:00,841.29,13,2,0,1118.36,1008.583333333333,974.5816666666666,862.82
2023-08-09 14:00:00,862.82,14,2,0,841.29,940.8233333333332,983.9066666666666,994.1
2023-08-09 15:00:00,994.1,15,2,0,862.82,899.4033333333331,982.9299999999998,969.33
2023-08-09 16:00:00,969.33,16,2,0,994.1,942.0833333333331,975.3333333333331,963.02
2023-08-09 17:00:00,963.02,17,2,0,969.33,975.4833333333331,958.1533333333333,490.48
2023-08-09 18:00:00,490.48,18,2,0,963.02,807.6099999999998,853.5066666666667,375.6
2023-08-09 19:00:00,375.6,19,2,0,490.48,609.6999999999998,775.8916666666668,297.09
2023-08-09 20:00:00,297.09,20,2,0,375.6,387.72333333333313,681.6033333333334,195.73
2023-08-09 21:00:00,195.73,21,2,0,297.09,289.4733333333331,548.5416666666667,188.41
2023-08-09 22:00:00,188.41,22,2,0,195.73,227.07666666666645,418.3883333333333,181.97
2023-08-09 23:00:00,181.97,23,2,0,188.41,188.70333333333312,288.2133333333333,199.35
2023-08-10 00:00:00,199.35,0,3,0,181.97,189.90999999999977,239.6916666666667,179.31
2023-08-10 01:00:00,179.31,1,3,0,199.35,186.87666666666644,206.97666666666666,177.01
2023-08-10 02:00:00,177.01,2,3,0,179.31,185.2233333333331,186.96333333333334,208.25
2023-08-10 03:00:00,208.25,3,3,0,177.01,188.18999999999974,189.04999999999998,197.17
2023-08-10 04:00:00,197.17,4,3,0,208.25,194.1433333333331,190.51,189.12
2023-08-10 05:00:00,189.12,5,3,0,197.17,198.17999999999975,191.70166666666668,191.56
2023-08-10 06:00:00,191.56,6,3,0,189.12,192.61666666666645,190.40333333333334,548.7
2023-08-10 07:00:00,548.7,7,3,0,191.56,309.7933333333331,251.96833333333333,800.68
2023-08-10 08:00:00,800.68,8,3,0,548.7,513.6466666666664,355.91333333333336,991.67
2023-08-10 09:00:00,991.67,9,3,0,800.68,780.3499999999998,486.48333333333335,1088.83
2023-08-10 10:00:00,1088.83,10,3,0,991.67,960.393333333333,635.0933333333334,1025.2
2023-08-10 11:00:00,1025.2,11,3,0,1088.83,1035.233333333333,774.44,1124.71
2023-08-10 12:00:00,1124.71,12,3,0,1025.2,1079.5799999999997,929.965,875.65
2023-08-10 13:00:00,875.65,13,3,0,1124.71,1008.5199999999996,984.4566666666666,855.5
2023-08-10 14:00:00,855.5,14,3,0,875.65,951.953333333333,993.5933333333332,1081.99
2023-08-10 15:00:00,1081.99,15,3,0,855.5,937.713333333333,1008.6466666666669,996.74
2023-08-10 16:00:00,996.74,16,3,0,1081.99,978.0766666666663,993.2983333333335,956.35
2023-08-10 17:00:00,956.35,17,3,0,996.74,1011.693333333333,981.8233333333333,449.08
2023-08-10 18:00:00,449.08,18,3,0,956.35,800.723333333333,869.2183333333332,380.18
2023-08-10 19:00:00,380.18,19,3,0,449.08,595.203333333333,786.64,282.91
2023-08-10 20:00:00,282.91,20,3,0,380.18,370.7233333333331,691.2083333333334,184.96
2023-08-10 21:00:00,184.96,21,3,0,282.91,282.68333333333305,541.7033333333334,205.44
2023-08-10 22:00:00,205.44,22,3,0,184.96,224.43666666666638,409.82,194.1
2023-08-10 23:00:00,194.1,23,3,0,205.44,194.83333333333303,282.7783333333333,195.43
2023-08-11 00:00:00,195.43,0,4,0,194.1,198.32333333333304,240.50333333333333,188.36
2023-08-11 01:00:00,188.36,1,4,0,195.43,192.62999999999974,208.5333333333334,180.05
2023-08-11 02:00:00,180.05,2,4,0,188.36,187.94666666666637,191.39000000000001,180.75
2023-08-11 03:00:00,180.75,3,4,0,180.05,183.05333333333306,190.68833333333336,199.49
2023-08-11 04:00:00,199.49,4,4,0,180.75,186.763333333333,189.6966666666667,191.57
2023-08-11 05:00:00,191.57,5,4,0,199.49,190.603333333333,189.275,191.55
2023-08-11 06:00:00,191.55,6,4,0,191.57,194.20333333333303,188.62833333333333,537.09
2023-08-11 07:00:00,537.09,7,4,0,191.55,306.7366666666664,246.75,819.88
2023-08-11 08:00:00,819.88,8,4,0,537.09,516.1733333333331,353.3883333333333,948.92
2023-08-11 09:00:00,948.92,9,4,0,819.88,768.6299999999997,481.4166666666667,991.84
2023-08-11 10:00:00,991.84,10,4,0,948.92,920.213333333333,613.475,1058.1
2023-08-11 11:00:00,1058.1,11,4,0,991.84,999.6199999999995,757.8966666666666,1156.53
2023-08-11 12:00:00,1156.53,12,4,0,1058.1,1068.8233333333328,918.7266666666666,856.89
2023-08-11 13:00:00,856.89,13,4,0,1156.53,1023.8399999999997,972.0266666666666,838.84
2023-08-11 14:00:00,838.84,14,4,0,856.89,950.7533333333331,975.1866666666666,993.43
2023-08-11 15:00:00,993.43,15,4,0,838.84,896.3866666666663,982.605,992.5
2023-08-11 16:00:00,992.5,16,4,0,993.43,941.5899999999997,982.715,958.3
2023-08-11 17:00:00,958.3,17,4,0,992.5,981.4099999999997,966.0816666666666,469.84
2023-08-11 18:00:00,469.84,18,4,0,958.3,806.8799999999997,851.6333333333333,363.5
2023-08-11 19:00:00,363.5,19,4,0,469.84,597.213333333333,769.4016666666666,287.44
2023-08-11 20:00:00,287.44,20,4,0,363.5,373.593333333333,677.5016666666667,188.59
2023-08-11 21:00:00,188.59,21,4,0,287.44,279.8433333333331,543.3616666666666,179.27
2023-08-11 22:00:00,179.27,22,4,0,188.59,218.43333333333302,407.82333333333327,192.51
2023-08-11 23:00:00,192.51,23,4,0,179.27,186.7899999999997,280.19166666666666,204.61
2023-08-12 00:00:00,204.61,0,5,1,192.51,192.12999999999968,235.98666666666668,208.74
2023-08-12 01:00:00,208.74,1,5,1,204.61,201.95333333333303,210.1933333333333,195.44
2023-08-12 02:00:00,195.44,2,5,1,208.74,202.9299999999997,194.86,199.72
2023-08-12 03:00:00,199.72,3,5,1,195.44,201.2999999999997,196.715,207.64
2023-08-12 04:00:00,207.64,4,5,1,199.72,200.93333333333302,201.44333333333336,191.34
2023-08-12 05:00:00,191.34,5,5,1,207.64,199.56666666666638,201.24833333333333,214.86
2023-08-12 06:00:00,214.86,6,5,1,191.34,204.613333333333,202.95666666666668,196.11
2023-08-12 07:00:00,196.11,7,5,1,214.86,200.76999999999967,200.8516666666667,206.0
2023-08-12 08:00:00,206.0,8,5,1,196.11,205.65666666666638,202.61166666666668,204.06
2023-08-12 09:00:00,204.06,9,5,1,206.0,202.0566666666664,203.335,343.4
2023-08-12 10:00:00,343.4,10,5,1,204.06,251.15333333333305,225.96166666666667,339.49
2023-08-12 11:00:00,339.49,11,5,1,343.4,295.6499999999997,250.6533333333333,337.04
2023-08-12 12:00:00,337.04,12,5,1,339.49,339.9766666666664,271.01666666666665,332.76
2023-08-12 13:00:00,332.76,13,5,1,337.04,336.42999999999967,293.7916666666667,346.12
2023-08-12 14:00:00,346.12,14,5,1,332.76,338.6399999999997,317.145,329.8
2023-08-12 15:00:00,329.8,15,5,1,346.12,336.2266666666664,338.10166666666663,342.85
2023-08-12 16:00:00,342.85,16,5,1,329.8,339.5899999999997,338.01000000000005,208.54
2023-08-12 17:00:00,208.54,17,5,1,342.85,293.72999999999973,316.185,200.88
2023-08-12 18:00:00,200.88,18,5,1,208.54,250.7566666666664,293.4916666666667,214.18
2023-08-12 19:00:00,214.18,19,5,1,200.88,207.86666666666636,273.72833333333335,217.4
2023-08-12 20:00:00,217.4,20,5,1,214.18,210.8199999999997,252.275,211.57
2023-08-12 21:00:00,211.57,21,5,1,217.4,214.38333333333307,232.57000000000002,204.76
2023-08-12 22:00:00,204.76,22,5,1,211.57,211.24333333333303,209.55499999999998,205.37
2023-08-12 23:00:00,205.37,23,5,1,204.76,207.23333333333304,209.02666666666664,213.16
2023-08-13 00:00:00,213.16,0,6,1,205.37,207.763333333333,211.07333333333335,207.77
2023-08-13 01:00:00,207.77,1,6,1,213.16,208.76666666666634,210.005,205.97
2023-08-13 02:00:00,205.97,2,6,1,207.77,208.96666666666636,208.1,202.5
2023-08-13 03:00:00,202.5,3,6,1,205.97,205.41333333333304,206.58833333333334,186.23
2023-08-13 04:00:00,186.23,4,6,1,202.5,198.23333333333304,203.5,197.15
2023-08-13 05:00:00,197.15,5,6,1,186.23,195.29333333333304,202.13,212.29
2023-08-13 06:00:00,212.29,6,6,1,197.15,198.55666666666636,201.985,200.37
2023-08-13 07:00:00,200.37,7,6,1,212.29,203.26999999999967,200.75166666666667,209.35
2023-08-13 08:00:00,209.35,8,6,1,200.37,207.33666666666636,201.31500000000003,200.51
2023-08-13 09:00:00,200.51,9,6,1,209.35,203.4099999999997,200.98333333333335,339.08
2023-08-13 10:00:00,339.08,10,6,1,200.51,249.64666666666633,226.45833333333334,319.94
2023-08-13 11:00:00,319.94,11,6,1,339.08,286.5099999999997,246.92333333333332,331.61
2023-08-13 12:00:00,331.61,12,6,1,319.94,330.20999999999964,266.81,327.68
2023-08-13 13:00:00,327.68,13,6,1,331.61,326.4099999999997,288.02833333333336,334.99
2023-08-13 14:00:00,334.99,14,6,1,327.68,331.42666666666634,308.9683333333333,342.5
2023-08-13 15:00:00,342.5,15,6,1,334.99,335.0566666666664,332.6333333333333,343.0
2023-08-13 16:00:00,343.0,16,6,1,342.5,340.163333333333,333.2866666666667,218.23
2023-08-13 17:00:00,218.23,17,6,1,343.0,301.24333333333306,316.335,210.67
2023-08-13 18:00:00,210.67,18,6,1,218.23,257.29999999999967,296.17833333333334,195.23
2023-08-13 19:00:00,195.23,19,6,1,210.67,208.04333333333304,274.1033333333333,202.29
2023-08-13 20:00:00,202.29,20,6,1,195.23,202.72999999999968,251.98666666666668,221.61
2023-08-13 21:00:00,221.61,21,6,1,202.29,206.37666666666635,231.83833333333334,212.43
2023-08-13 22:00:00,212.43,22,6,1,221.61,212.10999999999967,210.07666666666668,201.44
2023-08-13 23:00:00,201.44,23,6,1,212.43,211.82666666666637,207.27833333333334,194.05
2023-08-14 00:00:00,194.05,0,0,0,201.44,202.63999999999973,204.50833333333333,187.11
2023-08-14 01:00:00,187.11,1,0,0,194.05,194.1999999999997,203.155,178.55
2023-08-14 02:00:00,178.55,2,0,0,187.11,186.5699999999997,199.19833333333335,188.55
2023-08-14 03:00:00,188.55,3,0,0,178.55,184.73666666666637,193.68833333333336,188.33
2023-08-14 04:00:00,188.33,4,0,0,188.55,185.14333333333306,189.67166666666665,164.13
2023-08-14 05:00:00,164.13,5,0,0,188.33,180.33666666666636,183.45333333333335,185.24
2023-08-14 06:00:00,185.24,6,0,0,164.13,179.23333333333304,181.985,538.06
2023-08-14 07:00:00,538.06,7,0,0,185.24,295.80999999999966,240.47666666666666,819.08
2023-08-14 08:00:00,819.08,8,0,0,538.06,514.1266666666664,347.2316666666666,968.63
2023-08-14 09:00:00,968.63,9,0,0,819.08,775.2566666666663,477.24500000000006,1052.88
2023-08-14 10:00:00,1052.88,10,0,0,968.63,946.8633333333331,621.3366666666667,1093.32
2023-08-14 11:00:00,1093.32,11,0,0,1052.88,1038.2766666666664,776.2016666666667,1088.51
2023-08-14 12:00:00,1088.51,12,0,0,1093.32,1078.2366666666665,926.7466666666668,860.76
2023-08-14 13:00:00,860.76,13,0,0,1088.51,1014.1966666666664,980.5300000000001,856.46
2023-08-14 14:00:00,856.46,14,0,0,860.76,935.243333333333,986.7599999999999,1014.76
2023-08-14 15:00:00,1014.76,15,0,0,856.46,910.6599999999997,994.4483333333333,1002.98
2023-08-14 16:00:00,1002.98,16,0,0,1014.76,958.0666666666663,986.1316666666667,984.28
2023-08-14 17:00:00,984.28,17,0,0,1002.98,1000.6733333333331,967.9583333333334,481.28
2023-08-14 18:00:00,481.28,18,0,0,984.28,822.8466666666664,866.7533333333332,367.53
2023-08-14 19:00:00,367.53,19,0,0,481.28,611.0299999999996,784.5483333333335,281.94
2023-08-14 20:00:00,281.94,20,0,0,367.53,376.91666666666634,688.795,205.75
2023-08-14 21:00:00,205.75,21,0,0,281.94,285.07333333333304,553.9599999999999,199.78
2023-08-14 22:00:00,199.78,22,0,0,205.75,229.15666666666638,420.09333333333325,182.0
2023-08-14 23:00:00,182.0,23,0,0,199.78,195.84333333333302,286.38,252.31
2023-08-15 00:00:00,252.31,0,1,0,182.0,211.36333333333303,248.21833333333333,250.39
2023-08-15 01:00:00,250.39,1,1,0,252.31,228.23333333333304,228.69500000000002,251.86
2023-08-15 02:00:00,251.86,2,1,0,250.39,251.51999999999973,223.68166666666664,250.1
2023-08-15 03:00:00,250.1,3,1,0,251.86,250.783333333333,231.07333333333335,253.84
2023-08-15 04:00:00,253.84,4,1,0,250.1,251.93333333333302,240.08333333333334,252.59
2023-08-15 05:00:00,252.59,5,1,0,253.84,252.17666666666636,251.84833333333333,248.52
2023-08-15 06:00:00,248.52,6,1,0,252.59,251.64999999999972,251.21666666666667,247.23
2023-08-15 07:00:00,247.23,7,1,0,248.52,249.44666666666635,250.68999999999997,242.4
2023-08-15 08:00:00,242.4,8,1,0,247.23,246.0499999999997,249.11333333333334,287.6
2023-08-15 09:00:00,287.6,9,1,0,242.4,259.07666666666637,255.36333333333332,265.21
2023-08-15 10:00:00,265.21,10,1,0,287.6,265.0699999999997,257.2583333333333,256.54
2023-08-15 11:00:00,256.54,11,1,0,265.21,269.783333333333,257.9166666666667,277.03
2023-08-15 12:00:00,277.03,12,1,0,256.54,266.2599999999997,262.66833333333335,220.64
2023-08-15 13:00:00,220.64,13,1,0,277.03,251.403333333333,258.2366666666667,235.34
2023-08-15 14:00:00,235.34,14,1,0,220.64,244.33666666666636,257.06,219.09
2023-08-15 15:00:00,219.09,15,1,0,235.34,225.023333333333,245.64166666666665,234.12
2023-08-15 16:00:00,234.12,16,1,0,219.09,229.51666666666634,240.46,247.41
2023-08-15 17:00:00,247.41,17,1,0,234.12,233.5399999999997,238.9383333333333,252.43
2023-08-15 18:00:00,252.43,18,1,0,247.41,244.65333333333305,234.83833333333334,243.24
2023-08-15 19:00:00,243.24,19,1,0,252.43,247.69333333333304,238.60500000000002,248.26
2023-08-15 20:00:00,248.26,20,1,0,243.24,247.97666666666638,240.75833333333335,256.51
2023-08-15 21:00:00,256.51,21,1,0,248.26,249.33666666666636,246.99499999999998,244.85
2023-08-15 22:00:00,244.85,22,1,0,256.51,249.87333333333302,248.78333333333333,247.01
2023-08-15 23:00:00,247.01,23,1,0,244.85,249.45666666666637,248.71666666666667,177.11
2023-08-16 00:00:00,177.11,0,2,0,247.01,222.9899999999997,236.1633333333333,180.33
2023-08-16 01:00:00,180.33,1,2,0,177.11,201.48333333333304,225.6783333333333,181.39
2023-08-16 02:00:00,181.39,2,2,0,180.33,179.60999999999967,214.5333333333333,188.29
2023-08-16 03:00:00,188.29,3,2,0,181.39,183.33666666666636,203.16333333333333,189.91
2023-08-16 04:00:00,189.91,4,2,0,188.29,186.52999999999966,194.00666666666666,199.83
2023-08-16 05:00:00,199.83,5,2,0,189.91,192.67666666666636,186.14333333333332,184.2
2023-08-16 06:00:00,184.2,6,2,0,199.83,191.31333333333305,187.32500000000002,540.84
2023-08-16 07:00:00,540.84,7,2,0,184.2,308.28999999999974,247.41,807.47
2023-08-16 08:00:00,807.47,8,2,0,540.84,510.83666666666636,351.75666666666666,995.85
2023-08-16 09:00:00,995.85,9,2,0,807.47,781.3866666666663,486.34999999999997,1091.47
2023-08-16 10:00:00,1091.47,10,2,0,995.85,964.9299999999997,636.61,1085.12
2023-08-16 11:00:00,1085.12,11,2,0,1091.47,1057.4799999999996,784.1583333333334,1137.33
2023-08-16 12:00:00,1137.33,12,2,0,1085.12,1104.6399999999996,943.0133333333333,856.57
2023-08-16 13:00:00,856.57,13,2,0,1137.33,1026.3399999999997,995.6350000000001,812.73
2023-08-16 14:00:00,812.73,14,2,0,856.57,935.5433333333331,996.5116666666667,1048.13
2023-08-16 15:00:00,1048.13,15,2,0,812.73,905.8099999999998,1005.225,1029.15
2023-08-16 16:00:00,1029.15,16,2,0,1048.13,963.3366666666665,994.8383333333335,988.72
2023-08-16 17:00:00,988.72,17,2,0,1029.15,1021.9999999999997,978.7716666666666,461.31
2023-08-16 18:00:00,461.31,18,2,0,988.72,826.3933333333331,866.1016666666668,368.8
2023-08-16 19:00:00,368.8,19,2,0,461.31,606.2766666666663,784.8066666666667,300.96
2023-08-16 20:00:00,300.96,20,2,0,368.8,377.023333333333,699.5116666666668,203.75
2023-08-16 21:00:00,203.75,21,2,0,300.96,291.1699999999997,558.7816666666666,177.94
2023-08-16 22:00:00,177.94,22,2,0,203.75,227.5499999999997,416.91333333333336,191.09
2023-08-16 23:00:00,191.09,23,2,0,177.94,190.92666666666636,283.97499999999997,183.48
2023-08-17 00:00:00,183.48,0,3,0,191.09,184.1699999999997,237.67,175.22
2023-08-17 01:00:00,175.22,1,3,0,183.48,183.263333333333,205.40666666666664,195.8
2023-08-17 02:00:00,195.8,2,3,0,175.22,184.83333333333303,187.88,189.91
2023-08-17 03:00:00,189.91,3,3,0,195.8,186.97666666666638,185.57333333333335,176.05
2023-08-17 04:00:00,176.05,4,3,0,189.91,187.25333333333302,185.25833333333333,198.34
2023-08-17 05:00:00,198.34,5,3,0,176.05,188.0999999999997,186.46666666666667,190.2
2023-08-17 06:00:00,190.2,6,3,0,198.34,188.19666666666637,187.58666666666667,559.01
2023-08-17 07:00:00,559.01,7,3,0,190.2,315.8499999999997,251.55166666666665,809.43
2023-08-17 08:00:00,809.43,8,3,0,559.01,519.5466666666663,353.8233333333333,973.63
2023-08-17 09:00:00,973.63,9,3,0,809.43,780.6899999999996,484.4433333333333,1092.42
2023-08-17 10:00:00,1092.42,10,3,0,973.63,958.493333333333,637.1716666666666,1055.82
2023-08-17 11:00:00,1055.82,11,3,0,1092.42,1040.623333333333,780.085,1093.01
2023-08-17 12:00:00,1093.01,12,3,0,1055.82,1080.4166666666663,930.5533333333333,839.18
2023-08-17 13:00:00,839.18,13,3,0,1093.01,996.003333333333,977.2483333333333,842.24
2023-08-17 14:00:00,842.24,14,3,0,839.18,924.8099999999996,982.7166666666666,1026.79
2023-08-17 15:00:00,1026.79,15,3,0,842.24,902.7366666666663,991.5766666666665,968.58
2023-08-17 16:00:00,968.58,16,3,0,1026.79,945.8699999999998,970.9366666666666,961.88
2023-08-17 17:00:00,961.88,17,3,0,968.58,985.7499999999997,955.2800000000001,445.73
2023-08-17 18:00:00,445.73,18,3,0,961.88,792.0633333333329,847.4,376.2
2023-08-17 19:00:00,376.2,19,3,0,445.73,594.603333333333,770.2366666666667,286.14
2023-08-17 20:00:00,286.14,20,3,0,376.2,369.3566666666663,677.5533333333334,186.42
2023-08-17 21:00:00,186.42,21,3,0,286.14,282.9199999999996,537.4916666666667,187.11
2023-08-17 22:00:00,187.11,22,3,0,186.42,219.88999999999962,407.24666666666667,196.6
2023-08-17 23:00:00,196.6,23,3,0,187.11,190.04333333333295,279.7,188.85
2023-08-18 00:00:00,188.85,0,4,0,196.6,190.85333333333298,236.88666666666666,180.93
2023-08-18 01:00:00,180.93,1,4,0,188.85,188.79333333333295,204.34166666666667,189.77
2023-08-18 02:00:00,189.77,2,4,0,180.93,186.51666666666628,188.28,193.94
2023-08-18 03:00:00,193.94,3,4,0,189.77,188.21333333333294,189.53333333333333,186.81
2023-08-18 04:00:00,186.81,4,4,0,193.94,190.17333333333295,189.48333333333335,194.56
2023-08-18 05:00:00,194.56,5,4,0,186.81,191.7699999999996,189.14333333333335,176.38
2023-08-18 06:00:00,176.38,6,4,0,194.56,185.9166666666663,187.06500000000003,535.19
2023-08-18 07:00:00,535.19,7,4,0,176.38,302.043333333333,246.10833333333335,803.08
2023-08-18 08:00:00,803.08,8,4,0,535.19,504.88333333333304,348.32666666666665,999.3
2023-08-18 09:00:00,999.3,9,4,0,803.08,779.1899999999996,482.55333333333334,992.87
2023-08-18 10:00:00,992.87,10,4,0,999.3,931.7499999999997,616.8966666666666,1057.03
2023-08-18 11:00:00,1057.03,11,4,0,992.87,1016.3999999999996,760.6416666666668,1139.0
2023-08-18 12:00:00,1139.0,12,4,0,1057.03,1062.9666666666662,921.0783333333334,890.32
2023-08-18 13:00:00,890.32,13,4,0,1139.0,1028.783333333333,980.2666666666668,847.64
2023-08-18 14:00:00,847.64,14,4,0,890.32,958.9866666666663,987.6933333333333,1034.58
2023-08-18 15:00:00,1034.58,15,4,0,847.64,924.1799999999997,993.5733333333334,982.25
2023-08-18 16:00:00,982.25,16,4,0,1034.58,954.8233333333328,991.8033333333333,1015.93
2023-08-18 17:00:00,1015.93,17,4,0,982.25,1010.9199999999996,984.9533333333333,450.45
2023-08-18 18:00:00,450.45,18,4,0,1015.93,816.2099999999996,870.195,361.83
2023-08-18 19:00:00,361.83,19,4,0,450.45,609.4033333333329,782.1133333333333,288.48
2023-08-18 20:00:00,288.48,20,4,0,361.83,366.9199999999996,688.92,180.18
2023-08-18 21:00:00,180.18,21,4,0,288.48,276.82999999999964,546.52,194.72
2023-08-18 22:00:00,194.72,22,4,0,180.18,221.1266666666663,415.26499999999993,214.6
2023-08-18 23:00:00,214.6,23,4,0,194.72,196.49999999999963,281.71,193.63
2023-08-19 00:00:00,193.63,0,5,1,214.6,200.98333333333298,238.90666666666667,208.34
2023-08-19 01:00:00,208.34,1,5,1,193.63,205.52333333333294,213.32500000000002,197.2
2023-08-19 02:00:00,197.2,2,5,1,208.34,199.72333333333293,198.11166666666668,199.1
2023-08-19 03:00:00,199.1,3,5,1,197.2,201.54666666666628,201.265,211.36
2023-08-19 04:00:00,211.36,4,5,1,199.1,202.55333333333294,204.03833333333333,196.22
2023-08-19 05:00:00,196.22,5,5,1,211.36,202.22666666666632,200.975,205.93
2023-08-19 06:00:00,205.93,6,5,1,196.22,204.50333333333296,203.025,213.77
2023-08-19 07:00:00,213.77,7,5,1,205.93,205.3066666666663,203.92999999999998,191.36
2023-08-19 08:00:00,191.36,8,5,1,213.77,203.68666666666627,202.95666666666668,193.98
2023-08-19 09:00:00,193.98,9,5,1,191.36,199.70333333333295,202.10333333333335,333.22
2023-08-19 10:00:00,333.22,10,5,1,193.98,239.5199999999996,222.41333333333333,334.13
2023-08-19 11:00:00,334.13,11,5,1,333.22,287.1099999999996,245.3983333333333,328.25
2023-08-19 12:00:00,328.25,12,5,1,334.13,331.8666666666663,265.785,334.98
2023-08-19 13:00:00,334.98,13,5,1,328.25,332.4533333333329,285.9866666666667,331.33
2023-08-19 14:00:00,331.33,14,5,1,334.98,331.5199999999996,309.315,330.16
2023-08-19 15:00:00,330.16,15,5,1,331.33,332.1566666666663,332.0116666666667,351.35
2023-08-19 16:00:00,351.35,16,5,1,330.16,337.61333333333295,335.03333333333336,198.87
2023-08-19 17:00:00,198.87,17,5,1,351.35,293.45999999999964,312.49,214.55
2023-08-19 18:00:00,214.55,18,5,1,198.87,254.92333333333295,293.54,197.5
2023-08-19 19:00:00,197.5,19,5,1,214.55,203.63999999999962,270.6266666666667,194.37
2023-08-19 20:00:00,194.37,20,5,1,197.5,202.13999999999962,247.79999999999998,200.4
2023-08-19 21:00:00,200.4,21,5,1,194.37,197.42333333333295,226.17333333333332,208.48
2023-08-19 22:00:00,208.48,22,5,1,200.4,201.08333333333294,202.36166666666668,216.45
2023-08-19 23:00:00,216.45,23,5,1,208.48,208.44333333333293,205.29166666666666,185.64
2023-08-20 00:00:00,185.64,0,6,1,216.45,203.52333333333294,200.47333333333336,207.01
2023-08-20 01:00:00,207.01,1,6,1,185.64,203.03333333333293,202.0583333333333,210.07
2023-08-20 02:00:00,210.07,2,6,1,207.01,200.90666666666627,204.67499999999998,205.0
2023-08-20 03:00:00,205.0,3,6,1,210.07,207.3599999999996,205.4416666666667,218.83
2023-08-20 04:00:00,218.83,4,6,1,205.0,211.2999999999996,207.16666666666666,190.97
2023-08-20 05:00:00,190.97,5,6,1,218.83,204.93333333333294,202.92,203.09
2023-08-20 06:00:00,203.09,6,6,1,190.97,204.29666666666628,205.82833333333335,183.52
2023-08-20 07:00:00,183.52,7,6,1,203.09,192.52666666666627,201.91333333333333,205.03
2023-08-20 08:00:00,205.03,8,6,1,183.52,197.21333333333294,201.07333333333335,196.91
2023-08-20 09:00:00,196.91,9,6,1,205.03,195.15333333333294,199.725,349.65
2023-08-20 10:00:00,349.65,10,6,1,196.91,250.5299999999996,221.52833333333334,336.23
2023-08-20 11:00:00,336.23,11,6,1,349.65,294.2633333333329,245.73833333333334,321.31
2023-08-20 12:00:00,321.31,12,6,1,336.23,335.72999999999956,265.44166666666666,353.64
2023-08-20 13:00:00,353.64,13,6,1,321.31,337.05999999999966,293.795,345.84
2023-08-20 14:00:00,345.84,14,6,1,353.64,340.2633333333329,317.2633333333333,354.83
2023-08-20 15:00:00,354.83,15,6,1,345.84,351.43666666666627,343.5833333333333,340.81
2023-08-20 16:00:00,340.81,16,6,1,354.83,347.15999999999957,342.10999999999996,193.69
2023-08-20 17:00:00,193.69,17,6,1,340.81,296.44333333333293,318.3533333333333,198.74
2023-08-20 18:00:00,198.74,18,6,1,193.69,244.41333333333296,297.925,199.02
2023-08-20 19:00:00,199.02,19,6,1,198.74,197.1499999999996,272.155,201.22
2023-08-20 20:00:00,201.22,20,6,1,199.02,199.65999999999963,248.05166666666665,195.25
2023-08-20 21:00:00,195.25,21,6,1,201.22,198.4966666666663,221.455,216.21
2023-08-20 22:00:00,216.21,22,6,1,195.25,204.22666666666626,200.68833333333336,212.79
2023-08-20 23:00:00,212.79,23,6,1,216.21,208.08333333333294,203.87166666666667,192.43
2023-08-21 00:00:00,192.43,0,0,0,212.79,207.14333333333295,202.82000000000002,189.07
2023-08-21 01:00:00,189.07,1,0,0,192.43,198.09666666666627,201.16166666666666,192.02
2023-08-21 02:00:00,192.02,2,0,0,189.07,191.17333333333295,199.62833333333333,170.31
2023-08-21 03:00:00,170.31,3,0,0,192.02,183.7999999999996,195.47166666666666,188.12
2023-08-21 04:00:00,188.12,4,0,0,170.31,183.48333333333292,190.79,188.71
2023-08-21 05:00:00,188.71,5,0,0,188.12,182.37999999999963,186.77666666666667,184.92
2023-08-21 06:00:00,184.92,6,0,0,188.71,187.24999999999957,185.52499999999998,549.28
2023-08-21 07:00:00,549.28,7,0,0,184.92,307.63666666666626,245.56000000000003,806.09
2023-08-21 08:00:00,806.09,8,0,0,549.28,513.4299999999995,347.90500000000003,963.63
2023-08-21 09:00:00,963.63,9,0,0,806.09,772.9999999999997,480.125,1033.53
2023-08-21 10:00:00,1033.53,10,0,0,963.63,934.4166666666662,621.0266666666668,1087.81
2023-08-21 11:00:00,1087.81,11,0,0,1033.53,1028.3233333333328,770.8766666666667,1109.13
2023-08-21 12:00:00,1109.13,12,0,0,1087.81,1076.8233333333328,924.9116666666667,870.67
2023-08-21 13:00:00,870.67,13,0,0,1109.13,1022.5366666666663,978.4766666666668,853.2
2023-08-21 14:00:00,853.2,14,0,0,870.67,944.333333333333,986.3283333333334,1016.57
2023-08-21 15:00:00,1016.57,15,0,0,853.2,913.4799999999996,995.1516666666666,1048.47
2023-08-21 16:00:00,1048.47,16,0,0,1016.57,972.7466666666663,997.6416666666665,985.8
2023-08-21 17:00:00,985.8,17,0,0,1048.47,1016.9466666666664,980.64,490.55
2023-08-21 18:00:00,490.55,18,0,0,985.8,841.6066666666662,877.5433333333334,373.51
2023-08-21 19:00:00,373.51,19,0,0,490.55,616.6199999999995,794.6833333333334,283.97
2023-08-21 20:00:00,283.97,20,0,0,373.51,382.6766666666663,699.8116666666666,194.81
2023-08-21 21:00:00,194.81,21,0,0,283.97,284.0966666666663,562.8516666666667,189.54
2023-08-21 22:00:00,189.54,22,0,0,194.81,222.77333333333297,419.6966666666667,190.95
2023-08-21 23:00:00,190.95,23,0,0,189.54,191.76666666666628,287.22166666666664,183.95
2023-08-22 00:00:00,183.95,0,1,0,190.95,188.14666666666628,236.12166666666667,188.63
2023-08-22 01:00:00,188.63,1,1,0,183.95,187.84333333333294,205.30833333333337,186.02
2023-08-22 02:00:00,186.02,2,1,0,188.63,186.1999999999996,188.98333333333335,190.14
2023-08-22 03:00:00,190.14,3,1,0,186.02,188.26333333333295,188.205,200.04
2023-08-22 04:00:00,200.04,4,1,0,190.14,192.0666666666663,189.955,198.18
2023-08-22 05:00:00,198.18,5,1,0,200.04,196.11999999999964,191.16,206.17
2023-08-22 06:00:00,206.17,6,1,0,198.18,201.46333333333294,194.86333333333334,553.77
2023-08-22 07:00:00,553.77,7,1,0,206.17,319.37333333333294,255.72000000000003,805.61
2023-08-22 08:00:00,805.61,8,1,0,553.77,521.8499999999996,358.98499999999996,963.82
2023-08-22 09:00:00,963.82,9,1,0,805.61,774.3999999999996,487.9316666666667,1035.87
2023-08-22 10:00:00,1035.87,10,1,0,963.82,935.0999999999996,627.2366666666667,1028.97
2023-08-22 11:00:00,1028.97,11,1,0,1035.87,1009.553333333333,765.7016666666667,1143.8
2023-08-22 12:00:00,1143.8,12,1,0,1028.97,1069.5466666666662,921.9733333333334,842.26
2023-08-22 13:00:00,842.26,13,1,0,1143.8,1005.0099999999996,970.055,809.36
2023-08-22 14:00:00,809.36,14,1,0,842.26,931.8066666666663,970.68,1005.51
2023-08-22 15:00:00,1005.51,15,1,0,809.36,885.7099999999996,977.6283333333334,1007.11
2023-08-22 16:00:00,1007.11,16,1,0,1005.51,940.6599999999995,972.835,992.21
2023-08-22 17:00:00,992.21,17,1,0,1007.11,1001.6099999999997,966.7083333333334,476.01
2023-08-22 18:00:00,476.01,18,1,0,992.21,825.1099999999997,855.41,375.01
2023-08-22 19:00:00,375.01,19,1,0,476.01,614.4099999999996,777.5350000000002,297.3
2023-08-22 20:00:00,297.3,20,1,0,375.01,382.7733333333329,692.1916666666667,186.85
2023-08-22 21:00:00,186.85,21,1,0,297.3,286.38666666666626,555.7483333333333,185.89
2023-08-22 22:00:00,185.89,22,1,0,186.85,223.34666666666627,418.8783333333334,176.18
2023-08-22 23:00:00,176.18,23,1,0,185.89,182.97333333333293,282.8733333333334,186.93
2023-08-23 00:00:00,186.93,0,2,0,176.18,182.99999999999963,234.69333333333338,194.96
2023-08-23 01:00:00,194.96,1,2,0,186.93,186.02333333333294,204.68500000000003,187.56
2023-08-23 02:00:00,187.56,2,2,0,194.96,189.8166666666663,186.39500000000007,197.91
2023-08-23 03:00:00,197.91,3,2,0,187.56,193.47666666666626,188.23833333333337,196.41
2023-08-23 04:00:00,196.41,4,2,0,197.91,193.9599999999996,189.9916666666667,193.24
2023-08-23 05:00:00,193.24,5,2,0,196.41,195.85333333333293,192.83500000000004,175.0
2023-08-23 06:00:00,175.0,6,2,0,193.24,188.21666666666633,190.84666666666672,540.91
2023-08-23 07:00:00,540.91,7,2,0,175.0,303.04999999999956,248.50500000000002,806.93
2023-08-23 08:00:00,806.93,8,2,0,540.91,507.61333333333295,351.73333333333335,972.17
2023-08-23 09:00:00,972.17,9,2,0,806.93,773.3366666666661,480.77666666666664,1037.17
2023-08-23 10:00:00,1037.17,10,2,0,972.17,938.7566666666662,620.9033333333333,1089.57
2023-08-23 11:00:00,1089.57,11,2,0,1037.17,1032.9699999999996,770.2916666666666,1092.76
2023-08-23 12:00:00,1092.76,12,2,0,1089.57,1073.1666666666663,923.2516666666667,854.84
2023-08-23 13:00:00,854.84,13,2,0,1092.76,1012.3899999999995,975.5733333333334,836.98
2023-08-23 14:00:00,836.98,14,2,0,854.84,928.1933333333328,980.5816666666666,1053.49
2023-08-23 15:00:00,1053.49,15,2,0,836.98,915.1033333333329,994.1349999999999,993.61
2023-08-23 16:00:00,993.61,16,2,0,1053.49,961.3599999999996,986.875,891.51
2023-08-23 17:00:00,891.51,17,2,0,993.61,979.5366666666663,953.8650000000001,472.92
2023-08-23 18:00:00,472.92,18,2,0,891.51,786.013333333333,850.5583333333334,380.65
2023-08-23 19:00:00,380.65,19,2,0,472.92,581.6933333333329,771.5266666666668,298.56
2023-08-23 20:00:00,298.56,20,2,0,380.65,384.0433333333329,681.7900000000001,196.29
2023-08-23 21:00:00,196.29,21,2,0,298.56,291.8333333333329,538.9233333333334,186.51
2023-08-23 22:00:00,186.51,22,2,0,196.29,227.11999999999964,404.40666666666675,183.35
2023-08-23 23:00:00,183.35,23,2,0,186.51,188.71666666666627,286.3800000000001,179.81
2023-08-24 00:00:00,179.81,0,3,0,183.35,183.223333333333,237.52833333333342,194.84
2023-08-24 01:00:00,194.84,1,3,0,179.81,185.99999999999963,206.56000000000006,189.93
2023-08-24 02:00:00,189.93,2,3,0,194.84,188.19333333333296,188.45500000000007,177.38
2023-08-24 03:00:00,177.38,3,3,0,189.93,187.38333333333296,185.3033333333334,192.35
2023-08-24 04:00:00,192.35,4,3,0,177.38,186.55333333333294,186.27666666666676,205.36
2023-08-24 05:00:00,205.36,5,3,0,192.35,191.6966666666663,189.94500000000008,186.35
2023-08-24 06:00:00,186.35,6,3,0,205.36,194.6866666666663,191.03500000000008,556.02
2023-08-24 07:00:00,556.02,7,3,0,186.35,315.9099999999996,251.2316666666667,810.12
2023-08-24 08:00:00,810.12,8,3,0,556.02,517.4966666666663,354.59666666666675,965.77
2023-08-24 09:00:00,965.77,9,3,0,810.12,777.303333333333,485.99500000000006,1037.33
2023-08-24 10:00:00,1037.33,10,3,0,965.77,937.7399999999997,626.8250000000002,1050.42
2023-08-24 11:00:00,1050.42,11,3,0,1037.33,1017.8399999999996,767.6683333333334,1097.13
2023-08-24 12:00:00,1097.13,12,3,0,1050.42,1061.6266666666663,919.465,894.13
2023-08-24 13:00:00,894.13,13,3,0,1097.13,1013.893333333333,975.8166666666667,808.09
2023-08-24 14:00:00,808.09,14,3,0,894.13,933.1166666666663,975.4783333333335,1085.62
2023-08-24 15:00:00,1085.62,15,3,0,808.09,929.2799999999996,995.4533333333334,999.01
2023-08-24 16:00:00,999.01,16,3,0,1085.62,964.2399999999994,989.0666666666667,982.44
2023-08-24 17:00:00,982.44,17,3,0,999.01,1022.3566666666662,977.7366666666667,460.84
2023-08-24 18:00:00,460.84,18,3,0,982.44,814.0966666666664,871.6883333333334,377.94
2023-08-24 19:00:00,377.94,19,3,0,460.84,607.0733333333329,785.6566666666668,285.44
2023-08-24 20:00:00,285.44,20,3,0,377.94,374.7399999999996,698.5483333333333,191.53
2023-08-24 21:00:00,191.53,21,3,0,285.44,284.96999999999963,549.5333333333334,192.83
2023-08-24 22:00:00,192.83,22,3,0,191.53,223.26666666666628,415.17000000000013,196.9
2023-08-24 23:00:00,196.9,23,3,0,192.83,193.75333333333296,284.2466666666667,189.42
2023-08-25 00:00:00,189.42,0,4,0,196.9,193.04999999999964,239.01000000000008,182.26
2023-08-25 01:00:00,182.26,1,4,0,189.42,189.52666666666627,206.39666666666676,184.18
2023-08-25 02:00:00,184.18,2,4,0,182.26,185.2866666666663,189.52000000000007,191.48
2023-08-25 03:00:00,191.48,3,4,0,184.18,185.97333333333293,189.51166666666674,197.37
2023-08-25 04:00:00,197.37,4,4,0,191.48,191.00999999999962,190.26833333333343,193.18
2023-08-25 05:00:00,193.18,5,4,0,197.37,194.00999999999962,189.6483333333334,193.96
2023-08-25 06:00:00,193.96,6,4,0,193.18,194.83666666666628,190.4050000000001,564.02
2023-08-25 07:00:00,564.02,7,4,0,193.96,317.05333333333294,254.03166666666675,799.61
2023-08-25 08:00:00,799.61,8,4,0,564.02,519.1966666666663,356.6033333333334,968.31
2023-08-25 09:00:00,968.31,9,4,0,799.61,777.3133333333329,486.07500000000005,1043.56
2023-08-25 10:00:00,1043.56,10,4,0,968.31,937.1599999999995,627.1066666666667,1023.89
2023-08-25 11:00:00,1023.89,11,4,0,1043.56,1011.9199999999995,765.5583333333334,1088.0
2023-08-25 12:00:00,1088.0,12,4,0,1023.89,1051.8166666666662,914.565,900.32
2023-08-25 13:00:00,900.32,13,4,0,1088.0,1004.0699999999996,970.6149999999999,851.25
2023-08-25 14:00:00,851.25,14,4,0,900.32,946.523333333333,979.2216666666667,1032.57
2023-08-25 15:00:00,1032.57,15,4,0,851.25,928.0466666666662,989.9316666666667,971.87
2023-08-25 16:00:00,971.87,16,4,0,1032.57,951.8966666666661,977.9833333333335,1008.96
2023-08-25 17:00:00,1008.96,17,4,0,971.87,1004.4666666666661,975.495,467.2
2023-08-25 18:00:00,467.2,18,4,0,1008.96,816.0099999999996,872.0283333333335,369.78
2023-08-25 19:00:00,369.78,19,4,0,467.2,615.3133333333329,783.605,293.63
2023-08-25 20:00:00,293.63,20,4,0,369.78,376.8699999999995,690.6683333333334,193.42
2023-08-25 21:00:00,193.42,21,4,0,293.63,285.6099999999995,550.8100000000001,187.05
2023-08-25 22:00:00,187.05,22,4,0,193.42,224.69999999999956,420.0066666666667,174.74
2023-08-25 23:00:00,174.74,23,4,0,187.05,185.06999999999957,280.9700000000001,213.51
2023-08-26 00:00:00,213.51,0,5,1,174.74,191.76666666666623,238.68833333333342,200.3
2023-08-26 01:00:00,200.3,1,5,1,213.51,196.18333333333285,210.44166666666675,210.12
2023-08-26 02:00:00,210.12,2,5,1,200.3,207.9766666666662,196.5233333333334,208.23
2023-08-26 03:00:00,208.23,3,5,1,210.12,206.2166666666662,198.99166666666676,207.76
2023-08-26 04:00:00,207.76,4,5,1,208.23,208.7033333333329,202.4433333333334,215.86
2023-08-26 05:00:00,215.86,5,5,1,207.76,210.61666666666622,209.29666666666674,219.13
2023-08-26 06:00:00,219.13,6,5,1,215.86,214.24999999999955,210.23333333333343,212.55
2023-08-26 07:00:00,212.55,7,5,1,219.13,215.8466666666662,212.2750000000001,204.1
2023-08-26 08:00:00,204.1,8,5,1,212.55,211.9266666666662,211.27166666666673,203.69
2023-08-26 09:00:00,203.69,9,5,1,204.1,206.77999999999955,210.51500000000007,332.4
2023-08-26 10:00:00,332.4,10,5,1,203.69,246.72999999999956,231.2883333333334,334.48
2023-08-26 11:00:00,334.48,11,5,1,332.4,290.18999999999954,251.0583333333334,348.71
2023-08-26 12:00:00,348.71,12,5,1,334.48,338.5299999999996,272.65500000000003,327.09
2023-08-26 13:00:00,327.09,13,5,1,348.71,336.75999999999954,291.74500000000006,335.4
2023-08-26 14:00:00,335.4,14,5,1,327.09,337.0666666666662,313.6283333333334,329.51
2023-08-26 15:00:00,329.51,15,5,1,335.4,330.66666666666623,334.5983333333334,334.68
2023-08-26 16:00:00,334.68,16,5,1,329.51,333.1966666666662,334.9783333333334,203.98
2023-08-26 17:00:00,203.98,17,5,1,334.68,289.3899999999996,313.2283333333334,191.32
2023-08-26 18:00:00,191.32,18,5,1,203.98,243.32666666666623,286.9966666666667,220.98
2023-08-26 19:00:00,220.98,19,5,1,191.32,205.4266666666662,269.3116666666667,194.06
2023-08-26 20:00:00,194.06,20,5,1,220.98,202.11999999999955,245.75500000000008,208.24
2023-08-26 21:00:00,208.24,21,5,1,194.06,207.75999999999956,225.5433333333334,196.38
2023-08-26 22:00:00,196.38,22,5,1,208.24,199.55999999999958,202.49333333333342,203.51
2023-08-26 23:00:00,203.51,23,5,1,196.38,202.70999999999958,202.41500000000008,211.92
2023-08-27 00:00:00,211.92,0,6,1,203.51,203.93666666666624,205.8483333333334,214.23
2023-08-27 01:00:00,214.23,1,6,1,211.92,209.88666666666623,204.7233333333334,204.11
2023-08-27 02:00:00,204.11,2,6,1,214.23,210.08666666666622,206.3983333333334,207.42
2023-08-27 03:00:00,207.42,3,6,1,204.11,208.58666666666625,206.26166666666674,202.97
2023-08-27 04:00:00,202.97,4,6,1,207.42,204.8333333333329,207.3600000000001,199.75
2023-08-27 05:00:00,199.75,5,6,1,202.97,203.37999999999957,206.73333333333343,191.49
2023-08-27 06:00:00,191.49,6,6,1,199.75,198.06999999999957,203.3283333333334,209.54
2023-08-27 07:00:00,209.54,7,6,1,191.49,200.25999999999956,202.54666666666674,220.83
2023-08-27 08:00:00,220.83,8,6,1,209.54,207.28666666666626,205.3333333333334,204.27
2023-08-27 09:00:00,204.27,9,6,1,220.83,211.54666666666625,204.8083333333334,328.16
2023-08-27 10:00:00,328.16,10,6,1,204.27,251.08666666666625,225.67333333333343,330.24
2023-08-27 11:00:00,330.24,11,6,1,328.16,287.5566666666662,247.42166666666674,343.75
2023-08-27 12:00:00,343.75,12,6,1,330.24,334.04999999999956,272.7983333333334,345.81
2023-08-27 13:00:00,345.81,13,6,1,343.75,339.9333333333329,295.51000000000005,349.41
2023-08-27 14:00:00,349.41,14,6,1,345.81,346.32333333333287,316.9400000000001,344.48
2023-08-27 15:00:00,344.48,15,6,1,349.41,346.5666666666662,340.30833333333345,344.74
2023-08-27 16:00:00,344.74,16,6,1,344.48,346.2099999999996,343.0716666666667,204.52
2023-08-27 17:00:00,204.52,17,6,1,344.74,297.9133333333329,322.1183333333334,202.23
2023-08-27 18:00:00,202.23,18,6,1,204.52,250.49666666666621,298.53166666666675,201.42
2023-08-27 19:00:00,201.42,19,6,1,202.23,202.72333333333287,274.46666666666675,204.76
2023-08-27 20:00:00,204.76,20,6,1,201.42,202.80333333333286,250.35833333333343,193.51
2023-08-27 21:00:00,193.51,21,6,1,204.76,199.8966666666662,225.19666666666674,210.44
2023-08-27 22:00:00,210.44,22,6,1,193.51,202.90333333333288,202.8133333333334,212.96
2023-08-27 23:00:00,212.96,23,6,1,210.44,205.63666666666623,204.22000000000006,173.87
2023-08-28 00:00:00,173.87,0,0,0,212.96,199.08999999999955,199.49333333333342,184.26
2023-08-28 01:00:00,184.26,1,0,0,173.87,190.36333333333286,196.6333333333334,184.58
2023-08-28 02:00:00,184.58,2,0,0,184.26,180.90333333333288,193.2700000000001,183.83
2023-08-28 03:00:00,183.83,3,0,0,184.58,184.2233333333329,191.65666666666675,183.65
2023-08-28 04:00:00,183.65,4,0,0,183.83,184.01999999999956,187.19166666666675,196.28
2023-08-28 05:00:00,196.28,5,0,0,183.65,187.91999999999953,184.41166666666675,189.72
2023-08-28 06:00:00,189.72,6,0,0,196.28,189.88333333333287,187.05333333333343,545.81
2023-08-28 07:00:00,545.81,7,0,0,189.72,310.60333333333284,247.31166666666672,797.9
2023-08-28 08:00:00,797.9,8,0,0,545.81,511.1433333333328,349.53166666666675,994.14
2023-08-28 09:00:00,994.14,9,0,0,797.9,779.2833333333328,484.5833333333334,1083.65
2023-08-28 10:00:00,1083.65,10,0,0,994.14,958.5633333333329,634.5833333333334,1055.72
2023-08-28 11:00:00,1055.72,11,0,0,1083.65,1044.5033333333329,777.8233333333334,1074.89
2023-08-28 12:00:00,1074.89,12,0,0,1055.72,1071.4199999999996,925.3516666666668,809.95
2023-08-28 13:00:00,809.95,13,0,0,1074.89,980.1866666666662,969.3750000000001,845.51
2023-08-28 14:00:00,845.51,14,0,0,809.95,910.1166666666662,977.3100000000001,1023.6
2023-08-28 15:00:00,1023.6,15,0,0,845.51,893.0199999999995,982.2200000000003,979.59
2023-08-28 16:00:00,979.59,16,0,0,1023.6,949.5666666666663,964.8766666666667,960.78
2023-08-28 17:00:00,960.78,17,0,0,979.59,987.9899999999994,949.0533333333334,439.77
2023-08-28 18:00:00,439.77,18,0,0,960.78,793.3799999999995,843.1999999999999,384.29
2023-08-28 19:00:00,384.29,19,0,0,439.77,594.9466666666661,772.2566666666667,293.3
2023-08-28 20:00:00,293.3,20,0,0,384.29,372.4533333333329,680.2216666666667,188.82
2023-08-28 21:00:00,188.82,21,0,0,293.3,288.8033333333329,541.0916666666668,193.59
2023-08-28 22:00:00,193.59,22,0,0,188.82,225.23666666666622,410.09166666666675,184.92
2023-08-28 23:00:00,184.92,23,0,0,193.59,189.10999999999953,280.78166666666675,256.9
2023-08-29 00:00:00,256.9,0,1,0,184.92,211.80333333333286,250.3033333333334,254.42
2023-08-29 01:00:00,254.42,1,1,0,256.9,232.0799999999995,228.65833333333342,245.37
2023-08-29 02:00:00,245.37,2,1,0,254.42,252.22999999999954,220.67000000000007,250.15
2023-08-29 03:00:00,250.15,3,1,0,245.37,249.97999999999956,230.89166666666674,238.77
2023-08-29 04:00:00,238.77,4,1,0,250.15,244.7633333333329,238.42166666666674,236.04
2023-08-29 05:00:00,236.04,5,1,0,238.77,241.65333333333288,246.94166666666672,250.12
2023-08-29 06:00:00,250.12,6,1,0,236.04,241.6433333333329,245.81166666666675,240.16
2023-08-29 07:00:00,240.16,7,1,0,250.12,242.10666666666623,243.43500000000006,254.66
2023-08-29 08:00:00,254.66,8,1,0,240.16,248.3133333333329,244.98333333333343,243.22
2023-08-29 09:00:00,243.22,9,1,0,254.66,246.01333333333287,243.8283333333334,245.1
2023-08-29 10:00:00,245.1,10,1,0,243.22,247.65999999999954,244.8833333333334,297.58
2023-08-29 11:00:00,297.58,11,1,0,245.1,261.9666666666662,255.1400000000001,229.99
2023-08-29 12:00:00,229.99,12,1,0,297.58,257.5566666666662,251.78500000000008,257.4
2023-08-29 13:00:00,257.4,13,1,0,229.99,261.6566666666662,254.65833333333342,258.33
2023-08-29 14:00:00,258.33,14,1,0,257.4,248.5733333333329,255.27000000000007,306.21
2023-08-29 15:00:00,306.21,15,1,0,258.33,273.9799999999995,265.7683333333334,241.54
2023-08-29 16:00:00,241.54,16,1,0,306.21,268.6933333333329,265.17500000000007,235.03
2023-08-29 17:00:00,235.03,17,1,0,241.54,260.9266666666662,254.75000000000003,234.24
2023-08-29 18:00:00,234.24,18,1,0,235.03,236.93666666666618,255.45833333333337,251.29
2023-08-29 19:00:00,251.29,19,1,0,234.24,240.18666666666624,254.44000000000005,250.89
2023-08-29 20:00:00,250.89,20,1,0,251.29,245.47333333333287,253.20000000000007,249.59
2023-08-29 21:00:00,249.59,21,1,0,250.89,250.58999999999955,243.7633333333334,253.41
2023-08-29 22:00:00,253.41,22,1,0,249.59,251.2966666666662,245.74166666666676,259.6
2023-08-29 23:00:00,259.6,23,1,0,253.41,254.19999999999956,249.83666666666673,182.99
2023-08-30 00:00:00,182.99,0,2,0,259.6,231.99999999999955,241.29500000000007,180.11
2023-08-30 01:00:00,180.11,1,2,0,182.99,207.56666666666624,229.43166666666676,179.37
2023-08-30 02:00:00,179.37,2,2,0,180.11,180.8233333333329,217.51166666666677,177.77
2023-08-30 03:00:00,177.77,3,2,0,179.37,179.0833333333329,205.54166666666677,190.65
2023-08-30 04:00:00,190.65,4,2,0,177.77,182.5966666666662,195.08166666666673,191.25
2023-08-30 05:00:00,191.25,5,2,0,190.65,186.55666666666625,183.69000000000008,191.97
2023-08-30 06:00:00,191.97,6,2,0,191.25,191.28999999999954,185.18666666666675,551.28
2023-08-30 07:00:00,551.28,7,2,0,191.97,311.49999999999955,247.0483333333334,813.35
2023-08-30 08:00:00,813.35,8,2,0,551.28,518.8666666666662,352.71166666666676,972.57
2023-08-30 09:00:00,972.57,9,2,0,813.35,779.0666666666663,485.17833333333346,964.76
2023-08-30 10:00:00,964.76,10,2,0,972.57,916.8933333333329,614.1966666666667,1103.52
2023-08-30 11:00:00,1103.52,11,2,0,964.76,1013.6166666666662,766.2416666666668,1121.13
2023-08-30 12:00:00,1121.13,12,2,0,1103.52,1063.1366666666663,921.1016666666668,884.56
2023-08-30 13:00:00,884.56,13,2,0,1121.13,1036.4033333333327,976.6483333333334,841.26
2023-08-30 14:00:00,841.26,14,2,0,884.56,948.983333333333,981.3000000000002,1046.6
2023-08-30 15:00:00,1046.6,15,2,0,841.26,924.1399999999994,993.6383333333333,1000.28
2023-08-30 16:00:00,1000.28,16,2,0,1046.6,962.7133333333328,999.5583333333334,970.1
2023-08-30 17:00:00,970.1,17,2,0,1000.28,1005.6599999999995,977.3216666666667,462.8
2023-08-30 18:00:00,462.8,18,2,0,970.1,811.0599999999995,867.6,375.15
2023-08-30 19:00:00,375.15,19,2,0,462.8,602.6833333333328,782.6983333333334,292.81
2023-08-30 20:00:00,292.81,20,2,0,375.15,376.91999999999956,691.2900000000001,182.99
2023-08-30 21:00:00,182.99,21,2,0,292.81,283.6499999999996,547.355,199.2
2023-08-30 22:00:00,199.2,22,2,0,182.99,224.99999999999955,413.84166666666675,182.89
2023-08-30 23:00:00,182.89,23,2,0,199.2,188.35999999999953,282.6400000000001,175.86
2023-08-31 00:00:00,175.86,0,3,0,182.89,185.9833333333329,234.81666666666672,174.6
2023-08-31 01:00:00,174.6,1,3,0,175.86,177.78333333333288,201.39166666666677,173.62
2023-08-31 02:00:00,173.62,2,3,0,174.6,174.6933333333329,181.52666666666676,200.63
2023-08-31 03:00:00,200.63,3,3,0,173.62,182.94999999999956,184.46666666666673,180.06
2023-08-31 04:00:00,180.06,4,3,0,200.63,184.76999999999953,181.27666666666673,177.93
2023-08-31 05:00:00,177.93,5,3,0,180.06,186.20666666666622,180.45000000000007,195.36
2023-08-31 06:00:00,195.36,6,3,0,177.93,184.44999999999956,183.70000000000007,548.83
2023-08-31 07:00:00,548.83,7,3,0,195.36,307.37333333333294,246.07166666666674,798.46
2023-08-31 08:00:00,798.46,8,3,0,548.83,514.2166666666662,350.21166666666676,1006.29
2023-08-31 09:00:00,1006.29,9,3,0,798.46,784.5266666666663,484.4883333333334,1020.49
2023-08-31 10:00:00,1020.49,10,3,0,1006.29,941.7466666666663,624.5600000000001,1074.87
2023-08-31 11:00:00,1074.87,11,3,0,1020.49,1033.883333333333,774.0500000000001,1088.06
2023-08-31 12:00:00,1088.06,12,3,0,1074.87,1061.1399999999994,922.8333333333334,859.58
2023-08-31 13:00:00,859.58,13,3,0,1088.06,1007.503333333333,974.6250000000001,845.53
2023-08-31 14:00:00,845.53,14,3,0,859.58,931.0566666666663,982.4700000000001,1019.4
2023-08-31 15:00:00,1019.4,15,3,0,845.53,908.1699999999995,984.6550000000001,1035.58
2023-08-31 16:00:00,1035.58,16,3,0,1019.4,966.8366666666661,987.1700000000001,993.98
2023-08-31 17:00:00,993.98,17,3,0,1035.58,1016.3199999999994,973.6883333333334,417.97
2023-08-31 18:00:00,417.97,18,3,0,993.98,815.8433333333329,862.0066666666668,362.48
2023-08-31 19:00:00,362.48,19,3,0,417.97,591.4766666666662,779.1566666666668,286.51
2023-08-31 20:00:00,286.51,20,3,0,362.48,355.6533333333329,685.9866666666667,197.77
2023-08-31 21:00:00,197.77,21,3,0,286.51,282.2533333333329,549.0483333333335,186.34
2023-08-31 22:00:00,186.34,22,3,0,197.77,223.53999999999954,407.50833333333344,186.84
2023-08-31 23:00:00,186.84,23,3,0,186.34,190.31666666666624,272.98500000000007,183.63
2023-09-01 00:00:00,183.63,0,4,0,186.84,185.6033333333329,233.9283333333334,192.45
2023-09-01 01:00:00,192.45,1,4,0,183.63,187.63999999999953,205.59000000000006,182.21
2023-09-01 02:00:00,182.21,2,4,0,192.45,186.0966666666662,188.20666666666673,177.33
2023-09-01 03:00:00,177.33,3,4,0,182.21,183.99666666666621,184.80000000000007,185.44
2023-09-01 04:00:00,185.44,4,4,0,177.33,181.65999999999954,184.6500000000001,182.09
2023-09-01 05:00:00,182.09,5,4,0,185.44,181.61999999999955,183.85833333333343,186.93
2023-09-01 06:00:00,186.93,6,4,0,182.09,184.81999999999957,184.40833333333342,530.03
2023-09-01 07:00:00,530.03,7,4,0,186.93,299.6833333333329,240.67166666666677,771.81
2023-09-01 08:00:00,771.81,8,4,0,530.03,496.2566666666662,338.93833333333345,930.25
2023-09-01 09:00:00,930.25,9,4,0,771.81,744.0299999999994,464.4250000000001,968.22
2023-09-01 10:00:00,968.22,10,4,0,930.25,890.0933333333329,594.8883333333334,1022.61
2023-09-01 11:00:00,1022.61,11,4,0,968.22,973.6933333333328,734.975,1075.04
2023-09-01 12:00:00,1075.04,12,4,0,1022.61,1021.9566666666661,882.9933333333333,813.0
2023-09-01 13:00:00,813.0,13,4,0,1075.04,970.2166666666662,930.1550000000001,791.35
2023-09-01 14:00:00,791.35,14,4,0,813.0,893.1299999999995,933.4116666666669,995.86
2023-09-01 15:00:00,995.86,15,4,0,791.35,866.7366666666662,944.3466666666668,964.14
2023-09-01 16:00:00,964.14,16,4,0,995.86,917.1166666666662,943.6666666666669,918.74
2023-09-01 17:00:00,918.74,17,4,0,964.14,959.5799999999996,926.3550000000001,415.26
2023-09-01 18:00:00,415.26,18,4,0,918.74,766.0466666666662,816.3916666666668,366.75
2023-09-01 19:00:00,366.75,19,4,0,415.26,566.9166666666662,742.0166666666668,281.78
2023-09-01 20:00:00,281.78,20,4,0,366.75,354.5966666666662,657.0883333333335,183.0
2023-09-01 21:00:00,183.0,21,4,0,281.78,277.1766666666662,521.6116666666668,181.67
2023-09-01 22:00:00,181.67,22,4,0,183.0,215.48333333333287,391.2000000000001,179.78
2023-09-01 23:00:00,179.78,23,4,0,181.67,181.4833333333329,268.04,189.02
2023-09-02 00:00:00,189.02,0,5,1,179.78,183.48999999999955,230.3333333333334,193.3
2023-09-02 01:00:00,193.3,1,5,1,189.02,187.36666666666622,201.42500000000007,200.29
2023-09-02 02:00:00,200.29,2,5,1,193.3,194.2033333333329,187.8433333333334,212.03
2023-09-02 03:00:00,212.03,3,5,1,200.29,201.87333333333288,192.68166666666673,197.64
2023-09-02 04:00:00,197.64,4,5,1,212.03,203.3199999999995,195.3433333333334,195.66
2023-09-02 05:00:00,195.66,5,5,1,197.64,201.7766666666662,197.9900000000001,190.51
2023-09-02 06:00:00,190.51,6,5,1,195.66,194.60333333333287,198.23833333333337,202.77
2023-09-02 07:00:00,202.77,7,5,1,190.51,196.3133333333329,199.81666666666675,190.69
2023-09-02 08:00:00,190.69,8,5,1,202.77,194.6566666666662,198.21666666666673,208.41
2023-09-02 09:00:00,208.41,9,5,1,190.69,200.62333333333288,197.61333333333337,329.3
2023-09-02 10:00:00,329.3,10,5,1,208.41,242.79999999999959,219.55666666666673,330.92
2023-09-02 11:00:00,330.92,11,5,1,329.3,289.5433333333329,242.10000000000005,317.51
2023-09-02 12:00:00,317.51,12,5,1,330.92,325.90999999999957,263.26666666666677,335.49
2023-09-02 13:00:00,335.49,13,5,1,317.51,327.9733333333329,285.3866666666667,329.16
2023-09-02 14:00:00,329.16,14,5,1,335.49,327.38666666666626,308.4650000000001,318.29
2023-09-02 15:00:00,318.29,15,5,1,329.16,327.64666666666625,326.7783333333334,308.7
2023-09-02 16:00:00,308.7,16,5,1,318.29,318.71666666666624,323.3450000000001,195.42
2023-09-02 17:00:00,195.42,17,5,1,308.7,274.1366666666662,300.7616666666667,204.73
2023-09-02 18:00:00,204.73,18,5,1,195.42,236.28333333333285,281.9650000000001,190.39
2023-09-02 19:00:00,190.39,19,5,1,204.73,196.8466666666662,257.78166666666675,187.72
2023-09-02 20:00:00,187.72,20,5,1,190.39,194.27999999999955,234.2083333333334,188.52
2023-09-02 21:00:00,188.52,21,5,1,187.72,188.8766666666662,212.58000000000007,198.98
2023-09-02 22:00:00,198.98,22,5,1,188.52,191.73999999999955,194.2933333333334,215.82
2023-09-02 23:00:00,215.82,23,5,1,198.98,201.1066666666662,197.69333333333338,219.46
2023-09-03 00:00:00,219.46,0,6,1,215.82,211.41999999999953,200.1483333333334,204.97
2023-09-03 01:00:00,204.97,1,6,1,219.46,213.4166666666662,202.5783333333334,202.42
2023-09-03 02:00:00,202.42,2,6,1,204.97,208.94999999999956,205.02833333333342,216.83
2023-09-03 03:00:00,216.83,3,6,1,202.42,208.0733333333329,209.74666666666675,209.96
2023-09-03 04:00:00,209.96,4,6,1,216.83,209.73666666666622,211.57666666666674,205.88
2023-09-03 05:00:00,205.88,5,6,1,209.96,210.88999999999956,209.92000000000007,200.73
2023-09-03 06:00:00,200.73,6,6,1,205.88,205.52333333333286,206.7983333333334,198.1
2023-09-03 07:00:00,198.1,7,6,1,200.73,201.56999999999957,205.65333333333342,192.71
2023-09-03 08:00:00,192.71,8,6,1,198.1,197.17999999999952,204.03500000000008,210.77
2023-09-03 09:00:00,210.77,9,6,1,192.71,200.5266666666662,203.0250000000001,325.09
2023-09-03 10:00:00,325.09,10,6,1,210.77,242.8566666666662,222.2133333333334,324.47
2023-09-03 11:00:00,324.47,11,6,1,325.09,286.7766666666662,241.97833333333344,322.86
2023-09-03 12:00:00,322.86,12,6,1,324.47,324.1399999999996,262.3333333333334,330.29
2023-09-03 13:00:00,330.29,13,6,1,322.86,325.87333333333294,284.36500000000007,335.43
2023-09-03 14:00:00,335.43,14,6,1,330.29,329.52666666666624,308.1516666666667,321.48
2023-09-03 15:00:00,321.48,15,6,1,335.43,329.0666666666662,326.6033333333334,318.89
2023-09-03 16:00:00,318.89,16,6,1,321.48,325.2666666666662,325.5700000000001,202.12
2023-09-03 17:00:00,202.12,17,6,1,318.89,280.82999999999953,305.17833333333346,200.48
2023-09-03 18:00:00,200.48,18,6,1,202.12,240.4966666666662,284.7816666666667,200.41
2023-09-03 19:00:00,200.41,19,6,1,200.48,201.00333333333288,263.13500000000005,197.42
2023-09-03 20:00:00,197.42,20,6,1,200.41,199.43666666666618,240.13333333333344,205.95
2023-09-03 21:00:00,205.95,21,6,1,197.42,201.25999999999954,220.87833333333342,196.88
2023-09-03 22:00:00,196.88,22,6,1,205.95,200.0833333333329,200.5433333333334,202.33
2023-09-03 23:00:00,202.33,23,6,1,196.88,201.71999999999957,200.5783333333334,185.6
2023-09-04 00:00:00,185.6,0,0,0,202.33,194.93666666666618,198.0983333333334,195.96
2023-09-04 01:00:00,195.96,1,0,0,185.6,194.62999999999954,197.3566666666667,169.82
2023-09-04 02:00:00,169.82,2,0,0,195.96,183.79333333333287,192.75666666666675,170.4
2023-09-04 03:00:00,170.4,3,0,0,169.82,178.7266666666662,186.83166666666673,183.82
2023-09-04 04:00:00,183.82,4,0,0,170.4,174.67999999999952,184.6550000000001,189.84
2023-09-04 05:00:00,189.84,5,0,0,183.82,181.35333333333287,182.5733333333334,185.16
2023-09-04 06:00:00,185.16,6,0,0,189.84,186.27333333333289,182.50000000000009,527.53
2023-09-04 07:00:00,527.53,7,0,0,185.16,300.84333333333285,237.76166666666674,770.92
2023-09-04 08:00:00,770.92,8,0,0,527.53,494.53666666666624,337.9450000000001,944.44
2023-09-04 09:00:00,944.44,9,0,0,770.92,747.6299999999995,466.95166666666677,1024.38
2023-09-04 10:00:00,1024.38,10,0,0,944.44,913.2466666666663,607.0450000000001,997.56
2023-09-04 11:00:00,997.56,11,0,0,1024.38,988.7933333333327,741.6650000000001,1045.73
2023-09-04 12:00:00,1045.73,12,0,0,997.56,1022.556666666666,885.0933333333336,789.25
2023-09-04 13:00:00,789.25,13,0,0,1045.73,944.1799999999994,928.7133333333335,785.88
2023-09-04 14:00:00,785.88,14,0,0,789.25,873.6199999999994,931.2066666666668,985.47
2023-09-04 15:00:00,985.47,15,0,0,785.88,853.5333333333328,938.0450000000001,951.74
2023-09-04 16:00:00,951.74,16,0,0,985.47,907.6966666666661,925.9383333333334,917.93
2023-09-04 17:00:00,917.93,17,0,0,951.74,951.7133333333328,912.6666666666666,446.64
2023-09-04 18:00:00,446.64,18,0,0,917.93,772.1033333333329,812.8183333333335,369.2
2023-09-04 19:00:00,369.2,19,0,0,446.64,577.9233333333327,742.8100000000001,281.26
2023-09-04 20:00:00,281.26,20,0,0,369.2,365.6999999999994,658.7066666666667,183.48
2023-09-04 21:00:00,183.48,21,0,0,281.26,277.97999999999945,525.0416666666667,185.06
2023-09-04 22:00:00,185.06,22,0,0,183.48,216.59999999999945,397.2616666666667,180.54
2023-09-04 23:00:00,180.54,23,0,0,185.06,183.0266666666661,274.3633333333334,182.36
2023-09-05 00:00:00,182.36,0,1,0,180.54,182.65333333333282,230.31666666666675,187.88
2023-09-05 01:00:00,187.88,1,1,0,182.36,183.5933333333328,200.09666666666672,194.47
2023-09-05 02:00:00,194.47,2,1,0,187.88,188.23666666666614,185.63166666666675,187.96
2023-09-05 03:00:00,187.96,3,1,0,194.47,190.10333333333278,186.37833333333342,186.54
2023-09-05 04:00:00,186.54,4,1,0,187.96,189.65666666666615,186.62500000000009,182.86
2023-09-05 05:00:00,182.86,5,1,0,186.54,185.78666666666615,187.01166666666674,182.43
2023-09-05 06:00:00,182.43,6,1,0,182.86,183.94333333333282,187.02333333333343,526.1
2023-09-05 07:00:00,526.1,7,1,0,182.43,297.1299999999995,243.39333333333343,777.3
2023-09-05 08:00:00,777.3,8,1,0,526.1,495.2766666666662,340.53166666666675,932.24
2023-09-05 09:00:00,932.24,9,1,0,777.3,745.2133333333328,464.5783333333334,972.51
2023-09-05 10:00:00,972.51,10,1,0,932.24,894.0166666666661,595.5733333333334,1044.73
2023-09-05 11:00:00,1044.73,11,1,0,972.51,983.1599999999994,739.2183333333334,1054.33
2023-09-05 12:00:00,1054.33,12,1,0,1044.73,1023.8566666666661,884.535,792.39
2023-09-05 13:00:00,792.39,13,1,0,1054.33,963.816666666666,928.9166666666669,802.39
2023-09-05 14:00:00,802.39,14,1,0,792.39,883.036666666666,933.0983333333334,1004.03
2023-09-05 15:00:00,1004.03,15,1,0,802.39,866.2699999999994,945.0633333333335,958.94
2023-09-05 16:00:00,958.94,16,1,0,1004.03,921.7866666666661,942.8016666666667,988.23
2023-09-05 17:00:00,988.23,17,1,0,958.94,983.7333333333327,933.3849999999999,463.69
2023-09-05 18:00:00,463.69,18,1,0,988.23,803.6199999999994,834.945,368.61
2023-09-05 19:00:00,368.61,19,1,0,463.69,606.8433333333327,764.315,275.01
2023-09-05 20:00:00,275.01,20,1,0,368.61,369.1033333333327,676.4183333333334,185.63
2023-09-05 21:00:00,185.63,21,1,0,275.01,276.41666666666606,540.0183333333334,172.77
2023-09-05 22:00:00,172.77,22,1,0,185.63,211.13666666666606,408.99000000000007,180.55
2023-09-05 23:00:00,180.55,23,1,0,172.77,179.6499999999994,274.3766666666667,181.71
2023-09-06 00:00:00,181.71,0,2,0,180.55,178.3433333333327,227.38000000000008,189.5
2023-09-06 01:00:00,189.5,1,2,0,181.71,183.9199999999994,197.52833333333342,187.36
2023-09-06 02:00:00,187.36,2,2,0,189.5,186.18999999999937,182.92000000000007,174.63
2023-09-06 03:00:00,174.63,3,2,0,187.36,183.8299999999994,181.08666666666673,187.57
2023-09-06 04:00:00,187.57,4,2,0,174.63,183.18666666666604,183.5533333333334,180.95
2023-09-06 05:00:00,180.95,5,2,0,187.57,181.0499999999994,183.6200000000001,183.85
2023-09-06 06:00:00,183.85,6,2,0,180.95,184.12333333333274,183.97666666666672,527.48
2023-09-06 07:00:00,527.48,7,2,0,183.85,297.42666666666605,240.30666666666676,779.73
2023-09-06 08:00:00,779.73,8,2,0,527.48,497.01999999999936,339.0350000000001,945.35
2023-09-06 09:00:00,945.35,9,2,0,779.73,750.8533333333327,467.4883333333334,958.35
2023-09-06 10:00:00,958.35,10,2,0,945.35,894.4766666666661,595.9516666666667,1011.69
2023-09-06 11:00:00,1011.69,11,2,0,958.35,971.7966666666662,734.4083333333334,1077.25
2023-09-06 12:00:00,1077.25,12,2,0,1011.69,1015.7633333333328,883.3083333333334,903.82
2023-09-06 13:00:00,903.82,13,2,0,1077.25,997.586666666666,946.0316666666668,808.92
2023-09-06 14:00:00,808.92,14,2,0,903.82,929.996666666666,950.8966666666666,1017.05
2023-09-06 15:00:00,1017.05,15,2,0,808.92,909.9299999999994,962.8466666666668,961.41
2023-09-06 16:00:00,961.41,16,2,0,1017.05,929.126666666666,963.3566666666667,952.11
2023-09-06 17:00:00,952.11,17,2,0,961.41,976.856666666666,953.4266666666668,454.05
2023-09-06 18:00:00,454.05,18,2,0,952.11,789.1899999999995,849.5600000000001,374.55
2023-09-06 19:00:00,374.55,19,2,0,454.05,593.5699999999994,761.3483333333334,287.11
2023-09-06 20:00:00,287.11,20,2,0,374.55,371.90333333333274,674.38,186.67
2023-09-06 21:00:00,186.67,21,2,0,287.11,282.7766666666661,535.9833333333335,168.75
2023-09-06 22:00:00,168.75,22,2,0,186.67,214.17666666666605,403.87333333333345,193.62
2023-09-06 23:00:00,193.62,23,2,0,168.75,183.01333333333272,277.4583333333334,193.4
2023-09-07 00:00:00,193.4,0,3,0,193.62,185.25666666666606,234.01666666666677,185.3
2023-09-07 01:00:00,185.3,1,3,0,193.4,190.77333333333274,202.4750000000001,184.67
2023-09-07 02:00:00,184.67,2,3,0,185.3,187.7899999999994,185.40166666666676,183.71
2023-09-07 03:00:00,183.71,3,3,0,184.67,184.5599999999994,184.90833333333342,177.79
2023-09-07 04:00:00,177.79,4,3,0,183.71,182.05666666666605,186.41500000000008,189.87
2023-09-07 05:00:00,189.87,5,3,0,177.79,183.7899999999994,185.79000000000008,198.61
2023-09-07 06:00:00,198.61,6,3,0,189.87,188.75666666666606,186.65833333333342,516.49
2023-09-07 07:00:00,516.49,7,3,0,198.61,301.65666666666607,241.8566666666667,768.6
2023-09-07 08:00:00,768.6,8,3,0,516.49,494.5666666666661,339.1783333333334,917.23
2023-09-07 09:00:00,917.23,9,3,0,768.6,734.106666666666,461.4316666666668,977.19
2023-09-07 10:00:00,977.19,10,3,0,917.23,887.6733333333328,594.6650000000001,1030.67
2023-09-07 11:00:00,1030.67,11,3,0,977.19,975.0299999999994,734.7983333333335,1078.43
2023-09-07 12:00:00,1078.43,12,3,0,1030.67,1028.7633333333326,881.4350000000001,801.27
2023-09-07 13:00:00,801.27,13,3,0,1078.43,970.1233333333327,928.8983333333335,804.44
2023-09-07 14:00:00,804.44,14,3,0,801.27,894.7133333333328,934.8716666666668,958.87
2023-09-07 15:00:00,958.87,15,3,0,804.44,854.8599999999993,941.8116666666666,960.94
2023-09-07 16:00:00,960.94,16,3,0,958.87,908.0833333333327,939.1033333333335,944.58
2023-09-07 17:00:00,944.58,17,3,0,960.94,954.7966666666662,924.7550000000001,436.03
2023-09-07 18:00:00,436.03,18,3,0,944.58,780.5166666666661,817.6883333333334,366.33
2023-09-07 19:00:00,366.33,19,3,0,436.03,582.3133333333327,745.1983333333334,297.68
2023-09-07 20:00:00,297.68,20,3,0,366.33,366.6799999999994,660.7383333333333,187.36
2023-09-07 21:00:00,187.36,21,3,0,297.68,283.7899999999994,532.1533333333334,181.98
2023-09-07 22:00:00,181.98,22,3,0,187.36,222.33999999999938,402.32666666666677,195.71
2023-09-07 23:00:00,195.71,23,3,0,181.98,188.34999999999937,277.51500000000004,174.51
2023-09-08 00:00:00,174.51,0,4,0,195.71,184.06666666666607,233.9283333333334,189.74
2023-09-08 01:00:00,189.74,1,4,0,174.51,186.65333333333274,204.49666666666675,183.69
2023-09-08 02:00:00,183.69,2,4,0,189.74,182.64666666666608,185.49833333333342,197.76
2023-09-08 03:00:00,197.76,3,4,0,183.69,190.39666666666608,187.2316666666667,191.33
2023-09-08 04:00:00,191.33,4,4,0,197.76,190.92666666666605,188.79000000000008,184.4
2023-09-08 05:00:00,184.4,5,4,0,191.33,191.16333333333273,186.90500000000006,172.59
2023-09-08 06:00:00,172.59,6,4,0,184.4,182.77333333333274,186.58500000000006,531.09
2023-09-08 07:00:00,531.09,7,4,0,172.59,296.0266666666661,243.47666666666677,765.43
2023-09-08 08:00:00,765.43,8,4,0,531.09,489.70333333333275,340.4333333333334,926.33
2023-09-08 09:00:00,926.33,9,4,0,765.43,740.9499999999995,461.86166666666674,967.68
2023-09-08 10:00:00,967.68,10,4,0,926.33,886.4799999999994,591.2533333333334,1050.58
2023-09-08 11:00:00,1050.58,11,4,0,967.68,981.5299999999994,735.6166666666668,1046.94
2023-09-08 12:00:00,1046.94,12,4,0,1050.58,1021.7333333333327,881.3416666666667,812.68
2023-09-08 13:00:00,812.68,13,4,0,1046.94,970.0666666666662,928.2733333333334,792.88
2023-09-08 14:00:00,792.88,14,4,0,812.68,884.1666666666661,932.8483333333335,975.93
2023-09-08 15:00:00,975.93,15,4,0,792.88,860.4966666666661,941.1149999999999,974.6
2023-09-08 16:00:00,974.6,16,4,0,975.93,914.4699999999995,942.2683333333334,959.51
2023-09-08 17:00:00,959.51,17,4,0,974.6,970.0133333333328,927.0900000000001,473.43
2023-09-08 18:00:00,473.43,18,4,0,959.51,802.5133333333329,831.505,369.64
2023-09-08 19:00:00,369.64,19,4,0,473.43,600.8599999999994,757.6650000000001,291.24
2023-09-08 20:00:00,291.24,20,4,0,369.64,378.1033333333328,674.0583333333335,183.76
2023-09-08 21:00:00,183.76,21,4,0,291.24,281.5466666666661,542.0300000000001,193.12
2023-09-08 22:00:00,193.12,22,4,0,183.76,222.70666666666614,411.78333333333336,198.83
2023-09-08 23:00:00,198.83,23,4,0,193.12,191.90333333333282,285.0033333333334,196.91
2023-09-09 00:00:00,196.91,0,5,1,198.83,196.28666666666615,238.91666666666674,196.57
2023-09-09 01:00:00,196.57,1,5,1,196.91,197.43666666666613,210.07166666666674,204.73
2023-09-09 02:00:00,204.73,2,5,1,196.57,199.40333333333277,195.65333333333342,206.24
2023-09-09 03:00:00,206.24,3,5,1,204.73,202.51333333333278,199.4000000000001,204.66
2023-09-09 04:00:00,204.66,4,5,1,206.24,205.20999999999947,201.3233333333334,199.47
2023-09-09 05:00:00,199.47,5,5,1,204.66,203.45666666666614,201.43000000000006,195.91
2023-09-09 06:00:00,195.91,6,5,1,199.47,200.01333333333278,201.2633333333334,196.56
2023-09-09 07:00:00,196.56,7,5,1,195.91,197.31333333333282,201.26166666666674,183.0
2023-09-09 08:00:00,183.0,8,5,1,196.56,191.8233333333328,197.64000000000007,216.09
2023-09-09 09:00:00,216.09,9,5,1,183.0,198.54999999999947,199.28166666666675,328.79
2023-09-09 10:00:00,328.79,10,5,1,216.09,242.62666666666618,219.9700000000001,325.9
2023-09-09 11:00:00,325.9,11,5,1,328.79,290.2599999999995,241.04166666666674,309.64
2023-09-09 12:00:00,309.64,12,5,1,325.9,321.44333333333276,259.9966666666667,320.57
2023-09-09 13:00:00,320.57,13,5,1,309.64,318.7033333333328,280.6650000000001,339.24
2023-09-09 14:00:00,339.24,14,5,1,320.57,323.14999999999947,306.7050000000001,329.49
2023-09-09 15:00:00,329.49,15,5,1,339.24,329.76666666666614,325.6050000000001,312.65
2023-09-09 16:00:00,312.65,16,5,1,329.49,327.12666666666615,322.9150000000001,195.55
2023-09-09 17:00:00,195.55,17,5,1,312.65,279.2299999999995,301.19000000000005,211.04
2023-09-09 18:00:00,211.04,18,5,1,195.55,239.74666666666613,284.7566666666668,194.64
2023-09-09 19:00:00,194.64,19,5,1,211.04,200.40999999999948,263.7683333333334,202.73
2023-09-09 20:00:00,202.73,20,5,1,194.64,202.80333333333283,241.01666666666674,198.6
2023-09-09 21:00:00,198.6,21,5,1,202.73,198.65666666666615,219.2016666666667,201.95
2023-09-09 22:00:00,201.95,22,5,1,198.6,201.09333333333282,200.75166666666675,204.51
2023-09-09 23:00:00,204.51,23,5,1,201.95,201.68666666666616,202.2450000000001,198.93
2023-09-10 00:00:00,198.93,0,6,1,204.51,201.79666666666614,200.22666666666672,216.72
2023-09-10 01:00:00,216.72,1,6,1,198.93,206.7199999999995,203.90666666666675,194.54
2023-09-10 02:00:00,194.54,2,6,1,216.72,203.39666666666616,202.54166666666674,197.0
2023-09-10 03:00:00,197.0,3,6,1,194.54,202.7533333333328,202.27500000000006,185.73
2023-09-10 04:00:00,185.73,4,6,1,197.0,192.4233333333328,199.57166666666674,204.42
2023-09-10 05:00:00,204.42,5,6,1,185.73,195.71666666666616,199.55666666666673,205.72
2023-09-10 06:00:00,205.72,6,6,1,204.42,198.62333333333285,200.6883333333334,202.93
2023-09-10 07:00:00,202.93,7,6,1,205.72,204.35666666666614,198.39000000000007,187.01
2023-09-10 08:00:00,187.01,8,6,1,202.93,198.55333333333283,197.13500000000008,200.03
2023-09-10 09:00:00,200.03,9,6,1,187.01,196.65666666666615,197.64000000000007,329.3
2023-09-10 10:00:00,329.3,10,6,1,200.03,238.77999999999952,221.56833333333338,329.72
2023-09-10 11:00:00,329.72,11,6,1,329.3,286.3499999999995,242.45166666666674,315.31
2023-09-10 12:00:00,315.31,12,6,1,329.72,324.7766666666662,260.71666666666675,328.35
2023-09-10 13:00:00,328.35,13,6,1,315.31,324.4599999999995,281.62000000000006,327.26
2023-09-10 14:00:00,327.26,14,6,1,328.35,323.6399999999995,304.99500000000006,309.6
2023-09-10 15:00:00,309.6,15,6,1,327.26,321.73666666666617,323.2566666666668,318.18
2023-09-10 16:00:00,318.18,16,6,1,309.6,318.3466666666662,321.4033333333334,213.38
2023-09-10 17:00:00,213.38,17,6,1,318.18,280.38666666666614,302.0133333333334,193.11
2023-09-10 18:00:00,193.11,18,6,1,213.38,241.55666666666616,281.64666666666676,210.43
2023-09-10 19:00:00,210.43,19,6,1,193.11,205.6399999999995,261.9933333333334,196.9
2023-09-10 20:00:00,196.9,20,6,1,210.43,200.14666666666616,240.26666666666677,207.89
2023-09-10 21:00:00,207.89,21,6,1,196.9,205.0733333333328,223.31500000000005,211.06
2023-09-10 22:00:00,211.06,22,6,1,207.89,205.28333333333282,205.46166666666673,200.97
2023-09-10 23:00:00,200.97,23,6,1,211.06,206.6399999999995,203.39333333333343,196.62
2023-09-11 00:00:00,196.62,0,0,0,200.97,202.88333333333284,203.97833333333338,186.6
2023-09-11 01:00:00,186.6,1,0,0,196.62,194.72999999999948,200.00666666666675,177.56
2023-09-11 02:00:00,177.56,2,0,0,186.6,186.92666666666616,196.78333333333342,181.99
2023-09-11 03:00:00,181.99,3,0,0,177.56,182.0499999999995,192.46666666666673,185.9
2023-09-11 04:00:00,185.9,4,0,0,181.99,181.81666666666615,188.27333333333343,184.86
2023-09-11 05:00:00,184.86,5,0,0,185.9,184.24999999999952,185.5883333333334,189.0
2023-09-11 06:00:00,189.0,6,0,0,184.86,186.58666666666616,184.3183333333334,535.94
2023-09-11 07:00:00,535.94,7,0,0,189.0,303.2666666666662,242.54166666666674,776.2
2023-09-11 08:00:00,776.2,8,0,0,535.94,500.3799999999995,342.3150000000001,911.41
2023-09-11 09:00:00,911.41,9,0,0,776.2,741.1833333333328,463.88500000000005,982.4
2023-09-11 10:00:00,982.4,10,0,0,911.41,890.0033333333328,596.6350000000001,1047.04
2023-09-11 11:00:00,1047.04,11,0,0,982.4,980.2833333333328,740.3316666666666,1076.88
2023-09-11 12:00:00,1076.88,12,0,0,1047.04,1035.4399999999996,888.3116666666668,779.74
2023-09-11 13:00:00,779.74,13,0,0,1076.88,967.8866666666662,928.9450000000002,758.93
2023-09-11 14:00:00,758.93,14,0,0,779.74,871.8499999999995,926.0666666666667,996.73
2023-09-11 15:00:00,996.73,15,0,0,758.93,845.1333333333328,940.2866666666667,954.42
2023-09-11 16:00:00,954.42,16,0,0,996.73,903.3599999999993,935.6233333333334,880.87
2023-09-11 17:00:00,880.87,17,0,0,954.42,944.0066666666662,907.9283333333334,425.98
2023-09-11 18:00:00,425.98,18,0,0,880.87,753.7566666666662,799.445,373.22
2023-09-11 19:00:00,373.22,19,0,0,425.98,560.0233333333327,731.6916666666667,291.62
2023-09-11 20:00:00,291.62,20,0,0,373.22,363.6066666666661,653.8066666666667,190.86
2023-09-11 21:00:00,190.86,21,0,0,291.62,285.23333333333284,519.495,192.45
2023-09-11 22:00:00,192.45,22,0,0,190.86,224.97666666666615,392.50000000000006,188.26
2023-09-11 23:00:00,188.26,23,0,0,192.45,190.52333333333277,277.06500000000005,176.32
2023-09-12 00:00:00,176.32,0,1,0,188.26,185.67666666666614,235.45500000000007,172.58
2023-09-12 01:00:00,172.58,1,1,0,176.32,179.0533333333328,202.0150000000001,178.92
2023-09-12 02:00:00,178.92,2,1,0,172.58,175.93999999999946,183.2316666666667,188.03
2023-09-12 03:00:00,188.03,3,1,0,178.92,179.8433333333328,182.76000000000008,176.22
2023-09-12 04:00:00,176.22,4,1,0,188.03,181.05666666666613,180.05500000000006,193.39
2023-09-12 05:00:00,193.39,5,1,0,176.22,185.87999999999946,180.91000000000008,196.91
2023-09-12 06:00:00,196.91,6,1,0,193.39,188.83999999999946,184.34166666666673,529.42
2023-09-12 07:00:00,529.42,7,1,0,196.91,306.57333333333276,243.81500000000005,779.09
2023-09-12 08:00:00,779.09,8,1,0,529.42,501.8066666666661,343.8433333333334,970.32
2023-09-12 09:00:00,970.32,9,1,0,779.09,759.6099999999993,474.2250000000001,1063.31
2023-09-12 10:00:00,1063.31,10,1,0,970.32,937.5733333333328,622.0733333333334,1029.14
2023-09-12 11:00:00,1029.14,11,1,0,1063.31,1020.9233333333328,761.3650000000001,1051.03
2023-09-12 12:00:00,1051.03,12,1,0,1029.14,1047.8266666666661,903.7183333333334,808.77
2023-09-12 13:00:00,808.77,13,1,0,1051.03,962.9799999999994,950.2766666666666,799.29
2023-09-12 14:00:00,799.29,14,1,0,808.77,886.3633333333328,953.6433333333334,982.18
2023-09-12 15:00:00,982.18,15,1,0,799.29,863.4133333333328,955.62,943.9
2023-09-12 16:00:00,943.9,16,1,0,982.18,908.456666666666,935.7183333333332,951.63
2023-09-12 17:00:00,951.63,17,1,0,943.9,959.2366666666661,922.8000000000001,464.45
2023-09-12 18:00:00,464.45,18,1,0,951.63,786.6599999999995,825.0366666666669,350.63
2023-09-12 19:00:00,350.63,19,1,0,464.45,588.9033333333329,748.68,286.8
2023-09-12 20:00:00,286.8,20,1,0,350.63,367.2933333333328,663.265,193.46
2023-09-12 21:00:00,193.46,21,1,0,286.8,276.9633333333328,531.8116666666667,171.5
2023-09-12 22:00:00,171.5,22,1,0,193.46,217.2533333333328,403.0783333333334,190.78
2023-09-12 23:00:00,190.78,23,1,0,171.5,185.24666666666613,276.27000000000004,189.18
2023-09-13 00:00:00,189.18,0,2,0,190.78,183.81999999999948,230.39166666666677,186.89
2023-09-13 01:00:00,186.89,1,2,0,189.18,188.94999999999945,203.10166666666672,183.15
2023-09-13 02:00:00,183.15,2,2,0,186.89,186.40666666666615,185.82666666666674,169.66
2023-09-13 03:00:00,169.66,3,2,0,183.15,179.8999999999995,181.86000000000004,197.09
2023-09-13 04:00:00,197.09,4,2,0,169.66,183.29999999999947,186.12500000000009,197.68
2023-09-13 05:00:00,197.68,5,2,0,197.09,188.14333333333283,187.2750000000001,179.86
2023-09-13 06:00:00,179.86,6,2,0,197.68,191.5433333333328,185.72166666666672,514.55
2023-09-13 07:00:00,514.55,7,2,0,179.86,297.3633333333328,240.33166666666673,782.26
2023-09-13 08:00:00,782.26,8,2,0,514.55,492.22333333333273,340.1833333333334,933.39
2023-09-13 09:00:00,933.39,9,2,0,782.26,743.3999999999993,467.47166666666675,953.97
2023-09-13 10:00:00,953.97,10,2,0,933.39,889.8733333333329,593.6183333333335,998.85
2023-09-13 11:00:00,998.85,11,2,0,953.97,962.0699999999994,727.1466666666669,1027.61
2023-09-13 12:00:00,1027.61,12,2,0,998.85,993.4766666666661,868.4383333333334,803.21
2023-09-13 13:00:00,803.21,13,2,0,1027.61,943.2233333333328,916.5483333333335,819.2
2023-09-13 14:00:00,819.2,14,2,0,803.21,883.3399999999996,922.705,999.01
2023-09-13 15:00:00,999.01,15,2,0,819.2,873.806666666666,933.6416666666668,944.43
2023-09-13 16:00:00,944.43,16,2,0,999.01,920.8799999999995,932.0516666666667,946.33
2023-09-13 17:00:00,946.33,17,2,0,944.43,963.2566666666662,923.2983333333335,464.54
2023-09-13 18:00:00,464.54,18,2,0,946.33,785.0999999999995,829.4533333333335,355.09
2023-09-13 19:00:00,355.09,19,2,0,464.54,588.6533333333329,754.7666666666668,278.99
2023-09-13 20:00:00,278.99,20,2,0,355.09,366.2066666666662,664.7316666666667,176.11
2023-09-13 21:00:00,176.11,21,2,0,278.99,270.0633333333328,527.5816666666667,182.31
2023-09-13 22:00:00,182.31,22,2,0,176.11,212.4699999999995,400.5616666666667,182.88
2023-09-13 23:00:00,182.88,23,2,0,182.31,180.4333333333328,273.3200000000001,189.54
2023-09-14 00:00:00,189.54,0,3,0,182.88,184.90999999999948,227.48666666666676,196.05
2023-09-14 01:00:00,196.05,1,3,0,189.54,189.48999999999947,200.9800000000001,171.23
2023-09-14 02:00:00,171.23,2,3,0,196.05,185.60666666666611,183.02000000000007,184.31
2023-09-14 03:00:00,184.31,3,3,0,171.23,183.8633333333328,184.38666666666674,189.87
2023-09-14 04:00:00,189.87,4,3,0,184.31,181.8033333333328,185.64666666666676,181.65
2023-09-14 05:00:00,181.65,5,3,0,189.87,185.27666666666616,185.44166666666672,181.84
2023-09-14 06:00:00,181.84,6,3,0,181.65,184.4533333333328,184.15833333333342,527.85
2023-09-14 07:00:00,527.85,7,3,0,181.84,297.11333333333283,239.4583333333334,777.94
2023-09-14 08:00:00,777.94,8,3,0,527.85,495.87666666666615,340.57666666666677,918.07
2023-09-14 09:00:00,918.07,9,3,0,777.94,741.2866666666663,462.8700000000001,1069.49
2023-09-14 10:00:00,1069.49,10,3,0,918.07,921.8333333333327,609.4733333333335,991.46
2023-09-14 11:00:00,991.46,11,3,0,1069.49,993.0066666666662,744.4416666666667,1052.21
2023-09-14 12:00:00,1052.21,12,3,0,991.46,1037.7199999999993,889.5033333333334,833.53
2023-09-14 13:00:00,833.53,13,3,0,1052.21,959.0666666666662,940.4499999999999,807.93
2023-09-14 14:00:00,807.93,14,3,0,833.53,897.8899999999994,945.4483333333334,1014.36
2023-09-14 15:00:00,1014.36,15,3,0,807.93,885.2733333333327,961.4966666666668,954.94
2023-09-14 16:00:00,954.94,16,3,0,1014.36,925.7433333333329,942.4050000000001,930.72
2023-09-14 17:00:00,930.72,17,3,0,954.94,966.6733333333328,932.2816666666668,439.61
2023-09-14 18:00:00,439.61,18,3,0,930.72,775.0899999999996,830.1816666666667,360.54
2023-09-14 19:00:00,360.54,19,3,0,439.61,576.9566666666661,751.35,283.24
2023-09-14 20:00:00,283.24,20,3,0,360.54,361.1299999999995,663.9016666666668,192.79
2023-09-14 21:00:00,192.79,21,3,0,283.24,278.8566666666662,526.9733333333334,180.59
2023-09-14 22:00:00,180.59,22,3,0,192.79,218.8733333333328,397.91500000000013,183.17
2023-09-14 23:00:00,183.17,23,3,0,180.59,185.5166666666661,273.32333333333344,188.88
2023-09-15 00:00:00,188.88,0,4,0,183.17,184.2133333333328,231.53500000000005,177.1
2023-09-15 01:00:00,177.1,1,4,0,188.88,183.04999999999947,200.96166666666673,171.07
2023-09-15 02:00:00,171.07,2,4,0,177.1,179.0166666666661,182.26666666666674,186.23
2023-09-15 03:00:00,186.23,3,4,0,171.07,178.13333333333279,181.1733333333334,182.15
2023-09-15 04:00:00,182.15,4,4,0,186.23,179.81666666666615,181.4333333333334,193.64
2023-09-15 05:00:00,193.64,5,4,0,182.15,187.33999999999946,183.1783333333334,187.12
2023-09-15 06:00:00,187.12,6,4,0,193.64,187.63666666666612,182.88500000000008,536.76
2023-09-15 07:00:00,536.76,7,4,0,187.12,305.83999999999946,242.8283333333334,772.07
2023-09-15 08:00:00,772.07,8,4,0,536.76,498.64999999999947,342.9950000000001,949.69
2023-09-15 09:00:00,949.69,9,4,0,772.07,752.8399999999996,470.23833333333346,962.11
2023-09-15 10:00:00,962.11,10,4,0,949.69,894.6233333333329,600.2316666666667,983.53
2023-09-15 11:00:00,983.53,11,4,0,962.11,965.1099999999996,731.8800000000001,1048.89
2023-09-15 12:00:00,1048.89,12,4,0,983.53,998.1766666666662,875.5083333333336,791.56
2023-09-15 13:00:00,791.56,13,4,0,1048.89,941.326666666666,917.975,875.35
2023-09-15 14:00:00,875.35,14,4,0,791.56,905.2666666666661,935.1883333333335,1000.61
2023-09-15 15:00:00,1000.61,15,4,0,875.35,889.1733333333327,943.6750000000001,975.18
2023-09-15 16:00:00,975.18,16,4,0,1000.61,950.3799999999993,945.8533333333335,939.56
2023-09-15 17:00:00,939.56,17,4,0,975.18,971.7833333333327,938.525,451.82
2023-09-15 18:00:00,451.82,18,4,0,939.56,788.8533333333327,839.0133333333334,351.52
2023-09-15 19:00:00,351.52,19,4,0,451.82,580.9666666666661,765.6733333333333,288.4
2023-09-15 20:00:00,288.4,20,4,0,351.52,363.91333333333273,667.8483333333334,212.93
2023-09-15 21:00:00,212.93,21,4,0,288.4,284.28333333333273,536.5683333333335,193.47
2023-09-15 22:00:00,193.47,22,4,0,212.93,231.59999999999937,406.28333333333336,179.25
2023-09-15 23:00:00,179.25,23,4,0,193.47,195.21666666666604,279.56500000000005,196.62
2023-09-16 00:00:00,196.62,0,5,1,179.25,189.7799999999994,237.03166666666672,217.58
2023-09-16 01:00:00,217.58,1,5,1,196.62,197.81666666666607,214.7083333333334,206.79
2023-09-16 02:00:00,206.79,2,5,1,217.58,206.99666666666607,201.10666666666677,206.36
2023-09-16 03:00:00,206.36,3,5,1,206.79,210.24333333333274,200.01166666666674,195.92
2023-09-16 04:00:00,195.92,4,5,1,206.36,203.02333333333272,200.42000000000007,206.63
2023-09-16 05:00:00,206.63,5,5,1,195.92,202.96999999999943,204.98333333333343,208.39
2023-09-16 06:00:00,208.39,6,5,1,206.63,203.64666666666608,206.94500000000008,188.21
2023-09-16 07:00:00,188.21,7,5,1,208.39,201.07666666666606,202.05000000000007,191.69
2023-09-16 08:00:00,191.69,8,5,1,188.21,196.09666666666604,199.53333333333342,207.08
2023-09-16 09:00:00,207.08,9,5,1,191.69,195.6599999999994,199.65333333333342,324.69
2023-09-16 10:00:00,324.69,10,5,1,207.08,241.15333333333274,221.1150000000001,319.58
2023-09-16 11:00:00,319.58,11,5,1,324.69,283.78333333333273,239.94000000000005,324.39
2023-09-16 12:00:00,324.39,12,5,1,319.58,322.88666666666603,259.27333333333337,322.81
2023-09-16 13:00:00,322.81,13,5,1,324.39,322.25999999999937,281.70666666666676,322.5
2023-09-16 14:00:00,322.5,14,5,1,322.81,323.2333333333327,303.5083333333334,328.37
2023-09-16 15:00:00,328.37,15,5,1,322.5,324.55999999999943,323.7233333333334,327.64
2023-09-16 16:00:00,327.64,16,5,1,328.37,326.1699999999994,324.2150000000001,190.07
2023-09-16 17:00:00,190.07,17,5,1,327.64,282.0266666666661,302.63000000000005,191.19
2023-09-16 18:00:00,191.19,18,5,1,190.07,236.29999999999941,280.43000000000006,196.9
2023-09-16 19:00:00,196.9,19,5,1,191.19,192.71999999999937,259.44500000000005,190.86
2023-09-16 20:00:00,190.86,20,5,1,196.9,192.98333333333275,237.50500000000008,197.01
2023-09-16 21:00:00,197.01,21,5,1,190.86,194.92333333333272,215.61166666666676,213.2
2023-09-16 22:00:00,213.2,22,5,1,197.01,200.3566666666661,196.5383333333334,200.93
2023-09-16 23:00:00,200.93,23,5,1,213.2,203.7133333333327,198.3483333333334,202.25
2023-09-17 00:00:00,202.25,0,6,1,200.93,205.45999999999938,200.19166666666672,216.37
2023-09-17 01:00:00,216.37,1,6,1,202.25,206.51666666666605,203.43666666666672,209.27
2023-09-17 02:00:00,209.27,2,6,1,216.37,209.29666666666608,206.5050000000001,193.87
2023-09-17 03:00:00,193.87,3,6,1,209.27,206.50333333333273,205.98166666666677,196.78
2023-09-17 04:00:00,196.78,4,6,1,193.87,199.97333333333276,203.2450000000001,193.95
2023-09-17 05:00:00,193.95,5,6,1,196.78,194.86666666666608,202.08166666666673,192.08
2023-09-17 06:00:00,192.08,6,6,1,193.95,194.26999999999938,200.38666666666674,211.61
2023-09-17 07:00:00,211.61,7,6,1,192.08,199.21333333333277,199.5933333333334,188.6
2023-09-17 08:00:00,188.6,8,6,1,211.61,197.42999999999938,196.14833333333343,200.66
2023-09-17 09:00:00,200.66,9,6,1,188.6,200.2899999999994,197.2800000000001,325.77
2023-09-17 10:00:00,325.77,10,6,1,200.66,238.3433333333327,218.77833333333342,331.54
2023-09-17 11:00:00,331.54,11,6,1,325.77,285.9899999999994,241.71000000000006,318.67
2023-09-17 12:00:00,318.67,12,6,1,331.54,325.3266666666661,262.80833333333345,327.89
2023-09-17 13:00:00,327.89,13,6,1,318.67,326.03333333333273,282.1883333333334,320.03
2023-09-17 14:00:00,320.03,14,6,1,327.89,322.19666666666603,304.0933333333334,333.22
2023-09-17 15:00:00,333.22,15,6,1,320.03,327.04666666666606,326.1866666666667,337.39
2023-09-17 16:00:00,337.39,16,6,1,333.22,330.21333333333274,328.1233333333334,190.33
2023-09-17 17:00:00,190.33,17,6,1,337.39,286.9799999999994,304.5883333333334,189.58
2023-09-17 18:00:00,189.58,18,6,1,190.33,239.09999999999937,283.07333333333344,205.8
2023-09-17 19:00:00,205.8,19,6,1,189.58,195.23666666666608,262.7250000000001,194.27
2023-09-17 20:00:00,194.27,20,6,1,205.8,196.5499999999994,241.7650000000001,215.0
2023-09-17 21:00:00,215.0,21,6,1,194.27,205.02333333333274,222.06166666666675,208.04
2023-09-17 22:00:00,208.04,22,6,1,215.0,205.76999999999938,200.50333333333342,201.68
2023-09-17 23:00:00,201.68,23,6,1,208.04,208.2399999999994,202.3950000000001,176.45
2023-09-18 00:00:00,176.45,0,0,0,201.68,195.38999999999942,200.2066666666667,172.48
2023-09-18 01:00:00,172.48,1,0,0,176.45,183.53666666666606,194.6533333333334,199.02
2023-09-18 02:00:00,199.02,2,0,0,172.48,182.6499999999994,195.44500000000008,188.67
2023-09-18 03:00:00,188.67,3,0,0,199.02,186.7233333333327,191.05666666666673,197.61
2023-09-18 04:00:00,197.61,4,0,0,188.67,195.09999999999937,189.3183333333334,168.57
2023-09-18 05:00:00,168.57,5,0,0,197.61,184.9499999999994,183.80000000000007,180.97
2023-09-18 06:00:00,180.97,6,0,0,168.57,182.38333333333276,184.5533333333334,527.65
2023-09-18 07:00:00,527.65,7,0,0,180.97,292.396666666666,243.74833333333342,775.13
2023-09-18 08:00:00,775.13,8,0,0,527.65,494.58333333333275,339.7666666666667,941.11
2023-09-18 09:00:00,941.11,9,0,0,775.13,747.9633333333327,465.1733333333334,994.94
2023-09-18 10:00:00,994.94,10,0,0,941.11,903.7266666666661,598.0616666666667,997.94
2023-09-18 11:00:00,997.94,11,0,0,994.94,977.996666666666,736.2900000000001,1037.89
2023-09-18 12:00:00,1037.89,12,0,0,997.94,1010.2566666666662,879.1100000000001,823.13
2023-09-18 13:00:00,823.13,13,0,0,1037.89,952.9866666666661,928.3566666666669,808.61
2023-09-18 14:00:00,808.61,14,0,0,823.13,889.8766666666661,933.9366666666668,945.36
2023-09-18 15:00:00,945.36,15,0,0,808.61,859.0333333333327,934.645,1011.3
2023-09-18 16:00:00,1011.3,16,0,0,945.36,921.7566666666661,937.3716666666668,946.22
2023-09-18 17:00:00,946.22,17,0,0,1011.3,967.6266666666661,928.7516666666669,425.67
2023-09-18 18:00:00,425.67,18,0,0,946.22,794.3966666666661,826.7150000000001,367.3
2023-09-18 19:00:00,367.3,19,0,0,425.67,579.7299999999994,750.7433333333335,271.84
2023-09-18 20:00:00,271.84,20,0,0,367.3,354.93666666666604,661.2816666666668,190.05
2023-09-18 21:00:00,190.05,21,0,0,271.84,276.396666666666,535.3966666666666,181.05
2023-09-18 22:00:00,181.05,22,0,0,190.05,214.31333333333274,397.02166666666676,180.32
2023-09-18 23:00:00,180.32,23,0,0,181.05,183.80666666666608,269.3716666666667,180.91
2023-09-19 00:00:00,180.91,0,1,0,180.32,180.7599999999994,228.5783333333334,185.13
2023-09-19 01:00:00,185.13,1,1,0,180.91,182.1199999999994,198.21666666666673,182.77
2023-09-19 02:00:00,182.77,2,1,0,185.13,182.93666666666604,183.37166666666675,183.07
2023-09-19 03:00:00,183.07,3,1,0,182.77,183.65666666666607,182.2083333333334,188.93
2023-09-19 04:00:00,188.93,4,1,0,183.07,184.92333333333272,183.52166666666676,199.25
2023-09-19 05:00:00,199.25,5,1,0,188.93,190.41666666666606,186.67666666666673,183.62
2023-09-19 06:00:00,183.62,6,1,0,199.25,190.59999999999937,187.12833333333342,531.36
2023-09-19 07:00:00,531.36,7,1,0,183.62,304.7433333333327,244.8333333333334,763.08
2023-09-19 08:00:00,763.08,8,1,0,531.36,492.68666666666604,341.55166666666673,958.59
2023-09-19 09:00:00,958.59,9,1,0,763.08,751.0099999999994,470.80500000000006,963.55
2023-09-19 10:00:00,963.55,10,1,0,958.59,895.0733333333328,599.9083333333334,1009.62
2023-09-19 11:00:00,1009.62,11,1,0,963.55,977.2533333333328,734.9700000000001,1059.77
2023-09-19 12:00:00,1059.77,12,1,0,1009.62,1010.9799999999994,880.9950000000002,848.64
2023-09-19 13:00:00,848.64,13,1,0,1059.77,972.6766666666662,933.875,830.25
2023-09-19 14:00:00,830.25,14,1,0,848.64,912.886666666666,945.07,1001.42
2023-09-19 15:00:00,1001.42,15,1,0,830.25,893.436666666666,952.2083333333334,945.44
2023-09-19 16:00:00,945.44,16,1,0,1001.42,925.7033333333328,949.1900000000002,937.79
2023-09-19 17:00:00,937.79,17,1,0,945.44,961.5499999999994,937.2183333333336,461.83
2023-09-19 18:00:00,461.83,18,1,0,937.79,781.686666666666,837.5616666666668,369.03
2023-09-19 19:00:00,369.03,19,1,0,461.83,589.5499999999994,757.6266666666667,272.78
2023-09-19 20:00:00,272.78,20,1,0,369.03,367.87999999999937,664.715,187.9
2023-09-19 21:00:00,187.9,21,1,0,272.78,276.5699999999994,529.1283333333334,181.85
2023-09-19 22:00:00,181.85,22,1,0,187.9,214.17666666666605,401.8633333333334,193.82
2023-09-19 23:00:00,193.82,23,1,0,181.85,187.85666666666603,277.8683333333334,188.48
2023-09-20 00:00:00,188.48,0,2,0,193.82,188.0499999999994,232.31000000000006,187.24
2023-09-20 01:00:00,187.24,1,2,0,188.48,189.84666666666604,202.01166666666674,176.81
2023-09-20 02:00:00,176.81,2,2,0,187.24,184.17666666666605,186.01666666666677,188.6
2023-09-20 03:00:00,188.6,3,2,0,176.81,184.21666666666604,186.1333333333334,178.52
2023-09-20 04:00:00,178.52,4,2,0,188.6,181.30999999999938,185.5783333333334,181.15
2023-09-20 05:00:00,181.15,5,2,0,178.52,182.75666666666606,183.46666666666673,175.77
2023-09-20 06:00:00,175.77,6,2,0,181.15,178.47999999999942,181.3483333333334,534.89
2023-09-20 07:00:00,534.89,7,2,0,175.77,297.2699999999994,239.29000000000008,763.94
2023-09-20 08:00:00,763.94,8,2,0,534.89,491.5333333333328,337.1450000000001,953.74
2023-09-20 09:00:00,953.74,9,2,0,763.94,750.8566666666661,464.66833333333335,983.18
2023-09-20 10:00:00,983.18,10,2,0,953.74,900.2866666666661,598.7783333333334,1033.95
2023-09-20 11:00:00,1033.95,11,2,0,983.18,990.2899999999994,740.9116666666667,1121.51
2023-09-20 12:00:00,1121.51,12,2,0,1033.95,1046.2133333333327,898.5350000000002,812.4
2023-09-20 13:00:00,812.4,13,2,0,1121.51,989.2866666666661,944.7866666666667,805.07
2023-09-20 14:00:00,805.07,14,2,0,812.4,912.9933333333325,951.6416666666668,992.59
2023-09-20 15:00:00,992.59,15,2,0,805.07,870.0199999999994,958.1166666666667,947.57
2023-09-20 16:00:00,947.57,16,2,0,992.59,915.0766666666659,952.1816666666668,918.92
2023-09-20 17:00:00,918.92,17,2,0,947.57,953.0266666666661,933.0100000000002,444.18
2023-09-20 18:00:00,444.18,18,2,0,918.92,770.2233333333326,820.1216666666668,380.71
2023-09-20 19:00:00,380.71,19,2,0,444.18,581.2699999999993,748.1733333333333,300.91
2023-09-20 20:00:00,300.91,20,2,0,380.71,375.26666666666597,664.1466666666668,194.42
2023-09-20 21:00:00,194.42,21,2,0,300.91,292.01333333333264,531.1183333333335,204.59
2023-09-20 22:00:00,204.59,22,2,0,194.42,233.30666666666602,407.28833333333336,180.27
2023-09-20 23:00:00,180.27,23,2,0,204.59,193.09333333333265,284.1800000000001,194.07
2023-09-21 00:00:00,194.07,0,3,0,180.27,192.976666666666,242.4950000000001,188.0
2023-09-21 01:00:00,188.0,1,3,0,194.07,187.446666666666,210.37666666666675,193.5
2023-09-21 02:00:00,193.5,2,3,0,188.0,191.856666666666,192.47500000000005,183.79
2023-09-21 03:00:00,183.79,3,3,0,193.5,188.4299999999993,190.7033333333334,188.68
2023-09-21 04:00:00,188.68,4,3,0,183.79,188.65666666666598,188.05166666666673,186.23
2023-09-21 05:00:00,186.23,5,3,0,188.68,186.23333333333264,189.04500000000007,180.09
2023-09-21 06:00:00,180.09,6,3,0,186.23,184.99999999999932,186.71500000000006,528.72
2023-09-21 07:00:00,528.72,7,3,0,180.09,298.34666666666595,243.50166666666675,773.62
2023-09-21 08:00:00,773.62,8,3,0,528.72,494.1433333333327,340.18833333333345,918.54
2023-09-21 09:00:00,918.54,9,3,0,773.62,740.2933333333326,462.64666666666676,968.98
2023-09-21 10:00:00,968.98,10,3,0,918.54,887.046666666666,592.6966666666668,1039.61
2023-09-21 11:00:00,1039.61,11,3,0,968.98,975.7099999999992,734.9266666666667,1080.77
2023-09-21 12:00:00,1080.77,12,3,0,1039.61,1029.786666666666,885.04,772.38
2023-09-21 13:00:00,772.38,13,3,0,1080.77,964.2533333333326,925.65,843.59
2023-09-21 14:00:00,843.59,14,3,0,772.38,898.9133333333326,937.3116666666666,969.25
2023-09-21 15:00:00,969.25,15,3,0,843.59,861.7399999999992,945.7633333333333,1016.76
2023-09-21 16:00:00,1016.76,16,3,0,969.25,943.1999999999992,953.7266666666668,918.69
2023-09-21 17:00:00,918.69,17,3,0,1016.76,968.2333333333327,933.5733333333334,455.91
2023-09-21 18:00:00,455.91,18,3,0,918.69,797.1199999999993,829.4300000000002,363.24
2023-09-21 19:00:00,363.24,19,3,0,455.91,579.2799999999993,761.2400000000001,281.89
2023-09-21 20:00:00,281.89,20,3,0,363.24,367.0133333333326,667.6233333333333,191.72
2023-09-21 21:00:00,191.72,21,3,0,281.89,278.9499999999992,538.0350000000002,185.36
2023-09-21 22:00:00,185.36,22,3,0,191.72,219.65666666666593,399.4683333333334,192.4
2023-09-21 23:00:00,192.4,23,3,0,185.36,189.82666666666591,278.4200000000001,186.09
2023-09-22 00:00:00,186.09,0,4,0,192.4,187.94999999999925,233.45000000000007,180.54
2023-09-22 01:00:00,180.54,1,4,0,186.09,186.34333333333257,203.00000000000009,179.5
2023-09-22 02:00:00,179.5,2,4,0,180.54,182.04333333333258,185.9350000000001,180.03
2023-09-22 03:00:00,180.03,3,4,0,179.5,180.02333333333254,183.98666666666676,168.83
2023-09-22 04:00:00,168.83,4,4,0,180.03,176.11999999999924,181.23166666666677,172.1
2023-09-22 05:00:00,172.1,5,4,0,168.83,173.6533333333326,177.8483333333334,171.42
2023-09-22 06:00:00,171.42,6,4,0,172.1,170.7833333333326,175.40333333333342,534.6
2023-09-22 07:00:00,534.6,7,4,0,171.42,292.7066666666659,234.4133333333334,767.63
2023-09-22 08:00:00,767.63,8,4,0,534.6,491.21666666666596,332.4350000000001,932.11
2023-09-22 09:00:00,932.11,9,4,0,767.63,744.7799999999992,457.78166666666675,981.93
2023-09-22 10:00:00,981.93,10,4,0,932.11,893.8899999999993,593.2983333333334,1026.26
2023-09-22 11:00:00,1026.26,11,4,0,981.93,980.0999999999991,735.6583333333334,1097.68
2023-09-22 12:00:00,1097.68,12,4,0,1026.26,1035.2899999999993,890.035,834.38
2023-09-22 13:00:00,834.38,13,4,0,1097.68,986.106666666666,939.9983333333334,824.16
2023-09-22 14:00:00,824.16,14,4,0,834.38,918.7399999999992,949.4200000000001,970.02
2023-09-22 15:00:00,970.02,15,4,0,824.16,876.1866666666659,955.7383333333333,971.58
2023-09-22 16:00:00,971.58,16,4,0,970.02,921.9199999999992,954.0133333333334,903.87
2023-09-22 17:00:00,903.87,17,4,0,971.58,948.4899999999992,933.6150000000001,456.37
2023-09-22 18:00:00,456.37,18,4,0,903.87,777.2733333333325,826.73,362.09
2023-09-22 19:00:00,362.09,19,4,0,456.37,574.1099999999992,748.015,281.7
2023-09-22 20:00:00,281.7,20,4,0,362.09,366.7199999999992,657.605,194.35
2023-09-22 21:00:00,194.35,21,4,0,281.7,279.37999999999914,528.3266666666667,192.36
2023-09-22 22:00:00,192.36,22,4,0,194.35,222.8033333333325,398.4566666666667,190.3
2023-09-22 23:00:00,190.3,23,4,0,192.36,192.33666666666582,279.5283333333334,194.24
2023-09-23 00:00:00,194.24,0,5,1,190.3,192.29999999999916,235.84000000000012,205.96
2023-09-23 01:00:00,205.96,1,5,1,194.24,196.8333333333325,209.81833333333338,194.5
2023-09-23 02:00:00,194.5,2,5,1,205.96,198.23333333333252,195.28500000000008,201.11
2023-09-23 03:00:00,201.11,3,5,1,194.5,200.52333333333252,196.41166666666675,201.16
2023-09-23 04:00:00,201.16,4,5,1,201.11,198.9233333333325,197.87833333333342,212.81
2023-09-23 05:00:00,212.81,5,5,1,201.16,205.02666666666585,201.63000000000008,208.41
2023-09-23 06:00:00,208.41,6,5,1,212.81,207.45999999999916,203.99166666666676,194.44
2023-09-23 07:00:00,194.44,7,5,1,208.41,205.2199999999992,202.07166666666674,189.28
2023-09-23 08:00:00,189.28,8,5,1,194.44,197.37666666666584,201.20166666666674,197.7
2023-09-23 09:00:00,197.7,9,5,1,189.28,193.80666666666582,200.6333333333334,327.06
2023-09-23 10:00:00,327.06,10,5,1,197.7,238.0133333333325,221.61666666666676,334.66
2023-09-23 11:00:00,334.66,11,5,1,327.06,286.4733333333325,241.9250000000001,327.39
2023-09-23 12:00:00,327.39,12,5,1,334.66,329.7033333333325,261.75500000000005,321.12
2023-09-23 13:00:00,321.12,13,5,1,327.39,327.7233333333325,282.8683333333334,322.07
2023-09-23 14:00:00,322.07,14,5,1,321.12,323.5266666666658,305.00000000000006,318.28
2023-09-23 15:00:00,318.28,15,5,1,322.07,320.48999999999916,325.09666666666675,339.92
2023-09-23 16:00:00,339.92,16,5,1,318.28,326.7566666666658,327.24000000000007,206.69
2023-09-23 17:00:00,206.69,17,5,1,339.92,288.2966666666659,305.9116666666667,208.34
2023-09-23 18:00:00,208.34,18,5,1,206.69,251.64999999999918,286.0700000000001,202.4
2023-09-23 19:00:00,202.4,19,5,1,208.34,205.80999999999918,266.28333333333336,205.39
2023-09-23 20:00:00,205.39,20,5,1,202.4,205.37666666666587,246.83666666666673,202.17
2023-09-23 21:00:00,202.17,21,5,1,205.39,203.31999999999917,227.4850000000001,211.4
2023-09-23 22:00:00,211.4,22,5,1,202.17,206.31999999999917,206.06500000000005,189.1
2023-09-23 23:00:00,189.1,23,5,1,211.4,200.8899999999992,203.1333333333334,194.65
2023-09-24 00:00:00,194.65,0,6,1,189.1,198.38333333333253,200.85166666666672,210.96
2023-09-24 01:00:00,210.96,1,6,1,194.65,198.23666666666585,202.27833333333342,202.61
2023-09-24 02:00:00,202.61,2,6,1,210.96,202.73999999999918,201.81500000000008,212.27
2023-09-24 03:00:00,212.27,3,6,1,202.61,208.61333333333255,203.49833333333342,186.96
2023-09-24 04:00:00,186.96,4,6,1,212.27,200.61333333333252,199.42500000000007,193.33
2023-09-24 05:00:00,193.33,5,6,1,186.96,197.5199999999992,200.1300000000001,193.9
2023-09-24 06:00:00,193.9,6,6,1,193.33,191.39666666666585,200.00500000000008,203.34
2023-09-24 07:00:00,203.34,7,6,1,193.9,196.85666666666586,198.7350000000001,205.2
2023-09-24 08:00:00,205.2,8,6,1,203.34,200.8133333333325,199.16666666666674,203.08
2023-09-24 09:00:00,203.08,9,6,1,205.2,203.87333333333254,197.6350000000001,320.6
2023-09-24 10:00:00,320.6,10,6,1,203.08,242.9599999999992,219.90833333333342,334.48
2023-09-24 11:00:00,334.48,11,6,1,320.6,286.05333333333255,243.4333333333334,330.77
2023-09-24 12:00:00,330.77,12,6,1,334.48,328.6166666666659,266.24500000000006,322.67
2023-09-24 13:00:00,322.67,13,6,1,330.77,329.3066666666659,286.13333333333344,303.61
2023-09-24 14:00:00,303.61,14,6,1,322.67,319.0166666666659,302.5350000000001,324.61
2023-09-24 15:00:00,324.61,15,6,1,303.61,316.9633333333325,322.7900000000001,321.75
2023-09-24 16:00:00,321.75,16,6,1,324.61,316.65666666666584,322.98166666666674,190.86
2023-09-24 17:00:00,190.86,17,6,1,321.75,279.0733333333326,299.0450000000001,200.26
2023-09-24 18:00:00,200.26,18,6,1,190.86,237.62333333333254,277.2933333333334,195.58
2023-09-24 19:00:00,195.58,19,6,1,200.26,195.5666666666659,256.11166666666674,214.73
2023-09-24 20:00:00,214.73,20,6,1,195.58,203.52333333333254,241.2983333333334,195.83
2023-09-24 21:00:00,195.83,21,6,1,214.73,202.04666666666586,219.83500000000006,211.44
2023-09-24 22:00:00,211.44,22,6,1,195.83,207.33333333333255,201.45000000000007,207.3
2023-09-24 23:00:00,207.3,23,6,1,211.44,204.8566666666659,204.19000000000008,186.52
2023-09-25 00:00:00,186.52,0,0,0,207.3,201.75333333333253,201.9000000000001,187.49
2023-09-25 01:00:00,187.49,1,0,0,186.52,193.76999999999921,200.55166666666673,197.14
2023-09-25 02:00:00,197.14,2,0,0,187.49,190.38333333333253,197.6200000000001,191.56
2023-09-25 03:00:00,191.56,3,0,0,197.14,192.0633333333325,196.90833333333342,190.11
2023-09-25 04:00:00,190.11,4,0,0,191.56,192.9366666666659,193.35333333333344,208.38
2023-09-25 05:00:00,208.38,5,0,0,190.11,196.68333333333257,193.53333333333342,190.6
2023-09-25 06:00:00,190.6,6,0,0,208.38,196.36333333333255,194.2133333333334,535.0
2023-09-25 07:00:00,535.0,7,0,0,190.6,311.32666666666586,252.13166666666675,765.61
2023-09-25 08:00:00,765.61,8,0,0,535.0,497.06999999999925,346.8766666666668,909.5
2023-09-25 09:00:00,909.5,9,0,0,765.61,736.7033333333326,466.53333333333336,1017.92
2023-09-25 10:00:00,1017.92,10,0,0,909.5,897.6766666666659,604.5016666666667,996.33
2023-09-25 11:00:00,996.33,11,0,0,1017.92,974.5833333333326,735.8266666666668,1055.0
2023-09-25 12:00:00,1055.0,12,0,0,996.33,1023.0833333333326,879.8933333333334,811.14
2023-09-25 13:00:00,811.14,13,0,0,1055.0,954.1566666666658,925.9166666666666,839.32
2023-09-25 14:00:00,839.32,14,0,0,811.14,901.8199999999993,938.2016666666668,976.75
2023-09-25 15:00:00,976.75,15,0,0,839.32,875.7366666666659,949.4100000000002,933.74
2023-09-25 16:00:00,933.74,16,0,0,976.75,916.6033333333326,935.3800000000001,913.94
2023-09-25 17:00:00,913.94,17,0,0,933.74,941.4766666666659,921.6483333333334,440.45
2023-09-25 18:00:00,440.45,18,0,0,913.94,762.7099999999992,819.2233333333334,362.72
2023-09-25 19:00:00,362.72,19,0,0,440.45,572.3699999999993,744.4866666666667,294.34
2023-09-25 20:00:00,294.34,20,0,0,362.72,365.8366666666659,653.6566666666668,186.06
2023-09-25 21:00:00,186.06,21,0,0,294.34,281.0399999999992,521.8750000000001,184.28
2023-09-25 22:00:00,184.28,22,0,0,186.06,221.55999999999923,396.9650000000001,200.15
2023-09-25 23:00:00,200.15,23,0,0,184.28,190.1633333333326,278.00000000000006,185.41
2023-09-26 00:00:00,185.41,0,1,0,200.15,189.94666666666592,235.49333333333342,195.08
2023-09-26 01:00:00,195.08,1,1,0,185.41,193.54666666666594,207.5533333333334,195.76
2023-09-26 02:00:00,195.76,2,1,0,195.08,192.08333333333258,191.12333333333342,179.87
2023-09-26 03:00:00,179.87,3,1,0,195.76,190.2366666666659,190.09166666666678,184.42
2023-09-26 04:00:00,184.42,4,1,0,179.87,186.68333333333257,190.1150000000001,189.21
2023-09-26 05:00:00,189.21,5,1,0,184.42,184.49999999999923,188.29166666666674,172.67
2023-09-26 06:00:00,172.67,6,1,0,189.21,182.09999999999923,186.1683333333334,531.86
2023-09-26 07:00:00,531.86,7,1,0,172.67,297.91333333333256,242.2983333333334,782.24
2023-09-26 08:00:00,782.24,8,1,0,531.86,495.58999999999924,340.0450000000001,941.58
2023-09-26 09:00:00,941.58,9,1,0,782.24,751.8933333333325,466.9966666666667,987.65
2023-09-26 10:00:00,987.65,10,1,0,941.58,903.8233333333325,600.8683333333335,1033.55
2023-09-26 11:00:00,1033.55,11,1,0,987.65,987.5933333333327,741.5916666666667,1005.47
2023-09-26 12:00:00,1005.47,12,1,0,1033.55,1008.8899999999993,880.3916666666668,831.35
2023-09-26 13:00:00,831.35,13,1,0,1005.47,956.7899999999992,930.3066666666668,792.01
2023-09-26 14:00:00,792.01,14,1,0,831.35,876.2766666666658,931.935,1003.96
2023-09-26 15:00:00,1003.96,15,1,0,792.01,875.7733333333326,942.3316666666666,941.65
2023-09-26 16:00:00,941.65,16,1,0,1003.96,912.5399999999994,934.6650000000001,955.77
2023-09-26 17:00:00,955.77,17,1,0,941.65,967.1266666666658,921.7016666666667,467.41
2023-09-26 18:00:00,467.41,18,1,0,955.77,788.2766666666658,832.025,366.39
2023-09-26 19:00:00,366.39,19,1,0,467.41,596.5233333333325,754.5316666666668,276.35
2023-09-26 20:00:00,276.35,20,1,0,366.39,370.0499999999993,668.5883333333334,180.02
2023-09-26 21:00:00,180.02,21,1,0,276.35,274.2533333333326,531.265,168.15
2023-09-26 22:00:00,168.15,22,1,0,180.02,208.17333333333258,402.3483333333334,189.26
2023-09-26 23:00:00,189.26,23,1,0,168.15,179.1433333333326,274.59666666666675,186.27
2023-09-27 00:00:00,186.27,0,2,0,189.26,181.22666666666592,227.7400000000001,180.49
2023-09-27 01:00:00,180.49,1,2,0,186.27,185.33999999999924,196.75666666666677,177.28
2023-09-27 02:00:00,177.28,2,2,0,180.49,181.3466666666659,180.2450000000001,191.05
2023-09-27 03:00:00,191.05,3,2,0,177.28,182.93999999999926,182.0833333333334,181.36
2023-09-27 04:00:00,181.36,4,2,0,191.05,183.22999999999925,184.28500000000008,185.49
2023-09-27 05:00:00,185.49,5,2,0,181.36,185.96666666666593,183.65666666666675,171.29
2023-09-27 06:00:00,171.29,6,2,0,185.49,179.37999999999923,181.16000000000008,521.75
2023-09-27 07:00:00,521.75,7,2,0,171.29,292.84333333333257,238.03666666666675,768.36
2023-09-27 08:00:00,768.36,8,2,0,521.75,487.1333333333326,336.5500000000001,953.14
2023-09-27 09:00:00,953.14,9,2,0,768.36,747.7499999999992,463.56500000000005,1004.68
2023-09-27 10:00:00,1004.68,10,2,0,953.14,908.7266666666659,600.7850000000001,1000.47
2023-09-27 11:00:00,1000.47,11,2,0,1004.68,986.0966666666659,736.6150000000001,1058.97
2023-09-27 12:00:00,1058.97,12,2,0,1000.47,1021.3733333333325,884.5616666666668,811.55
2023-09-27 13:00:00,811.55,13,2,0,1058.97,956.996666666666,932.8616666666667,867.96
2023-09-27 14:00:00,867.96,14,2,0,811.55,912.8266666666659,949.4616666666667,1027.53
2023-09-27 15:00:00,1027.53,15,2,0,867.96,902.3466666666659,961.86,959.98
2023-09-27 16:00:00,959.98,16,2,0,1027.53,951.8233333333325,954.41,937.32
2023-09-27 17:00:00,937.32,17,2,0,959.98,974.9433333333326,943.8850000000001,460.42
2023-09-27 18:00:00,460.42,18,2,0,937.32,785.906666666666,844.1266666666667,353.73
2023-09-27 19:00:00,353.73,19,2,0,460.42,583.8233333333326,767.8233333333334,276.32
2023-09-27 20:00:00,276.32,20,2,0,353.73,363.48999999999927,669.2166666666667,182.81
2023-09-27 21:00:00,182.81,21,2,0,276.32,270.9533333333325,528.4300000000001,193.21
2023-09-27 22:00:00,193.21,22,2,0,182.81,217.44666666666592,400.63500000000005,176.68
2023-09-27 23:00:00,176.68,23,2,0,193.21,184.23333333333258,273.86166666666674,182.49
2023-09-28 00:00:00,182.49,0,3,0,176.68,184.1266666666659,227.54000000000008,191.33
2023-09-28 01:00:00,191.33,1,3,0,182.49,183.49999999999923,200.47333333333344,186.5
2023-09-28 02:00:00,186.5,2,3,0,191.33,186.7733333333326,185.50333333333342,190.58
2023-09-28 03:00:00,190.58,3,3,0,186.5,189.46999999999926,186.79833333333343,196.82
2023-09-28 04:00:00,196.82,4,3,0,190.58,191.29999999999924,187.4000000000001,188.96
2023-09-28 05:00:00,188.96,5,3,0,196.82,192.11999999999924,189.44666666666674,162.44
2023-09-28 06:00:00,162.44,6,3,0,188.96,182.73999999999924,186.1050000000001,520.31
2023-09-28 07:00:00,520.31,7,3,0,162.44,290.56999999999925,240.9350000000001,773.51
2023-09-28 08:00:00,773.51,8,3,0,520.31,485.4199999999992,338.77000000000004,905.24
2023-09-28 09:00:00,905.24,9,3,0,773.51,733.0199999999992,457.88000000000005,981.89
2023-09-28 10:00:00,981.89,10,3,0,905.24,886.8799999999992,588.725,1015.85
2023-09-28 11:00:00,1015.85,11,3,0,981.89,967.6599999999993,726.5400000000001,1083.61
2023-09-28 12:00:00,1083.61,12,3,0,1015.85,1027.1166666666659,880.0683333333333,828.36
2023-09-28 13:00:00,828.36,13,3,0,1083.61,975.9399999999993,931.41,806.77
2023-09-28 14:00:00,806.77,14,3,0,828.36,906.2466666666659,936.9533333333334,979.91
2023-09-28 15:00:00,979.91,15,3,0,806.77,871.6799999999993,949.3983333333334,966.25
2023-09-28 16:00:00,966.25,16,3,0,979.91,917.6433333333325,946.7916666666666,972.22
2023-09-28 17:00:00,972.22,17,3,0,966.25,972.7933333333325,939.5200000000001,447.8
2023-09-28 18:00:00,447.8,18,3,0,972.22,795.4233333333326,833.5516666666667,364.78
2023-09-28 19:00:00,364.78,19,3,0,447.8,594.9333333333326,756.2883333333334,282.42
2023-09-28 20:00:00,282.42,20,3,0,364.78,364.99999999999926,668.8966666666666,178.22
2023-09-28 21:00:00,178.22,21,3,0,282.42,275.13999999999925,535.2816666666668,179.83
2023-09-28 22:00:00,179.83,22,3,0,178.22,213.48999999999924,404.21166666666676,192.74
2023-09-28 23:00:00,192.74,23,3,0,179.83,183.5966666666659,274.2983333333334,194.27
2023-09-29 00:00:00,194.27,0,4,0,192.74,188.94666666666592,232.0433333333334,183.75
2023-09-29 01:00:00,183.75,1,4,0,194.27,190.25333333333256,201.87166666666675,172.34
2023-09-29 02:00:00,172.34,2,4,0,183.75,183.45333333333258,183.5250000000001,182.74
2023-09-29 03:00:00,182.74,3,4,0,172.34,179.60999999999925,184.27833333333342,183.5
2023-09-29 04:00:00,183.5,4,4,0,182.74,179.52666666666593,184.8900000000001,188.16
2023-09-29 05:00:00,188.16,5,4,0,183.5,184.79999999999924,184.12666666666675,199.72
2023-09-29 06:00:00,199.72,6,4,0,188.16,190.45999999999924,185.03500000000008,545.91
2023-09-29 07:00:00,545.91,7,4,0,199.72,311.2633333333326,245.39500000000007,778.29
2023-09-29 08:00:00,778.29,8,4,0,545.91,507.9733333333326,346.38666666666677,928.8
2023-09-29 09:00:00,928.8,9,4,0,778.29,750.9999999999992,470.73,991.53
2023-09-29 10:00:00,991.53,10,4,0,928.8,899.5399999999992,605.4016666666668,1004.33
2023-09-29 11:00:00,1004.33,11,4,0,991.53,974.886666666666,741.4300000000002,1084.58
2023-09-29 12:00:00,1084.58,12,4,0,1004.33,1026.8133333333326,888.9066666666668,774.28
2023-09-29 13:00:00,774.28,13,4,0,1084.58,954.396666666666,926.9683333333334,806.93
2023-09-29 14:00:00,806.93,14,4,0,774.28,888.5966666666659,931.7416666666667,1020.76
2023-09-29 15:00:00,1020.76,15,4,0,806.93,867.3233333333325,947.0683333333333,969.78
2023-09-29 16:00:00,969.78,16,4,0,1020.76,932.4899999999992,943.4433333333333,887.76
2023-09-29 17:00:00,887.76,17,4,0,969.78,959.4333333333326,924.015,494.31
2023-09-29 18:00:00,494.31,18,4,0,887.76,783.9499999999992,825.6366666666668,362.18
2023-09-29 19:00:00,362.18,19,4,0,494.31,581.416666666666,756.9533333333334,277.7
2023-09-29 20:00:00,277.7,20,4,0,362.18,378.0633333333326,668.7483333333333,181.63
2023-09-29 21:00:00,181.63,21,4,0,277.7,273.8366666666659,528.8933333333334,189.12
2023-09-29 22:00:00,189.12,22,4,0,181.63,216.14999999999927,398.78333333333336,196.27
2023-09-29 23:00:00,196.27,23,4,0,189.12,189.0066666666659,283.5350000000001,216.21
2023-09-30 00:00:00,216.21,0,5,1,196.27,200.5333333333326,237.18500000000006,196.53
2023-09-30 01:00:00,196.53,1,5,1,216.21,203.00333333333256,209.5766666666667,201.91
2023-09-30 02:00:00,201.91,2,5,1,196.53,204.88333333333262,196.94500000000008,203.42
2023-09-30 03:00:00,203.42,3,5,1,201.91,200.61999999999924,200.57666666666674,183.9
2023-09-30 04:00:00,183.9,4,5,1,203.42,196.40999999999926,199.70666666666673,197.0
2023-09-30 05:00:00,197.0,5,5,1,183.9,194.77333333333254,199.8283333333334,201.14
2023-09-30 06:00:00,201.14,6,5,1,197.0,194.01333333333255,197.31666666666672,195.23
2023-09-30 07:00:00,195.23,7,5,1,201.14,197.78999999999925,197.10000000000005,212.18
2023-09-30 08:00:00,212.18,8,5,1,195.23,202.84999999999923,198.81166666666672,224.88
2023-09-30 09:00:00,224.88,9,5,1,212.18,210.76333333333255,202.3883333333334,327.64
2023-09-30 10:00:00,327.64,10,5,1,224.88,254.8999999999992,226.34500000000006,312.87
2023-09-30 11:00:00,312.87,11,5,1,327.64,288.46333333333257,245.65666666666675,319.47
2023-09-30 12:00:00,319.47,12,5,1,312.87,319.9933333333326,265.3783333333334,325.18
2023-09-30 13:00:00,325.18,13,5,1,319.47,319.17333333333255,287.03666666666675,321.8
2023-09-30 14:00:00,321.8,14,5,1,325.18,322.14999999999924,305.3066666666668,327.48
2023-09-30 15:00:00,327.48,15,5,1,321.8,324.81999999999925,322.40666666666675,327.12
2023-09-30 16:00:00,327.12,16,5,1,327.48,325.4666666666659,322.3200000000001,196.92
2023-09-30 17:00:00,196.92,17,5,1,327.12,283.83999999999924,302.9950000000001,209.07
2023-09-30 18:00:00,209.07,18,5,1,196.92,244.36999999999924,284.5950000000001,202.95
2023-09-30 19:00:00,202.95,19,5,1,209.07,202.97999999999922,264.2233333333334,193.88
2023-09-30 20:00:00,193.88,20,5,1,202.95,201.9666666666659,242.9033333333334,217.14
2023-09-30 21:00:00,217.14,21,5,1,193.88,204.65666666666587,224.51333333333343,198.76
2023-09-30 22:00:00,198.76,22,5,1,217.14,203.25999999999922,203.1200000000001,208.94
2023-09-30 23:00:00,208.94,23,5,1,198.76,208.27999999999926,205.12333333333342,180.86
2023-10-01 00:00:00,180.86,0,6,1,208.94,196.18666666666593,200.42166666666674,184.91
2023-10-01 01:00:00,184.91,1,6,1,180.86,191.56999999999925,197.41500000000008,190.59
2023-10-01 02:00:00,190.59,2,6,1,184.91,185.45333333333258,196.86666666666676,186.67
2023-10-01 03:00:00,186.67,3,6,1,190.59,187.38999999999922,191.7883333333334,189.08
2023-10-01 04:00:00,189.08,4,6,1,186.67,188.77999999999926,190.17500000000007,203.94
2023-10-01 05:00:00,203.94,5,6,1,189.08,193.22999999999922,189.34166666666673,185.64
2023-10-01 06:00:00,185.64,6,6,1,203.94,192.8866666666659,190.1383333333334,193.93
2023-10-01 07:00:00,193.93,7,6,1,185.64,194.50333333333256,191.64166666666674,191.69
2023-10-01 08:00:00,191.69,8,6,1,193.93,190.41999999999925,191.82500000000007,203.72
2023-10-01 09:00:00,203.72,9,6,1,191.69,196.44666666666592,194.66666666666674,291.45
2023-10-01 10:00:00,291.45,10,6,1,203.72,228.95333333333255,211.72833333333338,290.58
2023-10-01 11:00:00,290.58,11,6,1,291.45,261.9166666666659,226.16833333333338,290.92
2023-10-01 12:00:00,290.92,12,6,1,290.58,290.9833333333326,243.71500000000006,296.02
2023-10-01 13:00:00,296.02,13,6,1,290.92,292.5066666666659,260.7300000000001,290.71
2023-10-01 14:00:00,290.71,14,6,1,296.02,292.5499999999992,277.2333333333334,279.88
2023-10-01 15:00:00,279.88,15,6,1,290.71,288.86999999999927,289.92666666666673,293.13
2023-10-01 16:00:00,293.13,16,6,1,279.88,287.9066666666659,290.20666666666676,198.0
2023-10-01 17:00:00,198.0,17,6,1,293.13,257.0033333333326,274.7766666666667,177.55
2023-10-01 18:00:00,177.55,18,6,1,198.0,222.8933333333326,255.88166666666675,186.5
2023-10-01 19:00:00,186.5,19,6,1,177.55,187.34999999999923,237.62833333333342,189.48
2023-10-01 20:00:00,189.48,20,6,1,186.5,184.50999999999922,220.75666666666675,185.91
2023-10-01 21:00:00,185.91,21,6,1,189.48,187.2966666666659,205.09500000000006,178.27
2023-10-01 22:00:00,178.27,22,6,1,185.91,184.55333333333257,185.95166666666674,182.99
2023-10-01 23:00:00,182.99,23,6,1,178.27,182.38999999999922,183.45000000000007,213.57
2023-10-02 00:00:00,213.57,0,0,0,182.99,191.60999999999925,189.4533333333334,221.94
2023-10-02 01:00:00,221.94,1,0,0,213.57,206.16666666666592,195.3600000000001,223.34
2023-10-02 02:00:00,223.34,2,0,0,221.94,219.6166666666659,201.00333333333342,226.61
2023-10-02 03:00:00,226.61,3,0,0,223.34,223.96333333333257,207.78666666666675,221.88
2023-10-02 04:00:00,221.88,4,0,0,226.61,223.9433333333326,215.05500000000006,236.46
2023-10-02 05:00:00,236.46,5,0,0,221.88,228.31666666666592,223.96666666666673,229.1
2023-10-02 06:00:00,229.1,6,0,0,236.46,229.14666666666594,226.55500000000006,211.38
2023-10-02 07:00:00,211.38,7,0,0,229.1,225.64666666666594,224.79500000000007,222.23
2023-10-02 08:00:00,222.23,8,0,0,211.38,220.90333333333254,224.6100000000001,224.14
2023-10-02 09:00:00,224.14,9,0,0,222.23,219.24999999999923,224.19833333333338,236.95
2023-10-02 10:00:00,236.95,10,0,0,224.14,227.77333333333254,226.71000000000006,202.22
2023-10-02 11:00:00,202.22,11,0,0,236.95,221.10333333333256,221.00333333333342,183.83
2023-10-02 12:00:00,183.83,12,0,0,202.22,207.66666666666592,213.4583333333334,197.36
2023-10-02 13:00:00,197.36,13,0,0,183.83,194.46999999999926,211.12166666666675,196.96
2023-10-02 14:00:00,196.96,14,0,0,197.36,192.71666666666593,206.91000000000008,228.5
2023-10-02 15:00:00,228.5,15,0,0,196.96,207.6066666666659,207.63666666666674,217.89
2023-10-02 16:00:00,217.89,16,0,0,228.5,214.44999999999922,204.46000000000006,229.74
2023-10-02 17:00:00,229.74,17,0,0,217.89,225.3766666666659,209.04666666666674,219.6
2023-10-02 18:00:00,219.6,18,0,0,229.74,222.40999999999926,215.00833333333344,225.15
2023-10-02 19:00:00,225.15,19,0,0,219.6,224.82999999999925,219.64000000000007,212.42
2023-10-02 20:00:00,212.42,20,0,0,225.15,219.0566666666659,222.21666666666673,212.56
2023-10-02 21:00:00,212.56,21,0,0,212.42,216.70999999999924,219.56000000000006,233.49
2023-10-02 22:00:00,233.49,22,0,0,212.56,219.48999999999924,222.16000000000008,225.47
2023-10-02 23:00:00,225.47,23,0,0,233.49,223.83999999999924,221.4483333333334,181.41
2023-10-03 00:00:00,181.41,0,1,0,225.47,213.4566666666659,215.0833333333334,185.24
2023-10-03 01:00:00,185.24,1,1,0,181.41,197.37333333333257,208.43166666666676,164.63
2023-10-03 02:00:00,164.63,2,1,0,185.24,177.09333333333257,200.46666666666673,174.72
2023-10-03 03:00:00,174.72,3,1,0,164.63,174.86333333333258,194.16000000000008,181.27
2023-10-03 04:00:00,181.27,4,1,0,174.72,173.53999999999925,185.45666666666673,169.28
2023-10-03 05:00:00,169.28,5,1,0,181.27,175.08999999999924,176.09166666666673,157.56
2023-10-03 06:00:00,157.56,6,1,0,169.28,169.36999999999924,172.11666666666676,450.47
2023-10-03 07:00:00,450.47,7,1,0,157.56,259.1033333333326,216.32166666666674,669.39
2023-10-03 08:00:00,669.39,8,1,0,450.47,425.80666666666593,300.44833333333344,815.05
2023-10-03 09:00:00,815.05,9,1,0,669.39,644.9699999999992,407.1700000000001,854.87
2023-10-03 10:00:00,854.87,10,1,0,815.05,779.7699999999992,519.4366666666668,823.33
2023-10-03 11:00:00,823.33,11,1,0,854.87,831.0833333333326,628.445,890.43
2023-10-03 12:00:00,890.43,12,1,0,823.33,856.2099999999991,750.5900000000001,679.87
2023-10-03 13:00:00,679.87,13,1,0,890.43,797.876666666666,788.8233333333334,698.73
2023-10-03 14:00:00,698.73,14,1,0,679.87,756.3433333333327,793.7133333333335,886.95
2023-10-03 15:00:00,886.95,15,1,0,698.73,755.1833333333326,805.6966666666667,828.75
2023-10-03 16:00:00,828.75,16,1,0,886.95,804.8099999999994,801.3433333333334,828.6
2023-10-03 17:00:00,828.6,17,1,0,828.75,848.0999999999993,802.2216666666667,380.42
2023-10-03 18:00:00,380.42,18,1,0,828.6,679.2566666666659,717.2200000000001,323.72
2023-10-03 19:00:00,323.72,19,1,0,380.42,510.91333333333256,657.8616666666668,257.23
2023-10-03 20:00:00,257.23,20,1,0,323.72,320.45666666666597,584.2783333333334,182.92
2023-10-03 21:00:00,182.92,21,1,0,257.23,254.62333333333257,466.94000000000005,185.61
2023-10-03 22:00:00,185.61,22,1,0,182.92,208.5866666666659,359.75000000000006,178.34
2023-10-03 23:00:00,178.34,23,1,0,185.61,182.28999999999925,251.37333333333342,189.4
2023-10-04 00:00:00,189.4,0,2,0,178.34,184.44999999999925,219.53666666666675,177.73
2023-10-04 01:00:00,177.73,1,2,0,189.4,181.82333333333258,195.20500000000007,168.1
2023-10-04 02:00:00,168.1,2,2,0,177.73,178.40999999999926,180.35000000000005,175.37
2023-10-04 03:00:00,175.37,3,2,0,168.1,173.73333333333258,179.09166666666673,178.94
2023-10-04 04:00:00,178.94,4,2,0,175.37,174.1366666666659,177.98000000000005,158.41
2023-10-04 05:00:00,158.41,5,2,0,178.94,170.90666666666593,174.65833333333342,181.87
2023-10-04 06:00:00,181.87,6,2,0,158.41,173.07333333333258,173.40333333333342,458.34
2023-10-04 07:00:00,458.34,7,2,0,181.87,266.2066666666659,220.17166666666674,661.09
2023-10-04 08:00:00,661.09,8,2,0,458.34,433.76666666666597,302.33666666666676,808.98
2023-10-04 09:00:00,808.98,9,2,0,661.09,642.8033333333325,407.93833333333333,914.48
2023-10-04 10:00:00,914.48,10,2,0,808.98,794.8499999999993,530.5283333333333,839.36
2023-10-04 11:00:00,839.36,11,2,0,914.48,854.2733333333326,644.0200000000001,885.63
2023-10-04 12:00:00,885.63,12,2,0,839.36,879.8233333333325,761.3133333333335,688.12
2023-10-04 13:00:00,688.12,13,2,0,885.63,804.3699999999993,799.6100000000001,704.08
2023-10-04 14:00:00,704.08,14,2,0,688.12,759.2766666666658,806.7750000000001,821.14
2023-10-04 15:00:00,821.14,15,2,0,704.08,737.7799999999992,808.8016666666667,846.15
2023-10-04 16:00:00,846.15,16,2,0,821.14,790.4566666666659,797.4133333333334,761.89
2023-10-04 17:00:00,761.89,17,2,0,846.15,809.7266666666659,784.5016666666667,404.23
2023-10-04 18:00:00,404.23,18,2,0,761.89,670.7566666666659,704.2683333333334,306.19
2023-10-04 19:00:00,306.19,19,2,0,404.23,490.76999999999924,640.6133333333335,264.43
2023-10-04 20:00:00,264.43,20,2,0,306.19,324.94999999999925,567.3383333333334,184.54
2023-10-04 21:00:00,184.54,21,2,0,264.43,251.71999999999923,461.2383333333334,185.79
2023-10-04 22:00:00,185.79,22,2,0,184.54,211.5866666666659,351.17833333333346,176.51
2023-10-04 23:00:00,176.51,23,2,0,185.79,182.2799999999992,253.6150000000001,169.18
2023-10-05 00:00:00,169.18,0,3,0,176.51,177.15999999999926,214.44000000000008,169.5
2023-10-05 01:00:00,169.5,1,3,0,169.18,171.72999999999925,191.65833333333342,175.47
2023-10-05 02:00:00,175.47,2,3,0,169.5,171.38333333333256,176.83166666666673,174.26
2023-10-05 03:00:00,174.26,3,3,0,175.47,173.07666666666591,175.11833333333342,169.57
2023-10-05 04:00:00,169.57,4,3,0,174.26,173.09999999999923,172.41500000000008,172.84
2023-10-05 05:00:00,172.84,5,3,0,169.57,172.22333333333256,171.80333333333343,180.84
2023-10-05 06:00:00,180.84,6,3,0,172.84,174.41666666666592,173.74666666666675,464.81
2023-10-05 07:00:00,464.81,7,3,0,180.84,272.82999999999925,222.96500000000006,658.92
2023-10-05 08:00:00,658.92,8,3,0,464.81,434.8566666666659,303.54,807.23
2023-10-05 09:00:00,807.23,9,3,0,658.92,643.6533333333326,409.0350000000001,876.75
2023-10-05 10:00:00,876.75,10,3,0,807.23,780.9666666666659,526.8983333333334,837.15
2023-10-05 11:00:00,837.15,11,3,0,876.75,840.376666666666,637.6166666666668,954.31
2023-10-05 12:00:00,954.31,12,3,0,837.15,889.4033333333326,766.5283333333333,664.14
2023-10-05 13:00:00,664.14,13,3,0,954.31,818.5333333333325,799.7500000000001,728.29
2023-10-05 14:00:00,728.29,14,3,0,664.14,782.2466666666659,811.3116666666668,811.76
2023-10-05 15:00:00,811.76,15,3,0,728.29,734.7299999999992,812.0666666666667,864.8
2023-10-05 16:00:00,864.8,16,3,0,811.76,801.6166666666659,810.0749999999999,810.25
2023-10-05 17:00:00,810.25,17,3,0,864.8,828.9366666666659,805.5916666666667,359.99
2023-10-05 18:00:00,359.99,18,3,0,810.25,678.3466666666659,706.5383333333334,314.49
2023-10-05 19:00:00,314.49,19,3,0,359.99,494.90999999999923,648.2633333333334,256.89
2023-10-05 20:00:00,256.89,20,3,0,314.49,310.4566666666659,569.6966666666667,173.67
2023-10-05 21:00:00,173.67,21,3,0,256.89,248.34999999999923,463.3483333333334,164.86
2023-10-05 22:00:00,164.86,22,3,0,173.67,198.47333333333256,346.6916666666668,180.78
2023-10-05 23:00:00,180.78,23,3,0,164.86,173.10333333333256,241.78000000000006,160.28
2023-10-06 00:00:00,160.28,0,4,0,180.78,168.63999999999928,208.4950000000001,178.15
2023-10-06 01:00:00,178.15,1,4,0,160.28,173.06999999999925,185.77166666666676,179.49
2023-10-06 02:00:00,179.49,2,4,0,178.15,172.63999999999928,172.87166666666675,169.66
2023-10-06 03:00:00,169.66,3,4,0,179.49,175.76666666666594,172.2033333333334,178.17
2023-10-06 04:00:00,178.17,4,4,0,169.66,175.77333333333254,174.42166666666674,171.02
2023-10-06 05:00:00,171.02,5,4,0,178.17,172.94999999999925,172.79500000000007,181.04
2023-10-06 06:00:00,181.04,6,4,0,171.02,176.74333333333257,176.25500000000008,462.89
2023-10-06 07:00:00,462.89,7,4,0,181.04,271.64999999999924,223.71166666666673,678.77
2023-10-06 08:00:00,678.77,8,4,0,462.89,440.89999999999924,306.92500000000007,765.78
2023-10-06 09:00:00,765.78,9,4,0,678.77,635.8133333333326,406.27833333333336,806.43
2023-10-06 10:00:00,806.43,10,4,0,765.78,750.3266666666659,510.9883333333334,899.12
2023-10-06 11:00:00,899.12,11,4,0,806.43,823.7766666666658,632.3383333333334,880.3
2023-10-06 12:00:00,880.3,12,4,0,899.12,861.9499999999992,748.8816666666667,667.08
2023-10-06 13:00:00,667.08,13,4,0,880.3,815.4999999999992,782.9133333333334,735.0
2023-10-06 14:00:00,735.0,14,4,0,667.08,760.7933333333326,792.285,813.59
2023-10-06 15:00:00,813.59,15,4,0,735.0,738.5566666666659,800.2533333333334,823.7
2023-10-06 16:00:00,823.7,16,4,0,813.59,790.7633333333328,803.1316666666668,820.68
2023-10-06 17:00:00,820.68,17,4,0,823.7,819.3233333333327,790.0583333333334,404.72
2023-10-06 18:00:00,404.72,18,4,0,820.68,683.0333333333325,710.7950000000001,333.29
2023-10-06 19:00:00,333.29,19,4,0,404.72,519.5633333333326,655.1633333333334,268.33
2023-10-06 20:00:00,268.33,20,4,0,333.29,335.4466666666659,577.3850000000001,183.37
2023-10-06 21:00:00,183.37,21,4,0,268.33,261.66333333333256,472.34833333333336,173.74
2023-10-06 22:00:00,173.74,22,4,0,183.37,208.47999999999925,364.02166666666676,166.39
2023-10-06 23:00:00,166.39,23,4,0,173.74,174.49999999999923,254.97333333333344,169.04
2023-10-07 00:00:00,169.04,0,5,1,166.39,169.72333333333256,215.69333333333338,181.56
2023-10-07 01:00:00,181.56,1,5,1,169.04,172.32999999999925,190.40500000000006,189.17
2023-10-07 02:00:00,189.17,2,5,1,181.56,179.92333333333258,177.21166666666673,181.5
2023-10-07 03:00:00,181.5,3,5,1,189.17,184.07666666666591,176.9000000000001,173.18
2023-10-07 04:00:00,173.18,4,5,1,181.5,181.28333333333254,176.80666666666673,189.28
2023-10-07 05:00:00,189.28,5,5,1,173.18,181.31999999999925,180.62166666666675,181.56
2023-10-07 06:00:00,181.56,6,5,1,189.28,181.33999999999924,182.7083333333334,192.49
2023-10-07 07:00:00,192.49,7,5,1,181.56,187.77666666666593,184.5300000000001,192.77
2023-10-07 08:00:00,192.77,8,5,1,192.49,188.93999999999926,185.13000000000008,194.54
2023-10-07 09:00:00,194.54,9,5,1,192.77,193.26666666666588,187.3033333333334,281.87
2023-10-07 10:00:00,281.87,10,5,1,194.54,223.05999999999923,205.4183333333334,282.79
2023-10-07 11:00:00,282.79,11,5,1,281.87,253.06666666666592,221.00333333333342,290.09
2023-10-07 12:00:00,290.09,12,5,1,282.79,284.9166666666659,239.09166666666678,274.23
2023-10-07 13:00:00,274.23,13,5,1,290.09,282.36999999999927,252.71500000000006,289.92
2023-10-07 14:00:00,289.92,14,5,1,274.23,284.74666666666593,268.90666666666675,302.1
2023-10-07 15:00:00,302.1,15,5,1,289.92,288.74999999999926,286.8333333333334,295.39
2023-10-07 16:00:00,295.39,16,5,1,302.1,295.8033333333326,289.08666666666676,189.78
2023-10-07 17:00:00,189.78,17,5,1,295.39,262.42333333333255,273.5850000000001,187.36
2023-10-07 18:00:00,187.36,18,5,1,189.78,224.1766666666659,256.4633333333334,182.12
2023-10-07 19:00:00,182.12,19,5,1,187.36,186.41999999999925,241.11166666666676,213.64
2023-10-07 20:00:00,213.64,20,5,1,182.12,194.37333333333257,228.39833333333343,189.67
2023-10-07 21:00:00,189.67,21,5,1,213.64,195.1433333333326,209.66000000000008,188.11
2023-10-07 22:00:00,188.11,22,5,1,189.67,197.13999999999928,191.7800000000001,189.72
2023-10-07 23:00:00,189.72,23,5,1,188.11,189.16666666666592,191.77000000000007,188.83
2023-10-08 00:00:00,188.83,0,6,1,189.72,188.88666666666595,192.01500000000007,189.74
2023-10-08 01:00:00,189.74,1,6,1,188.83,189.42999999999924,193.28500000000008,184.67
2023-10-08 02:00:00,184.67,2,6,1,189.74,187.7466666666659,188.45666666666673,184.28
2023-10-08 03:00:00,184.28,3,6,1,184.67,186.22999999999925,187.5583333333334,192.55
2023-10-08 04:00:00,192.55,4,6,1,184.28,187.16666666666592,188.2983333333334,193.2
2023-10-08 05:00:00,193.2,5,6,1,192.55,190.00999999999922,188.87833333333342,186.01
2023-10-08 06:00:00,186.01,6,6,1,193.2,190.5866666666659,188.40833333333342,193.7
2023-10-08 07:00:00,193.7,7,6,1,186.01,190.96999999999923,189.0683333333334,188.93
2023-10-08 08:00:00,188.93,8,6,1,193.7,189.5466666666659,189.77833333333342,189.24
2023-10-08 09:00:00,189.24,9,6,1,188.93,190.62333333333257,190.6050000000001,290.28
2023-10-08 10:00:00,290.28,10,6,1,189.24,222.81666666666592,206.89333333333343,282.54
2023-10-08 11:00:00,282.54,11,6,1,290.28,254.01999999999921,221.78333333333342,281.11
2023-10-08 12:00:00,281.11,12,6,1,282.54,284.6433333333326,237.6333333333334,282.84
2023-10-08 13:00:00,282.84,13,6,1,281.11,282.16333333333256,252.4900000000001,280.58
2023-10-08 14:00:00,280.58,14,6,1,282.84,281.50999999999925,267.7650000000001,270.87
2023-10-08 15:00:00,270.87,15,6,1,280.58,278.0966666666659,281.37000000000006,289.41
2023-10-08 16:00:00,289.41,16,6,1,270.87,280.2866666666659,281.2250000000001,186.33
2023-10-08 17:00:00,186.33,17,6,1,289.41,248.86999999999924,265.19000000000005,179.13
2023-10-08 18:00:00,179.13,18,6,1,186.33,218.28999999999925,248.1933333333334,190.22
2023-10-08 19:00:00,190.22,19,6,1,179.13,185.22666666666592,232.75666666666677,181.89
2023-10-08 20:00:00,181.89,20,6,1,190.22,183.7466666666659,216.3083333333334,185.14
2023-10-08 21:00:00,185.14,21,6,1,181.89,185.74999999999923,202.0200000000001,200.14
2023-10-08 22:00:00,200.14,22,6,1,185.14,189.0566666666659,187.14166666666674,195.47
2023-10-08 23:00:00,195.47,23,6,1,200.14,193.58333333333258,188.66500000000008,176.66
2023-10-09 00:00:00,176.66,0,0,0,195.47,190.7566666666659,188.25333333333342,177.82
2023-10-09 01:00:00,177.82,1,0,0,176.66,183.31666666666592,186.18666666666672,179.38
2023-10-09 02:00:00,179.38,2,0,0,177.82,177.95333333333255,185.76833333333343,178.48
2023-10-09 03:00:00,178.48,3,0,0,179.38,178.55999999999923,184.6583333333334,166.61
2023-10-09 04:00:00,166.61,4,0,0,178.48,174.82333333333258,179.07000000000008,171.77
2023-10-09 05:00:00,171.77,5,0,0,166.61,172.28666666666592,175.1200000000001,150.48
2023-10-09 06:00:00,150.48,6,0,0,171.77,162.95333333333258,170.75666666666675,460.67
2023-10-09 07:00:00,460.67,7,0,0,150.48,260.97333333333256,217.8983333333334,671.31
2023-10-09 08:00:00,671.31,8,0,0,460.67,427.48666666666594,299.8866666666667,818.25
2023-10-09 09:00:00,818.25,9,0,0,671.31,650.0766666666659,406.5150000000001,823.97
2023-10-09 10:00:00,823.97,10,0,0,818.25,771.1766666666658,516.075,856.66
2023-10-09 11:00:00,856.66,11,0,0,823.97,832.9599999999991,630.2233333333334,907.93
2023-10-09 12:00:00,907.93,12,0,0,856.66,862.8533333333326,756.465,695.84
2023-10-09 13:00:00,695.84,13,0,0,907.93,820.1433333333325,795.66,745.31
2023-10-09 14:00:00,745.31,14,0,0,695.84,783.0266666666658,807.9933333333335,861.18
2023-10-09 15:00:00,861.18,15,0,0,745.31,767.4433333333326,815.1483333333334,821.45
2023-10-09 16:00:00,821.45,16,0,0,861.18,809.3133333333326,814.7283333333335,814.71
2023-10-09 17:00:00,814.71,17,0,0,821.45,832.4466666666659,807.7366666666668,417.8
2023-10-09 18:00:00,417.8,18,0,0,814.71,684.6533333333326,726.0483333333333,339.36
2023-10-09 19:00:00,339.36,19,0,0,417.8,523.9566666666659,666.6350000000001,266.69
2023-10-09 20:00:00,266.69,20,0,0,339.36,341.28333333333256,586.8650000000001,167.88
2023-10-09 21:00:00,167.88,21,0,0,266.69,257.9766666666659,471.31500000000005,177.39
2023-10-09 22:00:00,177.39,22,0,0,167.88,203.9866666666659,363.9716666666668,161.64
2023-10-09 23:00:00,161.64,23,0,0,177.39,168.96999999999923,255.12666666666678,178.61
2023-10-10 00:00:00,178.61,0,1,0,161.64,172.5466666666659,215.26166666666674,171.1
2023-10-10 01:00:00,171.1,1,1,0,178.61,170.44999999999925,187.2183333333334,172.87
2023-10-10 02:00:00,172.87,2,1,0,171.1,174.1933333333326,171.58166666666673,184.99
2023-10-10 03:00:00,184.99,3,1,0,172.87,176.31999999999925,174.4333333333334,176.63
2023-10-10 04:00:00,176.63,4,1,0,184.99,178.1633333333326,174.30666666666673,174.36
2023-10-10 05:00:00,174.36,5,1,0,176.63,178.65999999999926,176.42666666666673,173.15
2023-10-10 06:00:00,173.15,6,1,0,174.36,174.71333333333257,175.51666666666674,464.85
2023-10-10 07:00:00,464.85,7,1,0,173.15,270.7866666666659,224.47500000000005,657.32
2023-10-10 08:00:00,657.32,8,1,0,464.85,431.77333333333263,305.21666666666675,769.34
2023-10-10 09:00:00,769.34,9,1,0,657.32,630.5033333333325,402.6083333333334,837.2
2023-10-10 10:00:00,837.2,10,1,0,769.34,754.6199999999993,512.7033333333335,874.78
2023-10-10 11:00:00,874.78,11,1,0,837.2,827.106666666666,629.44,901.38
2023-10-10 12:00:00,901.38,12,1,0,874.78,871.1199999999993,750.8116666666668,730.03
2023-10-10 13:00:00,730.03,13,1,0,901.38,835.396666666666,795.0083333333333,711.21
2023-10-10 14:00:00,711.21,14,1,0,730.03,780.8733333333325,803.9900000000001,862.17
2023-10-10 15:00:00,862.17,15,1,0,711.21,767.8033333333325,819.4616666666667,834.46
2023-10-10 16:00:00,834.46,16,1,0,862.17,802.6133333333327,819.0050000000001,783.69
2023-10-10 17:00:00,783.69,17,1,0,834.46,826.7733333333326,803.8233333333334,351.85
2023-10-10 18:00:00,351.85,18,1,0,783.69,656.666666666666,712.2350000000001,312.51
2023-10-10 19:00:00,312.51,19,1,0,351.85,482.68333333333266,642.6483333333334,265.9
2023-10-10 20:00:00,265.9,20,1,0,312.51,310.0866666666659,568.4300000000001,176.13
2023-10-10 21:00:00,176.13,21,1,0,265.9,251.51333333333255,454.09000000000015,182.43
2023-10-10 22:00:00,182.43,22,1,0,176.13,208.1533333333326,345.41833333333346,164.08
2023-10-10 23:00:00,164.08,23,1,0,182.43,174.21333333333257,242.1500000000001,185.45
2023-10-11 00:00:00,185.45,0,2,0,164.08,177.31999999999925,214.41666666666674,182.04
2023-10-11 01:00:00,182.04,1,2,0,185.45,177.18999999999923,192.67166666666674,180.53
2023-10-11 02:00:00,180.53,2,2,0,182.04,182.67333333333258,178.4433333333334,177.54
2023-10-11 03:00:00,177.54,3,2,0,180.53,180.03666666666592,178.6783333333334,177.29
2023-10-11 04:00:00,177.29,4,2,0,177.54,178.45333333333258,177.82166666666672,178.38
2023-10-11 05:00:00,178.38,5,2,0,177.29,177.7366666666659,180.20500000000007,187.05
2023-10-11 06:00:00,187.05,6,2,0,178.38,180.90666666666593,180.47166666666672,453.9
2023-10-11 07:00:00,453.9,7,2,0,187.05,273.1099999999993,225.78166666666675,664.15
2023-10-11 08:00:00,664.15,8,2,0,453.9,435.03333333333256,306.38500000000005,847.65
2023-10-11 09:00:00,847.65,9,2,0,664.15,655.2333333333326,418.0700000000001,841.88
2023-10-11 10:00:00,841.88,10,2,0,847.65,784.5599999999991,528.835,872.45
2023-10-11 11:00:00,872.45,11,2,0,841.88,853.9933333333325,644.5133333333334,925.51
2023-10-11 12:00:00,925.51,12,2,0,872.45,879.9466666666659,767.59,720.72
2023-10-11 13:00:00,720.72,13,2,0,925.51,839.5599999999991,812.0600000000001,694.74
2023-10-11 14:00:00,694.74,14,2,0,720.72,780.3233333333327,817.1583333333334,846.2
2023-10-11 15:00:00,846.2,15,2,0,694.74,753.8866666666659,816.9166666666666,828.48
2023-10-11 16:00:00,828.48,16,2,0,846.2,789.8066666666659,814.6833333333334,837.57
2023-10-11 17:00:00,837.57,17,2,0,828.48,837.416666666666,808.87,405.36
2023-10-11 18:00:00,405.36,18,2,0,837.57,690.4699999999993,722.1783333333334,330.74
2023-10-11 19:00:00,330.74,19,2,0,405.36,524.5566666666659,657.1816666666667,250.19
2023-10-11 20:00:00,250.19,20,2,0,330.74,328.7633333333326,583.09,187.22
2023-10-11 21:00:00,187.22,21,2,0,250.19,256.0499999999992,473.26000000000005,177.88
2023-10-11 22:00:00,177.88,22,2,0,187.22,205.0966666666659,364.82666666666677,170.21
2023-10-11 23:00:00,170.21,23,2,0,177.88,178.4366666666659,253.60000000000005,172.14
2023-10-12 00:00:00,172.14,0,3,0,170.21,173.40999999999926,214.7300000000001,175.3
2023-10-12 01:00:00,175.3,1,3,0,172.14,172.54999999999924,188.8233333333334,177.84
2023-10-12 02:00:00,177.84,2,3,0,175.3,175.09333333333257,176.76500000000007,188.61
2023-10-12 03:00:00,188.61,3,3,0,177.84,180.58333333333258,176.99666666666675,162.13
2023-10-12 04:00:00,162.13,4,3,0,188.61,176.1933333333326,174.37166666666675,181.36
2023-10-12 05:00:00,181.36,5,3,0,162.13,177.3666666666659,176.2300000000001,167.75
2023-10-12 06:00:00,167.75,6,3,0,181.36,170.4133333333326,175.49833333333342,476.96
2023-10-12 07:00:00,476.96,7,3,0,167.75,275.3566666666659,225.7750000000001,663.69
2023-10-12 08:00:00,663.69,8,3,0,476.96,436.1333333333326,306.75000000000006,821.51
2023-10-12 09:00:00,821.51,9,3,0,663.69,654.0533333333325,412.2333333333334,860.41
2023-10-12 10:00:00,860.41,10,3,0,821.51,781.8699999999993,528.6133333333333,857.27
2023-10-12 11:00:00,857.27,11,3,0,860.41,846.396666666666,641.265,950.34
2023-10-12 12:00:00,950.34,12,3,0,857.27,889.3399999999992,771.6966666666667,679.15
2023-10-12 13:00:00,679.15,13,3,0,950.34,828.9199999999992,805.395,697.38
2023-10-12 14:00:00,697.38,14,3,0,679.15,775.6233333333325,811.0100000000001,855.67
2023-10-12 15:00:00,855.67,15,3,0,697.38,744.0666666666658,816.7033333333334,842.67
2023-10-12 16:00:00,842.67,16,3,0,855.67,798.5733333333325,813.7466666666668,835.27
2023-10-12 17:00:00,835.27,17,3,0,842.67,844.5366666666658,810.08,394.15
2023-10-12 18:00:00,394.15,18,3,0,835.27,690.6966666666658,717.3816666666667,325.34
2023-10-12 19:00:00,325.34,19,3,0,394.15,518.2533333333325,658.4133333333333,257.44
2023-10-12 20:00:00,257.44,20,3,0,325.34,325.6433333333326,585.09,168.98
2023-10-12 21:00:00,168.98,21,3,0,257.44,250.5866666666659,470.6416666666667,174.2
2023-10-12 22:00:00,174.2,22,3,0,168.98,200.2066666666659,359.2300000000001,152.66
2023-10-12 23:00:00,152.66,23,3,0,174.2,165.27999999999923,245.46166666666673,168.32
2023-10-13 00:00:00,168.32,0,4,0,152.66,165.05999999999923,207.82333333333338,163.33
2023-10-13 01:00:00,163.33,1,4,0,168.32,161.43666666666593,180.82166666666672,166.66
2023-10-13 02:00:00,166.66,2,4,0,163.33,166.10333333333259,165.69166666666675,175.03
2023-10-13 03:00:00,175.03,3,4,0,166.66,168.33999999999924,166.70000000000007,174.74
2023-10-13 04:00:00,174.74,4,4,0,175.03,172.14333333333255,166.79000000000008,167.49
2023-10-13 05:00:00,167.49,5,4,0,174.74,172.41999999999925,169.26166666666674,181.21
2023-10-13 06:00:00,181.21,6,4,0,167.49,174.47999999999925,171.41000000000008,451.25
2023-10-13 07:00:00,451.25,7,4,0,181.21,266.64999999999924,219.39666666666676,687.81
2023-10-13 08:00:00,687.81,8,4,0,451.25,440.08999999999924,306.2550000000001,786.81
2023-10-13 09:00:00,786.81,9,4,0,687.81,641.9566666666659,408.2183333333334,867.74
2023-10-13 10:00:00,867.74,10,4,0,786.81,780.786666666666,523.7183333333334,910.45
2023-10-13 11:00:00,910.45,11,4,0,867.74,854.9999999999992,647.5450000000001,858.54
2023-10-13 12:00:00,858.54,12,4,0,910.45,878.9099999999993,760.4333333333334,719.67
2023-10-13 13:00:00,719.67,13,4,0,858.54,829.5533333333325,805.1700000000001,704.45
2023-10-13 14:00:00,704.45,14,4,0,719.67,760.8866666666659,807.9433333333335,832.92
2023-10-13 15:00:00,832.92,15,4,0,704.45,752.3466666666659,815.6283333333334,879.62
2023-10-13 16:00:00,879.62,16,4,0,832.92,805.6633333333325,817.6083333333335,787.45
2023-10-13 17:00:00,787.45,17,4,0,879.62,833.3299999999994,797.1083333333335,405.01
2023-10-13 18:00:00,405.01,18,4,0,787.45,690.6933333333326,721.5200000000001,323.48
2023-10-13 19:00:00,323.48,19,4,0,405.01,505.3133333333326,655.4883333333333,255.43
2023-10-13 20:00:00,255.43,20,4,0,323.48,327.9733333333326,580.6516666666668,171.0
2023-10-13 21:00:00,171.0,21,4,0,255.43,249.96999999999926,470.3316666666667,183.95
2023-10-13 22:00:00,183.95,22,4,0,171.0,203.45999999999924,354.38666666666677,185.74
2023-10-13 23:00:00,185.74,23,4,0,183.95,180.22999999999925,254.10166666666677,195.97
2023-10-14 00:00:00,195.97,0,5,1,185.74,188.55333333333257,219.26166666666674,176.55
2023-10-14 01:00:00,176.55,1,5,1,195.97,186.0866666666659,194.77333333333343,180.17
2023-10-14 02:00:00,180.17,2,5,1,176.55,184.22999999999925,182.23000000000005,181.16
2023-10-14 03:00:00,181.16,3,5,1,180.17,179.29333333333258,183.9233333333334,197.48
2023-10-14 04:00:00,197.48,4,5,1,181.16,186.26999999999921,186.1783333333334,177.27
2023-10-14 05:00:00,177.27,5,5,1,197.48,185.30333333333257,184.76666666666674,197.13
2023-10-14 06:00:00,197.13,6,5,1,177.27,190.6266666666659,184.96000000000006,192.7
2023-10-14 07:00:00,192.7,7,5,1,197.13,189.0333333333326,187.65166666666676,189.54
2023-10-14 08:00:00,189.54,8,5,1,192.7,193.12333333333257,189.2133333333334,193.88
2023-10-14 09:00:00,193.88,9,5,1,189.54,192.03999999999925,191.3333333333334,284.87
2023-10-14 10:00:00,284.87,10,5,1,193.88,222.76333333333255,205.8983333333334,301.55
2023-10-14 11:00:00,301.55,11,5,1,284.87,260.0999999999992,226.61166666666676,282.51
2023-10-14 12:00:00,282.51,12,5,1,301.55,289.6433333333326,240.84166666666678,289.56
2023-10-14 13:00:00,289.56,13,5,1,282.51,291.2066666666659,256.98500000000007,287.19
2023-10-14 14:00:00,287.19,14,5,1,289.56,286.4199999999992,273.26000000000005,289.22
2023-10-14 15:00:00,289.22,15,5,1,287.19,288.6566666666659,289.1500000000001,293.65
2023-10-14 16:00:00,293.65,16,5,1,289.22,290.01999999999924,290.6133333333334,201.45
2023-10-14 17:00:00,201.45,17,5,1,293.65,261.4399999999992,273.9300000000001,182.88
2023-10-14 18:00:00,182.88,18,5,1,201.45,225.99333333333257,257.3250000000001,186.13
2023-10-14 19:00:00,186.13,19,5,1,182.88,190.1533333333326,240.08666666666673,199.23
2023-10-14 20:00:00,199.23,20,5,1,186.13,189.4133333333326,225.42666666666673,199.58
2023-10-14 21:00:00,199.58,21,5,1,199.23,194.97999999999925,210.48666666666676,189.16
2023-10-14 22:00:00,189.16,22,5,1,199.58,195.98999999999924,193.07166666666674,186.21
2023-10-14 23:00:00,186.21,23,5,1,189.16,191.64999999999927,190.53166666666675,179.31
2023-10-15 00:00:00,179.31,0,6,1,186.21,184.8933333333326,189.93666666666675,188.07
2023-10-15 01:00:00,188.07,1,6,1,179.31,184.52999999999926,190.26000000000008,179.31
2023-10-15 02:00:00,179.31,2,6,1,188.07,182.22999999999925,186.94000000000008,194.39
2023-10-15 03:00:00,194.39,3,6,1,179.31,187.2566666666659,186.07500000000007,184.01
2023-10-15 04:00:00,184.01,4,6,1,194.39,185.9033333333326,185.21666666666673,188.25
2023-10-15 05:00:00,188.25,5,6,1,184.01,188.88333333333256,185.55666666666673,184.05
2023-10-15 06:00:00,184.05,6,6,1,188.25,185.4366666666659,186.34666666666672,184.73
2023-10-15 07:00:00,184.73,7,6,1,184.05,185.6766666666659,185.79000000000008,193.47
2023-10-15 08:00:00,193.47,8,6,1,184.73,187.41666666666592,188.1500000000001,192.64
2023-10-15 09:00:00,192.64,9,6,1,193.47,190.2799999999992,187.85833333333338,295.17
2023-10-15 10:00:00,295.17,10,6,1,192.64,227.09333333333257,206.38500000000008,281.29
2023-10-15 11:00:00,281.29,11,6,1,295.17,256.36666666666594,221.89166666666674,300.85
2023-10-15 12:00:00,300.85,12,6,1,281.29,292.43666666666593,241.35833333333343,290.47
2023-10-15 13:00:00,290.47,13,6,1,300.85,290.86999999999927,258.98166666666674,295.53
2023-10-15 14:00:00,295.53,14,6,1,290.47,295.61666666666594,275.99166666666673,295.35
2023-10-15 15:00:00,295.35,15,6,1,295.53,293.78333333333256,293.11000000000007,286.86
2023-10-15 16:00:00,286.86,16,6,1,295.35,292.57999999999925,291.7250000000001,194.53
2023-10-15 17:00:00,194.53,17,6,1,286.86,258.91333333333256,277.2650000000001,183.74
2023-10-15 18:00:00,183.74,18,6,1,194.53,221.70999999999924,257.7466666666667,185.36
2023-10-15 19:00:00,185.36,19,6,1,183.74,187.8766666666659,240.22833333333338,196.53
2023-10-15 20:00:00,196.53,20,6,1,185.36,188.5433333333326,223.72833333333338,179.4
2023-10-15 21:00:00,179.4,21,6,1,196.53,187.09666666666593,204.40333333333342,189.82
2023-10-15 22:00:00,189.82,22,6,1,179.4,188.58333333333258,188.23000000000005,194.67
2023-10-15 23:00:00,194.67,23,6,1,189.82,187.96333333333257,188.25333333333342,185.36
2023-10-16 00:00:00,185.36,0,0,0,194.67,189.94999999999925,188.5233333333334,172.57
2023-10-16 01:00:00,172.57,1,0,0,185.36,184.19999999999922,186.39166666666674,175.06
2023-10-16 02:00:00,175.06,2,0,0,172.57,177.6633333333326,182.81333333333342,174.63
2023-10-16 03:00:00,174.63,3,0,0,175.06,174.0866666666659,182.01833333333343,160.12
2023-10-16 04:00:00,160.12,4,0,0,174.63,169.9366666666659,177.06833333333338,166.47
2023-10-16 05:00:00,166.47,5,0,0,160.12,167.07333333333258,172.36833333333342,163.62
2023-10-16 06:00:00,163.62,6,0,0,166.47,163.4033333333326,168.7450000000001,456.88
2023-10-16 07:00:00,456.88,7,0,0,163.62,262.3233333333326,216.1300000000001,660.1
2023-10-16 08:00:00,660.1,8,0,0,456.88,426.8666666666659,296.9700000000001,793.29
2023-10-16 09:00:00,793.29,9,0,0,660.1,636.7566666666659,400.0800000000001,848.31
2023-10-16 10:00:00,848.31,10,0,0,793.29,767.2333333333326,514.7783333333334,874.2
2023-10-16 11:00:00,874.2,11,0,0,848.31,838.5999999999993,632.7333333333335,913.94
2023-10-16 12:00:00,913.94,12,0,0,874.2,878.816666666666,757.7866666666667,715.03
2023-10-16 13:00:00,715.03,13,0,0,913.94,834.3899999999993,800.8116666666668,711.28
2023-10-16 14:00:00,711.28,14,0,0,715.03,780.0833333333326,809.3416666666667,843.1
2023-10-16 15:00:00,843.1,15,0,0,711.28,756.4699999999992,817.6433333333334,813.13
2023-10-16 16:00:00,813.13,16,0,0,843.1,789.1699999999993,811.7800000000001,801.5
2023-10-16 17:00:00,801.5,17,0,0,813.13,819.2433333333325,799.6633333333334,379.39
2023-10-16 18:00:00,379.39,18,0,0,801.5,664.6733333333326,710.5716666666667,323.98
2023-10-16 19:00:00,323.98,19,0,0,379.39,501.62333333333254,645.3966666666668,257.02
2023-10-16 20:00:00,257.02,20,0,0,323.98,320.12999999999926,569.6866666666667,169.55
2023-10-16 21:00:00,169.55,21,0,0,257.02,250.18333333333257,457.42833333333334,172.66
2023-10-16 22:00:00,172.66,22,0,0,169.55,199.74333333333257,350.6833333333334,181.36
2023-10-16 23:00:00,181.36,23,0,0,172.66,174.5233333333326,247.32666666666674,171.14
2023-10-17 00:00:00,171.14,0,1,0,181.36,175.05333333333257,212.61833333333342,197.96
2023-10-17 01:00:00,197.96,1,1,0,171.14,183.4866666666659,191.6150000000001,172.03
2023-10-17 02:00:00,172.03,2,1,0,197.96,180.3766666666659,177.45000000000007,173.45
2023-10-17 03:00:00,173.45,3,1,0,172.03,181.14666666666594,178.1000000000001,173.1
2023-10-17 04:00:00,173.1,4,1,0,173.45,172.85999999999922,178.1733333333334,178.65
2023-10-17 05:00:00,178.65,5,1,0,173.1,175.06666666666592,177.72166666666672,185.91
2023-10-17 06:00:00,185.91,6,1,0,178.65,179.21999999999923,180.1833333333334,456.04
2023-10-17 07:00:00,456.04,7,1,0,185.91,273.53333333333256,223.19666666666672,666.14
2023-10-17 08:00:00,666.14,8,1,0,456.04,436.0299999999993,305.5483333333334,801.1
2023-10-17 09:00:00,801.1,9,1,0,666.14,641.0933333333326,410.15666666666675,835.77
2023-10-17 10:00:00,835.77,10,1,0,801.1,767.6699999999992,520.6016666666668,886.72
2023-10-17 11:00:00,886.72,11,1,0,835.77,841.1966666666659,638.6133333333333,926.66
2023-10-17 12:00:00,926.66,12,1,0,886.72,883.0499999999993,762.0716666666667,654.82
2023-10-17 13:00:00,654.82,13,1,0,926.66,822.7333333333327,795.2016666666668,685.61
2023-10-17 14:00:00,685.61,14,1,0,654.82,755.6966666666659,798.4466666666667,836.28
2023-10-17 15:00:00,836.28,15,1,0,685.61,725.5699999999993,804.3100000000001,814.99
2023-10-17 16:00:00,814.99,16,1,0,836.28,778.9599999999992,800.8466666666667,782.27
2023-10-17 17:00:00,782.27,17,1,0,814.99,811.1799999999993,783.4383333333335,411.37
2023-10-17 18:00:00,411.37,18,1,0,782.27,669.5433333333326,697.5566666666668,309.73
2023-10-17 19:00:00,309.73,19,1,0,411.37,501.12333333333254,640.0416666666667,256.88
2023-10-17 20:00:00,256.88,20,1,0,309.73,325.9933333333326,568.5866666666667,189.15
2023-10-17 21:00:00,189.15,21,1,0,256.88,251.91999999999925,460.7316666666668,197.51
2023-10-17 22:00:00,197.51,22,1,0,189.15,214.51333333333255,357.8183333333334,170.49
2023-10-17 23:00:00,170.49,23,1,0,197.51,185.7166666666659,255.8550000000001,177.12
2023-10-18 00:00:00,177.12,0,2,0,170.49,181.7066666666659,216.81333333333342,159.1
2023-10-18 01:00:00,159.1,1,2,0,177.12,168.9033333333326,191.7083333333334,177.53
2023-10-18 02:00:00,177.53,2,2,0,159.1,171.24999999999923,178.48333333333343,181.67
2023-10-18 03:00:00,181.67,3,2,0,177.53,172.76666666666588,177.23666666666676,170.08
2023-10-18 04:00:00,170.08,4,2,0,181.67,176.4266666666659,172.66500000000008,162.59
2023-10-18 05:00:00,162.59,5,2,0,170.08,171.44666666666592,171.34833333333344,172.69
2023-10-18 06:00:00,172.69,6,2,0,162.59,168.45333333333258,170.6100000000001,463.63
2023-10-18 07:00:00,463.63,7,2,0,172.69,266.30333333333255,221.3650000000001,658.06
2023-10-18 08:00:00,658.06,8,2,0,463.63,431.4599999999992,301.45333333333343,795.1
2023-10-18 09:00:00,795.1,9,2,0,658.06,638.9299999999993,403.6916666666668,861.83
2023-10-18 10:00:00,861.83,10,2,0,795.1,771.6633333333326,518.9833333333335,838.17
2023-10-18 11:00:00,838.17,11,2,0,861.83,831.6999999999992,631.58,878.43
2023-10-18 12:00:00,878.43,12,2,0,838.17,859.4766666666659,749.2033333333334,681.63
2023-10-18 13:00:00,681.63,13,2,0,878.43,799.4099999999993,785.5366666666667,672.31
2023-10-18 14:00:00,672.31,14,2,0,681.63,744.1233333333325,787.9116666666667,845.29
2023-10-18 15:00:00,845.29,15,2,0,672.31,733.0766666666659,796.2766666666666,817.69
2023-10-18 16:00:00,817.69,16,2,0,845.29,778.4299999999993,788.9200000000001,777.08
2023-10-18 17:00:00,777.08,17,2,0,817.69,813.3533333333326,778.7383333333333,410.27
2023-10-18 18:00:00,410.27,18,2,0,777.08,668.3466666666659,700.7116666666667,323.31
2023-10-18 19:00:00,323.31,19,2,0,410.27,503.55333333333255,640.9916666666667,248.88
2023-10-18 20:00:00,248.88,20,2,0,323.31,327.48666666666594,570.4200000000001,174.8
2023-10-18 21:00:00,174.8,21,2,0,248.88,248.9966666666659,458.6716666666668,161.78
2023-10-18 22:00:00,161.78,22,2,0,174.8,195.1533333333326,349.3533333333334,163.9
2023-10-18 23:00:00,163.9,23,2,0,161.78,166.82666666666591,247.15666666666675,182.64
2023-10-19 00:00:00,182.64,0,3,0,163.9,169.43999999999923,209.2183333333334,169.94
2023-10-19 01:00:00,169.94,1,3,0,182.64,172.15999999999926,183.65666666666675,171.01
2023-10-19 02:00:00,171.01,2,3,0,169.94,174.5299999999992,170.6783333333334,184.93
2023-10-19 03:00:00,184.93,3,3,0,171.01,175.29333333333258,172.36666666666676,173.05
2023-10-19 04:00:00,173.05,4,3,0,184.93,176.32999999999925,174.2450000000001,183.01
2023-10-19 05:00:00,183.01,5,3,0,173.05,180.32999999999925,177.43000000000006,175.97
2023-10-19 06:00:00,175.97,6,3,0,183.01,177.34333333333257,176.3183333333334,453.28
2023-10-19 07:00:00,453.28,7,3,0,175.97,270.7533333333326,223.54166666666674,664.23
2023-10-19 08:00:00,664.23,8,3,0,453.28,431.15999999999923,305.74500000000006,797.41
2023-10-19 09:00:00,797.41,9,3,0,664.23,638.3066666666659,407.82500000000005,847.15
2023-10-19 10:00:00,847.15,10,3,0,797.41,769.5966666666659,520.1750000000001,862.42
2023-10-19 11:00:00,862.42,11,3,0,847.15,835.6599999999993,633.4100000000001,921.49
2023-10-19 12:00:00,921.49,12,3,0,862.42,877.0199999999992,757.6633333333334,760.51
2023-10-19 13:00:00,760.51,13,3,0,921.49,848.1399999999993,808.8683333333333,713.29
2023-10-19 14:00:00,713.29,14,3,0,760.51,798.4299999999993,817.045,852.43
2023-10-19 15:00:00,852.43,15,3,0,713.29,775.4099999999993,826.215,821.71
2023-10-19 16:00:00,821.71,16,3,0,852.43,795.8099999999991,821.975,807.12
2023-10-19 17:00:00,807.12,17,3,0,821.71,827.0866666666658,812.7583333333333,438.92
2023-10-19 18:00:00,438.92,18,3,0,807.12,689.2499999999992,732.33,323.15
2023-10-19 19:00:00,323.15,19,3,0,438.92,523.0633333333326,659.4366666666667,259.05
2023-10-19 20:00:00,259.05,20,3,0,323.15,340.3733333333326,583.73,156.01
2023-10-19 21:00:00,156.01,21,3,0,259.05,246.06999999999925,467.6600000000001,157.86
2023-10-19 22:00:00,157.86,22,3,0,156.01,190.9733333333326,357.01833333333343,184.0
2023-10-19 23:00:00,184.0,23,3,0,157.86,165.9566666666659,253.1650000000001,160.24
2023-10-20 00:00:00,160.24,0,4,0,184.0,167.3666666666659,206.7183333333334,186.98
2023-10-20 01:00:00,186.98,1,4,0,160.24,177.07333333333258,184.0233333333334,180.89
2023-10-20 02:00:00,180.89,2,4,0,186.98,176.03666666666592,170.99666666666675,167.08
2023-10-20 03:00:00,167.08,3,4,0,180.89,178.31666666666592,172.84166666666673,168.16
2023-10-20 04:00:00,168.16,4,4,0,167.08,172.04333333333258,174.5583333333334,168.47
2023-10-20 05:00:00,168.47,5,4,0,168.16,167.90333333333257,171.97000000000006,159.45
2023-10-20 06:00:00,159.45,6,4,0,168.47,165.35999999999925,171.8383333333334,453.85
2023-10-20 07:00:00,453.85,7,4,0,159.45,260.58999999999924,216.31666666666675,665.62
2023-10-20 08:00:00,665.62,8,4,0,453.85,426.30666666666593,297.1050000000001,801.19
2023-10-20 09:00:00,801.19,9,4,0,665.62,640.2199999999993,402.79000000000013,894.53
2023-10-20 10:00:00,894.53,10,4,0,801.19,787.1133333333327,523.8516666666668,851.16
2023-10-20 11:00:00,851.16,11,4,0,894.53,848.9599999999992,637.6333333333333,916.35
2023-10-20 12:00:00,916.35,12,4,0,851.16,887.3466666666659,763.7833333333334,677.09
2023-10-20 13:00:00,677.09,13,4,0,916.35,814.8666666666659,800.9900000000001,674.29
2023-10-20 14:00:00,674.29,14,4,0,677.09,755.9099999999993,802.4350000000001,847.79
2023-10-20 15:00:00,847.79,15,4,0,674.29,733.0566666666659,810.2016666666668,839.22
2023-10-20 16:00:00,839.22,16,4,0,847.79,787.0999999999991,800.9833333333335,815.76
2023-10-20 17:00:00,815.76,17,4,0,839.22,834.2566666666659,795.0833333333335,410.67
2023-10-20 18:00:00,410.67,18,4,0,815.76,688.5499999999993,710.8033333333334,317.59
2023-10-20 19:00:00,317.59,19,4,0,410.67,514.6733333333326,650.8866666666668,267.09
2023-10-20 20:00:00,267.09,20,4,0,317.59,331.78333333333256,583.0200000000001,164.36
2023-10-20 21:00:00,164.36,21,4,0,267.09,249.67999999999924,469.11500000000007,165.4
2023-10-20 22:00:00,165.4,22,4,0,164.36,198.94999999999925,356.8116666666667,177.1
2023-10-20 23:00:00,177.1,23,4,0,165.4,168.95333333333258,250.36833333333342,197.35
2023-10-21 00:00:00,197.35,0,5,1,177.1,179.94999999999925,214.81500000000008,186.85
2023-10-21 01:00:00,186.85,1,5,1,197.35,187.09999999999923,193.0250000000001,190.43
2023-10-21 02:00:00,190.43,2,5,1,186.85,191.54333333333258,180.24833333333342,174.75
2023-10-21 03:00:00,174.75,3,5,1,190.43,184.00999999999922,181.98000000000005,178.52
2023-10-21 04:00:00,178.52,4,5,1,174.75,181.23333333333258,184.16666666666674,199.57
2023-10-21 05:00:00,199.57,5,5,1,178.52,184.27999999999926,187.91166666666675,170.33
2023-10-21 06:00:00,170.33,6,5,1,199.57,182.80666666666593,183.40833333333342,191.67
2023-10-21 07:00:00,191.67,7,5,1,170.33,187.18999999999926,184.21166666666673,196.5
2023-10-21 08:00:00,196.5,8,5,1,191.67,186.16666666666592,185.2233333333334,178.68
2023-10-21 09:00:00,178.68,9,5,1,196.5,188.94999999999925,185.87833333333342,298.2
2023-10-21 10:00:00,298.2,10,5,1,178.68,224.45999999999924,205.82500000000005,293.12
2023-10-21 11:00:00,293.12,11,5,1,298.2,256.6666666666659,221.41666666666674,296.47
2023-10-21 12:00:00,296.47,12,5,1,293.12,295.9299999999992,242.44000000000008,281.28
2023-10-21 13:00:00,281.28,13,5,1,296.47,290.2899999999992,257.37500000000006,288.2
2023-10-21 14:00:00,288.2,14,5,1,281.28,288.64999999999924,272.6583333333334,296.56
2023-10-21 15:00:00,296.56,15,5,1,288.2,288.6799999999992,292.30500000000006,286.61
2023-10-21 16:00:00,286.61,16,5,1,296.56,290.4566666666659,290.37333333333345,182.97
2023-10-21 17:00:00,182.97,17,5,1,286.61,255.37999999999928,272.01500000000004,191.21
2023-10-21 18:00:00,191.21,18,5,1,182.97,220.26333333333255,254.47166666666672,184.47
2023-10-21 19:00:00,184.47,19,5,1,191.21,186.2166666666659,238.33666666666673,180.09
2023-10-21 20:00:00,180.09,20,5,1,184.47,185.2566666666659,220.31833333333338,187.88
2023-10-21 21:00:00,187.88,21,5,1,180.09,184.14666666666594,202.20500000000007,196.04
2023-10-21 22:00:00,196.04,22,5,1,187.88,188.00333333333256,187.1100000000001,187.23
2023-10-21 23:00:00,187.23,23,5,1,196.04,190.38333333333256,187.82000000000008,197.9
2023-10-22 00:00:00,197.9,0,6,1,187.23,193.72333333333256,188.93500000000006,191.81
2023-10-22 01:00:00,191.81,1,6,1,197.9,192.3133333333326,190.15833333333342,184.95
2023-10-22 02:00:00,184.95,2,6,1,191.81,191.55333333333257,190.9683333333334,202.52
2023-10-22 03:00:00,202.52,3,6,1,184.95,193.09333333333257,193.40833333333342,184.0
2023-10-22 04:00:00,184.0,4,6,1,202.52,190.48999999999924,191.40166666666676,190.26
2023-10-22 05:00:00,190.26,5,6,1,184.0,192.25999999999922,191.90666666666675,185.71
2023-10-22 06:00:00,185.71,6,6,1,190.26,186.65666666666593,189.87500000000009,191.98
2023-10-22 07:00:00,191.98,7,6,1,185.71,189.31666666666592,189.90333333333342,194.3
2023-10-22 08:00:00,194.3,8,6,1,191.98,190.6633333333326,191.46166666666673,182.62
2023-10-22 09:00:00,182.62,9,6,1,194.3,189.63333333333256,188.1450000000001,298.25
2023-10-22 10:00:00,298.25,10,6,1,182.62,225.05666666666593,207.18666666666675,285.91
2023-10-22 11:00:00,285.91,11,6,1,298.25,255.59333333333257,223.12833333333342,307.31
2023-10-22 12:00:00,307.31,12,6,1,285.91,297.1566666666659,243.3950000000001,277.02
2023-10-22 13:00:00,277.02,13,6,1,307.31,290.07999999999925,257.56833333333344,278.81
2023-10-22 14:00:00,278.81,14,6,1,277.02,287.7133333333325,271.6533333333334,289.73
2023-10-22 15:00:00,289.73,15,6,1,278.81,281.85333333333256,289.50500000000005,287.06
2023-10-22 16:00:00,287.06,16,6,1,289.73,285.19999999999925,287.64000000000004,195.76
2023-10-22 17:00:00,195.76,17,6,1,287.06,257.5166666666659,272.61500000000007,183.35
2023-10-22 18:00:00,183.35,18,6,1,195.76,222.0566666666659,251.95500000000007,186.12
2023-10-22 19:00:00,186.12,19,6,1,183.35,188.40999999999926,236.80500000000006,200.8
2023-10-22 20:00:00,200.8,20,6,1,186.12,190.08999999999924,223.8033333333334,184.01
2023-10-22 21:00:00,184.01,21,6,1,200.8,190.30999999999923,206.1833333333334,194.41
2023-10-22 22:00:00,194.41,22,6,1,184.01,193.07333333333258,190.74166666666676,181.5
2023-10-22 23:00:00,181.5,23,6,1,194.41,186.63999999999928,188.3650000000001,173.8
2023-10-23 00:00:00,173.8,0,0,0,181.5,183.2366666666659,186.77333333333343,177.54
2023-10-23 01:00:00,177.54,1,0,0,173.8,177.61333333333258,185.3433333333334,162.94
2023-10-23 02:00:00,162.94,2,0,0,177.54,171.4266666666659,179.03333333333342,165.5
2023-10-23 03:00:00,165.5,3,0,0,162.94,168.65999999999926,175.9483333333334,166.48
2023-10-23 04:00:00,166.48,4,0,0,165.5,164.9733333333326,171.2933333333334,170.29
2023-10-23 05:00:00,170.29,5,0,0,166.48,167.42333333333258,169.42500000000007,187.52
2023-10-23 06:00:00,187.52,6,0,0,170.29,174.76333333333255,171.71166666666673,467.14
2023-10-23 07:00:00,467.14,7,0,0,187.52,274.9833333333326,219.97833333333338,656.26
2023-10-23 08:00:00,656.26,8,0,0,467.14,436.9733333333326,302.1983333333334,790.69
2023-10-23 09:00:00,790.69,9,0,0,656.26,638.0299999999993,406.3966666666667,831.69
2023-10-23 10:00:00,831.69,10,0,0,790.69,759.5466666666658,517.265,913.59
2023-10-23 11:00:00,913.59,11,0,0,831.69,845.3233333333327,641.1483333333334,912.7
2023-10-23 12:00:00,912.7,12,0,0,913.59,885.9933333333325,762.0116666666668,693.65
2023-10-23 13:00:00,693.65,13,0,0,912.7,839.9799999999992,799.7633333333333,665.29
2023-10-23 14:00:00,665.29,14,0,0,693.65,757.2133333333326,801.2683333333334,842.96
2023-10-23 15:00:00,842.96,15,0,0,665.29,733.9666666666659,809.98,845.5
2023-10-23 16:00:00,845.5,16,0,0,842.96,784.5833333333326,812.2816666666668,789.71
2023-10-23 17:00:00,789.71,17,0,0,845.5,826.0566666666659,791.6350000000001,370.07
2023-10-23 18:00:00,370.07,18,0,0,789.71,668.4266666666659,701.1966666666667,325.13
2023-10-23 19:00:00,325.13,19,0,0,370.07,494.9699999999993,639.7766666666668,252.91
2023-10-23 20:00:00,252.91,20,0,0,325.13,316.0366666666659,571.0466666666667,182.48
2023-10-23 21:00:00,182.48,21,0,0,252.91,253.5066666666659,460.96666666666675,183.69
2023-10-23 22:00:00,183.69,22,0,0,182.48,206.35999999999922,350.66500000000013,161.23
2023-10-23 23:00:00,161.23,23,0,0,183.69,175.79999999999924,245.9183333333334,223.97
2023-10-24 00:00:00,223.97,0,1,0,161.23,189.62999999999923,221.5683333333334,233.72
2023-10-24 01:00:00,233.72,1,1,0,223.97,206.3066666666659,206.3333333333334,228.27
2023-10-24 02:00:00,228.27,2,1,0,233.72,228.6533333333326,202.22666666666672,223.44
2023-10-24 03:00:00,223.44,3,1,0,228.27,228.47666666666592,209.0533333333334,226.96
2023-10-24 04:00:00,226.96,4,1,0,223.44,226.22333333333256,216.2650000000001,226.1
2023-10-24 05:00:00,226.1,5,1,0,226.96,225.49999999999923,227.07666666666674,219.29
2023-10-24 06:00:00,219.29,6,1,0,226.1,224.1166666666659,226.29666666666674,219.34
2023-10-24 07:00:00,219.34,7,1,0,219.29,221.57666666666591,223.9000000000001,217.83
2023-10-24 08:00:00,217.83,8,1,0,219.34,218.81999999999925,222.16000000000008,221.68
2023-10-24 09:00:00,221.68,9,1,0,217.83,219.6166666666659,221.86666666666676,236.86
2023-10-24 10:00:00,236.86,10,1,0,221.68,225.4566666666659,223.51666666666674,244.66
2023-10-24 11:00:00,244.66,11,1,0,236.86,234.39999999999927,226.6100000000001,236.69
2023-10-24 12:00:00,236.69,12,1,0,244.66,239.4033333333326,229.5100000000001,221.27
2023-10-24 13:00:00,221.27,13,1,0,236.69,234.2066666666659,229.83166666666673,213.73
2023-10-24 14:00:00,213.73,14,1,0,221.27,223.89666666666594,229.14833333333343,248.25
2023-10-24 15:00:00,248.25,15,1,0,213.73,227.74999999999923,233.57666666666674,201.18
2023-10-24 16:00:00,201.18,16,1,0,248.25,221.0533333333326,227.6300000000001,163.0
2023-10-24 17:00:00,163.0,17,1,0,201.18,204.1433333333326,214.02000000000007,202.72
2023-10-24 18:00:00,202.72,18,1,0,163.0,188.9666666666659,208.35833333333338,206.77
2023-10-24 19:00:00,206.77,19,1,0,202.72,190.82999999999925,205.94166666666675,222.61
2023-10-24 20:00:00,222.61,20,1,0,206.77,210.69999999999925,207.42166666666674,211.79
2023-10-24 21:00:00,211.79,21,1,0,222.61,213.72333333333256,201.34500000000006,215.72
2023-10-24 22:00:00,215.72,22,1,0,211.79,216.7066666666659,203.76833333333343,218.55
2023-10-24 23:00:00,218.55,23,1,0,215.72,215.35333333333256,213.02666666666676,177.98
2023-10-25 00:00:00,177.98,0,2,0,218.55,204.08333333333258,208.90333333333342,173.99
2023-10-25 01:00:00,173.99,1,2,0,177.98,190.17333333333258,203.44000000000008,177.55
2023-10-25 02:00:00,177.55,2,2,0,173.99,176.5066666666659,195.93000000000006,166.1
2023-10-25 03:00:00,166.1,3,2,0,177.55,172.5466666666659,188.31500000000008,174.0
2023-10-25 04:00:00,174.0,4,2,0,166.1,172.54999999999924,181.36166666666676,165.47
2023-10-25 05:00:00,165.47,5,2,0,174.0,168.5233333333326,172.5150000000001,187.8
2023-10-25 06:00:00,187.8,6,2,0,165.47,175.7566666666659,174.15166666666676,451.85
2023-10-25 07:00:00,451.85,7,2,0,187.8,268.3733333333326,220.46166666666673,655.5
2023-10-25 08:00:00,655.5,8,2,0,451.85,431.71666666666596,300.1200000000001,773.11
2023-10-25 09:00:00,773.11,9,2,0,655.5,626.8199999999993,401.2883333333334,798.72
2023-10-25 10:00:00,798.72,10,2,0,773.11,742.4433333333327,505.4083333333335,866.43
2023-10-25 11:00:00,866.43,11,2,0,798.72,812.7533333333326,622.2350000000001,892.15
2023-10-25 12:00:00,892.15,12,2,0,866.43,852.4333333333325,739.6266666666667,702.54
2023-10-25 13:00:00,702.54,13,2,0,892.15,820.3733333333325,781.4083333333334,684.3
2023-10-25 14:00:00,684.3,14,2,0,702.54,759.6633333333326,786.2083333333334,856.49
2023-10-25 15:00:00,856.49,15,2,0,684.3,747.7766666666658,800.105,838.47
2023-10-25 16:00:00,838.47,16,2,0,856.49,793.0866666666658,806.73,790.35
2023-10-25 17:00:00,790.35,17,2,0,838.47,828.4366666666659,794.0500000000001,418.08
2023-10-25 18:00:00,418.08,18,2,0,790.35,682.2999999999993,715.0383333333334,316.55
2023-10-25 19:00:00,316.55,19,2,0,418.08,508.3266666666659,650.7066666666668,252.76
2023-10-25 20:00:00,252.76,20,2,0,316.55,329.12999999999926,578.7833333333334,179.01
2023-10-25 21:00:00,179.01,21,2,0,252.76,249.43999999999923,465.8700000000001,182.44
2023-10-25 22:00:00,182.44,22,2,0,179.01,204.7366666666659,356.53166666666675,176.92
2023-10-25 23:00:00,176.92,23,2,0,182.44,179.4566666666659,254.2933333333334,165.31
2023-10-26 00:00:00,165.31,0,3,0,176.92,174.88999999999922,212.16500000000008,186.36
2023-10-26 01:00:00,186.36,1,3,0,165.31,176.19666666666592,190.46666666666673,173.82
2023-10-26 02:00:00,173.82,2,3,0,186.36,175.1633333333326,177.31000000000006,170.91
2023-10-26 03:00:00,170.91,3,3,0,173.82,177.0299999999992,175.96000000000006,171.56
2023-10-26 04:00:00,171.56,4,3,0,170.91,172.0966666666659,174.14666666666673,172.36
2023-10-26 05:00:00,172.36,5,3,0,171.56,171.60999999999925,173.38666666666674,162.1
2023-10-26 06:00:00,162.1,6,3,0,172.36,168.67333333333258,172.85166666666677,458.03
2023-10-26 07:00:00,458.03,7,3,0,162.1,264.16333333333256,218.13000000000008,662.2
2023-10-26 08:00:00,662.2,8,3,0,458.03,427.44333333333253,299.52666666666676,798.25
2023-10-26 09:00:00,798.25,9,3,0,662.2,639.4933333333325,404.0833333333334,820.22
2023-10-26 10:00:00,820.22,10,3,0,798.25,760.2233333333326,512.1933333333335,861.25
2023-10-26 11:00:00,861.25,11,3,0,820.22,826.5733333333327,627.0083333333333,900.56
2023-10-26 12:00:00,900.56,12,3,0,861.25,860.6766666666659,750.085,707.66
2023-10-26 13:00:00,707.66,13,3,0,900.56,823.1566666666658,791.69,698.89
2023-10-26 14:00:00,698.89,14,3,0,707.66,769.0366666666658,797.805,907.11
2023-10-26 15:00:00,907.11,15,3,0,698.89,771.2199999999992,815.9483333333334,843.61
2023-10-26 16:00:00,843.61,16,3,0,907.11,816.536666666666,819.8466666666667,755.94
2023-10-26 17:00:00,755.94,17,3,0,843.61,835.5533333333327,802.2950000000001,392.04
2023-10-26 18:00:00,392.04,18,3,0,755.94,663.8633333333327,717.5416666666669,327.84
2023-10-26 19:00:00,327.84,19,3,0,392.04,491.9399999999992,654.2383333333333,240.34
2023-10-26 20:00:00,240.34,20,3,0,327.84,320.0733333333326,577.8133333333334,165.99
2023-10-26 21:00:00,165.99,21,3,0,240.34,244.7233333333326,454.29333333333335,181.67
2023-10-26 22:00:00,181.67,22,3,0,165.99,195.99999999999923,343.9700000000001,187.18
2023-10-26 23:00:00,187.18,23,3,0,181.67,178.2799999999992,249.17666666666673,170.1
2023-10-27 00:00:00,170.1,0,4,0,187.18,179.6499999999992,212.18666666666675,177.8
2023-10-27 01:00:00,177.8,1,4,0,170.1,178.35999999999925,187.18000000000006,171.23
2023-10-27 02:00:00,171.23,2,4,0,177.8,173.04333333333258,175.66166666666675,172.85
2023-10-27 03:00:00,172.85,3,4,0,171.23,173.95999999999924,176.80500000000006,181.41
2023-10-27 04:00:00,181.41,4,4,0,172.85,175.1633333333326,176.76166666666674,167.59
2023-10-27 05:00:00,167.59,5,4,0,181.41,173.94999999999925,173.49666666666675,180.66
2023-10-27 06:00:00,180.66,6,4,0,167.59,176.55333333333257,175.25666666666675,467.52
2023-10-27 07:00:00,467.52,7,4,0,180.66,271.92333333333255,223.5433333333334,660.16
2023-10-27 08:00:00,660.16,8,4,0,467.52,436.11333333333255,305.0316666666667,800.13
2023-10-27 09:00:00,800.13,9,4,0,660.16,642.6033333333326,409.5783333333334,821.05
2023-10-27 10:00:00,821.05,10,4,0,800.13,760.4466666666658,516.1850000000001,810.59
2023-10-27 11:00:00,810.59,11,4,0,821.05,810.5899999999992,623.3516666666668,992.79
2023-10-27 12:00:00,992.79,12,4,0,810.59,874.8099999999991,758.7066666666668,699.53
2023-10-27 13:00:00,699.53,13,4,0,992.79,834.3033333333327,797.375,699.77
2023-10-27 14:00:00,699.77,14,4,0,699.53,797.3633333333324,803.9766666666668,841.55
2023-10-27 15:00:00,841.55,15,4,0,699.77,746.9499999999992,810.8800000000001,831.49
2023-10-27 16:00:00,831.49,16,4,0,841.55,790.9366666666659,812.62,790.09
2023-10-27 17:00:00,790.09,17,4,0,831.49,821.0433333333326,809.2033333333334,343.01
2023-10-27 18:00:00,343.01,18,4,0,790.09,654.8633333333327,700.9066666666668,304.14
2023-10-27 19:00:00,304.14,19,4,0,343.01,479.07999999999925,635.0083333333333,262.07
2023-10-27 20:00:00,262.07,20,4,0,304.14,303.0733333333326,562.0583333333334,165.48
2023-10-27 21:00:00,165.48,21,4,0,262.07,243.89666666666588,449.38000000000005,175.51
2023-10-27 22:00:00,175.51,22,4,0,165.48,201.01999999999921,340.05000000000007,165.01
2023-10-27 23:00:00,165.01,23,4,0,175.51,168.66666666666592,235.8700000000001,189.82
2023-10-28 00:00:00,189.82,0,5,1,165.01,176.7799999999992,210.3383333333334,182.1
2023-10-28 01:00:00,182.1,1,5,1,189.82,178.9766666666659,189.99833333333342,187.72
2023-10-28 02:00:00,187.72,2,5,1,182.1,186.5466666666659,177.60666666666677,182.73
2023-10-28 03:00:00,182.73,3,5,1,187.72,184.18333333333257,180.4816666666667,190.09
2023-10-28 04:00:00,190.09,4,5,1,182.73,186.8466666666659,182.91166666666675,184.48
2023-10-28 05:00:00,184.48,5,5,1,190.09,185.76666666666588,186.15666666666675,182.69
2023-10-28 06:00:00,182.69,6,5,1,184.48,185.75333333333256,184.9683333333334,183.57
2023-10-28 07:00:00,183.57,7,5,1,182.69,183.57999999999925,185.2133333333334,183.7
2023-10-28 08:00:00,183.7,8,5,1,183.57,183.31999999999925,184.5433333333334,190.89
2023-10-28 09:00:00,190.89,9,5,1,183.7,186.05333333333257,185.90333333333342,284.17
2023-10-28 10:00:00,284.17,10,5,1,190.89,219.5866666666659,201.5833333333334,308.5
2023-10-28 11:00:00,308.5,11,5,1,284.17,261.1866666666659,222.25333333333342,309.19
2023-10-28 12:00:00,309.19,12,5,1,308.5,300.61999999999927,243.33666666666673,294.39
2023-10-28 13:00:00,294.39,13,5,1,309.19,304.0266666666659,261.80666666666673,280.14
2023-10-28 14:00:00,280.14,14,5,1,294.39,294.5733333333325,277.88000000000005,286.37
2023-10-28 15:00:00,286.37,15,5,1,280.14,286.9666666666659,293.7933333333334,284.03
2023-10-28 16:00:00,284.03,16,5,1,286.37,283.5133333333326,293.77000000000004,202.0
2023-10-28 17:00:00,202.0,17,5,1,284.03,257.4666666666659,276.02000000000004,183.6
2023-10-28 18:00:00,183.6,18,5,1,202.0,223.20999999999924,255.08833333333337,178.5
2023-10-28 19:00:00,178.5,19,5,1,183.6,188.0333333333326,235.7733333333334,200.52
2023-10-28 20:00:00,200.52,20,5,1,178.5,187.53999999999925,222.50333333333342,186.42
2023-10-28 21:00:00,186.42,21,5,1,200.52,188.47999999999922,205.84500000000006,194.56
2023-10-28 22:00:00,194.56,22,5,1,186.42,193.83333333333258,190.9333333333334,191.87
2023-10-28 23:00:00,191.87,23,5,1,194.56,190.94999999999925,189.2450000000001,196.68
2023-10-29 00:00:00,196.68,0,6,1,191.87,194.36999999999924,191.42500000000007,173.33
2023-10-29 01:00:00,173.33,1,6,1,196.68,187.29333333333258,190.56333333333342,173.17
2023-10-29 02:00:00,173.17,2,6,1,173.33,181.05999999999923,186.00500000000008,186.26
2023-10-29 03:00:00,186.26,3,6,1,173.17,177.5866666666659,185.97833333333344,183.35
2023-10-29 04:00:00,183.35,4,6,1,186.26,180.9266666666659,184.11000000000004,183.33
2023-10-29 05:00:00,183.33,5,6,1,183.35,184.3133333333326,182.68666666666672,192.86
2023-10-29 06:00:00,192.86,6,6,1,183.33,186.5133333333326,182.05000000000007,176.43
2023-10-29 07:00:00,176.43,7,6,1,192.86,184.2066666666659,182.56666666666675,196.12
2023-10-29 08:00:00,196.12,8,6,1,176.43,188.46999999999923,186.39166666666677,178.77
2023-10-29 09:00:00,178.77,9,6,1,196.12,183.77333333333254,185.14333333333343,293.96
2023-10-29 10:00:00,293.96,10,6,1,178.77,222.94999999999925,203.5783333333334,284.23
2023-10-29 11:00:00,284.23,11,6,1,293.96,252.31999999999925,220.3950000000001,281.36
2023-10-29 12:00:00,281.36,12,6,1,284.23,286.5166666666659,235.14500000000007,282.23
2023-10-29 13:00:00,282.23,13,6,1,281.36,282.60666666666594,252.77833333333342,294.57
2023-10-29 14:00:00,294.57,14,6,1,282.23,286.0533333333326,269.1866666666668,278.79
2023-10-29 15:00:00,278.79,15,6,1,294.57,285.1966666666659,285.85666666666674,291.91
2023-10-29 16:00:00,291.91,16,6,1,278.79,288.42333333333255,285.5150000000001,178.07
2023-10-29 17:00:00,178.07,17,6,1,291.91,249.58999999999926,267.8216666666668,192.58
2023-10-29 18:00:00,192.58,18,6,1,178.07,220.85333333333259,253.0250000000001,175.31
2023-10-29 19:00:00,175.31,19,6,1,192.58,181.9866666666659,235.20500000000013,179.35
2023-10-29 20:00:00,179.35,20,6,1,175.31,182.4133333333326,216.00166666666675,170.28
2023-10-29 21:00:00,170.28,21,6,1,179.35,174.97999999999922,197.91666666666674,168.89
2023-10-29 22:00:00,168.89,22,6,1,170.28,172.83999999999924,177.4133333333334,191.14
2023-10-29 23:00:00,191.14,23,6,1,168.89,176.76999999999921,179.59166666666673,181.2
2023-10-30 00:00:00,181.2,0,0,0,191.14,180.40999999999926,177.69500000000005,176.02
2023-10-30 01:00:00,176.02,1,0,0,181.2,182.78666666666592,177.81333333333342,185.31
2023-10-30 02:00:00,185.31,2,0,0,176.02,180.84333333333257,178.80666666666673,176.45
2023-10-30 03:00:00,176.45,3,0,0,185.31,179.25999999999922,179.83500000000006,175.5
2023-10-30 04:00:00,175.5,4,0,0,176.45,179.0866666666659,180.93666666666672,173.75
2023-10-30 05:00:00,173.75,5,0,0,175.5,175.23333333333258,178.0383333333334,182.68
2023-10-30 06:00:00,182.68,6,0,0,173.75,177.30999999999926,178.28500000000008,462.03
2023-10-30 07:00:00,462.03,7,0,0,182.68,272.81999999999925,225.9533333333334,662.61
2023-10-30 08:00:00,662.61,8,0,0,462.03,435.7733333333326,305.5033333333334,790.95
2023-10-30 09:00:00,790.95,9,0,0,662.61,638.5299999999992,407.9200000000001,831.7
2023-10-30 10:00:00,831.7,10,0,0,790.95,761.7533333333325,517.2866666666667,845.57
2023-10-30 11:00:00,845.57,11,0,0,831.7,822.7399999999993,629.2566666666668,915.18
2023-10-30 12:00:00,915.18,12,0,0,845.57,864.1499999999993,751.3400000000001,744.5
2023-10-30 13:00:00,744.5,13,0,0,915.18,835.0833333333326,798.4183333333334,718.7
2023-10-30 14:00:00,718.7,14,0,0,744.5,792.7933333333325,807.7666666666668,847.16
2023-10-30 15:00:00,847.16,15,0,0,718.7,770.1199999999993,817.1350000000001,832.19
2023-10-30 16:00:00,832.19,16,0,0,847.16,799.3499999999993,817.2166666666668,808.72
2023-10-30 17:00:00,808.72,17,0,0,832.19,829.356666666666,811.0750000000002,399.24
2023-10-30 18:00:00,399.24,18,0,0,808.72,680.0499999999993,725.085,333.86
2023-10-30 19:00:00,333.86,19,0,0,399.24,513.9399999999993,656.6450000000001,268.52
2023-10-30 20:00:00,268.52,20,0,0,333.86,333.8733333333326,581.6150000000001,170.14
2023-10-30 21:00:00,170.14,21,0,0,268.52,257.5066666666659,468.7783333333334,163.61
2023-10-30 22:00:00,163.61,22,0,0,170.14,200.7566666666659,357.3483333333334,176.05
2023-10-30 23:00:00,176.05,23,0,0,163.61,169.93333333333257,251.9033333333334,171.35
2023-10-31 00:00:00,171.35,0,1,0,176.05,170.3366666666659,213.92166666666674,173.42
2023-10-31 01:00:00,173.42,1,1,0,171.35,173.6066666666659,187.18166666666673,166.33
2023-10-31 02:00:00,166.33,2,1,0,173.42,170.3666666666659,170.15000000000006,192.7
2023-10-31 03:00:00,192.7,3,1,0,166.33,177.48333333333255,173.91000000000008,184.62
2023-10-31 04:00:00,184.62,4,1,0,192.7,181.2166666666659,177.41166666666675,165.27
2023-10-31 05:00:00,165.27,5,1,0,184.62,180.86333333333255,175.6150000000001,183.97
2023-10-31 06:00:00,183.97,6,1,0,165.27,177.95333333333258,177.7183333333334,461.58
2023-10-31 07:00:00,461.58,7,1,0,183.97,270.2733333333326,225.74500000000003,670.23
2023-10-31 08:00:00,670.23,8,1,0,461.58,438.59333333333257,309.7283333333334,752.8
2023-10-31 09:00:00,752.8,9,1,0,670.23,628.2033333333326,403.0783333333334,896.52
2023-10-31 10:00:00,896.52,10,1,0,752.8,773.1833333333325,521.7283333333334,870.61
2023-10-31 11:00:00,870.61,11,1,0,896.52,839.9766666666659,639.2850000000001,944.8
2023-10-31 12:00:00,944.8,12,1,0,870.61,903.9766666666659,766.09,718.85
2023-10-31 13:00:00,718.85,13,1,0,944.8,844.7533333333325,808.9683333333334,696.23
2023-10-31 14:00:00,696.23,14,1,0,718.85,786.6266666666658,813.3016666666667,857.08
2023-10-31 15:00:00,857.08,15,1,0,696.23,757.386666666666,830.6816666666667,785.79
2023-10-31 16:00:00,785.79,16,1,0,857.08,779.6999999999992,812.2266666666668,797.8
2023-10-31 17:00:00,797.8,17,1,0,785.79,813.5566666666659,800.0916666666667,395.38
2023-10-31 18:00:00,395.38,18,1,0,797.8,659.656666666666,708.5216666666666,312.86
2023-10-31 19:00:00,312.86,19,1,0,395.38,502.0133333333326,640.8566666666667,260.06
2023-10-31 20:00:00,260.06,20,1,0,312.86,322.7666666666659,568.1616666666667,168.13
2023-10-31 21:00:00,168.13,21,1,0,260.06,247.01666666666588,453.33666666666676,176.63
2023-10-31 22:00:00,176.63,22,1,0,168.13,201.6066666666659,351.8100000000001,181.39
2023-10-31 23:00:00,181.39,23,1,0,176.63,175.38333333333256,249.07500000000007,231.03
2023-11-01 00:00:00,231.03,0,2,0,181.39,196.34999999999923,221.68333333333342,219.57
2023-11-01 01:00:00,219.57,1,2,0,231.03,210.6633333333326,206.13500000000008,221.21
2023-11-01 02:00:00,221.21,2,2,0,219.57,223.9366666666659,199.66000000000008,227.17
2023-11-01 03:00:00,227.17,3,2,0,221.21,222.64999999999927,209.50000000000009,227.3
2023-11-01 04:00:00,227.3,4,2,0,227.17,225.2266666666659,217.94500000000008,214.54
2023-11-01 05:00:00,214.54,5,2,0,227.3,223.00333333333256,223.47000000000006,226.53
2023-11-01 06:00:00,226.53,6,2,0,214.54,222.78999999999925,222.72000000000006,224.02
2023-11-01 07:00:00,224.02,7,2,0,226.53,221.6966666666659,223.46166666666673,229.25
2023-11-01 08:00:00,229.25,8,2,0,224.02,226.59999999999923,224.80166666666673,218.95
2023-11-01 09:00:00,218.95,9,2,0,229.25,224.07333333333258,223.43166666666673,230.39
2023-11-01 10:00:00,230.39,10,2,0,218.95,226.1966666666659,223.94666666666672,236.39
2023-11-01 11:00:00,236.39,11,2,0,230.39,228.57666666666591,227.5883333333334,194.16
2023-11-01 12:00:00,194.16,12,2,0,236.39,220.31333333333257,222.1933333333334,231.35
2023-11-01 13:00:00,231.35,13,2,0,194.16,220.63333333333256,223.41500000000008,187.34
2023-11-01 14:00:00,187.34,14,2,0,231.35,204.2833333333326,216.43000000000006,271.34
2023-11-01 15:00:00,271.34,15,2,0,187.34,230.00999999999922,225.16166666666672,246.33
2023-11-01 16:00:00,246.33,16,2,0,271.34,235.00333333333256,227.8183333333334,240.49
2023-11-01 17:00:00,240.49,17,2,0,246.33,252.71999999999923,228.50166666666675,224.17
2023-11-01 18:00:00,224.17,18,2,0,240.49,236.9966666666659,233.50333333333342,224.44
2023-11-01 19:00:00,224.44,19,2,0,224.17,229.69999999999922,232.35166666666672,215.76
2023-11-01 20:00:00,215.76,20,2,0,224.44,221.45666666666588,237.0883333333334,229.71
2023-11-01 21:00:00,229.71,21,2,0,215.76,223.30333333333257,230.1500000000001,230.7
2023-11-01 22:00:00,230.7,22,2,0,229.71,225.38999999999922,227.54500000000007,221.8
2023-11-01 23:00:00,221.8,23,2,0,230.7,227.4033333333326,224.43000000000006,163.96
2023-11-02 00:00:00,163.96,0,3,0,221.8,205.4866666666659,214.39500000000007,178.67
2023-11-02 01:00:00,178.67,1,3,0,163.96,188.1433333333326,206.76666666666677,171.13
2023-11-02 02:00:00,171.13,2,3,0,178.67,171.25333333333256,199.3283333333334,159.7
2023-11-02 03:00:00,159.7,3,3,0,171.13,169.83333333333258,187.66000000000008,163.8
2023-11-02 04:00:00,163.8,4,3,0,159.7,164.8766666666659,176.51000000000008,173.07
2023-11-02 05:00:00,173.07,5,3,0,163.8,165.5233333333326,168.3883333333334,164.77
2023-11-02 06:00:00,164.77,6,3,0,173.07,167.21333333333257,168.5233333333334,448.57
2023-11-02 07:00:00,448.57,7,3,0,164.77,262.1366666666659,213.50666666666675,672.36
2023-11-02 08:00:00,672.36,8,3,0,448.57,428.56666666666587,297.0450000000001,793.82
2023-11-02 09:00:00,793.82,9,3,0,672.36,638.2499999999992,402.7316666666668,788.18
2023-11-02 10:00:00,788.18,10,3,0,793.82,751.4533333333326,506.7950000000001,839.28
2023-11-02 11:00:00,839.28,11,3,0,788.18,807.0933333333325,617.83,897.03
2023-11-02 12:00:00,897.03,12,3,0,839.28,841.4966666666659,739.8733333333333,661.95
2023-11-02 13:00:00,661.95,13,3,0,897.03,799.4199999999992,775.4366666666668,662.6
2023-11-02 14:00:00,662.6,14,3,0,661.95,740.5266666666658,773.8100000000001,855.59
2023-11-02 15:00:00,855.59,15,3,0,662.6,726.7133333333326,784.105,820.03
2023-11-02 16:00:00,820.03,16,3,0,855.59,779.4066666666658,789.4133333333334,792.28
2023-11-02 17:00:00,792.28,17,3,0,820.03,822.6333333333326,781.58,401.27
2023-11-02 18:00:00,401.27,18,3,0,792.28,671.1933333333326,698.9533333333334,319.91
2023-11-02 19:00:00,319.91,19,3,0,401.27,504.4866666666658,641.9466666666668,254.32
2023-11-02 20:00:00,254.32,20,3,0,319.91,325.1666666666659,573.9000000000001,175.77
2023-11-02 21:00:00,175.77,21,3,0,254.32,249.9999999999992,460.59666666666675,158.0
2023-11-02 22:00:00,158.0,22,3,0,175.77,196.0299999999992,350.25833333333344,175.71
2023-11-02 23:00:00,175.71,23,3,0,158.0,169.8266666666659,247.49666666666675,170.2
2023-11-03 00:00:00,170.2,0,4,0,175.71,167.9699999999992,208.9850000000001,172.63
2023-11-03 01:00:00,172.63,1,4,0,170.2,172.84666666666587,184.4383333333334,186.48
2023-11-03 02:00:00,186.48,2,4,0,172.63,176.43666666666584,173.13166666666675,168.06
2023-11-03 03:00:00,168.06,3,4,0,186.48,175.72333333333253,171.84666666666672,172.62
2023-11-03 04:00:00,172.62,4,4,0,168.06,175.7199999999992,174.28333333333342,160.6
2023-11-03 05:00:00,160.6,5,4,0,172.62,167.09333333333254,171.76500000000007,179.99
2023-11-03 06:00:00,179.99,6,4,0,160.6,171.06999999999923,173.39666666666673,460.64
2023-11-03 07:00:00,460.64,7,4,0,179.99,267.07666666666586,221.39833333333343,662.62
2023-11-03 08:00:00,662.62,8,4,0,460.64,434.4166666666659,300.75500000000005,749.49
2023-11-03 09:00:00,749.49,9,4,0,662.62,624.2499999999992,397.6600000000001,809.75
2023-11-03 10:00:00,809.75,10,4,0,749.49,740.6199999999993,503.8483333333334,859.77
2023-11-03 11:00:00,859.77,11,4,0,809.75,806.3366666666658,620.3766666666667,899.9
2023-11-03 12:00:00,899.9,12,4,0,859.77,856.4733333333324,740.3616666666667,715.14
2023-11-03 13:00:00,715.14,13,4,0,899.9,824.9366666666659,782.7783333333333,735.54
2023-11-03 14:00:00,735.54,14,4,0,715.14,783.5266666666658,794.9316666666667,879.2
2023-11-03 15:00:00,879.2,15,4,0,735.54,776.6266666666658,816.5500000000001,825.17
2023-11-03 16:00:00,825.17,16,4,0,879.2,813.3033333333325,819.12,805.17
2023-11-03 17:00:00,805.17,17,4,0,825.17,836.5133333333325,810.0200000000001,408.43
2023-11-03 18:00:00,408.43,18,4,0,805.17,679.5899999999991,728.1083333333335,329.64
2023-11-03 19:00:00,329.64,19,4,0,408.43,514.4133333333326,663.8583333333335,253.41
2023-11-03 20:00:00,253.41,20,4,0,329.64,330.49333333333254,583.5033333333334,168.13
2023-11-03 21:00:00,168.13,21,4,0,253.41,250.39333333333255,464.9916666666668,176.14
2023-11-03 22:00:00,176.14,22,4,0,168.13,199.22666666666586,356.8200000000001,182.58
2023-11-03 23:00:00,182.58,23,4,0,176.14,175.61666666666588,253.05500000000006,202.56
2023-11-04 00:00:00,202.56,0,5,1,182.58,187.09333333333257,218.74333333333342,183.23
2023-11-04 01:00:00,183.23,1,5,1,202.56,189.45666666666588,194.34166666666673,200.67
2023-11-04 02:00:00,200.67,2,5,1,183.23,195.48666666666585,185.55166666666673,183.85
2023-11-04 03:00:00,183.85,3,5,1,200.67,189.2499999999992,188.17166666666674,175.79
2023-11-04 04:00:00,175.79,4,5,1,183.85,186.7699999999992,188.11333333333337,196.72
2023-11-04 05:00:00,196.72,5,5,1,175.79,185.45333333333255,190.47000000000006,197.05
2023-11-04 06:00:00,197.05,6,5,1,196.72,189.85333333333253,189.55166666666673,183.27
2023-11-04 07:00:00,183.27,7,5,1,197.05,192.3466666666659,189.5583333333334,184.48
2023-11-04 08:00:00,184.48,8,5,1,183.27,188.26666666666586,186.8600000000001,182.3
2023-11-04 09:00:00,182.3,9,5,1,184.48,183.34999999999923,186.60166666666672,274.01
2023-11-04 10:00:00,274.01,10,5,1,182.3,213.5966666666659,202.97166666666672,292.18
2023-11-04 11:00:00,292.18,11,5,1,274.01,249.49666666666587,218.88166666666675,285.38
2023-11-04 12:00:00,285.38,12,5,1,292.18,283.8566666666659,233.60333333333344,280.81
2023-11-04 13:00:00,280.81,13,5,1,285.38,286.12333333333254,249.8600000000001,292.96
2023-11-04 14:00:00,292.96,14,5,1,280.81,286.38333333333253,267.9400000000001,293.88
2023-11-04 15:00:00,293.88,15,5,1,292.96,289.2166666666659,286.53666666666675,299.56
2023-11-04 16:00:00,299.56,16,5,1,293.88,295.46666666666584,290.7950000000001,177.9
2023-11-04 17:00:00,177.9,17,5,1,299.56,257.11333333333255,271.7483333333334,185.2
2023-11-04 18:00:00,185.2,18,5,1,177.9,220.8866666666659,255.05166666666673,180.54
2023-11-04 19:00:00,180.54,19,5,1,185.2,181.21333333333254,238.34000000000006,179.45
2023-11-04 20:00:00,179.45,20,5,1,180.54,181.72999999999922,219.42166666666674,180.27
2023-11-04 21:00:00,180.27,21,5,1,179.45,180.08666666666588,200.48666666666676,187.23
2023-11-04 22:00:00,187.23,22,5,1,180.27,182.3166666666659,181.76500000000007,182.93
2023-11-04 23:00:00,182.93,23,5,1,187.23,183.4766666666659,182.60333333333338,178.02
2023-11-05 00:00:00,178.02,0,6,1,182.93,182.7266666666659,181.40666666666675,204.85
2023-11-05 01:00:00,204.85,1,6,1,178.02,188.59999999999923,185.4583333333334,189.47
2023-11-05 02:00:00,189.47,2,6,1,204.85,190.7799999999992,187.12833333333342,180.38
2023-11-05 03:00:00,180.38,3,6,1,189.47,191.5666666666659,187.14666666666673,186.6
2023-11-05 04:00:00,186.6,4,6,1,180.38,185.48333333333255,187.04166666666674,176.11
2023-11-05 05:00:00,176.11,5,6,1,186.6,181.0299999999992,185.9050000000001,182.4
2023-11-05 06:00:00,182.4,6,6,1,176.11,181.70333333333255,186.63500000000008,178.94
2023-11-05 07:00:00,178.94,7,6,1,182.4,179.1499999999992,182.31666666666675,187.31
2023-11-05 08:00:00,187.31,8,6,1,178.94,182.88333333333256,181.95666666666673,182.18
2023-11-05 09:00:00,182.18,9,6,1,187.31,182.80999999999923,182.25666666666675,281.87
2023-11-05 10:00:00,281.87,10,6,1,182.18,217.1199999999992,198.13500000000008,283.48
2023-11-05 11:00:00,283.48,11,6,1,281.87,249.1766666666659,216.03000000000006,298.69
2023-11-05 12:00:00,298.69,12,6,1,283.48,288.0133333333326,235.41166666666675,281.96
2023-11-05 13:00:00,281.96,13,6,1,298.69,288.04333333333255,252.58166666666673,292.06
2023-11-05 14:00:00,292.06,14,6,1,281.96,290.9033333333325,270.0400000000001,296.18
2023-11-05 15:00:00,296.18,15,6,1,292.06,290.06666666666587,289.0400000000001,289.92
2023-11-05 16:00:00,289.92,16,6,1,296.18,292.7199999999992,290.3816666666667,190.06
2023-11-05 17:00:00,190.06,17,6,1,289.92,258.71999999999923,274.8116666666667,183.74
2023-11-05 18:00:00,183.74,18,6,1,190.06,221.2399999999992,255.65333333333342,194.14
2023-11-05 19:00:00,194.14,19,6,1,183.74,189.3133333333325,241.01666666666674,190.42
2023-11-05 20:00:00,190.42,20,6,1,194.14,189.4333333333325,224.07666666666674,189.86
2023-11-05 21:00:00,189.86,21,6,1,190.42,191.47333333333253,206.35666666666677,183.21
2023-11-05 22:00:00,183.21,22,6,1,189.86,187.82999999999922,188.57166666666672,197.2
2023-11-05 23:00:00,197.2,23,6,1,183.21,190.08999999999924,189.76166666666674,177.19
2023-11-06 00:00:00,177.19,0,0,0,197.2,185.86666666666588,188.67000000000007,184.6
2023-11-06 01:00:00,184.6,1,0,0,177.19,186.32999999999922,187.08000000000007,176.49
2023-11-06 02:00:00,176.49,2,0,0,184.6,179.42666666666585,184.7583333333334,166.28
2023-11-06 03:00:00,166.28,3,0,0,176.49,175.7899999999992,180.8283333333334,180.11
2023-11-06 04:00:00,180.11,4,0,0,166.28,174.29333333333253,180.31166666666672,176.15
2023-11-06 05:00:00,176.15,5,0,0,180.11,174.17999999999918,176.8033333333334,176.0
2023-11-06 06:00:00,176.0,6,0,0,176.15,177.4199999999992,176.6050000000001,449.5
2023-11-06 07:00:00,449.5,7,0,0,176.0,267.21666666666584,220.75500000000008,671.27
2023-11-06 08:00:00,671.27,8,0,0,449.5,432.2566666666659,303.2183333333334,816.77
2023-11-06 09:00:00,816.77,9,0,0,671.27,645.8466666666659,411.6333333333334,806.26
2023-11-06 10:00:00,806.26,10,0,0,816.77,764.7666666666659,515.9916666666667,859.97
2023-11-06 11:00:00,859.97,11,0,0,806.26,827.666666666666,629.9616666666667,943.32
2023-11-06 12:00:00,943.32,12,0,0,859.97,869.8499999999991,757.8483333333334,699.3
2023-11-06 13:00:00,699.3,13,0,0,943.32,834.1966666666658,799.4816666666667,715.55
2023-11-06 14:00:00,715.55,14,0,0,699.3,786.0566666666658,806.8616666666668,842.22
2023-11-06 15:00:00,842.22,15,0,0,715.55,752.3566666666658,811.1033333333334,813.84
2023-11-06 16:00:00,813.84,16,0,0,842.22,790.536666666666,812.3666666666668,781.62
2023-11-06 17:00:00,781.62,17,0,0,813.84,812.5599999999991,799.3083333333334,414.34
2023-11-06 18:00:00,414.34,18,0,0,781.62,669.9333333333326,711.1450000000001,324.02
2023-11-06 19:00:00,324.02,19,0,0,414.34,506.6599999999992,648.5983333333334,256.81
2023-11-06 20:00:00,256.81,20,0,0,324.02,331.7233333333325,572.1416666666668,173.97
2023-11-06 21:00:00,173.97,21,0,0,256.81,251.59999999999923,460.7666666666667,172.44
2023-11-06 22:00:00,172.44,22,0,0,173.97,201.07333333333256,353.86666666666673,165.67
2023-11-06 23:00:00,165.67,23,0,0,172.44,170.69333333333256,251.2083333333334,161.23
2023-11-07 00:00:00,161.23,0,1,0,165.67,166.44666666666583,209.0233333333334,167.33
2023-11-07 01:00:00,167.33,1,1,0,161.23,164.74333333333254,182.9083333333334,177.29
2023-11-07 02:00:00,177.29,2,1,0,167.33,168.61666666666588,169.65500000000006,175.87
2023-11-07 03:00:00,175.87,3,1,0,177.29,173.49666666666587,169.97166666666672,178.9
2023-11-07 04:00:00,178.9,4,1,0,175.87,177.35333333333256,171.0483333333334,188.3
2023-11-07 05:00:00,188.3,5,1,0,178.9,181.02333333333254,174.82000000000008,173.61
2023-11-07 06:00:00,173.61,6,1,0,188.3,180.26999999999921,176.88333333333344,463.5
2023-11-07 07:00:00,463.5,7,1,0,173.61,275.13666666666586,226.2450000000001,664.35
2023-11-07 08:00:00,664.35,8,1,0,463.5,433.81999999999925,307.4216666666668,814.73
2023-11-07 09:00:00,814.73,9,1,0,664.35,647.5266666666658,413.89833333333337,823.27
2023-11-07 10:00:00,823.27,10,1,0,814.73,767.4499999999992,521.2933333333334,856.2
2023-11-07 11:00:00,856.2,11,1,0,823.27,831.3999999999993,632.6100000000001,888.43
2023-11-07 12:00:00,888.43,12,1,0,856.2,855.9666666666659,751.7466666666668,711.08
2023-11-07 13:00:00,711.08,13,1,0,888.43,818.5699999999993,793.0100000000001,746.75
2023-11-07 14:00:00,746.75,14,1,0,711.08,782.0866666666658,806.7433333333335,824.41
2023-11-07 15:00:00,824.41,15,1,0,746.75,760.746666666666,808.3566666666667,819.04
2023-11-07 16:00:00,819.04,16,1,0,824.41,796.7333333333326,807.6516666666668,805.93
2023-11-07 17:00:00,805.93,17,1,0,819.04,816.4599999999991,799.2733333333334,429.67
2023-11-07 18:00:00,429.67,18,1,0,805.93,684.8799999999992,722.8133333333334,304.74
2023-11-07 19:00:00,304.74,19,1,0,429.67,513.4466666666659,655.09,254.35
2023-11-07 20:00:00,254.35,20,1,0,304.74,329.5866666666659,573.0233333333334,194.56
2023-11-07 21:00:00,194.56,21,1,0,254.35,251.2166666666659,468.0483333333334,179.76
2023-11-07 22:00:00,179.76,22,1,0,194.56,209.5566666666659,361.5016666666667,186.17
2023-11-07 23:00:00,186.17,23,1,0,179.76,186.82999999999925,258.2083333333334,179.75
2023-11-08 00:00:00,179.75,0,2,0,186.17,181.8933333333326,216.55500000000006,187.38
2023-11-08 01:00:00,187.38,1,2,0,179.75,184.43333333333257,196.9950000000001,189.51
2023-11-08 02:00:00,189.51,2,2,0,187.38,185.5466666666659,186.18833333333342,171.67
2023-11-08 03:00:00,171.67,3,2,0,189.51,182.85333333333256,182.37333333333342,163.05
2023-11-08 04:00:00,163.05,4,2,0,171.67,174.74333333333257,179.5883333333334,181.88
2023-11-08 05:00:00,181.88,5,2,0,163.05,172.19999999999925,178.87333333333342,169.24
2023-11-08 06:00:00,169.24,6,2,0,181.88,171.38999999999928,177.12166666666675,460.83
2023-11-08 07:00:00,460.83,7,2,0,169.24,270.64999999999924,222.69666666666672,650.01
2023-11-08 08:00:00,650.01,8,2,0,460.83,426.69333333333253,299.4466666666667,804.04
2023-11-08 09:00:00,804.04,9,2,0,650.01,638.2933333333325,404.8416666666667,872.44
2023-11-08 10:00:00,872.44,10,2,0,804.04,775.496666666666,523.0733333333334,875.55
2023-11-08 11:00:00,875.55,11,2,0,872.44,850.6766666666659,638.6850000000001,928.24
2023-11-08 12:00:00,928.24,12,2,0,875.55,892.0766666666659,765.1850000000001,662.37
2023-11-08 13:00:00,662.37,13,2,0,928.24,822.0533333333325,798.7750000000001,682.91
2023-11-08 14:00:00,682.91,14,2,0,662.37,757.8399999999992,804.2583333333333,856.53
2023-11-08 15:00:00,856.53,15,2,0,682.91,733.9366666666659,813.0066666666668,824.65
2023-11-08 16:00:00,824.65,16,2,0,856.53,788.0299999999993,805.0416666666666,825.72
2023-11-08 17:00:00,825.72,17,2,0,824.65,835.6333333333326,796.7366666666667,400.82
2023-11-08 18:00:00,400.82,18,2,0,825.72,683.7299999999992,708.8333333333335,333.07
2023-11-08 19:00:00,333.07,19,2,0,400.82,519.8699999999992,653.9500000000002,264.33
2023-11-08 20:00:00,264.33,20,2,0,333.07,332.73999999999927,584.1866666666667,165.81
2023-11-08 21:00:00,165.81,21,2,0,264.33,254.4033333333326,469.0666666666668,166.13
2023-11-08 22:00:00,166.13,22,2,0,165.81,198.7566666666659,359.31333333333345,179.14
2023-11-08 23:00:00,179.14,23,2,0,166.13,170.35999999999925,251.55000000000007,180.55
2023-11-09 00:00:00,180.55,0,3,0,179.14,175.27333333333254,214.8383333333334,182.74
2023-11-09 01:00:00,182.74,1,3,0,180.55,180.80999999999926,189.78333333333342,171.16
2023-11-09 02:00:00,171.16,2,3,0,182.74,178.14999999999927,174.25500000000008,165.94
2023-11-09 03:00:00,165.94,3,3,0,171.16,173.27999999999926,174.27666666666676,184.42
2023-11-09 04:00:00,184.42,4,3,0,165.94,173.83999999999924,177.32500000000007,173.03
2023-11-09 05:00:00,173.03,5,3,0,184.42,174.46333333333257,176.30666666666673,176.47
2023-11-09 06:00:00,176.47,6,3,0,173.03,177.97333333333256,175.62666666666675,460.58
2023-11-09 07:00:00,460.58,7,3,0,176.47,270.0266666666659,221.9333333333334,655.47
2023-11-09 08:00:00,655.47,8,3,0,460.58,430.83999999999924,302.6516666666667,795.22
2023-11-09 09:00:00,795.22,9,3,0,655.47,637.0899999999992,407.53166666666675,853.0
2023-11-09 10:00:00,853.0,10,3,0,795.22,767.896666666666,518.9616666666667,869.57
2023-11-09 11:00:00,869.57,11,3,0,853.0,839.2633333333325,635.0516666666667,904.23
2023-11-09 12:00:00,904.23,12,3,0,869.57,875.5999999999993,756.3450000000001,707.25
2023-11-09 13:00:00,707.25,13,3,0,904.23,827.016666666666,797.4566666666668,714.68
2023-11-09 14:00:00,714.68,14,3,0,707.25,775.3866666666659,807.3249999999999,838.77
2023-11-09 15:00:00,838.77,15,3,0,714.68,753.5666666666658,814.5833333333334,816.88
2023-11-09 16:00:00,816.88,16,3,0,838.77,790.1099999999992,808.5633333333334,824.79
2023-11-09 17:00:00,824.79,17,3,0,816.88,826.8133333333326,801.1,410.0
2023-11-09 18:00:00,410.0,18,3,0,824.79,683.8899999999993,718.7283333333334,330.94
2023-11-09 19:00:00,330.94,19,3,0,410.0,521.9099999999992,656.01,270.64
2023-11-09 20:00:00,270.64,20,3,0,330.94,337.19333333333253,582.0033333333334,163.61
2023-11-09 21:00:00,163.61,21,3,0,270.64,255.0633333333326,469.4766666666667,180.02
2023-11-09 22:00:00,180.02,22,3,0,163.61,204.7566666666659,363.3333333333334,168.77
2023-11-09 23:00:00,168.77,23,3,0,180.02,170.79999999999927,253.99666666666675,174.9
2023-11-10 00:00:00,174.9,0,4,0,168.77,174.5633333333326,214.81333333333342,176.88
2023-11-10 01:00:00,176.88,1,4,0,174.9,173.51666666666594,189.13666666666674,173.24
2023-11-10 02:00:00,173.24,2,4,0,176.88,175.0066666666659,172.90333333333342,165.17
2023-11-10 03:00:00,165.17,3,4,0,173.24,171.76333333333255,173.1633333333334,167.77
2023-11-10 04:00:00,167.77,4,4,0,165.17,168.72666666666592,171.12166666666675,174.93
2023-11-10 05:00:00,174.93,5,4,0,167.77,169.28999999999925,172.14833333333343,177.01
2023-11-10 06:00:00,177.01,6,4,0,174.93,173.2366666666659,172.50000000000009,466.04
2023-11-10 07:00:00,466.04,7,4,0,177.01,272.65999999999923,220.6933333333334,656.45
2023-11-10 08:00:00,656.45,8,4,0,466.04,433.1666666666659,301.2283333333334,811.74
2023-11-10 09:00:00,811.74,9,4,0,656.45,644.7433333333325,408.99000000000007,841.81
2023-11-10 10:00:00,841.81,10,4,0,811.74,769.9999999999992,521.33,880.73
2023-11-10 11:00:00,880.73,11,4,0,841.81,844.7599999999993,638.9633333333335,929.41
2023-11-10 12:00:00,929.41,12,4,0,880.73,883.9833333333326,764.3633333333333,732.79
2023-11-10 13:00:00,732.79,13,4,0,929.41,847.6433333333325,808.8216666666667,714.44
2023-11-10 14:00:00,714.44,14,4,0,732.79,792.2133333333326,818.4866666666668,833.44
2023-11-10 15:00:00,833.44,15,4,0,714.44,760.2233333333326,822.1033333333334,826.69
2023-11-10 16:00:00,826.69,16,4,0,833.44,791.5233333333326,819.5833333333335,794.65
2023-11-10 17:00:00,794.65,17,4,0,826.69,818.2599999999993,805.2366666666667,423.61
2023-11-10 18:00:00,423.61,18,4,0,794.65,681.6499999999993,720.9366666666668,319.55
2023-11-10 19:00:00,319.55,19,4,0,423.61,512.6033333333327,652.0633333333334,273.14
2023-11-10 20:00:00,273.14,20,4,0,319.55,338.7666666666659,578.5133333333334,165.57
2023-11-10 21:00:00,165.57,21,4,0,273.14,252.75333333333256,467.20166666666677,174.39
2023-11-10 22:00:00,174.39,22,4,0,165.57,204.36666666666588,358.4850000000001,167.46
2023-11-10 23:00:00,167.46,23,4,0,174.39,169.13999999999922,253.9533333333334,184.61
2023-11-11 00:00:00,184.61,0,5,1,167.46,175.4866666666659,214.1200000000001,186.83
2023-11-11 01:00:00,186.83,1,5,1,184.61,179.63333333333262,192.00000000000009,199.73
2023-11-11 02:00:00,199.73,2,5,1,186.83,190.38999999999922,179.7650000000001,187.26
2023-11-11 03:00:00,187.26,3,5,1,199.73,191.27333333333254,183.38000000000008,205.82
2023-11-11 04:00:00,205.82,4,5,1,187.26,197.60333333333256,188.61833333333342,201.57
2023-11-11 05:00:00,201.57,5,5,1,205.82,198.2166666666659,194.3033333333334,178.53
2023-11-11 06:00:00,178.53,6,5,1,201.57,195.3066666666659,193.29000000000008,197.9
2023-11-11 07:00:00,197.9,7,5,1,178.53,192.66666666666592,195.13500000000008,174.42
2023-11-11 08:00:00,174.42,8,5,1,197.9,183.61666666666588,190.91666666666674,185.67
2023-11-11 09:00:00,185.67,9,5,1,174.42,185.9966666666659,190.65166666666676,284.66
2023-11-11 10:00:00,284.66,10,5,1,185.67,214.91666666666592,203.79166666666674,297.96
2023-11-11 11:00:00,297.96,11,5,1,284.66,256.0966666666659,219.85666666666677,290.74
2023-11-11 12:00:00,290.74,12,5,1,297.96,291.11999999999927,238.55833333333342,290.02
2023-11-11 13:00:00,290.02,13,5,1,290.74,292.9066666666659,253.91166666666675,287.85
2023-11-11 14:00:00,287.85,14,5,1,290.02,289.5366666666659,272.8166666666668,296.2
2023-11-11 15:00:00,296.2,15,5,1,287.85,291.3566666666659,291.2383333333334,294.01
2023-11-11 16:00:00,294.01,16,5,1,296.2,292.6866666666659,292.79666666666674,192.21
2023-11-11 17:00:00,192.21,17,5,1,294.01,260.8066666666659,275.17166666666674,199.73
2023-11-11 18:00:00,199.73,18,5,1,192.21,228.6499999999992,260.0033333333334,186.81
2023-11-11 19:00:00,186.81,19,5,1,199.73,192.91666666666592,242.80166666666673,187.27
2023-11-11 20:00:00,187.27,20,5,1,186.81,191.26999999999921,226.0383333333334,205.06
2023-11-11 21:00:00,205.06,21,5,1,187.27,193.0466666666659,210.8483333333334,182.15
2023-11-11 22:00:00,182.15,22,5,1,205.06,191.49333333333257,192.20500000000007,182.83
2023-11-11 23:00:00,182.83,23,5,1,182.15,190.01333333333255,190.64166666666674,169.97
2023-11-12 00:00:00,169.97,0,6,1,182.83,178.3166666666659,185.68166666666673,191.48
2023-11-12 01:00:00,191.48,1,6,1,169.97,181.4266666666659,186.46000000000006,191.21
2023-11-12 02:00:00,191.21,2,6,1,191.48,184.2199999999992,187.11666666666676,181.76
2023-11-12 03:00:00,181.76,3,6,1,191.21,188.1499999999992,183.23333333333343,184.71
2023-11-12 04:00:00,184.71,4,6,1,181.76,185.89333333333255,183.66000000000008,182.6
2023-11-12 05:00:00,182.6,5,6,1,184.71,183.02333333333254,183.62166666666675,184.98
2023-11-12 06:00:00,184.98,6,6,1,182.6,184.0966666666659,186.12333333333342,191.37
2023-11-12 07:00:00,191.37,7,6,1,184.98,186.3166666666659,186.1050000000001,189.26
2023-11-12 08:00:00,189.26,8,6,1,191.37,188.53666666666587,185.7800000000001,194.32
2023-11-12 09:00:00,194.32,9,6,1,189.26,191.6499999999992,187.87333333333342,292.73
2023-11-12 10:00:00,292.73,10,6,1,194.32,225.4366666666659,205.87666666666675,282.52
2023-11-12 11:00:00,282.52,11,6,1,292.73,256.5233333333326,222.5300000000001,290.43
2023-11-12 12:00:00,290.43,12,6,1,282.52,288.55999999999926,240.1050000000001,284.85
2023-11-12 13:00:00,284.85,13,6,1,290.43,285.93333333333254,255.68500000000006,282.44
2023-11-12 14:00:00,282.44,14,6,1,284.85,285.9066666666659,271.2150000000001,277.29
2023-11-12 15:00:00,277.29,15,6,1,282.44,281.5266666666659,285.0433333333334,291.11
2023-11-12 16:00:00,291.11,16,6,1,277.29,283.6133333333326,284.7733333333334,209.15
2023-11-12 17:00:00,209.15,17,6,1,291.11,259.1833333333326,272.5450000000001,185.83
2023-11-12 18:00:00,185.83,18,6,1,209.15,228.69666666666592,255.11166666666676,182.86
2023-11-12 19:00:00,182.86,19,6,1,185.83,192.61333333333258,238.11333333333343,194.05
2023-11-12 20:00:00,194.05,20,6,1,182.86,187.57999999999925,223.38166666666675,202.59
2023-11-12 21:00:00,202.59,21,6,1,194.05,193.16666666666592,210.93166666666676,193.93
2023-11-12 22:00:00,193.93,22,6,1,202.59,196.85666666666592,194.7350000000001,184.74
2023-11-12 23:00:00,184.74,23,6,1,193.93,193.75333333333256,190.66666666666674,191.81
2023-11-13 00:00:00,191.81,0,0,0,184.74,190.15999999999926,191.6633333333334,164.95
2023-11-13 01:00:00,164.95,1,0,0,191.81,180.49999999999923,188.6783333333334,183.55
2023-11-13 02:00:00,183.55,2,0,0,164.95,180.10333333333259,186.9283333333334,174.93
2023-11-13 03:00:00,174.93,3,0,0,183.55,174.4766666666659,182.3183333333334,172.27
2023-11-13 04:00:00,172.27,4,0,0,174.93,176.91666666666592,178.7083333333334,160.08
2023-11-13 05:00:00,160.08,5,0,0,172.27,169.09333333333257,174.59833333333344,172.5
2023-11-13 06:00:00,172.5,6,0,0,160.08,168.2833333333326,171.38000000000008,470.14
2023-11-13 07:00:00,470.14,7,0,0,172.5,267.5733333333326,222.2450000000001,656.01
2023-11-13 08:00:00,656.01,8,0,0,470.14,432.8833333333326,300.9883333333334,766.56
2023-11-13 09:00:00,766.56,9,0,0,656.01,630.9033333333326,399.5933333333334,811.16
2023-11-13 10:00:00,811.16,10,0,0,766.56,744.5766666666659,506.07500000000005,852.42
2023-11-13 11:00:00,852.42,11,0,0,811.16,810.0466666666658,621.465,884.91
2023-11-13 12:00:00,884.91,12,0,0,852.42,849.4966666666659,740.2000000000002,692.04
2023-11-13 13:00:00,692.04,13,0,0,884.91,809.7899999999992,777.1833333333334,706.52
2023-11-13 14:00:00,706.52,14,0,0,692.04,761.1566666666658,785.6016666666668,885.74
2023-11-13 15:00:00,885.74,15,0,0,706.52,761.4333333333325,805.465,824.06
2023-11-13 16:00:00,824.06,16,0,0,885.74,805.4399999999993,807.6150000000001,811.03
2023-11-13 17:00:00,811.03,17,0,0,824.06,840.2766666666658,800.7166666666667,414.03
2023-11-13 18:00:00,414.03,18,0,0,811.03,683.0399999999992,722.2366666666667,316.03
2023-11-13 19:00:00,316.03,19,0,0,414.03,513.6966666666659,659.5683333333334,245.58
2023-11-13 20:00:00,245.58,20,0,0,316.03,325.21333333333257,582.745,170.25
2023-11-13 21:00:00,170.25,21,0,0,245.58,243.95333333333258,463.49666666666667,170.14
2023-11-13 22:00:00,170.14,22,0,0,170.25,195.32333333333258,354.51000000000005,169.87
2023-11-13 23:00:00,169.87,23,0,0,170.14,170.0866666666659,247.6500000000001,173.77
2023-11-14 00:00:00,173.77,0,1,0,169.87,171.25999999999922,207.6066666666667,173.14
2023-11-14 01:00:00,173.14,1,1,0,173.77,172.25999999999922,183.79166666666674,170.44
2023-11-14 02:00:00,170.44,2,1,0,173.14,172.44999999999922,171.2683333333334,178.17
2023-11-14 03:00:00,178.17,3,1,0,170.44,173.91666666666592,172.5883333333334,170.48
2023-11-14 04:00:00,170.48,4,1,0,178.17,173.0299999999992,172.64500000000007,175.59
2023-11-14 05:00:00,175.59,5,1,0,170.48,174.7466666666659,173.5983333333334,180.7
2023-11-14 06:00:00,180.7,6,1,0,175.59,175.58999999999924,174.75333333333342,455.11
2023-11-14 07:00:00,455.11,7,1,0,180.7,270.4666666666659,221.74833333333342,672.56
2023-11-14 08:00:00,672.56,8,1,0,455.11,436.12333333333254,305.43500000000006,839.23
2023-11-14 09:00:00,839.23,9,1,0,672.56,655.6333333333325,415.61166666666674,822.18
2023-11-14 10:00:00,822.18,10,1,0,839.23,777.9899999999992,524.2283333333334,856.18
2023-11-14 11:00:00,856.18,11,1,0,822.18,839.1966666666658,637.66,928.62
2023-11-14 12:00:00,928.62,12,1,0,856.18,868.9933333333325,762.3133333333334,675.55
2023-11-14 13:00:00,675.55,13,1,0,928.62,820.1166666666659,799.0533333333334,701.91
2023-11-14 14:00:00,701.91,14,1,0,675.55,768.6933333333326,803.945,870.54
2023-11-14 15:00:00,870.54,15,1,0,701.91,749.3333333333326,809.1633333333334,796.22
2023-11-14 16:00:00,796.22,16,1,0,870.54,789.5566666666658,804.8366666666667,794.88
2023-11-14 17:00:00,794.88,17,1,0,796.22,820.5466666666658,794.62,423.62
2023-11-14 18:00:00,423.62,18,1,0,794.88,671.5733333333326,710.4533333333334,326.54
2023-11-14 19:00:00,326.54,19,1,0,423.62,515.0133333333325,652.2850000000001,245.98
2023-11-14 20:00:00,245.98,20,1,0,326.54,332.0466666666659,576.2966666666667,178.3
2023-11-14 21:00:00,178.3,21,1,0,245.98,250.2733333333326,460.92333333333346,169.04
2023-11-14 22:00:00,169.04,22,1,0,178.3,197.77333333333254,356.39333333333343,178.1
2023-11-14 23:00:00,178.1,23,1,0,169.04,175.14666666666588,253.59666666666672,176.46
2023-11-15 00:00:00,176.46,0,2,0,178.1,174.5333333333326,212.40333333333342,170.36
2023-11-15 01:00:00,170.36,1,2,0,176.46,174.9733333333326,186.37333333333342,168.61
2023-11-15 02:00:00,168.61,2,2,0,170.36,171.80999999999926,173.47833333333344,183.12
2023-11-15 03:00:00,183.12,3,2,0,168.61,174.02999999999926,174.28166666666675,164.72
2023-11-15 04:00:00,164.72,4,2,0,183.12,172.14999999999927,173.56166666666675,177.66
2023-11-15 05:00:00,177.66,5,2,0,164.72,175.16666666666592,173.48833333333343,154.81
2023-11-15 06:00:00,154.81,6,2,0,177.66,165.72999999999925,169.88000000000008,463.73
2023-11-15 07:00:00,463.73,7,2,0,154.81,265.39999999999924,218.7750000000001,660.58
2023-11-15 08:00:00,660.58,8,2,0,463.73,426.37333333333254,300.77000000000004,819.75
2023-11-15 09:00:00,819.75,9,2,0,660.58,648.0199999999992,406.87500000000006,857.67
2023-11-15 10:00:00,857.67,10,2,0,819.75,779.3333333333326,522.3666666666667,881.56
2023-11-15 11:00:00,881.56,11,2,0,857.67,852.9933333333325,639.6833333333334,844.22
2023-11-15 12:00:00,844.22,12,2,0,881.56,861.1499999999993,754.585,687.78
2023-11-15 13:00:00,687.78,13,2,0,844.22,804.5199999999992,791.9266666666667,697.99
2023-11-15 14:00:00,697.99,14,2,0,687.78,743.3299999999994,798.1616666666667,837.29
2023-11-15 15:00:00,837.29,15,2,0,697.99,741.0199999999992,801.085,878.56
2023-11-15 16:00:00,878.56,16,2,0,837.29,804.6133333333324,804.5666666666667,766.02
2023-11-15 17:00:00,766.02,17,2,0,878.56,827.2899999999992,785.3100000000001,379.91
2023-11-15 18:00:00,379.91,18,2,0,766.02,674.8299999999992,707.9250000000001,326.49
2023-11-15 19:00:00,326.49,19,2,0,379.91,490.80666666666593,647.71,255.1
2023-11-15 20:00:00,255.1,20,2,0,326.49,320.49999999999926,573.8950000000001,173.74
2023-11-15 21:00:00,173.74,21,2,0,255.1,251.77666666666588,463.30333333333346,195.51
2023-11-15 22:00:00,195.51,22,2,0,173.74,208.1166666666659,349.46166666666676,175.7
2023-11-15 23:00:00,175.7,23,2,0,195.51,181.6499999999992,251.07500000000007,178.13
2023-11-16 00:00:00,178.13,0,3,0,175.7,183.11333333333255,217.44500000000005,187.68
2023-11-16 01:00:00,187.68,1,3,0,178.13,180.50333333333256,194.31000000000006,165.45
2023-11-16 02:00:00,165.45,2,3,0,187.68,177.0866666666659,179.36833333333342,184.96
2023-11-16 03:00:00,184.96,3,3,0,165.45,179.36333333333258,181.23833333333343,163.23
2023-11-16 04:00:00,163.23,4,3,0,184.96,171.21333333333257,175.85833333333343,170.04
2023-11-16 05:00:00,170.04,5,3,0,163.23,172.74333333333257,174.91500000000008,164.15
2023-11-16 06:00:00,164.15,6,3,0,170.04,165.8066666666659,172.58500000000006,452.63
2023-11-16 07:00:00,452.63,7,3,0,164.15,262.2733333333326,216.74333333333342,666.64
2023-11-16 08:00:00,666.64,8,3,0,452.63,427.80666666666593,300.2750000000001,804.91
2023-11-16 09:00:00,804.91,9,3,0,666.64,641.3933333333325,403.6000000000001,899.86
2023-11-16 10:00:00,899.86,10,3,0,804.91,790.4699999999992,526.3716666666668,883.36
2023-11-16 11:00:00,883.36,11,3,0,899.86,862.7099999999992,645.2583333333333,858.04
2023-11-16 12:00:00,858.04,12,3,0,883.36,880.4199999999992,760.9066666666668,689.77
2023-11-16 13:00:00,689.77,13,3,0,858.04,810.3899999999991,800.43,719.1
2023-11-16 14:00:00,719.1,14,3,0,689.77,755.6366666666659,809.1733333333335,852.53
2023-11-16 15:00:00,852.53,15,3,0,719.1,753.7999999999993,817.1100000000001,878.09
2023-11-16 16:00:00,878.09,16,3,0,852.53,816.5733333333325,813.4816666666667,830.06
2023-11-16 17:00:00,830.06,17,3,0,878.09,853.5599999999991,804.5983333333334,407.81
2023-11-16 18:00:00,407.81,18,3,0,830.06,705.3199999999993,729.5600000000001,326.47
2023-11-16 19:00:00,326.47,19,3,0,407.81,521.4466666666659,669.0100000000001,257.61
2023-11-16 20:00:00,257.61,20,3,0,326.47,330.62999999999926,592.095,166.11
2023-11-16 21:00:00,166.11,21,3,0,257.61,250.0633333333326,477.6916666666668,174.0
2023-11-16 22:00:00,174.0,22,3,0,166.11,199.23999999999924,360.3433333333334,159.66
2023-11-16 23:00:00,159.66,23,3,0,174.0,166.58999999999924,248.6100000000001,168.04
2023-11-17 00:00:00,168.04,0,4,0,159.66,167.23333333333258,208.64833333333343,172.83
2023-11-17 01:00:00,172.83,1,4,0,168.04,166.84333333333257,183.04166666666674,163.05
2023-11-17 02:00:00,163.05,2,4,0,172.83,167.9733333333326,167.28166666666672,188.4
2023-11-17 03:00:00,188.4,3,4,0,163.05,174.75999999999922,170.99666666666675,168.12
2023-11-17 04:00:00,168.12,4,4,0,188.4,173.18999999999923,170.01666666666674,164.02
2023-11-17 05:00:00,164.02,5,4,0,168.12,173.5133333333326,170.74333333333342,184.37
2023-11-17 06:00:00,184.37,6,4,0,164.02,172.16999999999925,173.46500000000006,466.84
2023-11-17 07:00:00,466.84,7,4,0,184.37,271.7433333333326,222.46666666666673,663.39
2023-11-17 08:00:00,663.39,8,4,0,466.84,438.1999999999992,305.85666666666674,801.47
2023-11-17 09:00:00,801.47,9,4,0,663.39,643.8999999999992,408.0350000000001,876.94
2023-11-17 10:00:00,876.94,10,4,0,801.47,780.5999999999993,526.1716666666667,933.21
2023-11-17 11:00:00,933.21,11,4,0,876.94,870.5399999999994,654.3700000000001,872.26
2023-11-17 12:00:00,872.26,12,4,0,933.21,894.1366666666659,769.0183333333334,764.02
2023-11-17 13:00:00,764.02,13,4,0,872.26,856.4966666666659,818.5483333333335,673.15
2023-11-17 14:00:00,673.15,14,4,0,764.02,769.8099999999991,820.1750000000001,851.53
2023-11-17 15:00:00,851.53,15,4,0,673.15,762.8999999999993,828.5183333333334,838.85
2023-11-17 16:00:00,838.85,16,4,0,851.53,787.8433333333327,822.1700000000001,736.74
2023-11-17 17:00:00,736.74,17,4,0,838.85,809.0399999999992,789.4250000000001,385.82
2023-11-17 18:00:00,385.82,18,4,0,736.74,653.8033333333326,708.3516666666668,316.31
2023-11-17 19:00:00,316.31,19,4,0,385.82,479.62333333333254,633.7333333333335,263.4
2023-11-17 20:00:00,263.4,20,4,0,316.31,321.84333333333257,565.4416666666667,183.86
2023-11-17 21:00:00,183.86,21,4,0,263.4,254.5233333333326,454.1633333333334,177.39
2023-11-17 22:00:00,177.39,22,4,0,183.86,208.2166666666659,343.9200000000001,174.65
2023-11-17 23:00:00,174.65,23,4,0,177.39,178.63333333333256,250.23833333333343,188.93
2023-11-18 00:00:00,188.93,0,5,1,174.65,180.32333333333258,217.4233333333334,188.55
2023-11-18 01:00:00,188.55,1,5,1,188.93,184.04333333333258,196.13000000000008,193.56
2023-11-18 02:00:00,193.56,2,5,1,188.55,190.34666666666593,184.4900000000001,200.09
2023-11-18 03:00:00,200.09,3,5,1,193.56,194.06666666666592,187.19500000000008,175.78
2023-11-18 04:00:00,175.78,4,5,1,200.09,189.80999999999926,186.92666666666673,192.48
2023-11-18 05:00:00,192.48,5,5,1,175.78,189.44999999999922,189.89833333333343,195.48
2023-11-18 06:00:00,195.48,6,5,1,192.48,187.9133333333326,190.9900000000001,194.27
2023-11-18 07:00:00,194.27,7,5,1,195.48,194.07666666666591,191.9433333333334,184.06
2023-11-18 08:00:00,184.06,8,5,1,194.27,191.26999999999921,190.36000000000004,189.81
2023-11-18 09:00:00,189.81,9,5,1,184.06,189.37999999999923,188.64666666666676,283.46
2023-11-18 10:00:00,283.46,10,5,1,189.81,219.10999999999922,206.5933333333334,303.48
2023-11-18 11:00:00,303.48,11,5,1,283.46,258.9166666666659,225.0933333333334,288.81
2023-11-18 12:00:00,288.81,12,5,1,303.48,291.9166666666659,240.6483333333334,280.19
2023-11-18 13:00:00,280.19,13,5,1,288.81,290.8266666666659,254.9683333333334,287.69
2023-11-18 14:00:00,287.69,14,5,1,280.19,285.5633333333326,272.24000000000007,276.3
2023-11-18 15:00:00,276.3,15,5,1,287.69,281.3933333333326,286.6550000000001,293.22
2023-11-18 16:00:00,293.22,16,5,1,276.3,285.73666666666594,288.28166666666675,190.54
2023-11-18 17:00:00,190.54,17,5,1,293.22,253.35333333333256,269.4583333333334,185.12
2023-11-18 18:00:00,185.12,18,5,1,190.54,222.95999999999924,252.17666666666676,183.06
2023-11-18 19:00:00,183.06,19,5,1,185.12,186.23999999999924,235.98833333333343,189.56
2023-11-18 20:00:00,189.56,20,5,1,183.06,185.9133333333326,219.6333333333334,189.25
2023-11-18 21:00:00,189.25,21,5,1,189.56,187.28999999999925,205.12500000000009,185.92
2023-11-18 22:00:00,185.92,22,5,1,189.25,188.24333333333257,187.24166666666676,180.68
2023-11-18 23:00:00,180.68,23,5,1,185.92,185.2833333333326,185.59833333333344,183.1
2023-11-19 00:00:00,183.1,0,6,1,180.68,183.23333333333258,185.26166666666674,191.72
2023-11-19 01:00:00,191.72,1,6,1,183.1,185.16666666666592,186.70500000000007,205.18
2023-11-19 02:00:00,205.18,2,6,1,191.72,193.33333333333258,189.3083333333334,187.9
2023-11-19 03:00:00,187.9,3,6,1,205.18,194.93333333333257,189.0833333333334,186.6
2023-11-19 04:00:00,186.6,4,6,1,187.9,193.22666666666592,189.19666666666672,191.85
2023-11-19 05:00:00,191.85,5,6,1,186.6,188.7833333333326,191.0583333333334,186.19
2023-11-19 06:00:00,186.19,6,6,1,191.85,188.21333333333257,191.5733333333334,185.09
2023-11-19 07:00:00,185.09,7,6,1,186.19,187.70999999999924,190.4683333333334,183.86
2023-11-19 08:00:00,183.86,8,6,1,185.09,185.0466666666659,186.91500000000008,192.62
2023-11-19 09:00:00,192.62,9,6,1,183.86,187.18999999999926,187.70166666666674,295.72
2023-11-19 10:00:00,295.72,10,6,1,192.62,224.06666666666592,205.8883333333334,290.91
2023-11-19 11:00:00,290.91,11,6,1,295.72,259.74999999999926,222.39833333333343,299.61
2023-11-19 12:00:00,299.61,12,6,1,290.91,295.41333333333256,241.30166666666676,293.29
2023-11-19 13:00:00,293.29,13,6,1,299.61,294.6033333333326,259.3350000000001,295.21
2023-11-19 14:00:00,295.21,14,6,1,293.29,296.03666666666595,277.89333333333343,297.98
2023-11-19 15:00:00,297.98,15,6,1,295.21,295.4933333333326,295.45333333333343,283.48
2023-11-19 16:00:00,283.48,16,6,1,297.98,292.2233333333326,293.4133333333334,182.44
2023-11-19 17:00:00,182.44,17,6,1,283.48,254.63333333333256,275.3350000000001,178.78
2023-11-19 18:00:00,178.78,18,6,1,182.44,214.89999999999927,255.19666666666674,193.93
2023-11-19 19:00:00,193.93,19,6,1,178.78,185.04999999999924,238.63666666666674,179.61
2023-11-19 20:00:00,179.61,20,6,1,193.93,184.10666666666592,219.3700000000001,188.04
2023-11-19 21:00:00,188.04,21,6,1,179.61,187.1933333333326,201.04666666666674,206.29
2023-11-19 22:00:00,206.29,22,6,1,188.04,191.31333333333257,188.18166666666673,188.84
2023-11-19 23:00:00,188.84,23,6,1,206.29,194.38999999999922,189.24833333333342,167.91
2023-11-20 00:00:00,167.91,0,0,0,188.84,187.67999999999924,187.43666666666675,174.01
2023-11-20 01:00:00,174.01,1,0,0,167.91,176.91999999999925,184.11666666666676,170.84
2023-11-20 02:00:00,170.84,2,0,0,174.01,170.91999999999925,182.65500000000006,169.81
2023-11-20 03:00:00,169.81,3,0,0,170.84,171.5533333333326,179.61666666666676,174.77
2023-11-20 04:00:00,174.77,4,0,0,169.81,171.80666666666593,174.36333333333343,166.01
2023-11-20 05:00:00,166.01,5,0,0,174.77,170.19666666666592,170.55833333333342,175.07
2023-11-20 06:00:00,175.07,6,0,0,166.01,171.94999999999925,171.75166666666675,460.19
2023-11-20 07:00:00,460.19,7,0,0,175.07,267.08999999999924,219.4483333333334,658.26
2023-11-20 08:00:00,658.26,8,0,0,460.19,431.17333333333255,300.68500000000006,818.49
2023-11-20 09:00:00,818.49,9,0,0,658.26,645.646666666666,408.7983333333334,848.44
2023-11-20 10:00:00,848.44,10,0,0,818.49,775.0633333333326,521.0766666666667,902.93
2023-11-20 11:00:00,902.93,11,0,0,848.44,856.6199999999993,643.8966666666668,929.55
2023-11-20 12:00:00,929.55,12,0,0,902.93,893.6399999999993,769.6433333333334,726.76
2023-11-20 13:00:00,726.76,13,0,0,929.55,853.0799999999991,814.0716666666667,714.62
2023-11-20 14:00:00,714.62,14,0,0,726.76,790.3099999999991,823.4650000000001,861.91
2023-11-20 15:00:00,861.91,15,0,0,714.62,767.7633333333325,830.7016666666668,823.37
2023-11-20 16:00:00,823.37,16,0,0,861.91,799.9666666666659,826.5233333333334,814.64
2023-11-20 17:00:00,814.64,17,0,0,823.37,833.3066666666659,811.8083333333334,377.68
2023-11-20 18:00:00,377.68,18,0,0,814.64,671.896666666666,719.83,316.77
2023-11-20 19:00:00,316.77,19,0,0,377.68,503.02999999999923,651.4983333333334,256.2
2023-11-20 20:00:00,256.2,20,0,0,316.77,316.8833333333326,575.0950000000001,183.77
2023-11-20 21:00:00,183.77,21,0,0,256.2,252.2466666666659,462.0716666666667,194.57
2023-11-20 22:00:00,194.57,22,0,0,183.77,211.51333333333255,357.27166666666676,165.48
2023-11-20 23:00:00,165.48,23,0,0,194.57,181.27333333333254,249.0783333333334,171.0
2023-11-21 00:00:00,171.0,0,1,0,165.48,177.01666666666588,214.63166666666675,186.43
2023-11-21 01:00:00,186.43,1,1,0,171.0,174.30333333333257,192.90833333333342,170.78
2023-11-21 02:00:00,170.78,2,1,0,186.43,176.06999999999925,178.67166666666674,168.3
2023-11-21 03:00:00,168.3,3,1,0,170.78,175.16999999999925,176.0933333333334,176.08
2023-11-21 04:00:00,176.08,4,1,0,168.3,171.71999999999926,173.01166666666674,173.68
2023-11-21 05:00:00,173.68,5,1,0,176.08,172.68666666666593,174.37833333333342,163.77
2023-11-21 06:00:00,163.77,6,1,0,173.68,171.1766666666659,173.1733333333334,463.06
2023-11-21 07:00:00,463.06,7,1,0,163.77,266.8366666666659,219.27833333333342,662.27
2023-11-21 08:00:00,662.27,8,1,0,463.06,429.6999999999992,301.19333333333344,824.57
2023-11-21 09:00:00,824.57,9,1,0,662.27,649.9666666666659,410.5716666666668,834.76
2023-11-21 10:00:00,834.76,10,1,0,824.57,773.8666666666659,520.3516666666668,887.94
2023-11-21 11:00:00,887.94,11,1,0,834.76,849.0899999999992,639.3950000000001,914.49
2023-11-21 12:00:00,914.49,12,1,0,887.94,879.0633333333326,764.515,643.14
2023-11-21 13:00:00,643.14,13,1,0,914.49,815.1899999999993,794.5283333333335,763.58
2023-11-21 14:00:00,763.58,14,1,0,643.14,773.7366666666659,811.4133333333334,859.17
2023-11-21 15:00:00,859.17,15,1,0,763.58,755.2966666666658,817.18,846.19
2023-11-21 16:00:00,846.19,16,1,0,859.17,822.9799999999992,819.085,758.23
2023-11-21 17:00:00,758.23,17,1,0,846.19,821.1966666666659,797.4666666666668,395.62
2023-11-21 18:00:00,395.62,18,1,0,758.23,666.6799999999993,710.9883333333333,317.19
2023-11-21 19:00:00,317.19,19,1,0,395.62,490.3466666666659,656.6633333333334,260.5
2023-11-21 20:00:00,260.5,20,1,0,317.19,324.4366666666659,572.8166666666667,178.36
2023-11-21 21:00:00,178.36,21,1,0,260.5,252.01666666666588,459.3483333333334,170.1
2023-11-21 22:00:00,170.1,22,1,0,178.36,202.9866666666659,346.66666666666674,170.32
2023-11-21 23:00:00,170.32,23,1,0,170.1,172.9266666666659,248.68166666666673,173.4
2023-11-22 00:00:00,173.4,0,2,0,170.32,171.27333333333254,211.64500000000007,164.65
2023-11-22 01:00:00,164.65,1,2,0,173.4,169.4566666666659,186.22166666666678,169.15
2023-11-22 02:00:00,169.15,2,2,0,164.65,169.06666666666592,170.99666666666675,165.6
2023-11-22 03:00:00,165.6,3,2,0,169.15,166.4666666666659,168.87000000000006,185.65
2023-11-22 04:00:00,185.65,4,2,0,165.6,173.46666666666593,171.46166666666673,178.0
2023-11-22 05:00:00,178.0,5,2,0,185.65,176.41666666666592,172.74166666666676,171.47
2023-11-22 06:00:00,171.47,6,2,0,178.0,178.37333333333257,172.42000000000007,445.84
2023-11-22 07:00:00,445.84,7,2,0,171.47,265.10333333333256,219.28500000000008,655.06
2023-11-22 08:00:00,655.06,8,2,0,445.84,424.12333333333254,300.27000000000004,798.59
2023-11-22 09:00:00,798.59,9,2,0,655.06,633.1633333333325,405.76833333333343,814.42
2023-11-22 10:00:00,814.42,10,2,0,798.59,756.0233333333326,510.56333333333333,912.72
2023-11-22 11:00:00,912.72,11,2,0,814.42,841.9099999999993,633.0166666666668,899.52
2023-11-22 12:00:00,899.52,12,2,0,912.72,875.5533333333325,754.3583333333335,713.69
2023-11-22 13:00:00,713.69,13,2,0,899.52,841.9766666666659,799.0,697.79
2023-11-22 14:00:00,697.79,14,2,0,713.69,770.3333333333326,806.1216666666669,871.78
2023-11-22 15:00:00,871.78,15,2,0,697.79,761.0866666666658,818.32,817.98
2023-11-22 16:00:00,817.98,16,2,0,871.78,795.8499999999991,818.9133333333334,827.11
2023-11-22 17:00:00,827.11,17,2,0,817.98,838.9566666666659,804.6450000000001,409.63
2023-11-22 18:00:00,409.63,18,2,0,827.11,684.9066666666658,722.9966666666668,338.84
2023-11-22 19:00:00,338.84,19,2,0,409.63,525.1933333333326,660.5216666666668,251.37
2023-11-22 20:00:00,251.37,20,2,0,338.84,333.27999999999923,586.1183333333335,176.59
2023-11-22 21:00:00,176.59,21,2,0,251.37,255.59999999999923,470.2533333333334,176.52
2023-11-22 22:00:00,176.52,22,2,0,176.59,201.49333333333257,363.3433333333334,169.67
2023-11-22 23:00:00,169.67,23,2,0,176.52,174.25999999999922,253.77000000000007,177.25
2023-11-23 00:00:00,177.25,0,3,0,169.67,174.47999999999922,215.04000000000008,182.93
2023-11-23 01:00:00,182.93,1,3,0,177.25,176.6166666666659,189.0550000000001,175.36
2023-11-23 02:00:00,175.36,2,3,0,182.93,178.5133333333326,176.38666666666674,176.21
2023-11-23 03:00:00,176.21,3,3,0,175.36,178.16666666666592,176.3233333333334,177.37
2023-11-23 04:00:00,177.37,4,3,0,176.21,176.3133333333326,176.46500000000006,190.5
2023-11-23 05:00:00,190.5,5,3,0,177.37,181.35999999999922,179.93666666666672,183.1
2023-11-23 06:00:00,183.1,6,3,0,190.5,183.65666666666593,180.91166666666675,453.68
2023-11-23 07:00:00,453.68,7,3,0,183.1,275.75999999999925,226.03666666666675,655.19
2023-11-23 08:00:00,655.19,8,3,0,453.68,430.6566666666659,306.0083333333334,812.61
2023-11-23 09:00:00,812.61,9,3,0,655.19,640.4933333333325,412.0750000000001,823.78
2023-11-23 10:00:00,823.78,10,3,0,812.61,763.8599999999992,519.8100000000001,848.26
2023-11-23 11:00:00,848.26,11,3,0,823.78,828.2166666666659,629.4366666666668,880.12
2023-11-23 12:00:00,880.12,12,3,0,848.26,850.7199999999992,745.6066666666667,695.87
2023-11-23 13:00:00,695.87,13,3,0,880.12,808.0833333333326,785.9716666666668,711.35
2023-11-23 14:00:00,711.35,14,3,0,695.87,762.4466666666658,795.3316666666668,842.06
2023-11-23 15:00:00,842.06,15,3,0,711.35,749.7599999999993,800.2400000000001,855.86
2023-11-23 16:00:00,855.86,16,3,0,842.06,803.0899999999992,805.5866666666667,809.68
2023-11-23 17:00:00,809.68,17,3,0,855.86,835.8666666666659,799.1566666666668,364.59
2023-11-23 18:00:00,364.59,18,3,0,809.68,676.7099999999992,713.2350000000001,335.4
2023-11-23 19:00:00,335.4,19,3,0,364.59,503.2233333333326,653.1566666666668,251.94
2023-11-23 20:00:00,251.94,20,3,0,335.4,317.3099999999992,576.5883333333334,193.9
2023-11-23 21:00:00,193.9,21,3,0,251.94,260.41333333333256,468.5616666666667,181.17
2023-11-23 22:00:00,181.17,22,3,0,193.9,209.00333333333256,356.1133333333334,184.09
2023-11-23 23:00:00,184.09,23,3,0,181.17,186.3866666666659,251.8483333333334,167.13
2023-11-24 00:00:00,167.13,0,4,0,184.09,177.46333333333257,218.93833333333342,178.24
2023-11-24 01:00:00,178.24,1,4,0,167.13,176.4866666666659,192.7450000000001,185.86
2023-11-24 02:00:00,185.86,2,4,0,178.24,177.07666666666591,181.73166666666677,176.86
2023-11-24 03:00:00,176.86,3,4,0,185.86,180.31999999999925,178.89166666666677,173.37
2023-11-24 04:00:00,173.37,4,4,0,176.86,178.69666666666592,177.59166666666673,178.03
2023-11-24 05:00:00,178.03,5,4,0,173.37,176.0866666666659,176.58166666666673,183.74
2023-11-24 06:00:00,183.74,6,4,0,178.03,178.37999999999923,179.3500000000001,461.0
2023-11-24 07:00:00,461.0,7,4,0,183.74,274.2566666666659,226.47666666666677,661.62
2023-11-24 08:00:00,661.62,8,4,0,461.0,435.45333333333264,305.77000000000004,804.16
2023-11-24 09:00:00,804.16,9,4,0,661.62,642.2599999999992,410.3200000000001,797.59
2023-11-24 10:00:00,797.59,10,4,0,804.16,754.4566666666659,514.3566666666667,912.85
2023-11-24 11:00:00,912.85,11,4,0,797.59,838.1999999999992,636.8266666666667,910.69
2023-11-24 12:00:00,910.69,12,4,0,912.85,873.7099999999992,757.9850000000001,735.18
2023-11-24 13:00:00,735.18,13,4,0,910.69,852.9066666666658,803.6816666666667,678.89
2023-11-24 14:00:00,678.89,14,4,0,735.18,774.9199999999992,806.5600000000001,848.62
2023-11-24 15:00:00,848.62,15,4,0,678.89,754.2299999999992,813.9700000000001,827.14
2023-11-24 16:00:00,827.14,16,4,0,848.62,784.8833333333326,818.895,823.3
2023-11-24 17:00:00,823.3,17,4,0,827.14,833.0199999999992,803.9700000000001,371.65
2023-11-24 18:00:00,371.65,18,4,0,823.3,674.0299999999993,714.1300000000001,317.97
2023-11-24 19:00:00,317.97,19,4,0,371.65,504.30666666666593,644.5950000000001,269.17
2023-11-24 20:00:00,269.17,20,4,0,317.97,319.5966666666659,576.3083333333334,171.03
2023-11-24 21:00:00,171.03,21,4,0,269.17,252.7233333333326,463.3766666666668,164.88
2023-11-24 22:00:00,164.88,22,4,0,171.03,201.6933333333326,353.00000000000006,173.62
2023-11-24 23:00:00,173.62,23,4,0,164.88,169.84333333333257,244.7200000000001,199.92
2023-11-25 00:00:00,199.92,0,5,1,173.62,179.4733333333326,216.09833333333344,195.98
2023-11-25 01:00:00,195.98,1,5,1,199.92,189.83999999999924,195.76666666666674,195.08
2023-11-25 02:00:00,195.08,2,5,1,195.98,196.99333333333257,183.4183333333334,184.11
2023-11-25 03:00:00,184.11,3,5,1,195.08,191.7233333333326,185.5983333333334,177.91
2023-11-25 04:00:00,177.91,4,5,1,184.11,185.69999999999925,187.77000000000007,196.82
2023-11-25 05:00:00,196.82,5,5,1,177.91,186.27999999999926,191.63666666666674,183.39
2023-11-25 06:00:00,183.39,6,5,1,196.82,186.03999999999925,188.88166666666675,190.29
2023-11-25 07:00:00,190.29,7,5,1,183.39,190.16666666666592,187.9333333333334,166.18
2023-11-25 08:00:00,166.18,8,5,1,190.29,179.95333333333255,183.11666666666676,197.31
2023-11-25 09:00:00,197.31,9,5,1,166.18,184.59333333333257,185.31666666666672,290.13
2023-11-25 10:00:00,290.13,10,5,1,197.31,217.87333333333257,204.02000000000007,290.29
2023-11-25 11:00:00,290.29,11,5,1,290.13,259.2433333333326,219.59833333333344,307.59
2023-11-25 12:00:00,307.59,12,5,1,290.29,296.0033333333326,240.2983333333334,288.76
2023-11-25 13:00:00,288.76,13,5,1,307.59,295.5466666666659,256.7100000000001,285.02
2023-11-25 14:00:00,285.02,14,5,1,288.76,293.7899999999992,276.5166666666667,286.8
2023-11-25 15:00:00,286.8,15,5,1,285.02,286.8599999999993,291.43166666666673,287.89
2023-11-25 16:00:00,287.89,16,5,1,286.8,286.5699999999992,291.0583333333334,195.14
2023-11-25 17:00:00,195.14,17,5,1,287.89,256.6099999999993,275.2000000000001,188.41
2023-11-25 18:00:00,188.41,18,5,1,195.14,223.81333333333257,255.33666666666673,172.85
2023-11-25 19:00:00,172.85,19,5,1,188.41,185.4666666666659,236.0183333333334,196.29
2023-11-25 20:00:00,196.29,20,5,1,172.85,185.84999999999923,221.23000000000005,197.92
2023-11-25 21:00:00,197.92,21,5,1,196.29,189.01999999999921,206.41666666666674,199.58
2023-11-25 22:00:00,199.58,22,5,1,197.92,197.92999999999924,191.6983333333334,188.89
2023-11-25 23:00:00,188.89,23,5,1,199.58,195.46333333333257,190.65666666666675,183.94
2023-11-26 00:00:00,183.94,0,6,1,188.89,190.80333333333257,189.91166666666675,186.16
2023-11-26 01:00:00,186.16,1,6,1,183.94,186.32999999999925,192.13000000000008,170.86
2023-11-26 02:00:00,170.86,2,6,1,186.16,180.31999999999925,187.89166666666674,183.1
2023-11-26 03:00:00,183.1,3,6,1,170.86,180.03999999999925,185.42166666666674,192.32
2023-11-26 04:00:00,192.32,4,6,1,183.1,182.09333333333257,184.21166666666673,186.56
2023-11-26 05:00:00,186.56,5,6,1,192.32,187.32666666666591,183.8233333333334,194.46
2023-11-26 06:00:00,194.46,6,6,1,186.56,191.11333333333255,185.57666666666674,194.41
2023-11-26 07:00:00,194.41,7,6,1,194.46,191.80999999999926,186.95166666666674,186.67
2023-11-26 08:00:00,186.67,8,6,1,194.41,191.8466666666659,189.58666666666673,190.9
2023-11-26 09:00:00,190.9,9,6,1,186.67,190.65999999999926,190.88666666666674,284.81
2023-11-26 10:00:00,284.81,10,6,1,190.9,220.79333333333258,206.30166666666673,281.64
2023-11-26 11:00:00,281.64,11,6,1,284.81,252.44999999999922,222.14833333333343,299.46
2023-11-26 12:00:00,299.46,12,6,1,281.64,288.6366666666659,239.64833333333343,278.11
2023-11-26 13:00:00,278.11,13,6,1,299.46,286.40333333333257,253.5983333333334,289.42
2023-11-26 14:00:00,289.42,14,6,1,278.11,288.99666666666593,270.7233333333334,311.59
2023-11-26 15:00:00,311.59,15,6,1,289.42,293.0399999999992,290.8383333333334,284.93
2023-11-26 16:00:00,284.93,16,6,1,311.59,295.3133333333326,290.8583333333334,191.9
2023-11-26 17:00:00,191.9,17,6,1,284.93,262.8066666666659,275.90166666666676,192.45
2023-11-26 18:00:00,192.45,18,6,1,191.9,223.09333333333257,258.0666666666667,190.56
2023-11-26 19:00:00,190.56,19,6,1,192.45,191.6366666666659,243.4750000000001,194.82
2023-11-26 20:00:00,194.82,20,6,1,190.56,192.60999999999922,227.7083333333334,191.57
2023-11-26 21:00:00,191.57,21,6,1,194.82,192.3166666666659,207.70500000000007,184.83
2023-11-26 22:00:00,184.83,22,6,1,191.57,190.40666666666593,191.02166666666676,189.41
2023-11-26 23:00:00,189.41,23,6,1,184.83,188.60333333333256,190.60666666666677,212.69
2023-11-27 00:00:00,212.69,0,0,0,189.41,195.64333333333255,193.98000000000005,216.16
2023-11-27 01:00:00,216.16,1,0,0,212.69,206.0866666666659,198.24666666666675,231.8
2023-11-27 02:00:00,231.8,2,0,0,216.16,220.2166666666659,204.41000000000008,217.34
2023-11-27 03:00:00,217.34,3,0,0,231.8,221.76666666666588,208.70500000000007,227.92
2023-11-27 04:00:00,227.92,4,0,0,217.34,225.6866666666659,215.88666666666677,237.94
2023-11-27 05:00:00,237.94,5,0,0,227.92,227.73333333333255,223.97500000000005,222.29
2023-11-27 06:00:00,222.29,6,0,0,237.94,229.38333333333253,225.57500000000007,218.23
2023-11-27 07:00:00,218.23,7,0,0,222.29,226.15333333333254,225.92000000000007,202.2
2023-11-27 08:00:00,202.2,8,0,0,218.23,214.2399999999992,220.9866666666667,216.99
2023-11-27 09:00:00,216.99,9,0,0,202.2,212.47333333333256,220.9283333333334,248.6
2023-11-27 10:00:00,248.6,10,0,0,216.99,222.5966666666659,224.37500000000009,233.39
2023-11-27 11:00:00,233.39,11,0,0,248.6,232.99333333333254,223.6166666666667,259.34
2023-11-27 12:00:00,259.34,12,0,0,233.39,247.10999999999922,229.79166666666674,179.04
2023-11-27 13:00:00,179.04,13,0,0,259.34,223.92333333333252,223.26000000000008,267.47
2023-11-27 14:00:00,267.47,14,0,0,179.04,235.28333333333254,234.1383333333334,195.5
2023-11-27 15:00:00,195.5,15,0,0,267.47,214.00333333333256,230.55666666666676,229.74
2023-11-27 16:00:00,229.74,16,0,0,195.5,230.9033333333326,227.4133333333334,223.3
2023-11-27 17:00:00,223.3,17,0,0,229.74,216.17999999999924,225.73166666666677,211.62
2023-11-27 18:00:00,211.62,18,0,0,223.3,221.5533333333326,217.77833333333342,231.95
2023-11-27 19:00:00,231.95,19,0,0,211.62,222.28999999999925,226.59666666666672,238.09
2023-11-27 20:00:00,238.09,20,0,0,231.95,227.21999999999923,221.70000000000007,229.28
2023-11-27 21:00:00,229.28,21,0,0,238.09,233.1066666666659,227.33000000000007,222.07
2023-11-27 22:00:00,222.07,22,0,0,229.28,229.8133333333326,226.05166666666676,216.56
2023-11-27 23:00:00,216.56,23,0,0,222.07,222.6366666666659,224.9283333333334,171.6
2023-11-28 00:00:00,171.6,0,1,0,216.56,203.40999999999926,218.2583333333334,181.42
2023-11-28 01:00:00,181.42,1,1,0,171.6,189.85999999999922,209.83666666666673,168.16
2023-11-28 02:00:00,168.16,2,1,0,181.42,173.7266666666659,198.18166666666673,172.48
2023-11-28 03:00:00,172.48,3,1,0,168.16,174.01999999999921,188.71500000000006,176.55
2023-11-28 04:00:00,176.55,4,1,0,172.48,172.39666666666594,181.12833333333342,169.07
2023-11-28 05:00:00,169.07,5,1,0,176.55,172.69999999999925,173.2133333333334,162.99
2023-11-28 06:00:00,162.99,6,1,0,169.07,169.53666666666592,171.77833333333342,453.58
2023-11-28 07:00:00,453.58,7,1,0,162.99,261.87999999999926,217.1383333333334,663.95
2023-11-28 08:00:00,663.95,8,1,0,453.58,426.83999999999924,299.77000000000004,840.3
2023-11-28 09:00:00,840.3,9,1,0,663.95,652.6099999999992,411.07333333333344,817.38
2023-11-28 10:00:00,817.38,10,1,0,840.3,773.876666666666,517.8783333333334,898.12
2023-11-28 11:00:00,898.12,11,1,0,817.38,851.9333333333325,639.3866666666668,902.18
2023-11-28 12:00:00,902.18,12,1,0,898.12,872.5599999999991,762.585,697.82
2023-11-28 13:00:00,697.82,13,1,0,902.18,832.7066666666659,803.2916666666669,693.89
2023-11-28 14:00:00,693.89,14,1,0,697.82,764.6299999999992,808.2816666666668,851.76
2023-11-28 15:00:00,851.76,15,1,0,693.89,747.8233333333327,810.1916666666667,885.18
2023-11-28 16:00:00,885.18,16,1,0,851.76,810.2766666666658,821.4916666666668,820.22
2023-11-28 17:00:00,820.22,17,1,0,885.18,852.386666666666,808.5083333333336,420.46
2023-11-28 18:00:00,420.46,18,1,0,820.22,708.6199999999991,728.2216666666667,321.55
2023-11-28 19:00:00,321.55,19,1,0,420.46,520.7433333333325,665.5100000000001,250.75
2023-11-28 20:00:00,250.75,20,1,0,321.55,330.9199999999992,591.6533333333333,170.77
2023-11-28 21:00:00,170.77,21,1,0,250.75,247.68999999999923,478.15500000000014,175.32
2023-11-28 22:00:00,175.32,22,1,0,170.77,198.94666666666592,359.8450000000001,175.72
2023-11-28 23:00:00,175.72,23,1,0,175.32,173.9366666666659,252.4283333333334,176.65
2023-11-29 00:00:00,176.65,0,2,0,175.72,175.89666666666594,211.7933333333334,175.52
2023-11-29 01:00:00,175.52,1,2,0,176.65,175.96333333333257,187.45500000000007,172.01
2023-11-29 02:00:00,172.01,2,2,0,175.52,174.72666666666592,174.33166666666673,181.35
2023-11-29 03:00:00,181.35,3,2,0,172.01,176.29333333333258,176.09500000000006,178.21
2023-11-29 04:00:00,178.21,4,2,0,181.35,177.18999999999923,176.57666666666674,162.48
2023-11-29 05:00:00,162.48,5,2,0,178.21,174.01333333333255,174.3700000000001,183.28
2023-11-29 06:00:00,183.28,6,2,0,162.48,174.65666666666593,175.47500000000005,468.83
2023-11-29 07:00:00,468.83,7,2,0,183.28,271.52999999999923,224.36000000000004,685.16
2023-11-29 08:00:00,685.16,8,2,0,468.83,445.7566666666659,309.88500000000005,764.15
2023-11-29 09:00:00,764.15,9,2,0,685.16,639.3799999999992,407.01833333333343,828.37
2023-11-29 10:00:00,828.37,10,2,0,764.15,759.2266666666659,515.3783333333334,849.63
2023-11-29 11:00:00,849.63,11,2,0,828.37,814.0499999999993,629.9033333333334,918.29
2023-11-29 12:00:00,918.29,12,2,0,849.63,865.4299999999993,752.4050000000001,689.87
2023-11-29 13:00:00,689.87,13,2,0,918.29,819.2633333333325,789.245,713.45
2023-11-29 14:00:00,713.45,14,2,0,689.87,773.8699999999993,793.96,841.52
2023-11-29 15:00:00,841.52,15,2,0,713.45,748.2799999999992,806.855,852.17
2023-11-29 16:00:00,852.17,16,2,0,841.52,802.3799999999992,810.8216666666667,775.93
2023-11-29 17:00:00,775.93,17,2,0,852.17,823.2066666666659,798.5383333333334,396.33
2023-11-29 18:00:00,396.33,18,2,0,775.93,674.8099999999991,711.5450000000001,332.63
2023-11-29 19:00:00,332.63,19,2,0,396.33,501.6299999999992,652.005,260.79
2023-11-29 20:00:00,260.79,20,2,0,332.63,329.9166666666659,576.5616666666666,183.69
2023-11-29 21:00:00,183.69,21,2,0,260.79,259.03666666666595,466.9233333333334,168.18
2023-11-29 22:00:00,168.18,22,2,0,183.69,204.21999999999926,352.9250000000001,160.09
2023-11-29 23:00:00,160.09,23,2,0,168.18,170.6533333333326,250.28500000000008,158.22
2023-11-30 00:00:00,158.22,0,3,0,160.09,162.1633333333326,210.6000000000001,174.89
2023-11-30 01:00:00,174.89,1,3,0,158.22,164.39999999999924,184.31000000000006,186.79
2023-11-30 02:00:00,186.79,2,3,0,174.89,173.29999999999924,171.97666666666672,177.74
2023-11-30 03:00:00,177.74,3,3,0,186.79,179.8066666666659,170.98500000000004,171.51
2023-11-30 04:00:00,171.51,4,3,0,177.74,178.67999999999924,171.54000000000008,166.7
2023-11-30 05:00:00,166.7,5,3,0,171.51,171.98333333333258,172.64166666666674,190.9
2023-11-30 06:00:00,190.9,6,3,0,166.7,176.36999999999924,178.0883333333334,452.52
2023-11-30 07:00:00,452.52,7,3,0,190.9,270.0399999999992,224.3600000000001,659.38
2023-11-30 08:00:00,659.38,8,3,0,452.52,434.2666666666659,303.12500000000006,789.81
2023-11-30 09:00:00,789.81,9,3,0,659.38,633.9033333333326,405.13666666666677,840.8
2023-11-30 10:00:00,840.8,10,3,0,789.81,763.3299999999994,516.6850000000001,876.32
2023-11-30 11:00:00,876.32,11,3,0,840.8,835.6433333333325,634.955,888.53
2023-11-30 12:00:00,888.53,12,3,0,876.32,868.5499999999993,751.2266666666668,680.01
2023-11-30 13:00:00,680.01,13,3,0,888.53,814.9533333333326,789.1416666666668,701.6
2023-11-30 14:00:00,701.6,14,3,0,680.01,756.7133333333326,796.1783333333333,842.87
2023-11-30 15:00:00,842.87,15,3,0,701.6,741.4933333333325,805.0216666666669,826.52
2023-11-30 16:00:00,826.52,16,3,0,842.87,790.3299999999991,802.6416666666668,806.66
2023-11-30 17:00:00,806.66,17,3,0,826.52,825.3499999999991,791.0316666666668,415.27
2023-11-30 18:00:00,415.27,18,3,0,806.66,682.816666666666,712.1550000000001,318.3
2023-11-30 19:00:00,318.3,19,3,0,415.27,513.4099999999993,651.87,252.34
2023-11-30 20:00:00,252.34,20,3,0,318.3,328.6366666666659,576.9933333333335,174.81
2023-11-30 21:00:00,174.81,21,3,0,252.34,248.48333333333258,465.6500000000001,170.88
2023-11-30 22:00:00,170.88,22,3,0,174.81,199.34333333333257,356.3766666666668,161.69
2023-11-30 23:00:00,161.69,23,3,0,170.88,169.1266666666659,248.88166666666675,180.52
2023-12-01 00:00:00,180.52,0,4,0,161.69,171.02999999999926,209.75666666666675,179.81
2023-12-01 01:00:00,179.81,1,4,0,180.52,174.0066666666659,186.6750000000001,168.67
2023-12-01 02:00:00,168.67,2,4,0,179.81,176.33333333333258,172.7300000000001,184.12
2023-12-01 03:00:00,184.12,3,4,0,168.67,177.5333333333326,174.28166666666675,185.21
2023-12-01 04:00:00,185.21,4,4,0,184.12,179.33333333333258,176.67000000000007,167.41
2023-12-01 05:00:00,167.41,5,4,0,185.21,178.9133333333326,177.62333333333342,178.77
2023-12-01 06:00:00,178.77,6,4,0,167.41,177.12999999999928,177.33166666666673,485.49
2023-12-01 07:00:00,485.49,7,4,0,178.77,277.2233333333326,228.27833333333342,676.54
2023-12-01 08:00:00,676.54,8,4,0,485.49,446.93333333333266,312.9233333333334,837.65
2023-12-01 09:00:00,837.65,9,4,0,676.54,666.5599999999993,421.8450000000001,879.97
2023-12-01 10:00:00,879.97,10,4,0,837.65,798.0533333333327,537.6383333333334,922.43
2023-12-01 11:00:00,922.43,11,4,0,879.97,880.016666666666,663.475,930.36
2023-12-01 12:00:00,930.36,12,4,0,922.43,910.9199999999992,788.7400000000001,721.18
2023-12-01 13:00:00,721.18,13,4,0,930.36,857.9899999999993,828.0216666666669,708.98
2023-12-01 14:00:00,708.98,14,4,0,721.18,786.8399999999992,833.4283333333333,895.61
2023-12-01 15:00:00,895.61,15,4,0,708.98,775.2566666666659,843.0883333333335,870.23
2023-12-01 16:00:00,870.23,16,4,0,895.61,824.9399999999993,841.465,843.15
2023-12-01 17:00:00,843.15,17,4,0,870.23,869.6633333333326,828.2516666666667,386.16
2023-12-01 18:00:00,386.16,18,4,0,843.15,699.8466666666659,737.5516666666667,326.14
2023-12-01 19:00:00,326.14,19,4,0,386.16,518.4833333333326,671.7116666666667,266.11
2023-12-01 20:00:00,266.11,20,4,0,326.14,326.1366666666659,597.9000000000001,178.67
2023-12-01 21:00:00,178.67,21,4,0,266.11,256.9733333333326,478.4100000000001,171.19
2023-12-01 22:00:00,171.19,22,4,0,178.67,205.3233333333326,361.9033333333334,185.59
2023-12-01 23:00:00,185.59,23,4,0,171.19,178.48333333333258,252.3100000000001,191.78
2023-12-02 00:00:00,191.78,0,5,1,185.59,182.85333333333264,219.9133333333334,211.62
2023-12-02 01:00:00,211.62,1,5,1,191.78,196.32999999999927,200.82666666666674,188.34
2023-12-02 02:00:00,188.34,2,5,1,211.62,197.24666666666596,187.8650000000001,186.01
2023-12-02 03:00:00,186.01,3,5,1,188.34,195.3233333333326,189.0883333333334,198.62
2023-12-02 04:00:00,198.62,4,5,1,186.01,190.9899999999993,193.66000000000008,209.46
2023-12-02 05:00:00,209.46,5,5,1,198.62,198.0299999999993,197.6383333333334,169.46
2023-12-02 06:00:00,169.46,6,5,1,209.46,192.51333333333264,193.9183333333334,199.02
2023-12-02 07:00:00,199.02,7,5,1,169.46,192.64666666666596,191.8183333333334,191.93
2023-12-02 08:00:00,191.93,8,5,1,199.02,186.8033333333326,192.41666666666674,174.66
2023-12-02 09:00:00,174.66,9,5,1,191.93,188.53666666666595,190.5250000000001,285.79
2023-12-02 10:00:00,285.79,10,5,1,174.66,217.45999999999927,205.05333333333343,302.86
2023-12-02 11:00:00,302.86,11,5,1,285.79,254.43666666666596,220.6200000000001,300.6
2023-12-02 12:00:00,300.6,12,5,1,302.86,296.416666666666,242.47666666666677,288.18
2023-12-02 13:00:00,288.18,13,5,1,300.6,297.2133333333326,257.33666666666676,312.33
2023-12-02 14:00:00,312.33,14,5,1,288.18,300.36999999999927,277.4033333333334,292.14
2023-12-02 15:00:00,292.14,15,5,1,312.33,297.5499999999993,296.9833333333334,298.25
2023-12-02 16:00:00,298.25,16,5,1,292.14,300.9066666666659,299.0600000000001,167.67
2023-12-02 17:00:00,167.67,17,5,1,298.25,252.68666666666596,276.5283333333334,201.5
2023-12-02 18:00:00,201.5,18,5,1,167.67,222.4733333333326,260.01166666666677,194.12
2023-12-02 19:00:00,194.12,19,5,1,201.5,187.7633333333326,244.33500000000006,189.34
2023-12-02 20:00:00,189.34,20,5,1,194.12,194.98666666666597,223.83666666666673,182.36
2023-12-02 21:00:00,182.36,21,5,1,189.34,188.60666666666597,205.54000000000008,187.03
2023-12-02 22:00:00,187.03,22,5,1,182.36,186.24333333333263,187.00333333333342,190.92
2023-12-02 23:00:00,190.92,23,5,1,187.03,186.7699999999993,190.87833333333342,193.7
2023-12-03 00:00:00,193.7,0,6,1,190.92,190.54999999999927,189.5783333333334,179.82
2023-12-03 01:00:00,179.82,1,6,1,193.7,188.14666666666594,187.19500000000008,199.41
2023-12-03 02:00:00,199.41,2,6,1,179.82,190.97666666666592,188.87333333333342,192.79
2023-12-03 03:00:00,192.79,3,6,1,199.41,190.6733333333326,190.61166666666676,192.23
2023-12-03 04:00:00,192.23,4,6,1,192.79,194.80999999999926,191.47833333333338,177.97
2023-12-03 05:00:00,177.97,5,6,1,192.23,187.66333333333262,189.32000000000005,196.15
2023-12-03 06:00:00,196.15,6,6,1,177.97,188.78333333333262,189.72833333333338,183.43
2023-12-03 07:00:00,183.43,7,6,1,196.15,185.84999999999926,190.33000000000007,204.6
2023-12-03 08:00:00,204.6,8,6,1,183.43,194.72666666666592,191.19500000000008,200.54
2023-12-03 09:00:00,200.54,9,6,1,204.6,196.1899999999993,192.48666666666676,303.75
2023-12-03 10:00:00,303.75,10,6,1,200.54,236.29666666666594,211.0733333333334,302.66
2023-12-03 11:00:00,302.66,11,6,1,303.75,268.9833333333326,231.85500000000005,298.23
2023-12-03 12:00:00,298.23,12,6,1,302.66,301.546666666666,248.86833333333342,294.66
2023-12-03 13:00:00,294.66,13,6,1,298.23,298.51666666666597,267.40666666666675,295.52
2023-12-03 14:00:00,295.52,14,6,1,294.66,296.1366666666659,282.5600000000001,310.0
2023-12-03 15:00:00,310.0,15,6,1,295.52,300.05999999999926,300.8033333333334,301.24
2023-12-03 16:00:00,301.24,16,6,1,310.0,302.25333333333265,300.3850000000001,192.23
2023-12-03 17:00:00,192.23,17,6,1,301.24,267.82333333333264,281.9800000000001,182.26
2023-12-03 18:00:00,182.26,18,6,1,192.23,225.24333333333263,262.65166666666676,187.3
2023-12-03 19:00:00,187.3,19,6,1,182.26,187.26333333333264,244.7583333333334,184.88
2023-12-03 20:00:00,184.88,20,6,1,187.3,184.81333333333262,226.3183333333334,202.15
2023-12-03 21:00:00,202.15,21,6,1,184.88,191.44333333333262,208.3433333333334,199.18
2023-12-03 22:00:00,199.18,22,6,1,202.15,195.40333333333265,191.3333333333334,195.83
2023-12-03 23:00:00,195.83,23,6,1,199.18,199.05333333333263,191.9333333333334,167.81
2023-12-04 00:00:00,167.81,0,0,0,195.83,187.60666666666597,189.5250000000001,174.11
2023-12-04 01:00:00,174.11,1,0,0,167.81,179.24999999999932,187.32666666666674,181.64
2023-12-04 02:00:00,181.64,2,0,0,174.11,174.5199999999993,186.78666666666675,187.1
2023-12-04 03:00:00,187.1,3,0,0,181.64,180.94999999999928,184.27833333333342,186.43
2023-12-04 04:00:00,186.43,4,0,0,187.1,185.05666666666596,182.15333333333342,185.39
2023-12-04 05:00:00,185.39,5,0,0,186.43,186.30666666666596,180.4133333333334,193.06
2023-12-04 06:00:00,193.06,6,0,0,185.39,188.2933333333326,184.62166666666675,479.07
2023-12-04 07:00:00,479.07,7,0,0,193.06,285.8399999999993,235.4483333333334,677.05
2023-12-04 08:00:00,677.05,8,0,0,479.07,449.726666666666,318.0166666666667,862.44
2023-12-04 09:00:00,862.44,9,0,0,677.05,672.8533333333327,430.57333333333344,851.71
2023-12-04 10:00:00,851.71,10,0,0,862.44,797.066666666666,541.4533333333335,891.6
2023-12-04 11:00:00,891.6,11,0,0,851.71,868.5833333333327,659.1550000000001,1018.41
2023-12-04 12:00:00,1018.41,12,0,0,891.6,920.5733333333327,796.7133333333335,764.13
2023-12-04 13:00:00,764.13,13,0,0,1018.41,891.3799999999993,844.2233333333335,742.0
2023-12-04 14:00:00,742.0,14,0,0,764.13,841.5133333333328,855.0483333333335,908.75
2023-12-04 15:00:00,908.75,15,0,0,742.0,804.9599999999995,862.7666666666668,846.72
2023-12-04 16:00:00,846.72,16,0,0,908.75,832.4899999999993,861.9350000000001,845.57
2023-12-04 17:00:00,845.57,17,0,0,846.72,867.0133333333328,854.2633333333334,428.66
2023-12-04 18:00:00,428.66,18,0,0,845.57,706.9833333333327,755.9716666666668,343.73
2023-12-04 19:00:00,343.73,19,0,0,428.66,539.3199999999994,685.9050000000001,255.29
2023-12-04 20:00:00,255.29,20,0,0,343.73,342.5599999999993,604.7866666666667,168.71
2023-12-04 21:00:00,168.71,21,0,0,255.29,255.90999999999931,481.4466666666668,182.15
2023-12-04 22:00:00,182.15,22,0,0,168.71,202.0499999999993,370.6850000000001,172.78
2023-12-04 23:00:00,172.78,23,0,0,182.15,174.54666666666603,258.55333333333346,164.98
2023-12-05 00:00:00,164.98,0,1,0,172.78,173.30333333333263,214.6066666666667,173.82
2023-12-05 01:00:00,173.82,1,1,0,164.98,170.526666666666,186.2883333333334,179.09
2023-12-05 02:00:00,179.09,2,1,0,173.82,172.6299999999993,173.5883333333334,172.69
2023-12-05 03:00:00,172.69,3,1,0,179.09,175.19999999999928,174.25166666666675,184.3
2023-12-05 04:00:00,184.3,4,1,0,172.69,178.69333333333267,174.61000000000004,191.65
2023-12-05 05:00:00,191.65,5,1,0,184.3,182.8799999999993,177.75500000000008,179.06
2023-12-05 06:00:00,179.06,6,1,0,191.65,185.00333333333265,180.10166666666672,479.46
2023-12-05 07:00:00,479.46,7,1,0,179.06,283.38999999999936,231.04166666666674,667.55
2023-12-05 08:00:00,667.55,8,1,0,479.46,442.02333333333263,312.4516666666667,826.99
2023-12-05 09:00:00,826.99,9,1,0,667.55,657.9999999999994,421.5016666666667,864.16
2023-12-05 10:00:00,864.16,10,1,0,826.99,786.2333333333327,534.8116666666667,925.66
2023-12-05 11:00:00,925.66,11,1,0,864.16,872.2699999999994,657.1466666666666,961.19
2023-12-05 12:00:00,961.19,12,1,0,925.66,917.0033333333326,787.5016666666667,734.54
2023-12-05 13:00:00,734.54,13,1,0,961.19,873.796666666666,830.015,739.45
2023-12-05 14:00:00,739.45,14,1,0,734.54,811.726666666666,841.9983333333334,870.45
2023-12-05 15:00:00,870.45,15,1,0,739.45,781.4799999999994,849.2416666666668,815.75
2023-12-05 16:00:00,815.75,16,1,0,870.45,808.5499999999994,841.1733333333335,817.94
2023-12-05 17:00:00,817.94,17,1,0,815.75,834.7133333333327,823.2200000000001,367.06
2023-12-05 18:00:00,367.06,18,1,0,817.94,666.9166666666661,724.1983333333334,332.33
2023-12-05 19:00:00,332.33,19,1,0,367.06,505.776666666666,657.1633333333334,270.94
2023-12-05 20:00:00,270.94,20,1,0,332.33,323.4433333333327,579.0783333333335,167.62
2023-12-05 21:00:00,167.62,21,1,0,270.94,256.9633333333327,461.94000000000005,171.24
2023-12-05 22:00:00,171.24,22,1,0,167.62,203.26666666666605,354.52166666666676,178.08
2023-12-05 23:00:00,178.08,23,1,0,171.24,172.3133333333327,247.87833333333342,188.35
2023-12-06 00:00:00,188.35,0,2,0,178.08,179.22333333333268,218.0933333333334,172.75
2023-12-06 01:00:00,172.75,1,2,0,188.35,179.726666666666,191.49666666666675,183.62
2023-12-06 02:00:00,183.62,2,2,0,172.75,181.57333333333267,176.94333333333338,182.99
2023-12-06 03:00:00,182.99,3,2,0,183.62,179.78666666666604,179.5050000000001,181.33
2023-12-06 04:00:00,181.33,4,2,0,182.99,182.64666666666605,181.18666666666675,169.92
2023-12-06 05:00:00,169.92,5,2,0,181.33,178.07999999999936,179.82666666666674,181.56
2023-12-06 06:00:00,181.56,6,2,0,169.92,177.6033333333327,178.69500000000008,483.32
2023-12-06 07:00:00,483.32,7,2,0,181.56,278.266666666666,230.45666666666673,692.77
2023-12-06 08:00:00,692.77,8,2,0,483.32,452.54999999999933,315.31500000000005,870.43
2023-12-06 09:00:00,870.43,9,2,0,692.77,682.1733333333327,429.8883333333334,866.44
2023-12-06 10:00:00,866.44,10,2,0,870.43,809.8799999999993,544.0733333333334,919.36
2023-12-06 11:00:00,919.36,11,2,0,866.44,885.4099999999993,668.9800000000001,936.26
2023-12-06 12:00:00,936.26,12,2,0,919.36,907.3533333333327,794.7633333333334,719.52
2023-12-06 13:00:00,719.52,13,2,0,936.26,858.3799999999993,834.13,753.2
2023-12-06 14:00:00,753.2,14,2,0,719.52,802.9933333333325,844.2016666666668,892.92
2023-12-06 15:00:00,892.92,15,2,0,753.2,788.546666666666,847.9499999999999,880.17
2023-12-06 16:00:00,880.17,16,2,0,892.92,842.096666666666,850.2383333333333,830.94
2023-12-06 17:00:00,830.94,17,2,0,880.17,868.0099999999993,835.5016666666667,398.65
2023-12-06 18:00:00,398.65,18,2,0,830.94,703.2533333333326,745.9000000000001,327.65
2023-12-06 19:00:00,327.65,19,2,0,398.65,519.0799999999994,680.5883333333334,264.01
2023-12-06 20:00:00,264.01,20,2,0,327.65,330.10333333333267,599.0566666666667,178.14
2023-12-06 21:00:00,178.14,21,2,0,264.01,256.59999999999934,479.92666666666673,176.05
2023-12-06 22:00:00,176.05,22,2,0,178.14,206.066666666666,362.57333333333344,177.95
2023-12-06 23:00:00,177.95,23,2,0,176.05,177.37999999999934,253.7416666666667,170.43
2023-12-07 00:00:00,170.43,0,3,0,177.95,174.80999999999935,215.70500000000004,168.62
2023-12-07 01:00:00,168.62,1,3,0,170.43,172.3333333333327,189.20000000000007,180.2
2023-12-07 02:00:00,180.2,2,3,0,168.62,173.0833333333327,175.2316666666667,181.02
2023-12-07 03:00:00,181.02,3,3,0,180.2,176.6133333333327,175.71166666666673,181.17
2023-12-07 04:00:00,181.17,4,3,0,181.02,180.79666666666603,176.56500000000008,183.74
2023-12-07 05:00:00,183.74,5,3,0,181.17,181.976666666666,177.5300000000001,174.42
2023-12-07 06:00:00,174.42,6,3,0,183.74,179.77666666666605,178.19500000000005,469.28
2023-12-07 07:00:00,469.28,7,3,0,174.42,275.81333333333265,228.30500000000006,695.35
2023-12-07 08:00:00,695.35,8,3,0,469.28,446.3499999999994,314.1633333333334,837.7
2023-12-07 09:00:00,837.7,9,3,0,695.35,667.4433333333327,423.6100000000001,899.1
2023-12-07 10:00:00,899.1,10,3,0,837.7,810.7166666666661,543.2650000000001,859.59
2023-12-07 11:00:00,859.59,11,3,0,899.1,865.4633333333328,655.9066666666668,924.09
2023-12-07 12:00:00,924.09,12,3,0,859.59,894.2599999999994,780.8516666666668,727.78
2023-12-07 13:00:00,727.78,13,3,0,924.09,837.1533333333327,823.9350000000001,706.21
2023-12-07 14:00:00,706.21,14,3,0,727.78,786.0266666666661,825.745,853.79
2023-12-07 15:00:00,853.79,15,3,0,706.21,762.5933333333327,828.4266666666667,847.21
2023-12-07 16:00:00,847.21,16,3,0,853.79,802.4033333333327,819.7783333333333,798.27
2023-12-07 17:00:00,798.27,17,3,0,847.21,833.0899999999993,809.5583333333334,399.09
2023-12-07 18:00:00,399.09,18,3,0,798.27,681.5233333333327,722.0583333333334,337.84
2023-12-07 19:00:00,337.84,19,3,0,399.09,511.7333333333327,657.0683333333334,263.59
2023-12-07 20:00:00,263.59,20,3,0,337.84,333.50666666666604,583.2983333333334,196.12
2023-12-07 21:00:00,196.12,21,3,0,263.59,265.8499999999994,473.6866666666667,182.06
2023-12-07 22:00:00,182.06,22,3,0,196.12,213.92333333333272,362.8283333333334,179.66
2023-12-07 23:00:00,179.66,23,3,0,182.06,185.94666666666606,259.72666666666674,174.38
2023-12-08 00:00:00,174.38,0,4,0,179.66,178.6999999999994,222.27500000000006,176.91
2023-12-08 01:00:00,176.91,1,4,0,174.38,176.98333333333275,195.4533333333334,170.83
2023-12-08 02:00:00,170.83,2,4,0,176.91,174.0399999999994,179.99333333333342,180.47
2023-12-08 03:00:00,180.47,3,4,0,170.83,176.0699999999994,177.38500000000008,173.32
2023-12-08 04:00:00,173.32,4,4,0,180.47,174.87333333333274,175.9283333333334,171.5
2023-12-08 05:00:00,171.5,5,4,0,173.32,175.09666666666604,174.5683333333334,186.25
2023-12-08 06:00:00,186.25,6,4,0,171.5,177.02333333333272,176.54666666666674,498.04
2023-12-08 07:00:00,498.04,7,4,0,186.25,285.2633333333327,230.06833333333338,709.32
2023-12-08 08:00:00,709.32,8,4,0,498.04,464.5366666666661,319.8166666666668,860.92
2023-12-08 09:00:00,860.92,9,4,0,709.32,689.4266666666662,433.2250000000001,862.61
2023-12-08 10:00:00,862.61,10,4,0,860.92,810.9499999999995,548.1066666666667,916.13
2023-12-08 11:00:00,916.13,11,4,0,862.61,879.886666666666,672.2116666666667,931.56
2023-12-08 12:00:00,931.56,12,4,0,916.13,903.4333333333326,796.43,732.27
2023-12-08 13:00:00,732.27,13,4,0,931.56,859.9866666666661,835.4683333333334,753.84
2023-12-08 14:00:00,753.84,14,4,0,732.27,805.8899999999994,842.8883333333334,882.9
2023-12-08 15:00:00,882.9,15,4,0,753.84,789.6699999999993,846.5516666666667,881.8
2023-12-08 16:00:00,881.8,16,4,0,882.9,839.5133333333328,849.7500000000001,829.73
2023-12-08 17:00:00,829.73,17,4,0,881.8,864.8099999999994,835.35,378.04
2023-12-08 18:00:00,378.04,18,4,0,829.73,696.5233333333326,743.0966666666667,331.78
2023-12-08 19:00:00,331.78,19,4,0,378.04,513.1833333333328,676.3483333333334,263.07
2023-12-08 20:00:00,263.07,20,4,0,331.78,324.29666666666606,594.5533333333334,173.29
2023-12-08 21:00:00,173.29,21,4,0,263.07,256.046666666666,476.2850000000001,168.47
2023-12-08 22:00:00,168.47,22,4,0,173.29,201.60999999999936,357.3966666666667,176.97
2023-12-08 23:00:00,176.97,23,4,0,168.47,172.9099999999994,248.60333333333338,178.93
2023-12-09 00:00:00,178.93,0,5,1,176.97,174.7899999999994,215.4183333333334,189.11
2023-12-09 01:00:00,189.11,1,5,1,178.93,181.6699999999994,191.64000000000007,199.29
2023-12-09 02:00:00,199.29,2,5,1,189.11,189.10999999999936,181.01000000000008,192.24
2023-12-09 03:00:00,192.24,3,5,1,199.29,193.54666666666608,184.1683333333334,191.35
2023-12-09 04:00:00,191.35,4,5,1,192.24,194.29333333333273,187.98166666666677,192.67
2023-12-09 05:00:00,192.67,5,5,1,191.35,192.08666666666605,190.5983333333334,203.21
2023-12-09 06:00:00,203.21,6,5,1,192.67,195.74333333333274,194.6450000000001,178.48
2023-12-09 07:00:00,178.48,7,5,1,203.21,191.4533333333327,192.87333333333342,196.56
2023-12-09 08:00:00,196.56,8,5,1,178.48,192.7499999999994,192.4183333333334,200.89
2023-12-09 09:00:00,200.89,9,5,1,196.56,191.97666666666603,193.8600000000001,301.63
2023-12-09 10:00:00,301.63,10,5,1,200.89,233.02666666666605,212.2400000000001,289.69
2023-12-09 11:00:00,289.69,11,5,1,301.63,264.0699999999994,228.41000000000008,298.01
2023-12-09 12:00:00,298.01,12,5,1,289.69,296.4433333333327,244.21000000000004,295.23
2023-12-09 13:00:00,295.23,13,5,1,298.01,294.30999999999943,263.66833333333335,290.84
2023-12-09 14:00:00,290.84,14,5,1,295.23,294.6933333333327,279.3816666666667,301.22
2023-12-09 15:00:00,301.22,15,5,1,290.84,295.7633333333327,296.1033333333334,280.59
2023-12-09 16:00:00,280.59,16,5,1,301.22,290.8833333333327,292.59666666666675,196.68
2023-12-09 17:00:00,196.68,17,5,1,280.59,259.49666666666604,277.0950000000001,183.46
2023-12-09 18:00:00,183.46,18,5,1,196.68,220.24333333333274,258.0033333333334,193.65
2023-12-09 19:00:00,193.65,19,5,1,183.46,191.26333333333272,241.07333333333338,204.75
2023-12-09 20:00:00,204.75,20,5,1,193.65,193.95333333333272,226.72500000000005,199.64
2023-12-09 21:00:00,199.64,21,5,1,204.75,199.34666666666604,209.79500000000007,192.08
2023-12-09 22:00:00,192.08,22,5,1,199.64,198.82333333333273,195.0433333333334,191.07
2023-12-09 23:00:00,191.07,23,5,1,192.08,194.26333333333272,194.10833333333338,187.41
2023-12-10 00:00:00,187.41,0,6,1,191.07,190.18666666666604,194.76666666666674,192.45
2023-12-10 01:00:00,192.45,1,6,1,187.41,190.30999999999938,194.56666666666672,196.49
2023-12-10 02:00:00,196.49,2,6,1,192.45,192.11666666666608,193.19000000000005,169.35
2023-12-10 03:00:00,169.35,3,6,1,196.49,186.09666666666604,188.14166666666677,193.41
2023-12-10 04:00:00,193.41,4,6,1,169.35,186.41666666666606,188.36333333333343,198.28
2023-12-10 05:00:00,198.28,5,6,1,193.41,187.01333333333272,189.56500000000005,174.62
2023-12-10 06:00:00,174.62,6,6,1,198.28,188.76999999999938,187.4333333333334,195.35
2023-12-10 07:00:00,195.35,7,6,1,174.62,189.41666666666606,187.91666666666674,188.23
2023-12-10 08:00:00,188.23,8,6,1,195.35,186.06666666666607,186.54000000000008,201.01
2023-12-10 09:00:00,201.01,9,6,1,188.23,194.86333333333275,191.81666666666675,296.1
2023-12-10 10:00:00,296.1,10,6,1,201.01,228.44666666666606,208.93166666666673,300.04
2023-12-10 11:00:00,300.04,11,6,1,296.1,265.7166666666661,225.89166666666674,303.23
2023-12-10 12:00:00,303.23,12,6,1,300.04,299.78999999999945,247.32666666666674,296.66
2023-12-10 13:00:00,296.66,13,6,1,303.23,299.97666666666606,264.21166666666676,303.29
2023-12-10 14:00:00,303.29,14,6,1,296.66,301.05999999999943,283.3883333333334,309.24
2023-12-10 15:00:00,309.24,15,6,1,303.29,303.06333333333276,301.42666666666673,302.47
2023-12-10 16:00:00,302.47,16,6,1,309.24,304.9999999999994,302.4883333333334,190.13
2023-12-10 17:00:00,190.13,17,6,1,302.47,267.27999999999946,284.17000000000013,189.13
2023-12-10 18:00:00,189.13,18,6,1,190.13,227.24333333333274,265.1533333333334,193.01
2023-12-10 19:00:00,193.01,19,6,1,189.13,190.75666666666606,247.87833333333342,193.43
2023-12-10 20:00:00,193.43,20,6,1,193.01,191.85666666666603,229.5683333333334,188.93
2023-12-10 21:00:00,188.93,21,6,1,193.43,191.7899999999994,209.51666666666677,185.02
2023-12-10 22:00:00,185.02,22,6,1,188.93,189.12666666666607,189.94166666666675,194.13
2023-12-10 23:00:00,194.13,23,6,1,185.02,189.35999999999942,190.60833333333338,180.12
2023-12-11 00:00:00,180.12,0,0,0,194.13,186.42333333333272,189.10666666666677,195.1
2023-12-11 01:00:00,195.1,1,0,0,180.12,189.78333333333273,189.45500000000007,188.05
2023-12-11 02:00:00,188.05,2,0,0,195.1,187.75666666666606,188.5583333333334,183.72
2023-12-11 03:00:00,183.72,3,0,0,188.05,188.95666666666605,187.69000000000005,168.95
2023-12-11 04:00:00,168.95,4,0,0,183.72,180.2399999999994,185.01166666666674,172.49
2023-12-11 05:00:00,172.49,5,0,0,168.95,175.05333333333272,181.4050000000001,175.01
2023-12-11 06:00:00,175.01,6,0,0,172.49,172.14999999999938,180.5533333333334,483.29
2023-12-11 07:00:00,483.29,7,0,0,175.01,276.92999999999944,228.58500000000012,699.45
2023-12-11 08:00:00,699.45,8,0,0,483.29,452.58333333333275,313.8183333333334,848.3
2023-12-11 09:00:00,848.3,9,0,0,699.45,677.0133333333328,424.58166666666676,896.91
2023-12-11 10:00:00,896.91,10,0,0,848.3,814.886666666666,545.9083333333334,913.9
2023-12-11 11:00:00,913.9,11,0,0,896.91,886.3699999999993,669.4766666666668,949.57
2023-12-11 12:00:00,949.57,12,0,0,913.9,920.1266666666661,798.57,723.65
2023-12-11 13:00:00,723.65,13,0,0,949.57,862.3733333333327,838.6300000000001,733.52
2023-12-11 14:00:00,733.52,14,0,0,723.65,802.246666666666,844.3083333333334,883.04
2023-12-11 15:00:00,883.04,15,0,0,733.52,780.0699999999994,850.0983333333334,854.06
2023-12-11 16:00:00,854.06,16,0,0,883.04,823.5399999999994,842.9566666666668,822.85
2023-12-11 17:00:00,822.85,17,0,0,854.06,853.316666666666,827.7816666666668,384.4
2023-12-11 18:00:00,384.4,18,0,0,822.85,687.1033333333327,733.5866666666667,332.68
2023-12-11 19:00:00,332.68,19,0,0,384.4,513.3099999999994,668.4250000000001,263.67
2023-12-11 20:00:00,263.67,20,0,0,332.68,326.91666666666606,590.1166666666668,169.96
2023-12-11 21:00:00,169.96,21,0,0,263.67,255.43666666666607,471.27000000000004,178.66
2023-12-11 22:00:00,178.66,22,0,0,169.96,204.09666666666604,358.70333333333343,173.18
2023-12-11 23:00:00,173.18,23,0,0,178.66,173.9333333333327,250.42500000000007,183.12
2023-12-12 00:00:00,183.12,0,1,0,173.18,178.3199999999994,216.87833333333344,173.49
2023-12-12 01:00:00,173.49,1,1,0,183.12,176.59666666666604,190.34666666666678,179.3
2023-12-12 02:00:00,179.3,2,1,0,173.49,178.6366666666661,176.28500000000008,182.25
2023-12-12 03:00:00,182.25,3,1,0,179.3,178.34666666666604,178.3333333333334,179.63
2023-12-12 04:00:00,179.63,4,1,0,182.25,180.39333333333275,178.4950000000001,166.13
2023-12-12 05:00:00,166.13,5,1,0,179.63,176.00333333333273,177.32000000000008,196.91
2023-12-12 06:00:00,196.91,6,1,0,166.13,180.8899999999994,179.61833333333342,456.41
2023-12-12 07:00:00,456.41,7,1,0,196.91,273.1499999999994,226.77166666666676,684.67
2023-12-12 08:00:00,684.67,8,1,0,456.41,445.99666666666604,311.00000000000006,825.65
2023-12-12 09:00:00,825.65,9,1,0,684.67,655.576666666666,418.2333333333334,866.46
2023-12-12 10:00:00,866.46,10,1,0,825.65,792.2599999999994,532.705,928.2
2023-12-12 11:00:00,928.2,11,1,0,866.46,873.436666666666,659.7166666666668,945.75
2023-12-12 12:00:00,945.75,12,1,0,928.2,913.4699999999993,784.5233333333334,730.33
2023-12-12 13:00:00,730.33,13,1,0,945.75,868.0933333333327,830.1766666666667,730.42
2023-12-12 14:00:00,730.42,14,1,0,730.33,802.1666666666661,837.8016666666667,893.18
2023-12-12 15:00:00,893.18,15,1,0,730.42,784.6433333333329,849.0566666666668,849.11
2023-12-12 16:00:00,849.11,16,1,0,893.18,824.2366666666661,846.1650000000001,824.91
2023-12-12 17:00:00,824.91,17,1,0,849.11,855.7333333333327,828.9500000000002,397.47
2023-12-12 18:00:00,397.47,18,1,0,824.91,690.496666666666,737.57,337.32
2023-12-12 19:00:00,337.32,19,1,0,397.47,519.8999999999993,672.0683333333334,238.0
2023-12-12 20:00:00,238.0,20,1,0,337.32,324.2633333333327,589.9983333333333,168.39
2023-12-12 21:00:00,168.39,21,1,0,238.0,247.90333333333274,469.2000000000001,174.46
2023-12-12 22:00:00,174.46,22,1,0,168.39,193.61666666666608,356.75833333333344,173.53
2023-12-12 23:00:00,173.53,23,1,0,174.46,172.12666666666607,248.19500000000008,174.6
2023-12-13 00:00:00,174.6,0,2,0,173.53,174.19666666666606,211.05000000000007,164.3
2023-12-13 01:00:00,164.3,1,2,0,174.6,170.80999999999938,182.2133333333334,168.54
2023-12-13 02:00:00,168.54,2,2,0,164.3,169.14666666666605,170.63666666666674,171.52
2023-12-13 03:00:00,171.52,3,2,0,168.54,168.1199999999994,171.15833333333342,174.68
2023-12-13 04:00:00,174.68,4,2,0,171.52,171.5799999999994,171.19500000000008,175.64
2023-12-13 05:00:00,175.64,5,2,0,174.68,173.94666666666606,171.54666666666674,178.55
2023-12-13 06:00:00,178.55,6,2,0,175.64,176.2899999999994,172.20500000000007,477.85
2023-12-13 07:00:00,477.85,7,2,0,178.55,277.34666666666607,224.4633333333334,693.53
2023-12-13 08:00:00,693.53,8,2,0,477.85,449.976666666666,311.96166666666676,842.77
2023-12-13 09:00:00,842.77,9,2,0,693.53,671.3833333333328,423.83666666666676,867.22
2023-12-13 10:00:00,867.22,10,2,0,842.77,801.1733333333327,539.2600000000001,900.14
2023-12-13 11:00:00,900.14,11,2,0,867.22,870.0433333333327,660.0100000000001,1012.17
2023-12-13 12:00:00,1012.17,12,2,0,900.14,926.5099999999993,798.9466666666667,741.03
2023-12-13 13:00:00,741.03,13,2,0,1012.17,884.4466666666661,842.8100000000001,693.35
2023-12-13 14:00:00,693.35,14,2,0,741.03,815.5166666666661,842.7800000000001,892.67
2023-12-13 15:00:00,892.67,15,2,0,693.35,775.6833333333326,851.0966666666667,828.77
2023-12-13 16:00:00,828.77,16,2,0,892.67,804.9299999999994,844.6883333333335,845.17
2023-12-13 17:00:00,845.17,17,2,0,828.77,855.536666666666,835.5266666666666,376.84
2023-12-13 18:00:00,376.84,18,2,0,845.17,683.5933333333327,729.6383333333333,342.24
2023-12-13 19:00:00,342.24,19,2,0,376.84,521.416666666666,663.1733333333334,268.85
2023-12-13 20:00:00,268.85,20,2,0,342.24,329.30999999999943,592.4233333333334,187.16
2023-12-13 21:00:00,187.16,21,2,0,268.85,266.08333333333275,474.83833333333337,178.01
2023-12-13 22:00:00,178.01,22,2,0,187.16,211.33999999999938,366.3783333333334,188.18
2023-12-13 23:00:00,188.18,23,2,0,178.01,184.4499999999994,256.88000000000005,167.69
2023-12-14 00:00:00,167.69,0,3,0,188.18,177.95999999999938,222.02166666666673,172.46
2023-12-14 01:00:00,172.46,1,3,0,167.69,176.10999999999942,193.72500000000005,179.82
2023-12-14 02:00:00,179.82,2,3,0,172.46,173.32333333333273,178.88666666666677,195.19
2023-12-14 03:00:00,195.19,3,3,0,179.82,182.4899999999994,180.22500000000005,187.83
2023-12-14 04:00:00,187.83,4,3,0,195.19,187.61333333333275,181.86166666666676,187.03
2023-12-14 05:00:00,187.03,5,3,0,187.83,190.01666666666605,181.67000000000007,169.64
2023-12-14 06:00:00,169.64,6,3,0,187.03,181.4999999999994,181.9950000000001,472.74
2023-12-14 07:00:00,472.74,7,3,0,169.64,276.4699999999994,232.04166666666674,683.12
2023-12-14 08:00:00,683.12,8,3,0,472.74,441.83333333333275,315.92500000000007,843.38
2023-12-14 09:00:00,843.38,9,3,0,683.12,666.4133333333328,423.9566666666667,846.24
2023-12-14 10:00:00,846.24,10,3,0,843.38,790.9133333333326,533.6916666666667,904.79
2023-12-14 11:00:00,904.79,11,3,0,846.24,864.8033333333327,653.3183333333334,929.76
2023-12-14 12:00:00,929.76,12,3,0,904.79,893.596666666666,780.0050000000001,794.59
2023-12-14 13:00:00,794.59,13,3,0,929.76,876.3799999999995,833.6466666666669,732.81
2023-12-14 14:00:00,732.81,14,3,0,794.59,819.0533333333327,841.9283333333334,901.31
2023-12-14 15:00:00,901.31,15,3,0,732.81,809.5699999999994,851.5833333333334,869.87
2023-12-14 16:00:00,869.87,16,3,0,901.31,834.6633333333326,855.5216666666669,845.29
2023-12-14 17:00:00,845.29,17,3,0,869.87,872.156666666666,845.6050000000001,392.56
2023-12-14 18:00:00,392.56,18,3,0,845.29,702.5733333333327,756.0716666666667,336.28
2023-12-14 19:00:00,336.28,19,3,0,392.56,524.7099999999995,679.6866666666667,256.16
2023-12-14 20:00:00,256.16,20,3,0,336.28,328.33333333333275,600.245,177.23
2023-12-14 21:00:00,177.23,21,3,0,256.16,256.5566666666661,479.56500000000005,173.69
2023-12-14 22:00:00,173.69,22,3,0,177.23,202.35999999999942,363.5350000000001,165.94
2023-12-14 23:00:00,165.94,23,3,0,173.69,172.28666666666606,250.3100000000001,191.12
2023-12-15 00:00:00,191.12,0,4,0,165.94,176.91666666666606,216.7366666666667,191.8
2023-12-15 01:00:00,191.8,1,4,0,191.12,182.95333333333272,192.65666666666675,161.48
2023-12-15 02:00:00,161.48,2,4,0,191.8,181.46666666666604,176.87666666666675,173.96
2023-12-15 03:00:00,173.96,3,4,0,161.48,175.74666666666607,176.33166666666673,167.07
2023-12-15 04:00:00,167.07,4,4,0,173.96,167.50333333333273,175.22833333333344,179.21
2023-12-15 05:00:00,179.21,5,4,0,167.07,173.41333333333273,177.44000000000005,185.53
2023-12-15 06:00:00,185.53,6,4,0,179.21,177.26999999999938,176.5083333333334,476.07
2023-12-15 07:00:00,476.07,7,4,0,185.53,280.2699999999994,223.88666666666677,695.23
2023-12-15 08:00:00,695.23,8,4,0,476.07,452.276666666666,312.8450000000001,807.01
2023-12-15 09:00:00,807.01,9,4,0,695.23,659.436666666666,418.3533333333334,855.83
2023-12-15 10:00:00,855.83,10,4,0,807.01,786.0233333333326,533.1466666666666,931.45
2023-12-15 11:00:00,931.45,11,4,0,855.83,864.7633333333328,658.5200000000001,940.32
2023-12-15 12:00:00,940.32,12,4,0,931.45,909.1999999999995,784.3183333333335,739.19
2023-12-15 13:00:00,739.19,13,4,0,940.32,870.3199999999994,828.1716666666667,726.52
2023-12-15 14:00:00,726.52,14,4,0,739.19,802.0099999999994,833.3866666666668,892.8
2023-12-15 15:00:00,892.8,15,4,0,726.52,786.1699999999993,847.6850000000001,868.18
2023-12-15 16:00:00,868.18,16,4,0,892.8,829.1666666666661,849.7433333333333,851.13
2023-12-15 17:00:00,851.13,17,4,0,868.18,870.7033333333326,836.3566666666667,437.63
2023-12-15 18:00:00,437.63,18,4,0,851.13,718.9799999999994,752.5750000000002,332.74
2023-12-15 19:00:00,332.74,19,4,0,437.63,540.4999999999994,684.8333333333334,268.44
2023-12-15 20:00:00,268.44,20,4,0,332.74,346.26999999999936,608.4866666666667,189.17
2023-12-15 21:00:00,189.17,21,4,0,268.44,263.4499999999994,491.2150000000001,166.99
2023-12-15 22:00:00,166.99,22,4,0,189.17,208.1999999999994,374.35000000000014,172.84
2023-12-15 23:00:00,172.84,23,4,0,166.99,176.33333333333272,261.3016666666668,202.06
2023-12-16 00:00:00,202.06,0,5,1,172.84,180.62999999999943,222.04000000000008,183.82
2023-12-16 01:00:00,183.82,1,5,1,202.06,186.2399999999994,197.22000000000006,176.63
2023-12-16 02:00:00,176.63,2,5,1,183.82,187.50333333333273,181.9183333333334,194.22
2023-12-16 03:00:00,194.22,3,5,1,176.63,184.8899999999994,182.76000000000008,194.81
2023-12-16 04:00:00,194.81,4,5,1,194.22,188.55333333333272,187.39666666666673,184.4
2023-12-16 05:00:00,184.4,5,5,1,194.81,191.14333333333275,189.3233333333334,200.36
2023-12-16 06:00:00,200.36,6,5,1,184.4,193.18999999999937,189.04000000000008,201.46
2023-12-16 07:00:00,201.46,7,5,1,200.36,195.40666666666607,191.9800000000001,188.25
2023-12-16 08:00:00,188.25,8,5,1,201.46,196.6899999999994,193.91666666666674,184.25
2023-12-16 09:00:00,184.25,9,5,1,188.25,191.3199999999994,192.25500000000008,296.33
2023-12-16 10:00:00,296.33,10,5,1,184.25,222.9433333333327,209.17500000000007,287.61
2023-12-16 11:00:00,287.61,11,5,1,296.33,256.0633333333327,226.37666666666678,298.01
2023-12-16 12:00:00,298.01,12,5,1,287.61,293.9833333333327,242.65166666666673,288.36
2023-12-16 13:00:00,288.36,13,5,1,298.01,291.3266666666661,257.13500000000005,304.33
2023-12-16 14:00:00,304.33,14,5,1,288.36,296.8999999999994,276.48166666666674,296.66
2023-12-16 15:00:00,296.66,15,5,1,304.33,296.4499999999994,295.21666666666675,293.84
2023-12-16 16:00:00,293.84,16,5,1,296.66,298.276666666666,294.80166666666673,187.68
2023-12-16 17:00:00,187.68,17,5,1,293.84,259.39333333333275,278.1466666666667,205.16
2023-12-16 18:00:00,205.16,18,5,1,187.68,228.89333333333272,262.67166666666674,192.56
2023-12-16 19:00:00,192.56,19,5,1,205.16,195.13333333333273,246.70500000000007,192.47
2023-12-16 20:00:00,192.47,20,5,1,192.56,196.72999999999942,228.06166666666675,202.18
2023-12-16 21:00:00,202.18,21,5,1,192.47,195.73666666666608,212.31500000000005,197.62
2023-12-16 22:00:00,197.62,22,5,1,202.18,197.42333333333272,196.27833333333342,178.27
2023-12-16 23:00:00,178.27,23,5,1,197.62,192.6899999999994,194.71000000000006,190.6
2023-12-17 00:00:00,190.6,0,6,1,178.27,188.8299999999994,192.28333333333342,209.77
2023-12-17 01:00:00,209.77,1,6,1,190.6,192.8799999999994,195.15166666666676,207.02
2023-12-17 02:00:00,207.02,2,6,1,209.77,202.46333333333277,197.57666666666674,189.03
2023-12-17 03:00:00,189.03,3,6,1,207.02,201.9399999999994,195.38500000000008,191.74
2023-12-17 04:00:00,191.74,4,6,1,189.03,195.9299999999994,194.4050000000001,181.88
2023-12-17 05:00:00,181.88,5,6,1,191.74,187.5499999999994,195.00666666666675,196.05
2023-12-17 06:00:00,196.05,6,6,1,181.88,189.88999999999942,195.91500000000008,185.04
2023-12-17 07:00:00,185.04,7,6,1,196.05,187.65666666666607,191.7933333333334,188.72
2023-12-17 08:00:00,188.72,8,6,1,185.04,189.93666666666607,188.74333333333342,194.44
2023-12-17 09:00:00,194.44,9,6,1,188.72,189.39999999999938,189.64500000000007,301.3
2023-12-17 10:00:00,301.3,10,6,1,194.44,228.15333333333274,207.90500000000006,302.02
2023-12-17 11:00:00,302.02,11,6,1,301.3,265.9199999999994,227.92833333333343,295.83
2023-12-17 12:00:00,295.83,12,6,1,302.02,299.7166666666661,244.5583333333334,310.97
2023-12-17 13:00:00,310.97,13,6,1,295.83,302.9399999999994,265.54666666666674,298.35
2023-12-17 14:00:00,298.35,14,6,1,310.97,301.7166666666661,283.8183333333334,305.65
2023-12-17 15:00:00,305.65,15,6,1,298.35,304.9899999999994,302.3533333333334,295.68
2023-12-17 16:00:00,295.68,16,6,1,305.65,299.89333333333275,301.41666666666674,197.77
2023-12-17 17:00:00,197.77,17,6,1,295.68,266.36666666666605,284.0416666666668,198.4
2023-12-17 18:00:00,198.4,18,6,1,197.77,230.61666666666608,267.8033333333334,194.67
2023-12-17 19:00:00,194.67,19,6,1,198.4,196.94666666666606,248.42000000000007,204.21
2023-12-17 20:00:00,204.21,20,6,1,194.67,199.0933333333327,232.7300000000001,186.81
2023-12-17 21:00:00,186.81,21,6,1,204.21,195.22999999999942,212.9233333333334,190.47
2023-12-17 22:00:00,190.47,22,6,1,186.81,193.8299999999994,195.3883333333334,194.48
2023-12-17 23:00:00,194.48,23,6,1,190.47,190.58666666666605,194.84000000000006,180.61
2023-12-18 00:00:00,180.61,0,0,0,194.48,188.51999999999938,191.87500000000009,176.15
2023-12-18 01:00:00,176.15,1,0,0,180.61,183.74666666666607,188.7883333333334,178.64
2023-12-18 02:00:00,178.64,2,0,0,176.15,178.46666666666604,184.52666666666673,166.86
2023-12-18 03:00:00,166.86,3,0,0,178.64,173.88333333333273,181.20166666666674,180.92
2023-12-18 04:00:00,180.92,4,0,0,166.86,175.47333333333276,179.61000000000004,183.44
2023-12-18 05:00:00,183.44,5,0,0,180.92,177.07333333333273,177.77000000000007,181.11
2023-12-18 06:00:00,181.11,6,0,0,183.44,181.82333333333273,177.85333333333344,480.86
2023-12-18 07:00:00,480.86,7,0,0,181.11,281.8033333333328,228.6383333333334,678.92
2023-12-18 08:00:00,678.92,8,0,0,480.86,446.9633333333327,312.01833333333343,839.25
2023-12-18 09:00:00,839.25,9,0,0,678.92,666.3433333333327,424.0833333333334,850.88
2023-12-18 10:00:00,850.88,10,0,0,839.25,789.6833333333326,535.7433333333335,918.7
2023-12-18 11:00:00,918.7,11,0,0,850.88,869.6099999999993,658.2866666666667,947.93
2023-12-18 12:00:00,947.93,12,0,0,918.7,905.8366666666661,786.0900000000001,724.53
2023-12-18 13:00:00,724.53,13,0,0,947.93,863.7199999999993,826.7016666666667,734.19
2023-12-18 14:00:00,734.19,14,0,0,724.53,802.2166666666661,835.9133333333335,881.79
2023-12-18 15:00:00,881.79,15,0,0,734.19,780.1699999999995,843.0033333333334,890.44
2023-12-18 16:00:00,890.44,16,0,0,881.79,835.4733333333328,849.5966666666668,847.26
2023-12-18 17:00:00,847.26,17,0,0,890.44,873.1633333333326,837.69,402.65
2023-12-18 18:00:00,402.65,18,0,0,847.26,713.4499999999994,746.8100000000001,341.29
2023-12-18 19:00:00,341.29,19,0,0,402.65,530.3999999999994,682.9366666666668,273.52
2023-12-18 20:00:00,273.52,20,0,0,341.29,339.15333333333274,606.1583333333334,178.69
2023-12-18 21:00:00,178.69,21,0,0,273.52,264.4999999999994,488.9750000000001,170.83
2023-12-18 22:00:00,170.83,22,0,0,178.69,207.67999999999938,369.04,190.01
2023-12-18 23:00:00,190.01,23,0,0,170.83,179.8433333333327,259.4983333333334,176.26
2023-12-19 00:00:00,176.26,0,1,0,190.01,179.03333333333273,221.76666666666677,154.63
2023-12-19 01:00:00,154.63,1,1,0,176.26,173.63333333333273,190.65666666666672,173.1
2023-12-19 02:00:00,173.1,2,1,0,154.63,167.99666666666604,173.92000000000007,166.2
2023-12-19 03:00:00,166.2,3,1,0,173.1,164.64333333333272,171.8383333333334,173.09
2023-12-19 04:00:00,173.09,4,1,0,166.2,170.79666666666606,172.21500000000006,178.2
2023-12-19 05:00:00,178.2,5,1,0,173.09,172.49666666666607,170.24666666666673,179.73
2023-12-19 06:00:00,179.73,6,1,0,178.2,177.00666666666606,170.82500000000005,473.23
2023-12-19 07:00:00,473.23,7,1,0,179.73,277.0533333333327,223.92500000000007,703.77
2023-12-19 08:00:00,703.77,8,1,0,473.23,452.2433333333327,312.37000000000006,834.49
2023-12-19 09:00:00,834.49,9,1,0,703.77,670.4966666666661,423.7516666666667,881.85
2023-12-19 10:00:00,881.85,10,1,0,834.49,806.7033333333328,541.8783333333334,904.87
2023-12-19 11:00:00,904.87,11,1,0,881.85,873.7366666666661,662.9900000000001,966.68
2023-12-19 12:00:00,966.68,12,1,0,904.87,917.7999999999994,794.1483333333334,809.0
2023-12-19 13:00:00,809.0,13,1,0,966.68,893.5166666666661,850.11,736.73
2023-12-19 14:00:00,736.73,14,1,0,809.0,837.4699999999993,855.6033333333335,859.5
2023-12-19 15:00:00,859.5,15,1,0,736.73,801.7433333333328,859.7716666666669,887.72
2023-12-19 16:00:00,887.72,16,1,0,859.5,827.9833333333328,860.75,863.25
2023-12-19 17:00:00,863.25,17,1,0,887.72,870.1566666666662,853.8133333333334,383.93
2023-12-19 18:00:00,383.93,18,1,0,863.25,711.6333333333328,756.6883333333334,324.89
2023-12-19 19:00:00,324.89,19,1,0,383.93,524.0233333333327,676.0033333333334,259.18
2023-12-19 20:00:00,259.18,20,1,0,324.89,322.66666666666606,596.4116666666667,189.72
2023-12-19 21:00:00,189.72,21,1,0,259.18,257.9299999999994,484.78166666666675,187.15
2023-12-19 22:00:00,187.15,22,1,0,189.72,212.01666666666605,368.02000000000004,172.77
2023-12-19 23:00:00,172.77,23,1,0,187.15,183.2133333333327,252.94000000000005,180.67
2023-12-20 00:00:00,180.67,0,2,0,172.77,180.19666666666603,219.06333333333342,177.09
2023-12-20 01:00:00,177.09,1,2,0,180.67,176.8433333333327,194.43000000000006,180.37
2023-12-20 02:00:00,180.37,2,2,0,177.09,179.37666666666607,181.29500000000007,183.8
2023-12-20 03:00:00,183.8,3,2,0,180.37,180.4199999999994,180.3083333333334,179.65
2023-12-20 04:00:00,179.65,4,2,0,183.8,181.27333333333272,179.0583333333334,167.22
2023-12-20 05:00:00,167.22,5,2,0,179.65,176.8899999999994,178.1333333333334,187.66
2023-12-20 06:00:00,187.66,6,2,0,167.22,178.17666666666605,179.2983333333334,482.53
2023-12-20 07:00:00,482.53,7,2,0,187.66,279.13666666666603,230.20500000000007,699.43
2023-12-20 08:00:00,699.43,8,2,0,482.53,456.53999999999934,316.7150000000001,823.93
2023-12-20 09:00:00,823.93,9,2,0,699.43,668.6299999999993,423.40333333333336,870.95
2023-12-20 10:00:00,870.95,10,2,0,823.93,798.1033333333327,538.62,881.39
2023-12-20 11:00:00,881.39,11,2,0,870.95,858.7566666666661,657.6483333333334,961.17
2023-12-20 12:00:00,961.17,12,2,0,881.39,904.5033333333328,786.5666666666667,721.82
2023-12-20 13:00:00,721.82,13,2,0,961.17,854.7933333333327,826.4483333333334,706.92
2023-12-20 14:00:00,706.92,14,2,0,721.82,796.636666666666,827.6966666666667,958.51
2023-12-20 15:00:00,958.51,15,2,0,706.92,795.7499999999994,850.1266666666667,881.86
2023-12-20 16:00:00,881.86,16,2,0,958.51,849.096666666666,851.945,805.54
2023-12-20 17:00:00,805.54,17,2,0,881.86,881.9699999999993,839.3033333333333,436.88
2023-12-20 18:00:00,436.88,18,2,0,805.54,708.0933333333328,751.9216666666667,325.88
2023-12-20 19:00:00,325.88,19,2,0,436.88,522.7666666666661,685.9316666666667,260.25
2023-12-20 20:00:00,260.25,20,2,0,325.88,341.0033333333327,611.4866666666667,171.68
2023-12-20 21:00:00,171.68,21,2,0,260.25,252.6033333333327,480.3483333333334,189.37
2023-12-20 22:00:00,189.37,22,2,0,171.68,207.09999999999937,364.9333333333334,185.42
2023-12-20 23:00:00,185.42,23,2,0,189.37,182.15666666666607,261.58000000000004,180.43
2023-12-21 00:00:00,180.43,0,3,0,185.42,185.07333333333273,218.8383333333334,183.17
2023-12-21 01:00:00,183.17,1,3,0,180.43,183.00666666666606,195.0533333333334,176.57
2023-12-21 02:00:00,176.57,2,3,0,183.17,180.05666666666608,181.1066666666667,172.79
2023-12-21 03:00:00,172.79,3,3,0,176.57,177.5099999999994,181.29166666666674,179.6
2023-12-21 04:00:00,179.6,4,3,0,172.79,176.3199999999994,179.6633333333334,178.9
2023-12-21 05:00:00,178.9,5,3,0,179.6,177.09666666666604,178.57666666666674,178.59
2023-12-21 06:00:00,178.59,6,3,0,178.9,179.0299999999994,178.27000000000007,482.67
2023-12-21 07:00:00,482.67,7,3,0,178.59,280.0533333333328,228.18666666666672,686.65
2023-12-21 08:00:00,686.65,8,3,0,482.67,449.30333333333266,313.2000000000001,848.08
2023-12-21 09:00:00,848.08,9,3,0,686.65,672.466666666666,425.74833333333345,858.78
2023-12-21 10:00:00,858.78,10,3,0,848.08,797.8366666666661,538.945,911.99
2023-12-21 11:00:00,911.99,11,3,0,858.78,872.9499999999994,661.1266666666668,971.0
2023-12-21 12:00:00,971.0,12,3,0,911.99,913.9233333333327,793.195,732.4
2023-12-21 13:00:00,732.4,13,3,0,971.0,871.796666666666,834.8166666666667,724.94
2023-12-21 14:00:00,724.94,14,3,0,732.4,809.4466666666661,841.1983333333334,883.49
2023-12-21 15:00:00,883.49,15,3,0,724.94,780.2766666666661,847.1,926.44
2023-12-21 16:00:00,926.44,16,3,0,883.49,844.956666666666,858.3766666666667,822.56
2023-12-21 17:00:00,822.56,17,3,0,926.44,877.496666666666,843.4716666666667,415.94
2023-12-21 18:00:00,415.94,18,3,0,822.56,721.6466666666661,750.9616666666667,337.88
2023-12-21 19:00:00,337.88,19,3,0,415.94,525.4599999999994,685.2083333333335,261.98
2023-12-21 20:00:00,261.98,20,3,0,337.88,338.5999999999994,608.0483333333334,152.2
2023-12-21 21:00:00,152.2,21,3,0,261.98,250.686666666666,486.16666666666674,181.63
2023-12-21 22:00:00,181.63,22,3,0,152.2,198.6033333333327,362.03166666666675,174.14
2023-12-21 23:00:00,174.14,23,3,0,181.63,169.32333333333267,253.96166666666673,167.43
2023-12-22 00:00:00,167.43,0,4,0,174.14,174.39999999999932,212.5433333333334,170.35
2023-12-22 01:00:00,170.35,1,4,0,167.43,170.63999999999933,184.62166666666675,169.85
2023-12-22 02:00:00,169.85,2,4,0,170.35,169.20999999999935,169.26666666666674,163.49
2023-12-22 03:00:00,163.49,3,4,0,169.85,167.89666666666602,171.1483333333334,182.3
2023-12-22 04:00:00,182.3,4,4,0,163.49,171.87999999999934,171.26000000000008,188.91
2023-12-22 05:00:00,188.91,5,4,0,182.3,178.2333333333327,173.72166666666672,177.69
2023-12-22 06:00:00,177.69,6,4,0,188.91,182.96666666666601,175.43166666666673,469.8
2023-12-22 07:00:00,469.8,7,4,0,177.69,278.79999999999933,225.34000000000006,677.83
2023-12-22 08:00:00,677.83,8,4,0,469.8,441.7733333333328,310.00333333333344,854.54
2023-12-22 09:00:00,854.54,9,4,0,677.83,667.3899999999994,425.17833333333346,852.87
2023-12-22 10:00:00,852.87,10,4,0,854.54,795.0799999999994,536.94,887.09
2023-12-22 11:00:00,887.09,11,4,0,852.87,864.8333333333327,653.3033333333334,888.55
2023-12-22 12:00:00,888.55,12,4,0,887.09,876.1699999999995,771.7800000000001,764.6
2023-12-22 13:00:00,764.6,13,4,0,888.55,846.746666666666,820.9133333333334,733.66
2023-12-22 14:00:00,733.66,14,4,0,764.6,795.6033333333327,830.2183333333334,861.32
2023-12-22 15:00:00,861.32,15,4,0,733.66,786.5266666666661,831.3483333333334,955.3
2023-12-22 16:00:00,955.3,16,4,0,861.32,850.0933333333327,848.4200000000001,836.68
2023-12-22 17:00:00,836.68,17,4,0,955.3,884.4333333333328,840.0183333333334,400.04
2023-12-22 18:00:00,400.04,18,4,0,836.68,730.6733333333327,758.6,333.33
2023-12-22 19:00:00,333.33,19,4,0,400.04,523.3499999999993,686.7216666666667,268.28
2023-12-22 20:00:00,268.28,20,4,0,333.33,333.8833333333327,609.1583333333334,185.45
2023-12-22 21:00:00,185.45,21,4,0,268.28,262.3533333333327,496.5133333333334,164.52
2023-12-22 22:00:00,164.52,22,4,0,185.45,206.08333333333272,364.71666666666675,201.32
2023-12-22 23:00:00,201.32,23,4,0,164.52,183.76333333333272,258.82333333333344,188.72
2023-12-23 00:00:00,188.72,0,5,1,201.32,184.8533333333327,223.60333333333338,191.49
2023-12-23 01:00:00,191.49,1,5,1,188.72,193.8433333333327,199.9633333333334,201.37
2023-12-23 02:00:00,201.37,2,5,1,191.49,193.85999999999936,188.81166666666672,194.0
2023-12-23 03:00:00,194.0,3,5,1,201.37,195.6199999999994,190.23666666666676,182.54
2023-12-23 04:00:00,182.54,4,5,1,194.0,192.63666666666606,193.2400000000001,192.12
2023-12-23 05:00:00,192.12,5,5,1,182.54,189.55333333333272,191.70666666666673,184.34
2023-12-23 06:00:00,184.34,6,5,1,192.12,186.33333333333272,190.97666666666677,192.26
2023-12-23 07:00:00,192.26,7,5,1,184.34,189.57333333333273,191.1050000000001,180.14
2023-12-23 08:00:00,180.14,8,5,1,192.26,185.5799999999994,187.56666666666675,191.82
2023-12-23 09:00:00,191.82,9,5,1,180.14,188.07333333333273,187.2033333333334,300.76
2023-12-23 10:00:00,300.76,10,5,1,191.82,224.2399999999994,206.90666666666675,297.2
2023-12-23 11:00:00,297.2,11,5,1,300.76,263.25999999999937,224.42000000000007,294.79
2023-12-23 12:00:00,294.79,12,5,1,297.2,297.58333333333275,242.8283333333334,302.43
2023-12-23 13:00:00,302.43,13,5,1,294.79,298.1399999999994,261.19000000000005,303.45
2023-12-23 14:00:00,303.45,14,5,1,302.43,300.22333333333273,281.74166666666673,300.88
2023-12-23 15:00:00,300.88,15,5,1,303.45,302.2533333333327,299.9183333333334,304.48
2023-12-23 16:00:00,304.48,16,5,1,300.88,302.93666666666604,300.5383333333334,184.84
2023-12-23 17:00:00,184.84,17,5,1,304.48,263.39999999999935,281.8116666666668,201.27
2023-12-23 18:00:00,201.27,18,5,1,184.84,230.19666666666606,266.2250000000001,190.6
2023-12-23 19:00:00,190.6,19,5,1,201.27,192.23666666666608,247.5866666666668,200.55
2023-12-23 20:00:00,200.55,20,5,1,190.6,197.4733333333327,230.43666666666675,193.45
2023-12-23 21:00:00,193.45,21,5,1,200.55,194.86666666666608,212.53166666666675,179.06
2023-12-23 22:00:00,179.06,22,5,1,193.45,191.01999999999938,191.62833333333342,181.47
2023-12-23 23:00:00,181.47,23,5,1,179.06,184.6599999999994,191.06666666666675,194.66
2023-12-24 00:00:00,194.66,0,6,1,181.47,185.0633333333327,189.96500000000006,188.44
2023-12-24 01:00:00,188.44,1,6,1,194.66,188.1899999999994,189.6050000000001,181.44
2023-12-24 02:00:00,181.44,2,6,1,188.44,188.17999999999938,186.42000000000007,188.49
2023-12-24 03:00:00,188.49,3,6,1,181.44,186.12333333333274,185.5933333333334,196.94
2023-12-24 04:00:00,196.94,4,6,1,188.49,188.95666666666605,188.5733333333334,191.28
2023-12-24 05:00:00,191.28,5,6,1,196.94,192.23666666666608,190.2083333333334,199.98
2023-12-24 06:00:00,199.98,6,6,1,191.28,196.06666666666607,191.09500000000006,203.01
2023-12-24 07:00:00,203.01,7,6,1,199.98,198.08999999999938,193.52333333333343,187.64
2023-12-24 08:00:00,187.64,8,6,1,203.01,196.87666666666607,194.55666666666673,191.42
2023-12-24 09:00:00,191.42,9,6,1,187.64,194.02333333333272,195.04500000000007,285.6
2023-12-24 10:00:00,285.6,10,6,1,191.42,221.55333333333272,209.82166666666674,287.46
2023-12-24 11:00:00,287.46,11,6,1,285.6,254.82666666666606,225.85166666666677,292.52
2023-12-24 12:00:00,292.52,12,6,1,287.46,288.526666666666,241.2750000000001,296.45
2023-12-24 13:00:00,296.45,13,6,1,292.52,292.1433333333327,256.8483333333334,302.33
2023-12-24 14:00:00,302.33,14,6,1,296.45,297.0999999999994,275.96333333333337,293.06
2023-12-24 15:00:00,293.06,15,6,1,302.33,297.2799999999994,292.9033333333334,308.69
2023-12-24 16:00:00,308.69,16,6,1,293.06,301.3599999999994,296.7516666666667,193.06
2023-12-24 17:00:00,193.06,17,6,1,308.69,264.9366666666661,281.0183333333334,200.42
2023-12-24 18:00:00,200.42,18,6,1,193.06,234.05666666666605,265.6683333333334,197.7
2023-12-24 19:00:00,197.7,19,6,1,200.42,197.05999999999938,249.21000000000006,199.82
2023-12-24 20:00:00,199.82,20,6,1,197.7,199.3133333333327,232.12500000000003,186.64
2023-12-24 21:00:00,186.64,21,6,1,199.82,194.71999999999937,214.3883333333334,194.74
2023-12-24 22:00:00,194.74,22,6,1,186.64,193.7333333333327,195.39666666666673,189.21
2023-12-24 23:00:00,189.21,23,6,1,194.74,190.19666666666606,194.75500000000008,211.29
2023-12-25 00:00:00,211.29,0,0,0,189.21,198.41333333333273,196.56666666666672,237.28
2023-12-25 01:00:00,237.28,1,0,0,211.29,212.5933333333327,203.1633333333334,229.61
2023-12-25 02:00:00,229.61,2,0,0,237.28,226.0599999999994,208.12833333333342,218.23
2023-12-25 03:00:00,218.23,3,0,0,229.61,228.37333333333274,213.39333333333343,224.21
2023-12-25 04:00:00,224.21,4,0,0,218.23,224.01666666666605,218.3050000000001,237.16
2023-12-25 05:00:00,237.16,5,0,0,224.21,226.53333333333273,226.29666666666674,235.18
2023-12-25 06:00:00,235.18,6,0,0,237.16,232.1833333333327,230.27833333333342,217.51
2023-12-25 07:00:00,217.51,7,0,0,235.18,229.9499999999994,226.98333333333338,219.31
2023-12-25 08:00:00,219.31,8,0,0,217.51,223.9999999999994,225.26666666666674,236.82
2023-12-25 09:00:00,236.82,9,0,0,219.31,224.54666666666606,228.3650000000001,202.34
2023-12-25 10:00:00,202.34,10,0,0,236.82,219.4899999999994,224.72000000000006,220.0
2023-12-25 11:00:00,220.0,11,0,0,202.34,219.71999999999943,221.8600000000001,244.06
2023-12-25 12:00:00,244.06,12,0,0,220.0,222.13333333333273,223.34000000000006,278.85
2023-12-25 13:00:00,278.85,13,0,0,244.06,247.6366666666661,233.56333333333342,210.54
2023-12-25 14:00:00,210.54,14,0,0,278.85,244.48333333333275,232.10166666666677,253.7
2023-12-25 15:00:00,253.7,15,0,0,210.54,247.69666666666606,234.91500000000008,235.5
2023-12-25 16:00:00,235.5,16,0,0,253.7,233.24666666666607,240.44166666666675,225.98
2023-12-25 17:00:00,225.98,17,0,0,235.5,238.39333333333275,241.43833333333342,206.27
2023-12-25 18:00:00,206.27,18,0,0,225.98,222.58333333333272,235.1400000000001,217.75
2023-12-25 19:00:00,217.75,19,0,0,206.27,216.66666666666606,224.95666666666673,222.45
2023-12-25 20:00:00,222.45,20,0,0,217.75,215.4899999999994,226.94166666666672,226.19
2023-12-25 21:00:00,226.19,21,0,0,222.45,222.1299999999994,222.3566666666667,221.18
2023-12-25 22:00:00,221.18,22,0,0,226.19,223.27333333333274,219.97000000000006,220.26
2023-12-25 23:00:00,220.26,23,0,0,221.18,222.54333333333273,219.01666666666677,179.72
2023-12-26 00:00:00,179.72,0,1,0,220.26,207.05333333333274,214.59166666666673,173.81
2023-12-26 01:00:00,173.81,1,1,0,179.72,191.26333333333272,207.2683333333334,177.6
2023-12-26 02:00:00,177.6,2,1,0,173.81,177.04333333333273,199.7933333333334,186.16
2023-12-26 03:00:00,186.16,3,1,0,177.6,179.18999999999937,193.12166666666675,172.51
2023-12-26 04:00:00,172.51,4,1,0,186.16,178.75666666666606,185.01000000000008,183.79
2023-12-26 05:00:00,183.79,5,1,0,172.51,180.81999999999937,178.93166666666673,179.91
2023-12-26 06:00:00,179.91,6,1,0,183.79,178.73666666666608,178.9633333333334,464.64
2023-12-26 07:00:00,464.64,7,1,0,179.91,276.1133333333327,227.43500000000006,677.45
2023-12-26 08:00:00,677.45,8,1,0,464.64,440.66666666666606,310.7433333333334,813.43
2023-12-26 09:00:00,813.43,9,1,0,677.45,651.8399999999993,415.2883333333334,880.15
2023-12-26 10:00:00,880.15,10,1,0,813.43,790.3433333333327,533.2283333333334,910.09
2023-12-26 11:00:00,910.09,11,1,0,880.15,867.8899999999994,654.2783333333333,919.85
2023-12-26 12:00:00,919.85,12,1,0,910.09,903.3633333333328,777.6016666666668,737.58
2023-12-26 13:00:00,737.58,13,1,0,919.85,855.8399999999993,823.0916666666667,791.27
2023-12-26 14:00:00,791.27,14,1,0,737.58,816.2333333333327,842.0616666666666,875.63
2023-12-26 15:00:00,875.63,15,1,0,791.27,801.4933333333328,852.4283333333334,838.16
2023-12-26 16:00:00,838.16,16,1,0,875.63,835.0199999999994,845.43,849.09
2023-12-26 17:00:00,849.09,17,1,0,838.16,854.2933333333327,835.2633333333333,387.18
2023-12-26 18:00:00,387.18,18,1,0,849.09,691.476666666666,746.4850000000001,336.04
2023-12-26 19:00:00,336.04,19,1,0,387.18,524.1033333333328,679.5616666666667,250.62
2023-12-26 20:00:00,250.62,20,1,0,336.04,324.6133333333327,589.4533333333334,169.26
2023-12-26 21:00:00,169.26,21,1,0,250.62,251.97333333333276,471.7250000000001,177.91
2023-12-26 22:00:00,177.91,22,1,0,169.26,199.26333333333272,361.6833333333334,181.31
2023-12-26 23:00:00,181.31,23,1,0,177.91,176.1599999999994,250.38666666666674,187.55
2023-12-27 00:00:00,187.55,0,2,0,181.31,182.25666666666606,217.1150000000001,170.5
2023-12-27 01:00:00,170.5,1,2,0,187.55,179.78666666666606,189.5250000000001,166.75
2023-12-27 02:00:00,166.75,2,2,0,170.5,174.9333333333327,175.54666666666674,170.33
2023-12-27 03:00:00,170.33,3,2,0,166.75,169.19333333333273,175.72500000000005,178.4
2023-12-27 04:00:00,178.4,4,2,0,170.33,171.82666666666606,175.80666666666676,169.23
2023-12-27 05:00:00,169.23,5,2,0,178.4,172.65333333333274,173.7933333333334,172.89
2023-12-27 06:00:00,172.89,6,2,0,169.23,173.50666666666606,171.35000000000005,489.77
2023-12-27 07:00:00,489.77,7,2,0,172.89,277.29666666666606,224.56166666666672,699.14
2023-12-27 08:00:00,699.14,8,2,0,489.77,453.9333333333327,313.2933333333334,814.01
2023-12-27 09:00:00,814.01,9,2,0,699.14,667.6399999999993,420.57333333333344,902.72
2023-12-27 10:00:00,902.72,10,2,0,814.01,805.2899999999994,541.2933333333334,917.35
2023-12-27 11:00:00,917.35,11,2,0,902.72,878.0266666666661,665.9800000000001,935.45
2023-12-27 12:00:00,935.45,12,2,0,917.35,918.5066666666661,793.0733333333334,748.85
2023-12-27 13:00:00,748.85,13,2,0,935.45,867.2166666666661,836.2533333333334,760.09
2023-12-27 14:00:00,760.09,14,2,0,748.85,814.7966666666662,846.4116666666667,871.59
2023-12-27 15:00:00,871.59,15,2,0,760.09,793.5099999999993,856.0083333333333,859.09
2023-12-27 16:00:00,859.09,16,2,0,871.59,830.2566666666661,848.7366666666667,835.86
2023-12-27 17:00:00,835.86,17,2,0,859.09,855.5133333333328,835.1550000000001,414.27
2023-12-27 18:00:00,414.27,18,2,0,835.86,703.0733333333328,748.2916666666666,320.72
2023-12-27 19:00:00,320.72,19,2,0,414.27,523.616666666666,676.9366666666668,269.38
2023-12-27 20:00:00,269.38,20,2,0,320.72,334.7899999999994,595.1516666666668,187.44
2023-12-27 21:00:00,187.44,21,2,0,269.38,259.1799999999994,481.1266666666668,181.49
2023-12-27 22:00:00,181.49,22,2,0,187.44,212.76999999999938,368.19333333333344,183.38
2023-12-27 23:00:00,183.38,23,2,0,181.49,184.1033333333327,259.4466666666668,175.5
2023-12-28 00:00:00,175.5,0,3,0,183.38,180.12333333333274,219.65166666666676,188.24
2023-12-28 01:00:00,188.24,1,3,0,175.5,182.37333333333274,197.57166666666674,169.1
2023-12-28 02:00:00,169.1,2,3,0,188.24,177.61333333333275,180.85833333333343,184.57
2023-12-28 03:00:00,184.57,3,3,0,169.1,180.63666666666606,180.38000000000008,164.16
2023-12-28 04:00:00,164.16,4,3,0,184.57,172.60999999999936,177.4916666666667,169.98
2023-12-28 05:00:00,169.98,5,3,0,164.16,172.9033333333327,175.2583333333334,178.33
2023-12-28 06:00:00,178.33,6,3,0,169.98,170.82333333333273,175.7300000000001,476.13
2023-12-28 07:00:00,476.13,7,3,0,178.33,274.81333333333276,223.71166666666673,685.49
2023-12-28 08:00:00,685.49,8,3,0,476.13,446.6499999999994,309.7766666666667,789.66
2023-12-28 09:00:00,789.66,9,3,0,685.49,650.4266666666662,410.62500000000006,868.2
2023-12-28 10:00:00,868.2,10,3,0,789.66,781.116666666666,527.965,896.45
2023-12-28 11:00:00,896.45,11,3,0,868.2,851.436666666666,649.0433333333334,937.06
2023-12-28 12:00:00,937.06,12,3,0,896.45,900.5699999999994,775.4983333333334,709.03
2023-12-28 13:00:00,709.03,13,3,0,937.06,847.5133333333328,814.315,738.3
2023-12-28 14:00:00,738.3,14,3,0,709.03,794.796666666666,823.1166666666668,915.51
2023-12-28 15:00:00,915.51,15,3,0,738.3,787.6133333333328,844.0916666666668,813.74
2023-12-28 16:00:00,813.74,16,3,0,915.51,822.516666666666,835.015,846.89
2023-12-28 17:00:00,846.89,17,3,0,813.74,858.7133333333328,826.7550000000001,420.49
2023-12-28 18:00:00,420.49,18,3,0,846.89,693.706666666666,740.66,346.13
2023-12-28 19:00:00,346.13,19,3,0,420.49,537.8366666666661,680.1766666666667,257.79
2023-12-28 20:00:00,257.79,20,3,0,346.13,341.4699999999994,600.0916666666667,179.44
2023-12-28 21:00:00,179.44,21,3,0,257.79,261.1199999999994,477.4133333333334,184.52
2023-12-28 22:00:00,184.52,22,3,0,179.44,207.2499999999994,372.54333333333335,187.23
2023-12-28 23:00:00,187.23,23,3,0,184.52,183.72999999999942,262.6000000000001,163.06
2023-12-29 00:00:00,163.06,0,4,0,187.23,178.26999999999938,219.69500000000008,174.06
2023-12-29 01:00:00,174.06,1,4,0,163.06,174.78333333333273,191.01666666666674,176.42
2023-12-29 02:00:00,176.42,2,4,0,174.06,171.17999999999938,177.45500000000007,173.66
2023-12-29 03:00:00,173.66,3,4,0,176.42,174.7133333333327,176.49166666666676,168.9
2023-12-29 04:00:00,168.9,4,4,0,173.66,172.99333333333274,173.8883333333334,199.46
2023-12-29 05:00:00,199.46,5,4,0,168.9,180.67333333333272,175.92666666666673,157.31
2023-12-29 06:00:00,157.31,6,4,0,199.46,175.22333333333276,174.9683333333334,474.11
2023-12-29 07:00:00,474.11,7,4,0,157.31,276.9599999999994,224.97666666666677,692.92
2023-12-29 08:00:00,692.92,8,4,0,474.11,441.44666666666603,311.06000000000006,846.47
2023-12-29 09:00:00,846.47,9,4,0,692.92,671.1666666666661,423.1950000000001,877.99
2023-12-29 10:00:00,877.99,10,4,0,846.47,805.7933333333327,541.3766666666667,896.48
2023-12-29 11:00:00,896.48,11,4,0,877.99,873.6466666666661,657.5466666666667,946.15
2023-12-29 12:00:00,946.15,12,4,0,896.48,906.8733333333327,789.0200000000001,734.84
2023-12-29 13:00:00,734.84,13,4,0,946.15,859.1566666666662,832.475,763.25
2023-12-29 14:00:00,763.25,14,4,0,734.84,814.746666666666,844.1966666666667,884.09
2023-12-29 15:00:00,884.09,15,4,0,763.25,794.0599999999994,850.4666666666667,863.56
2023-12-29 16:00:00,863.56,16,4,0,884.09,836.9666666666661,848.0616666666668,861.36
2023-12-29 17:00:00,861.36,17,4,0,863.56,869.6699999999995,842.2083333333334,391.39
2023-12-29 18:00:00,391.39,18,4,0,861.36,705.436666666666,749.7483333333334,341.06
2023-12-29 19:00:00,341.06,19,4,0,391.39,531.2699999999994,684.1183333333333,253.47
2023-12-29 20:00:00,253.47,20,4,0,341.06,328.63999999999936,599.1550000000001,177.46
2023-12-29 21:00:00,177.46,21,4,0,253.47,257.3299999999994,481.3833333333334,183.6
2023-12-29 22:00:00,183.6,22,4,0,177.46,204.8433333333327,368.0566666666667,172.52
2023-12-29 23:00:00,172.52,23,4,0,183.6,177.85999999999936,253.25000000000009,196.34
2023-12-30 00:00:00,196.34,0,5,1,172.52,184.15333333333274,220.74166666666676,195.71
2023-12-30 01:00:00,195.71,1,5,1,196.34,188.18999999999937,196.51666666666674,188.9
2023-12-30 02:00:00,188.9,2,5,1,195.71,193.6499999999994,185.75500000000008,187.37
2023-12-30 03:00:00,187.37,3,5,1,188.9,190.6599999999994,187.40666666666675,190.11
2023-12-30 04:00:00,190.11,4,5,1,187.37,188.79333333333273,188.49166666666676,182.68
2023-12-30 05:00:00,182.68,5,5,1,190.11,186.71999999999943,190.1850000000001,182.25
2023-12-30 06:00:00,182.25,6,5,1,182.68,185.01333333333275,187.83666666666673,197.53
2023-12-30 07:00:00,197.53,7,5,1,182.25,187.48666666666608,188.14000000000007,190.82
2023-12-30 08:00:00,190.82,8,5,1,197.53,190.19999999999936,188.46000000000006,183.18
2023-12-30 09:00:00,183.18,9,5,1,190.82,190.5099999999994,187.76166666666674,297.61
2023-12-30 10:00:00,297.61,10,5,1,183.18,223.8699999999994,205.6783333333334,299.75
2023-12-30 11:00:00,299.75,11,5,1,297.61,260.1799999999994,225.19000000000005,297.94
2023-12-30 12:00:00,297.94,12,5,1,299.75,298.4333333333327,244.47166666666672,297.31
2023-12-30 13:00:00,297.31,13,5,1,297.94,298.33333333333275,261.10166666666674,275.98
2023-12-30 14:00:00,275.98,14,5,1,297.31,290.4099999999994,275.2950000000001,307.49
2023-12-30 15:00:00,307.49,15,5,1,275.98,293.59333333333274,296.0133333333334,293.77
2023-12-30 16:00:00,293.77,16,5,1,307.49,292.41333333333273,295.3733333333334,189.24
2023-12-30 17:00:00,189.24,17,5,1,293.77,263.4999999999994,276.9550000000001,185.89
2023-12-30 18:00:00,185.89,18,5,1,189.24,222.96666666666604,258.2800000000001,195.39
2023-12-30 19:00:00,195.39,19,5,1,185.89,190.17333333333272,241.2933333333334,181.8
2023-12-30 20:00:00,181.8,20,5,1,195.39,187.6933333333327,225.59666666666672,185.68
2023-12-30 21:00:00,185.68,21,5,1,181.8,187.62333333333274,205.29500000000007,181.64
2023-12-30 22:00:00,181.64,22,5,1,185.68,183.0399999999994,186.60666666666677,190.81
2023-12-30 23:00:00,190.81,23,5,1,181.64,186.04333333333273,186.86833333333342,202.19
2023-12-31 00:00:00,202.19,0,6,1,190.81,191.54666666666606,189.58500000000006,196.84
2023-12-31 01:00:00,196.84,1,6,1,202.19,196.61333333333275,189.82666666666674,186.84
2023-12-31 02:00:00,186.84,2,6,1,196.84,195.2899999999994,190.66666666666674,191.1
2023-12-31 03:00:00,191.1,3,6,1,186.84,191.5933333333327,191.57000000000005,188.31
2023-12-31 04:00:00,188.31,4,6,1,191.1,188.7499999999994,192.68166666666676,189.9
2023-12-31 05:00:00,189.9,5,6,1,188.31,189.76999999999938,192.5300000000001,182.15
2023-12-31 06:00:00,182.15,6,6,1,189.9,186.78666666666606,189.19000000000005,193.54
2023-12-31 07:00:00,193.54,7,6,1,182.15,188.5299999999994,188.6400000000001,202.18
2023-12-31 08:00:00,202.18,8,6,1,193.54,192.62333333333274,191.19666666666674,200.32
2023-12-31 09:00:00,200.32,9,6,1,202.18,198.67999999999938,192.73333333333343,295.14
2023-12-31 10:00:00,295.14,10,6,1,200.32,232.54666666666606,210.5383333333334,297.87
2023-12-31 11:00:00,297.87,11,6,1,295.14,264.4433333333327,228.5333333333334,292.93
2023-12-31 12:00:00,292.93,12,6,1,297.87,295.31333333333276,246.99666666666675,304.82
2023-12-31 13:00:00,304.82,13,6,1,292.93,298.53999999999934,265.54333333333346,298.73
2023-12-31 14:00:00,298.73,14,6,1,304.82,298.8266666666661,281.63500000000005,303.07
2023-12-31 15:00:00,303.07,15,6,1,298.73,302.2066666666661,298.76000000000005,305.84
2023-12-31 16:00:00,305.84,16,6,1,303.07,302.546666666666,300.5433333333334,209.0
2023-12-31 17:00:00,209.0,17,6,1,305.84,272.63666666666603,285.73166666666674,184.57
2023-12-31 18:00:00,184.57,18,6,1,209.0,233.13666666666606,267.67166666666674,180.01
2023-12-31 19:00:00,180.01,19,6,1,184.57,191.1933333333327,246.8700000000001,203.02
2023-12-31 20:00:00,203.02,20,6,1,180.01,189.1999999999994,230.91833333333338,190.91
2023-12-31 21:00:00,190.91,21,6,1,203.02,191.31333333333274,212.22500000000005,201.77
2023-12-31 22:00:00,201.77,22,6,1,190.91,198.56666666666607,194.88000000000008,213.35
