datetime,energy_kwh
2023-01-01 00:00:00,237.15
2023-01-01 01:00:00,281.14
2023-01-01 02:00:00,245.67
2023-01-01 03:00:00,266.6
2023-01-01 04:00:00,236.91
2023-01-01 05:00:00,238.62
2023-01-01 06:00:00,255.1
2023-01-01 07:00:00,256.51
2023-01-01 08:00:00,237.74
2023-01-01 09:00:00,192.64
2023-01-01 10:00:00,236.66
2023-01-01 11:00:00,253.71
2023-01-01 12:00:00,240.47
2023-01-01 13:00:00,249.12
2023-01-01 14:00:00,245.41
2023-01-01 15:00:00,211.3
2023-01-01 16:00:00,257.66
2023-01-01 17:00:00,228.4
2023-01-01 18:00:00,229.97
2023-01-01 19:00:00,251.82
2023-01-01 20:00:00,225.37
2023-01-01 21:00:00,245.24
2023-01-01 22:00:00,222.88
2023-01-01 23:00:00,236.25
2023-01-02 00:00:00,152.53
2023-01-02 01:00:00,150.76
2023-01-02 02:00:00,143.67
2023-01-02 03:00:00,159.1
2023-01-02 04:00:00,162.43
2023-01-02 05:00:00,178.52
2023-01-02 06:00:00,148.52
2023-01-02 07:00:00,481.05
2023-01-02 08:00:00,524.15
2023-01-02 09:00:00,807.84
2023-01-02 10:00:00,837.02
2023-01-02 11:00:00,860.09
2023-01-02 12:00:00,835.2
2023-01-02 13:00:00,873.91
2023-01-02 14:00:00,835.99
2023-01-02 15:00:00,886.51
2023-01-02 16:00:00,885.43
2023-01-02 17:00:00,816.79
2023-01-02 18:00:00,835.27
2023-01-02 19:00:00,457.57
2023-01-02 20:00:00,456.16
2023-01-02 21:00:00,171.05
2023-01-02 22:00:00,143.68
2023-01-02 23:00:00,150.07
2023-01-03 00:00:00,181.72
2023-01-03 01:00:00,140.51
2023-01-03 02:00:00,154.36
2023-01-03 03:00:00,157.66
2023-01-03 04:00:00,167.57
2023-01-03 05:00:00,174.64
2023-01-03 06:00:00,157.93
2023-01-03 07:00:00,456.03
2023-01-03 08:00:00,500.2
2023-01-03 09:00:00,857.51
2023-01-03 10:00:00,843.77
2023-01-03 11:00:00,862.64
2023-01-03 12:00:00,861.77
2023-01-03 13:00:00,873.74
2023-01-03 14:00:00,850.99
2023-01-03 15:00:00,881.63
2023-01-03 16:00:00,848.71
2023-01-03 17:00:00,853.12
2023-01-03 18:00:00,779.26
2023-01-03 19:00:00,507.29
2023-01-03 20:00:00,473.8
2023-01-03 21:00:00,147.78
2023-01-03 22:00:00,150.34
2023-01-03 23:00:00,147.82
2023-01-04 00:00:00,118.23
2023-01-04 01:00:00,172.79
2023-01-04 02:00:00,175.49
2023-01-04 03:00:00,185.57
2023-01-04 04:00:00,174.11
2023-01-04 05:00:00,173.12
2023-01-04 06:00:00,126.43
2023-01-04 07:00:00,483.66
2023-01-04 08:00:00,457.34
2023-01-04 09:00:00,794.42
2023-01-04 10:00:00,855.29
2023-01-04 11:00:00,852.07
2023-01-04 12:00:00,817.01
2023-01-04 13:00:00,858.75
2023-01-04 14:00:00,867.43
2023-01-04 15:00:00,864.77
2023-01-04 16:00:00,870.18
2023-01-04 17:00:00,844.1
2023-01-04 18:00:00,816.24
2023-01-04 19:00:00,484.65
2023-01-04 20:00:00,474.1
2023-01-04 21:00:00,152.77
2023-01-04 22:00:00,168.64
2023-01-04 23:00:00,178.68
2023-01-05 00:00:00,191.05
2023-01-05 01:00:00,161.87
2023-01-05 02:00:00,165.9
2023-01-05 03:00:00,189.71
2023-01-05 04:00:00,138.26
2023-01-05 05:00:00,176.42
2023-01-05 06:00:00,144.24
2023-01-05 07:00:00,511.88
2023-01-05 08:00:00,508.12
2023-01-05 09:00:00,832.9
2023-01-05 10:00:00,858.19
2023-01-05 11:00:00,868.24
2023-01-05 12:00:00,848.82
2023-01-05 13:00:00,888.68
2023-01-05 14:00:00,896.7
2023-01-05 15:00:00,878.83
2023-01-05 16:00:00,849.13
2023-01-05 17:00:00,830.5
2023-01-05 18:00:00,807.75
2023-01-05 19:00:00,459.48
2023-01-05 20:00:00,493.58
2023-01-05 21:00:00,171.1
2023-01-05 22:00:00,157.37
2023-01-05 23:00:00,173.36
2023-01-06 00:00:00,183.27
2023-01-06 01:00:00,139.67
2023-01-06 02:00:00,189.41
2023-01-06 03:00:00,180.33
2023-01-06 04:00:00,180.12
2023-01-06 05:00:00,179.95
2023-01-06 06:00:00,174.29
2023-01-06 07:00:00,480.01
2023-01-06 08:00:00,465.33
2023-01-06 09:00:00,810.25
2023-01-06 10:00:00,830.02
2023-01-06 11:00:00,837.55
2023-01-06 12:00:00,904.47
2023-01-06 13:00:00,895.6
2023-01-06 14:00:00,872.57
2023-01-06 15:00:00,837.79
2023-01-06 16:00:00,834.66
2023-01-06 17:00:00,837.13
2023-01-06 18:00:00,794.85
2023-01-06 19:00:00,453.65
2023-01-06 20:00:00,485.34
2023-01-06 21:00:00,156.83
2023-01-06 22:00:00,151.95
2023-01-06 23:00:00,135.1
2023-01-07 00:00:00,246.69
2023-01-07 01:00:00,218.55
2023-01-07 02:00:00,235.75
2023-01-07 03:00:00,263.21
2023-01-07 04:00:00,264.89
2023-01-07 05:00:00,237.44
2023-01-07 06:00:00,178.41
2023-01-07 07:00:00,255.1
2023-01-07 08:00:00,221.42
2023-01-07 09:00:00,212.13
2023-01-07 10:00:00,254.8
2023-01-07 11:00:00,203.0
2023-01-07 12:00:00,254.25
2023-01-07 13:00:00,258.1
2023-01-07 14:00:00,250.05
2023-01-07 15:00:00,244.19
2023-01-07 16:00:00,237.76
2023-01-07 17:00:00,230.32
2023-01-07 18:00:00,218.36
2023-01-07 19:00:00,287.37
2023-01-07 20:00:00,231.11
2023-01-07 21:00:00,221.53
2023-01-07 22:00:00,238.14
2023-01-07 23:00:00,251.55
2023-01-08 00:00:00,260.42
2023-01-08 01:00:00,235.44
2023-01-08 02:00:00,236.19
2023-01-08 03:00:00,223.98
2023-01-08 04:00:00,234.88
2023-01-08 05:00:00,257.31
2023-01-08 06:00:00,238.76
2023-01-08 07:00:00,232.66
2023-01-08 08:00:00,243.42
2023-01-08 09:00:00,224.37
2023-01-08 10:00:00,196.86
2023-01-08 11:00:00,230.27
2023-01-08 12:00:00,180.22
2023-01-08 13:00:00,234.71
2023-01-08 14:00:00,248.23
2023-01-08 15:00:00,259.75
2023-01-08 16:00:00,250.6
2023-01-08 17:00:00,240.73
2023-01-08 18:00:00,219.49
2023-01-08 19:00:00,218.02
2023-01-08 20:00:00,235.8
2023-01-08 21:00:00,222.7
2023-01-08 22:00:00,220.76
2023-01-08 23:00:00,240.89
2023-01-09 00:00:00,142.97
2023-01-09 01:00:00,123.66
2023-01-09 02:00:00,155.63
2023-01-09 03:00:00,141.01
2023-01-09 04:00:00,170.35
2023-01-09 05:00:00,185.88
2023-01-09 06:00:00,175.2
2023-01-09 07:00:00,488.73
2023-01-09 08:00:00,507.31
2023-01-09 09:00:00,780.38
2023-01-09 10:00:00,815.83
2023-01-09 11:00:00,855.13
2023-01-09 12:00:00,861.37
2023-01-09 13:00:00,881.69
2023-01-09 14:00:00,871.22
2023-01-09 15:00:00,864.04
2023-01-09 16:00:00,842.88
2023-01-09 17:00:00,842.24
2023-01-09 18:00:00,796.28
2023-01-09 19:00:00,453.79
2023-01-09 20:00:00,477.56
2023-01-09 21:00:00,147.82
2023-01-09 22:00:00,188.88
2023-01-09 23:00:00,167.25
2023-01-10 00:00:00,185.41
2023-01-10 01:00:00,162.22
2023-01-10 02:00:00,178.42
2023-01-10 03:00:00,175.3
2023-01-10 04:00:00,171.16
2023-01-10 05:00:00,125.21
2023-01-10 06:00:00,163.99
2023-01-10 07:00:00,507.22
2023-01-10 08:00:00,480.27
2023-01-10 09:00:00,823.4
2023-01-10 10:00:00,817.76
2023-01-10 11:00:00,845.29
2023-01-10 12:00:00,883.05
2023-01-10 13:00:00,850.51
2023-01-10 14:00:00,912.23
2023-01-10 15:00:00,863.78
2023-01-10 16:00:00,877.69
2023-01-10 17:00:00,815.4
2023-01-10 18:00:00,815.04
2023-01-10 19:00:00,471.68
2023-01-10 20:00:00,449.23
2023-01-10 21:00:00,151.53
2023-01-10 22:00:00,157.73
2023-01-10 23:00:00,169.6
2023-01-11 00:00:00,144.2
2023-01-11 01:00:00,170.39
2023-01-11 02:00:00,154.81
2023-01-11 03:00:00,120.42
2023-01-11 04:00:00,179.69
2023-01-11 05:00:00,181.56
2023-01-11 06:00:00,152.85
2023-01-11 07:00:00,476.25
2023-01-11 08:00:00,469.52
2023-01-11 09:00:00,807.61
2023-01-11 10:00:00,815.57
2023-01-11 11:00:00,868.06
2023-01-11 12:00:00,866.39
2023-01-11 13:00:00,852.82
2023-01-11 14:00:00,892.51
2023-01-11 15:00:00,878.69
2023-01-11 16:00:00,814.47
2023-01-11 17:00:00,831.08
2023-01-11 18:00:00,811.22
2023-01-11 19:00:00,478.13
2023-01-11 20:00:00,470.41
2023-01-11 21:00:00,184.57
2023-01-11 22:00:00,146.77
2023-01-11 23:00:00,194.86
2023-01-12 00:00:00,145.56
2023-01-12 01:00:00,178.8
2023-01-12 02:00:00,196.09
2023-01-12 03:00:00,134.35
2023-01-12 04:00:00,169.56
2023-01-12 05:00:00,145.58
2023-01-12 06:00:00,176.03
2023-01-12 07:00:00,508.72
2023-01-12 08:00:00,515.5
2023-01-12 09:00:00,820.53
2023-01-12 10:00:00,820.73
2023-01-12 11:00:00,865.87
2023-01-12 12:00:00,921.95
2023-01-12 13:00:00,903.99
2023-01-12 14:00:00,923.46
2023-01-12 15:00:00,892.59
2023-01-12 16:00:00,827.92
2023-01-12 17:00:00,822.28
2023-01-12 18:00:00,814.63
2023-01-12 19:00:00,461.71
2023-01-12 20:00:00,494.31
2023-01-12 21:00:00,121.97
2023-01-12 22:00:00,159.05
2023-01-12 23:00:00,172.35
2023-01-13 00:00:00,123.42
2023-01-13 01:00:00,171.63
2023-01-13 02:00:00,178.75
2023-01-13 03:00:00,179.38
2023-01-13 04:00:00,127.92
2023-01-13 05:00:00,132.28
2023-01-13 06:00:00,183.73
2023-01-13 07:00:00,503.76
2023-01-13 08:00:00,459.88
2023-01-13 09:00:00,774.45
2023-01-13 10:00:00,847.77
2023-01-13 11:00:00,813.39
2023-01-13 12:00:00,883.64
2023-01-13 13:00:00,846.89
2023-01-13 14:00:00,851.11
2023-01-13 15:00:00,872.11
2023-01-13 16:00:00,865.66
2023-01-13 17:00:00,842.14
2023-01-13 18:00:00,803.67
2023-01-13 19:00:00,463.4
2023-01-13 20:00:00,464.53
2023-01-13 21:00:00,165.34
2023-01-13 22:00:00,174.28
2023-01-13 23:00:00,142.59
2023-01-14 00:00:00,226.57
2023-01-14 01:00:00,228.29
2023-01-14 02:00:00,241.29
2023-01-14 03:00:00,221.33
2023-01-14 04:00:00,239.84
2023-01-14 05:00:00,244.29
2023-01-14 06:00:00,250.34
2023-01-14 07:00:00,249.22
2023-01-14 08:00:00,215.05
2023-01-14 09:00:00,241.31
2023-01-14 10:00:00,248.98
2023-01-14 11:00:00,226.33
2023-01-14 12:00:00,232.21
2023-01-14 13:00:00,268.0
2023-01-14 14:00:00,200.67
2023-01-14 15:00:00,283.43
2023-01-14 16:00:00,264.46
2023-01-14 17:00:00,234.01
2023-01-14 18:00:00,272.63
2023-01-14 19:00:00,220.85
2023-01-14 20:00:00,250.61
2023-01-14 21:00:00,212.28
2023-01-14 22:00:00,271.62
2023-01-14 23:00:00,227.34
2023-01-15 00:00:00,257.49
2023-01-15 01:00:00,244.44
2023-01-15 02:00:00,232.77
2023-01-15 03:00:00,229.38
2023-01-15 04:00:00,290.98
2023-01-15 05:00:00,226.83
2023-01-15 06:00:00,250.92
2023-01-15 07:00:00,253.92
2023-01-15 08:00:00,263.35
2023-01-15 09:00:00,262.48
2023-01-15 10:00:00,218.26
2023-01-15 11:00:00,240.18
2023-01-15 12:00:00,253.86
2023-01-15 13:00:00,246.58
2023-01-15 14:00:00,226.6
2023-01-15 15:00:00,231.09
2023-01-15 16:00:00,239.29
2023-01-15 17:00:00,217.74
2023-01-15 18:00:00,239.64
2023-01-15 19:00:00,252.18
2023-01-15 20:00:00,251.25
2023-01-15 21:00:00,250.58
2023-01-15 22:00:00,222.47
2023-01-15 23:00:00,207.67
2023-01-16 00:00:00,167.18
2023-01-16 01:00:00,145.94
2023-01-16 02:00:00,168.11
2023-01-16 03:00:00,191.87
2023-01-16 04:00:00,164.17
2023-01-16 05:00:00,155.78
2023-01-16 06:00:00,145.46
2023-01-16 07:00:00,461.32
2023-01-16 08:00:00,505.94
2023-01-16 09:00:00,751.46
2023-01-16 10:00:00,823.78
2023-01-16 11:00:00,875.45
2023-01-16 12:00:00,849.17
2023-01-16 13:00:00,877.62
2023-01-16 14:00:00,873.47
2023-01-16 15:00:00,880.88
2023-01-16 16:00:00,880.5
2023-01-16 17:00:00,818.78
2023-01-16 18:00:00,779.99
2023-01-16 19:00:00,467.13
2023-01-16 20:00:00,519.25
2023-01-16 21:00:00,199.6
2023-01-16 22:00:00,168.57
2023-01-16 23:00:00,172.42
2023-01-17 00:00:00,147.51
2023-01-17 01:00:00,180.38
2023-01-17 02:00:00,155.07
2023-01-17 03:00:00,143.14
2023-01-17 04:00:00,165.1
2023-01-17 05:00:00,154.04
2023-01-17 06:00:00,164.38
2023-01-17 07:00:00,479.47
2023-01-17 08:00:00,487.1
2023-01-17 09:00:00,802.62
2023-01-17 10:00:00,864.95
2023-01-17 11:00:00,866.48
2023-01-17 12:00:00,862.72
2023-01-17 13:00:00,889.52
2023-01-17 14:00:00,867.23
2023-01-17 15:00:00,869.25
2023-01-17 16:00:00,831.4
2023-01-17 17:00:00,806.97
2023-01-17 18:00:00,802.97
2023-01-17 19:00:00,451.89
2023-01-17 20:00:00,482.88
2023-01-17 21:00:00,152.47
2023-01-17 22:00:00,161.04
2023-01-17 23:00:00,174.41
2023-01-18 00:00:00,180.23
2023-01-18 01:00:00,168.29
2023-01-18 02:00:00,142.72
2023-01-18 03:00:00,172.84
2023-01-18 04:00:00,189.42
2023-01-18 05:00:00,166.43
2023-01-18 06:00:00,122.41
2023-01-18 07:00:00,455.02
2023-01-18 08:00:00,486.77
2023-01-18 09:00:00,794.02
2023-01-18 10:00:00,873.17
2023-01-18 11:00:00,841.83
2023-01-18 12:00:00,864.73
2023-01-18 13:00:00,889.9
2023-01-18 14:00:00,831.05
2023-01-18 15:00:00,887.02
2023-01-18 16:00:00,846.44
2023-01-18 17:00:00,799.14
2023-01-18 18:00:00,791.76
2023-01-18 19:00:00,503.39
2023-01-18 20:00:00,485.74
2023-01-18 21:00:00,105.27
2023-01-18 22:00:00,169.08
2023-01-18 23:00:00,153.82
2023-01-19 00:00:00,164.29
2023-01-19 01:00:00,134.46
2023-01-19 02:00:00,179.99
2023-01-19 03:00:00,179.71
2023-01-19 04:00:00,162.89
2023-01-19 05:00:00,160.28
2023-01-19 06:00:00,182.7
2023-01-19 07:00:00,489.8
2023-01-19 08:00:00,474.86
2023-01-19 09:00:00,796.44
2023-01-19 10:00:00,836.85
2023-01-19 11:00:00,888.34
2023-01-19 12:00:00,860.03
2023-01-19 13:00:00,870.21
2023-01-19 14:00:00,894.98
2023-01-19 15:00:00,858.88
2023-01-19 16:00:00,833.02
2023-01-19 17:00:00,806.41
2023-01-19 18:00:00,829.14
2023-01-19 19:00:00,463.01
2023-01-19 20:00:00,475.48
2023-01-19 21:00:00,130.33
2023-01-19 22:00:00,158.51
2023-01-19 23:00:00,152.03
2023-01-20 00:00:00,156.65
2023-01-20 01:00:00,151.6
2023-01-20 02:00:00,160.76
2023-01-20 03:00:00,156.42
2023-01-20 04:00:00,155.95
2023-01-20 05:00:00,146.14
2023-01-20 06:00:00,146.56
2023-01-20 07:00:00,497.09
2023-01-20 08:00:00,477.52
2023-01-20 09:00:00,823.86
2023-01-20 10:00:00,818.92
2023-01-20 11:00:00,840.18
2023-01-20 12:00:00,890.56
2023-01-20 13:00:00,875.95
2023-01-20 14:00:00,873.0
2023-01-20 15:00:00,862.35
2023-01-20 16:00:00,879.43
2023-01-20 17:00:00,828.5
2023-01-20 18:00:00,813.05
2023-01-20 19:00:00,501.99
2023-01-20 20:00:00,488.75
2023-01-20 21:00:00,139.0
2023-01-20 22:00:00,167.71
2023-01-20 23:00:00,186.13
2023-01-21 00:00:00,257.6
2023-01-21 01:00:00,244.75
2023-01-21 02:00:00,229.93
2023-01-21 03:00:00,258.51
2023-01-21 04:00:00,203.34
2023-01-21 05:00:00,261.86
2023-01-21 06:00:00,265.67
2023-01-21 07:00:00,222.81
2023-01-21 08:00:00,242.18
2023-01-21 09:00:00,204.53
2023-01-21 10:00:00,239.04
2023-01-21 11:00:00,228.17
2023-01-21 12:00:00,213.79
2023-01-21 13:00:00,245.38
2023-01-21 14:00:00,272.98
2023-01-21 15:00:00,259.19
2023-01-21 16:00:00,231.98
2023-01-21 17:00:00,269.41
2023-01-21 18:00:00,258.72
2023-01-21 19:00:00,281.04
2023-01-21 20:00:00,234.69
2023-01-21 21:00:00,259.45
2023-01-21 22:00:00,278.49
2023-01-21 23:00:00,202.29
2023-01-22 00:00:00,255.35
2023-01-22 01:00:00,218.57
2023-01-22 02:00:00,227.7
2023-01-22 03:00:00,241.71
2023-01-22 04:00:00,246.96
2023-01-22 05:00:00,274.79
2023-01-22 06:00:00,244.18
2023-01-22 07:00:00,240.28
2023-01-22 08:00:00,227.32
2023-01-22 09:00:00,218.97
2023-01-22 10:00:00,217.09
2023-01-22 11:00:00,257.32
2023-01-22 12:00:00,222.91
2023-01-22 13:00:00,272.72
2023-01-22 14:00:00,253.0
2023-01-22 15:00:00,265.95
2023-01-22 16:00:00,236.8
2023-01-22 17:00:00,270.41
2023-01-22 18:00:00,233.36
2023-01-22 19:00:00,240.25
2023-01-22 20:00:00,211.16
2023-01-22 21:00:00,212.67
2023-01-22 22:00:00,227.48
2023-01-22 23:00:00,248.76
2023-01-23 00:00:00,167.63
2023-01-23 01:00:00,175.43
2023-01-23 02:00:00,165.45
2023-01-23 03:00:00,127.61
2023-01-23 04:00:00,149.4
2023-01-23 05:00:00,151.2
2023-01-23 06:00:00,169.44
2023-01-23 07:00:00,496.37
2023-01-23 08:00:00,465.42
2023-01-23 09:00:00,770.34
2023-01-23 10:00:00,836.58
2023-01-23 11:00:00,878.96
2023-01-23 12:00:00,897.08
2023-01-23 13:00:00,872.08
2023-01-23 14:00:00,875.01
2023-01-23 15:00:00,857.12
2023-01-23 16:00:00,876.42
2023-01-23 17:00:00,824.32
2023-01-23 18:00:00,814.13
2023-01-23 19:00:00,480.74
2023-01-23 20:00:00,498.49
2023-01-23 21:00:00,193.45
2023-01-23 22:00:00,156.85
2023-01-23 23:00:00,165.23
2023-01-24 00:00:00,159.52
2023-01-24 01:00:00,156.78
2023-01-24 02:00:00,146.22
2023-01-24 03:00:00,135.09
2023-01-24 04:00:00,110.08
2023-01-24 05:00:00,160.08
2023-01-24 06:00:00,157.11
2023-01-24 07:00:00,495.85
2023-01-24 08:00:00,473.96
2023-01-24 09:00:00,764.76
2023-01-24 10:00:00,840.74
2023-01-24 11:00:00,898.5
2023-01-24 12:00:00,860.91
2023-01-24 13:00:00,894.71
2023-01-24 14:00:00,900.95
2023-01-24 15:00:00,847.67
2023-01-24 16:00:00,832.34
2023-01-24 17:00:00,837.98
2023-01-24 18:00:00,785.92
2023-01-24 19:00:00,451.92
2023-01-24 20:00:00,485.68
2023-01-24 21:00:00,205.22
2023-01-24 22:00:00,128.26
2023-01-24 23:00:00,142.21
2023-01-25 00:00:00,169.06
2023-01-25 01:00:00,147.11
2023-01-25 02:00:00,150.68
2023-01-25 03:00:00,154.44
2023-01-25 04:00:00,150.96
2023-01-25 05:00:00,154.32
2023-01-25 06:00:00,147.24
2023-01-25 07:00:00,495.46
2023-01-25 08:00:00,471.13
2023-01-25 09:00:00,785.81
2023-01-25 10:00:00,830.96
2023-01-25 11:00:00,865.07
2023-01-25 12:00:00,875.65
2023-01-25 13:00:00,888.33
2023-01-25 14:00:00,903.63
2023-01-25 15:00:00,827.98
2023-01-25 16:00:00,826.58
2023-01-25 17:00:00,807.69
2023-01-25 18:00:00,774.01
2023-01-25 19:00:00,481.92
2023-01-25 20:00:00,480.58
2023-01-25 21:00:00,183.01
2023-01-25 22:00:00,156.45
2023-01-25 23:00:00,135.69
2023-01-26 00:00:00,189.5
2023-01-26 01:00:00,184.69
2023-01-26 02:00:00,165.92
2023-01-26 03:00:00,197.39
2023-01-26 04:00:00,218.53
2023-01-26 05:00:00,148.67
2023-01-26 06:00:00,148.1
2023-01-26 07:00:00,497.74
2023-01-26 08:00:00,474.24
2023-01-26 09:00:00,817.54
2023-01-26 10:00:00,844.24
2023-01-26 11:00:00,841.35
2023-01-26 12:00:00,891.71
2023-01-26 13:00:00,895.77
2023-01-26 14:00:00,873.97
2023-01-26 15:00:00,893.19
2023-01-26 16:00:00,914.47
2023-01-26 17:00:00,843.85
2023-01-26 18:00:00,772.95
2023-01-26 19:00:00,475.13
2023-01-26 20:00:00,471.93
2023-01-26 21:00:00,145.31
2023-01-26 22:00:00,172.58
2023-01-26 23:00:00,199.72
2023-01-27 00:00:00,165.25
2023-01-27 01:00:00,140.86
2023-01-27 02:00:00,171.4
2023-01-27 03:00:00,136.69
2023-01-27 04:00:00,178.57
2023-01-27 05:00:00,165.34
2023-01-27 06:00:00,149.93
2023-01-27 07:00:00,464.95
2023-01-27 08:00:00,489.12
2023-01-27 09:00:00,824.2
2023-01-27 10:00:00,855.18
2023-01-27 11:00:00,855.02
2023-01-27 12:00:00,875.77
2023-01-27 13:00:00,875.33
2023-01-27 14:00:00,860.44
2023-01-27 15:00:00,853.28
2023-01-27 16:00:00,879.17
2023-01-27 17:00:00,813.47
2023-01-27 18:00:00,831.13
2023-01-27 19:00:00,468.39
2023-01-27 20:00:00,447.27
2023-01-27 21:00:00,148.46
2023-01-27 22:00:00,166.56
2023-01-27 23:00:00,156.67
2023-01-28 00:00:00,250.65
2023-01-28 01:00:00,283.73
2023-01-28 02:00:00,246.18
2023-01-28 03:00:00,239.8
2023-01-28 04:00:00,230.14
2023-01-28 05:00:00,235.54
2023-01-28 06:00:00,272.87
2023-01-28 07:00:00,263.35
2023-01-28 08:00:00,273.18
2023-01-28 09:00:00,245.09
2023-01-28 10:00:00,227.76
2023-01-28 11:00:00,241.57
2023-01-28 12:00:00,235.49
2023-01-28 13:00:00,268.84
2023-01-28 14:00:00,255.42
2023-01-28 15:00:00,203.12
2023-01-28 16:00:00,216.84
2023-01-28 17:00:00,234.64
2023-01-28 18:00:00,274.56
2023-01-28 19:00:00,226.66
2023-01-28 20:00:00,243.59
2023-01-28 21:00:00,248.3
2023-01-28 22:00:00,250.87
2023-01-28 23:00:00,252.37
2023-01-29 00:00:00,229.01
2023-01-29 01:00:00,259.62
2023-01-29 02:00:00,227.37
2023-01-29 03:00:00,258.53
2023-01-29 04:00:00,233.07
2023-01-29 05:00:00,231.05
2023-01-29 06:00:00,238.68
2023-01-29 07:00:00,223.58
2023-01-29 08:00:00,248.67
2023-01-29 09:00:00,281.1
2023-01-29 10:00:00,195.82
2023-01-29 11:00:00,247.37
2023-01-29 12:00:00,192.95
2023-01-29 13:00:00,248.29
2023-01-29 14:00:00,198.06
2023-01-29 15:00:00,226.31
2023-01-29 16:00:00,243.35
2023-01-29 17:00:00,212.8
2023-01-29 18:00:00,242.47
2023-01-29 19:00:00,252.9
2023-01-29 20:00:00,255.75
2023-01-29 21:00:00,213.59
2023-01-29 22:00:00,255.42
2023-01-29 23:00:00,229.41
2023-01-30 00:00:00,170.62
2023-01-30 01:00:00,182.14
2023-01-30 02:00:00,149.05
2023-01-30 03:00:00,169.15
2023-01-30 04:00:00,145.23
2023-01-30 05:00:00,137.17
2023-01-30 06:00:00,183.32
2023-01-30 07:00:00,452.24
2023-01-30 08:00:00,503.31
2023-01-30 09:00:00,820.08
2023-01-30 10:00:00,802.32
2023-01-30 11:00:00,841.52
2023-01-30 12:00:00,868.2
2023-01-30 13:00:00,852.99
2023-01-30 14:00:00,878.85
2023-01-30 15:00:00,857.75
2023-01-30 16:00:00,845.72
2023-01-30 17:00:00,800.91
2023-01-30 18:00:00,778.01
2023-01-30 19:00:00,475.01
2023-01-30 20:00:00,488.17
2023-01-30 21:00:00,175.92
2023-01-30 22:00:00,121.35
2023-01-30 23:00:00,152.85
2023-01-31 00:00:00,201.24
2023-01-31 01:00:00,165.22
2023-01-31 02:00:00,130.9
2023-01-31 03:00:00,145.64
2023-01-31 04:00:00,165.51
2023-01-31 05:00:00,177.81
2023-01-31 06:00:00,183.6
2023-01-31 07:00:00,517.06
2023-01-31 08:00:00,488.63
2023-01-31 09:00:00,815.39
2023-01-31 10:00:00,862.05
2023-01-31 11:00:00,892.82
2023-01-31 12:00:00,868.98
2023-01-31 13:00:00,883.84
2023-01-31 14:00:00,914.95
2023-01-31 15:00:00,875.34
2023-01-31 16:00:00,837.08
2023-01-31 17:00:00,838.3
2023-01-31 18:00:00,792.5
2023-01-31 19:00:00,500.12
2023-01-31 20:00:00,470.61
2023-01-31 21:00:00,201.25
2023-01-31 22:00:00,159.17
2023-01-31 23:00:00,160.47
2023-02-01 00:00:00,166.17
2023-02-01 01:00:00,131.55
2023-02-01 02:00:00,173.0
2023-02-01 03:00:00,182.21
2023-02-01 04:00:00,107.28
2023-02-01 05:00:00,156.36
2023-02-01 06:00:00,163.44
2023-02-01 07:00:00,476.47
2023-02-01 08:00:00,494.59
2023-02-01 09:00:00,792.77
2023-02-01 10:00:00,824.32
2023-02-01 11:00:00,851.51
2023-02-01 12:00:00,882.1
2023-02-01 13:00:00,859.83
2023-02-01 14:00:00,892.92
2023-02-01 15:00:00,851.79
2023-02-01 16:00:00,868.25
2023-02-01 17:00:00,821.28
2023-02-01 18:00:00,763.67
2023-02-01 19:00:00,486.81
2023-02-01 20:00:00,472.26
2023-02-01 21:00:00,175.72
2023-02-01 22:00:00,172.44
2023-02-01 23:00:00,181.44
2023-02-02 00:00:00,171.41
2023-02-02 01:00:00,179.88
2023-02-02 02:00:00,180.86
2023-02-02 03:00:00,182.26
2023-02-02 04:00:00,137.95
2023-02-02 05:00:00,175.17
2023-02-02 06:00:00,197.56
2023-02-02 07:00:00,469.81
2023-02-02 08:00:00,492.48
2023-02-02 09:00:00,832.17
2023-02-02 10:00:00,843.17
2023-02-02 11:00:00,837.94
2023-02-02 12:00:00,865.75
2023-02-02 13:00:00,906.94
2023-02-02 14:00:00,861.6
2023-02-02 15:00:00,887.67
2023-02-02 16:00:00,872.58
2023-02-02 17:00:00,839.12
2023-02-02 18:00:00,814.35
2023-02-02 19:00:00,485.47
2023-02-02 20:00:00,487.88
2023-02-02 21:00:00,163.72
2023-02-02 22:00:00,163.34
2023-02-02 23:00:00,131.06
2023-02-03 00:00:00,163.0
2023-02-03 01:00:00,176.85
2023-02-03 02:00:00,159.44
2023-02-03 03:00:00,151.43
2023-02-03 04:00:00,172.41
2023-02-03 05:00:00,134.48
2023-02-03 06:00:00,116.29
2023-02-03 07:00:00,483.89
2023-02-03 08:00:00,464.76
2023-02-03 09:00:00,772.57
2023-02-03 10:00:00,821.08
2023-02-03 11:00:00,846.14
2023-02-03 12:00:00,892.74
2023-02-03 13:00:00,881.85
2023-02-03 14:00:00,895.13
2023-02-03 15:00:00,886.14
2023-02-03 16:00:00,858.52
2023-02-03 17:00:00,836.81
2023-02-03 18:00:00,792.74
2023-02-03 19:00:00,475.66
2023-02-03 20:00:00,486.51
2023-02-03 21:00:00,165.33
2023-02-03 22:00:00,225.46
2023-02-03 23:00:00,169.58
2023-02-04 00:00:00,227.46
2023-02-04 01:00:00,218.32
2023-02-04 02:00:00,211.3
2023-02-04 03:00:00,268.97
2023-02-04 04:00:00,221.69
2023-02-04 05:00:00,256.92
2023-02-04 06:00:00,256.78
2023-02-04 07:00:00,223.76
2023-02-04 08:00:00,248.68
2023-02-04 09:00:00,260.21
2023-02-04 10:00:00,204.01
2023-02-04 11:00:00,252.61
2023-02-04 12:00:00,264.58
2023-02-04 13:00:00,237.85
2023-02-04 14:00:00,229.55
2023-02-04 15:00:00,230.9
2023-02-04 16:00:00,189.64
2023-02-04 17:00:00,223.84
2023-02-04 18:00:00,248.52
2023-02-04 19:00:00,213.31
2023-02-04 20:00:00,238.77
2023-02-04 21:00:00,258.46
2023-02-04 22:00:00,236.52
2023-02-04 23:00:00,258.01
2023-02-05 00:00:00,216.25
2023-02-05 01:00:00,233.49
2023-02-05 02:00:00,268.26
2023-02-05 03:00:00,222.53
2023-02-05 04:00:00,237.56
2023-02-05 05:00:00,315.35
2023-02-05 06:00:00,253.16
2023-02-05 07:00:00,242.89
2023-02-05 08:00:00,210.1
2023-02-05 09:00:00,230.16
2023-02-05 10:00:00,231.86
2023-02-05 11:00:00,216.23
2023-02-05 12:00:00,223.51
2023-02-05 13:00:00,249.14
2023-02-05 14:00:00,223.16
2023-02-05 15:00:00,245.49
2023-02-05 16:00:00,207.0
2023-02-05 17:00:00,213.05
2023-02-05 18:00:00,272.35
2023-02-05 19:00:00,258.11
2023-02-05 20:00:00,251.73
2023-02-05 21:00:00,252.8
2023-02-05 22:00:00,233.28
2023-02-05 23:00:00,257.96
2023-02-06 00:00:00,146.01
2023-02-06 01:00:00,176.32
2023-02-06 02:00:00,148.15
2023-02-06 03:00:00,174.13
2023-02-06 04:00:00,169.84
2023-02-06 05:00:00,168.33
2023-02-06 06:00:00,127.91
2023-02-06 07:00:00,463.8
2023-02-06 08:00:00,499.85
2023-02-06 09:00:00,795.25
2023-02-06 10:00:00,823.37
2023-02-06 11:00:00,843.61
2023-02-06 12:00:00,889.9
2023-02-06 13:00:00,882.5
2023-02-06 14:00:00,872.5
2023-02-06 15:00:00,856.2
2023-02-06 16:00:00,848.7
2023-02-06 17:00:00,820.94
2023-02-06 18:00:00,820.13
2023-02-06 19:00:00,482.9
2023-02-06 20:00:00,476.01
2023-02-06 21:00:00,85.64
2023-02-06 22:00:00,158.2
2023-02-06 23:00:00,165.22
2023-02-07 00:00:00,133.36
2023-02-07 01:00:00,183.07
2023-02-07 02:00:00,143.36
2023-02-07 03:00:00,136.68
2023-02-07 04:00:00,139.74
2023-02-07 05:00:00,143.5
2023-02-07 06:00:00,155.24
2023-02-07 07:00:00,470.57
2023-02-07 08:00:00,477.1
2023-02-07 09:00:00,790.28
2023-02-07 10:00:00,816.04
2023-02-07 11:00:00,806.39
2023-02-07 12:00:00,875.09
2023-02-07 13:00:00,885.84
2023-02-07 14:00:00,902.66
2023-02-07 15:00:00,849.34
2023-02-07 16:00:00,864.67
2023-02-07 17:00:00,828.78
2023-02-07 18:00:00,825.7
2023-02-07 19:00:00,496.51
2023-02-07 20:00:00,504.98
2023-02-07 21:00:00,163.89
2023-02-07 22:00:00,160.62
2023-02-07 23:00:00,172.59
2023-02-08 00:00:00,187.38
2023-02-08 01:00:00,160.21
2023-02-08 02:00:00,147.41
2023-02-08 03:00:00,167.98
2023-02-08 04:00:00,166.17
2023-02-08 05:00:00,138.49
2023-02-08 06:00:00,140.45
2023-02-08 07:00:00,471.68
2023-02-08 08:00:00,472.09
2023-02-08 09:00:00,809.7
2023-02-08 10:00:00,838.52
2023-02-08 11:00:00,835.88
2023-02-08 12:00:00,848.64
2023-02-08 13:00:00,853.64
2023-02-08 14:00:00,860.97
2023-02-08 15:00:00,871.56
2023-02-08 16:00:00,866.5
2023-02-08 17:00:00,831.07
2023-02-08 18:00:00,806.27
2023-02-08 19:00:00,454.44
2023-02-08 20:00:00,496.94
2023-02-08 21:00:00,166.34
2023-02-08 22:00:00,166.04
2023-02-08 23:00:00,158.46
2023-02-09 00:00:00,166.82
2023-02-09 01:00:00,160.21
2023-02-09 02:00:00,156.99
2023-02-09 03:00:00,185.61
2023-02-09 04:00:00,150.42
2023-02-09 05:00:00,164.22
2023-02-09 06:00:00,144.98
2023-02-09 07:00:00,490.4
2023-02-09 08:00:00,470.39
2023-02-09 09:00:00,807.21
2023-02-09 10:00:00,829.63
2023-02-09 11:00:00,834.2
2023-02-09 12:00:00,918.43
2023-02-09 13:00:00,869.75
2023-02-09 14:00:00,889.74
2023-02-09 15:00:00,881.71
2023-02-09 16:00:00,827.01
2023-02-09 17:00:00,833.38
2023-02-09 18:00:00,788.43
2023-02-09 19:00:00,463.85
2023-02-09 20:00:00,470.85
2023-02-09 21:00:00,233.39
2023-02-09 22:00:00,170.66
2023-02-09 23:00:00,146.41
2023-02-10 00:00:00,159.33
2023-02-10 01:00:00,177.11
2023-02-10 02:00:00,186.51
2023-02-10 03:00:00,168.3
2023-02-10 04:00:00,150.78
2023-02-10 05:00:00,171.83
2023-02-10 06:00:00,141.79
2023-02-10 07:00:00,458.76
2023-02-10 08:00:00,512.16
2023-02-10 09:00:00,779.51
2023-02-10 10:00:00,834.24
2023-02-10 11:00:00,892.54
2023-02-10 12:00:00,888.47
2023-02-10 13:00:00,842.32
2023-02-10 14:00:00,895.81
2023-02-10 15:00:00,846.84
2023-02-10 16:00:00,836.2
2023-02-10 17:00:00,846.77
2023-02-10 18:00:00,822.86
2023-02-10 19:00:00,499.41
2023-02-10 20:00:00,530.08
2023-02-10 21:00:00,188.66
2023-02-10 22:00:00,176.8
2023-02-10 23:00:00,160.98
2023-02-11 00:00:00,256.18
2023-02-11 01:00:00,283.51
2023-02-11 02:00:00,250.6
2023-02-11 03:00:00,237.06
2023-02-11 04:00:00,216.88
2023-02-11 05:00:00,236.2
2023-02-11 06:00:00,266.92
2023-02-11 07:00:00,266.06
2023-02-11 08:00:00,258.29
2023-02-11 09:00:00,226.89
2023-02-11 10:00:00,248.63
2023-02-11 11:00:00,230.02
2023-02-11 12:00:00,208.07
2023-02-11 13:00:00,250.77
2023-02-11 14:00:00,204.41
2023-02-11 15:00:00,235.66
2023-02-11 16:00:00,248.58
2023-02-11 17:00:00,234.89
2023-02-11 18:00:00,243.15
2023-02-11 19:00:00,262.13
2023-02-11 20:00:00,230.77
2023-02-11 21:00:00,223.87
2023-02-11 22:00:00,283.77
2023-02-11 23:00:00,217.2
2023-02-12 00:00:00,268.94
2023-02-12 01:00:00,188.19
2023-02-12 02:00:00,263.98
2023-02-12 03:00:00,232.97
2023-02-12 04:00:00,245.42
2023-02-12 05:00:00,229.31
2023-02-12 06:00:00,227.09
2023-02-12 07:00:00,242.37
2023-02-12 08:00:00,246.32
2023-02-12 09:00:00,221.75
2023-02-12 10:00:00,250.93
2023-02-12 11:00:00,244.76
2023-02-12 12:00:00,261.34
2023-02-12 13:00:00,220.63
2023-02-12 14:00:00,214.93
2023-02-12 15:00:00,262.43
2023-02-12 16:00:00,203.47
2023-02-12 17:00:00,266.42
2023-02-12 18:00:00,247.12
2023-02-12 19:00:00,235.27
2023-02-12 20:00:00,249.86
2023-02-12 21:00:00,262.28
2023-02-12 22:00:00,244.61
2023-02-12 23:00:00,265.19
2023-02-13 00:00:00,181.77
2023-02-13 01:00:00,177.42
2023-02-13 02:00:00,136.88
2023-02-13 03:00:00,127.84
2023-02-13 04:00:00,120.14
2023-02-13 05:00:00,137.46
2023-02-13 06:00:00,180.24
2023-02-13 07:00:00,504.51
2023-02-13 08:00:00,477.87
2023-02-13 09:00:00,806.0
2023-02-13 10:00:00,796.91
2023-02-13 11:00:00,854.02
2023-02-13 12:00:00,850.22
2023-02-13 13:00:00,879.06
2023-02-13 14:00:00,891.04
2023-02-13 15:00:00,839.49
2023-02-13 16:00:00,853.24
2023-02-13 17:00:00,852.1
2023-02-13 18:00:00,793.16
2023-02-13 19:00:00,454.54
2023-02-13 20:00:00,496.44
2023-02-13 21:00:00,172.58
2023-02-13 22:00:00,151.0
2023-02-13 23:00:00,142.26
2023-02-14 00:00:00,161.55
2023-02-14 01:00:00,206.21
2023-02-14 02:00:00,151.4
2023-02-14 03:00:00,148.1
2023-02-14 04:00:00,163.77
2023-02-14 05:00:00,153.41
2023-02-14 06:00:00,170.79
2023-02-14 07:00:00,447.31
2023-02-14 08:00:00,504.14
2023-02-14 09:00:00,806.12
2023-02-14 10:00:00,860.03
2023-02-14 11:00:00,859.95
2023-02-14 12:00:00,876.69
2023-02-14 13:00:00,867.44
2023-02-14 14:00:00,858.32
2023-02-14 15:00:00,875.8
2023-02-14 16:00:00,850.47
2023-02-14 17:00:00,818.0
2023-02-14 18:00:00,812.82
2023-02-14 19:00:00,454.23
2023-02-14 20:00:00,464.91
2023-02-14 21:00:00,148.27
2023-02-14 22:00:00,133.98
2023-02-14 23:00:00,144.96
2023-02-15 00:00:00,126.63
2023-02-15 01:00:00,160.09
2023-02-15 02:00:00,197.73
2023-02-15 03:00:00,166.56
2023-02-15 04:00:00,159.49
2023-02-15 05:00:00,152.95
2023-02-15 06:00:00,183.43
2023-02-15 07:00:00,479.82
2023-02-15 08:00:00,493.1
2023-02-15 09:00:00,786.27
2023-02-15 10:00:00,871.63
2023-02-15 11:00:00,851.96
2023-02-15 12:00:00,848.64
2023-02-15 13:00:00,899.11
2023-02-15 14:00:00,902.66
2023-02-15 15:00:00,885.65
2023-02-15 16:00:00,836.89
2023-02-15 17:00:00,806.93
2023-02-15 18:00:00,802.08
2023-02-15 19:00:00,454.47
2023-02-15 20:00:00,484.26
2023-02-15 21:00:00,149.05
2023-02-15 22:00:00,178.9
2023-02-15 23:00:00,147.53
2023-02-16 00:00:00,187.81
2023-02-16 01:00:00,156.46
2023-02-16 02:00:00,101.96
2023-02-16 03:00:00,143.67
2023-02-16 04:00:00,142.33
2023-02-16 05:00:00,162.16
2023-02-16 06:00:00,147.14
2023-02-16 07:00:00,516.99
2023-02-16 08:00:00,504.82
2023-02-16 09:00:00,775.53
2023-02-16 10:00:00,810.73
2023-02-16 11:00:00,866.73
2023-02-16 12:00:00,820.76
2023-02-16 13:00:00,907.97
2023-02-16 14:00:00,876.38
2023-02-16 15:00:00,885.51
2023-02-16 16:00:00,867.67
2023-02-16 17:00:00,848.61
2023-02-16 18:00:00,788.71
2023-02-16 19:00:00,494.75
2023-02-16 20:00:00,490.31
2023-02-16 21:00:00,140.44
2023-02-16 22:00:00,172.42
2023-02-16 23:00:00,109.3
2023-02-17 00:00:00,204.81
2023-02-17 01:00:00,166.33
2023-02-17 02:00:00,168.18
2023-02-17 03:00:00,164.18
2023-02-17 04:00:00,175.44
2023-02-17 05:00:00,196.7
2023-02-17 06:00:00,180.27
2023-02-17 07:00:00,503.68
2023-02-17 08:00:00,473.81
2023-02-17 09:00:00,842.85
2023-02-17 10:00:00,835.62
2023-02-17 11:00:00,839.65
2023-02-17 12:00:00,865.15
2023-02-17 13:00:00,831.82
2023-02-17 14:00:00,897.1
2023-02-17 15:00:00,891.31
2023-02-17 16:00:00,814.12
2023-02-17 17:00:00,858.59
2023-02-17 18:00:00,802.5
2023-02-17 19:00:00,495.73
2023-02-17 20:00:00,492.29
2023-02-17 21:00:00,167.98
2023-02-17 22:00:00,162.59
2023-02-17 23:00:00,129.05
2023-02-18 00:00:00,230.11
2023-02-18 01:00:00,268.3
2023-02-18 02:00:00,203.62
2023-02-18 03:00:00,253.33
2023-02-18 04:00:00,259.26
2023-02-18 05:00:00,213.5
2023-02-18 06:00:00,269.85
2023-02-18 07:00:00,260.12
2023-02-18 08:00:00,269.37
2023-02-18 09:00:00,255.19
2023-02-18 10:00:00,244.87
2023-02-18 11:00:00,231.9
2023-02-18 12:00:00,281.91
2023-02-18 13:00:00,258.15
2023-02-18 14:00:00,256.33
2023-02-18 15:00:00,248.11
2023-02-18 16:00:00,229.35
2023-02-18 17:00:00,219.07
2023-02-18 18:00:00,204.97
2023-02-18 19:00:00,225.64
2023-02-18 20:00:00,241.49
2023-02-18 21:00:00,258.69
2023-02-18 22:00:00,233.97
2023-02-18 23:00:00,232.88
2023-02-19 00:00:00,217.81
2023-02-19 01:00:00,253.93
2023-02-19 02:00:00,247.77
2023-02-19 03:00:00,216.84
2023-02-19 04:00:00,242.33
2023-02-19 05:00:00,249.98
2023-02-19 06:00:00,240.73
2023-02-19 07:00:00,235.98
2023-02-19 08:00:00,225.1
2023-02-19 09:00:00,246.82
2023-02-19 10:00:00,224.85
2023-02-19 11:00:00,251.32
2023-02-19 12:00:00,240.35
2023-02-19 13:00:00,228.84
2023-02-19 14:00:00,177.14
2023-02-19 15:00:00,293.75
2023-02-19 16:00:00,234.1
2023-02-19 17:00:00,216.7
2023-02-19 18:00:00,221.23
2023-02-19 19:00:00,226.64
2023-02-19 20:00:00,249.21
2023-02-19 21:00:00,258.96
2023-02-19 22:00:00,240.26
2023-02-19 23:00:00,258.23
2023-02-20 00:00:00,179.16
2023-02-20 01:00:00,163.4
2023-02-20 02:00:00,152.6
2023-02-20 03:00:00,147.38
2023-02-20 04:00:00,152.3
2023-02-20 05:00:00,166.34
2023-02-20 06:00:00,180.94
2023-02-20 07:00:00,511.67
2023-02-20 08:00:00,445.77
2023-02-20 09:00:00,803.71
2023-02-20 10:00:00,812.56
2023-02-20 11:00:00,868.12
2023-02-20 12:00:00,848.93
2023-02-20 13:00:00,898.88
2023-02-20 14:00:00,906.85
2023-02-20 15:00:00,817.97
2023-02-20 16:00:00,881.91
2023-02-20 17:00:00,824.97
2023-02-20 18:00:00,787.57
2023-02-20 19:00:00,475.01
2023-02-20 20:00:00,478.55
2023-02-20 21:00:00,166.29
2023-02-20 22:00:00,175.71
2023-02-20 23:00:00,162.19
2023-02-21 00:00:00,156.32
2023-02-21 01:00:00,146.87
2023-02-21 02:00:00,177.93
2023-02-21 03:00:00,150.79
2023-02-21 04:00:00,151.52
2023-02-21 05:00:00,155.84
2023-02-21 06:00:00,122.81
2023-02-21 07:00:00,521.39
2023-02-21 08:00:00,474.78
2023-02-21 09:00:00,797.78
2023-02-21 10:00:00,811.78
2023-02-21 11:00:00,843.55
2023-02-21 12:00:00,873.74
2023-02-21 13:00:00,849.82
2023-02-21 14:00:00,869.95
2023-02-21 15:00:00,850.97
2023-02-21 16:00:00,871.2
2023-02-21 17:00:00,854.19
2023-02-21 18:00:00,806.46
2023-02-21 19:00:00,474.08
2023-02-21 20:00:00,473.79
2023-02-21 21:00:00,207.27
2023-02-21 22:00:00,183.89
2023-02-21 23:00:00,184.79
2023-02-22 00:00:00,146.41
2023-02-22 01:00:00,159.96
2023-02-22 02:00:00,159.18
2023-02-22 03:00:00,130.24
2023-02-22 04:00:00,164.34
2023-02-22 05:00:00,195.46
2023-02-22 06:00:00,173.8
2023-02-22 07:00:00,476.46
2023-02-22 08:00:00,497.52
2023-02-22 09:00:00,836.9
2023-02-22 10:00:00,811.95
2023-02-22 11:00:00,851.07
2023-02-22 12:00:00,830.32
2023-02-22 13:00:00,865.75
2023-02-22 14:00:00,903.64
2023-02-22 15:00:00,891.87
2023-02-22 16:00:00,881.39
2023-02-22 17:00:00,853.79
2023-02-22 18:00:00,821.05
2023-02-22 19:00:00,468.58
2023-02-22 20:00:00,444.38
2023-02-22 21:00:00,167.83
2023-02-22 22:00:00,156.26
2023-02-22 23:00:00,194.4
2023-02-23 00:00:00,119.03
2023-02-23 01:00:00,165.39
2023-02-23 02:00:00,156.63
2023-02-23 03:00:00,149.16
2023-02-23 04:00:00,132.68
2023-02-23 05:00:00,179.38
2023-02-23 06:00:00,150.02
2023-02-23 07:00:00,477.83
2023-02-23 08:00:00,433.95
2023-02-23 09:00:00,823.5
2023-02-23 10:00:00,831.47
2023-02-23 11:00:00,859.95
2023-02-23 12:00:00,856.51
2023-02-23 13:00:00,880.37
2023-02-23 14:00:00,875.19
2023-02-23 15:00:00,912.29
2023-02-23 16:00:00,885.11
2023-02-23 17:00:00,856.37
2023-02-23 18:00:00,798.09
2023-02-23 19:00:00,479.66
2023-02-23 20:00:00,470.5
2023-02-23 21:00:00,156.44
2023-02-23 22:00:00,171.08
2023-02-23 23:00:00,153.45
2023-02-24 00:00:00,159.52
2023-02-24 01:00:00,191.14
2023-02-24 02:00:00,147.97
2023-02-24 03:00:00,143.76
2023-02-24 04:00:00,118.43
2023-02-24 05:00:00,177.25
2023-02-24 06:00:00,191.86
2023-02-24 07:00:00,511.2
2023-02-24 08:00:00,484.92
2023-02-24 09:00:00,788.5
2023-02-24 10:00:00,866.18
2023-02-24 11:00:00,848.25
2023-02-24 12:00:00,872.97
2023-02-24 13:00:00,854.71
2023-02-24 14:00:00,865.08
2023-02-24 15:00:00,871.38
2023-02-24 16:00:00,836.0
2023-02-24 17:00:00,794.32
2023-02-24 18:00:00,775.1
2023-02-24 19:00:00,461.01
2023-02-24 20:00:00,480.7
2023-02-24 21:00:00,175.53
2023-02-24 22:00:00,163.97
2023-02-24 23:00:00,171.4
2023-02-25 00:00:00,248.1
2023-02-25 01:00:00,234.9
2023-02-25 02:00:00,230.63
2023-02-25 03:00:00,246.53
2023-02-25 04:00:00,239.55
2023-02-25 05:00:00,226.52
2023-02-25 06:00:00,255.68
2023-02-25 07:00:00,279.66
2023-02-25 08:00:00,223.23
2023-02-25 09:00:00,249.88
2023-02-25 10:00:00,239.06
2023-02-25 11:00:00,225.37
2023-02-25 12:00:00,214.95
2023-02-25 13:00:00,261.69
2023-02-25 14:00:00,241.66
2023-02-25 15:00:00,205.68
2023-02-25 16:00:00,302.09
2023-02-25 17:00:00,216.02
2023-02-25 18:00:00,244.7
2023-02-25 19:00:00,217.49
2023-02-25 20:00:00,253.05
2023-02-25 21:00:00,245.81
2023-02-25 22:00:00,236.6
2023-02-25 23:00:00,253.17
2023-02-26 00:00:00,244.04
2023-02-26 01:00:00,242.59
2023-02-26 02:00:00,238.06
2023-02-26 03:00:00,243.14
2023-02-26 04:00:00,251.64
2023-02-26 05:00:00,296.01
2023-02-26 06:00:00,243.07
2023-02-26 07:00:00,237.18
2023-02-26 08:00:00,266.39
2023-02-26 09:00:00,255.58
2023-02-26 10:00:00,244.74
2023-02-26 11:00:00,240.95
2023-02-26 12:00:00,249.84
2023-02-26 13:00:00,232.51
2023-02-26 14:00:00,224.31
2023-02-26 15:00:00,232.58
2023-02-26 16:00:00,227.17
2023-02-26 17:00:00,219.61
2023-02-26 18:00:00,248.47
2023-02-26 19:00:00,219.02
2023-02-26 20:00:00,221.02
2023-02-26 21:00:00,227.11
2023-02-26 22:00:00,277.24
2023-02-26 23:00:00,242.14
2023-02-27 00:00:00,140.26
2023-02-27 01:00:00,155.75
2023-02-27 02:00:00,147.01
2023-02-27 03:00:00,164.34
2023-02-27 04:00:00,146.16
2023-02-27 05:00:00,160.78
2023-02-27 06:00:00,180.48
2023-02-27 07:00:00,517.32
2023-02-27 08:00:00,483.76
2023-02-27 09:00:00,831.66
2023-02-27 10:00:00,792.09
2023-02-27 11:00:00,870.52
2023-02-27 12:00:00,857.26
2023-02-27 13:00:00,889.52
2023-02-27 14:00:00,896.01
2023-02-27 15:00:00,853.21
2023-02-27 16:00:00,863.2
2023-02-27 17:00:00,824.85
2023-02-27 18:00:00,761.52
2023-02-27 19:00:00,470.96
2023-02-27 20:00:00,464.75
2023-02-27 21:00:00,124.75
2023-02-27 22:00:00,151.12
2023-02-27 23:00:00,152.25
2023-02-28 00:00:00,150.78
2023-02-28 01:00:00,178.3
2023-02-28 02:00:00,182.82
2023-02-28 03:00:00,156.31
2023-02-28 04:00:00,168.81
2023-02-28 05:00:00,164.17
2023-02-28 06:00:00,191.23
2023-02-28 07:00:00,480.48
2023-02-28 08:00:00,479.9
2023-02-28 09:00:00,793.85
2023-02-28 10:00:00,851.33
2023-02-28 11:00:00,829.48
2023-02-28 12:00:00,856.3
2023-02-28 13:00:00,859.18
2023-02-28 14:00:00,904.75
2023-02-28 15:00:00,906.91
2023-02-28 16:00:00,862.55
2023-02-28 17:00:00,817.47
2023-02-28 18:00:00,809.8
2023-02-28 19:00:00,454.66
2023-02-28 20:00:00,495.37
2023-02-28 21:00:00,205.02
2023-02-28 22:00:00,170.79
2023-02-28 23:00:00,166.68
2023-03-01 00:00:00,134.3
2023-03-01 01:00:00,184.98
2023-03-01 02:00:00,171.29
2023-03-01 03:00:00,164.49
2023-03-01 04:00:00,143.29
2023-03-01 05:00:00,165.79
2023-03-01 06:00:00,129.12
2023-03-01 07:00:00,504.44
2023-03-01 08:00:00,483.65
2023-03-01 09:00:00,795.86
2023-03-01 10:00:00,822.11
2023-03-01 11:00:00,858.4
2023-03-01 12:00:00,828.75
2023-03-01 13:00:00,887.41
2023-03-01 14:00:00,845.74
2023-03-01 15:00:00,871.74
2023-03-01 16:00:00,855.12
2023-03-01 17:00:00,809.49
2023-03-01 18:00:00,797.98
2023-03-01 19:00:00,461.5
2023-03-01 20:00:00,497.38
2023-03-01 21:00:00,154.34
2023-03-01 22:00:00,134.03
2023-03-01 23:00:00,143.78
2023-03-02 00:00:00,155.4
2023-03-02 01:00:00,160.92
2023-03-02 02:00:00,161.29
2023-03-02 03:00:00,178.6
2023-03-02 04:00:00,200.41
2023-03-02 05:00:00,160.81
2023-03-02 06:00:00,145.93
2023-03-02 07:00:00,513.41
2023-03-02 08:00:00,513.92
2023-03-02 09:00:00,783.55
2023-03-02 10:00:00,873.53
2023-03-02 11:00:00,845.93
2023-03-02 12:00:00,886.43
2023-03-02 13:00:00,839.47
2023-03-02 14:00:00,872.6
2023-03-02 15:00:00,892.49
2023-03-02 16:00:00,822.3
2023-03-02 17:00:00,813.39
2023-03-02 18:00:00,819.07
2023-03-02 19:00:00,483.5
2023-03-02 20:00:00,478.85
2023-03-02 21:00:00,151.61
2023-03-02 22:00:00,156.74
2023-03-02 23:00:00,193.85
2023-03-03 00:00:00,157.16
2023-03-03 01:00:00,167.25
2023-03-03 02:00:00,174.76
2023-03-03 03:00:00,183.72
2023-03-03 04:00:00,142.49
2023-03-03 05:00:00,159.59
2023-03-03 06:00:00,130.04
2023-03-03 07:00:00,495.7
2023-03-03 08:00:00,443.4
2023-03-03 09:00:00,759.68
2023-03-03 10:00:00,819.87
2023-03-03 11:00:00,853.86
2023-03-03 12:00:00,860.96
2023-03-03 13:00:00,881.3
2023-03-03 14:00:00,884.22
2023-03-03 15:00:00,835.56
2023-03-03 16:00:00,878.01
2023-03-03 17:00:00,837.68
2023-03-03 18:00:00,810.84
2023-03-03 19:00:00,499.73
2023-03-03 20:00:00,509.56
2023-03-03 21:00:00,131.81
2023-03-03 22:00:00,157.06
2023-03-03 23:00:00,153.9
2023-03-04 00:00:00,221.69
2023-03-04 01:00:00,268.59
2023-03-04 02:00:00,292.89
2023-03-04 03:00:00,252.74
2023-03-04 04:00:00,234.35
2023-03-04 05:00:00,242.58
2023-03-04 06:00:00,257.49
2023-03-04 07:00:00,243.13
2023-03-04 08:00:00,197.33
2023-03-04 09:00:00,251.55
2023-03-04 10:00:00,237.6
2023-03-04 11:00:00,262.65
2023-03-04 12:00:00,262.47
2023-03-04 13:00:00,226.32
2023-03-04 14:00:00,276.41
2023-03-04 15:00:00,215.96
2023-03-04 16:00:00,233.3
2023-03-04 17:00:00,201.72
2023-03-04 18:00:00,189.26
2023-03-04 19:00:00,241.38
2023-03-04 20:00:00,271.32
2023-03-04 21:00:00,208.6
2023-03-04 22:00:00,237.22
2023-03-04 23:00:00,257.25
2023-03-05 00:00:00,208.43
2023-03-05 01:00:00,214.52
2023-03-05 02:00:00,260.35
2023-03-05 03:00:00,229.41
2023-03-05 04:00:00,229.71
2023-03-05 05:00:00,219.48
2023-03-05 06:00:00,238.88
2023-03-05 07:00:00,241.15
2023-03-05 08:00:00,227.92
2023-03-05 09:00:00,270.38
2023-03-05 10:00:00,237.77
2023-03-05 11:00:00,224.33
2023-03-05 12:00:00,260.31
2023-03-05 13:00:00,241.83
2023-03-05 14:00:00,248.7
2023-03-05 15:00:00,232.61
2023-03-05 16:00:00,244.66
2023-03-05 17:00:00,255.32
2023-03-05 18:00:00,203.3
2023-03-05 19:00:00,237.57
2023-03-05 20:00:00,226.54
2023-03-05 21:00:00,201.01
2023-03-05 22:00:00,273.76
2023-03-05 23:00:00,236.86
2023-03-06 00:00:00,189.09
2023-03-06 01:00:00,149.93
2023-03-06 02:00:00,175.27
2023-03-06 03:00:00,154.31
2023-03-06 04:00:00,150.9
2023-03-06 05:00:00,123.4
2023-03-06 06:00:00,170.34
2023-03-06 07:00:00,488.77
2023-03-06 08:00:00,468.89
2023-03-06 09:00:00,799.8
2023-03-06 10:00:00,848.56
2023-03-06 11:00:00,850.88
2023-03-06 12:00:00,887.95
2023-03-06 13:00:00,834.54
2023-03-06 14:00:00,877.41
2023-03-06 15:00:00,868.69
2023-03-06 16:00:00,844.73
2023-03-06 17:00:00,831.38
2023-03-06 18:00:00,788.08
2023-03-06 19:00:00,483.62
2023-03-06 20:00:00,487.23
2023-03-06 21:00:00,175.18
2023-03-06 22:00:00,192.37
2023-03-06 23:00:00,145.95
2023-03-07 00:00:00,189.05
2023-03-07 01:00:00,125.72
2023-03-07 02:00:00,141.13
2023-03-07 03:00:00,173.0
2023-03-07 04:00:00,204.07
2023-03-07 05:00:00,150.95
2023-03-07 06:00:00,152.86
2023-03-07 07:00:00,488.62
2023-03-07 08:00:00,489.09
2023-03-07 09:00:00,795.12
2023-03-07 10:00:00,821.97
2023-03-07 11:00:00,827.29
2023-03-07 12:00:00,881.64
2023-03-07 13:00:00,884.28
2023-03-07 14:00:00,853.66
2023-03-07 15:00:00,865.72
2023-03-07 16:00:00,873.67
2023-03-07 17:00:00,855.77
2023-03-07 18:00:00,830.16
2023-03-07 19:00:00,491.6
2023-03-07 20:00:00,499.35
2023-03-07 21:00:00,160.55
2023-03-07 22:00:00,143.99
2023-03-07 23:00:00,178.97
2023-03-08 00:00:00,129.73
2023-03-08 01:00:00,159.37
2023-03-08 02:00:00,162.74
2023-03-08 03:00:00,165.76
2023-03-08 04:00:00,148.02
2023-03-08 05:00:00,158.55
2023-03-08 06:00:00,190.65
2023-03-08 07:00:00,507.55
2023-03-08 08:00:00,496.51
2023-03-08 09:00:00,792.5
2023-03-08 10:00:00,844.78
2023-03-08 11:00:00,862.57
2023-03-08 12:00:00,893.62
2023-03-08 13:00:00,849.29
2023-03-08 14:00:00,859.84
2023-03-08 15:00:00,878.66
2023-03-08 16:00:00,843.72
2023-03-08 17:00:00,801.49
2023-03-08 18:00:00,815.09
2023-03-08 19:00:00,487.37
2023-03-08 20:00:00,440.19
2023-03-08 21:00:00,179.58
2023-03-08 22:00:00,172.87
2023-03-08 23:00:00,156.02
2023-03-09 00:00:00,159.43
2023-03-09 01:00:00,185.47
2023-03-09 02:00:00,149.58
2023-03-09 03:00:00,160.82
2023-03-09 04:00:00,177.41
2023-03-09 05:00:00,169.68
2023-03-09 06:00:00,178.04
2023-03-09 07:00:00,507.63
2023-03-09 08:00:00,467.54
2023-03-09 09:00:00,814.58
2023-03-09 10:00:00,833.21
2023-03-09 11:00:00,867.19
2023-03-09 12:00:00,887.46
2023-03-09 13:00:00,853.57
2023-03-09 14:00:00,855.17
2023-03-09 15:00:00,895.41
2023-03-09 16:00:00,854.46
2023-03-09 17:00:00,830.23
2023-03-09 18:00:00,798.91
2023-03-09 19:00:00,495.33
2023-03-09 20:00:00,486.5
2023-03-09 21:00:00,153.35
2023-03-09 22:00:00,209.5
2023-03-09 23:00:00,152.45
2023-03-10 00:00:00,182.29
2023-03-10 01:00:00,166.22
2023-03-10 02:00:00,164.84
2023-03-10 03:00:00,187.12
2023-03-10 04:00:00,151.33
2023-03-10 05:00:00,176.05
2023-03-10 06:00:00,189.86
2023-03-10 07:00:00,478.2
2023-03-10 08:00:00,457.3
2023-03-10 09:00:00,792.39
2023-03-10 10:00:00,833.0
2023-03-10 11:00:00,846.21
2023-03-10 12:00:00,882.71
2023-03-10 13:00:00,850.11
2023-03-10 14:00:00,847.94
2023-03-10 15:00:00,850.68
2023-03-10 16:00:00,858.85
2023-03-10 17:00:00,830.7
2023-03-10 18:00:00,796.53
2023-03-10 19:00:00,459.6
2023-03-10 20:00:00,466.38
2023-03-10 21:00:00,165.73
2023-03-10 22:00:00,169.74
2023-03-10 23:00:00,160.81
2023-03-11 00:00:00,251.14
2023-03-11 01:00:00,211.69
2023-03-11 02:00:00,254.19
2023-03-11 03:00:00,217.26
2023-03-11 04:00:00,243.61
2023-03-11 05:00:00,200.35
2023-03-11 06:00:00,251.92
2023-03-11 07:00:00,216.23
2023-03-11 08:00:00,266.64
2023-03-11 09:00:00,231.62
2023-03-11 10:00:00,262.47
2023-03-11 11:00:00,267.2
2023-03-11 12:00:00,201.5
2023-03-11 13:00:00,254.7
2023-03-11 14:00:00,217.72
2023-03-11 15:00:00,235.25
2023-03-11 16:00:00,208.7
2023-03-11 17:00:00,265.79
2023-03-11 18:00:00,280.49
2023-03-11 19:00:00,255.0
2023-03-11 20:00:00,236.05
2023-03-11 21:00:00,240.57
2023-03-11 22:00:00,233.67
2023-03-11 23:00:00,210.93
2023-03-12 00:00:00,227.65
2023-03-12 01:00:00,259.36
2023-03-12 02:00:00,233.31
2023-03-12 03:00:00,233.11
2023-03-12 04:00:00,212.36
2023-03-12 05:00:00,246.67
2023-03-12 06:00:00,251.73
2023-03-12 07:00:00,185.07
2023-03-12 08:00:00,245.76
2023-03-12 09:00:00,239.61
2023-03-12 10:00:00,241.73
2023-03-12 11:00:00,229.49
2023-03-12 12:00:00,231.12
2023-03-12 13:00:00,225.76
2023-03-12 14:00:00,223.27
2023-03-12 15:00:00,240.87
2023-03-12 16:00:00,214.45
2023-03-12 17:00:00,224.43
2023-03-12 18:00:00,263.64
2023-03-12 19:00:00,240.71
2023-03-12 20:00:00,231.81
2023-03-12 21:00:00,275.02
2023-03-12 22:00:00,240.86
2023-03-12 23:00:00,221.76
2023-03-13 00:00:00,156.79
2023-03-13 01:00:00,166.5
2023-03-13 02:00:00,158.67
2023-03-13 03:00:00,163.13
2023-03-13 04:00:00,144.11
2023-03-13 05:00:00,177.91
2023-03-13 06:00:00,124.16
2023-03-13 07:00:00,468.82
2023-03-13 08:00:00,462.22
2023-03-13 09:00:00,811.04
2023-03-13 10:00:00,854.1
2023-03-13 11:00:00,873.46
2023-03-13 12:00:00,865.72
2023-03-13 13:00:00,909.69
2023-03-13 14:00:00,876.7
2023-03-13 15:00:00,863.03
2023-03-13 16:00:00,856.13
2023-03-13 17:00:00,843.14
2023-03-13 18:00:00,786.53
2023-03-13 19:00:00,493.16
2023-03-13 20:00:00,468.72
2023-03-13 21:00:00,145.9
2023-03-13 22:00:00,160.18
2023-03-13 23:00:00,121.93
2023-03-14 00:00:00,130.06
2023-03-14 01:00:00,127.9
2023-03-14 02:00:00,123.03
2023-03-14 03:00:00,185.45
2023-03-14 04:00:00,176.0
2023-03-14 05:00:00,170.86
2023-03-14 06:00:00,159.75
2023-03-14 07:00:00,487.28
2023-03-14 08:00:00,490.23
2023-03-14 09:00:00,783.62
2023-03-14 10:00:00,831.77
2023-03-14 11:00:00,806.45
2023-03-14 12:00:00,894.17
2023-03-14 13:00:00,880.35
2023-03-14 14:00:00,871.93
2023-03-14 15:00:00,855.16
2023-03-14 16:00:00,801.42
2023-03-14 17:00:00,817.33
2023-03-14 18:00:00,811.82
2023-03-14 19:00:00,486.01
2023-03-14 20:00:00,450.32
2023-03-14 21:00:00,169.02
2023-03-14 22:00:00,187.81
2023-03-14 23:00:00,176.66
2023-03-15 00:00:00,186.26
2023-03-15 01:00:00,174.47
2023-03-15 02:00:00,179.23
2023-03-15 03:00:00,135.83
2023-03-15 04:00:00,146.12
2023-03-15 05:00:00,121.09
2023-03-15 06:00:00,177.08
2023-03-15 07:00:00,485.75
2023-03-15 08:00:00,485.55
2023-03-15 09:00:00,789.11
2023-03-15 10:00:00,835.74
2023-03-15 11:00:00,833.01
2023-03-15 12:00:00,860.03
2023-03-15 13:00:00,846.21
2023-03-15 14:00:00,875.14
2023-03-15 15:00:00,847.68
2023-03-15 16:00:00,858.43
2023-03-15 17:00:00,851.41
2023-03-15 18:00:00,770.71
2023-03-15 19:00:00,464.53
2023-03-15 20:00:00,484.01
2023-03-15 21:00:00,148.28
2023-03-15 22:00:00,166.4
2023-03-15 23:00:00,161.62
2023-03-16 00:00:00,136.82
2023-03-16 01:00:00,171.71
2023-03-16 02:00:00,133.76
2023-03-16 03:00:00,214.39
2023-03-16 04:00:00,167.56
2023-03-16 05:00:00,160.29
2023-03-16 06:00:00,152.76
2023-03-16 07:00:00,486.57
2023-03-16 08:00:00,494.75
2023-03-16 09:00:00,807.84
2023-03-16 10:00:00,782.29
2023-03-16 11:00:00,828.7
2023-03-16 12:00:00,869.71
2023-03-16 13:00:00,875.23
2023-03-16 14:00:00,880.88
2023-03-16 15:00:00,844.65
2023-03-16 16:00:00,815.48
2023-03-16 17:00:00,836.96
2023-03-16 18:00:00,817.53
2023-03-16 19:00:00,441.13
2023-03-16 20:00:00,499.32
2023-03-16 21:00:00,174.53
2023-03-16 22:00:00,159.02
2023-03-16 23:00:00,167.44
2023-03-17 00:00:00,142.93
2023-03-17 01:00:00,158.24
2023-03-17 02:00:00,151.99
2023-03-17 03:00:00,116.94
2023-03-17 04:00:00,132.97
2023-03-17 05:00:00,156.21
2023-03-17 06:00:00,167.2
2023-03-17 07:00:00,494.07
2023-03-17 08:00:00,473.68
2023-03-17 09:00:00,798.55
2023-03-17 10:00:00,791.61
2023-03-17 11:00:00,833.7
2023-03-17 12:00:00,821.31
2023-03-17 13:00:00,915.29
2023-03-17 14:00:00,838.32
2023-03-17 15:00:00,859.62
2023-03-17 16:00:00,864.16
2023-03-17 17:00:00,852.11
2023-03-17 18:00:00,771.91
2023-03-17 19:00:00,468.95
2023-03-17 20:00:00,475.23
2023-03-17 21:00:00,164.81
2023-03-17 22:00:00,141.82
2023-03-17 23:00:00,152.23
2023-03-18 00:00:00,243.22
2023-03-18 01:00:00,206.37
2023-03-18 02:00:00,275.72
2023-03-18 03:00:00,262.31
2023-03-18 04:00:00,206.0
2023-03-18 05:00:00,232.51
2023-03-18 06:00:00,229.03
2023-03-18 07:00:00,274.02
2023-03-18 08:00:00,252.8
2023-03-18 09:00:00,233.76
2023-03-18 10:00:00,241.34
2023-03-18 11:00:00,235.8
2023-03-18 12:00:00,239.91
2023-03-18 13:00:00,259.39
2023-03-18 14:00:00,256.94
2023-03-18 15:00:00,208.21
2023-03-18 16:00:00,255.52
2023-03-18 17:00:00,213.22
2023-03-18 18:00:00,246.53
2023-03-18 19:00:00,209.38
2023-03-18 20:00:00,224.74
2023-03-18 21:00:00,264.13
2023-03-18 22:00:00,229.32
2023-03-18 23:00:00,253.39
2023-03-19 00:00:00,246.72
2023-03-19 01:00:00,221.28
2023-03-19 02:00:00,197.73
2023-03-19 03:00:00,242.86
2023-03-19 04:00:00,249.33
2023-03-19 05:00:00,237.84
2023-03-19 06:00:00,240.9
2023-03-19 07:00:00,226.84
2023-03-19 08:00:00,246.12
2023-03-19 09:00:00,208.9
2023-03-19 10:00:00,256.14
2023-03-19 11:00:00,256.67
2023-03-19 12:00:00,239.31
2023-03-19 13:00:00,233.36
2023-03-19 14:00:00,221.32
2023-03-19 15:00:00,224.44
2023-03-19 16:00:00,228.72
2023-03-19 17:00:00,243.45
2023-03-19 18:00:00,245.18
2023-03-19 19:00:00,260.67
2023-03-19 20:00:00,210.11
2023-03-19 21:00:00,223.84
2023-03-19 22:00:00,247.1
2023-03-19 23:00:00,212.74
2023-03-20 00:00:00,171.13
2023-03-20 01:00:00,167.75
2023-03-20 02:00:00,128.49
2023-03-20 03:00:00,179.74
2023-03-20 04:00:00,181.98
2023-03-20 05:00:00,172.15
2023-03-20 06:00:00,95.98
2023-03-20 07:00:00,476.63
2023-03-20 08:00:00,504.5
2023-03-20 09:00:00,811.76
2023-03-20 10:00:00,807.69
2023-03-20 11:00:00,844.55
2023-03-20 12:00:00,878.52
2023-03-20 13:00:00,930.12
2023-03-20 14:00:00,884.67
2023-03-20 15:00:00,857.28
2023-03-20 16:00:00,831.09
2023-03-20 17:00:00,844.71
2023-03-20 18:00:00,818.79
2023-03-20 19:00:00,466.02
2023-03-20 20:00:00,499.05
2023-03-20 21:00:00,168.56
2023-03-20 22:00:00,195.29
2023-03-20 23:00:00,165.5
2023-03-21 00:00:00,176.52
2023-03-21 01:00:00,135.13
2023-03-21 02:00:00,159.68
2023-03-21 03:00:00,144.42
2023-03-21 04:00:00,157.25
2023-03-21 05:00:00,165.38
2023-03-21 06:00:00,164.03
2023-03-21 07:00:00,506.45
2023-03-21 08:00:00,474.94
2023-03-21 09:00:00,802.31
2023-03-21 10:00:00,820.66
2023-03-21 11:00:00,841.97
2023-03-21 12:00:00,899.32
2023-03-21 13:00:00,867.33
2023-03-21 14:00:00,838.86
2023-03-21 15:00:00,841.73
2023-03-21 16:00:00,875.59
2023-03-21 17:00:00,864.43
2023-03-21 18:00:00,811.43
2023-03-21 19:00:00,520.47
2023-03-21 20:00:00,481.47
2023-03-21 21:00:00,146.44
2023-03-21 22:00:00,155.5
2023-03-21 23:00:00,166.24
2023-03-22 00:00:00,196.7
2023-03-22 01:00:00,192.14
2023-03-22 02:00:00,149.27
2023-03-22 03:00:00,154.43
2023-03-22 04:00:00,158.16
2023-03-22 05:00:00,158.74
2023-03-22 06:00:00,161.76
2023-03-22 07:00:00,464.06
2023-03-22 08:00:00,474.79
2023-03-22 09:00:00,819.52
2023-03-22 10:00:00,808.26
2023-03-22 11:00:00,854.35
2023-03-22 12:00:00,853.92
2023-03-22 13:00:00,842.35
2023-03-22 14:00:00,871.77
2023-03-22 15:00:00,921.44
2023-03-22 16:00:00,842.87
2023-03-22 17:00:00,828.37
2023-03-22 18:00:00,798.33
2023-03-22 19:00:00,492.04
2023-03-22 20:00:00,450.71
2023-03-22 21:00:00,173.79
2023-03-22 22:00:00,168.35
2023-03-22 23:00:00,157.15
2023-03-23 00:00:00,174.71
2023-03-23 01:00:00,153.36
2023-03-23 02:00:00,144.79
2023-03-23 03:00:00,144.61
2023-03-23 04:00:00,142.37
2023-03-23 05:00:00,173.89
2023-03-23 06:00:00,187.3
2023-03-23 07:00:00,459.46
2023-03-23 08:00:00,468.72
2023-03-23 09:00:00,792.73
2023-03-23 10:00:00,877.75
2023-03-23 11:00:00,861.71
2023-03-23 12:00:00,883.65
2023-03-23 13:00:00,862.66
2023-03-23 14:00:00,895.3
2023-03-23 15:00:00,854.55
2023-03-23 16:00:00,836.86
2023-03-23 17:00:00,785.39
2023-03-23 18:00:00,826.11
2023-03-23 19:00:00,494.75
2023-03-23 20:00:00,487.45
2023-03-23 21:00:00,186.72
2023-03-23 22:00:00,140.43
2023-03-23 23:00:00,176.19
2023-03-24 00:00:00,151.05
2023-03-24 01:00:00,183.37
2023-03-24 02:00:00,192.69
2023-03-24 03:00:00,151.14
2023-03-24 04:00:00,151.16
2023-03-24 05:00:00,161.5
2023-03-24 06:00:00,167.5
2023-03-24 07:00:00,488.42
2023-03-24 08:00:00,479.17
2023-03-24 09:00:00,805.61
2023-03-24 10:00:00,878.64
2023-03-24 11:00:00,850.49
2023-03-24 12:00:00,861.31
2023-03-24 13:00:00,886.09
2023-03-24 14:00:00,883.12
2023-03-24 15:00:00,851.52
2023-03-24 16:00:00,848.53
2023-03-24 17:00:00,833.25
2023-03-24 18:00:00,812.59
2023-03-24 19:00:00,482.74
2023-03-24 20:00:00,486.09
2023-03-24 21:00:00,156.8
2023-03-24 22:00:00,156.49
2023-03-24 23:00:00,160.13
2023-03-25 00:00:00,220.72
2023-03-25 01:00:00,199.43
2023-03-25 02:00:00,215.93
2023-03-25 03:00:00,217.39
2023-03-25 04:00:00,266.87
2023-03-25 05:00:00,232.77
2023-03-25 06:00:00,241.4
2023-03-25 07:00:00,250.39
2023-03-25 08:00:00,269.68
2023-03-25 09:00:00,278.5
2023-03-25 10:00:00,253.87
2023-03-25 11:00:00,233.09
2023-03-25 12:00:00,206.05
2023-03-25 13:00:00,257.01
2023-03-25 14:00:00,243.99
2023-03-25 15:00:00,217.73
2023-03-25 16:00:00,227.83
2023-03-25 17:00:00,193.27
2023-03-25 18:00:00,225.44
2023-03-25 19:00:00,267.8
2023-03-25 20:00:00,265.14
2023-03-25 21:00:00,245.9
2023-03-25 22:00:00,232.32
2023-03-25 23:00:00,243.66
2023-03-26 00:00:00,247.33
2023-03-26 01:00:00,215.19
2023-03-26 02:00:00,229.44
2023-03-26 03:00:00,275.93
2023-03-26 04:00:00,219.36
2023-03-26 05:00:00,220.36
2023-03-26 06:00:00,244.41
2023-03-26 07:00:00,241.96
2023-03-26 08:00:00,245.76
2023-03-26 09:00:00,280.57
2023-03-26 10:00:00,214.48
2023-03-26 11:00:00,217.51
2023-03-26 12:00:00,210.6
2023-03-26 13:00:00,249.43
2023-03-26 14:00:00,282.83
2023-03-26 15:00:00,235.96
2023-03-26 16:00:00,240.1
2023-03-26 17:00:00,219.83
2023-03-26 18:00:00,248.96
2023-03-26 19:00:00,244.09
2023-03-26 20:00:00,249.13
2023-03-26 21:00:00,289.33
2023-03-26 22:00:00,211.91
2023-03-26 23:00:00,254.37
2023-03-27 00:00:00,172.34
2023-03-27 01:00:00,134.72
2023-03-27 02:00:00,169.42
2023-03-27 03:00:00,151.86
2023-03-27 04:00:00,158.23
2023-03-27 05:00:00,163.73
2023-03-27 06:00:00,152.36
2023-03-27 07:00:00,444.67
2023-03-27 08:00:00,482.11
2023-03-27 09:00:00,825.42
2023-03-27 10:00:00,843.74
2023-03-27 11:00:00,852.7
2023-03-27 12:00:00,866.35
2023-03-27 13:00:00,881.99
2023-03-27 14:00:00,901.28
2023-03-27 15:00:00,828.88
2023-03-27 16:00:00,881.9
2023-03-27 17:00:00,813.06
2023-03-27 18:00:00,772.49
2023-03-27 19:00:00,503.68
2023-03-27 20:00:00,509.84
2023-03-27 21:00:00,132.22
2023-03-27 22:00:00,149.08
2023-03-27 23:00:00,160.35
2023-03-28 00:00:00,161.85
2023-03-28 01:00:00,149.84
2023-03-28 02:00:00,163.52
2023-03-28 03:00:00,162.25
2023-03-28 04:00:00,174.99
2023-03-28 05:00:00,182.44
2023-03-28 06:00:00,136.22
2023-03-28 07:00:00,506.64
2023-03-28 08:00:00,489.07
2023-03-28 09:00:00,762.68
2023-03-28 10:00:00,836.8
2023-03-28 11:00:00,866.55
2023-03-28 12:00:00,813.2
2023-03-28 13:00:00,857.37
2023-03-28 14:00:00,892.63
2023-03-28 15:00:00,868.04
2023-03-28 16:00:00,865.62
2023-03-28 17:00:00,825.19
2023-03-28 18:00:00,807.22
2023-03-28 19:00:00,501.04
2023-03-28 20:00:00,484.28
2023-03-28 21:00:00,162.44
2023-03-28 22:00:00,189.19
2023-03-28 23:00:00,186.51
2023-03-29 00:00:00,162.62
2023-03-29 01:00:00,193.28
2023-03-29 02:00:00,179.92
2023-03-29 03:00:00,131.81
2023-03-29 04:00:00,161.33
2023-03-29 05:00:00,154.14
2023-03-29 06:00:00,193.29
2023-03-29 07:00:00,505.04
2023-03-29 08:00:00,461.38
2023-03-29 09:00:00,808.57
2023-03-29 10:00:00,837.11
2023-03-29 11:00:00,822.86
2023-03-29 12:00:00,864.86
2023-03-29 13:00:00,864.83
2023-03-29 14:00:00,835.23
2023-03-29 15:00:00,844.74
2023-03-29 16:00:00,881.27
2023-03-29 17:00:00,843.45
2023-03-29 18:00:00,828.37
2023-03-29 19:00:00,470.67
2023-03-29 20:00:00,512.94
2023-03-29 21:00:00,136.94
2023-03-29 22:00:00,187.35
2023-03-29 23:00:00,176.97
2023-03-30 00:00:00,160.25
2023-03-30 01:00:00,137.53
2023-03-30 02:00:00,169.77
2023-03-30 03:00:00,155.72
2023-03-30 04:00:00,150.13
2023-03-30 05:00:00,138.69
2023-03-30 06:00:00,174.6
2023-03-30 07:00:00,467.25
2023-03-30 08:00:00,523.71
2023-03-30 09:00:00,800.36
2023-03-30 10:00:00,826.08
2023-03-30 11:00:00,848.69
2023-03-30 12:00:00,907.47
2023-03-30 13:00:00,898.96
2023-03-30 14:00:00,858.83
2023-03-30 15:00:00,911.41
2023-03-30 16:00:00,871.33
2023-03-30 17:00:00,806.87
2023-03-30 18:00:00,786.11
2023-03-30 19:00:00,489.09
2023-03-30 20:00:00,471.69
2023-03-30 21:00:00,200.79
2023-03-30 22:00:00,153.39
2023-03-30 23:00:00,180.84
2023-03-31 00:00:00,135.28
2023-03-31 01:00:00,156.23
2023-03-31 02:00:00,183.62
2023-03-31 03:00:00,142.97
2023-03-31 04:00:00,162.12
2023-03-31 05:00:00,170.56
2023-03-31 06:00:00,154.47
2023-03-31 07:00:00,479.49
2023-03-31 08:00:00,470.49
2023-03-31 09:00:00,780.78
2023-03-31 10:00:00,817.21
2023-03-31 11:00:00,850.08
2023-03-31 12:00:00,873.09
2023-03-31 13:00:00,870.67
2023-03-31 14:00:00,893.14
2023-03-31 15:00:00,916.11
2023-03-31 16:00:00,849.61
2023-03-31 17:00:00,795.7
2023-03-31 18:00:00,775.66
2023-03-31 19:00:00,504.32
2023-03-31 20:00:00,507.35
2023-03-31 21:00:00,177.68
2023-03-31 22:00:00,163.19
2023-03-31 23:00:00,157.19
2023-04-01 00:00:00,237.61
2023-04-01 01:00:00,292.56
2023-04-01 02:00:00,222.61
2023-04-01 03:00:00,228.74
2023-04-01 04:00:00,254.14
2023-04-01 05:00:00,263.04
2023-04-01 06:00:00,238.28
2023-04-01 07:00:00,229.53
2023-04-01 08:00:00,238.16
2023-04-01 09:00:00,218.56
2023-04-01 10:00:00,258.78
2023-04-01 11:00:00,236.28
2023-04-01 12:00:00,245.77
2023-04-01 13:00:00,233.02
2023-04-01 14:00:00,250.86
2023-04-01 15:00:00,230.65
2023-04-01 16:00:00,235.18
2023-04-01 17:00:00,226.15
2023-04-01 18:00:00,249.52
2023-04-01 19:00:00,264.06
2023-04-01 20:00:00,244.73
2023-04-01 21:00:00,239.62
2023-04-01 22:00:00,228.17
2023-04-01 23:00:00,213.67
2023-04-02 00:00:00,206.97
2023-04-02 01:00:00,236.48
2023-04-02 02:00:00,229.68
2023-04-02 03:00:00,212.68
2023-04-02 04:00:00,240.43
2023-04-02 05:00:00,218.37
2023-04-02 06:00:00,265.64
2023-04-02 07:00:00,252.37
2023-04-02 08:00:00,246.68
2023-04-02 09:00:00,214.22
2023-04-02 10:00:00,233.25
2023-04-02 11:00:00,225.85
2023-04-02 12:00:00,238.43
2023-04-02 13:00:00,225.6
2023-04-02 14:00:00,214.36
2023-04-02 15:00:00,213.32
2023-04-02 16:00:00,237.27
2023-04-02 17:00:00,208.9
2023-04-02 18:00:00,260.13
2023-04-02 19:00:00,217.79
2023-04-02 20:00:00,240.48
2023-04-02 21:00:00,239.69
2023-04-02 22:00:00,247.66
2023-04-02 23:00:00,253.73
2023-04-03 00:00:00,131.97
2023-04-03 01:00:00,174.59
2023-04-03 02:00:00,130.22
2023-04-03 03:00:00,170.9
2023-04-03 04:00:00,176.21
2023-04-03 05:00:00,132.14
2023-04-03 06:00:00,156.54
2023-04-03 07:00:00,497.97
2023-04-03 08:00:00,475.5
2023-04-03 09:00:00,805.99
2023-04-03 10:00:00,874.19
2023-04-03 11:00:00,813.11
2023-04-03 12:00:00,856.31
2023-04-03 13:00:00,911.31
2023-04-03 14:00:00,844.87
2023-04-03 15:00:00,879.87
2023-04-03 16:00:00,862.16
2023-04-03 17:00:00,871.79
2023-04-03 18:00:00,798.18
2023-04-03 19:00:00,494.74
2023-04-03 20:00:00,507.97
2023-04-03 21:00:00,120.35
2023-04-03 22:00:00,172.2
2023-04-03 23:00:00,183.08
2023-04-04 00:00:00,164.99
2023-04-04 01:00:00,143.28
2023-04-04 02:00:00,183.95
2023-04-04 03:00:00,159.72
2023-04-04 04:00:00,167.19
2023-04-04 05:00:00,142.99
2023-04-04 06:00:00,125.63
2023-04-04 07:00:00,487.6
2023-04-04 08:00:00,505.65
2023-04-04 09:00:00,771.23
2023-04-04 10:00:00,812.89
2023-04-04 11:00:00,840.94
2023-04-04 12:00:00,831.55
2023-04-04 13:00:00,875.79
2023-04-04 14:00:00,910.43
2023-04-04 15:00:00,869.94
2023-04-04 16:00:00,826.83
2023-04-04 17:00:00,837.03
2023-04-04 18:00:00,805.08
2023-04-04 19:00:00,484.16
2023-04-04 20:00:00,478.65
2023-04-04 21:00:00,144.13
2023-04-04 22:00:00,140.93
2023-04-04 23:00:00,184.38
2023-04-05 00:00:00,174.55
2023-04-05 01:00:00,142.26
2023-04-05 02:00:00,153.96
2023-04-05 03:00:00,104.04
2023-04-05 04:00:00,158.45
2023-04-05 05:00:00,171.34
2023-04-05 06:00:00,154.09
2023-04-05 07:00:00,508.52
2023-04-05 08:00:00,443.71
2023-04-05 09:00:00,800.97
2023-04-05 10:00:00,792.54
2023-04-05 11:00:00,866.0
2023-04-05 12:00:00,847.9
2023-04-05 13:00:00,888.31
2023-04-05 14:00:00,859.93
2023-04-05 15:00:00,837.06
2023-04-05 16:00:00,862.5
2023-04-05 17:00:00,824.19
2023-04-05 18:00:00,794.53
2023-04-05 19:00:00,501.3
2023-04-05 20:00:00,478.07
2023-04-05 21:00:00,172.01
2023-04-05 22:00:00,112.19
2023-04-05 23:00:00,168.58
2023-04-06 00:00:00,157.96
2023-04-06 01:00:00,148.89
2023-04-06 02:00:00,142.59
2023-04-06 03:00:00,124.69
2023-04-06 04:00:00,192.21
2023-04-06 05:00:00,170.0
2023-04-06 06:00:00,138.94
2023-04-06 07:00:00,490.56
2023-04-06 08:00:00,450.21
2023-04-06 09:00:00,803.9
2023-04-06 10:00:00,836.48
2023-04-06 11:00:00,847.54
2023-04-06 12:00:00,863.98
2023-04-06 13:00:00,869.8
2023-04-06 14:00:00,899.51
2023-04-06 15:00:00,847.4
2023-04-06 16:00:00,861.82
2023-04-06 17:00:00,820.6
2023-04-06 18:00:00,832.42
2023-04-06 19:00:00,460.74
2023-04-06 20:00:00,479.33
2023-04-06 21:00:00,171.12
2023-04-06 22:00:00,163.93
2023-04-06 23:00:00,150.1
2023-04-07 00:00:00,176.72
2023-04-07 01:00:00,139.54
2023-04-07 02:00:00,181.53
2023-04-07 03:00:00,185.0
2023-04-07 04:00:00,177.45
2023-04-07 05:00:00,134.19
2023-04-07 06:00:00,150.96
2023-04-07 07:00:00,470.75
2023-04-07 08:00:00,486.94
2023-04-07 09:00:00,796.32
2023-04-07 10:00:00,820.76
2023-04-07 11:00:00,858.95
2023-04-07 12:00:00,880.66
2023-04-07 13:00:00,900.4
2023-04-07 14:00:00,862.65
2023-04-07 15:00:00,863.78
2023-04-07 16:00:00,860.44
2023-04-07 17:00:00,856.78
2023-04-07 18:00:00,811.97
2023-04-07 19:00:00,472.31
2023-04-07 20:00:00,459.31
2023-04-07 21:00:00,184.85
2023-04-07 22:00:00,159.88
2023-04-07 23:00:00,166.4
2023-04-08 00:00:00,267.49
2023-04-08 01:00:00,237.79
2023-04-08 02:00:00,232.13
2023-04-08 03:00:00,230.77
2023-04-08 04:00:00,253.59
2023-04-08 05:00:00,263.62
2023-04-08 06:00:00,219.66
2023-04-08 07:00:00,241.44
2023-04-08 08:00:00,223.45
2023-04-08 09:00:00,217.89
2023-04-08 10:00:00,245.77
2023-04-08 11:00:00,254.94
2023-04-08 12:00:00,272.63
2023-04-08 13:00:00,255.53
2023-04-08 14:00:00,253.21
2023-04-08 15:00:00,250.21
2023-04-08 16:00:00,237.14
2023-04-08 17:00:00,238.34
2023-04-08 18:00:00,234.3
2023-04-08 19:00:00,254.44
2023-04-08 20:00:00,220.28
2023-04-08 21:00:00,261.18
2023-04-08 22:00:00,245.71
2023-04-08 23:00:00,227.23
2023-04-09 00:00:00,235.06
2023-04-09 01:00:00,238.38
2023-04-09 02:00:00,255.38
2023-04-09 03:00:00,205.27
2023-04-09 04:00:00,232.6
2023-04-09 05:00:00,245.63
2023-04-09 06:00:00,237.85
2023-04-09 07:00:00,246.32
2023-04-09 08:00:00,243.51
2023-04-09 09:00:00,251.38
2023-04-09 10:00:00,239.4
2023-04-09 11:00:00,217.96
2023-04-09 12:00:00,209.21
2023-04-09 13:00:00,216.36
2023-04-09 14:00:00,216.83
2023-04-09 15:00:00,229.38
2023-04-09 16:00:00,236.41
2023-04-09 17:00:00,230.98
2023-04-09 18:00:00,219.9
2023-04-09 19:00:00,246.87
2023-04-09 20:00:00,256.29
2023-04-09 21:00:00,240.05
2023-04-09 22:00:00,240.93
2023-04-09 23:00:00,226.4
2023-04-10 00:00:00,133.01
2023-04-10 01:00:00,185.53
2023-04-10 02:00:00,125.37
2023-04-10 03:00:00,184.16
2023-04-10 04:00:00,162.99
2023-04-10 05:00:00,152.34
2023-04-10 06:00:00,169.81
2023-04-10 07:00:00,450.49
2023-04-10 08:00:00,511.86
2023-04-10 09:00:00,761.39
2023-04-10 10:00:00,795.86
2023-04-10 11:00:00,875.67
2023-04-10 12:00:00,900.22
2023-04-10 13:00:00,886.93
2023-04-10 14:00:00,860.58
2023-04-10 15:00:00,892.5
2023-04-10 16:00:00,858.61
2023-04-10 17:00:00,846.27
2023-04-10 18:00:00,783.66
2023-04-10 19:00:00,492.02
2023-04-10 20:00:00,459.43
2023-04-10 21:00:00,174.7
2023-04-10 22:00:00,167.04
2023-04-10 23:00:00,157.73
2023-04-11 00:00:00,165.93
2023-04-11 01:00:00,189.27
2023-04-11 02:00:00,161.57
2023-04-11 03:00:00,146.74
2023-04-11 04:00:00,122.38
2023-04-11 05:00:00,128.74
2023-04-11 06:00:00,140.49
2023-04-11 07:00:00,464.4
2023-04-11 08:00:00,483.75
2023-04-11 09:00:00,804.12
2023-04-11 10:00:00,823.72
2023-04-11 11:00:00,878.93
2023-04-11 12:00:00,824.85
2023-04-11 13:00:00,909.18
2023-04-11 14:00:00,902.96
2023-04-11 15:00:00,864.0
2023-04-11 16:00:00,836.17
2023-04-11 17:00:00,839.11
2023-04-11 18:00:00,815.27
2023-04-11 19:00:00,491.7
2023-04-11 20:00:00,548.58
2023-04-11 21:00:00,161.16
2023-04-11 22:00:00,167.83
2023-04-11 23:00:00,155.89
2023-04-12 00:00:00,155.94
2023-04-12 01:00:00,161.64
2023-04-12 02:00:00,157.63
2023-04-12 03:00:00,168.74
2023-04-12 04:00:00,143.96
2023-04-12 05:00:00,186.19
2023-04-12 06:00:00,149.11
2023-04-12 07:00:00,461.01
2023-04-12 08:00:00,474.91
2023-04-12 09:00:00,786.24
2023-04-12 10:00:00,845.72
2023-04-12 11:00:00,873.27
2023-04-12 12:00:00,881.04
2023-04-12 13:00:00,856.45
2023-04-12 14:00:00,906.36
2023-04-12 15:00:00,850.32
2023-04-12 16:00:00,873.51
2023-04-12 17:00:00,859.48
2023-04-12 18:00:00,786.79
2023-04-12 19:00:00,468.68
2023-04-12 20:00:00,520.02
2023-04-12 21:00:00,146.2
2023-04-12 22:00:00,156.32
2023-04-12 23:00:00,161.3
2023-04-13 00:00:00,168.34
2023-04-13 01:00:00,155.67
2023-04-13 02:00:00,146.28
2023-04-13 03:00:00,227.06
2023-04-13 04:00:00,163.02
2023-04-13 05:00:00,195.95
2023-04-13 06:00:00,158.67
2023-04-13 07:00:00,470.55
2023-04-13 08:00:00,455.91
2023-04-13 09:00:00,821.43
2023-04-13 10:00:00,833.62
2023-04-13 11:00:00,814.06
2023-04-13 12:00:00,885.05
2023-04-13 13:00:00,858.87
2023-04-13 14:00:00,869.31
2023-04-13 15:00:00,864.47
2023-04-13 16:00:00,869.84
2023-04-13 17:00:00,844.8
2023-04-13 18:00:00,786.45
2023-04-13 19:00:00,482.89
2023-04-13 20:00:00,463.91
2023-04-13 21:00:00,162.96
2023-04-13 22:00:00,153.98
2023-04-13 23:00:00,154.7
2023-04-14 00:00:00,163.4
2023-04-14 01:00:00,192.63
2023-04-14 02:00:00,156.78
2023-04-14 03:00:00,155.92
2023-04-14 04:00:00,177.76
2023-04-14 05:00:00,171.75
2023-04-14 06:00:00,178.82
2023-04-14 07:00:00,470.07
2023-04-14 08:00:00,500.75
2023-04-14 09:00:00,817.85
2023-04-14 10:00:00,842.67
2023-04-14 11:00:00,861.35
2023-04-14 12:00:00,896.48
2023-04-14 13:00:00,870.23
2023-04-14 14:00:00,870.97
2023-04-14 15:00:00,858.05
2023-04-14 16:00:00,845.74
2023-04-14 17:00:00,847.57
2023-04-14 18:00:00,822.43
2023-04-14 19:00:00,458.12
2023-04-14 20:00:00,469.88
2023-04-14 21:00:00,138.75
2023-04-14 22:00:00,188.52
2023-04-14 23:00:00,156.46
2023-04-15 00:00:00,237.63
2023-04-15 01:00:00,251.95
2023-04-15 02:00:00,229.87
2023-04-15 03:00:00,218.72
2023-04-15 04:00:00,237.25
2023-04-15 05:00:00,267.36
2023-04-15 06:00:00,257.55
2023-04-15 07:00:00,237.42
2023-04-15 08:00:00,249.9
2023-04-15 09:00:00,241.17
2023-04-15 10:00:00,253.36
2023-04-15 11:00:00,231.49
2023-04-15 12:00:00,251.38
2023-04-15 13:00:00,245.27
2023-04-15 14:00:00,225.49
2023-04-15 15:00:00,257.06
2023-04-15 16:00:00,240.01
2023-04-15 17:00:00,236.06
2023-04-15 18:00:00,264.8
2023-04-15 19:00:00,239.75
2023-04-15 20:00:00,222.11
2023-04-15 21:00:00,231.21
2023-04-15 22:00:00,251.58
2023-04-15 23:00:00,221.41
2023-04-16 00:00:00,233.9
2023-04-16 01:00:00,235.85
2023-04-16 02:00:00,264.77
2023-04-16 03:00:00,219.62
2023-04-16 04:00:00,242.55
2023-04-16 05:00:00,247.05
2023-04-16 06:00:00,227.04
2023-04-16 07:00:00,271.77
2023-04-16 08:00:00,238.28
2023-04-16 09:00:00,267.5
2023-04-16 10:00:00,248.85
2023-04-16 11:00:00,223.89
2023-04-16 12:00:00,234.63
2023-04-16 13:00:00,255.53
2023-04-16 14:00:00,220.85
2023-04-16 15:00:00,229.83
2023-04-16 16:00:00,237.44
2023-04-16 17:00:00,218.75
2023-04-16 18:00:00,296.45
2023-04-16 19:00:00,275.05
2023-04-16 20:00:00,287.91
2023-04-16 21:00:00,250.82
2023-04-16 22:00:00,232.48
2023-04-16 23:00:00,241.94
2023-04-17 00:00:00,168.79
2023-04-17 01:00:00,121.41
2023-04-17 02:00:00,151.61
2023-04-17 03:00:00,198.69
2023-04-17 04:00:00,177.13
2023-04-17 05:00:00,151.05
2023-04-17 06:00:00,145.21
2023-04-17 07:00:00,451.8
2023-04-17 08:00:00,465.36
2023-04-17 09:00:00,777.11
2023-04-17 10:00:00,840.38
2023-04-17 11:00:00,848.69
2023-04-17 12:00:00,892.64
2023-04-17 13:00:00,868.67
2023-04-17 14:00:00,855.47
2023-04-17 15:00:00,851.32
2023-04-17 16:00:00,873.15
2023-04-17 17:00:00,834.77
2023-04-17 18:00:00,784.72
2023-04-17 19:00:00,486.17
2023-04-17 20:00:00,471.06
2023-04-17 21:00:00,168.46
2023-04-17 22:00:00,156.74
2023-04-17 23:00:00,149.36
2023-04-18 00:00:00,173.21
2023-04-18 01:00:00,138.14
2023-04-18 02:00:00,182.69
2023-04-18 03:00:00,182.27
2023-04-18 04:00:00,191.59
2023-04-18 05:00:00,160.99
2023-04-18 06:00:00,179.66
2023-04-18 07:00:00,501.91
2023-04-18 08:00:00,503.49
2023-04-18 09:00:00,794.87
2023-04-18 10:00:00,775.28
2023-04-18 11:00:00,848.1
2023-04-18 12:00:00,865.92
2023-04-18 13:00:00,924.87
2023-04-18 14:00:00,851.77
2023-04-18 15:00:00,814.87
2023-04-18 16:00:00,840.37
2023-04-18 17:00:00,864.1
2023-04-18 18:00:00,831.26
2023-04-18 19:00:00,496.39
2023-04-18 20:00:00,487.29
2023-04-18 21:00:00,169.86
2023-04-18 22:00:00,192.36
2023-04-18 23:00:00,166.94
2023-04-19 00:00:00,165.07
2023-04-19 01:00:00,134.0
2023-04-19 02:00:00,147.74
2023-04-19 03:00:00,184.7
2023-04-19 04:00:00,166.85
2023-04-19 05:00:00,151.86
2023-04-19 06:00:00,161.74
2023-04-19 07:00:00,453.62
2023-04-19 08:00:00,483.57
2023-04-19 09:00:00,772.26
2023-04-19 10:00:00,848.83
2023-04-19 11:00:00,877.22
2023-04-19 12:00:00,893.65
2023-04-19 13:00:00,876.58
2023-04-19 14:00:00,841.57
2023-04-19 15:00:00,880.5
2023-04-19 16:00:00,892.31
2023-04-19 17:00:00,820.21
2023-04-19 18:00:00,792.55
2023-04-19 19:00:00,480.51
2023-04-19 20:00:00,512.07
2023-04-19 21:00:00,137.7
2023-04-19 22:00:00,141.47
2023-04-19 23:00:00,147.01
2023-04-20 00:00:00,187.69
2023-04-20 01:00:00,155.59
2023-04-20 02:00:00,145.94
2023-04-20 03:00:00,160.48
2023-04-20 04:00:00,170.89
2023-04-20 05:00:00,122.84
2023-04-20 06:00:00,136.63
2023-04-20 07:00:00,536.56
2023-04-20 08:00:00,483.84
2023-04-20 09:00:00,839.76
2023-04-20 10:00:00,795.47
2023-04-20 11:00:00,872.18
2023-04-20 12:00:00,881.99
2023-04-20 13:00:00,862.76
2023-04-20 14:00:00,897.86
2023-04-20 15:00:00,855.6
2023-04-20 16:00:00,802.98
2023-04-20 17:00:00,810.79
2023-04-20 18:00:00,799.96
2023-04-20 19:00:00,501.8
2023-04-20 20:00:00,460.53
2023-04-20 21:00:00,154.78
2023-04-20 22:00:00,137.72
2023-04-20 23:00:00,174.25
2023-04-21 00:00:00,171.73
2023-04-21 01:00:00,155.54
2023-04-21 02:00:00,163.58
2023-04-21 03:00:00,160.73
2023-04-21 04:00:00,197.56
2023-04-21 05:00:00,189.07
2023-04-21 06:00:00,200.39
2023-04-21 07:00:00,460.82
2023-04-21 08:00:00,487.24
2023-04-21 09:00:00,811.04
2023-04-21 10:00:00,853.13
2023-04-21 11:00:00,838.63
2023-04-21 12:00:00,866.86
2023-04-21 13:00:00,849.5
2023-04-21 14:00:00,864.68
2023-04-21 15:00:00,888.43
2023-04-21 16:00:00,871.46
2023-04-21 17:00:00,809.97
2023-04-21 18:00:00,776.16
2023-04-21 19:00:00,475.84
2023-04-21 20:00:00,467.42
2023-04-21 21:00:00,195.35
2023-04-21 22:00:00,149.22
2023-04-21 23:00:00,176.71
2023-04-22 00:00:00,258.87
2023-04-22 01:00:00,255.86
2023-04-22 02:00:00,225.6
2023-04-22 03:00:00,222.93
2023-04-22 04:00:00,231.82
2023-04-22 05:00:00,241.67
2023-04-22 06:00:00,226.19
2023-04-22 07:00:00,254.07
2023-04-22 08:00:00,246.82
2023-04-22 09:00:00,264.14
2023-04-22 10:00:00,235.98
2023-04-22 11:00:00,266.43
2023-04-22 12:00:00,246.78
2023-04-22 13:00:00,224.09
2023-04-22 14:00:00,272.3
2023-04-22 15:00:00,237.42
2023-04-22 16:00:00,245.26
2023-04-22 17:00:00,275.56
2023-04-22 18:00:00,229.32
2023-04-22 19:00:00,249.24
2023-04-22 20:00:00,229.45
2023-04-22 21:00:00,266.06
2023-04-22 22:00:00,216.51
2023-04-22 23:00:00,238.16
2023-04-23 00:00:00,261.75
2023-04-23 01:00:00,265.88
2023-04-23 02:00:00,252.2
2023-04-23 03:00:00,194.64
2023-04-23 04:00:00,270.7
2023-04-23 05:00:00,241.04
2023-04-23 06:00:00,235.96
2023-04-23 07:00:00,246.08
2023-04-23 08:00:00,255.48
2023-04-23 09:00:00,220.1
2023-04-23 10:00:00,251.19
2023-04-23 11:00:00,229.92
2023-04-23 12:00:00,279.17
2023-04-23 13:00:00,264.47
2023-04-23 14:00:00,243.35
2023-04-23 15:00:00,281.15
2023-04-23 16:00:00,240.66
2023-04-23 17:00:00,209.95
2023-04-23 18:00:00,254.5
2023-04-23 19:00:00,255.11
2023-04-23 20:00:00,236.51
2023-04-23 21:00:00,252.31
2023-04-23 22:00:00,258.84
2023-04-23 23:00:00,237.67
2023-04-24 00:00:00,159.35
2023-04-24 01:00:00,160.51
2023-04-24 02:00:00,156.89
2023-04-24 03:00:00,157.52
2023-04-24 04:00:00,186.69
2023-04-24 05:00:00,172.37
2023-04-24 06:00:00,169.41
2023-04-24 07:00:00,460.62
2023-04-24 08:00:00,480.75
2023-04-24 09:00:00,804.39
2023-04-24 10:00:00,824.74
2023-04-24 11:00:00,871.0
2023-04-24 12:00:00,846.27
2023-04-24 13:00:00,867.82
2023-04-24 14:00:00,827.97
2023-04-24 15:00:00,854.35
2023-04-24 16:00:00,883.27
2023-04-24 17:00:00,805.98
2023-04-24 18:00:00,790.06
2023-04-24 19:00:00,509.22
2023-04-24 20:00:00,457.22
2023-04-24 21:00:00,126.26
2023-04-24 22:00:00,173.67
2023-04-24 23:00:00,184.22
2023-04-25 00:00:00,169.16
2023-04-25 01:00:00,109.82
2023-04-25 02:00:00,164.57
2023-04-25 03:00:00,154.79
2023-04-25 04:00:00,163.01
2023-04-25 05:00:00,156.75
2023-04-25 06:00:00,149.64
2023-04-25 07:00:00,489.61
2023-04-25 08:00:00,460.88
2023-04-25 09:00:00,789.85
2023-04-25 10:00:00,834.41
2023-04-25 11:00:00,858.19
2023-04-25 12:00:00,863.54
2023-04-25 13:00:00,901.76
2023-04-25 14:00:00,930.15
2023-04-25 15:00:00,819.81
2023-04-25 16:00:00,841.97
2023-04-25 17:00:00,832.7
2023-04-25 18:00:00,817.74
2023-04-25 19:00:00,468.24
2023-04-25 20:00:00,447.66
2023-04-25 21:00:00,177.14
2023-04-25 22:00:00,159.64
2023-04-25 23:00:00,155.54
2023-04-26 00:00:00,171.84
2023-04-26 01:00:00,132.61
2023-04-26 02:00:00,158.03
2023-04-26 03:00:00,150.35
2023-04-26 04:00:00,168.29
2023-04-26 05:00:00,178.45
2023-04-26 06:00:00,160.96
2023-04-26 07:00:00,490.3
2023-04-26 08:00:00,496.25
2023-04-26 09:00:00,787.61
2023-04-26 10:00:00,833.72
2023-04-26 11:00:00,840.42
2023-04-26 12:00:00,864.0
2023-04-26 13:00:00,892.08
2023-04-26 14:00:00,886.44
2023-04-26 15:00:00,835.21
2023-04-26 16:00:00,856.37
2023-04-26 17:00:00,853.69
2023-04-26 18:00:00,813.23
2023-04-26 19:00:00,505.37
2023-04-26 20:00:00,489.15
2023-04-26 21:00:00,153.2
2023-04-26 22:00:00,143.19
2023-04-26 23:00:00,167.67
2023-04-27 00:00:00,132.62
2023-04-27 01:00:00,183.51
2023-04-27 02:00:00,172.08
2023-04-27 03:00:00,172.56
2023-04-27 04:00:00,165.87
2023-04-27 05:00:00,178.22
2023-04-27 06:00:00,169.89
2023-04-27 07:00:00,491.92
2023-04-27 08:00:00,481.08
2023-04-27 09:00:00,756.25
2023-04-27 10:00:00,783.25
2023-04-27 11:00:00,893.72
2023-04-27 12:00:00,854.48
2023-04-27 13:00:00,864.59
2023-04-27 14:00:00,879.82
2023-04-27 15:00:00,886.06
2023-04-27 16:00:00,849.71
2023-04-27 17:00:00,818.47
2023-04-27 18:00:00,785.45
2023-04-27 19:00:00,472.57
2023-04-27 20:00:00,471.31
2023-04-27 21:00:00,172.94
2023-04-27 22:00:00,173.94
2023-04-27 23:00:00,134.15
2023-04-28 00:00:00,170.77
2023-04-28 01:00:00,167.29
2023-04-28 02:00:00,162.44
2023-04-28 03:00:00,160.96
2023-04-28 04:00:00,145.35
2023-04-28 05:00:00,180.78
2023-04-28 06:00:00,125.86
2023-04-28 07:00:00,485.35
2023-04-28 08:00:00,471.74
2023-04-28 09:00:00,855.62
2023-04-28 10:00:00,825.09
2023-04-28 11:00:00,845.41
2023-04-28 12:00:00,841.59
2023-04-28 13:00:00,899.63
2023-04-28 14:00:00,893.34
2023-04-28 15:00:00,900.45
2023-04-28 16:00:00,854.64
2023-04-28 17:00:00,839.93
2023-04-28 18:00:00,770.12
2023-04-28 19:00:00,490.13
2023-04-28 20:00:00,488.99
2023-04-28 21:00:00,147.39
2023-04-28 22:00:00,159.49
2023-04-28 23:00:00,194.22
2023-04-29 00:00:00,226.47
2023-04-29 01:00:00,230.89
2023-04-29 02:00:00,246.56
2023-04-29 03:00:00,250.85
2023-04-29 04:00:00,254.16
2023-04-29 05:00:00,258.03
2023-04-29 06:00:00,258.64
2023-04-29 07:00:00,255.51
2023-04-29 08:00:00,226.58
2023-04-29 09:00:00,226.62
2023-04-29 10:00:00,261.12
2023-04-29 11:00:00,266.36
2023-04-29 12:00:00,289.29
2023-04-29 13:00:00,280.12
2023-04-29 14:00:00,252.18
2023-04-29 15:00:00,255.34
2023-04-29 16:00:00,247.39
2023-04-29 17:00:00,264.38
2023-04-29 18:00:00,211.07
2023-04-29 19:00:00,278.94
2023-04-29 20:00:00,233.7
2023-04-29 21:00:00,213.36
2023-04-29 22:00:00,260.38
2023-04-29 23:00:00,250.01
2023-04-30 00:00:00,231.35
2023-04-30 01:00:00,225.16
2023-04-30 02:00:00,230.49
2023-04-30 03:00:00,237.36
2023-04-30 04:00:00,251.72
2023-04-30 05:00:00,238.9
2023-04-30 06:00:00,301.85
2023-04-30 07:00:00,270.74
2023-04-30 08:00:00,228.67
2023-04-30 09:00:00,234.07
2023-04-30 10:00:00,227.47
2023-04-30 11:00:00,251.67
2023-04-30 12:00:00,227.66
2023-04-30 13:00:00,272.48
2023-04-30 14:00:00,208.63
2023-04-30 15:00:00,243.99
2023-04-30 16:00:00,243.02
2023-04-30 17:00:00,231.04
2023-04-30 18:00:00,228.68
2023-04-30 19:00:00,182.95
2023-04-30 20:00:00,251.02
2023-04-30 21:00:00,226.82
2023-04-30 22:00:00,248.88
2023-04-30 23:00:00,258.75
2023-05-01 00:00:00,144.07
2023-05-01 01:00:00,164.65
2023-05-01 02:00:00,158.39
2023-05-01 03:00:00,186.01
2023-05-01 04:00:00,140.35
2023-05-01 05:00:00,101.4
2023-05-01 06:00:00,162.38
2023-05-01 07:00:00,504.88
2023-05-01 08:00:00,500.06
2023-05-01 09:00:00,802.91
2023-05-01 10:00:00,861.03
2023-05-01 11:00:00,863.09
2023-05-01 12:00:00,865.79
2023-05-01 13:00:00,854.68
2023-05-01 14:00:00,859.52
2023-05-01 15:00:00,874.22
2023-05-01 16:00:00,873.32
2023-05-01 17:00:00,825.34
2023-05-01 18:00:00,783.01
2023-05-01 19:00:00,425.82
2023-05-01 20:00:00,478.71
2023-05-01 21:00:00,151.23
2023-05-01 22:00:00,188.66
2023-05-01 23:00:00,152.46
2023-05-02 00:00:00,165.8
2023-05-02 01:00:00,175.36
2023-05-02 02:00:00,156.0
2023-05-02 03:00:00,139.13
2023-05-02 04:00:00,202.21
2023-05-02 05:00:00,148.92
2023-05-02 06:00:00,171.93
2023-05-02 07:00:00,514.73
2023-05-02 08:00:00,497.6
2023-05-02 09:00:00,813.8
2023-05-02 10:00:00,832.48
2023-05-02 11:00:00,878.27
2023-05-02 12:00:00,846.15
2023-05-02 13:00:00,873.98
2023-05-02 14:00:00,888.86
2023-05-02 15:00:00,868.44
2023-05-02 16:00:00,883.21
2023-05-02 17:00:00,803.12
2023-05-02 18:00:00,832.63
2023-05-02 19:00:00,507.51
2023-05-02 20:00:00,454.4
2023-05-02 21:00:00,173.92
2023-05-02 22:00:00,145.63
2023-05-02 23:00:00,157.14
2023-05-03 00:00:00,164.35
2023-05-03 01:00:00,133.07
2023-05-03 02:00:00,162.34
2023-05-03 03:00:00,155.22
2023-05-03 04:00:00,183.58
2023-05-03 05:00:00,186.46
2023-05-03 06:00:00,133.18
2023-05-03 07:00:00,496.76
2023-05-03 08:00:00,461.69
2023-05-03 09:00:00,798.82
2023-05-03 10:00:00,810.52
2023-05-03 11:00:00,896.23
2023-05-03 12:00:00,864.04
2023-05-03 13:00:00,845.46
2023-05-03 14:00:00,868.46
2023-05-03 15:00:00,861.06
2023-05-03 16:00:00,824.07
2023-05-03 17:00:00,856.94
2023-05-03 18:00:00,807.56
2023-05-03 19:00:00,477.4
2023-05-03 20:00:00,485.18
2023-05-03 21:00:00,147.93
2023-05-03 22:00:00,166.91
2023-05-03 23:00:00,166.06
2023-05-04 00:00:00,124.62
2023-05-04 01:00:00,173.61
2023-05-04 02:00:00,144.89
2023-05-04 03:00:00,169.38
2023-05-04 04:00:00,159.21
2023-05-04 05:00:00,160.33
2023-05-04 06:00:00,172.77
2023-05-04 07:00:00,520.44
2023-05-04 08:00:00,487.32
2023-05-04 09:00:00,798.26
2023-05-04 10:00:00,795.3
2023-05-04 11:00:00,849.6
2023-05-04 12:00:00,855.46
2023-05-04 13:00:00,909.46
2023-05-04 14:00:00,885.87
2023-05-04 15:00:00,903.33
2023-05-04 16:00:00,843.25
2023-05-04 17:00:00,813.8
2023-05-04 18:00:00,829.75
2023-05-04 19:00:00,460.17
2023-05-04 20:00:00,504.47
2023-05-04 21:00:00,167.63
2023-05-04 22:00:00,146.35
2023-05-04 23:00:00,174.9
2023-05-05 00:00:00,141.79
2023-05-05 01:00:00,155.14
2023-05-05 02:00:00,147.8
2023-05-05 03:00:00,179.86
2023-05-05 04:00:00,143.5
2023-05-05 05:00:00,186.61
2023-05-05 06:00:00,157.36
2023-05-05 07:00:00,505.18
2023-05-05 08:00:00,486.02
2023-05-05 09:00:00,770.84
2023-05-05 10:00:00,867.04
2023-05-05 11:00:00,864.42
2023-05-05 12:00:00,900.63
2023-05-05 13:00:00,850.17
2023-05-05 14:00:00,828.45
2023-05-05 15:00:00,901.68
2023-05-05 16:00:00,848.72
2023-05-05 17:00:00,831.39
2023-05-05 18:00:00,785.53
2023-05-05 19:00:00,466.23
2023-05-05 20:00:00,476.51
2023-05-05 21:00:00,170.74
2023-05-05 22:00:00,145.66
2023-05-05 23:00:00,139.02
2023-05-06 00:00:00,238.5
2023-05-06 01:00:00,260.08
2023-05-06 02:00:00,236.8
2023-05-06 03:00:00,226.11
2023-05-06 04:00:00,255.98
2023-05-06 05:00:00,243.11
2023-05-06 06:00:00,209.22
2023-05-06 07:00:00,213.21
2023-05-06 08:00:00,248.11
2023-05-06 09:00:00,256.11
2023-05-06 10:00:00,247.39
2023-05-06 11:00:00,257.36
2023-05-06 12:00:00,254.44
2023-05-06 13:00:00,220.36
2023-05-06 14:00:00,252.22
2023-05-06 15:00:00,262.13
2023-05-06 16:00:00,248.14
2023-05-06 17:00:00,268.93
2023-05-06 18:00:00,210.55
2023-05-06 19:00:00,269.37
2023-05-06 20:00:00,226.54
2023-05-06 21:00:00,269.45
2023-05-06 22:00:00,255.26
2023-05-06 23:00:00,222.02
2023-05-07 00:00:00,255.08
2023-05-07 01:00:00,239.42
2023-05-07 02:00:00,222.52
2023-05-07 03:00:00,226.32
2023-05-07 04:00:00,252.44
2023-05-07 05:00:00,258.63
2023-05-07 06:00:00,241.14
2023-05-07 07:00:00,239.05
2023-05-07 08:00:00,223.08
2023-05-07 09:00:00,233.81
2023-05-07 10:00:00,215.88
2023-05-07 11:00:00,250.7
2023-05-07 12:00:00,256.25
2023-05-07 13:00:00,268.0
2023-05-07 14:00:00,279.16
2023-05-07 15:00:00,251.3
2023-05-07 16:00:00,216.31
2023-05-07 17:00:00,268.17
2023-05-07 18:00:00,240.03
2023-05-07 19:00:00,243.68
2023-05-07 20:00:00,221.56
2023-05-07 21:00:00,203.25
2023-05-07 22:00:00,244.09
2023-05-07 23:00:00,251.22
2023-05-08 00:00:00,179.9
2023-05-08 01:00:00,171.78
2023-05-08 02:00:00,162.18
2023-05-08 03:00:00,209.6
2023-05-08 04:00:00,170.07
2023-05-08 05:00:00,154.87
2023-05-08 06:00:00,125.8
2023-05-08 07:00:00,497.57
2023-05-08 08:00:00,471.3
2023-05-08 09:00:00,793.35
2023-05-08 10:00:00,843.17
2023-05-08 11:00:00,892.52
2023-05-08 12:00:00,852.44
2023-05-08 13:00:00,847.97
2023-05-08 14:00:00,895.9
2023-05-08 15:00:00,858.94
2023-05-08 16:00:00,838.16
2023-05-08 17:00:00,852.62
2023-05-08 18:00:00,807.49
2023-05-08 19:00:00,460.72
2023-05-08 20:00:00,458.69
2023-05-08 21:00:00,149.48
2023-05-08 22:00:00,155.23
2023-05-08 23:00:00,159.11
2023-05-09 00:00:00,148.35
2023-05-09 01:00:00,161.36
2023-05-09 02:00:00,188.13
2023-05-09 03:00:00,166.18
2023-05-09 04:00:00,165.6
2023-05-09 05:00:00,171.5
2023-05-09 06:00:00,114.46
2023-05-09 07:00:00,534.15
2023-05-09 08:00:00,503.72
2023-05-09 09:00:00,802.15
2023-05-09 10:00:00,849.22
2023-05-09 11:00:00,849.47
2023-05-09 12:00:00,851.99
2023-05-09 13:00:00,898.41
2023-05-09 14:00:00,890.01
2023-05-09 15:00:00,905.83
2023-05-09 16:00:00,846.95
2023-05-09 17:00:00,821.49
2023-05-09 18:00:00,781.54
2023-05-09 19:00:00,489.85
2023-05-09 20:00:00,501.43
2023-05-09 21:00:00,131.78
2023-05-09 22:00:00,173.68
2023-05-09 23:00:00,159.86
2023-05-10 00:00:00,171.27
2023-05-10 01:00:00,184.77
2023-05-10 02:00:00,147.07
2023-05-10 03:00:00,136.35
2023-05-10 04:00:00,170.24
2023-05-10 05:00:00,140.09
2023-05-10 06:00:00,140.06
2023-05-10 07:00:00,453.84
2023-05-10 08:00:00,527.07
2023-05-10 09:00:00,751.24
2023-05-10 10:00:00,847.1
2023-05-10 11:00:00,858.5
2023-05-10 12:00:00,891.07
2023-05-10 13:00:00,893.54
2023-05-10 14:00:00,899.29
2023-05-10 15:00:00,863.67
2023-05-10 16:00:00,849.9
2023-05-10 17:00:00,833.17
2023-05-10 18:00:00,837.44
2023-05-10 19:00:00,470.64
2023-05-10 20:00:00,465.01
2023-05-10 21:00:00,142.44
2023-05-10 22:00:00,134.03
2023-05-10 23:00:00,151.96
2023-05-11 00:00:00,128.53
2023-05-11 01:00:00,169.0
2023-05-11 02:00:00,136.95
2023-05-11 03:00:00,151.51
2023-05-11 04:00:00,146.68
2023-05-11 05:00:00,189.04
2023-05-11 06:00:00,193.82
2023-05-11 07:00:00,489.83
2023-05-11 08:00:00,479.26
2023-05-11 09:00:00,810.63
2023-05-11 10:00:00,855.1
2023-05-11 11:00:00,816.2
2023-05-11 12:00:00,899.78
2023-05-11 13:00:00,856.24
2023-05-11 14:00:00,900.5
2023-05-11 15:00:00,849.84
2023-05-11 16:00:00,864.52
2023-05-11 17:00:00,842.8
2023-05-11 18:00:00,808.97
2023-05-11 19:00:00,472.09
2023-05-11 20:00:00,470.0
2023-05-11 21:00:00,138.5
2023-05-11 22:00:00,177.99
2023-05-11 23:00:00,198.44
2023-05-12 00:00:00,173.6
2023-05-12 01:00:00,111.97
2023-05-12 02:00:00,135.78
2023-05-12 03:00:00,166.33
2023-05-12 04:00:00,193.36
2023-05-12 05:00:00,161.7
2023-05-12 06:00:00,146.22
2023-05-12 07:00:00,497.95
2023-05-12 08:00:00,485.03
2023-05-12 09:00:00,809.83
2023-05-12 10:00:00,849.96
2023-05-12 11:00:00,853.87
2023-05-12 12:00:00,887.89
2023-05-12 13:00:00,872.45
2023-05-12 14:00:00,886.21
2023-05-12 15:00:00,857.53
2023-05-12 16:00:00,846.64
2023-05-12 17:00:00,807.05
2023-05-12 18:00:00,792.26
2023-05-12 19:00:00,464.55
2023-05-12 20:00:00,534.09
2023-05-12 21:00:00,150.03
2023-05-12 22:00:00,139.38
2023-05-12 23:00:00,176.73
2023-05-13 00:00:00,260.83
2023-05-13 01:00:00,227.32
2023-05-13 02:00:00,254.18
2023-05-13 03:00:00,250.78
2023-05-13 04:00:00,206.27
2023-05-13 05:00:00,213.91
2023-05-13 06:00:00,206.68
2023-05-13 07:00:00,248.09
2023-05-13 08:00:00,257.72
2023-05-13 09:00:00,254.04
2023-05-13 10:00:00,251.63
2023-05-13 11:00:00,250.72
2023-05-13 12:00:00,235.26
2023-05-13 13:00:00,221.46
2023-05-13 14:00:00,263.24
2023-05-13 15:00:00,248.16
2023-05-13 16:00:00,237.54
2023-05-13 17:00:00,216.45
2023-05-13 18:00:00,262.87
2023-05-13 19:00:00,227.64
2023-05-13 20:00:00,242.45
2023-05-13 21:00:00,240.31
2023-05-13 22:00:00,250.48
2023-05-13 23:00:00,202.05
2023-05-14 00:00:00,260.07
2023-05-14 01:00:00,289.09
2023-05-14 02:00:00,266.46
2023-05-14 03:00:00,265.25
2023-05-14 04:00:00,274.48
2023-05-14 05:00:00,237.39
2023-05-14 06:00:00,239.84
2023-05-14 07:00:00,250.0
2023-05-14 08:00:00,259.87
2023-05-14 09:00:00,204.82
2023-05-14 10:00:00,258.33
2023-05-14 11:00:00,272.32
2023-05-14 12:00:00,214.31
2023-05-14 13:00:00,272.95
2023-05-14 14:00:00,224.82
2023-05-14 15:00:00,245.67
2023-05-14 16:00:00,246.56
2023-05-14 17:00:00,221.96
2023-05-14 18:00:00,216.52
2023-05-14 19:00:00,279.62
2023-05-14 20:00:00,223.68
2023-05-14 21:00:00,235.39
2023-05-14 22:00:00,286.91
2023-05-14 23:00:00,247.26
2023-05-15 00:00:00,138.76
2023-05-15 01:00:00,132.06
2023-05-15 02:00:00,194.71
2023-05-15 03:00:00,170.44
2023-05-15 04:00:00,119.62
2023-05-15 05:00:00,130.06
2023-05-15 06:00:00,160.32
2023-05-15 07:00:00,480.86
2023-05-15 08:00:00,510.61
2023-05-15 09:00:00,792.0
2023-05-15 10:00:00,809.84
2023-05-15 11:00:00,866.47
2023-05-15 12:00:00,863.41
2023-05-15 13:00:00,888.51
2023-05-15 14:00:00,887.76
2023-05-15 15:00:00,894.1
2023-05-15 16:00:00,858.66
2023-05-15 17:00:00,829.25
2023-05-15 18:00:00,791.48
2023-05-15 19:00:00,507.7
2023-05-15 20:00:00,513.39
2023-05-15 21:00:00,159.59
2023-05-15 22:00:00,169.52
2023-05-15 23:00:00,126.26
2023-05-16 00:00:00,185.42
2023-05-16 01:00:00,189.36
2023-05-16 02:00:00,142.34
2023-05-16 03:00:00,177.54
2023-05-16 04:00:00,172.83
2023-05-16 05:00:00,163.77
2023-05-16 06:00:00,160.37
2023-05-16 07:00:00,511.03
2023-05-16 08:00:00,456.01
2023-05-16 09:00:00,785.94
2023-05-16 10:00:00,826.34
2023-05-16 11:00:00,823.78
2023-05-16 12:00:00,873.22
2023-05-16 13:00:00,865.66
2023-05-16 14:00:00,871.6
2023-05-16 15:00:00,848.19
2023-05-16 16:00:00,839.11
2023-05-16 17:00:00,823.52
2023-05-16 18:00:00,805.4
2023-05-16 19:00:00,478.01
2023-05-16 20:00:00,464.43
2023-05-16 21:00:00,211.49
2023-05-16 22:00:00,182.0
2023-05-16 23:00:00,167.34
2023-05-17 00:00:00,183.97
2023-05-17 01:00:00,139.54
2023-05-17 02:00:00,133.56
2023-05-17 03:00:00,133.75
2023-05-17 04:00:00,146.53
2023-05-17 05:00:00,166.23
2023-05-17 06:00:00,175.32
2023-05-17 07:00:00,473.15
2023-05-17 08:00:00,487.2
2023-05-17 09:00:00,802.72
2023-05-17 10:00:00,822.73
2023-05-17 11:00:00,864.58
2023-05-17 12:00:00,893.21
2023-05-17 13:00:00,842.5
2023-05-17 14:00:00,880.76
2023-05-17 15:00:00,835.92
2023-05-17 16:00:00,870.94
2023-05-17 17:00:00,846.68
2023-05-17 18:00:00,773.07
2023-05-17 19:00:00,488.33
2023-05-17 20:00:00,458.96
2023-05-17 21:00:00,164.22
2023-05-17 22:00:00,145.94
2023-05-17 23:00:00,183.35
2023-05-18 00:00:00,160.94
2023-05-18 01:00:00,175.93
2023-05-18 02:00:00,164.89
2023-05-18 03:00:00,176.28
2023-05-18 04:00:00,174.1
2023-05-18 05:00:00,165.88
2023-05-18 06:00:00,132.85
2023-05-18 07:00:00,467.92
2023-05-18 08:00:00,468.76
2023-05-18 09:00:00,804.77
2023-05-18 10:00:00,829.55
2023-05-18 11:00:00,811.73
2023-05-18 12:00:00,894.35
2023-05-18 13:00:00,883.73
2023-05-18 14:00:00,860.31
2023-05-18 15:00:00,891.01
2023-05-18 16:00:00,830.33
2023-05-18 17:00:00,839.12
2023-05-18 18:00:00,802.24
2023-05-18 19:00:00,484.38
2023-05-18 20:00:00,495.73
2023-05-18 21:00:00,182.02
2023-05-18 22:00:00,139.23
2023-05-18 23:00:00,134.56
2023-05-19 00:00:00,182.16
2023-05-19 01:00:00,151.42
2023-05-19 02:00:00,155.15
2023-05-19 03:00:00,164.35
2023-05-19 04:00:00,148.15
2023-05-19 05:00:00,144.71
2023-05-19 06:00:00,157.42
2023-05-19 07:00:00,461.23
2023-05-19 08:00:00,457.7
2023-05-19 09:00:00,804.47
2023-05-19 10:00:00,835.51
2023-05-19 11:00:00,869.15
2023-05-19 12:00:00,889.12
2023-05-19 13:00:00,900.01
2023-05-19 14:00:00,858.66
2023-05-19 15:00:00,857.63
2023-05-19 16:00:00,879.39
2023-05-19 17:00:00,827.23
2023-05-19 18:00:00,816.69
2023-05-19 19:00:00,461.06
2023-05-19 20:00:00,479.75
2023-05-19 21:00:00,156.78
2023-05-19 22:00:00,156.38
2023-05-19 23:00:00,183.66
2023-05-20 00:00:00,217.88
2023-05-20 01:00:00,255.95
2023-05-20 02:00:00,221.44
2023-05-20 03:00:00,238.25
2023-05-20 04:00:00,244.26
2023-05-20 05:00:00,255.87
2023-05-20 06:00:00,260.32
2023-05-20 07:00:00,242.09
2023-05-20 08:00:00,248.53
2023-05-20 09:00:00,262.95
2023-05-20 10:00:00,194.08
2023-05-20 11:00:00,211.99
2023-05-20 12:00:00,222.93
2023-05-20 13:00:00,272.92
2023-05-20 14:00:00,237.39
2023-05-20 15:00:00,214.58
2023-05-20 16:00:00,243.6
2023-05-20 17:00:00,241.12
2023-05-20 18:00:00,252.04
2023-05-20 19:00:00,255.69
2023-05-20 20:00:00,252.69
2023-05-20 21:00:00,229.18
2023-05-20 22:00:00,217.14
2023-05-20 23:00:00,264.54
2023-05-21 00:00:00,252.83
2023-05-21 01:00:00,238.9
2023-05-21 02:00:00,254.43
2023-05-21 03:00:00,217.31
2023-05-21 04:00:00,243.74
2023-05-21 05:00:00,252.63
2023-05-21 06:00:00,234.98
2023-05-21 07:00:00,250.52
2023-05-21 08:00:00,227.48
2023-05-21 09:00:00,252.73
2023-05-21 10:00:00,275.52
2023-05-21 11:00:00,244.09
2023-05-21 12:00:00,188.07
2023-05-21 13:00:00,231.49
2023-05-21 14:00:00,224.6
2023-05-21 15:00:00,249.21
2023-05-21 16:00:00,251.11
2023-05-21 17:00:00,246.25
2023-05-21 18:00:00,218.81
2023-05-21 19:00:00,235.75
2023-05-21 20:00:00,246.47
2023-05-21 21:00:00,245.45
2023-05-21 22:00:00,191.67
2023-05-21 23:00:00,204.77
2023-05-22 00:00:00,193.8
2023-05-22 01:00:00,157.63
2023-05-22 02:00:00,164.42
2023-05-22 03:00:00,164.06
2023-05-22 04:00:00,178.4
2023-05-22 05:00:00,163.63
2023-05-22 06:00:00,134.89
2023-05-22 07:00:00,461.05
2023-05-22 08:00:00,485.48
2023-05-22 09:00:00,780.47
2023-05-22 10:00:00,790.45
2023-05-22 11:00:00,909.24
2023-05-22 12:00:00,832.64
2023-05-22 13:00:00,877.87
2023-05-22 14:00:00,877.55
2023-05-22 15:00:00,858.14
2023-05-22 16:00:00,868.48
2023-05-22 17:00:00,840.32
2023-05-22 18:00:00,790.18
2023-05-22 19:00:00,494.43
2023-05-22 20:00:00,443.98
2023-05-22 21:00:00,148.88
2023-05-22 22:00:00,149.18
2023-05-22 23:00:00,150.19
2023-05-23 00:00:00,149.52
2023-05-23 01:00:00,186.67
2023-05-23 02:00:00,164.75
2023-05-23 03:00:00,202.1
2023-05-23 04:00:00,139.8
2023-05-23 05:00:00,149.53
2023-05-23 06:00:00,138.52
2023-05-23 07:00:00,463.3
2023-05-23 08:00:00,500.16
2023-05-23 09:00:00,814.7
2023-05-23 10:00:00,837.11
2023-05-23 11:00:00,811.61
2023-05-23 12:00:00,872.26
2023-05-23 13:00:00,879.97
2023-05-23 14:00:00,927.49
2023-05-23 15:00:00,867.51
2023-05-23 16:00:00,842.37
2023-05-23 17:00:00,836.01
2023-05-23 18:00:00,786.24
2023-05-23 19:00:00,475.36
2023-05-23 20:00:00,451.93
2023-05-23 21:00:00,133.89
2023-05-23 22:00:00,160.86
2023-05-23 23:00:00,191.05
2023-05-24 00:00:00,141.23
2023-05-24 01:00:00,164.05
2023-05-24 02:00:00,165.3
2023-05-24 03:00:00,162.28
2023-05-24 04:00:00,123.67
2023-05-24 05:00:00,149.06
2023-05-24 06:00:00,168.36
2023-05-24 07:00:00,538.34
2023-05-24 08:00:00,453.77
2023-05-24 09:00:00,826.81
2023-05-24 10:00:00,802.94
2023-05-24 11:00:00,863.82
2023-05-24 12:00:00,840.63
2023-05-24 13:00:00,899.14
2023-05-24 14:00:00,896.08
2023-05-24 15:00:00,874.86
2023-05-24 16:00:00,848.74
2023-05-24 17:00:00,820.38
2023-05-24 18:00:00,787.12
2023-05-24 19:00:00,465.57
2023-05-24 20:00:00,476.61
2023-05-24 21:00:00,172.38
2023-05-24 22:00:00,130.97
2023-05-24 23:00:00,139.51
2023-05-25 00:00:00,156.37
2023-05-25 01:00:00,156.57
2023-05-25 02:00:00,169.29
2023-05-25 03:00:00,178.53
2023-05-25 04:00:00,155.37
2023-05-25 05:00:00,179.68
2023-05-25 06:00:00,159.03
2023-05-25 07:00:00,431.15
2023-05-25 08:00:00,469.01
2023-05-25 09:00:00,786.79
2023-05-25 10:00:00,830.46
2023-05-25 11:00:00,842.08
2023-05-25 12:00:00,887.43
2023-05-25 13:00:00,863.48
2023-05-25 14:00:00,879.39
2023-05-25 15:00:00,812.02
2023-05-25 16:00:00,867.34
2023-05-25 17:00:00,804.32
2023-05-25 18:00:00,797.38
2023-05-25 19:00:00,505.66
2023-05-25 20:00:00,459.59
2023-05-25 21:00:00,180.61
2023-05-25 22:00:00,168.2
2023-05-25 23:00:00,160.81
2023-05-26 00:00:00,147.8
2023-05-26 01:00:00,169.24
2023-05-26 02:00:00,214.08
2023-05-26 03:00:00,161.88
2023-05-26 04:00:00,145.84
2023-05-26 05:00:00,106.39
2023-05-26 06:00:00,143.78
2023-05-26 07:00:00,496.98
2023-05-26 08:00:00,516.41
2023-05-26 09:00:00,800.75
2023-05-26 10:00:00,809.99
2023-05-26 11:00:00,859.67
2023-05-26 12:00:00,891.36
2023-05-26 13:00:00,901.08
2023-05-26 14:00:00,927.87
2023-05-26 15:00:00,876.27
2023-05-26 16:00:00,827.7
2023-05-26 17:00:00,803.88
2023-05-26 18:00:00,776.42
2023-05-26 19:00:00,470.58
2023-05-26 20:00:00,487.56
2023-05-26 21:00:00,163.28
2023-05-26 22:00:00,169.2
2023-05-26 23:00:00,171.51
2023-05-27 00:00:00,256.16
2023-05-27 01:00:00,243.42
2023-05-27 02:00:00,215.45
2023-05-27 03:00:00,229.02
2023-05-27 04:00:00,200.95
2023-05-27 05:00:00,257.81
2023-05-27 06:00:00,234.57
2023-05-27 07:00:00,264.97
2023-05-27 08:00:00,268.04
2023-05-27 09:00:00,226.09
2023-05-27 10:00:00,254.23
2023-05-27 11:00:00,221.9
2023-05-27 12:00:00,279.07
2023-05-27 13:00:00,260.71
2023-05-27 14:00:00,258.85
2023-05-27 15:00:00,276.57
2023-05-27 16:00:00,227.85
2023-05-27 17:00:00,258.34
2023-05-27 18:00:00,243.97
2023-05-27 19:00:00,273.47
2023-05-27 20:00:00,249.34
2023-05-27 21:00:00,222.99
2023-05-27 22:00:00,249.01
2023-05-27 23:00:00,170.38
2023-05-28 00:00:00,260.24
2023-05-28 01:00:00,233.74
2023-05-28 02:00:00,226.79
2023-05-28 03:00:00,270.3
2023-05-28 04:00:00,272.67
2023-05-28 05:00:00,226.73
2023-05-28 06:00:00,234.17
2023-05-28 07:00:00,234.55
2023-05-28 08:00:00,208.59
2023-05-28 09:00:00,227.48
2023-05-28 10:00:00,220.52
2023-05-28 11:00:00,227.38
2023-05-28 12:00:00,249.56
2023-05-28 13:00:00,209.4
2023-05-28 14:00:00,218.41
2023-05-28 15:00:00,241.4
2023-05-28 16:00:00,196.16
2023-05-28 17:00:00,230.91
2023-05-28 18:00:00,264.23
2023-05-28 19:00:00,228.64
2023-05-28 20:00:00,216.84
2023-05-28 21:00:00,241.02
2023-05-28 22:00:00,226.47
2023-05-28 23:00:00,209.79
2023-05-29 00:00:00,141.44
2023-05-29 01:00:00,171.14
2023-05-29 02:00:00,181.51
2023-05-29 03:00:00,127.08
2023-05-29 04:00:00,152.5
2023-05-29 05:00:00,157.42
2023-05-29 06:00:00,153.99
2023-05-29 07:00:00,481.27
2023-05-29 08:00:00,481.85
2023-05-29 09:00:00,775.02
2023-05-29 10:00:00,847.3
2023-05-29 11:00:00,833.62
2023-05-29 12:00:00,876.98
2023-05-29 13:00:00,914.75
2023-05-29 14:00:00,891.53
2023-05-29 15:00:00,882.83
2023-05-29 16:00:00,857.89
2023-05-29 17:00:00,829.17
2023-05-29 18:00:00,820.4
2023-05-29 19:00:00,463.67
2023-05-29 20:00:00,449.74
2023-05-29 21:00:00,140.14
2023-05-29 22:00:00,146.77
2023-05-29 23:00:00,123.44
2023-05-30 00:00:00,148.72
2023-05-30 01:00:00,178.69
2023-05-30 02:00:00,133.3
2023-05-30 03:00:00,181.79
2023-05-30 04:00:00,161.42
2023-05-30 05:00:00,140.74
2023-05-30 06:00:00,162.63
2023-05-30 07:00:00,478.67
2023-05-30 08:00:00,481.69
2023-05-30 09:00:00,768.71
2023-05-30 10:00:00,831.79
2023-05-30 11:00:00,854.95
2023-05-30 12:00:00,881.94
2023-05-30 13:00:00,853.63
2023-05-30 14:00:00,848.65
2023-05-30 15:00:00,844.91
2023-05-30 16:00:00,810.61
2023-05-30 17:00:00,846.43
2023-05-30 18:00:00,797.18
2023-05-30 19:00:00,507.84
2023-05-30 20:00:00,492.86
2023-05-30 21:00:00,149.6
2023-05-30 22:00:00,120.84
2023-05-30 23:00:00,172.52
2023-05-31 00:00:00,173.46
2023-05-31 01:00:00,166.05
2023-05-31 02:00:00,172.99
2023-05-31 03:00:00,196.57
2023-05-31 04:00:00,183.01
2023-05-31 05:00:00,144.07
2023-05-31 06:00:00,183.35
2023-05-31 07:00:00,463.46
2023-05-31 08:00:00,467.75
2023-05-31 09:00:00,796.56
2023-05-31 10:00:00,854.95
2023-05-31 11:00:00,860.56
2023-05-31 12:00:00,859.96
2023-05-31 13:00:00,920.01
2023-05-31 14:00:00,895.83
2023-05-31 15:00:00,863.76
2023-05-31 16:00:00,868.91
2023-05-31 17:00:00,833.86
2023-05-31 18:00:00,801.0
2023-05-31 19:00:00,465.12
2023-05-31 20:00:00,490.71
2023-05-31 21:00:00,173.61
2023-05-31 22:00:00,199.31
2023-05-31 23:00:00,137.39
2023-06-01 00:00:00,163.22
2023-06-01 01:00:00,180.46
2023-06-01 02:00:00,178.65
2023-06-01 03:00:00,135.94
2023-06-01 04:00:00,161.08
2023-06-01 05:00:00,180.08
2023-06-01 06:00:00,162.77
2023-06-01 07:00:00,514.05
2023-06-01 08:00:00,463.69
2023-06-01 09:00:00,781.86
2023-06-01 10:00:00,843.63
2023-06-01 11:00:00,864.55
2023-06-01 12:00:00,870.43
2023-06-01 13:00:00,890.66
2023-06-01 14:00:00,872.79
2023-06-01 15:00:00,875.83
2023-06-01 16:00:00,820.47
2023-06-01 17:00:00,858.07
2023-06-01 18:00:00,777.81
2023-06-01 19:00:00,490.29
2023-06-01 20:00:00,472.8
2023-06-01 21:00:00,157.87
2023-06-01 22:00:00,198.91
2023-06-01 23:00:00,204.78
2023-06-02 00:00:00,149.36
2023-06-02 01:00:00,154.97
2023-06-02 02:00:00,184.65
2023-06-02 03:00:00,144.55
2023-06-02 04:00:00,115.83
2023-06-02 05:00:00,145.34
2023-06-02 06:00:00,146.72
2023-06-02 07:00:00,521.75
2023-06-02 08:00:00,456.11
2023-06-02 09:00:00,819.7
2023-06-02 10:00:00,820.03
2023-06-02 11:00:00,892.5
2023-06-02 12:00:00,896.98
2023-06-02 13:00:00,903.95
2023-06-02 14:00:00,887.86
2023-06-02 15:00:00,858.72
2023-06-02 16:00:00,811.18
2023-06-02 17:00:00,845.62
2023-06-02 18:00:00,808.32
2023-06-02 19:00:00,496.31
2023-06-02 20:00:00,515.61
2023-06-02 21:00:00,146.45
2023-06-02 22:00:00,167.04
2023-06-02 23:00:00,152.43
2023-06-03 00:00:00,241.46
2023-06-03 01:00:00,248.63
2023-06-03 02:00:00,220.32
2023-06-03 03:00:00,236.85
2023-06-03 04:00:00,225.2
2023-06-03 05:00:00,241.82
2023-06-03 06:00:00,270.73
2023-06-03 07:00:00,223.95
2023-06-03 08:00:00,251.0
2023-06-03 09:00:00,268.97
2023-06-03 10:00:00,243.97
2023-06-03 11:00:00,209.08
2023-06-03 12:00:00,246.14
2023-06-03 13:00:00,236.1
2023-06-03 14:00:00,197.52
2023-06-03 15:00:00,239.69
2023-06-03 16:00:00,245.07
2023-06-03 17:00:00,245.13
2023-06-03 18:00:00,240.92
2023-06-03 19:00:00,224.84
2023-06-03 20:00:00,260.07
2023-06-03 21:00:00,232.53
2023-06-03 22:00:00,253.02
2023-06-03 23:00:00,244.29
2023-06-04 00:00:00,222.63
2023-06-04 01:00:00,267.05
2023-06-04 02:00:00,267.28
2023-06-04 03:00:00,246.07
2023-06-04 04:00:00,278.07
2023-06-04 05:00:00,279.69
2023-06-04 06:00:00,245.44
2023-06-04 07:00:00,245.79
2023-06-04 08:00:00,245.8
2023-06-04 09:00:00,236.72
2023-06-04 10:00:00,235.99
2023-06-04 11:00:00,278.78
2023-06-04 12:00:00,219.39
2023-06-04 13:00:00,238.71
2023-06-04 14:00:00,236.39
2023-06-04 15:00:00,216.48
2023-06-04 16:00:00,222.59
2023-06-04 17:00:00,259.58
2023-06-04 18:00:00,247.24
2023-06-04 19:00:00,226.09
2023-06-04 20:00:00,236.26
2023-06-04 21:00:00,255.09
2023-06-04 22:00:00,276.09
2023-06-04 23:00:00,221.8
2023-06-05 00:00:00,132.12
2023-06-05 01:00:00,180.09
2023-06-05 02:00:00,147.62
2023-06-05 03:00:00,178.76
2023-06-05 04:00:00,140.42
2023-06-05 05:00:00,135.27
2023-06-05 06:00:00,144.61
2023-06-05 07:00:00,507.23
2023-06-05 08:00:00,516.88
2023-06-05 09:00:00,808.76
2023-06-05 10:00:00,815.37
2023-06-05 11:00:00,862.34
2023-06-05 12:00:00,890.42
2023-06-05 13:00:00,871.66
2023-06-05 14:00:00,879.16
2023-06-05 15:00:00,884.9
2023-06-05 16:00:00,864.14
2023-06-05 17:00:00,826.83
2023-06-05 18:00:00,824.92
2023-06-05 19:00:00,477.78
2023-06-05 20:00:00,478.67
2023-06-05 21:00:00,206.68
2023-06-05 22:00:00,164.24
2023-06-05 23:00:00,168.92
2023-06-06 00:00:00,163.12
2023-06-06 01:00:00,201.95
2023-06-06 02:00:00,137.54
2023-06-06 03:00:00,175.91
2023-06-06 04:00:00,170.96
2023-06-06 05:00:00,131.71
2023-06-06 06:00:00,147.14
2023-06-06 07:00:00,477.55
2023-06-06 08:00:00,474.09
2023-06-06 09:00:00,789.54
2023-06-06 10:00:00,819.79
2023-06-06 11:00:00,903.29
2023-06-06 12:00:00,868.86
2023-06-06 13:00:00,873.97
2023-06-06 14:00:00,865.96
2023-06-06 15:00:00,835.95
2023-06-06 16:00:00,872.83
2023-06-06 17:00:00,839.35
2023-06-06 18:00:00,782.49
2023-06-06 19:00:00,472.29
2023-06-06 20:00:00,452.19
2023-06-06 21:00:00,134.41
2023-06-06 22:00:00,134.28
2023-06-06 23:00:00,178.15
2023-06-07 00:00:00,129.38
2023-06-07 01:00:00,161.84
2023-06-07 02:00:00,138.22
2023-06-07 03:00:00,120.98
2023-06-07 04:00:00,175.09
2023-06-07 05:00:00,179.53
2023-06-07 06:00:00,190.44
2023-06-07 07:00:00,472.66
2023-06-07 08:00:00,465.86
2023-06-07 09:00:00,805.94
2023-06-07 10:00:00,830.49
2023-06-07 11:00:00,884.43
2023-06-07 12:00:00,881.87
2023-06-07 13:00:00,850.05
2023-06-07 14:00:00,899.51
2023-06-07 15:00:00,888.75
2023-06-07 16:00:00,851.36
2023-06-07 17:00:00,832.27
2023-06-07 18:00:00,834.4
2023-06-07 19:00:00,512.13
2023-06-07 20:00:00,454.76
2023-06-07 21:00:00,204.43
2023-06-07 22:00:00,161.62
2023-06-07 23:00:00,153.77
2023-06-08 00:00:00,177.75
2023-06-08 01:00:00,154.79
2023-06-08 02:00:00,149.49
2023-06-08 03:00:00,166.62
2023-06-08 04:00:00,159.94
2023-06-08 05:00:00,192.38
2023-06-08 06:00:00,159.7
2023-06-08 07:00:00,507.87
2023-06-08 08:00:00,490.49
2023-06-08 09:00:00,761.15
2023-06-08 10:00:00,828.45
2023-06-08 11:00:00,804.51
2023-06-08 12:00:00,865.89
2023-06-08 13:00:00,893.41
2023-06-08 14:00:00,889.38
2023-06-08 15:00:00,875.35
2023-06-08 16:00:00,875.88
2023-06-08 17:00:00,826.6
2023-06-08 18:00:00,815.29
2023-06-08 19:00:00,467.32
2023-06-08 20:00:00,481.62
2023-06-08 21:00:00,160.4
2023-06-08 22:00:00,151.85
2023-06-08 23:00:00,176.86
2023-06-09 00:00:00,149.21
2023-06-09 01:00:00,158.0
2023-06-09 02:00:00,180.9
2023-06-09 03:00:00,136.39
2023-06-09 04:00:00,140.6
2023-06-09 05:00:00,158.2
2023-06-09 06:00:00,204.68
2023-06-09 07:00:00,525.89
2023-06-09 08:00:00,471.08
2023-06-09 09:00:00,788.41
2023-06-09 10:00:00,807.61
2023-06-09 11:00:00,872.1
2023-06-09 12:00:00,870.42
2023-06-09 13:00:00,877.12
2023-06-09 14:00:00,840.66
2023-06-09 15:00:00,860.86
2023-06-09 16:00:00,857.39
2023-06-09 17:00:00,863.02
2023-06-09 18:00:00,822.4
2023-06-09 19:00:00,496.7
2023-06-09 20:00:00,472.42
2023-06-09 21:00:00,183.87
2023-06-09 22:00:00,182.23
2023-06-09 23:00:00,167.3
2023-06-10 00:00:00,284.4
2023-06-10 01:00:00,259.63
2023-06-10 02:00:00,257.51
2023-06-10 03:00:00,227.22
2023-06-10 04:00:00,243.03
2023-06-10 05:00:00,238.18
2023-06-10 06:00:00,220.19
2023-06-10 07:00:00,243.15
2023-06-10 08:00:00,218.27
2023-06-10 09:00:00,256.59
2023-06-10 10:00:00,239.72
2023-06-10 11:00:00,231.11
2023-06-10 12:00:00,190.35
2023-06-10 13:00:00,229.28
2023-06-10 14:00:00,247.83
2023-06-10 15:00:00,224.17
2023-06-10 16:00:00,226.0
2023-06-10 17:00:00,256.47
2023-06-10 18:00:00,239.79
2023-06-10 19:00:00,234.15
2023-06-10 20:00:00,207.04
2023-06-10 21:00:00,252.82
2023-06-10 22:00:00,264.22
2023-06-10 23:00:00,250.44
2023-06-11 00:00:00,177.28
2023-06-11 01:00:00,239.91
2023-06-11 02:00:00,238.95
2023-06-11 03:00:00,254.91
2023-06-11 04:00:00,251.35
2023-06-11 05:00:00,235.09
2023-06-11 06:00:00,248.28
2023-06-11 07:00:00,236.29
2023-06-11 08:00:00,234.42
2023-06-11 09:00:00,225.26
2023-06-11 10:00:00,257.9
2023-06-11 11:00:00,222.99
2023-06-11 12:00:00,224.95
2023-06-11 13:00:00,257.23
2023-06-11 14:00:00,254.4
2023-06-11 15:00:00,227.61
2023-06-11 16:00:00,227.69
2023-06-11 17:00:00,255.72
2023-06-11 18:00:00,248.41
2023-06-11 19:00:00,272.62
2023-06-11 20:00:00,268.56
2023-06-11 21:00:00,205.09
2023-06-11 22:00:00,212.2
2023-06-11 23:00:00,213.63
2023-06-12 00:00:00,181.44
2023-06-12 01:00:00,204.76
2023-06-12 02:00:00,104.77
2023-06-12 03:00:00,160.01
2023-06-12 04:00:00,139.9
2023-06-12 05:00:00,178.72
2023-06-12 06:00:00,141.35
2023-06-12 07:00:00,519.25
2023-06-12 08:00:00,471.34
2023-06-12 09:00:00,815.87
2023-06-12 10:00:00,821.9
2023-06-12 11:00:00,813.11
2023-06-12 12:00:00,882.1
2023-06-12 13:00:00,861.92
2023-06-12 14:00:00,900.77
2023-06-12 15:00:00,825.5
2023-06-12 16:00:00,874.13
2023-06-12 17:00:00,818.68
2023-06-12 18:00:00,788.72
2023-06-12 19:00:00,468.42
2023-06-12 20:00:00,440.36
2023-06-12 21:00:00,162.82
2023-06-12 22:00:00,190.71
2023-06-12 23:00:00,168.92
2023-06-13 00:00:00,181.49
2023-06-13 01:00:00,143.13
2023-06-13 02:00:00,162.31
2023-06-13 03:00:00,160.37
2023-06-13 04:00:00,165.36
2023-06-13 05:00:00,194.46
2023-06-13 06:00:00,154.54
2023-06-13 07:00:00,466.11
2023-06-13 08:00:00,509.43
2023-06-13 09:00:00,823.33
2023-06-13 10:00:00,838.4
2023-06-13 11:00:00,851.15
2023-06-13 12:00:00,865.42
2023-06-13 13:00:00,887.38
2023-06-13 14:00:00,864.23
2023-06-13 15:00:00,850.36
2023-06-13 16:00:00,865.1
2023-06-13 17:00:00,829.29
2023-06-13 18:00:00,817.49
2023-06-13 19:00:00,474.06
2023-06-13 20:00:00,468.0
2023-06-13 21:00:00,120.03
2023-06-13 22:00:00,175.3
2023-06-13 23:00:00,159.39
2023-06-14 00:00:00,176.9
2023-06-14 01:00:00,145.77
2023-06-14 02:00:00,156.93
2023-06-14 03:00:00,131.35
2023-06-14 04:00:00,175.1
2023-06-14 05:00:00,166.8
2023-06-14 06:00:00,190.65
2023-06-14 07:00:00,471.83
2023-06-14 08:00:00,493.91
2023-06-14 09:00:00,796.68
2023-06-14 10:00:00,836.74
2023-06-14 11:00:00,828.06
2023-06-14 12:00:00,908.22
2023-06-14 13:00:00,856.84
2023-06-14 14:00:00,902.58
2023-06-14 15:00:00,865.46
2023-06-14 16:00:00,841.06
2023-06-14 17:00:00,850.54
2023-06-14 18:00:00,798.25
2023-06-14 19:00:00,464.62
2023-06-14 20:00:00,509.76
2023-06-14 21:00:00,197.46
2023-06-14 22:00:00,199.34
2023-06-14 23:00:00,165.04
2023-06-15 00:00:00,169.77
2023-06-15 01:00:00,213.39
2023-06-15 02:00:00,118.83
2023-06-15 03:00:00,190.88
2023-06-15 04:00:00,191.84
2023-06-15 05:00:00,172.49
2023-06-15 06:00:00,145.13
2023-06-15 07:00:00,494.98
2023-06-15 08:00:00,499.72
2023-06-15 09:00:00,805.76
2023-06-15 10:00:00,847.79
2023-06-15 11:00:00,852.87
2023-06-15 12:00:00,872.48
2023-06-15 13:00:00,853.86
2023-06-15 14:00:00,881.25
2023-06-15 15:00:00,839.28
2023-06-15 16:00:00,861.55
2023-06-15 17:00:00,831.0
2023-06-15 18:00:00,803.43
2023-06-15 19:00:00,460.48
2023-06-15 20:00:00,493.05
2023-06-15 21:00:00,183.79
2023-06-15 22:00:00,136.14
2023-06-15 23:00:00,152.39
2023-06-16 00:00:00,153.94
2023-06-16 01:00:00,165.32
2023-06-16 02:00:00,145.93
2023-06-16 03:00:00,149.59
2023-06-16 04:00:00,168.97
2023-06-16 05:00:00,149.4
2023-06-16 06:00:00,178.16
2023-06-16 07:00:00,489.3
2023-06-16 08:00:00,474.85
2023-06-16 09:00:00,809.41
2023-06-16 10:00:00,825.43
2023-06-16 11:00:00,861.63
2023-06-16 12:00:00,856.51
2023-06-16 13:00:00,861.27
2023-06-16 14:00:00,880.63
2023-06-16 15:00:00,834.95
2023-06-16 16:00:00,891.48
2023-06-16 17:00:00,849.17
2023-06-16 18:00:00,852.86
2023-06-16 19:00:00,463.17
2023-06-16 20:00:00,513.6
2023-06-16 21:00:00,164.4
2023-06-16 22:00:00,139.88
2023-06-16 23:00:00,145.13
2023-06-17 00:00:00,233.17
2023-06-17 01:00:00,245.96
2023-06-17 02:00:00,190.42
2023-06-17 03:00:00,263.07
2023-06-17 04:00:00,257.45
2023-06-17 05:00:00,247.1
2023-06-17 06:00:00,242.73
2023-06-17 07:00:00,254.87
2023-06-17 08:00:00,280.43
2023-06-17 09:00:00,230.16
2023-06-17 10:00:00,230.28
2023-06-17 11:00:00,249.39
2023-06-17 12:00:00,238.94
2023-06-17 13:00:00,247.31
2023-06-17 14:00:00,277.9
2023-06-17 15:00:00,239.43
2023-06-17 16:00:00,217.57
2023-06-17 17:00:00,217.07
2023-06-17 18:00:00,251.95
2023-06-17 19:00:00,228.87
2023-06-17 20:00:00,261.26
2023-06-17 21:00:00,267.42
2023-06-17 22:00:00,242.82
2023-06-17 23:00:00,217.99
2023-06-18 00:00:00,234.61
2023-06-18 01:00:00,281.03
2023-06-18 02:00:00,241.08
2023-06-18 03:00:00,235.33
2023-06-18 04:00:00,265.81
2023-06-18 05:00:00,222.7
2023-06-18 06:00:00,241.16
2023-06-18 07:00:00,223.98
2023-06-18 08:00:00,251.33
2023-06-18 09:00:00,242.51
2023-06-18 10:00:00,233.71
2023-06-18 11:00:00,237.56
2023-06-18 12:00:00,221.24
2023-06-18 13:00:00,269.93
2023-06-18 14:00:00,261.64
2023-06-18 15:00:00,235.06
2023-06-18 16:00:00,235.18
2023-06-18 17:00:00,205.42
2023-06-18 18:00:00,260.1
2023-06-18 19:00:00,259.98
2023-06-18 20:00:00,237.51
2023-06-18 21:00:00,231.25
2023-06-18 22:00:00,213.41
2023-06-18 23:00:00,242.05
2023-06-19 00:00:00,178.61
2023-06-19 01:00:00,177.35
2023-06-19 02:00:00,134.92
2023-06-19 03:00:00,122.64
2023-06-19 04:00:00,188.19
2023-06-19 05:00:00,149.35
2023-06-19 06:00:00,175.96
2023-06-19 07:00:00,502.91
2023-06-19 08:00:00,487.85
2023-06-19 09:00:00,797.49
2023-06-19 10:00:00,839.43
2023-06-19 11:00:00,843.73
2023-06-19 12:00:00,860.78
2023-06-19 13:00:00,901.04
2023-06-19 14:00:00,883.59
2023-06-19 15:00:00,881.81
2023-06-19 16:00:00,825.02
2023-06-19 17:00:00,845.95
2023-06-19 18:00:00,820.73
2023-06-19 19:00:00,473.71
2023-06-19 20:00:00,503.19
2023-06-19 21:00:00,168.0
2023-06-19 22:00:00,127.96
2023-06-19 23:00:00,154.4
2023-06-20 00:00:00,170.21
2023-06-20 01:00:00,187.95
2023-06-20 02:00:00,140.48
2023-06-20 03:00:00,196.85
2023-06-20 04:00:00,143.96
2023-06-20 05:00:00,186.0
2023-06-20 06:00:00,171.44
2023-06-20 07:00:00,465.67
2023-06-20 08:00:00,469.57
2023-06-20 09:00:00,804.34
2023-06-20 10:00:00,805.21
2023-06-20 11:00:00,867.75
2023-06-20 12:00:00,832.2
2023-06-20 13:00:00,917.17
2023-06-20 14:00:00,859.88
2023-06-20 15:00:00,916.01
2023-06-20 16:00:00,842.02
2023-06-20 17:00:00,816.05
2023-06-20 18:00:00,824.89
2023-06-20 19:00:00,484.65
2023-06-20 20:00:00,481.52
2023-06-20 21:00:00,142.78
2023-06-20 22:00:00,157.96
2023-06-20 23:00:00,190.43
2023-06-21 00:00:00,157.99
2023-06-21 01:00:00,189.07
2023-06-21 02:00:00,173.84
2023-06-21 03:00:00,161.83
2023-06-21 04:00:00,133.94
2023-06-21 05:00:00,154.21
2023-06-21 06:00:00,160.41
2023-06-21 07:00:00,467.11
2023-06-21 08:00:00,480.36
2023-06-21 09:00:00,805.07
2023-06-21 10:00:00,828.4
2023-06-21 11:00:00,850.79
2023-06-21 12:00:00,845.32
2023-06-21 13:00:00,920.76
2023-06-21 14:00:00,880.85
2023-06-21 15:00:00,875.9
2023-06-21 16:00:00,870.88
2023-06-21 17:00:00,835.7
2023-06-21 18:00:00,800.96
2023-06-21 19:00:00,488.24
2023-06-21 20:00:00,458.67
2023-06-21 21:00:00,191.49
2023-06-21 22:00:00,159.78
2023-06-21 23:00:00,144.09
2023-06-22 00:00:00,160.46
2023-06-22 01:00:00,165.82
2023-06-22 02:00:00,171.21
2023-06-22 03:00:00,182.52
2023-06-22 04:00:00,151.67
2023-06-22 05:00:00,144.05
2023-06-22 06:00:00,158.55
2023-06-22 07:00:00,457.99
2023-06-22 08:00:00,481.43
2023-06-22 09:00:00,828.05
2023-06-22 10:00:00,846.4
2023-06-22 11:00:00,837.54
2023-06-22 12:00:00,879.4
2023-06-22 13:00:00,870.1
2023-06-22 14:00:00,888.78
2023-06-22 15:00:00,858.35
2023-06-22 16:00:00,854.53
2023-06-22 17:00:00,832.62
2023-06-22 18:00:00,793.95
2023-06-22 19:00:00,463.63
2023-06-22 20:00:00,505.65
2023-06-22 21:00:00,152.5
2023-06-22 22:00:00,145.62
2023-06-22 23:00:00,144.1
2023-06-23 00:00:00,145.13
2023-06-23 01:00:00,156.12
2023-06-23 02:00:00,156.09
2023-06-23 03:00:00,155.8
2023-06-23 04:00:00,188.48
2023-06-23 05:00:00,166.82
2023-06-23 06:00:00,138.16
2023-06-23 07:00:00,497.26
2023-06-23 08:00:00,478.14
2023-06-23 09:00:00,772.77
2023-06-23 10:00:00,851.0
2023-06-23 11:00:00,877.61
2023-06-23 12:00:00,866.77
2023-06-23 13:00:00,873.58
2023-06-23 14:00:00,902.23
2023-06-23 15:00:00,907.94
2023-06-23 16:00:00,837.52
2023-06-23 17:00:00,788.34
2023-06-23 18:00:00,842.29
2023-06-23 19:00:00,491.55
2023-06-23 20:00:00,515.42
2023-06-23 21:00:00,143.5
2023-06-23 22:00:00,160.06
2023-06-23 23:00:00,154.46
2023-06-24 00:00:00,213.56
2023-06-24 01:00:00,202.75
2023-06-24 02:00:00,207.16
2023-06-24 03:00:00,223.94
2023-06-24 04:00:00,242.45
2023-06-24 05:00:00,251.14
2023-06-24 06:00:00,223.66
2023-06-24 07:00:00,233.4
2023-06-24 08:00:00,269.89
2023-06-24 09:00:00,231.5
2023-06-24 10:00:00,270.0
2023-06-24 11:00:00,225.18
2023-06-24 12:00:00,217.31
2023-06-24 13:00:00,232.86
2023-06-24 14:00:00,227.35
2023-06-24 15:00:00,213.74
2023-06-24 16:00:00,245.06
2023-06-24 17:00:00,269.11
2023-06-24 18:00:00,226.57
2023-06-24 19:00:00,233.58
2023-06-24 20:00:00,199.57
2023-06-24 21:00:00,226.01
2023-06-24 22:00:00,261.59
2023-06-24 23:00:00,233.2
2023-06-25 00:00:00,265.2
2023-06-25 01:00:00,259.91
2023-06-25 02:00:00,235.85
2023-06-25 03:00:00,222.68
2023-06-25 04:00:00,230.48
2023-06-25 05:00:00,248.03
2023-06-25 06:00:00,250.84
2023-06-25 07:00:00,240.88
2023-06-25 08:00:00,285.7
2023-06-25 09:00:00,197.82
2023-06-25 10:00:00,232.24
2023-06-25 11:00:00,279.17
2023-06-25 12:00:00,230.02
2023-06-25 13:00:00,182.86
2023-06-25 14:00:00,217.24
2023-06-25 15:00:00,246.38
2023-06-25 16:00:00,208.52
2023-06-25 17:00:00,263.61
2023-06-25 18:00:00,220.23
2023-06-25 19:00:00,225.25
2023-06-25 20:00:00,197.4
2023-06-25 21:00:00,227.68
2023-06-25 22:00:00,219.5
2023-06-25 23:00:00,236.8
2023-06-26 00:00:00,154.59
2023-06-26 01:00:00,144.74
2023-06-26 02:00:00,160.85
2023-06-26 03:00:00,156.62
2023-06-26 04:00:00,171.47
2023-06-26 05:00:00,174.61
2023-06-26 06:00:00,173.88
2023-06-26 07:00:00,436.91
2023-06-26 08:00:00,463.25
2023-06-26 09:00:00,791.4
2023-06-26 10:00:00,842.0
2023-06-26 11:00:00,850.12
2023-06-26 12:00:00,862.17
2023-06-26 13:00:00,854.09
2023-06-26 14:00:00,891.38
2023-06-26 15:00:00,927.51
2023-06-26 16:00:00,889.43
2023-06-26 17:00:00,840.36
2023-06-26 18:00:00,795.77
2023-06-26 19:00:00,464.14
2023-06-26 20:00:00,472.04
2023-06-26 21:00:00,142.1
2023-06-26 22:00:00,158.46
2023-06-26 23:00:00,157.13
2023-06-27 00:00:00,175.57
2023-06-27 01:00:00,159.18
2023-06-27 02:00:00,170.55
2023-06-27 03:00:00,164.32
2023-06-27 04:00:00,156.73
2023-06-27 05:00:00,187.27
2023-06-27 06:00:00,155.54
2023-06-27 07:00:00,483.13
2023-06-27 08:00:00,476.58
2023-06-27 09:00:00,794.23
2023-06-27 10:00:00,799.9
2023-06-27 11:00:00,861.3
2023-06-27 12:00:00,878.73
2023-06-27 13:00:00,900.81
2023-06-27 14:00:00,855.95
2023-06-27 15:00:00,899.78
2023-06-27 16:00:00,858.01
2023-06-27 17:00:00,801.92
2023-06-27 18:00:00,779.39
2023-06-27 19:00:00,492.31
2023-06-27 20:00:00,474.9
2023-06-27 21:00:00,157.06
2023-06-27 22:00:00,149.87
2023-06-27 23:00:00,155.19
2023-06-28 00:00:00,172.31
2023-06-28 01:00:00,177.04
2023-06-28 02:00:00,169.35
2023-06-28 03:00:00,132.81
2023-06-28 04:00:00,164.71
2023-06-28 05:00:00,190.25
2023-06-28 06:00:00,142.44
2023-06-28 07:00:00,478.45
2023-06-28 08:00:00,484.53
2023-06-28 09:00:00,799.83
2023-06-28 10:00:00,822.17
2023-06-28 11:00:00,871.73
2023-06-28 12:00:00,856.99
2023-06-28 13:00:00,909.51
2023-06-28 14:00:00,914.36
2023-06-28 15:00:00,849.78
2023-06-28 16:00:00,858.23
2023-06-28 17:00:00,818.56
2023-06-28 18:00:00,820.27
2023-06-28 19:00:00,462.38
2023-06-28 20:00:00,486.87
2023-06-28 21:00:00,150.88
2023-06-28 22:00:00,187.46
2023-06-28 23:00:00,161.62
2023-06-29 00:00:00,158.16
2023-06-29 01:00:00,172.91
2023-06-29 02:00:00,149.85
2023-06-29 03:00:00,164.31
2023-06-29 04:00:00,208.97
2023-06-29 05:00:00,160.09
2023-06-29 06:00:00,131.59
2023-06-29 07:00:00,478.16
2023-06-29 08:00:00,490.11
2023-06-29 09:00:00,804.28
2023-06-29 10:00:00,842.18
2023-06-29 11:00:00,865.9
2023-06-29 12:00:00,866.72
2023-06-29 13:00:00,904.9
2023-06-29 14:00:00,904.92
2023-06-29 15:00:00,893.62
2023-06-29 16:00:00,858.27
2023-06-29 17:00:00,832.26
2023-06-29 18:00:00,803.9
2023-06-29 19:00:00,485.44
2023-06-29 20:00:00,476.27
2023-06-29 21:00:00,111.99
2023-06-29 22:00:00,165.7
2023-06-29 23:00:00,186.89
2023-06-30 00:00:00,108.55
2023-06-30 01:00:00,185.82
2023-06-30 02:00:00,148.26
2023-06-30 03:00:00,161.26
2023-06-30 04:00:00,193.82
2023-06-30 05:00:00,157.67
2023-06-30 06:00:00,136.33
2023-06-30 07:00:00,439.44
2023-06-30 08:00:00,493.75
2023-06-30 09:00:00,794.14
2023-06-30 10:00:00,846.45
2023-06-30 11:00:00,836.56
2023-06-30 12:00:00,890.83
2023-06-30 13:00:00,901.97
2023-06-30 14:00:00,883.28
2023-06-30 15:00:00,857.57
2023-06-30 16:00:00,852.7
2023-06-30 17:00:00,802.4
2023-06-30 18:00:00,830.0
2023-06-30 19:00:00,482.77
2023-06-30 20:00:00,509.01
2023-06-30 21:00:00,154.0
2023-06-30 22:00:00,134.14
2023-06-30 23:00:00,164.26
2023-07-01 00:00:00,271.13
2023-07-01 01:00:00,293.53
2023-07-01 02:00:00,209.19
2023-07-01 03:00:00,206.76
2023-07-01 04:00:00,214.21
2023-07-01 05:00:00,244.82
2023-07-01 06:00:00,207.8
2023-07-01 07:00:00,231.92
2023-07-01 08:00:00,257.03
2023-07-01 09:00:00,233.6
2023-07-01 10:00:00,255.56
2023-07-01 11:00:00,206.52
2023-07-01 12:00:00,207.08
2023-07-01 13:00:00,242.44
2023-07-01 14:00:00,213.57
2023-07-01 15:00:00,262.71
2023-07-01 16:00:00,234.96
2023-07-01 17:00:00,241.15
2023-07-01 18:00:00,245.58
2023-07-01 19:00:00,201.75
2023-07-01 20:00:00,222.43
2023-07-01 21:00:00,223.12
2023-07-01 22:00:00,263.29
2023-07-01 23:00:00,213.98
2023-07-02 00:00:00,232.41
2023-07-02 01:00:00,244.52
2023-07-02 02:00:00,227.33
2023-07-02 03:00:00,195.9
2023-07-02 04:00:00,229.36
2023-07-02 05:00:00,266.24
2023-07-02 06:00:00,213.88
2023-07-02 07:00:00,278.75
2023-07-02 08:00:00,221.94
2023-07-02 09:00:00,271.01
2023-07-02 10:00:00,255.56
2023-07-02 11:00:00,211.0
2023-07-02 12:00:00,252.42
2023-07-02 13:00:00,238.06
2023-07-02 14:00:00,239.98
2023-07-02 15:00:00,272.7
2023-07-02 16:00:00,216.11
2023-07-02 17:00:00,235.4
2023-07-02 18:00:00,264.93
2023-07-02 19:00:00,266.31
2023-07-02 20:00:00,246.39
2023-07-02 21:00:00,223.96
2023-07-02 22:00:00,247.32
2023-07-02 23:00:00,240.68
2023-07-03 00:00:00,191.65
2023-07-03 01:00:00,130.11
2023-07-03 02:00:00,162.43
2023-07-03 03:00:00,173.09
2023-07-03 04:00:00,140.2
2023-07-03 05:00:00,147.86
2023-07-03 06:00:00,170.48
2023-07-03 07:00:00,492.9
2023-07-03 08:00:00,493.04
2023-07-03 09:00:00,761.16
2023-07-03 10:00:00,816.42
2023-07-03 11:00:00,900.32
2023-07-03 12:00:00,859.1
2023-07-03 13:00:00,888.89
2023-07-03 14:00:00,857.67
2023-07-03 15:00:00,879.33
2023-07-03 16:00:00,872.46
2023-07-03 17:00:00,811.98
2023-07-03 18:00:00,806.8
2023-07-03 19:00:00,500.61
2023-07-03 20:00:00,459.07
2023-07-03 21:00:00,133.53
2023-07-03 22:00:00,157.9
2023-07-03 23:00:00,142.45
2023-07-04 00:00:00,155.3
2023-07-04 01:00:00,164.32
2023-07-04 02:00:00,184.46
2023-07-04 03:00:00,178.13
2023-07-04 04:00:00,130.68
2023-07-04 05:00:00,183.26
2023-07-04 06:00:00,165.68
2023-07-04 07:00:00,431.41
2023-07-04 08:00:00,457.61
2023-07-04 09:00:00,766.05
2023-07-04 10:00:00,813.06
2023-07-04 11:00:00,826.21
2023-07-04 12:00:00,877.02
2023-07-04 13:00:00,869.02
2023-07-04 14:00:00,856.69
2023-07-04 15:00:00,863.91
2023-07-04 16:00:00,883.67
2023-07-04 17:00:00,855.05
2023-07-04 18:00:00,791.5
2023-07-04 19:00:00,472.69
2023-07-04 20:00:00,452.36
2023-07-04 21:00:00,180.73
2023-07-04 22:00:00,168.52
2023-07-04 23:00:00,135.57
2023-07-05 00:00:00,151.17
2023-07-05 01:00:00,197.42
2023-07-05 02:00:00,153.99
2023-07-05 03:00:00,198.82
2023-07-05 04:00:00,150.72
2023-07-05 05:00:00,133.75
2023-07-05 06:00:00,152.57
2023-07-05 07:00:00,468.59
2023-07-05 08:00:00,488.95
2023-07-05 09:00:00,779.15
2023-07-05 10:00:00,835.05
2023-07-05 11:00:00,846.1
2023-07-05 12:00:00,868.59
2023-07-05 13:00:00,884.78
2023-07-05 14:00:00,883.49
2023-07-05 15:00:00,897.09
2023-07-05 16:00:00,859.35
2023-07-05 17:00:00,833.41
2023-07-05 18:00:00,842.51
2023-07-05 19:00:00,504.82
2023-07-05 20:00:00,459.27
2023-07-05 21:00:00,153.46
2023-07-05 22:00:00,186.84
2023-07-05 23:00:00,163.73
2023-07-06 00:00:00,151.66
2023-07-06 01:00:00,142.78
2023-07-06 02:00:00,124.37
2023-07-06 03:00:00,189.7
2023-07-06 04:00:00,151.29
2023-07-06 05:00:00,175.0
2023-07-06 06:00:00,162.85
2023-07-06 07:00:00,458.81
2023-07-06 08:00:00,496.48
2023-07-06 09:00:00,808.74
2023-07-06 10:00:00,869.41
2023-07-06 11:00:00,869.48
2023-07-06 12:00:00,858.89
2023-07-06 13:00:00,896.15
2023-07-06 14:00:00,861.02
2023-07-06 15:00:00,890.42
2023-07-06 16:00:00,864.29
2023-07-06 17:00:00,836.27
2023-07-06 18:00:00,800.96
2023-07-06 19:00:00,489.15
2023-07-06 20:00:00,485.98
2023-07-06 21:00:00,156.89
2023-07-06 22:00:00,193.89
2023-07-06 23:00:00,147.62
2023-07-07 00:00:00,131.83
2023-07-07 01:00:00,145.09
2023-07-07 02:00:00,197.1
2023-07-07 03:00:00,164.37
2023-07-07 04:00:00,112.23
2023-07-07 05:00:00,163.24
2023-07-07 06:00:00,160.89
2023-07-07 07:00:00,459.73
2023-07-07 08:00:00,451.59
2023-07-07 09:00:00,782.06
2023-07-07 10:00:00,829.2
2023-07-07 11:00:00,819.78
2023-07-07 12:00:00,842.36
2023-07-07 13:00:00,864.11
2023-07-07 14:00:00,898.17
2023-07-07 15:00:00,846.54
2023-07-07 16:00:00,856.13
2023-07-07 17:00:00,805.5
2023-07-07 18:00:00,762.46
2023-07-07 19:00:00,429.81
2023-07-07 20:00:00,477.19
2023-07-07 21:00:00,148.19
2023-07-07 22:00:00,159.67
2023-07-07 23:00:00,161.25
2023-07-08 00:00:00,266.71
2023-07-08 01:00:00,270.4
2023-07-08 02:00:00,273.98
2023-07-08 03:00:00,233.01
2023-07-08 04:00:00,253.75
2023-07-08 05:00:00,215.38
2023-07-08 06:00:00,226.38
2023-07-08 07:00:00,244.63
2023-07-08 08:00:00,215.31
2023-07-08 09:00:00,243.84
2023-07-08 10:00:00,205.76
2023-07-08 11:00:00,226.12
2023-07-08 12:00:00,234.79
2023-07-08 13:00:00,226.44
2023-07-08 14:00:00,237.69
2023-07-08 15:00:00,249.41
2023-07-08 16:00:00,232.45
2023-07-08 17:00:00,226.72
2023-07-08 18:00:00,243.82
2023-07-08 19:00:00,235.53
2023-07-08 20:00:00,237.93
2023-07-08 21:00:00,244.33
2023-07-08 22:00:00,247.08
2023-07-08 23:00:00,249.45
2023-07-09 00:00:00,237.21
2023-07-09 01:00:00,221.5
2023-07-09 02:00:00,252.53
2023-07-09 03:00:00,236.66
2023-07-09 04:00:00,234.66
2023-07-09 05:00:00,259.04
2023-07-09 06:00:00,242.07
2023-07-09 07:00:00,217.39
2023-07-09 08:00:00,247.95
2023-07-09 09:00:00,258.34
2023-07-09 10:00:00,262.99
2023-07-09 11:00:00,247.14
2023-07-09 12:00:00,247.08
2023-07-09 13:00:00,283.64
2023-07-09 14:00:00,227.78
2023-07-09 15:00:00,263.78
2023-07-09 16:00:00,243.67
2023-07-09 17:00:00,249.13
2023-07-09 18:00:00,203.49
2023-07-09 19:00:00,238.12
2023-07-09 20:00:00,214.05
2023-07-09 21:00:00,219.36
2023-07-09 22:00:00,306.52
2023-07-09 23:00:00,216.84
2023-07-10 00:00:00,188.12
2023-07-10 01:00:00,174.58
2023-07-10 02:00:00,147.15
2023-07-10 03:00:00,138.76
2023-07-10 04:00:00,152.4
2023-07-10 05:00:00,164.22
2023-07-10 06:00:00,149.14
2023-07-10 07:00:00,482.68
2023-07-10 08:00:00,494.37
2023-07-10 09:00:00,804.05
2023-07-10 10:00:00,812.03
2023-07-10 11:00:00,845.05
2023-07-10 12:00:00,862.93
2023-07-10 13:00:00,878.36
2023-07-10 14:00:00,901.35
2023-07-10 15:00:00,883.25
2023-07-10 16:00:00,844.97
2023-07-10 17:00:00,837.44
2023-07-10 18:00:00,788.26
2023-07-10 19:00:00,505.44
2023-07-10 20:00:00,462.96
2023-07-10 21:00:00,133.85
2023-07-10 22:00:00,186.11
2023-07-10 23:00:00,162.36
2023-07-11 00:00:00,151.3
2023-07-11 01:00:00,154.77
2023-07-11 02:00:00,154.43
2023-07-11 03:00:00,174.34
2023-07-11 04:00:00,143.7
2023-07-11 05:00:00,150.04
2023-07-11 06:00:00,140.7
2023-07-11 07:00:00,521.09
2023-07-11 08:00:00,478.09
2023-07-11 09:00:00,807.29
2023-07-11 10:00:00,834.18
2023-07-11 11:00:00,877.72
2023-07-11 12:00:00,876.87
2023-07-11 13:00:00,859.86
2023-07-11 14:00:00,855.56
2023-07-11 15:00:00,866.55
2023-07-11 16:00:00,832.88
2023-07-11 17:00:00,879.23
2023-07-11 18:00:00,814.63
2023-07-11 19:00:00,484.32
2023-07-11 20:00:00,473.82
2023-07-11 21:00:00,147.83
2023-07-11 22:00:00,156.5
2023-07-11 23:00:00,152.79
2023-07-12 00:00:00,174.67
2023-07-12 01:00:00,173.33
2023-07-12 02:00:00,122.05
2023-07-12 03:00:00,149.08
2023-07-12 04:00:00,129.77
2023-07-12 05:00:00,114.39
2023-07-12 06:00:00,121.48
2023-07-12 07:00:00,475.42
2023-07-12 08:00:00,485.72
2023-07-12 09:00:00,803.73
2023-07-12 10:00:00,844.12
2023-07-12 11:00:00,849.54
2023-07-12 12:00:00,847.22
2023-07-12 13:00:00,846.64
2023-07-12 14:00:00,875.35
2023-07-12 15:00:00,851.0
2023-07-12 16:00:00,853.31
2023-07-12 17:00:00,853.53
2023-07-12 18:00:00,816.96
2023-07-12 19:00:00,497.91
2023-07-12 20:00:00,469.26
2023-07-12 21:00:00,151.51
2023-07-12 22:00:00,134.03
2023-07-12 23:00:00,155.97
2023-07-13 00:00:00,183.39
2023-07-13 01:00:00,155.41
2023-07-13 02:00:00,139.29
2023-07-13 03:00:00,180.38
2023-07-13 04:00:00,186.53
2023-07-13 05:00:00,157.89
2023-07-13 06:00:00,153.28
2023-07-13 07:00:00,497.78
2023-07-13 08:00:00,487.87
2023-07-13 09:00:00,769.93
2023-07-13 10:00:00,810.8
2023-07-13 11:00:00,843.38
2023-07-13 12:00:00,843.87
2023-07-13 13:00:00,900.05
2023-07-13 14:00:00,886.36
2023-07-13 15:00:00,882.76
2023-07-13 16:00:00,845.98
2023-07-13 17:00:00,839.08
2023-07-13 18:00:00,786.8
2023-07-13 19:00:00,464.66
2023-07-13 20:00:00,485.0
2023-07-13 21:00:00,123.89
2023-07-13 22:00:00,183.27
2023-07-13 23:00:00,170.65
2023-07-14 00:00:00,160.84
2023-07-14 01:00:00,132.4
2023-07-14 02:00:00,181.27
2023-07-14 03:00:00,191.28
2023-07-14 04:00:00,168.57
2023-07-14 05:00:00,176.36
2023-07-14 06:00:00,163.42
2023-07-14 07:00:00,477.98
2023-07-14 08:00:00,460.92
2023-07-14 09:00:00,790.37
2023-07-14 10:00:00,787.86
2023-07-14 11:00:00,820.42
2023-07-14 12:00:00,856.91
2023-07-14 13:00:00,863.89
2023-07-14 14:00:00,831.7
2023-07-14 15:00:00,870.09
2023-07-14 16:00:00,837.31
2023-07-14 17:00:00,839.04
2023-07-14 18:00:00,804.54
2023-07-14 19:00:00,501.3
2023-07-14 20:00:00,473.82
2023-07-14 21:00:00,175.32
2023-07-14 22:00:00,160.09
2023-07-14 23:00:00,157.85
2023-07-15 00:00:00,262.18
2023-07-15 01:00:00,276.48
2023-07-15 02:00:00,236.1
2023-07-15 03:00:00,230.73
2023-07-15 04:00:00,243.61
2023-07-15 05:00:00,236.05
2023-07-15 06:00:00,256.33
2023-07-15 07:00:00,238.17
2023-07-15 08:00:00,274.77
2023-07-15 09:00:00,263.46
2023-07-15 10:00:00,247.39
2023-07-15 11:00:00,221.38
2023-07-15 12:00:00,251.31
2023-07-15 13:00:00,229.84
2023-07-15 14:00:00,257.97
2023-07-15 15:00:00,237.69
2023-07-15 16:00:00,257.44
2023-07-15 17:00:00,241.5
2023-07-15 18:00:00,217.52
2023-07-15 19:00:00,246.49
2023-07-15 20:00:00,293.65
2023-07-15 21:00:00,234.94
2023-07-15 22:00:00,180.88
2023-07-15 23:00:00,236.76
2023-07-16 00:00:00,236.71
2023-07-16 01:00:00,235.41
2023-07-16 02:00:00,213.63
2023-07-16 03:00:00,228.35
2023-07-16 04:00:00,241.93
2023-07-16 05:00:00,248.42
2023-07-16 06:00:00,252.26
2023-07-16 07:00:00,221.07
2023-07-16 08:00:00,237.36
2023-07-16 09:00:00,221.44
2023-07-16 10:00:00,242.57
2023-07-16 11:00:00,207.53
2023-07-16 12:00:00,213.3
2023-07-16 13:00:00,231.97
2023-07-16 14:00:00,236.61
2023-07-16 15:00:00,254.89
2023-07-16 16:00:00,242.43
2023-07-16 17:00:00,225.14
2023-07-16 18:00:00,241.52
2023-07-16 19:00:00,207.4
2023-07-16 20:00:00,269.59
2023-07-16 21:00:00,258.04
2023-07-16 22:00:00,219.78
2023-07-16 23:00:00,261.9
2023-07-17 00:00:00,145.38
2023-07-17 01:00:00,181.95
2023-07-17 02:00:00,172.84
2023-07-17 03:00:00,158.85
2023-07-17 04:00:00,154.34
2023-07-17 05:00:00,146.08
2023-07-17 06:00:00,159.95
2023-07-17 07:00:00,469.92
2023-07-17 08:00:00,494.91
2023-07-17 09:00:00,806.77
2023-07-17 10:00:00,833.0
2023-07-17 11:00:00,802.08
2023-07-17 12:00:00,868.23
2023-07-17 13:00:00,887.47
2023-07-17 14:00:00,894.5
2023-07-17 15:00:00,899.29
2023-07-17 16:00:00,857.54
2023-07-17 17:00:00,804.82
2023-07-17 18:00:00,806.18
2023-07-17 19:00:00,459.89
2023-07-17 20:00:00,466.53
2023-07-17 21:00:00,163.09
2023-07-17 22:00:00,151.17
2023-07-17 23:00:00,140.23
2023-07-18 00:00:00,179.59
2023-07-18 01:00:00,202.0
2023-07-18 02:00:00,173.53
2023-07-18 03:00:00,148.08
2023-07-18 04:00:00,177.03
2023-07-18 05:00:00,143.24
2023-07-18 06:00:00,142.88
2023-07-18 07:00:00,461.13
2023-07-18 08:00:00,479.94
2023-07-18 09:00:00,790.36
2023-07-18 10:00:00,816.13
2023-07-18 11:00:00,845.22
2023-07-18 12:00:00,858.28
2023-07-18 13:00:00,832.55
2023-07-18 14:00:00,895.26
2023-07-18 15:00:00,867.83
2023-07-18 16:00:00,837.68
2023-07-18 17:00:00,829.19
2023-07-18 18:00:00,783.67
2023-07-18 19:00:00,498.95
2023-07-18 20:00:00,507.07
2023-07-18 21:00:00,159.04
2023-07-18 22:00:00,128.95
2023-07-18 23:00:00,154.37
2023-07-19 00:00:00,149.33
2023-07-19 01:00:00,183.39
2023-07-19 02:00:00,162.97
2023-07-19 03:00:00,167.71
2023-07-19 04:00:00,140.77
2023-07-19 05:00:00,114.4
2023-07-19 06:00:00,180.95
2023-07-19 07:00:00,488.95
2023-07-19 08:00:00,492.34
2023-07-19 09:00:00,809.66
2023-07-19 10:00:00,790.0
2023-07-19 11:00:00,857.16
2023-07-19 12:00:00,856.02
2023-07-19 13:00:00,903.81
2023-07-19 14:00:00,909.58
2023-07-19 15:00:00,831.78
2023-07-19 16:00:00,876.53
2023-07-19 17:00:00,812.76
2023-07-19 18:00:00,806.31
2023-07-19 19:00:00,498.13
2023-07-19 20:00:00,492.69
2023-07-19 21:00:00,149.96
2023-07-19 22:00:00,149.94
2023-07-19 23:00:00,140.82
2023-07-20 00:00:00,144.33
2023-07-20 01:00:00,170.92
2023-07-20 02:00:00,181.81
2023-07-20 03:00:00,123.62
2023-07-20 04:00:00,185.87
2023-07-20 05:00:00,145.21
2023-07-20 06:00:00,140.08
2023-07-20 07:00:00,508.96
2023-07-20 08:00:00,459.99
2023-07-20 09:00:00,793.44
2023-07-20 10:00:00,834.49
2023-07-20 11:00:00,844.54
2023-07-20 12:00:00,894.75
2023-07-20 13:00:00,894.85
2023-07-20 14:00:00,876.27
2023-07-20 15:00:00,896.77
2023-07-20 16:00:00,892.6
2023-07-20 17:00:00,826.75
2023-07-20 18:00:00,812.82
2023-07-20 19:00:00,491.23
2023-07-20 20:00:00,480.31
2023-07-20 21:00:00,146.9
2023-07-20 22:00:00,150.64
2023-07-20 23:00:00,161.35
2023-07-21 00:00:00,169.91
2023-07-21 01:00:00,166.3
2023-07-21 02:00:00,168.69
2023-07-21 03:00:00,126.97
2023-07-21 04:00:00,159.24
2023-07-21 05:00:00,157.66
2023-07-21 06:00:00,181.06
2023-07-21 07:00:00,510.85
2023-07-21 08:00:00,440.78
2023-07-21 09:00:00,793.98
2023-07-21 10:00:00,822.13
2023-07-21 11:00:00,851.38
2023-07-21 12:00:00,860.74
2023-07-21 13:00:00,919.8
2023-07-21 14:00:00,872.68
2023-07-21 15:00:00,858.73
2023-07-21 16:00:00,870.41
2023-07-21 17:00:00,774.5
2023-07-21 18:00:00,798.87
2023-07-21 19:00:00,473.79
2023-07-21 20:00:00,473.87
2023-07-21 21:00:00,121.08
2023-07-21 22:00:00,173.87
2023-07-21 23:00:00,186.4
2023-07-22 00:00:00,225.33
2023-07-22 01:00:00,266.34
2023-07-22 02:00:00,231.67
2023-07-22 03:00:00,246.76
2023-07-22 04:00:00,254.34
2023-07-22 05:00:00,194.45
2023-07-22 06:00:00,249.11
2023-07-22 07:00:00,253.01
2023-07-22 08:00:00,245.43
2023-07-22 09:00:00,270.23
2023-07-22 10:00:00,225.61
2023-07-22 11:00:00,240.38
2023-07-22 12:00:00,265.39
2023-07-22 13:00:00,250.43
2023-07-22 14:00:00,208.76
2023-07-22 15:00:00,275.22
2023-07-22 16:00:00,203.57
2023-07-22 17:00:00,227.2
2023-07-22 18:00:00,248.3
2023-07-22 19:00:00,199.0
2023-07-22 20:00:00,228.21
2023-07-22 21:00:00,222.67
2023-07-22 22:00:00,252.35
2023-07-22 23:00:00,211.73
2023-07-23 00:00:00,221.07
2023-07-23 01:00:00,225.15
2023-07-23 02:00:00,245.2
2023-07-23 03:00:00,237.37
2023-07-23 04:00:00,237.36
2023-07-23 05:00:00,250.28
2023-07-23 06:00:00,202.72
2023-07-23 07:00:00,208.37
2023-07-23 08:00:00,240.66
2023-07-23 09:00:00,244.46
2023-07-23 10:00:00,239.15
2023-07-23 11:00:00,221.53
2023-07-23 12:00:00,253.55
2023-07-23 13:00:00,245.46
2023-07-23 14:00:00,258.88
2023-07-23 15:00:00,245.39
2023-07-23 16:00:00,204.34
2023-07-23 17:00:00,278.53
2023-07-23 18:00:00,233.43
2023-07-23 19:00:00,199.88
2023-07-23 20:00:00,243.66
2023-07-23 21:00:00,256.29
2023-07-23 22:00:00,227.02
2023-07-23 23:00:00,257.03
2023-07-24 00:00:00,149.25
2023-07-24 01:00:00,152.39
2023-07-24 02:00:00,111.32
2023-07-24 03:00:00,193.05
2023-07-24 04:00:00,169.9
2023-07-24 05:00:00,132.19
2023-07-24 06:00:00,190.48
2023-07-24 07:00:00,481.84
2023-07-24 08:00:00,494.93
2023-07-24 09:00:00,824.87
2023-07-24 10:00:00,839.12
2023-07-24 11:00:00,829.56
2023-07-24 12:00:00,875.3
2023-07-24 13:00:00,892.26
2023-07-24 14:00:00,883.94
2023-07-24 15:00:00,906.27
2023-07-24 16:00:00,840.57
2023-07-24 17:00:00,833.77
2023-07-24 18:00:00,787.13
2023-07-24 19:00:00,484.94
2023-07-24 20:00:00,510.4
2023-07-24 21:00:00,141.6
2023-07-24 22:00:00,130.33
2023-07-24 23:00:00,135.93
2023-07-25 00:00:00,155.76
2023-07-25 01:00:00,153.26
2023-07-25 02:00:00,164.01
2023-07-25 03:00:00,153.87
2023-07-25 04:00:00,174.36
2023-07-25 05:00:00,137.86
2023-07-25 06:00:00,195.4
2023-07-25 07:00:00,483.21
2023-07-25 08:00:00,493.6
2023-07-25 09:00:00,849.0
2023-07-25 10:00:00,836.24
2023-07-25 11:00:00,832.59
2023-07-25 12:00:00,890.31
2023-07-25 13:00:00,857.05
2023-07-25 14:00:00,866.35
2023-07-25 15:00:00,883.55
2023-07-25 16:00:00,864.42
2023-07-25 17:00:00,837.55
2023-07-25 18:00:00,763.34
2023-07-25 19:00:00,489.07
2023-07-25 20:00:00,487.5
2023-07-25 21:00:00,172.29
2023-07-25 22:00:00,111.85
2023-07-25 23:00:00,163.09
2023-07-26 00:00:00,163.18
2023-07-26 01:00:00,162.48
2023-07-26 02:00:00,156.35
2023-07-26 03:00:00,154.43
2023-07-26 04:00:00,168.68
2023-07-26 05:00:00,191.8
2023-07-26 06:00:00,137.84
2023-07-26 07:00:00,478.38
2023-07-26 08:00:00,463.66
2023-07-26 09:00:00,797.66
2023-07-26 10:00:00,813.89
2023-07-26 11:00:00,823.66
2023-07-26 12:00:00,852.83
2023-07-26 13:00:00,895.64
2023-07-26 14:00:00,866.8
2023-07-26 15:00:00,889.88
2023-07-26 16:00:00,856.84
2023-07-26 17:00:00,840.56
2023-07-26 18:00:00,783.99
2023-07-26 19:00:00,471.27
2023-07-26 20:00:00,505.18
2023-07-26 21:00:00,151.7
2023-07-26 22:00:00,156.8
2023-07-26 23:00:00,155.55
2023-07-27 00:00:00,137.43
2023-07-27 01:00:00,168.42
2023-07-27 02:00:00,187.63
2023-07-27 03:00:00,147.91
2023-07-27 04:00:00,152.64
2023-07-27 05:00:00,157.03
2023-07-27 06:00:00,174.88
2023-07-27 07:00:00,487.57
2023-07-27 08:00:00,467.16
2023-07-27 09:00:00,827.93
2023-07-27 10:00:00,843.05
2023-07-27 11:00:00,826.24
2023-07-27 12:00:00,885.27
2023-07-27 13:00:00,856.06
2023-07-27 14:00:00,884.31
2023-07-27 15:00:00,856.23
2023-07-27 16:00:00,907.56
2023-07-27 17:00:00,853.3
2023-07-27 18:00:00,794.66
2023-07-27 19:00:00,497.23
2023-07-27 20:00:00,505.09
2023-07-27 21:00:00,139.28
2023-07-27 22:00:00,186.74
2023-07-27 23:00:00,167.64
2023-07-28 00:00:00,141.35
2023-07-28 01:00:00,158.53
2023-07-28 02:00:00,197.17
2023-07-28 03:00:00,155.6
2023-07-28 04:00:00,165.53
2023-07-28 05:00:00,180.45
2023-07-28 06:00:00,145.84
2023-07-28 07:00:00,472.19
2023-07-28 08:00:00,524.09
2023-07-28 09:00:00,784.97
2023-07-28 10:00:00,830.89
2023-07-28 11:00:00,881.61
2023-07-28 12:00:00,868.39
2023-07-28 13:00:00,881.24
2023-07-28 14:00:00,877.14
2023-07-28 15:00:00,862.77
2023-07-28 16:00:00,863.92
2023-07-28 17:00:00,813.74
2023-07-28 18:00:00,813.22
2023-07-28 19:00:00,483.26
2023-07-28 20:00:00,473.6
2023-07-28 21:00:00,158.1
2023-07-28 22:00:00,187.93
2023-07-28 23:00:00,191.91
2023-07-29 00:00:00,275.61
2023-07-29 01:00:00,244.72
2023-07-29 02:00:00,193.81
2023-07-29 03:00:00,236.68
2023-07-29 04:00:00,258.45
2023-07-29 05:00:00,237.19
2023-07-29 06:00:00,229.11
2023-07-29 07:00:00,227.59
2023-07-29 08:00:00,264.0
2023-07-29 09:00:00,232.2
2023-07-29 10:00:00,224.02
2023-07-29 11:00:00,269.53
2023-07-29 12:00:00,294.39
2023-07-29 13:00:00,225.16
2023-07-29 14:00:00,227.01
2023-07-29 15:00:00,261.39
2023-07-29 16:00:00,212.3
2023-07-29 17:00:00,205.9
2023-07-29 18:00:00,221.24
2023-07-29 19:00:00,250.69
2023-07-29 20:00:00,254.34
2023-07-29 21:00:00,227.37
2023-07-29 22:00:00,201.6
2023-07-29 23:00:00,249.68
2023-07-30 00:00:00,232.35
2023-07-30 01:00:00,250.88
2023-07-30 02:00:00,252.79
2023-07-30 03:00:00,192.53
2023-07-30 04:00:00,255.9
2023-07-30 05:00:00,258.51
2023-07-30 06:00:00,258.09
2023-07-30 07:00:00,247.98
2023-07-30 08:00:00,215.91
2023-07-30 09:00:00,243.56
2023-07-30 10:00:00,243.97
2023-07-30 11:00:00,202.41
2023-07-30 12:00:00,224.27
2023-07-30 13:00:00,235.44
2023-07-30 14:00:00,244.92
2023-07-30 15:00:00,212.91
2023-07-30 16:00:00,259.13
2023-07-30 17:00:00,208.03
2023-07-30 18:00:00,258.43
2023-07-30 19:00:00,234.47
2023-07-30 20:00:00,273.2
2023-07-30 21:00:00,245.04
2023-07-30 22:00:00,228.83
2023-07-30 23:00:00,245.99
2023-07-31 00:00:00,165.18
2023-07-31 01:00:00,132.58
2023-07-31 02:00:00,179.69
2023-07-31 03:00:00,143.66
2023-07-31 04:00:00,161.27
2023-07-31 05:00:00,170.18
2023-07-31 06:00:00,179.56
2023-07-31 07:00:00,471.53
2023-07-31 08:00:00,447.76
2023-07-31 09:00:00,799.7
2023-07-31 10:00:00,838.14
2023-07-31 11:00:00,843.47
2023-07-31 12:00:00,866.4
2023-07-31 13:00:00,889.61
2023-07-31 14:00:00,903.77
2023-07-31 15:00:00,858.79
2023-07-31 16:00:00,853.5
2023-07-31 17:00:00,872.51
2023-07-31 18:00:00,822.53
2023-07-31 19:00:00,443.12
2023-07-31 20:00:00,471.55
2023-07-31 21:00:00,133.93
2023-07-31 22:00:00,184.98
2023-07-31 23:00:00,166.37
2023-08-01 00:00:00,153.28
2023-08-01 01:00:00,167.17
2023-08-01 02:00:00,149.6
2023-08-01 03:00:00,163.16
2023-08-01 04:00:00,170.51
2023-08-01 05:00:00,151.14
2023-08-01 06:00:00,134.08
2023-08-01 07:00:00,481.25
2023-08-01 08:00:00,483.26
2023-08-01 09:00:00,830.3
2023-08-01 10:00:00,821.56
2023-08-01 11:00:00,840.49
2023-08-01 12:00:00,910.69
2023-08-01 13:00:00,868.15
2023-08-01 14:00:00,902.27
2023-08-01 15:00:00,863.45
2023-08-01 16:00:00,835.22
2023-08-01 17:00:00,842.97
2023-08-01 18:00:00,807.01
2023-08-01 19:00:00,474.46
2023-08-01 20:00:00,486.27
2023-08-01 21:00:00,197.14
2023-08-01 22:00:00,189.49
2023-08-01 23:00:00,167.05
2023-08-02 00:00:00,148.78
2023-08-02 01:00:00,155.16
2023-08-02 02:00:00,158.37
2023-08-02 03:00:00,164.54
2023-08-02 04:00:00,180.92
2023-08-02 05:00:00,186.5
2023-08-02 06:00:00,174.91
2023-08-02 07:00:00,470.71
2023-08-02 08:00:00,469.63
2023-08-02 09:00:00,746.13
2023-08-02 10:00:00,812.61
2023-08-02 11:00:00,881.41
2023-08-02 12:00:00,906.03
2023-08-02 13:00:00,910.29
2023-08-02 14:00:00,890.37
2023-08-02 15:00:00,869.47
2023-08-02 16:00:00,843.42
2023-08-02 17:00:00,845.45
2023-08-02 18:00:00,797.28
2023-08-02 19:00:00,489.01
2023-08-02 20:00:00,478.61
2023-08-02 21:00:00,149.5
2023-08-02 22:00:00,130.07
2023-08-02 23:00:00,176.84
2023-08-03 00:00:00,177.05
2023-08-03 01:00:00,181.55
2023-08-03 02:00:00,173.25
2023-08-03 03:00:00,132.64
2023-08-03 04:00:00,162.6
2023-08-03 05:00:00,151.5
2023-08-03 06:00:00,186.4
2023-08-03 07:00:00,505.66
2023-08-03 08:00:00,490.96
2023-08-03 09:00:00,782.2
2023-08-03 10:00:00,825.98
2023-08-03 11:00:00,877.77
2023-08-03 12:00:00,874.49
2023-08-03 13:00:00,857.59
2023-08-03 14:00:00,865.34
2023-08-03 15:00:00,919.05
2023-08-03 16:00:00,856.88
2023-08-03 17:00:00,841.53
2023-08-03 18:00:00,853.37
2023-08-03 19:00:00,493.32
2023-08-03 20:00:00,474.84
2023-08-03 21:00:00,173.83
2023-08-03 22:00:00,162.66
2023-08-03 23:00:00,178.5
2023-08-04 00:00:00,132.72
2023-08-04 01:00:00,158.77
2023-08-04 02:00:00,133.0
2023-08-04 03:00:00,123.02
2023-08-04 04:00:00,144.66
2023-08-04 05:00:00,132.15
2023-08-04 06:00:00,171.79
2023-08-04 07:00:00,484.35
2023-08-04 08:00:00,498.78
2023-08-04 09:00:00,782.67
2023-08-04 10:00:00,827.72
2023-08-04 11:00:00,854.93
2023-08-04 12:00:00,886.34
2023-08-04 13:00:00,894.5
2023-08-04 14:00:00,922.51
2023-08-04 15:00:00,866.81
2023-08-04 16:00:00,830.71
2023-08-04 17:00:00,793.15
2023-08-04 18:00:00,811.8
2023-08-04 19:00:00,433.37
2023-08-04 20:00:00,455.01
2023-08-04 21:00:00,184.0
2023-08-04 22:00:00,167.25
2023-08-04 23:00:00,142.54
2023-08-05 00:00:00,239.77
2023-08-05 01:00:00,238.5
2023-08-05 02:00:00,245.01
2023-08-05 03:00:00,226.02
2023-08-05 04:00:00,236.09
2023-08-05 05:00:00,248.22
2023-08-05 06:00:00,231.42
2023-08-05 07:00:00,258.13
2023-08-05 08:00:00,236.05
2023-08-05 09:00:00,285.48
2023-08-05 10:00:00,219.36
2023-08-05 11:00:00,254.42
2023-08-05 12:00:00,249.77
2023-08-05 13:00:00,242.3
2023-08-05 14:00:00,272.2
2023-08-05 15:00:00,225.04
2023-08-05 16:00:00,205.21
2023-08-05 17:00:00,191.9
2023-08-05 18:00:00,264.63
2023-08-05 19:00:00,236.32
2023-08-05 20:00:00,261.99
2023-08-05 21:00:00,244.5
2023-08-05 22:00:00,238.51
2023-08-05 23:00:00,267.67
2023-08-06 00:00:00,232.98
2023-08-06 01:00:00,214.63
2023-08-06 02:00:00,241.68
2023-08-06 03:00:00,231.04
2023-08-06 04:00:00,261.57
2023-08-06 05:00:00,236.15
2023-08-06 06:00:00,220.44
2023-08-06 07:00:00,208.92
2023-08-06 08:00:00,261.85
2023-08-06 09:00:00,233.06
2023-08-06 10:00:00,244.89
2023-08-06 11:00:00,198.98
2023-08-06 12:00:00,247.31
2023-08-06 13:00:00,227.7
2023-08-06 14:00:00,243.77
2023-08-06 15:00:00,208.23
2023-08-06 16:00:00,202.99
2023-08-06 17:00:00,263.06
2023-08-06 18:00:00,222.64
2023-08-06 19:00:00,256.3
2023-08-06 20:00:00,233.78
2023-08-06 21:00:00,222.84
2023-08-06 22:00:00,185.78
2023-08-06 23:00:00,229.66
2023-08-07 00:00:00,153.68
2023-08-07 01:00:00,151.63
2023-08-07 02:00:00,140.32
2023-08-07 03:00:00,161.06
2023-08-07 04:00:00,181.06
2023-08-07 05:00:00,151.16
2023-08-07 06:00:00,160.15
2023-08-07 07:00:00,471.9
2023-08-07 08:00:00,492.81
2023-08-07 09:00:00,783.96
2023-08-07 10:00:00,804.2
2023-08-07 11:00:00,860.58
2023-08-07 12:00:00,868.29
2023-08-07 13:00:00,887.55
2023-08-07 14:00:00,872.83
2023-08-07 15:00:00,870.74
2023-08-07 16:00:00,871.03
2023-08-07 17:00:00,831.13
2023-08-07 18:00:00,776.84
2023-08-07 19:00:00,493.53
2023-08-07 20:00:00,456.64
2023-08-07 21:00:00,120.16
2023-08-07 22:00:00,143.24
2023-08-07 23:00:00,196.82
2023-08-08 00:00:00,172.0
2023-08-08 01:00:00,164.18
2023-08-08 02:00:00,172.36
2023-08-08 03:00:00,189.15
2023-08-08 04:00:00,163.32
2023-08-08 05:00:00,153.78
2023-08-08 06:00:00,165.77
2023-08-08 07:00:00,475.54
2023-08-08 08:00:00,475.73
2023-08-08 09:00:00,837.05
2023-08-08 10:00:00,831.55
2023-08-08 11:00:00,851.27
2023-08-08 12:00:00,880.01
2023-08-08 13:00:00,827.21
2023-08-08 14:00:00,855.98
2023-08-08 15:00:00,848.61
2023-08-08 16:00:00,857.47
2023-08-08 17:00:00,875.18
2023-08-08 18:00:00,790.15
2023-08-08 19:00:00,488.56
2023-08-08 20:00:00,478.03
2023-08-08 21:00:00,160.97
2023-08-08 22:00:00,147.34
2023-08-08 23:00:00,149.09
2023-08-09 00:00:00,146.86
2023-08-09 01:00:00,155.53
2023-08-09 02:00:00,179.64
2023-08-09 03:00:00,171.37
2023-08-09 04:00:00,148.67
2023-08-09 05:00:00,171.15
2023-08-09 06:00:00,173.46
2023-08-09 07:00:00,494.88
2023-08-09 08:00:00,476.54
2023-08-09 09:00:00,818.51
2023-08-09 10:00:00,833.82
2023-08-09 11:00:00,867.4
2023-08-09 12:00:00,869.33
2023-08-09 13:00:00,869.96
2023-08-09 14:00:00,873.11
2023-08-09 15:00:00,836.83
2023-08-09 16:00:00,869.9
2023-08-09 17:00:00,826.65
2023-08-09 18:00:00,802.42
2023-08-09 19:00:00,473.13
2023-08-09 20:00:00,482.75
2023-08-09 21:00:00,193.29
2023-08-09 22:00:00,172.42
2023-08-09 23:00:00,128.14
2023-08-10 00:00:00,156.55
2023-08-10 01:00:00,186.91
2023-08-10 02:00:00,146.85
2023-08-10 03:00:00,177.45
2023-08-10 04:00:00,173.22
2023-08-10 05:00:00,177.94
2023-08-10 06:00:00,163.59
2023-08-10 07:00:00,509.1
2023-08-10 08:00:00,500.5
2023-08-10 09:00:00,796.64
2023-08-10 10:00:00,814.7
2023-08-10 11:00:00,873.41
2023-08-10 12:00:00,854.9
2023-08-10 13:00:00,926.81
2023-08-10 14:00:00,891.61
2023-08-10 15:00:00,870.33
2023-08-10 16:00:00,863.28
2023-08-10 17:00:00,819.5
2023-08-10 18:00:00,791.52
2023-08-10 19:00:00,474.93
2023-08-10 20:00:00,449.29
2023-08-10 21:00:00,146.13
2023-08-10 22:00:00,142.78
2023-08-10 23:00:00,175.48
2023-08-11 00:00:00,126.99
2023-08-11 01:00:00,134.66
2023-08-11 02:00:00,125.59
2023-08-11 03:00:00,137.24
2023-08-11 04:00:00,160.64
2023-08-11 05:00:00,194.4
2023-08-11 06:00:00,113.48
2023-08-11 07:00:00,477.85
2023-08-11 08:00:00,483.79
2023-08-11 09:00:00,810.13
2023-08-11 10:00:00,822.93
2023-08-11 11:00:00,845.73
2023-08-11 12:00:00,906.38
2023-08-11 13:00:00,885.04
2023-08-11 14:00:00,897.5
2023-08-11 15:00:00,898.73
2023-08-11 16:00:00,860.96
2023-08-11 17:00:00,820.43
2023-08-11 18:00:00,757.19
2023-08-11 19:00:00,477.54
2023-08-11 20:00:00,475.86
2023-08-11 21:00:00,165.03
2023-08-11 22:00:00,166.98
2023-08-11 23:00:00,145.1
2023-08-12 00:00:00,263.54
2023-08-12 01:00:00,259.91
2023-08-12 02:00:00,245.82
2023-08-12 03:00:00,211.38
2023-08-12 04:00:00,210.46
2023-08-12 05:00:00,225.61
2023-08-12 06:00:00,261.88
2023-08-12 07:00:00,217.29
2023-08-12 08:00:00,218.3
2023-08-12 09:00:00,196.03
2023-08-12 10:00:00,233.41
2023-08-12 11:00:00,249.62
2023-08-12 12:00:00,237.45
2023-08-12 13:00:00,243.8
2023-08-12 14:00:00,235.89
2023-08-12 15:00:00,254.85
2023-08-12 16:00:00,245.79
2023-08-12 17:00:00,172.85
2023-08-12 18:00:00,255.24
2023-08-12 19:00:00,215.55
2023-08-12 20:00:00,185.93
2023-08-12 21:00:00,235.79
2023-08-12 22:00:00,215.5
2023-08-12 23:00:00,233.02
2023-08-13 00:00:00,233.99
2023-08-13 01:00:00,213.71
2023-08-13 02:00:00,230.23
2023-08-13 03:00:00,191.57
2023-08-13 04:00:00,256.08
2023-08-13 05:00:00,288.22
2023-08-13 06:00:00,217.81
2023-08-13 07:00:00,238.88
2023-08-13 08:00:00,212.76
2023-08-13 09:00:00,263.55
2023-08-13 10:00:00,201.02
2023-08-13 11:00:00,256.68
2023-08-13 12:00:00,237.8
2023-08-13 13:00:00,303.09
2023-08-13 14:00:00,216.73
2023-08-13 15:00:00,236.18
2023-08-13 16:00:00,242.9
2023-08-13 17:00:00,222.25
2023-08-13 18:00:00,258.13
2023-08-13 19:00:00,272.66
2023-08-13 20:00:00,278.01
2023-08-13 21:00:00,218.08
2023-08-13 22:00:00,238.96
2023-08-13 23:00:00,244.39
2023-08-14 00:00:00,144.34
2023-08-14 01:00:00,163.76
2023-08-14 02:00:00,174.57
2023-08-14 03:00:00,92.44
2023-08-14 04:00:00,162.48
2023-08-14 05:00:00,161.08
2023-08-14 06:00:00,155.08
2023-08-14 07:00:00,477.48
2023-08-14 08:00:00,483.64
2023-08-14 09:00:00,784.07
2023-08-14 10:00:00,802.76
2023-08-14 11:00:00,870.97
2023-08-14 12:00:00,865.1
2023-08-14 13:00:00,854.91
2023-08-14 14:00:00,888.05
2023-08-14 15:00:00,857.37
2023-08-14 16:00:00,836.05
2023-08-14 17:00:00,835.07
2023-08-14 18:00:00,780.52
2023-08-14 19:00:00,484.14
2023-08-14 20:00:00,462.78
2023-08-14 21:00:00,159.99
2023-08-14 22:00:00,153.99
2023-08-14 23:00:00,175.66
2023-08-15 00:00:00,208.18
2023-08-15 01:00:00,178.0
2023-08-15 02:00:00,171.59
2023-08-15 03:00:00,135.04
2023-08-15 04:00:00,155.35
2023-08-15 05:00:00,170.66
2023-08-15 06:00:00,171.64
2023-08-15 07:00:00,473.4
2023-08-15 08:00:00,472.89
2023-08-15 09:00:00,837.68
2023-08-15 10:00:00,813.63
2023-08-15 11:00:00,833.93
2023-08-15 12:00:00,851.29
2023-08-15 13:00:00,874.59
2023-08-15 14:00:00,873.06
2023-08-15 15:00:00,876.43
2023-08-15 16:00:00,834.6
2023-08-15 17:00:00,810.94
2023-08-15 18:00:00,766.4
2023-08-15 19:00:00,469.4
2023-08-15 20:00:00,478.0
2023-08-15 21:00:00,136.49
2023-08-15 22:00:00,170.82
2023-08-15 23:00:00,150.93
2023-08-16 00:00:00,152.34
2023-08-16 01:00:00,193.37
2023-08-16 02:00:00,176.45
2023-08-16 03:00:00,158.54
2023-08-16 04:00:00,129.09
2023-08-16 05:00:00,130.67
2023-08-16 06:00:00,173.44
2023-08-16 07:00:00,466.06
2023-08-16 08:00:00,478.39
2023-08-16 09:00:00,796.87
2023-08-16 10:00:00,844.59
2023-08-16 11:00:00,811.5
2023-08-16 12:00:00,832.46
2023-08-16 13:00:00,884.64
2023-08-16 14:00:00,884.7
2023-08-16 15:00:00,848.2
2023-08-16 16:00:00,846.53
2023-08-16 17:00:00,820.11
2023-08-16 18:00:00,785.7
2023-08-16 19:00:00,479.77
2023-08-16 20:00:00,493.04
2023-08-16 21:00:00,203.12
2023-08-16 22:00:00,149.24
2023-08-16 23:00:00,174.99
2023-08-17 00:00:00,164.93
2023-08-17 01:00:00,151.51
2023-08-17 02:00:00,149.45
2023-08-17 03:00:00,162.32
2023-08-17 04:00:00,172.15
2023-08-17 05:00:00,160.33
2023-08-17 06:00:00,167.63
2023-08-17 07:00:00,451.06
2023-08-17 08:00:00,419.72
2023-08-17 09:00:00,820.11
2023-08-17 10:00:00,821.8
2023-08-17 11:00:00,827.8
2023-08-17 12:00:00,862.96
2023-08-17 13:00:00,863.42
2023-08-17 14:00:00,871.48
2023-08-17 15:00:00,861.96
2023-08-17 16:00:00,800.27
2023-08-17 17:00:00,832.61
2023-08-17 18:00:00,805.61
2023-08-17 19:00:00,444.77
2023-08-17 20:00:00,465.75
2023-08-17 21:00:00,194.98
2023-08-17 22:00:00,168.29
2023-08-17 23:00:00,165.49
2023-08-18 00:00:00,175.07
2023-08-18 01:00:00,166.64
2023-08-18 02:00:00,153.3
2023-08-18 03:00:00,150.39
2023-08-18 04:00:00,163.93
2023-08-18 05:00:00,157.15
2023-08-18 06:00:00,168.52
2023-08-18 07:00:00,488.97
2023-08-18 08:00:00,479.5
2023-08-18 09:00:00,819.23
2023-08-18 10:00:00,827.41
2023-08-18 11:00:00,867.22
2023-08-18 12:00:00,856.75
2023-08-18 13:00:00,871.4
2023-08-18 14:00:00,868.92
2023-08-18 15:00:00,859.83
2023-08-18 16:00:00,877.34
2023-08-18 17:00:00,835.94
2023-08-18 18:00:00,816.46
2023-08-18 19:00:00,486.26
2023-08-18 20:00:00,472.16
2023-08-18 21:00:00,176.68
2023-08-18 22:00:00,149.73
2023-08-18 23:00:00,160.45
2023-08-19 00:00:00,236.77
2023-08-19 01:00:00,257.82
2023-08-19 02:00:00,228.92
2023-08-19 03:00:00,246.95
2023-08-19 04:00:00,237.34
2023-08-19 05:00:00,268.47
2023-08-19 06:00:00,237.6
2023-08-19 07:00:00,273.39
2023-08-19 08:00:00,245.6
2023-08-19 09:00:00,291.05
2023-08-19 10:00:00,223.71
2023-08-19 11:00:00,269.05
2023-08-19 12:00:00,223.0
2023-08-19 13:00:00,242.48
2023-08-19 14:00:00,270.5
2023-08-19 15:00:00,270.6
2023-08-19 16:00:00,227.79
2023-08-19 17:00:00,241.02
2023-08-19 18:00:00,247.7
2023-08-19 19:00:00,263.37
2023-08-19 20:00:00,218.48
2023-08-19 21:00:00,262.34
2023-08-19 22:00:00,221.63
2023-08-19 23:00:00,261.14
2023-08-20 00:00:00,219.22
2023-08-20 01:00:00,246.98
2023-08-20 02:00:00,213.08
2023-08-20 03:00:00,270.6
2023-08-20 04:00:00,237.23
2023-08-20 05:00:00,283.4
2023-08-20 06:00:00,241.25
2023-08-20 07:00:00,240.55
2023-08-20 08:00:00,263.82
2023-08-20 09:00:00,233.69
2023-08-20 10:00:00,216.93
2023-08-20 11:00:00,228.99
2023-08-20 12:00:00,227.6
2023-08-20 13:00:00,254.28
2023-08-20 14:00:00,283.68
2023-08-20 15:00:00,253.43
2023-08-20 16:00:00,234.41
2023-08-20 17:00:00,220.16
2023-08-20 18:00:00,224.48
2023-08-20 19:00:00,237.45
2023-08-20 20:00:00,252.79
2023-08-20 21:00:00,268.22
2023-08-20 22:00:00,218.09
2023-08-20 23:00:00,192.3
2023-08-21 00:00:00,159.55
2023-08-21 01:00:00,158.17
2023-08-21 02:00:00,187.0
2023-08-21 03:00:00,141.63
2023-08-21 04:00:00,177.62
2023-08-21 05:00:00,190.83
2023-08-21 06:00:00,155.51
2023-08-21 07:00:00,513.86
2023-08-21 08:00:00,451.03
2023-08-21 09:00:00,805.06
2023-08-21 10:00:00,821.37
2023-08-21 11:00:00,865.74
2023-08-21 12:00:00,879.38
2023-08-21 13:00:00,853.69
2023-08-21 14:00:00,878.89
2023-08-21 15:00:00,881.11
2023-08-21 16:00:00,839.52
2023-08-21 17:00:00,835.71
2023-08-21 18:00:00,828.59
2023-08-21 19:00:00,456.08
2023-08-21 20:00:00,537.51
2023-08-21 21:00:00,132.51
2023-08-21 22:00:00,166.17
2023-08-21 23:00:00,121.66
2023-08-22 00:00:00,150.73
2023-08-22 01:00:00,173.73
2023-08-22 02:00:00,179.91
2023-08-22 03:00:00,163.16
2023-08-22 04:00:00,164.36
2023-08-22 05:00:00,182.96
2023-08-22 06:00:00,146.94
2023-08-22 07:00:00,499.7
2023-08-22 08:00:00,495.98
2023-08-22 09:00:00,801.77
2023-08-22 10:00:00,862.44
2023-08-22 11:00:00,861.5
2023-08-22 12:00:00,870.95
2023-08-22 13:00:00,886.69
2023-08-22 14:00:00,896.83
2023-08-22 15:00:00,840.17
2023-08-22 16:00:00,843.02
2023-08-22 17:00:00,840.24
2023-08-22 18:00:00,809.27
2023-08-22 19:00:00,466.62
2023-08-22 20:00:00,478.87
2023-08-22 21:00:00,173.94
2023-08-22 22:00:00,158.66
2023-08-22 23:00:00,184.49
2023-08-23 00:00:00,163.57
2023-08-23 01:00:00,166.86
2023-08-23 02:00:00,145.06
2023-08-23 03:00:00,161.27
2023-08-23 04:00:00,167.34
2023-08-23 05:00:00,122.71
2023-08-23 06:00:00,182.17
2023-08-23 07:00:00,470.15
2023-08-23 08:00:00,460.0
2023-08-23 09:00:00,811.58
2023-08-23 10:00:00,802.67
2023-08-23 11:00:00,822.12
2023-08-23 12:00:00,862.82
2023-08-23 13:00:00,887.08
2023-08-23 14:00:00,917.58
2023-08-23 15:00:00,866.46
2023-08-23 16:00:00,852.01
2023-08-23 17:00:00,817.33
2023-08-23 18:00:00,793.69
2023-08-23 19:00:00,490.04
2023-08-23 20:00:00,498.3
2023-08-23 21:00:00,145.77
2023-08-23 22:00:00,169.54
2023-08-23 23:00:00,134.5
2023-08-24 00:00:00,138.82
2023-08-24 01:00:00,160.23
2023-08-24 02:00:00,135.48
2023-08-24 03:00:00,186.14
2023-08-24 04:00:00,142.76
2023-08-24 05:00:00,134.56
2023-08-24 06:00:00,144.45
2023-08-24 07:00:00,490.71
2023-08-24 08:00:00,494.62
2023-08-24 09:00:00,824.61
2023-08-24 10:00:00,865.34
2023-08-24 11:00:00,850.98
2023-08-24 12:00:00,852.3
2023-08-24 13:00:00,860.86
2023-08-24 14:00:00,893.03
2023-08-24 15:00:00,914.87
2023-08-24 16:00:00,823.53
2023-08-24 17:00:00,860.75
2023-08-24 18:00:00,803.87
2023-08-24 19:00:00,500.16
2023-08-24 20:00:00,466.31
2023-08-24 21:00:00,189.09
2023-08-24 22:00:00,200.77
2023-08-24 23:00:00,196.55
2023-08-25 00:00:00,149.97
2023-08-25 01:00:00,163.47
2023-08-25 02:00:00,119.79
2023-08-25 03:00:00,159.9
2023-08-25 04:00:00,163.18
2023-08-25 05:00:00,184.64
2023-08-25 06:00:00,152.29
2023-08-25 07:00:00,493.26
2023-08-25 08:00:00,445.24
2023-08-25 09:00:00,772.92
2023-08-25 10:00:00,815.71
2023-08-25 11:00:00,867.42
2023-08-25 12:00:00,842.03
2023-08-25 13:00:00,856.58
2023-08-25 14:00:00,857.83
2023-08-25 15:00:00,831.62
2023-08-25 16:00:00,872.49
2023-08-25 17:00:00,809.28
2023-08-25 18:00:00,775.42
2023-08-25 19:00:00,487.68
2023-08-25 20:00:00,471.5
2023-08-25 21:00:00,158.74
2023-08-25 22:00:00,176.7
2023-08-25 23:00:00,169.28
2023-08-26 00:00:00,269.98
2023-08-26 01:00:00,213.5
2023-08-26 02:00:00,270.08
2023-08-26 03:00:00,238.05
2023-08-26 04:00:00,205.27
2023-08-26 05:00:00,265.94
2023-08-26 06:00:00,281.29
2023-08-26 07:00:00,243.31
2023-08-26 08:00:00,236.44
2023-08-26 09:00:00,263.61
2023-08-26 10:00:00,241.1
2023-08-26 11:00:00,212.22
2023-08-26 12:00:00,233.68
2023-08-26 13:00:00,262.0
2023-08-26 14:00:00,237.15
2023-08-26 15:00:00,263.44
2023-08-26 16:00:00,246.12
2023-08-26 17:00:00,210.89
2023-08-26 18:00:00,254.26
2023-08-26 19:00:00,231.74
2023-08-26 20:00:00,195.26
2023-08-26 21:00:00,230.11
2023-08-26 22:00:00,281.89
2023-08-26 23:00:00,221.53
2023-08-27 00:00:00,277.28
2023-08-27 01:00:00,235.1
2023-08-27 02:00:00,239.57
2023-08-27 03:00:00,229.37
2023-08-27 04:00:00,237.53
2023-08-27 05:00:00,234.18
2023-08-27 06:00:00,238.85
2023-08-27 07:00:00,177.99
2023-08-27 08:00:00,260.73
2023-08-27 09:00:00,210.66
2023-08-27 10:00:00,181.08
2023-08-27 11:00:00,244.12
2023-08-27 12:00:00,241.47
2023-08-27 13:00:00,260.49
2023-08-27 14:00:00,225.74
2023-08-27 15:00:00,249.88
2023-08-27 16:00:00,239.92
2023-08-27 17:00:00,261.74
2023-08-27 18:00:00,244.54
2023-08-27 19:00:00,249.34
2023-08-27 20:00:00,221.06
2023-08-27 21:00:00,249.74
2023-08-27 22:00:00,275.78
2023-08-27 23:00:00,250.4
2023-08-28 00:00:00,170.28
2023-08-28 01:00:00,154.11
2023-08-28 02:00:00,142.29
2023-08-28 03:00:00,156.06
2023-08-28 04:00:00,171.92
2023-08-28 05:00:00,153.26
2023-08-28 06:00:00,156.57
2023-08-28 07:00:00,496.1
2023-08-28 08:00:00,488.57
2023-08-28 09:00:00,799.76
2023-08-28 10:00:00,813.71
2023-08-28 11:00:00,855.24
2023-08-28 12:00:00,867.36
2023-08-28 13:00:00,892.23
2023-08-28 14:00:00,916.82
2023-08-28 15:00:00,854.92
2023-08-28 16:00:00,844.19
2023-08-28 17:00:00,815.05
2023-08-28 18:00:00,808.42
2023-08-28 19:00:00,473.5
2023-08-28 20:00:00,515.95
2023-08-28 21:00:00,130.83
2023-08-28 22:00:00,170.41
2023-08-28 23:00:00,165.76
2023-08-29 00:00:00,174.69
2023-08-29 01:00:00,172.18
2023-08-29 02:00:00,164.99
2023-08-29 03:00:00,151.39
2023-08-29 04:00:00,137.7
2023-08-29 05:00:00,171.66
2023-08-29 06:00:00,157.41
2023-08-29 07:00:00,429.94
2023-08-29 08:00:00,476.74
2023-08-29 09:00:00,776.55
2023-08-29 10:00:00,853.28
2023-08-29 11:00:00,861.81
2023-08-29 12:00:00,916.25
2023-08-29 13:00:00,882.63
2023-08-29 14:00:00,834.23
2023-08-29 15:00:00,872.99
2023-08-29 16:00:00,832.44
2023-08-29 17:00:00,819.17
2023-08-29 18:00:00,829.18
2023-08-29 19:00:00,479.54
2023-08-29 20:00:00,497.96
2023-08-29 21:00:00,160.11
2023-08-29 22:00:00,133.38
2023-08-29 23:00:00,170.14
2023-08-30 00:00:00,158.49
2023-08-30 01:00:00,176.92
2023-08-30 02:00:00,192.24
2023-08-30 03:00:00,122.26
2023-08-30 04:00:00,118.32
2023-08-30 05:00:00,147.03
2023-08-30 06:00:00,147.42
2023-08-30 07:00:00,463.09
2023-08-30 08:00:00,473.0
2023-08-30 09:00:00,752.58
2023-08-30 10:00:00,836.7
2023-08-30 11:00:00,855.67
2023-08-30 12:00:00,878.29
2023-08-30 13:00:00,871.35
2023-08-30 14:00:00,893.1
2023-08-30 15:00:00,909.4
2023-08-30 16:00:00,862.45
2023-08-30 17:00:00,818.43
2023-08-30 18:00:00,776.47
2023-08-30 19:00:00,445.62
2023-08-30 20:00:00,483.65
2023-08-30 21:00:00,170.11
2023-08-30 22:00:00,175.94
2023-08-30 23:00:00,165.61
2023-08-31 00:00:00,135.59
2023-08-31 01:00:00,144.94
2023-08-31 02:00:00,149.01
2023-08-31 03:00:00,171.99
2023-08-31 04:00:00,143.98
2023-08-31 05:00:00,146.43
2023-08-31 06:00:00,157.47
2023-08-31 07:00:00,460.86
2023-08-31 08:00:00,497.25
2023-08-31 09:00:00,816.89
2023-08-31 10:00:00,833.58
2023-08-31 11:00:00,849.17
2023-08-31 12:00:00,858.6
2023-08-31 13:00:00,871.5
2023-08-31 14:00:00,864.83
2023-08-31 15:00:00,830.1
2023-08-31 16:00:00,844.35
2023-08-31 17:00:00,856.41
2023-08-31 18:00:00,815.55
2023-08-31 19:00:00,452.13
2023-08-31 20:00:00,469.79
2023-08-31 21:00:00,197.43
2023-08-31 22:00:00,211.8
2023-08-31 23:00:00,165.11
2023-09-01 00:00:00,167.12
2023-09-01 01:00:00,169.12
2023-09-01 02:00:00,171.01
2023-09-01 03:00:00,145.26
2023-09-01 04:00:00,164.88
2023-09-01 05:00:00,183.84
2023-09-01 06:00:00,175.48
2023-09-01 07:00:00,480.44
2023-09-01 08:00:00,456.32
2023-09-01 09:00:00,801.88
2023-09-01 10:00:00,852.63
2023-09-01 11:00:00,850.58
2023-09-01 12:00:00,854.82
2023-09-01 13:00:00,830.27
2023-09-01 14:00:00,884.19
2023-09-01 15:00:00,889.89
2023-09-01 16:00:00,846.36
2023-09-01 17:00:00,851.8
2023-09-01 18:00:00,786.63
2023-09-01 19:00:00,473.05
2023-09-01 20:00:00,503.19
2023-09-01 21:00:00,173.07
2023-09-01 22:00:00,179.87
2023-09-01 23:00:00,157.07
2023-09-02 00:00:00,183.78
2023-09-02 01:00:00,249.41
2023-09-02 02:00:00,249.49
2023-09-02 03:00:00,244.6
2023-09-02 04:00:00,280.97
2023-09-02 05:00:00,209.49
2023-09-02 06:00:00,240.34
2023-09-02 07:00:00,230.48
2023-09-02 08:00:00,254.1
2023-09-02 09:00:00,270.58
2023-09-02 10:00:00,236.7
2023-09-02 11:00:00,236.07
2023-09-02 12:00:00,238.29
2023-09-02 13:00:00,202.25
2023-09-02 14:00:00,250.65
2023-09-02 15:00:00,216.47
2023-09-02 16:00:00,247.35
2023-09-02 17:00:00,200.62
2023-09-02 18:00:00,230.9
2023-09-02 19:00:00,245.35
2023-09-02 20:00:00,197.82
2023-09-02 21:00:00,246.68
2023-09-02 22:00:00,237.35
2023-09-02 23:00:00,239.23
2023-09-03 00:00:00,243.73
2023-09-03 01:00:00,261.54
2023-09-03 02:00:00,240.4
2023-09-03 03:00:00,224.61
2023-09-03 04:00:00,193.28
2023-09-03 05:00:00,246.59
2023-09-03 06:00:00,254.4
2023-09-03 07:00:00,265.2
2023-09-03 08:00:00,210.04
2023-09-03 09:00:00,224.17
2023-09-03 10:00:00,225.66
2023-09-03 11:00:00,242.14
2023-09-03 12:00:00,271.18
2023-09-03 13:00:00,237.09
2023-09-03 14:00:00,235.86
2023-09-03 15:00:00,234.37
2023-09-03 16:00:00,282.74
2023-09-03 17:00:00,253.72
2023-09-03 18:00:00,249.35
2023-09-03 19:00:00,269.29
2023-09-03 20:00:00,231.12
2023-09-03 21:00:00,264.95
2023-09-03 22:00:00,243.53
2023-09-03 23:00:00,272.38
2023-09-04 00:00:00,174.35
2023-09-04 01:00:00,179.84
2023-09-04 02:00:00,169.27
2023-09-04 03:00:00,127.83
2023-09-04 04:00:00,184.49
2023-09-04 05:00:00,160.9
2023-09-04 06:00:00,135.89
2023-09-04 07:00:00,521.01
2023-09-04 08:00:00,480.49
2023-09-04 09:00:00,798.48
2023-09-04 10:00:00,817.16
2023-09-04 11:00:00,847.71
2023-09-04 12:00:00,834.31
2023-09-04 13:00:00,894.46
2023-09-04 14:00:00,864.47
2023-09-04 15:00:00,875.35
2023-09-04 16:00:00,843.72
2023-09-04 17:00:00,844.5
2023-09-04 18:00:00,806.11
2023-09-04 19:00:00,482.45
2023-09-04 20:00:00,504.32
2023-09-04 21:00:00,153.35
2023-09-04 22:00:00,176.64
2023-09-04 23:00:00,138.32
2023-09-05 00:00:00,145.35
2023-09-05 01:00:00,164.37
2023-09-05 02:00:00,180.75
2023-09-05 03:00:00,169.31
2023-09-05 04:00:00,133.92
2023-09-05 05:00:00,165.69
2023-09-05 06:00:00,149.16
2023-09-05 07:00:00,496.3
2023-09-05 08:00:00,508.16
2023-09-05 09:00:00,803.98
2023-09-05 10:00:00,814.92
2023-09-05 11:00:00,848.42
2023-09-05 12:00:00,880.51
2023-09-05 13:00:00,863.44
2023-09-05 14:00:00,885.64
2023-09-05 15:00:00,869.49
2023-09-05 16:00:00,836.9
2023-09-05 17:00:00,856.52
2023-09-05 18:00:00,806.82
2023-09-05 19:00:00,506.28
2023-09-05 20:00:00,471.91
2023-09-05 21:00:00,183.86
2023-09-05 22:00:00,159.26
2023-09-05 23:00:00,138.59
2023-09-06 00:00:00,144.75
2023-09-06 01:00:00,201.44
2023-09-06 02:00:00,129.96
2023-09-06 03:00:00,168.69
2023-09-06 04:00:00,187.1
2023-09-06 05:00:00,175.86
2023-09-06 06:00:00,169.88
2023-09-06 07:00:00,463.06
2023-09-06 08:00:00,460.53
2023-09-06 09:00:00,789.87
2023-09-06 10:00:00,841.33
2023-09-06 11:00:00,848.74
2023-09-06 12:00:00,875.92
2023-09-06 13:00:00,880.74
2023-09-06 14:00:00,844.71
2023-09-06 15:00:00,868.86
2023-09-06 16:00:00,833.94
2023-09-06 17:00:00,830.61
2023-09-06 18:00:00,764.27
2023-09-06 19:00:00,481.1
2023-09-06 20:00:00,483.3
2023-09-06 21:00:00,151.78
2023-09-06 22:00:00,150.87
2023-09-06 23:00:00,140.79
2023-09-07 00:00:00,157.17
2023-09-07 01:00:00,140.34
2023-09-07 02:00:00,156.96
2023-09-07 03:00:00,168.77
2023-09-07 04:00:00,152.44
2023-09-07 05:00:00,184.9
2023-09-07 06:00:00,133.37
2023-09-07 07:00:00,462.04
2023-09-07 08:00:00,507.51
2023-09-07 09:00:00,828.68
2023-09-07 10:00:00,809.48
2023-09-07 11:00:00,869.01
2023-09-07 12:00:00,879.46
2023-09-07 13:00:00,872.52
2023-09-07 14:00:00,866.85
2023-09-07 15:00:00,903.14
2023-09-07 16:00:00,839.89
2023-09-07 17:00:00,797.76
2023-09-07 18:00:00,798.95
2023-09-07 19:00:00,484.16
2023-09-07 20:00:00,455.84
2023-09-07 21:00:00,160.61
2023-09-07 22:00:00,166.38
2023-09-07 23:00:00,176.94
2023-09-08 00:00:00,163.92
2023-09-08 01:00:00,181.08
2023-09-08 02:00:00,162.4
2023-09-08 03:00:00,195.57
2023-09-08 04:00:00,161.88
2023-09-08 05:00:00,155.15
2023-09-08 06:00:00,167.54
2023-09-08 07:00:00,509.56
2023-09-08 08:00:00,483.74
2023-09-08 09:00:00,815.58
2023-09-08 10:00:00,817.14
2023-09-08 11:00:00,872.97
2023-09-08 12:00:00,905.13
2023-09-08 13:00:00,873.11
2023-09-08 14:00:00,853.36
2023-09-08 15:00:00,876.82
2023-09-08 16:00:00,843.59
2023-09-08 17:00:00,830.29
2023-09-08 18:00:00,844.25
2023-09-08 19:00:00,470.36
2023-09-08 20:00:00,489.36
2023-09-08 21:00:00,163.92
2023-09-08 22:00:00,171.11
2023-09-08 23:00:00,150.93
2023-09-09 00:00:00,245.0
2023-09-09 01:00:00,233.33
2023-09-09 02:00:00,258.41
2023-09-09 03:00:00,259.87
2023-09-09 04:00:00,235.17
2023-09-09 05:00:00,245.75
2023-09-09 06:00:00,248.3
2023-09-09 07:00:00,238.75
2023-09-09 08:00:00,238.52
2023-09-09 09:00:00,267.53
2023-09-09 10:00:00,246.84
2023-09-09 11:00:00,238.04
2023-09-09 12:00:00,225.65
2023-09-09 13:00:00,228.02
2023-09-09 14:00:00,210.34
2023-09-09 15:00:00,240.73
2023-09-09 16:00:00,231.49
2023-09-09 17:00:00,260.33
2023-09-09 18:00:00,236.04
2023-09-09 19:00:00,214.41
2023-09-09 20:00:00,238.13
2023-09-09 21:00:00,257.76
2023-09-09 22:00:00,244.7
2023-09-09 23:00:00,254.89
2023-09-10 00:00:00,249.36
2023-09-10 01:00:00,239.46
2023-09-10 02:00:00,221.31
2023-09-10 03:00:00,247.12
2023-09-10 04:00:00,261.35
2023-09-10 05:00:00,244.62
2023-09-10 06:00:00,220.01
2023-09-10 07:00:00,258.91
2023-09-10 08:00:00,241.9
2023-09-10 09:00:00,243.46
2023-09-10 10:00:00,230.14
2023-09-10 11:00:00,239.62
2023-09-10 12:00:00,230.62
2023-09-10 13:00:00,230.06
2023-09-10 14:00:00,251.57
2023-09-10 15:00:00,201.33
2023-09-10 16:00:00,272.45
2023-09-10 17:00:00,210.68
2023-09-10 18:00:00,263.16
2023-09-10 19:00:00,238.53
2023-09-10 20:00:00,219.81
2023-09-10 21:00:00,246.79
2023-09-10 22:00:00,254.84
2023-09-10 23:00:00,218.03
2023-09-11 00:00:00,159.58
2023-09-11 01:00:00,175.89
2023-09-11 02:00:00,197.98
2023-09-11 03:00:00,131.29
2023-09-11 04:00:00,163.85
2023-09-11 05:00:00,202.79
2023-09-11 06:00:00,147.49
2023-09-11 07:00:00,460.63
2023-09-11 08:00:00,481.68
2023-09-11 09:00:00,798.36
2023-09-11 10:00:00,810.2
2023-09-11 11:00:00,859.4
2023-09-11 12:00:00,897.0
2023-09-11 13:00:00,892.46
2023-09-11 14:00:00,878.03
2023-09-11 15:00:00,864.59
2023-09-11 16:00:00,862.27
2023-09-11 17:00:00,805.27
2023-09-11 18:00:00,804.53
2023-09-11 19:00:00,455.34
2023-09-11 20:00:00,479.92
2023-09-11 21:00:00,163.09
2023-09-11 22:00:00,128.87
2023-09-11 23:00:00,181.33
2023-09-12 00:00:00,178.27
2023-09-12 01:00:00,157.26
2023-09-12 02:00:00,184.79
2023-09-12 03:00:00,172.05
2023-09-12 04:00:00,142.02
2023-09-12 05:00:00,200.44
2023-09-12 06:00:00,154.78
2023-09-12 07:00:00,474.0
2023-09-12 08:00:00,481.0
2023-09-12 09:00:00,786.43
2023-09-12 10:00:00,814.07
2023-09-12 11:00:00,858.37
2023-09-12 12:00:00,867.75
2023-09-12 13:00:00,918.99
2023-09-12 14:00:00,881.76
2023-09-12 15:00:00,867.88
2023-09-12 16:00:00,885.94
2023-09-12 17:00:00,814.16
2023-09-12 18:00:00,816.28
2023-09-12 19:00:00,503.38
2023-09-12 20:00:00,466.11
2023-09-12 21:00:00,162.83
2023-09-12 22:00:00,144.8
2023-09-12 23:00:00,174.56
2023-09-13 00:00:00,177.64
2023-09-13 01:00:00,150.89
2023-09-13 02:00:00,140.52
2023-09-13 03:00:00,140.15
2023-09-13 04:00:00,155.04
2023-09-13 05:00:00,206.33
2023-09-13 06:00:00,153.73
2023-09-13 07:00:00,473.53
2023-09-13 08:00:00,476.52
2023-09-13 09:00:00,798.85
2023-09-13 10:00:00,809.84
2023-09-13 11:00:00,847.44
2023-09-13 12:00:00,900.73
2023-09-13 13:00:00,879.75
2023-09-13 14:00:00,871.7
2023-09-13 15:00:00,850.11
2023-09-13 16:00:00,827.62
2023-09-13 17:00:00,820.77
2023-09-13 18:00:00,818.43
2023-09-13 19:00:00,489.9
2023-09-13 20:00:00,477.38
2023-09-13 21:00:00,158.35
2023-09-13 22:00:00,193.31
2023-09-13 23:00:00,141.45
2023-09-14 00:00:00,128.3
2023-09-14 01:00:00,136.41
2023-09-14 02:00:00,133.65
2023-09-14 03:00:00,172.29
2023-09-14 04:00:00,193.06
2023-09-14 05:00:00,161.32
2023-09-14 06:00:00,167.25
2023-09-14 07:00:00,493.67
2023-09-14 08:00:00,459.6
2023-09-14 09:00:00,790.27
2023-09-14 10:00:00,852.13
2023-09-14 11:00:00,870.21
2023-09-14 12:00:00,869.23
2023-09-14 13:00:00,856.97
2023-09-14 14:00:00,884.28
2023-09-14 15:00:00,842.19
2023-09-14 16:00:00,878.18
2023-09-14 17:00:00,823.74
2023-09-14 18:00:00,776.76
2023-09-14 19:00:00,486.96
2023-09-14 20:00:00,491.99
2023-09-14 21:00:00,174.65
2023-09-14 22:00:00,157.37
2023-09-14 23:00:00,139.97
2023-09-15 00:00:00,139.25
2023-09-15 01:00:00,167.63
2023-09-15 02:00:00,163.66
2023-09-15 03:00:00,143.99
2023-09-15 04:00:00,157.27
2023-09-15 05:00:00,168.68
2023-09-15 06:00:00,138.3
2023-09-15 07:00:00,441.51
2023-09-15 08:00:00,487.77
2023-09-15 09:00:00,806.01
2023-09-15 10:00:00,799.7
2023-09-15 11:00:00,814.4
2023-09-15 12:00:00,916.54
2023-09-15 13:00:00,870.55
2023-09-15 14:00:00,852.36
2023-09-15 15:00:00,816.43
2023-09-15 16:00:00,860.3
2023-09-15 17:00:00,881.56
2023-09-15 18:00:00,817.69
2023-09-15 19:00:00,506.68
2023-09-15 20:00:00,450.13
2023-09-15 21:00:00,180.28
2023-09-15 22:00:00,161.34
2023-09-15 23:00:00,149.84
2023-09-16 00:00:00,243.16
2023-09-16 01:00:00,233.16
2023-09-16 02:00:00,242.35
2023-09-16 03:00:00,229.1
2023-09-16 04:00:00,238.03
2023-09-16 05:00:00,285.61
2023-09-16 06:00:00,231.86
2023-09-16 07:00:00,266.64
2023-09-16 08:00:00,253.9
2023-09-16 09:00:00,246.09
2023-09-16 10:00:00,270.28
2023-09-16 11:00:00,264.07
2023-09-16 12:00:00,208.6
2023-09-16 13:00:00,268.56
2023-09-16 14:00:00,209.54
2023-09-16 15:00:00,256.68
2023-09-16 16:00:00,256.82
2023-09-16 17:00:00,245.79
2023-09-16 18:00:00,229.14
2023-09-16 19:00:00,245.97
2023-09-16 20:00:00,221.49
2023-09-16 21:00:00,235.03
2023-09-16 22:00:00,262.1
2023-09-16 23:00:00,273.9
2023-09-17 00:00:00,246.53
2023-09-17 01:00:00,216.36
2023-09-17 02:00:00,259.8
2023-09-17 03:00:00,290.34
2023-09-17 04:00:00,251.26
2023-09-17 05:00:00,229.29
2023-09-17 06:00:00,253.69
2023-09-17 07:00:00,223.18
2023-09-17 08:00:00,261.92
2023-09-17 09:00:00,249.62
2023-09-17 10:00:00,237.06
2023-09-17 11:00:00,241.3
2023-09-17 12:00:00,266.79
2023-09-17 13:00:00,220.54
2023-09-17 14:00:00,237.52
2023-09-17 15:00:00,276.25
2023-09-17 16:00:00,263.13
2023-09-17 17:00:00,272.77
2023-09-17 18:00:00,214.34
2023-09-17 19:00:00,234.35
2023-09-17 20:00:00,229.01
2023-09-17 21:00:00,287.95
2023-09-17 22:00:00,247.86
2023-09-17 23:00:00,212.92
2023-09-18 00:00:00,175.54
2023-09-18 01:00:00,158.87
2023-09-18 02:00:00,129.64
2023-09-18 03:00:00,194.09
2023-09-18 04:00:00,180.27
2023-09-18 05:00:00,194.62
2023-09-18 06:00:00,149.55
2023-09-18 07:00:00,494.22
2023-09-18 08:00:00,474.41
2023-09-18 09:00:00,778.85
2023-09-18 10:00:00,825.71
2023-09-18 11:00:00,830.98
2023-09-18 12:00:00,866.75
2023-09-18 13:00:00,889.68
2023-09-18 14:00:00,898.81
2023-09-18 15:00:00,875.09
2023-09-18 16:00:00,864.7
2023-09-18 17:00:00,799.95
2023-09-18 18:00:00,812.7
2023-09-18 19:00:00,476.84
2023-09-18 20:00:00,469.91
2023-09-18 21:00:00,176.25
2023-09-18 22:00:00,151.71
2023-09-18 23:00:00,183.04
2023-09-19 00:00:00,136.4
2023-09-19 01:00:00,171.18
2023-09-19 02:00:00,146.23
2023-09-19 03:00:00,171.25
2023-09-19 04:00:00,162.71
2023-09-19 05:00:00,166.32
2023-09-19 06:00:00,139.06
2023-09-19 07:00:00,472.17
2023-09-19 08:00:00,479.93
2023-09-19 09:00:00,799.95
2023-09-19 10:00:00,857.2
2023-09-19 11:00:00,885.38
2023-09-19 12:00:00,871.0
2023-09-19 13:00:00,874.83
2023-09-19 14:00:00,882.96
2023-09-19 15:00:00,888.04
2023-09-19 16:00:00,857.08
2023-09-19 17:00:00,827.82
2023-09-19 18:00:00,829.06
2023-09-19 19:00:00,461.62
2023-09-19 20:00:00,472.8
2023-09-19 21:00:00,160.86
2023-09-19 22:00:00,169.76
2023-09-19 23:00:00,117.48
2023-09-20 00:00:00,180.08
2023-09-20 01:00:00,139.32
2023-09-20 02:00:00,155.48
2023-09-20 03:00:00,165.95
2023-09-20 04:00:00,158.43
2023-09-20 05:00:00,178.99
2023-09-20 06:00:00,151.9
2023-09-20 07:00:00,503.02
2023-09-20 08:00:00,454.1
2023-09-20 09:00:00,821.94
2023-09-20 10:00:00,867.56
2023-09-20 11:00:00,825.28
2023-09-20 12:00:00,878.97
2023-09-20 13:00:00,888.64
2023-09-20 14:00:00,841.23
2023-09-20 15:00:00,868.29
2023-09-20 16:00:00,842.75
2023-09-20 17:00:00,818.18
2023-09-20 18:00:00,812.74
2023-09-20 19:00:00,457.93
2023-09-20 20:00:00,459.25
2023-09-20 21:00:00,144.01
2023-09-20 22:00:00,155.52
2023-09-20 23:00:00,194.78
2023-09-21 00:00:00,184.45
2023-09-21 01:00:00,165.99
2023-09-21 02:00:00,150.15
2023-09-21 03:00:00,143.8
2023-09-21 04:00:00,184.32
2023-09-21 05:00:00,182.58
2023-09-21 06:00:00,177.79
2023-09-21 07:00:00,490.05
2023-09-21 08:00:00,481.25
2023-09-21 09:00:00,791.16
2023-09-21 10:00:00,839.22
2023-09-21 11:00:00,880.22
2023-09-21 12:00:00,904.69
2023-09-21 13:00:00,857.8
2023-09-21 14:00:00,845.0
2023-09-21 15:00:00,823.56
2023-09-21 16:00:00,856.65
2023-09-21 17:00:00,851.35
2023-09-21 18:00:00,820.46
2023-09-21 19:00:00,484.24
2023-09-21 20:00:00,471.08
2023-09-21 21:00:00,136.74
2023-09-21 22:00:00,154.54
2023-09-21 23:00:00,172.59
2023-09-22 00:00:00,165.75
2023-09-22 01:00:00,175.82
2023-09-22 02:00:00,155.85
2023-09-22 03:00:00,212.09
2023-09-22 04:00:00,150.97
2023-09-22 05:00:00,188.35
2023-09-22 06:00:00,154.71
2023-09-22 07:00:00,444.14
2023-09-22 08:00:00,492.1
2023-09-22 09:00:00,813.25
2023-09-22 10:00:00,820.14
2023-09-22 11:00:00,855.25
2023-09-22 12:00:00,824.98
2023-09-22 13:00:00,877.37
2023-09-22 14:00:00,891.17
2023-09-22 15:00:00,907.5
2023-09-22 16:00:00,878.39
2023-09-22 17:00:00,824.56
2023-09-22 18:00:00,800.81
2023-09-22 19:00:00,493.3
2023-09-22 20:00:00,485.71
2023-09-22 21:00:00,179.5
2023-09-22 22:00:00,158.65
2023-09-22 23:00:00,143.39
2023-09-23 00:00:00,273.18
2023-09-23 01:00:00,246.03
2023-09-23 02:00:00,266.34
2023-09-23 03:00:00,218.84
2023-09-23 04:00:00,212.6
2023-09-23 05:00:00,267.37
2023-09-23 06:00:00,263.27
2023-09-23 07:00:00,245.27
2023-09-23 08:00:00,260.52
2023-09-23 09:00:00,266.39
2023-09-23 10:00:00,235.09
2023-09-23 11:00:00,220.38
2023-09-23 12:00:00,226.7
2023-09-23 13:00:00,248.47
2023-09-23 14:00:00,219.3
2023-09-23 15:00:00,231.21
2023-09-23 16:00:00,282.4
2023-09-23 17:00:00,254.06
2023-09-23 18:00:00,257.37
2023-09-23 19:00:00,239.71
2023-09-23 20:00:00,218.94
2023-09-23 21:00:00,220.68
2023-09-23 22:00:00,267.53
2023-09-23 23:00:00,247.72
2023-09-24 00:00:00,247.69
2023-09-24 01:00:00,212.76
2023-09-24 02:00:00,277.76
2023-09-24 03:00:00,212.95
2023-09-24 04:00:00,237.93
2023-09-24 05:00:00,259.87
2023-09-24 06:00:00,247.14
2023-09-24 07:00:00,233.68
2023-09-24 08:00:00,243.1
2023-09-24 09:00:00,230.36
2023-09-24 10:00:00,246.42
2023-09-24 11:00:00,249.31
2023-09-24 12:00:00,224.23
2023-09-24 13:00:00,255.84
2023-09-24 14:00:00,231.26
2023-09-24 15:00:00,206.1
2023-09-24 16:00:00,230.85
2023-09-24 17:00:00,222.33
2023-09-24 18:00:00,247.46
2023-09-24 19:00:00,206.78
2023-09-24 20:00:00,230.61
2023-09-24 21:00:00,240.29
2023-09-24 22:00:00,216.97
2023-09-24 23:00:00,250.08
2023-09-25 00:00:00,157.54
2023-09-25 01:00:00,167.86
2023-09-25 02:00:00,134.6
2023-09-25 03:00:00,145.32
2023-09-25 04:00:00,165.11
2023-09-25 05:00:00,124.35
2023-09-25 06:00:00,183.15
2023-09-25 07:00:00,456.28
2023-09-25 08:00:00,481.01
2023-09-25 09:00:00,796.15
2023-09-25 10:00:00,850.89
2023-09-25 11:00:00,865.17
2023-09-25 12:00:00,876.9
2023-09-25 13:00:00,875.69
2023-09-25 14:00:00,909.1
2023-09-25 15:00:00,858.79
2023-09-25 16:00:00,873.57
2023-09-25 17:00:00,834.72
2023-09-25 18:00:00,788.21
2023-09-25 19:00:00,501.45
2023-09-25 20:00:00,509.51
2023-09-25 21:00:00,174.94
2023-09-25 22:00:00,157.92
2023-09-25 23:00:00,159.42
2023-09-26 00:00:00,178.91
2023-09-26 01:00:00,165.43
2023-09-26 02:00:00,160.94
2023-09-26 03:00:00,152.26
2023-09-26 04:00:00,111.58
2023-09-26 05:00:00,138.88
2023-09-26 06:00:00,176.73
2023-09-26 07:00:00,466.92
2023-09-26 08:00:00,489.37
2023-09-26 09:00:00,787.29
2023-09-26 10:00:00,840.07
2023-09-26 11:00:00,816.29
2023-09-26 12:00:00,863.34
2023-09-26 13:00:00,863.0
2023-09-26 14:00:00,881.28
2023-09-26 15:00:00,890.55
2023-09-26 16:00:00,873.95
2023-09-26 17:00:00,858.93
2023-09-26 18:00:00,812.68
2023-09-26 19:00:00,454.09
2023-09-26 20:00:00,471.74
2023-09-26 21:00:00,200.04
2023-09-26 22:00:00,177.09
2023-09-26 23:00:00,149.61
2023-09-27 00:00:00,173.94
2023-09-27 01:00:00,156.59
2023-09-27 02:00:00,135.17
2023-09-27 03:00:00,160.19
2023-09-27 04:00:00,159.64
2023-09-27 05:00:00,99.12
2023-09-27 06:00:00,151.9
2023-09-27 07:00:00,455.19
2023-09-27 08:00:00,515.75
2023-09-27 09:00:00,792.66
2023-09-27 10:00:00,867.06
2023-09-27 11:00:00,822.08
2023-09-27 12:00:00,834.76
2023-09-27 13:00:00,900.66
2023-09-27 14:00:00,840.68
2023-09-27 15:00:00,887.21
2023-09-27 16:00:00,864.49
2023-09-27 17:00:00,807.98
2023-09-27 18:00:00,779.15
2023-09-27 19:00:00,486.78
2023-09-27 20:00:00,463.13
2023-09-27 21:00:00,180.3
2023-09-27 22:00:00,169.06
2023-09-27 23:00:00,160.92
2023-09-28 00:00:00,127.03
2023-09-28 01:00:00,171.24
2023-09-28 02:00:00,177.99
2023-09-28 03:00:00,193.09
2023-09-28 04:00:00,118.1
2023-09-28 05:00:00,142.76
2023-09-28 06:00:00,179.14
2023-09-28 07:00:00,500.36
2023-09-28 08:00:00,482.41
2023-09-28 09:00:00,804.02
2023-09-28 10:00:00,867.39
2023-09-28 11:00:00,864.92
2023-09-28 12:00:00,828.32
2023-09-28 13:00:00,859.3
2023-09-28 14:00:00,895.6
2023-09-28 15:00:00,877.42
2023-09-28 16:00:00,863.36
2023-09-28 17:00:00,831.36
2023-09-28 18:00:00,828.64
2023-09-28 19:00:00,452.25
2023-09-28 20:00:00,485.09
2023-09-28 21:00:00,159.18
2023-09-28 22:00:00,146.94
2023-09-28 23:00:00,130.7
2023-09-29 00:00:00,177.36
2023-09-29 01:00:00,163.05
2023-09-29 02:00:00,145.72
2023-09-29 03:00:00,159.02
2023-09-29 04:00:00,164.04
2023-09-29 05:00:00,147.1
2023-09-29 06:00:00,159.65
2023-09-29 07:00:00,500.3
2023-09-29 08:00:00,471.14
2023-09-29 09:00:00,796.54
2023-09-29 10:00:00,798.94
2023-09-29 11:00:00,831.06
2023-09-29 12:00:00,851.57
2023-09-29 13:00:00,878.31
2023-09-29 14:00:00,882.37
2023-09-29 15:00:00,897.67
2023-09-29 16:00:00,840.73
2023-09-29 17:00:00,809.5
2023-09-29 18:00:00,806.73
2023-09-29 19:00:00,499.88
2023-09-29 20:00:00,472.08
2023-09-29 21:00:00,149.68
2023-09-29 22:00:00,203.66
2023-09-29 23:00:00,183.55
2023-09-30 00:00:00,275.75
2023-09-30 01:00:00,248.21
2023-09-30 02:00:00,272.96
2023-09-30 03:00:00,249.0
2023-09-30 04:00:00,197.41
2023-09-30 05:00:00,190.87
2023-09-30 06:00:00,205.16
2023-09-30 07:00:00,260.8
2023-09-30 08:00:00,196.94
2023-09-30 09:00:00,223.94
2023-09-30 10:00:00,267.51
2023-09-30 11:00:00,252.75
2023-09-30 12:00:00,238.93
2023-09-30 13:00:00,220.02
2023-09-30 14:00:00,264.4
2023-09-30 15:00:00,278.19
2023-09-30 16:00:00,213.66
2023-09-30 17:00:00,246.52
2023-09-30 18:00:00,227.5
2023-09-30 19:00:00,206.85
2023-09-30 20:00:00,258.3
2023-09-30 21:00:00,243.58
2023-09-30 22:00:00,208.93
2023-09-30 23:00:00,264.65
2023-10-01 00:00:00,244.32
2023-10-01 01:00:00,267.56
2023-10-01 02:00:00,251.63
2023-10-01 03:00:00,237.66
2023-10-01 04:00:00,259.52
2023-10-01 05:00:00,234.26
2023-10-01 06:00:00,213.78
2023-10-01 07:00:00,230.81
2023-10-01 08:00:00,228.65
2023-10-01 09:00:00,231.61
2023-10-01 10:00:00,239.84
2023-10-01 11:00:00,258.02
2023-10-01 12:00:00,234.67
2023-10-01 13:00:00,239.47
2023-10-01 14:00:00,247.46
2023-10-01 15:00:00,188.45
2023-10-01 16:00:00,206.93
2023-10-01 17:00:00,225.92
2023-10-01 18:00:00,223.35
2023-10-01 19:00:00,238.53
2023-10-01 20:00:00,227.37
2023-10-01 21:00:00,234.86
2023-10-01 22:00:00,236.58
2023-10-01 23:00:00,260.3
2023-10-02 00:00:00,160.93
2023-10-02 01:00:00,141.14
2023-10-02 02:00:00,163.24
2023-10-02 03:00:00,173.66
2023-10-02 04:00:00,155.84
2023-10-02 05:00:00,175.22
2023-10-02 06:00:00,129.76
2023-10-02 07:00:00,448.02
2023-10-02 08:00:00,475.75
2023-10-02 09:00:00,823.34
2023-10-02 10:00:00,822.14
2023-10-02 11:00:00,879.23
2023-10-02 12:00:00,860.46
2023-10-02 13:00:00,870.03
2023-10-02 14:00:00,885.0
2023-10-02 15:00:00,852.88
2023-10-02 16:00:00,840.21
2023-10-02 17:00:00,870.11
2023-10-02 18:00:00,800.06
2023-10-02 19:00:00,487.25
2023-10-02 20:00:00,512.78
2023-10-02 21:00:00,183.21
2023-10-02 22:00:00,140.6
2023-10-02 23:00:00,199.96
2023-10-03 00:00:00,148.06
2023-10-03 01:00:00,122.61
2023-10-03 02:00:00,153.2
2023-10-03 03:00:00,139.25
2023-10-03 04:00:00,175.62
2023-10-03 05:00:00,225.31
2023-10-03 06:00:00,130.08
2023-10-03 07:00:00,486.86
2023-10-03 08:00:00,459.01
2023-10-03 09:00:00,783.75
2023-10-03 10:00:00,841.76
2023-10-03 11:00:00,827.97
2023-10-03 12:00:00,870.13
2023-10-03 13:00:00,899.21
2023-10-03 14:00:00,843.2
2023-10-03 15:00:00,840.23
2023-10-03 16:00:00,849.48
2023-10-03 17:00:00,827.71
2023-10-03 18:00:00,785.65
2023-10-03 19:00:00,482.47
2023-10-03 20:00:00,473.34
2023-10-03 21:00:00,150.43
2023-10-03 22:00:00,203.4
2023-10-03 23:00:00,143.18
2023-10-04 00:00:00,182.39
2023-10-04 01:00:00,139.75
2023-10-04 02:00:00,131.94
2023-10-04 03:00:00,147.0
2023-10-04 04:00:00,167.2
2023-10-04 05:00:00,187.12
2023-10-04 06:00:00,110.11
2023-10-04 07:00:00,483.52
2023-10-04 08:00:00,491.18
2023-10-04 09:00:00,798.51
2023-10-04 10:00:00,860.46
2023-10-04 11:00:00,814.86
2023-10-04 12:00:00,863.01
2023-10-04 13:00:00,823.6
2023-10-04 14:00:00,877.37
2023-10-04 15:00:00,847.57
2023-10-04 16:00:00,890.57
2023-10-04 17:00:00,832.95
2023-10-04 18:00:00,768.29
2023-10-04 19:00:00,529.11
2023-10-04 20:00:00,509.62
2023-10-04 21:00:00,212.1
2023-10-04 22:00:00,177.05
2023-10-04 23:00:00,130.23
2023-10-05 00:00:00,142.86
2023-10-05 01:00:00,143.57
2023-10-05 02:00:00,149.06
2023-10-05 03:00:00,134.13
2023-10-05 04:00:00,186.54
2023-10-05 05:00:00,177.98
2023-10-05 06:00:00,169.88
2023-10-05 07:00:00,481.47
2023-10-05 08:00:00,488.87
2023-10-05 09:00:00,754.59
2023-10-05 10:00:00,826.47
2023-10-05 11:00:00,852.02
2023-10-05 12:00:00,860.39
2023-10-05 13:00:00,882.02
2023-10-05 14:00:00,882.06
2023-10-05 15:00:00,856.94
2023-10-05 16:00:00,865.48
2023-10-05 17:00:00,811.27
2023-10-05 18:00:00,825.14
2023-10-05 19:00:00,512.14
2023-10-05 20:00:00,495.02
2023-10-05 21:00:00,150.43
2023-10-05 22:00:00,135.73
2023-10-05 23:00:00,165.21
2023-10-06 00:00:00,179.01
2023-10-06 01:00:00,185.93
2023-10-06 02:00:00,153.72
2023-10-06 03:00:00,169.83
2023-10-06 04:00:00,188.16
2023-10-06 05:00:00,151.79
2023-10-06 06:00:00,141.95
2023-10-06 07:00:00,495.83
2023-10-06 08:00:00,482.65
2023-10-06 09:00:00,806.19
2023-10-06 10:00:00,816.03
2023-10-06 11:00:00,851.81
2023-10-06 12:00:00,863.15
2023-10-06 13:00:00,882.93
2023-10-06 14:00:00,907.69
2023-10-06 15:00:00,893.54
2023-10-06 16:00:00,895.65
2023-10-06 17:00:00,841.84
2023-10-06 18:00:00,802.08
2023-10-06 19:00:00,467.85
2023-10-06 20:00:00,445.22
2023-10-06 21:00:00,174.54
2023-10-06 22:00:00,191.69
2023-10-06 23:00:00,192.18
2023-10-07 00:00:00,246.85
2023-10-07 01:00:00,231.8
2023-10-07 02:00:00,227.49
2023-10-07 03:00:00,234.69
2023-10-07 04:00:00,264.05
2023-10-07 05:00:00,223.68
2023-10-07 06:00:00,201.79
2023-10-07 07:00:00,218.18
2023-10-07 08:00:00,229.3
2023-10-07 09:00:00,224.49
2023-10-07 10:00:00,245.46
2023-10-07 11:00:00,256.24
2023-10-07 12:00:00,253.62
2023-10-07 13:00:00,235.56
2023-10-07 14:00:00,255.25
2023-10-07 15:00:00,235.92
2023-10-07 16:00:00,233.54
2023-10-07 17:00:00,209.27
2023-10-07 18:00:00,236.13
2023-10-07 19:00:00,256.2
2023-10-07 20:00:00,237.72
2023-10-07 21:00:00,263.59
2023-10-07 22:00:00,259.82
2023-10-07 23:00:00,251.9
2023-10-08 00:00:00,206.31
2023-10-08 01:00:00,222.31
2023-10-08 02:00:00,245.39
2023-10-08 03:00:00,236.2
2023-10-08 04:00:00,250.04
2023-10-08 05:00:00,256.41
2023-10-08 06:00:00,267.94
2023-10-08 07:00:00,258.14
2023-10-08 08:00:00,255.79
2023-10-08 09:00:00,257.56
2023-10-08 10:00:00,233.99
2023-10-08 11:00:00,221.74
2023-10-08 12:00:00,276.52
2023-10-08 13:00:00,233.3
2023-10-08 14:00:00,231.96
2023-10-08 15:00:00,155.54
2023-10-08 16:00:00,250.53
2023-10-08 17:00:00,249.65
2023-10-08 18:00:00,258.42
2023-10-08 19:00:00,259.54
2023-10-08 20:00:00,235.09
2023-10-08 21:00:00,227.19
2023-10-08 22:00:00,218.34
2023-10-08 23:00:00,255.91
2023-10-09 00:00:00,163.62
2023-10-09 01:00:00,132.26
2023-10-09 02:00:00,169.69
2023-10-09 03:00:00,202.21
2023-10-09 04:00:00,154.69
2023-10-09 05:00:00,180.09
2023-10-09 06:00:00,173.35
2023-10-09 07:00:00,469.8
2023-10-09 08:00:00,458.44
2023-10-09 09:00:00,777.85
2023-10-09 10:00:00,828.52
2023-10-09 11:00:00,878.11
2023-10-09 12:00:00,840.4
2023-10-09 13:00:00,856.69
2023-10-09 14:00:00,878.48
2023-10-09 15:00:00,873.73
2023-10-09 16:00:00,829.45
2023-10-09 17:00:00,841.48
2023-10-09 18:00:00,760.52
2023-10-09 19:00:00,493.98
2023-10-09 20:00:00,486.18
2023-10-09 21:00:00,139.4
2023-10-09 22:00:00,168.53
2023-10-09 23:00:00,162.95
2023-10-10 00:00:00,168.45
2023-10-10 01:00:00,156.47
2023-10-10 02:00:00,178.02
2023-10-10 03:00:00,138.7
2023-10-10 04:00:00,164.04
2023-10-10 05:00:00,155.16
2023-10-10 06:00:00,138.39
2023-10-10 07:00:00,491.49
2023-10-10 08:00:00,510.94
2023-10-10 09:00:00,807.77
2023-10-10 10:00:00,823.24
2023-10-10 11:00:00,846.67
2023-10-10 12:00:00,870.29
2023-10-10 13:00:00,875.76
2023-10-10 14:00:00,885.81
2023-10-10 15:00:00,874.93
2023-10-10 16:00:00,858.53
2023-10-10 17:00:00,844.54
2023-10-10 18:00:00,774.57
2023-10-10 19:00:00,484.11
2023-10-10 20:00:00,473.07
2023-10-10 21:00:00,172.01
2023-10-10 22:00:00,184.8
2023-10-10 23:00:00,122.32
2023-10-11 00:00:00,143.63
2023-10-11 01:00:00,159.24
2023-10-11 02:00:00,167.85
2023-10-11 03:00:00,165.02
2023-10-11 04:00:00,174.38
2023-10-11 05:00:00,178.75
2023-10-11 06:00:00,161.76
2023-10-11 07:00:00,487.66
2023-10-11 08:00:00,462.1
2023-10-11 09:00:00,795.55
2023-10-11 10:00:00,844.27
2023-10-11 11:00:00,855.99
2023-10-11 12:00:00,847.79
2023-10-11 13:00:00,896.65
2023-10-11 14:00:00,840.45
2023-10-11 15:00:00,864.48
2023-10-11 16:00:00,864.31
2023-10-11 17:00:00,840.99
2023-10-11 18:00:00,839.37
2023-10-11 19:00:00,508.52
2023-10-11 20:00:00,465.33
2023-10-11 21:00:00,166.87
2023-10-11 22:00:00,170.89
2023-10-11 23:00:00,137.07
2023-10-12 00:00:00,158.7
2023-10-12 01:00:00,151.89
2023-10-12 02:00:00,150.08
2023-10-12 03:00:00,163.66
2023-10-12 04:00:00,151.31
2023-10-12 05:00:00,162.64
2023-10-12 06:00:00,172.13
2023-10-12 07:00:00,515.82
2023-10-12 08:00:00,518.27
2023-10-12 09:00:00,763.92
2023-10-12 10:00:00,808.36
2023-10-12 11:00:00,814.5
2023-10-12 12:00:00,878.61
2023-10-12 13:00:00,866.34
2023-10-12 14:00:00,893.39
2023-10-12 15:00:00,876.56
2023-10-12 16:00:00,848.84
2023-10-12 17:00:00,825.3
2023-10-12 18:00:00,814.99
2023-10-12 19:00:00,473.18
2023-10-12 20:00:00,482.72
2023-10-12 21:00:00,178.51
2023-10-12 22:00:00,159.19
2023-10-12 23:00:00,141.4
2023-10-13 00:00:00,138.69
2023-10-13 01:00:00,178.98
2023-10-13 02:00:00,168.44
2023-10-13 03:00:00,140.91
2023-10-13 04:00:00,181.92
2023-10-13 05:00:00,198.56
2023-10-13 06:00:00,145.96
2023-10-13 07:00:00,527.04
2023-10-13 08:00:00,472.6
2023-10-13 09:00:00,806.7
2023-10-13 10:00:00,819.45
2023-10-13 11:00:00,845.56
2023-10-13 12:00:00,865.13
2023-10-13 13:00:00,884.61
2023-10-13 14:00:00,906.48
2023-10-13 15:00:00,867.54
2023-10-13 16:00:00,841.49
2023-10-13 17:00:00,863.2
2023-10-13 18:00:00,782.34
2023-10-13 19:00:00,469.64
2023-10-13 20:00:00,492.89
2023-10-13 21:00:00,148.28
2023-10-13 22:00:00,150.03
2023-10-13 23:00:00,155.54
2023-10-14 00:00:00,257.37
2023-10-14 01:00:00,257.11
2023-10-14 02:00:00,235.36
2023-10-14 03:00:00,247.23
2023-10-14 04:00:00,235.94
2023-10-14 05:00:00,258.72
2023-10-14 06:00:00,226.45
2023-10-14 07:00:00,208.44
2023-10-14 08:00:00,214.4
2023-10-14 09:00:00,234.01
2023-10-14 10:00:00,223.65
2023-10-14 11:00:00,215.03
2023-10-14 12:00:00,220.17
2023-10-14 13:00:00,216.76
2023-10-14 14:00:00,255.32
2023-10-14 15:00:00,218.35
2023-10-14 16:00:00,251.52
2023-10-14 17:00:00,207.54
2023-10-14 18:00:00,248.91
2023-10-14 19:00:00,256.63
2023-10-14 20:00:00,255.4
2023-10-14 21:00:00,257.19
2023-10-14 22:00:00,235.03
2023-10-14 23:00:00,226.47
2023-10-15 00:00:00,230.5
2023-10-15 01:00:00,241.58
2023-10-15 02:00:00,235.48
2023-10-15 03:00:00,254.17
2023-10-15 04:00:00,242.4
2023-10-15 05:00:00,258.32
2023-10-15 06:00:00,236.7
2023-10-15 07:00:00,233.27
2023-10-15 08:00:00,269.42
2023-10-15 09:00:00,262.43
2023-10-15 10:00:00,242.39
2023-10-15 11:00:00,237.68
2023-10-15 12:00:00,254.22
2023-10-15 13:00:00,229.81
2023-10-15 14:00:00,235.44
2023-10-15 15:00:00,242.82
2023-10-15 16:00:00,210.88
2023-10-15 17:00:00,269.09
2023-10-15 18:00:00,233.15
2023-10-15 19:00:00,226.63
2023-10-15 20:00:00,225.85
2023-10-15 21:00:00,247.24
2023-10-15 22:00:00,246.23
2023-10-15 23:00:00,242.99
2023-10-16 00:00:00,172.53
2023-10-16 01:00:00,188.02
2023-10-16 02:00:00,146.28
2023-10-16 03:00:00,139.07
2023-10-16 04:00:00,137.22
2023-10-16 05:00:00,133.23
2023-10-16 06:00:00,165.43
2023-10-16 07:00:00,486.93
2023-10-16 08:00:00,488.73
2023-10-16 09:00:00,808.24
2023-10-16 10:00:00,848.8
2023-10-16 11:00:00,848.02
2023-10-16 12:00:00,872.07
2023-10-16 13:00:00,930.22
2023-10-16 14:00:00,857.6
2023-10-16 15:00:00,864.63
2023-10-16 16:00:00,886.41
2023-10-16 17:00:00,821.41
2023-10-16 18:00:00,816.77
2023-10-16 19:00:00,516.98
2023-10-16 20:00:00,457.69
2023-10-16 21:00:00,139.86
2023-10-16 22:00:00,153.69
2023-10-16 23:00:00,179.27
2023-10-17 00:00:00,175.3
2023-10-17 01:00:00,156.96
2023-10-17 02:00:00,158.63
2023-10-17 03:00:00,154.13
2023-10-17 04:00:00,160.41
2023-10-17 05:00:00,155.91
2023-10-17 06:00:00,164.05
2023-10-17 07:00:00,466.29
2023-10-17 08:00:00,506.8
2023-10-17 09:00:00,786.04
2023-10-17 10:00:00,795.83
2023-10-17 11:00:00,816.73
2023-10-17 12:00:00,832.13
2023-10-17 13:00:00,909.17
2023-10-17 14:00:00,857.73
2023-10-17 15:00:00,842.91
2023-10-17 16:00:00,868.63
2023-10-17 17:00:00,829.48
2023-10-17 18:00:00,784.22
2023-10-17 19:00:00,510.32
2023-10-17 20:00:00,515.18
2023-10-17 21:00:00,169.58
2023-10-17 22:00:00,141.86
2023-10-17 23:00:00,177.3
2023-10-18 00:00:00,147.37
2023-10-18 01:00:00,154.93
2023-10-18 02:00:00,175.06
2023-10-18 03:00:00,156.42
2023-10-18 04:00:00,157.96
2023-10-18 05:00:00,152.08
2023-10-18 06:00:00,148.9
2023-10-18 07:00:00,476.84
2023-10-18 08:00:00,499.76
2023-10-18 09:00:00,813.85
2023-10-18 10:00:00,824.26
2023-10-18 11:00:00,826.33
2023-10-18 12:00:00,897.72
2023-10-18 13:00:00,873.83
2023-10-18 14:00:00,855.76
2023-10-18 15:00:00,857.81
2023-10-18 16:00:00,829.49
2023-10-18 17:00:00,821.67
2023-10-18 18:00:00,798.06
2023-10-18 19:00:00,479.45
2023-10-18 20:00:00,501.11
2023-10-18 21:00:00,161.36
2023-10-18 22:00:00,151.42
2023-10-18 23:00:00,165.01
2023-10-19 00:00:00,142.68
2023-10-19 01:00:00,173.65
2023-10-19 02:00:00,176.64
2023-10-19 03:00:00,159.4
2023-10-19 04:00:00,196.85
2023-10-19 05:00:00,153.91
2023-10-19 06:00:00,137.75
2023-10-19 07:00:00,490.9
2023-10-19 08:00:00,476.4
2023-10-19 09:00:00,773.7
2023-10-19 10:00:00,831.02
2023-10-19 11:00:00,834.16
2023-10-19 12:00:00,838.14
2023-10-19 13:00:00,883.66
2023-10-19 14:00:00,875.23
2023-10-19 15:00:00,863.58
2023-10-19 16:00:00,842.39
2023-10-19 17:00:00,813.61
2023-10-19 18:00:00,768.54
2023-10-19 19:00:00,459.25
2023-10-19 20:00:00,476.72
2023-10-19 21:00:00,186.06
2023-10-19 22:00:00,150.09
2023-10-19 23:00:00,145.15
2023-10-20 00:00:00,132.26
2023-10-20 01:00:00,162.92
2023-10-20 02:00:00,132.72
2023-10-20 03:00:00,177.03
2023-10-20 04:00:00,173.24
2023-10-20 05:00:00,177.3
2023-10-20 06:00:00,143.77
2023-10-20 07:00:00,508.71
2023-10-20 08:00:00,492.91
2023-10-20 09:00:00,785.73
2023-10-20 10:00:00,789.12
2023-10-20 11:00:00,835.97
2023-10-20 12:00:00,877.12
2023-10-20 13:00:00,850.75
2023-10-20 14:00:00,844.09
2023-10-20 15:00:00,836.59
2023-10-20 16:00:00,844.86
2023-10-20 17:00:00,862.92
2023-10-20 18:00:00,844.64
2023-10-20 19:00:00,488.43
2023-10-20 20:00:00,482.06
2023-10-20 21:00:00,198.07
2023-10-20 22:00:00,180.89
2023-10-20 23:00:00,170.7
2023-10-21 00:00:00,237.84
2023-10-21 01:00:00,231.25
2023-10-21 02:00:00,217.77
2023-10-21 03:00:00,262.93
2023-10-21 04:00:00,242.72
2023-10-21 05:00:00,241.18
2023-10-21 06:00:00,237.15
2023-10-21 07:00:00,255.74
2023-10-21 08:00:00,268.58
2023-10-21 09:00:00,233.7
2023-10-21 10:00:00,227.22
2023-10-21 11:00:00,241.3
2023-10-21 12:00:00,237.19
2023-10-21 13:00:00,237.02
2023-10-21 14:00:00,229.56
2023-10-21 15:00:00,250.88
2023-10-21 16:00:00,228.2
2023-10-21 17:00:00,241.82
2023-10-21 18:00:00,240.79
2023-10-21 19:00:00,266.7
2023-10-21 20:00:00,201.35
2023-10-21 21:00:00,202.79
2023-10-21 22:00:00,236.36
2023-10-21 23:00:00,251.41
2023-10-22 00:00:00,239.71
2023-10-22 01:00:00,238.83
2023-10-22 02:00:00,235.29
2023-10-22 03:00:00,248.44
2023-10-22 04:00:00,230.19
2023-10-22 05:00:00,219.96
2023-10-22 06:00:00,227.33
2023-10-22 07:00:00,215.65
2023-10-22 08:00:00,256.55
2023-10-22 09:00:00,253.56
2023-10-22 10:00:00,212.28
2023-10-22 11:00:00,240.51
2023-10-22 12:00:00,244.6
2023-10-22 13:00:00,252.23
2023-10-22 14:00:00,231.26
2023-10-22 15:00:00,221.93
2023-10-22 16:00:00,240.24
2023-10-22 17:00:00,250.99
2023-10-22 18:00:00,235.15
2023-10-22 19:00:00,235.49
2023-10-22 20:00:00,239.45
2023-10-22 21:00:00,228.15
2023-10-22 22:00:00,232.69
2023-10-22 23:00:00,246.5
2023-10-23 00:00:00,182.97
2023-10-23 01:00:00,166.7
2023-10-23 02:00:00,163.16
2023-10-23 03:00:00,153.96
2023-10-23 04:00:00,152.88
2023-10-23 05:00:00,155.26
2023-10-23 06:00:00,171.25
2023-10-23 07:00:00,476.24
2023-10-23 08:00:00,503.6
2023-10-23 09:00:00,809.66
2023-10-23 10:00:00,842.38
2023-10-23 11:00:00,792.7
2023-10-23 12:00:00,847.22
2023-10-23 13:00:00,877.01
2023-10-23 14:00:00,870.97
2023-10-23 15:00:00,813.96
2023-10-23 16:00:00,860.78
2023-10-23 17:00:00,824.29
2023-10-23 18:00:00,812.84
2023-10-23 19:00:00,491.01
2023-10-23 20:00:00,498.9
2023-10-23 21:00:00,125.4
2023-10-23 22:00:00,199.42
2023-10-23 23:00:00,159.44
2023-10-24 00:00:00,161.16
2023-10-24 01:00:00,184.47
2023-10-24 02:00:00,155.65
2023-10-24 03:00:00,140.99
2023-10-24 04:00:00,174.61
2023-10-24 05:00:00,149.98
2023-10-24 06:00:00,147.9
2023-10-24 07:00:00,468.81
2023-10-24 08:00:00,462.05
2023-10-24 09:00:00,802.7
2023-10-24 10:00:00,825.8
2023-10-24 11:00:00,847.12
2023-10-24 12:00:00,877.52
2023-10-24 13:00:00,898.74
2023-10-24 14:00:00,860.34
2023-10-24 15:00:00,863.37
2023-10-24 16:00:00,855.19
2023-10-24 17:00:00,834.8
2023-10-24 18:00:00,818.85
2023-10-24 19:00:00,511.16
2023-10-24 20:00:00,505.58
2023-10-24 21:00:00,145.84
2023-10-24 22:00:00,122.69
2023-10-24 23:00:00,153.01
2023-10-25 00:00:00,181.42
2023-10-25 01:00:00,163.49
2023-10-25 02:00:00,186.8
2023-10-25 03:00:00,162.06
2023-10-25 04:00:00,193.59
2023-10-25 05:00:00,181.31
2023-10-25 06:00:00,161.83
2023-10-25 07:00:00,493.63
2023-10-25 08:00:00,480.39
2023-10-25 09:00:00,751.8
2023-10-25 10:00:00,850.94
2023-10-25 11:00:00,829.7
2023-10-25 12:00:00,861.68
2023-10-25 13:00:00,854.14
2023-10-25 14:00:00,855.81
2023-10-25 15:00:00,877.2
2023-10-25 16:00:00,828.66
2023-10-25 17:00:00,809.56
2023-10-25 18:00:00,800.39
2023-10-25 19:00:00,493.07
2023-10-25 20:00:00,480.45
2023-10-25 21:00:00,190.84
2023-10-25 22:00:00,180.03
2023-10-25 23:00:00,147.67
2023-10-26 00:00:00,128.62
2023-10-26 01:00:00,147.85
2023-10-26 02:00:00,150.84
2023-10-26 03:00:00,133.91
2023-10-26 04:00:00,122.55
2023-10-26 05:00:00,181.66
2023-10-26 06:00:00,160.46
2023-10-26 07:00:00,488.58
2023-10-26 08:00:00,469.63
2023-10-26 09:00:00,803.81
2023-10-26 10:00:00,863.55
2023-10-26 11:00:00,856.62
2023-10-26 12:00:00,861.04
2023-10-26 13:00:00,904.87
2023-10-26 14:00:00,851.86
2023-10-26 15:00:00,880.44
2023-10-26 16:00:00,847.46
2023-10-26 17:00:00,858.57
2023-10-26 18:00:00,815.12
2023-10-26 19:00:00,477.8
2023-10-26 20:00:00,448.27
2023-10-26 21:00:00,167.71
2023-10-26 22:00:00,141.58
2023-10-26 23:00:00,150.33
2023-10-27 00:00:00,173.87
2023-10-27 01:00:00,142.84
2023-10-27 02:00:00,187.45
2023-10-27 03:00:00,154.11
2023-10-27 04:00:00,157.84
2023-10-27 05:00:00,181.68
2023-10-27 06:00:00,157.63
2023-10-27 07:00:00,471.62
2023-10-27 08:00:00,437.89
2023-10-27 09:00:00,788.04
2023-10-27 10:00:00,820.42
2023-10-27 11:00:00,828.35
2023-10-27 12:00:00,874.38
2023-10-27 13:00:00,875.55
2023-10-27 14:00:00,883.57
2023-10-27 15:00:00,862.22
2023-10-27 16:00:00,868.74
2023-10-27 17:00:00,834.98
2023-10-27 18:00:00,806.37
2023-10-27 19:00:00,460.34
2023-10-27 20:00:00,471.87
2023-10-27 21:00:00,189.99
2023-10-27 22:00:00,167.03
2023-10-27 23:00:00,176.0
2023-10-28 00:00:00,228.87
2023-10-28 01:00:00,242.37
2023-10-28 02:00:00,225.59
2023-10-28 03:00:00,252.29
2023-10-28 04:00:00,248.71
2023-10-28 05:00:00,233.27
2023-10-28 06:00:00,223.54
2023-10-28 07:00:00,255.07
2023-10-28 08:00:00,234.44
2023-10-28 09:00:00,248.18
2023-10-28 10:00:00,243.32
2023-10-28 11:00:00,211.69
2023-10-28 12:00:00,236.35
2023-10-28 13:00:00,239.67
2023-10-28 14:00:00,257.91
2023-10-28 15:00:00,215.55
2023-10-28 16:00:00,238.06
2023-10-28 17:00:00,256.39
2023-10-28 18:00:00,250.3
2023-10-28 19:00:00,204.86
2023-10-28 20:00:00,217.98
2023-10-28 21:00:00,270.18
2023-10-28 22:00:00,238.61
2023-10-28 23:00:00,236.29
2023-10-29 00:00:00,219.87
2023-10-29 01:00:00,250.66
2023-10-29 02:00:00,276.25
2023-10-29 03:00:00,250.77
2023-10-29 04:00:00,203.23
2023-10-29 05:00:00,233.85
2023-10-29 06:00:00,242.66
2023-10-29 07:00:00,213.32
2023-10-29 08:00:00,262.13
2023-10-29 09:00:00,212.37
2023-10-29 10:00:00,239.27
2023-10-29 11:00:00,253.93
2023-10-29 12:00:00,258.41
2023-10-29 13:00:00,226.35
2023-10-29 14:00:00,253.86
2023-10-29 15:00:00,264.0
2023-10-29 16:00:00,232.7
2023-10-29 17:00:00,226.68
2023-10-29 18:00:00,274.21
2023-10-29 19:00:00,247.06
2023-10-29 20:00:00,270.72
2023-10-29 21:00:00,222.74
2023-10-29 22:00:00,223.45
2023-10-29 23:00:00,244.18
2023-10-30 00:00:00,156.55
2023-10-30 01:00:00,125.55
2023-10-30 02:00:00,162.32
2023-10-30 03:00:00,183.51
2023-10-30 04:00:00,148.64
2023-10-30 05:00:00,182.77
2023-10-30 06:00:00,145.51
2023-10-30 07:00:00,466.07
2023-10-30 08:00:00,458.44
2023-10-30 09:00:00,810.93
2023-10-30 10:00:00,850.39
2023-10-30 11:00:00,858.9
2023-10-30 12:00:00,874.89
2023-10-30 13:00:00,908.23
2023-10-30 14:00:00,874.76
2023-10-30 15:00:00,900.14
2023-10-30 16:00:00,869.91
2023-10-30 17:00:00,793.51
2023-10-30 18:00:00,826.81
2023-10-30 19:00:00,478.53
2023-10-30 20:00:00,425.33
2023-10-30 21:00:00,171.77
2023-10-30 22:00:00,160.68
2023-10-30 23:00:00,185.55
2023-10-31 00:00:00,153.94
2023-10-31 01:00:00,104.87
2023-10-31 02:00:00,139.58
2023-10-31 03:00:00,181.04
2023-10-31 04:00:00,181.05
2023-10-31 05:00:00,173.96
2023-10-31 06:00:00,177.93
2023-10-31 07:00:00,487.46
2023-10-31 08:00:00,457.59
2023-10-31 09:00:00,768.24
2023-10-31 10:00:00,811.45
2023-10-31 11:00:00,858.31
2023-10-31 12:00:00,846.62
2023-10-31 13:00:00,899.07
2023-10-31 14:00:00,907.86
2023-10-31 15:00:00,872.84
2023-10-31 16:00:00,867.15
2023-10-31 17:00:00,861.68
2023-10-31 18:00:00,827.46
2023-10-31 19:00:00,491.54
2023-10-31 20:00:00,499.69
2023-10-31 21:00:00,153.1
2023-10-31 22:00:00,152.63
2023-10-31 23:00:00,155.17
2023-11-01 00:00:00,145.69
2023-11-01 01:00:00,157.22
2023-11-01 02:00:00,175.76
2023-11-01 03:00:00,159.94
2023-11-01 04:00:00,143.42
2023-11-01 05:00:00,175.63
2023-11-01 06:00:00,178.05
2023-11-01 07:00:00,444.57
2023-11-01 08:00:00,488.99
2023-11-01 09:00:00,820.44
2023-11-01 10:00:00,792.9
2023-11-01 11:00:00,865.18
2023-11-01 12:00:00,879.02
2023-11-01 13:00:00,882.81
2023-11-01 14:00:00,873.47
2023-11-01 15:00:00,830.22
2023-11-01 16:00:00,880.95
2023-11-01 17:00:00,858.36
2023-11-01 18:00:00,786.45
2023-11-01 19:00:00,446.37
2023-11-01 20:00:00,503.65
2023-11-01 21:00:00,157.39
2023-11-01 22:00:00,150.83
2023-11-01 23:00:00,177.34
2023-11-02 00:00:00,147.47
2023-11-02 01:00:00,128.18
2023-11-02 02:00:00,147.8
2023-11-02 03:00:00,127.48
2023-11-02 04:00:00,172.18
2023-11-02 05:00:00,151.76
2023-11-02 06:00:00,176.45
2023-11-02 07:00:00,483.98
2023-11-02 08:00:00,485.93
2023-11-02 09:00:00,842.05
2023-11-02 10:00:00,836.57
2023-11-02 11:00:00,866.43
2023-11-02 12:00:00,858.95
2023-11-02 13:00:00,863.45
2023-11-02 14:00:00,857.13
2023-11-02 15:00:00,881.71
2023-11-02 16:00:00,828.01
2023-11-02 17:00:00,816.31
2023-11-02 18:00:00,807.04
2023-11-02 19:00:00,470.62
2023-11-02 20:00:00,472.92
2023-11-02 21:00:00,208.69
2023-11-02 22:00:00,142.18
2023-11-02 23:00:00,144.91
2023-11-03 00:00:00,159.5
2023-11-03 01:00:00,171.48
2023-11-03 02:00:00,131.46
2023-11-03 03:00:00,158.77
2023-11-03 04:00:00,146.94
2023-11-03 05:00:00,167.44
2023-11-03 06:00:00,155.48
2023-11-03 07:00:00,479.11
2023-11-03 08:00:00,478.25
2023-11-03 09:00:00,828.37
2023-11-03 10:00:00,853.89
2023-11-03 11:00:00,854.79
2023-11-03 12:00:00,878.53
2023-11-03 13:00:00,871.66
2023-11-03 14:00:00,900.26
2023-11-03 15:00:00,862.26
2023-11-03 16:00:00,841.47
2023-11-03 17:00:00,823.98
2023-11-03 18:00:00,824.55
2023-11-03 19:00:00,488.82
2023-11-03 20:00:00,474.46
2023-11-03 21:00:00,154.72
2023-11-03 22:00:00,153.21
2023-11-03 23:00:00,149.35
2023-11-04 00:00:00,240.1
2023-11-04 01:00:00,258.77
2023-11-04 02:00:00,228.27
2023-11-04 03:00:00,234.72
2023-11-04 04:00:00,249.01
2023-11-04 05:00:00,219.55
2023-11-04 06:00:00,204.49
2023-11-04 07:00:00,242.36
2023-11-04 08:00:00,232.16
2023-11-04 09:00:00,260.9
2023-11-04 10:00:00,244.6
2023-11-04 11:00:00,261.9
2023-11-04 12:00:00,238.19
2023-11-04 13:00:00,253.69
2023-11-04 14:00:00,216.69
2023-11-04 15:00:00,261.69
2023-11-04 16:00:00,266.08
2023-11-04 17:00:00,232.84
2023-11-04 18:00:00,215.17
2023-11-04 19:00:00,233.47
2023-11-04 20:00:00,266.57
2023-11-04 21:00:00,210.32
2023-11-04 22:00:00,245.02
2023-11-04 23:00:00,229.27
2023-11-05 00:00:00,253.99
2023-11-05 01:00:00,255.65
2023-11-05 02:00:00,233.74
2023-11-05 03:00:00,267.15
2023-11-05 04:00:00,254.7
2023-11-05 05:00:00,243.56
2023-11-05 06:00:00,245.42
2023-11-05 07:00:00,206.8
2023-11-05 08:00:00,252.99
2023-11-05 09:00:00,309.12
2023-11-05 10:00:00,260.47
2023-11-05 11:00:00,224.93
2023-11-05 12:00:00,227.55
2023-11-05 13:00:00,279.96
2023-11-05 14:00:00,252.97
2023-11-05 15:00:00,251.91
2023-11-05 16:00:00,225.8
2023-11-05 17:00:00,252.58
2023-11-05 18:00:00,256.98
2023-11-05 19:00:00,206.53
2023-11-05 20:00:00,215.22
2023-11-05 21:00:00,253.71
2023-11-05 22:00:00,241.72
2023-11-05 23:00:00,228.96
2023-11-06 00:00:00,160.98
2023-11-06 01:00:00,157.03
2023-11-06 02:00:00,156.24
2023-11-06 03:00:00,170.91
2023-11-06 04:00:00,169.1
2023-11-06 05:00:00,131.17
2023-11-06 06:00:00,133.97
2023-11-06 07:00:00,468.24
2023-11-06 08:00:00,453.14
2023-11-06 09:00:00,788.53
2023-11-06 10:00:00,856.37
2023-11-06 11:00:00,849.74
2023-11-06 12:00:00,870.91
2023-11-06 13:00:00,915.71
2023-11-06 14:00:00,897.97
2023-11-06 15:00:00,849.95
2023-11-06 16:00:00,839.38
2023-11-06 17:00:00,808.23
2023-11-06 18:00:00,776.19
2023-11-06 19:00:00,505.03
2023-11-06 20:00:00,447.5
2023-11-06 21:00:00,157.64
2023-11-06 22:00:00,164.42
2023-11-06 23:00:00,178.85
2023-11-07 00:00:00,146.66
2023-11-07 01:00:00,169.73
2023-11-07 02:00:00,150.07
2023-11-07 03:00:00,183.05
2023-11-07 04:00:00,193.47
2023-11-07 05:00:00,131.82
2023-11-07 06:00:00,129.95
2023-11-07 07:00:00,490.49
2023-11-07 08:00:00,461.67
2023-11-07 09:00:00,833.51
2023-11-07 10:00:00,843.47
2023-11-07 11:00:00,851.62
2023-11-07 12:00:00,847.22
2023-11-07 13:00:00,846.78
2023-11-07 14:00:00,913.13
2023-11-07 15:00:00,877.76
2023-11-07 16:00:00,882.24
2023-11-07 17:00:00,785.58
2023-11-07 18:00:00,789.21
2023-11-07 19:00:00,479.13
2023-11-07 20:00:00,485.84
2023-11-07 21:00:00,165.11
2023-11-07 22:00:00,146.35
2023-11-07 23:00:00,143.18
2023-11-08 00:00:00,158.31
2023-11-08 01:00:00,196.5
2023-11-08 02:00:00,165.58
2023-11-08 03:00:00,174.62
2023-11-08 04:00:00,167.22
2023-11-08 05:00:00,136.72
2023-11-08 06:00:00,151.65
2023-11-08 07:00:00,496.43
2023-11-08 08:00:00,499.63
2023-11-08 09:00:00,798.84
2023-11-08 10:00:00,835.02
2023-11-08 11:00:00,840.58
2023-11-08 12:00:00,869.76
2023-11-08 13:00:00,889.0
2023-11-08 14:00:00,858.05
2023-11-08 15:00:00,875.54
2023-11-08 16:00:00,823.03
2023-11-08 17:00:00,839.29
2023-11-08 18:00:00,789.42
2023-11-08 19:00:00,467.61
2023-11-08 20:00:00,469.07
2023-11-08 21:00:00,159.62
2023-11-08 22:00:00,153.73
2023-11-08 23:00:00,154.47
2023-11-09 00:00:00,169.12
2023-11-09 01:00:00,194.91
2023-11-09 02:00:00,155.85
2023-11-09 03:00:00,168.41
2023-11-09 04:00:00,135.69
2023-11-09 05:00:00,182.59
2023-11-09 06:00:00,180.93
2023-11-09 07:00:00,476.24
2023-11-09 08:00:00,476.74
2023-11-09 09:00:00,806.32
2023-11-09 10:00:00,819.67
2023-11-09 11:00:00,839.89
2023-11-09 12:00:00,856.98
2023-11-09 13:00:00,881.41
2023-11-09 14:00:00,891.9
2023-11-09 15:00:00,850.81
2023-11-09 16:00:00,868.07
2023-11-09 17:00:00,843.82
2023-11-09 18:00:00,784.96
2023-11-09 19:00:00,481.79
2023-11-09 20:00:00,495.43
2023-11-09 21:00:00,170.57
2023-11-09 22:00:00,133.96
2023-11-09 23:00:00,166.55
2023-11-10 00:00:00,151.44
2023-11-10 01:00:00,181.35
2023-11-10 02:00:00,167.99
2023-11-10 03:00:00,164.89
2023-11-10 04:00:00,138.82
2023-11-10 05:00:00,168.3
2023-11-10 06:00:00,143.09
2023-11-10 07:00:00,469.69
2023-11-10 08:00:00,456.23
2023-11-10 09:00:00,817.22
2023-11-10 10:00:00,805.21
2023-11-10 11:00:00,869.16
2023-11-10 12:00:00,878.82
2023-11-10 13:00:00,885.1
2023-11-10 14:00:00,857.4
2023-11-10 15:00:00,879.32
2023-11-10 16:00:00,854.85
2023-11-10 17:00:00,816.74
2023-11-10 18:00:00,817.42
2023-11-10 19:00:00,478.8
2023-11-10 20:00:00,479.69
2023-11-10 21:00:00,169.93
2023-11-10 22:00:00,151.47
2023-11-10 23:00:00,167.63
2023-11-11 00:00:00,272.67
2023-11-11 01:00:00,264.01
2023-11-11 02:00:00,227.09
2023-11-11 03:00:00,222.92
2023-11-11 04:00:00,237.78
2023-11-11 05:00:00,279.77
2023-11-11 06:00:00,284.28
2023-11-11 07:00:00,262.85
2023-11-11 08:00:00,288.26
2023-11-11 09:00:00,227.48
2023-11-11 10:00:00,261.98
2023-11-11 11:00:00,246.8
2023-11-11 12:00:00,260.55
2023-11-11 13:00:00,236.29
2023-11-11 14:00:00,248.49
2023-11-11 15:00:00,242.37
2023-11-11 16:00:00,227.02
2023-11-11 17:00:00,241.8
2023-11-11 18:00:00,242.06
2023-11-11 19:00:00,222.54
2023-11-11 20:00:00,252.78
2023-11-11 21:00:00,230.06
2023-11-11 22:00:00,257.25
2023-11-11 23:00:00,234.74
2023-11-12 00:00:00,221.53
2023-11-12 01:00:00,271.32
2023-11-12 02:00:00,214.08
2023-11-12 03:00:00,244.92
2023-11-12 04:00:00,239.3
2023-11-12 05:00:00,237.01
2023-11-12 06:00:00,233.2
2023-11-12 07:00:00,275.56
2023-11-12 08:00:00,244.2
2023-11-12 09:00:00,223.79
2023-11-12 10:00:00,252.07
2023-11-12 11:00:00,222.69
2023-11-12 12:00:00,249.51
2023-11-12 13:00:00,236.11
2023-11-12 14:00:00,236.71
2023-11-12 15:00:00,256.1
2023-11-12 16:00:00,240.21
2023-11-12 17:00:00,257.8
2023-11-12 18:00:00,242.03
2023-11-12 19:00:00,228.16
2023-11-12 20:00:00,225.54
2023-11-12 21:00:00,226.88
2023-11-12 22:00:00,198.88
2023-11-12 23:00:00,207.06
2023-11-13 00:00:00,125.36
2023-11-13 01:00:00,176.5
2023-11-13 02:00:00,147.06
2023-11-13 03:00:00,156.11
2023-11-13 04:00:00,176.2
2023-11-13 05:00:00,155.5
2023-11-13 06:00:00,169.38
2023-11-13 07:00:00,512.01
2023-11-13 08:00:00,480.08
2023-11-13 09:00:00,792.04
2023-11-13 10:00:00,826.44
2023-11-13 11:00:00,872.21
2023-11-13 12:00:00,859.03
2023-11-13 13:00:00,859.25
2023-11-13 14:00:00,889.34
2023-11-13 15:00:00,854.34
2023-11-13 16:00:00,851.94
2023-11-13 17:00:00,868.16
2023-11-13 18:00:00,811.1
2023-11-13 19:00:00,447.87
2023-11-13 20:00:00,489.97
2023-11-13 21:00:00,153.22
2023-11-13 22:00:00,156.24
2023-11-13 23:00:00,182.67
2023-11-14 00:00:00,177.7
2023-11-14 01:00:00,172.55
2023-11-14 02:00:00,141.6
2023-11-14 03:00:00,170.91
2023-11-14 04:00:00,142.26
2023-11-14 05:00:00,158.79
2023-11-14 06:00:00,158.91
2023-11-14 07:00:00,508.02
2023-11-14 08:00:00,497.04
2023-11-14 09:00:00,782.09
2023-11-14 10:00:00,796.57
2023-11-14 11:00:00,841.67
2023-11-14 12:00:00,876.93
2023-11-14 13:00:00,905.43
2023-11-14 14:00:00,887.27
2023-11-14 15:00:00,862.09
2023-11-14 16:00:00,846.61
2023-11-14 17:00:00,813.07
2023-11-14 18:00:00,839.81
2023-11-14 19:00:00,492.73
2023-11-14 20:00:00,496.86
2023-11-14 21:00:00,162.0
2023-11-14 22:00:00,169.46
2023-11-14 23:00:00,161.43
2023-11-15 00:00:00,184.5
2023-11-15 01:00:00,128.76
2023-11-15 02:00:00,142.64
2023-11-15 03:00:00,183.41
2023-11-15 04:00:00,162.52
2023-11-15 05:00:00,186.68
2023-11-15 06:00:00,123.41
2023-11-15 07:00:00,459.32
2023-11-15 08:00:00,460.74
2023-11-15 09:00:00,804.34
2023-11-15 10:00:00,836.37
2023-11-15 11:00:00,855.13
2023-11-15 12:00:00,860.78
2023-11-15 13:00:00,904.99
2023-11-15 14:00:00,895.72
2023-11-15 15:00:00,865.96
2023-11-15 16:00:00,800.45
2023-11-15 17:00:00,828.88
2023-11-15 18:00:00,794.38
2023-11-15 19:00:00,453.16
2023-11-15 20:00:00,476.65
2023-11-15 21:00:00,144.95
2023-11-15 22:00:00,192.82
2023-11-15 23:00:00,145.57
2023-11-16 00:00:00,184.6
2023-11-16 01:00:00,174.25
2023-11-16 02:00:00,163.1
2023-11-16 03:00:00,165.53
2023-11-16 04:00:00,189.65
2023-11-16 05:00:00,175.7
2023-11-16 06:00:00,172.07
2023-11-16 07:00:00,537.74
2023-11-16 08:00:00,493.3
2023-11-16 09:00:00,817.5
2023-11-16 10:00:00,809.38
2023-11-16 11:00:00,824.92
2023-11-16 12:00:00,870.51
2023-11-16 13:00:00,863.15
2023-11-16 14:00:00,878.56
2023-11-16 15:00:00,848.02
2023-11-16 16:00:00,845.11
2023-11-16 17:00:00,793.7
2023-11-16 18:00:00,796.6
2023-11-16 19:00:00,477.54
2023-11-16 20:00:00,511.09
2023-11-16 21:00:00,171.12
2023-11-16 22:00:00,185.72
2023-11-16 23:00:00,151.79
2023-11-17 00:00:00,186.01
2023-11-17 01:00:00,178.33
2023-11-17 02:00:00,133.26
2023-11-17 03:00:00,137.94
2023-11-17 04:00:00,154.05
2023-11-17 05:00:00,154.79
2023-11-17 06:00:00,187.85
2023-11-17 07:00:00,481.96
2023-11-17 08:00:00,477.5
2023-11-17 09:00:00,837.17
2023-11-17 10:00:00,827.7
2023-11-17 11:00:00,875.93
2023-11-17 12:00:00,895.48
2023-11-17 13:00:00,865.27
2023-11-17 14:00:00,876.64
2023-11-17 15:00:00,879.1
2023-11-17 16:00:00,819.89
2023-11-17 17:00:00,837.02
2023-11-17 18:00:00,823.59
2023-11-17 19:00:00,485.58
2023-11-17 20:00:00,488.14
2023-11-17 21:00:00,151.95
2023-11-17 22:00:00,174.98
2023-11-17 23:00:00,169.71
2023-11-18 00:00:00,258.94
2023-11-18 01:00:00,233.58
2023-11-18 02:00:00,241.67
2023-11-18 03:00:00,215.1
2023-11-18 04:00:00,272.77
2023-11-18 05:00:00,198.23
2023-11-18 06:00:00,252.47
2023-11-18 07:00:00,239.44
2023-11-18 08:00:00,245.08
2023-11-18 09:00:00,229.34
2023-11-18 10:00:00,226.71
2023-11-18 11:00:00,208.75
2023-11-18 12:00:00,232.36
2023-11-18 13:00:00,224.48
2023-11-18 14:00:00,248.17
2023-11-18 15:00:00,226.86
2023-11-18 16:00:00,250.91
2023-11-18 17:00:00,206.21
2023-11-18 18:00:00,232.08
2023-11-18 19:00:00,252.85
2023-11-18 20:00:00,243.26
2023-11-18 21:00:00,211.44
2023-11-18 22:00:00,230.39
2023-11-18 23:00:00,236.86
2023-11-19 00:00:00,268.18
2023-11-19 01:00:00,249.59
2023-11-19 02:00:00,242.73
2023-11-19 03:00:00,209.52
2023-11-19 04:00:00,238.83
2023-11-19 05:00:00,233.14
2023-11-19 06:00:00,259.0
2023-11-19 07:00:00,229.27
2023-11-19 08:00:00,249.01
2023-11-19 09:00:00,235.5
2023-11-19 10:00:00,267.88
2023-11-19 11:00:00,222.87
2023-11-19 12:00:00,240.57
2023-11-19 13:00:00,237.95
2023-11-19 14:00:00,276.5
2023-11-19 15:00:00,236.24
2023-11-19 16:00:00,216.18
2023-11-19 17:00:00,222.99
2023-11-19 18:00:00,239.5
2023-11-19 19:00:00,241.32
2023-11-19 20:00:00,254.02
2023-11-19 21:00:00,212.33
2023-11-19 22:00:00,222.79
2023-11-19 23:00:00,233.82
2023-11-20 00:00:00,179.83
2023-11-20 01:00:00,138.49
2023-11-20 02:00:00,153.01
2023-11-20 03:00:00,175.13
2023-11-20 04:00:00,163.05
2023-11-20 05:00:00,173.25
2023-11-20 06:00:00,188.84
2023-11-20 07:00:00,489.19
2023-11-20 08:00:00,422.91
2023-11-20 09:00:00,780.77
2023-11-20 10:00:00,829.13
2023-11-20 11:00:00,820.66
2023-11-20 12:00:00,849.37
2023-11-20 13:00:00,877.04
2023-11-20 14:00:00,895.62
2023-11-20 15:00:00,856.27
2023-11-20 16:00:00,876.63
2023-11-20 17:00:00,842.12
2023-11-20 18:00:00,801.08
2023-11-20 19:00:00,491.95
2023-11-20 20:00:00,473.17
2023-11-20 21:00:00,154.95
2023-11-20 22:00:00,170.61
2023-11-20 23:00:00,168.21
2023-11-21 00:00:00,165.77
2023-11-21 01:00:00,196.22
2023-11-21 02:00:00,161.4
2023-11-21 03:00:00,159.95
2023-11-21 04:00:00,158.06
2023-11-21 05:00:00,142.35
2023-11-21 06:00:00,146.37
2023-11-21 07:00:00,498.64
2023-11-21 08:00:00,502.49
2023-11-21 09:00:00,796.18
2023-11-21 10:00:00,795.02
2023-11-21 11:00:00,845.07
2023-11-21 12:00:00,864.82
2023-11-21 13:00:00,885.98
2023-11-21 14:00:00,914.89
2023-11-21 15:00:00,914.05
2023-11-21 16:00:00,865.16
2023-11-21 17:00:00,820.16
2023-11-21 18:00:00,767.83
2023-11-21 19:00:00,479.97
2023-11-21 20:00:00,468.41
2023-11-21 21:00:00,183.74
2023-11-21 22:00:00,153.77
2023-11-21 23:00:00,148.31
2023-11-22 00:00:00,154.6
2023-11-22 01:00:00,120.68
2023-11-22 02:00:00,172.33
2023-11-22 03:00:00,146.92
2023-11-22 04:00:00,153.33
2023-11-22 05:00:00,168.81
2023-11-22 06:00:00,149.58
2023-11-22 07:00:00,453.28
2023-11-22 08:00:00,472.49
2023-11-22 09:00:00,800.33
2023-11-22 10:00:00,827.13
2023-11-22 11:00:00,858.47
2023-11-22 12:00:00,840.26
2023-11-22 13:00:00,893.09
2023-11-22 14:00:00,884.14
2023-11-22 15:00:00,863.56
2023-11-22 16:00:00,824.76
2023-11-22 17:00:00,867.58
2023-11-22 18:00:00,804.84
2023-11-22 19:00:00,481.97
2023-11-22 20:00:00,476.23
2023-11-22 21:00:00,160.64
2023-11-22 22:00:00,158.34
2023-11-22 23:00:00,179.25
2023-11-23 00:00:00,146.95
2023-11-23 01:00:00,155.98
2023-11-23 02:00:00,206.3
2023-11-23 03:00:00,119.51
2023-11-23 04:00:00,171.9
2023-11-23 05:00:00,160.42
2023-11-23 06:00:00,149.65
2023-11-23 07:00:00,492.05
2023-11-23 08:00:00,514.77
2023-11-23 09:00:00,827.39
2023-11-23 10:00:00,816.0
2023-11-23 11:00:00,843.7
2023-11-23 12:00:00,878.39
2023-11-23 13:00:00,910.28
2023-11-23 14:00:00,884.46
2023-11-23 15:00:00,885.42
2023-11-23 16:00:00,839.37
2023-11-23 17:00:00,825.53
2023-11-23 18:00:00,811.81
2023-11-23 19:00:00,472.09
2023-11-23 20:00:00,464.83
2023-11-23 21:00:00,154.65
2023-11-23 22:00:00,152.44
2023-11-23 23:00:00,142.38
2023-11-24 00:00:00,151.56
2023-11-24 01:00:00,146.18
2023-11-24 02:00:00,179.27
2023-11-24 03:00:00,160.6
2023-11-24 04:00:00,185.78
2023-11-24 05:00:00,136.86
2023-11-24 06:00:00,198.61
2023-11-24 07:00:00,488.69
2023-11-24 08:00:00,455.62
2023-11-24 09:00:00,804.76
2023-11-24 10:00:00,813.73
2023-11-24 11:00:00,852.15
2023-11-24 12:00:00,848.04
2023-11-24 13:00:00,923.58
2023-11-24 14:00:00,866.46
2023-11-24 15:00:00,893.45
2023-11-24 16:00:00,865.94
2023-11-24 17:00:00,809.82
2023-11-24 18:00:00,799.94
2023-11-24 19:00:00,490.58
2023-11-24 20:00:00,508.47
2023-11-24 21:00:00,176.37
2023-11-24 22:00:00,123.72
2023-11-24 23:00:00,159.7
2023-11-25 00:00:00,225.6
2023-11-25 01:00:00,244.4
2023-11-25 02:00:00,200.34
2023-11-25 03:00:00,257.29
2023-11-25 04:00:00,261.54
2023-11-25 05:00:00,218.55
2023-11-25 06:00:00,216.76
2023-11-25 07:00:00,201.83
2023-11-25 08:00:00,237.46
2023-11-25 09:00:00,191.69
2023-11-25 10:00:00,257.28
2023-11-25 11:00:00,204.51
2023-11-25 12:00:00,235.16
2023-11-25 13:00:00,214.11
2023-11-25 14:00:00,211.99
2023-11-25 15:00:00,217.39
2023-11-25 16:00:00,256.5
2023-11-25 17:00:00,204.76
2023-11-25 18:00:00,254.97
2023-11-25 19:00:00,258.64
2023-11-25 20:00:00,230.45
2023-11-25 21:00:00,243.02
2023-11-25 22:00:00,240.27
2023-11-25 23:00:00,250.99
2023-11-26 00:00:00,238.23
2023-11-26 01:00:00,253.65
2023-11-26 02:00:00,237.04
2023-11-26 03:00:00,272.26
2023-11-26 04:00:00,260.87
2023-11-26 05:00:00,195.33
2023-11-26 06:00:00,257.83
2023-11-26 07:00:00,244.1
2023-11-26 08:00:00,228.43
2023-11-26 09:00:00,221.87
2023-11-26 10:00:00,206.14
2023-11-26 11:00:00,253.27
2023-11-26 12:00:00,240.73
2023-11-26 13:00:00,286.15
2023-11-26 14:00:00,249.13
2023-11-26 15:00:00,221.13
2023-11-26 16:00:00,248.35
2023-11-26 17:00:00,268.6
2023-11-26 18:00:00,228.42
2023-11-26 19:00:00,239.3
2023-11-26 20:00:00,243.08
2023-11-26 21:00:00,261.3
2023-11-26 22:00:00,268.03
2023-11-26 23:00:00,249.85
2023-11-27 00:00:00,197.51
2023-11-27 01:00:00,168.33
2023-11-27 02:00:00,144.26
2023-11-27 03:00:00,162.41
2023-11-27 04:00:00,171.35
2023-11-27 05:00:00,120.02
2023-11-27 06:00:00,178.67
2023-11-27 07:00:00,475.85
2023-11-27 08:00:00,472.72
2023-11-27 09:00:00,808.98
2023-11-27 10:00:00,854.03
2023-11-27 11:00:00,822.78
2023-11-27 12:00:00,878.35
2023-11-27 13:00:00,886.82
2023-11-27 14:00:00,862.41
2023-11-27 15:00:00,859.4
2023-11-27 16:00:00,834.14
2023-11-27 17:00:00,806.31
2023-11-27 18:00:00,806.08
2023-11-27 19:00:00,460.34
2023-11-27 20:00:00,491.67
2023-11-27 21:00:00,163.86
2023-11-27 22:00:00,185.75
2023-11-27 23:00:00,121.89
2023-11-28 00:00:00,172.23
2023-11-28 01:00:00,115.48
2023-11-28 02:00:00,181.08
2023-11-28 03:00:00,185.34
2023-11-28 04:00:00,188.47
2023-11-28 05:00:00,165.26
2023-11-28 06:00:00,146.96
2023-11-28 07:00:00,467.74
2023-11-28 08:00:00,482.68
2023-11-28 09:00:00,799.66
2023-11-28 10:00:00,815.29
2023-11-28 11:00:00,847.53
2023-11-28 12:00:00,885.39
2023-11-28 13:00:00,890.8
2023-11-28 14:00:00,866.08
2023-11-28 15:00:00,876.51
2023-11-28 16:00:00,841.41
2023-11-28 17:00:00,796.51
2023-11-28 18:00:00,765.09
2023-11-28 19:00:00,466.02
2023-11-28 20:00:00,503.41
2023-11-28 21:00:00,166.07
2023-11-28 22:00:00,149.55
2023-11-28 23:00:00,134.13
2023-11-29 00:00:00,140.64
2023-11-29 01:00:00,201.86
2023-11-29 02:00:00,158.04
2023-11-29 03:00:00,140.71
2023-11-29 04:00:00,166.01
2023-11-29 05:00:00,170.25
2023-11-29 06:00:00,127.99
2023-11-29 07:00:00,456.22
2023-11-29 08:00:00,482.22
2023-11-29 09:00:00,798.19
2023-11-29 10:00:00,803.51
2023-11-29 11:00:00,867.36
2023-11-29 12:00:00,833.98
2023-11-29 13:00:00,888.15
2023-11-29 14:00:00,891.52
2023-11-29 15:00:00,857.42
2023-11-29 16:00:00,860.84
2023-11-29 17:00:00,818.9
2023-11-29 18:00:00,816.6
2023-11-29 19:00:00,487.21
2023-11-29 20:00:00,516.91
2023-11-29 21:00:00,125.78
2023-11-29 22:00:00,152.19
2023-11-29 23:00:00,159.55
2023-11-30 00:00:00,178.64
2023-11-30 01:00:00,130.79
2023-11-30 02:00:00,154.58
2023-11-30 03:00:00,111.56
2023-11-30 04:00:00,131.16
2023-11-30 05:00:00,182.9
2023-11-30 06:00:00,136.66
2023-11-30 07:00:00,471.38
2023-11-30 08:00:00,488.35
2023-11-30 09:00:00,772.79
2023-11-30 10:00:00,839.5
2023-11-30 11:00:00,877.55
2023-11-30 12:00:00,872.58
2023-11-30 13:00:00,899.47
2023-11-30 14:00:00,891.51
2023-11-30 15:00:00,892.5
2023-11-30 16:00:00,882.26
2023-11-30 17:00:00,849.79
2023-11-30 18:00:00,798.35
2023-11-30 19:00:00,459.98
2023-11-30 20:00:00,432.6
2023-11-30 21:00:00,143.91
2023-11-30 22:00:00,162.92
2023-11-30 23:00:00,143.75
2023-12-01 00:00:00,122.96
2023-12-01 01:00:00,163.21
2023-12-01 02:00:00,143.89
2023-12-01 03:00:00,171.23
2023-12-01 04:00:00,171.92
2023-12-01 05:00:00,176.35
2023-12-01 06:00:00,139.69
2023-12-01 07:00:00,461.99
2023-12-01 08:00:00,480.23
2023-12-01 09:00:00,760.58
2023-12-01 10:00:00,827.17
2023-12-01 11:00:00,881.68
2023-12-01 12:00:00,882.76
2023-12-01 13:00:00,883.24
2023-12-01 14:00:00,877.18
2023-12-01 15:00:00,854.59
2023-12-01 16:00:00,915.53
2023-12-01 17:00:00,831.54
2023-12-01 18:00:00,800.29
2023-12-01 19:00:00,484.3
2023-12-01 20:00:00,482.07
2023-12-01 21:00:00,164.35
2023-12-01 22:00:00,151.68
2023-12-01 23:00:00,150.71
2023-12-02 00:00:00,251.37
2023-12-02 01:00:00,253.01
2023-12-02 02:00:00,235.02
2023-12-02 03:00:00,254.26
2023-12-02 04:00:00,242.31
2023-12-02 05:00:00,243.09
2023-12-02 06:00:00,240.7
2023-12-02 07:00:00,221.35
2023-12-02 08:00:00,217.77
2023-12-02 09:00:00,222.11
2023-12-02 10:00:00,216.44
2023-12-02 11:00:00,192.17
2023-12-02 12:00:00,238.53
2023-12-02 13:00:00,235.84
2023-12-02 14:00:00,217.81
2023-12-02 15:00:00,245.56
2023-12-02 16:00:00,224.74
2023-12-02 17:00:00,232.85
2023-12-02 18:00:00,270.35
2023-12-02 19:00:00,258.67
2023-12-02 20:00:00,245.64
2023-12-02 21:00:00,248.55
2023-12-02 22:00:00,252.44
2023-12-02 23:00:00,250.2
2023-12-03 00:00:00,220.53
2023-12-03 01:00:00,233.41
2023-12-03 02:00:00,180.21
2023-12-03 03:00:00,241.68
2023-12-03 04:00:00,258.28
2023-12-03 05:00:00,258.25
2023-12-03 06:00:00,218.98
2023-12-03 07:00:00,230.28
2023-12-03 08:00:00,233.85
2023-12-03 09:00:00,211.47
2023-12-03 10:00:00,244.1
2023-12-03 11:00:00,209.8
2023-12-03 12:00:00,273.23
2023-12-03 13:00:00,254.36
2023-12-03 14:00:00,286.86
2023-12-03 15:00:00,253.41
2023-12-03 16:00:00,201.99
2023-12-03 17:00:00,259.72
2023-12-03 18:00:00,221.8
2023-12-03 19:00:00,256.93
2023-12-03 20:00:00,226.84
2023-12-03 21:00:00,241.73
2023-12-03 22:00:00,237.72
2023-12-03 23:00:00,236.59
2023-12-04 00:00:00,166.24
2023-12-04 01:00:00,166.94
2023-12-04 02:00:00,169.23
2023-12-04 03:00:00,159.11
2023-12-04 04:00:00,159.74
2023-12-04 05:00:00,172.2
2023-12-04 06:00:00,179.94
2023-12-04 07:00:00,473.76
2023-12-04 08:00:00,473.33
2023-12-04 09:00:00,787.33
2023-12-04 10:00:00,842.67
2023-12-04 11:00:00,847.28
2023-12-04 12:00:00,872.48
2023-12-04 13:00:00,885.57
2023-12-04 14:00:00,885.5
2023-12-04 15:00:00,908.88
2023-12-04 16:00:00,850.81
2023-12-04 17:00:00,859.39
2023-12-04 18:00:00,746.65
2023-12-04 19:00:00,489.25
2023-12-04 20:00:00,493.21
2023-12-04 21:00:00,181.37
2023-12-04 22:00:00,139.88
2023-12-04 23:00:00,194.78
2023-12-05 00:00:00,174.06
2023-12-05 01:00:00,143.69
2023-12-05 02:00:00,119.85
2023-12-05 03:00:00,131.28
2023-12-05 04:00:00,184.76
2023-12-05 05:00:00,164.32
2023-12-05 06:00:00,180.07
2023-12-05 07:00:00,454.21
2023-12-05 08:00:00,507.64
2023-12-05 09:00:00,819.1
2023-12-05 10:00:00,842.7
2023-12-05 11:00:00,859.27
2023-12-05 12:00:00,876.52
2023-12-05 13:00:00,888.73
2023-12-05 14:00:00,910.42
2023-12-05 15:00:00,854.03
2023-12-05 16:00:00,851.79
2023-12-05 17:00:00,875.02
2023-12-05 18:00:00,826.17
2023-12-05 19:00:00,463.65
2023-12-05 20:00:00,471.66
2023-12-05 21:00:00,189.97
2023-12-05 22:00:00,147.56
2023-12-05 23:00:00,143.28
2023-12-06 00:00:00,156.74
2023-12-06 01:00:00,165.4
2023-12-06 02:00:00,150.93
2023-12-06 03:00:00,154.71
2023-12-06 04:00:00,161.93
2023-12-06 05:00:00,154.9
2023-12-06 06:00:00,187.95
2023-12-06 07:00:00,474.04
2023-12-06 08:00:00,498.33
2023-12-06 09:00:00,820.3
2023-12-06 10:00:00,804.88
2023-12-06 11:00:00,845.18
2023-12-06 12:00:00,882.77
2023-12-06 13:00:00,900.02
2023-12-06 14:00:00,921.81
2023-12-06 15:00:00,888.65
2023-12-06 16:00:00,869.98
2023-12-06 17:00:00,798.2
2023-12-06 18:00:00,821.03
2023-12-06 19:00:00,477.19
2023-12-06 20:00:00,459.59
2023-12-06 21:00:00,159.29
2023-12-06 22:00:00,143.21
2023-12-06 23:00:00,186.58
2023-12-07 00:00:00,149.27
2023-12-07 01:00:00,137.29
2023-12-07 02:00:00,159.23
2023-12-07 03:00:00,155.98
2023-12-07 04:00:00,172.07
2023-12-07 05:00:00,141.15
2023-12-07 06:00:00,179.4
2023-12-07 07:00:00,493.4
2023-12-07 08:00:00,479.38
2023-12-07 09:00:00,814.87
2023-12-07 10:00:00,839.33
2023-12-07 11:00:00,875.34
2023-12-07 12:00:00,891.56
2023-12-07 13:00:00,914.05
2023-12-07 14:00:00,880.93
2023-12-07 15:00:00,872.63
2023-12-07 16:00:00,855.02
2023-12-07 17:00:00,813.82
2023-12-07 18:00:00,799.51
2023-12-07 19:00:00,425.64
2023-12-07 20:00:00,464.8
2023-12-07 21:00:00,132.32
2023-12-07 22:00:00,140.65
2023-12-07 23:00:00,161.57
2023-12-08 00:00:00,160.84
2023-12-08 01:00:00,142.72
2023-12-08 02:00:00,177.03
2023-12-08 03:00:00,138.14
2023-12-08 04:00:00,219.51
2023-12-08 05:00:00,146.81
2023-12-08 06:00:00,172.89
2023-12-08 07:00:00,522.45
2023-12-08 08:00:00,467.5
2023-12-08 09:00:00,786.13
2023-12-08 10:00:00,783.9
2023-12-08 11:00:00,873.09
2023-12-08 12:00:00,924.16
2023-12-08 13:00:00,880.56
2023-12-08 14:00:00,885.24
2023-12-08 15:00:00,861.41
2023-12-08 16:00:00,833.97
2023-12-08 17:00:00,826.96
2023-12-08 18:00:00,778.54
2023-12-08 19:00:00,492.54
2023-12-08 20:00:00,475.48
2023-12-08 21:00:00,188.94
2023-12-08 22:00:00,163.31
2023-12-08 23:00:00,169.06
2023-12-09 00:00:00,211.72
2023-12-09 01:00:00,260.11
2023-12-09 02:00:00,211.99
2023-12-09 03:00:00,257.37
2023-12-09 04:00:00,253.94
2023-12-09 05:00:00,229.65
2023-12-09 06:00:00,243.43
2023-12-09 07:00:00,225.14
2023-12-09 08:00:00,266.44
2023-12-09 09:00:00,265.91
2023-12-09 10:00:00,268.81
2023-12-09 11:00:00,252.9
2023-12-09 12:00:00,229.62
2023-12-09 13:00:00,192.07
2023-12-09 14:00:00,234.89
2023-12-09 15:00:00,224.24
2023-12-09 16:00:00,200.88
2023-12-09 17:00:00,255.73
2023-12-09 18:00:00,244.32
2023-12-09 19:00:00,226.09
2023-12-09 20:00:00,225.23
2023-12-09 21:00:00,244.51
2023-12-09 22:00:00,240.07
2023-12-09 23:00:00,252.02
2023-12-10 00:00:00,243.74
2023-12-10 01:00:00,207.62
2023-12-10 02:00:00,248.93
2023-12-10 03:00:00,228.28
2023-12-10 04:00:00,229.01
2023-12-10 05:00:00,251.89
2023-12-10 06:00:00,235.58
2023-12-10 07:00:00,241.63
2023-12-10 08:00:00,240.64
2023-12-10 09:00:00,258.84
2023-12-10 10:00:00,251.08
2023-12-10 11:00:00,252.66
2023-12-10 12:00:00,226.14
2023-12-10 13:00:00,259.39
2023-12-10 14:00:00,256.23
2023-12-10 15:00:00,247.88
2023-12-10 16:00:00,216.82
2023-12-10 17:00:00,222.84
2023-12-10 18:00:00,217.68
2023-12-10 19:00:00,261.24
2023-12-10 20:00:00,252.02
2023-12-10 21:00:00,245.97
2023-12-10 22:00:00,219.84
2023-12-10 23:00:00,283.25
2023-12-11 00:00:00,167.69
2023-12-11 01:00:00,143.16
2023-12-11 02:00:00,158.47
2023-12-11 03:00:00,168.39
2023-12-11 04:00:00,140.28
2023-12-11 05:00:00,124.2
2023-12-11 06:00:00,146.93
2023-12-11 07:00:00,465.23
2023-12-11 08:00:00,487.19
2023-12-11 09:00:00,788.64
2023-12-11 10:00:00,841.67
2023-12-11 11:00:00,857.62
2023-12-11 12:00:00,888.81
2023-12-11 13:00:00,880.93
2023-12-11 14:00:00,890.73
2023-12-11 15:00:00,886.31
2023-12-11 16:00:00,876.4
2023-12-11 17:00:00,838.92
2023-12-11 18:00:00,813.28
2023-12-11 19:00:00,482.3
2023-12-11 20:00:00,519.98
2023-12-11 21:00:00,195.35
2023-12-11 22:00:00,152.73
2023-12-11 23:00:00,161.5
2023-12-12 00:00:00,147.39
2023-12-12 01:00:00,159.95
2023-12-12 02:00:00,162.56
2023-12-12 03:00:00,147.87
2023-12-12 04:00:00,155.66
2023-12-12 05:00:00,177.41
2023-12-12 06:00:00,151.85
2023-12-12 07:00:00,538.9
2023-12-12 08:00:00,474.07
2023-12-12 09:00:00,797.62
2023-12-12 10:00:00,824.11
2023-12-12 11:00:00,862.06
2023-12-12 12:00:00,898.05
2023-12-12 13:00:00,868.88
2023-12-12 14:00:00,884.12
2023-12-12 15:00:00,870.38
2023-12-12 16:00:00,839.59
2023-12-12 17:00:00,829.69
2023-12-12 18:00:00,787.0
2023-12-12 19:00:00,463.67
2023-12-12 20:00:00,504.66
2023-12-12 21:00:00,116.82
2023-12-12 22:00:00,147.74
2023-12-12 23:00:00,131.78
2023-12-13 00:00:00,147.61
2023-12-13 01:00:00,155.48
2023-12-13 02:00:00,174.33
2023-12-13 03:00:00,148.72
2023-12-13 04:00:00,154.59
2023-12-13 05:00:00,142.27
2023-12-13 06:00:00,179.37
2023-12-13 07:00:00,444.32
2023-12-13 08:00:00,482.2
2023-12-13 09:00:00,836.87
2023-12-13 10:00:00,885.13
2023-12-13 11:00:00,841.65
2023-12-13 12:00:00,876.09
2023-12-13 13:00:00,840.54
2023-12-13 14:00:00,886.6
2023-12-13 15:00:00,887.47
2023-12-13 16:00:00,840.61
2023-12-13 17:00:00,797.84
2023-12-13 18:00:00,795.72
2023-12-13 19:00:00,489.08
2023-12-13 20:00:00,465.15
2023-12-13 21:00:00,155.1
2023-12-13 22:00:00,146.28
2023-12-13 23:00:00,186.81
2023-12-14 00:00:00,176.4
2023-12-14 01:00:00,203.6
2023-12-14 02:00:00,146.65
2023-12-14 03:00:00,137.9
2023-12-14 04:00:00,176.15
2023-12-14 05:00:00,119.45
2023-12-14 06:00:00,162.14
2023-12-14 07:00:00,453.65
2023-12-14 08:00:00,455.0
2023-12-14 09:00:00,805.53
2023-12-14 10:00:00,799.91
2023-12-14 11:00:00,847.65
2023-12-14 12:00:00,868.05
2023-12-14 13:00:00,864.63
2023-12-14 14:00:00,879.4
2023-12-14 15:00:00,881.31
2023-12-14 16:00:00,847.16
2023-12-14 17:00:00,811.72
2023-12-14 18:00:00,782.48
2023-12-14 19:00:00,473.81
2023-12-14 20:00:00,472.98
2023-12-14 21:00:00,144.24
2023-12-14 22:00:00,173.75
2023-12-14 23:00:00,172.7
2023-12-15 00:00:00,180.37
2023-12-15 01:00:00,154.73
2023-12-15 02:00:00,142.16
2023-12-15 03:00:00,157.46
2023-12-15 04:00:00,156.05
2023-12-15 05:00:00,160.77
2023-12-15 06:00:00,191.19
2023-12-15 07:00:00,496.89
2023-12-15 08:00:00,493.15
2023-12-15 09:00:00,794.42
2023-12-15 10:00:00,890.89
2023-12-15 11:00:00,864.35
2023-12-15 12:00:00,888.77
2023-12-15 13:00:00,941.29
2023-12-15 14:00:00,905.88
2023-12-15 15:00:00,874.38
2023-12-15 16:00:00,866.72
2023-12-15 17:00:00,838.99
2023-12-15 18:00:00,810.5
2023-12-15 19:00:00,489.57
2023-12-15 20:00:00,481.31
2023-12-15 21:00:00,167.12
2023-12-15 22:00:00,206.92
2023-12-15 23:00:00,157.87
2023-12-16 00:00:00,247.62
2023-12-16 01:00:00,194.03
2023-12-16 02:00:00,198.64
2023-12-16 03:00:00,263.99
2023-12-16 04:00:00,204.6
2023-12-16 05:00:00,271.46
2023-12-16 06:00:00,256.22
2023-12-16 07:00:00,221.7
2023-12-16 08:00:00,224.39
2023-12-16 09:00:00,225.17
2023-12-16 10:00:00,202.64
2023-12-16 11:00:00,224.63
2023-12-16 12:00:00,244.06
2023-12-16 13:00:00,241.19
2023-12-16 14:00:00,243.79
2023-12-16 15:00:00,223.16
2023-12-16 16:00:00,244.43
2023-12-16 17:00:00,253.2
2023-12-16 18:00:00,254.35
2023-12-16 19:00:00,219.09
2023-12-16 20:00:00,223.56
2023-12-16 21:00:00,258.24
2023-12-16 22:00:00,216.29
2023-12-16 23:00:00,246.99
2023-12-17 00:00:00,258.82
2023-12-17 01:00:00,255.76
2023-12-17 02:00:00,258.67
2023-12-17 03:00:00,223.97
2023-12-17 04:00:00,267.73
2023-12-17 05:00:00,214.89
2023-12-17 06:00:00,217.51
2023-12-17 07:00:00,246.75
2023-12-17 08:00:00,263.36
2023-12-17 09:00:00,237.12
2023-12-17 10:00:00,246.07
2023-12-17 11:00:00,206.87
2023-12-17 12:00:00,216.29
2023-12-17 13:00:00,268.93
2023-12-17 14:00:00,195.81
2023-12-17 15:00:00,249.18
2023-12-17 16:00:00,261.26
2023-12-17 17:00:00,216.71
2023-12-17 18:00:00,260.5
2023-12-17 19:00:00,247.81
2023-12-17 20:00:00,256.18
2023-12-17 21:00:00,218.2
2023-12-17 22:00:00,235.5
2023-12-17 23:00:00,256.4
2023-12-18 00:00:00,151.53
2023-12-18 01:00:00,147.44
2023-12-18 02:00:00,168.01
2023-12-18 03:00:00,151.18
2023-12-18 04:00:00,140.23
2023-12-18 05:00:00,159.69
2023-12-18 06:00:00,180.09
2023-12-18 07:00:00,478.08
2023-12-18 08:00:00,504.76
2023-12-18 09:00:00,809.52
2023-12-18 10:00:00,819.73
2023-12-18 11:00:00,887.72
2023-12-18 12:00:00,859.27
2023-12-18 13:00:00,884.44
2023-12-18 14:00:00,873.06
2023-12-18 15:00:00,879.22
2023-12-18 16:00:00,867.16
2023-12-18 17:00:00,813.9
2023-12-18 18:00:00,820.63
2023-12-18 19:00:00,469.79
2023-12-18 20:00:00,523.28
2023-12-18 21:00:00,127.55
2023-12-18 22:00:00,132.03
2023-12-18 23:00:00,159.32
2023-12-19 00:00:00,152.66
2023-12-19 01:00:00,179.4
2023-12-19 02:00:00,148.38
2023-12-19 03:00:00,155.29
2023-12-19 04:00:00,191.99
2023-12-19 05:00:00,150.01
2023-12-19 06:00:00,176.02
2023-12-19 07:00:00,463.76
2023-12-19 08:00:00,478.49
2023-12-19 09:00:00,807.85
2023-12-19 10:00:00,798.7
2023-12-19 11:00:00,829.17
2023-12-19 12:00:00,849.49
2023-12-19 13:00:00,868.5
2023-12-19 14:00:00,911.59
2023-12-19 15:00:00,887.13
2023-12-19 16:00:00,832.07
2023-12-19 17:00:00,818.05
2023-12-19 18:00:00,784.24
2023-12-19 19:00:00,475.26
2023-12-19 20:00:00,509.67
2023-12-19 21:00:00,151.17
2023-12-19 22:00:00,170.7
2023-12-19 23:00:00,155.65
2023-12-20 00:00:00,156.9
2023-12-20 01:00:00,176.41
2023-12-20 02:00:00,127.29
2023-12-20 03:00:00,162.16
2023-12-20 04:00:00,148.57
2023-12-20 05:00:00,166.76
2023-12-20 06:00:00,159.21
2023-12-20 07:00:00,485.92
2023-12-20 08:00:00,487.78
2023-12-20 09:00:00,764.62
2023-12-20 10:00:00,798.86
2023-12-20 11:00:00,825.75
2023-12-20 12:00:00,895.88
2023-12-20 13:00:00,888.58
2023-12-20 14:00:00,882.99
2023-12-20 15:00:00,869.69
2023-12-20 16:00:00,856.64
2023-12-20 17:00:00,807.18
2023-12-20 18:00:00,802.16
2023-12-20 19:00:00,483.31
2023-12-20 20:00:00,472.41
2023-12-20 21:00:00,167.53
2023-12-20 22:00:00,158.94
2023-12-20 23:00:00,135.0
2023-12-21 00:00:00,174.86
2023-12-21 01:00:00,182.66
2023-12-21 02:00:00,174.69
2023-12-21 03:00:00,159.27
2023-12-21 04:00:00,214.19
2023-12-21 05:00:00,184.64
2023-12-21 06:00:00,151.73
2023-12-21 07:00:00,506.25
2023-12-21 08:00:00,470.58
2023-12-21 09:00:00,776.69
2023-12-21 10:00:00,806.55
2023-12-21 11:00:00,792.42
2023-12-21 12:00:00,850.0
2023-12-21 13:00:00,840.7
2023-12-21 14:00:00,880.3
2023-12-21 15:00:00,843.76
2023-12-21 16:00:00,835.71
2023-12-21 17:00:00,818.73
2023-12-21 18:00:00,808.94
2023-12-21 19:00:00,478.96
2023-12-21 20:00:00,487.87
2023-12-21 21:00:00,139.25
2023-12-21 22:00:00,159.0
2023-12-21 23:00:00,137.66
2023-12-22 00:00:00,193.5
2023-12-22 01:00:00,139.62
2023-12-22 02:00:00,138.74
2023-12-22 03:00:00,133.11
2023-12-22 04:00:00,159.23
2023-12-22 05:00:00,134.77
2023-12-22 06:00:00,172.27
2023-12-22 07:00:00,472.5
2023-12-22 08:00:00,481.69
2023-12-22 09:00:00,803.95
2023-12-22 10:00:00,822.77
2023-12-22 11:00:00,839.86
2023-12-22 12:00:00,884.09
2023-12-22 13:00:00,866.8
2023-12-22 14:00:00,857.91
2023-12-22 15:00:00,879.99
2023-12-22 16:00:00,847.29
2023-12-22 17:00:00,837.16
2023-12-22 18:00:00,791.07
2023-12-22 19:00:00,499.81
2023-12-22 20:00:00,492.49
2023-12-22 21:00:00,132.03
2023-12-22 22:00:00,167.96
2023-12-22 23:00:00,177.44
2023-12-23 00:00:00,233.54
2023-12-23 01:00:00,238.28
2023-12-23 02:00:00,218.87
2023-12-23 03:00:00,235.51
2023-12-23 04:00:00,243.86
2023-12-23 05:00:00,234.97
2023-12-23 06:00:00,238.69
2023-12-23 07:00:00,226.47
2023-12-23 08:00:00,225.38
2023-12-23 09:00:00,218.01
2023-12-23 10:00:00,237.93
2023-12-23 11:00:00,230.11
2023-12-23 12:00:00,226.22
2023-12-23 13:00:00,233.25
2023-12-23 14:00:00,222.13
2023-12-23 15:00:00,264.02
2023-12-23 16:00:00,238.56
2023-12-23 17:00:00,249.66
2023-12-23 18:00:00,212.29
2023-12-23 19:00:00,251.25
2023-12-23 20:00:00,240.89
2023-12-23 21:00:00,267.9
2023-12-23 22:00:00,238.1
2023-12-23 23:00:00,221.07
2023-12-24 00:00:00,239.6
2023-12-24 01:00:00,242.08
2023-12-24 02:00:00,252.47
2023-12-24 03:00:00,241.37
2023-12-24 04:00:00,183.7
2023-12-24 05:00:00,241.72
2023-12-24 06:00:00,269.35
2023-12-24 07:00:00,219.87
2023-12-24 08:00:00,267.06
2023-12-24 09:00:00,250.43
2023-12-24 10:00:00,230.64
2023-12-24 11:00:00,224.39
2023-12-24 12:00:00,216.71
2023-12-24 13:00:00,222.98
2023-12-24 14:00:00,254.61
2023-12-24 15:00:00,255.05
2023-12-24 16:00:00,241.05
2023-12-24 17:00:00,276.21
2023-12-24 18:00:00,241.14
2023-12-24 19:00:00,231.16
2023-12-24 20:00:00,227.05
2023-12-24 21:00:00,182.59
2023-12-24 22:00:00,232.66
2023-12-24 23:00:00,241.45
2023-12-25 00:00:00,161.01
2023-12-25 01:00:00,196.73
2023-12-25 02:00:00,146.62
2023-12-25 03:00:00,198.93
2023-12-25 04:00:00,183.27
2023-12-25 05:00:00,138.23
2023-12-25 06:00:00,148.96
2023-12-25 07:00:00,468.2
2023-12-25 08:00:00,478.63
2023-12-25 09:00:00,826.2
2023-12-25 10:00:00,795.36
2023-12-25 11:00:00,849.37
2023-12-25 12:00:00,851.8
2023-12-25 13:00:00,887.69
2023-12-25 14:00:00,861.46
2023-12-25 15:00:00,871.02
2023-12-25 16:00:00,871.67
2023-12-25 17:00:00,834.68
2023-12-25 18:00:00,781.51
2023-12-25 19:00:00,478.9
2023-12-25 20:00:00,467.39
2023-12-25 21:00:00,174.14
2023-12-25 22:00:00,171.33
2023-12-25 23:00:00,145.65
2023-12-26 00:00:00,165.64
2023-12-26 01:00:00,140.79
2023-12-26 02:00:00,196.41
2023-12-26 03:00:00,108.79
2023-12-26 04:00:00,128.74
2023-12-26 05:00:00,189.92
2023-12-26 06:00:00,172.08
2023-12-26 07:00:00,460.19
2023-12-26 08:00:00,452.94
2023-12-26 09:00:00,792.74
2023-12-26 10:00:00,816.62
2023-12-26 11:00:00,807.73
2023-12-26 12:00:00,865.18
2023-12-26 13:00:00,881.42
2023-12-26 14:00:00,870.59
2023-12-26 15:00:00,889.63
2023-12-26 16:00:00,836.1
2023-12-26 17:00:00,830.34
2023-12-26 18:00:00,799.27
2023-12-26 19:00:00,493.32
2023-12-26 20:00:00,461.51
2023-12-26 21:00:00,147.16
2023-12-26 22:00:00,147.07
2023-12-26 23:00:00,144.56
2023-12-27 00:00:00,128.76
2023-12-27 01:00:00,175.71
2023-12-27 02:00:00,142.13
2023-12-27 03:00:00,169.62
2023-12-27 04:00:00,141.92
2023-12-27 05:00:00,181.43
2023-12-27 06:00:00,141.07
2023-12-27 07:00:00,464.09
2023-12-27 08:00:00,456.92
2023-12-27 09:00:00,807.46
2023-12-27 10:00:00,794.27
2023-12-27 11:00:00,860.49
2023-12-27 12:00:00,900.96
2023-12-27 13:00:00,890.2
2023-12-27 14:00:00,877.3
2023-12-27 15:00:00,876.44
2023-12-27 16:00:00,822.67
2023-12-27 17:00:00,822.6
2023-12-27 18:00:00,801.31
2023-12-27 19:00:00,504.17
2023-12-27 20:00:00,508.32
2023-12-27 21:00:00,126.31
2023-12-27 22:00:00,162.57
2023-12-27 23:00:00,178.09
2023-12-28 00:00:00,147.59
2023-12-28 01:00:00,174.83
2023-12-28 02:00:00,163.04
2023-12-28 03:00:00,174.45
2023-12-28 04:00:00,163.72
2023-12-28 05:00:00,118.63
2023-12-28 06:00:00,157.7
2023-12-28 07:00:00,457.57
2023-12-28 08:00:00,488.95
2023-12-28 09:00:00,808.84
2023-12-28 10:00:00,840.55
2023-12-28 11:00:00,863.31
2023-12-28 12:00:00,863.24
2023-12-28 13:00:00,861.59
2023-12-28 14:00:00,894.47
2023-12-28 15:00:00,899.8
2023-12-28 16:00:00,860.19
2023-12-28 17:00:00,843.13
2023-12-28 18:00:00,830.71
2023-12-28 19:00:00,487.53
2023-12-28 20:00:00,486.25
2023-12-28 21:00:00,166.91
2023-12-28 22:00:00,128.91
2023-12-28 23:00:00,195.61
2023-12-29 00:00:00,176.47
2023-12-29 01:00:00,173.55
2023-12-29 02:00:00,163.9
2023-12-29 03:00:00,133.82
2023-12-29 04:00:00,149.49
2023-12-29 05:00:00,137.85
2023-12-29 06:00:00,162.14
2023-12-29 07:00:00,469.8
2023-12-29 08:00:00,487.83
2023-12-29 09:00:00,799.31
2023-12-29 10:00:00,809.83
2023-12-29 11:00:00,826.39
2023-12-29 12:00:00,848.26
2023-12-29 13:00:00,891.72
2023-12-29 14:00:00,879.28
2023-12-29 15:00:00,873.58
2023-12-29 16:00:00,844.81
2023-12-29 17:00:00,849.67
2023-12-29 18:00:00,785.79
2023-12-29 19:00:00,481.08
2023-12-29 20:00:00,538.5
2023-12-29 21:00:00,179.87
2023-12-29 22:00:00,167.7
2023-12-29 23:00:00,147.11
2023-12-30 00:00:00,233.89
2023-12-30 01:00:00,217.54
2023-12-30 02:00:00,244.24
2023-12-30 03:00:00,220.52
2023-12-30 04:00:00,250.94
2023-12-30 05:00:00,235.29
2023-12-30 06:00:00,250.54
2023-12-30 07:00:00,179.26
2023-12-30 08:00:00,238.66
2023-12-30 09:00:00,212.28
2023-12-30 10:00:00,223.76
2023-12-30 11:00:00,227.42
2023-12-30 12:00:00,250.23
2023-12-30 13:00:00,240.81
2023-12-30 14:00:00,223.08
2023-12-30 15:00:00,250.04
2023-12-30 16:00:00,252.05
2023-12-30 17:00:00,246.82
2023-12-30 18:00:00,224.35
2023-12-30 19:00:00,244.76
2023-12-30 20:00:00,250.06
2023-12-30 21:00:00,248.81
2023-12-30 22:00:00,242.2
2023-12-30 23:00:00,239.7
2023-12-31 00:00:00,260.26
2023-12-31 01:00:00,262.86
2023-12-31 02:00:00,237.33
2023-12-31 03:00:00,256.48
2023-12-31 04:00:00,238.85
2023-12-31 05:00:00,258.86
2023-12-31 06:00:00,248.39
2023-12-31 07:00:00,254.39
2023-12-31 08:00:00,252.27
2023-12-31 09:00:00,244.51
2023-12-31 10:00:00,212.16
2023-12-31 11:00:00,249.35
2023-12-31 12:00:00,263.97
2023-12-31 13:00:00,229.49
2023-12-31 14:00:00,205.34
2023-12-31 15:00:00,267.37
2023-12-31 16:00:00,251.8
2023-12-31 17:00:00,261.16
2023-12-31 18:00:00,254.19
2023-12-31 19:00:00,245.8
2023-12-31 20:00:00,250.03
2023-12-31 21:00:00,252.62
2023-12-31 22:00:00,238.55
2023-12-31 23:00:00,203.22
